Xl_x	Xl_y	Xl_z	Vl_x	Vl_y	Vl_z
0.559842	-0.0580097	0.0454722	0.00050652	-1.87139e-05	0.000868776
0.553386	-0.300195	0.152486	0.000294147	0.000421605	0.000123498
0.553385	-0.300191	0.152481	2.42441e-05	0.00136979	-0.00131046
0.553386	-0.300198	0.152488	0.000229046	-0.00131385	0.000770959
0.553386	-0.300197	0.152488	-3.04628e-05	-0.00027613	0.000783106
0.553383	-0.300197	0.152483	-0.000838837	-4.3837e-05	-0.00127939
0.553384	-0.300198	0.15249	-0.00053688	-0.0010683	0.000974929
0.553383	-0.300195	0.152482	-0.000644278	0.000436097	-0.00144508
0.553385	-0.300195	0.152486	0.000371297	0.000590607	0.000320206
0.553382	-0.300199	0.152486	-0.000696999	-0.000923182	0.000212013
0.553383	-0.300198	0.152482	-0.000145574	-0.000273233	-0.00108823
0.553385	-0.300196	0.152486	0.000620558	0.000819405	0.000573824
0.553384	-0.300198	0.152486	0.000162829	9.23474e-05	0.000378216
0.553384	-0.300198	0.152487	0.000103471	1.38891e-05	0.000366969
0.553387	-0.300197	0.15249	0.000914412	-0.000198407	0.0014426
0.553384	-0.300196	0.152486	-0.000365199	0.000631563	-0.000693959
0.553384	-0.300197	0.152485	-0.000313142	-0.000134017	-0.000569313
0.553387	-0.300195	0.152489	0.001024	0.000833183	0.00083208
0.553384	-0.300196	0.152485	-0.000261157	0.000155451	-0.000748703
0.553386	-0.300197	0.152488	0.000261196	1.17857e-05	0.000203275
0.553387	-0.300196	0.152487	0.000421591	-6.79797e-05	7.92166e-05
0.553386	-0.300195	0.152483	0.000158615	0.000490795	-0.00114672
0.553384	-0.300198	0.152485	-0.000474515	-0.000585844	-0.000240138
0.553388	-0.300192	0.152485	0.00106529	0.00149054	0.000104907
0.553384	-0.300196	0.152484	-0.000738447	-0.000330249	-0.000344751
0.553387	-0.300194	0.152488	0.000479718	0.000136534	0.00121577
0.553384	-0.300195	0.152484	0.000202456	-0.000353211	0.0029054
0.553387	-0.300192	0.152487	0.00127827	0.000680134	0.00309673
0.553388	-0.300197	0.152492	0.00142849	-0.000772948	0.00416127
0.553384	-0.300196	0.152486	-2.86612e-05	-0.00032937	0.0011061
0.553389	-0.300192	0.152487	0.00140118	0.00111394	0.00121542
0.553388	-0.300191	0.152487	0.000274616	0.000882267	0.000364559
0.553387	-0.300195	0.152488	0.000118665	-0.000460598	0.000817294
0.553387	-0.300192	0.152486	0.000351735	0.000192324	0.000489142
0.553388	-0.300191	0.152483	0.000513851	0.000592965	-0.000473881
0.553386	-0.300195	0.152486	-0.000702326	-0.0010612	-5.37365e-05
0.553387	-0.300196	0.152487	-0.000215129	-0.00128241	0.000652929
0.553387	-0.300192	0.152483	5.80734e-05	0.000746119	-0.000665033
0.553389	-0.300193	0.152488	0.000714374	0.000372675	0.000941984
0.553388	-0.300194	0.152488	0.000253003	-0.00025885	0.000777358
0.553388	-0.30019	0.152485	0.000101515	0.000920516	-0.000621875
0.553389	-0.30019	0.152485	8.81447e-05	0.000632279	-0.000305501
0.553386	-0.300193	0.152484	-0.000969518	-0.000499193	-0.000998808
0.553386	-0.300193	0.152484	-0.000645555	-0.000324646	-0.000667121
0.553386	-0.300195	0.152489	0.000124387	-0.000845892	0.00145695
0.553386	-0.300193	0.152484	-0.000227971	3.41343e-06	-0.00099267
0.553387	-0.300192	0.152487	0.000296433	-4.9487e-05	0.000886115
0.553389	-0.30019	0.152488	0.000637234	0.000994953	0.000994028
0.553384	-0.300196	0.152481	-0.000931326	-0.000768082	-0.00196649
0.553388	-0.300189	0.152483	0.000545478	0.00151017	-0.000297263
0.553385	-0.300195	0.152482	-0.000611982	-0.00107395	-0.000529929
0.553389	-0.300191	0.152488	0.000834152	0.000758748	0.000970863
0.553388	-0.300194	0.152489	0.000240215	-0.000532989	0.00144765
0.553383	-0.300194	0.152482	-0.00136954	-0.000633039	-0.00143789
0.553385	-0.300193	0.152485	-0.000313601	1.09528e-05	0.000101441
0.553385	-0.300194	0.152484	-5.23507e-05	-4.91302e-05	-0.000174238
0.553386	-0.300195	0.152486	0.000147166	-0.000598823	0.000489945
0.553385	-0.300194	0.152484	-0.000170801	0.000210569	-0.000727015
0.553389	-0.30019	0.152486	0.00109378	0.0015295	5.52745e-05
0.553384	-0.300196	0.152486	-0.000451562	-0.000950379	0.000634325
0.553389	-0.300193	0.152487	0.000926324	0.000239399	0.000858065
0.553388	-0.300192	0.152485	8.49601e-05	0.000255017	-0.000217324
0.553387	-0.300197	0.152492	-0.000167873	-0.00134954	0.0016463
0.553387	-0.300192	0.152488	0.000121678	0.000670804	8.54017e-05
0.553385	-0.300191	0.152481	-0.000756664	0.000593448	-0.00186112
0.553389	-0.300192	0.152486	0.000530679	0.000152461	-0.000266073
0.553388	-0.30019	0.152485	0.000458928	0.0006821	5.6797e-06
0.553386	-0.30019	0.152483	-0.000328514	6.98621e-06	-0.000322996
0.55339	-0.30019	0.152488	0.000885769	0.000316548	0.000866028
0.553386	-0.300193	0.152485	-0.000547248	-0.00012178	-0.000522688
0.553385	-0.300194	0.152483	-0.000904584	-0.00102646	-0.000529881
0.553388	-0.30019	0.152484	0.000466564	0.000687144	-0.000119942
0.553389	-0.300188	0.152482	0.000600672	0.000928186	-0.000806194
0.553387	-0.300191	0.152484	-0.000635208	-0.000758863	0.000176039
0.553388	-0.300191	0.152485	8.44611e-05	-4.29307e-05	7.21479e-05
0.55339	-0.300189	0.152488	0.00073919	0.00089922	0.000656112
0.553391	-0.300188	0.152488	0.000901194	0.000532051	0.000908147
0.553387	-0.300188	0.152479	-0.000696665	0.000629218	-0.00215033
0.553384	-0.300193	0.152482	-0.00128206	-0.00109348	-0.00044179
0.553392	-0.300188	0.152489	0.0014782	0.000527183	0.0021375
0.55339	-0.30019	0.152486	0.000466931	-9.11877e-05	0.000401817
0.553387	-0.300189	0.152481	-0.000467984	0.000547504	-0.0012157
0.553386	-0.300192	0.152484	-0.000712626	-0.000609068	-0.000408941
0.553389	-0.300189	0.152486	0.000123017	-5.06848e-05	0.000127662
0.55339	-0.300188	0.152488	0.000585239	0.00059797	0.00131092
0.553389	-0.300192	0.152486	0.000183182	-0.000727265	0.0004156
0.553387	-0.300191	0.152484	-0.000739105	-0.000333403	-0.000867663
0.553389	-0.300188	0.152483	0.000316156	0.000692642	-0.000513564
0.553389	-0.300187	0.152484	0.000282779	0.00102957	-0.000182338
0.553386	-0.300192	0.152484	-0.000594854	-0.000847634	1.806e-05
0.553389	-0.300187	0.152485	0.000746095	0.00143289	0.000259845
0.553389	-0.300187	0.152485	0.000304022	0.000477546	0.000327203
0.553389	-0.300189	0.152483	-6.83771e-05	-0.000248341	-0.00050632
0.553389	-0.300186	0.152482	0.000232994	0.000347996	-0.000337546
0.55339	-0.300187	0.152485	0.000723696	0.000145434	0.000649397
0.553391	-0.300187	0.152489	0.000481038	0.000147211	0.00129943
0.553391	-0.300186	0.152487	0.000380983	0.000618803	0.00018527
0.55339	-0.300191	0.152488	-0.000206483	-0.00120822	0.000571233
0.553388	-0.300189	0.152485	-0.0006426	-0.000152677	-0.000533301
0.553392	-0.300186	0.152486	0.000622233	0.000800821	-0.000382972
0.553388	-0.300188	0.152485	-0.000720207	-0.00032053	-0.000617857
0.553392	-0.300185	0.152484	0.000557948	0.000658927	-0.000396572
0.553391	-0.300186	0.152485	5.03111e-05	2.40376e-05	0.000211489
0.553386	-0.300189	0.152483	-0.00124236	-0.000870485	-0.000426882
0.553388	-0.300187	0.15248	-0.000584459	-0.000101046	-0.00124913
0.553389	-0.300188	0.152483	-1.08258e-05	-0.000137767	-0.000386812
0.553391	-0.300186	0.152487	0.00067454	0.000869702	0.0012253
0.553392	-0.300185	0.152485	0.000944573	0.000506242	0.000570748
0.553389	-0.300188	0.152487	-0.000391619	-0.000545598	0.000424069
0.553387	-0.300188	0.152483	-0.000865	-0.000285508	-0.000754216
0.553389	-0.300187	0.152484	-0.000201241	-0.000278699	-5.07611e-05
0.553388	-0.300188	0.152482	-0.000283772	-0.000157698	-0.000529329
0.553389	-0.300187	0.152482	0.000197689	0.000330207	-0.000723247
0.553388	-0.300187	0.152483	-0.00027447	-0.000200925	-0.000232735
0.553389	-0.300186	0.152483	0.000148121	0.000377978	-1.12043e-05
0.55339	-0.300188	0.152482	0.000313938	-0.000402624	-2.62483e-05
0.553388	-0.300191	0.152484	-0.000240159	-0.000727646	0.000309378
0.553391	-0.300185	0.152484	0.000783071	0.00103807	0.000465991
0.55339	-0.300184	0.152483	0.000685675	0.00117506	0.00012756
0.553388	-0.300189	0.152487	-0.000264945	-0.000684776	0.00113897
0.553389	-0.300189	0.152485	-0.000499098	-0.000954106	-0.000336433
0.553391	-0.300184	0.152486	0.000714378	0.000816353	0.000550694
0.55339	-0.300185	0.152485	0.000120222	0.000618314	3.60086e-05
0.553388	-0.300187	0.152483	-0.000491184	-5.58137e-05	-0.000898055
0.553387	-0.300192	0.152485	-0.000638322	-0.00168605	0.000344503
0.553389	-0.300189	0.152486	0.00029724	-9.41322e-05	0.000762399
0.553386	-0.300187	0.152479	-0.000769013	0.000639653	-0.00186753
0.553388	-0.300187	0.152482	0.000101163	0.000382008	-0.000312897
0.55339	-0.300186	0.152484	0.000792914	0.000635288	0.000581418
0.553392	-0.300183	0.152483	0.000634796	0.000961507	-0.0002227
0.553389	-0.300187	0.152483	-0.000402955	-0.000364021	-2.75807e-05
0.553391	-0.300186	0.152483	0.000242847	-0.000318447	-0.000209933
0.553389	-0.300187	0.152482	-0.000502459	-0.000646469	-0.000500203
0.553387	-0.300189	0.152486	-0.000791949	-0.000837056	0.000717857
0.553386	-0.300187	0.152479	-0.000838015	5.56406e-05	-0.0016045
0.55339	-0.300189	0.152488	0.000515651	-0.000709823	0.00181094
0.55339	-0.300188	0.152485	0.000610632	-6.80819e-06	0.000366239
0.553386	-0.30019	0.152482	-0.00061654	-0.000390854	-0.000436766
0.553388	-0.300189	0.152483	-0.000343088	-0.000314836	4.85611e-05
0.55339	-0.300186	0.152483	0.000649805	0.000801783	5.11079e-05
0.553389	-0.300185	0.152483	-0.000162827	0.000666754	-0.000168697
0.553387	-0.30019	0.152482	-0.000425716	-0.000640761	-0.000240814
0.553391	-0.300189	0.152486	0.000885592	-6.2087e-05	0.00100899
0.553387	-0.300192	0.152486	-0.000801556	-0.00147317	0.000652279
0.553391	-0.300186	0.152484	0.00051586	0.00101832	-0.000545818
0.553386	-0.300193	0.152485	-0.000839267	-0.00128687	9.40857e-05
0.553391	-0.300189	0.152488	0.000842504	-5.36485e-06	0.00124334
0.553388	-0.300187	0.152481	-0.000424737	0.000704829	-0.00166351
0.553389	-0.300186	0.152483	0.000213718	0.000976333	-0.000427993
0.553389	-0.30019	0.152486	0.000413859	-0.000565134	0.000849381
0.553387	-0.300192	0.152484	-0.000629534	-0.000706301	5.79888e-05
0.553388	-0.300192	0.152487	-0.000209308	-0.00109318	0.000892488
0.553389	-0.30019	0.152485	0.000179553	-0.000247459	-0.000110774
0.553388	-0.300187	0.152481	0.000119828	0.00149174	-0.00111892
0.55339	-0.300189	0.152484	0.000339241	-0.000150936	0.000186861
0.553387	-0.30019	0.152483	-0.000486052	5.58135e-05	-0.000541997
0.553387	-0.300191	0.152485	-0.000400783	-0.000489524	0.000269444
0.553387	-0.300192	0.152482	-0.00050542	-0.000863854	-0.000530468
0.553386	-0.300188	0.15248	-0.000606358	0.000544007	-0.00118598
0.553386	-0.300189	0.152481	9.49426e-05	0.000271157	-3.29674e-05
0.553383	-0.300192	0.152477	-0.000598558	-0.000236152	-0.00147605
0.553389	-0.300191	0.152486	0.00118705	0.000107115	0.00167126
0.55339	-0.300191	0.152487	0.000927982	3.81376e-05	0.00163945
0.553386	-0.30019	0.152479	-0.000774209	0.000246861	-0.00172064
0.553388	-0.300189	0.152485	0.000520395	3.37713e-05	0.00132672
0.553389	-0.300187	0.152484	0.000374239	0.000522255	0.000184779
0.553383	-0.300189	0.152474	-0.00199293	-0.000292035	-0.00320535
0.553387	-0.300191	0.152483	0.000118085	-0.00100136	0.00112071
0.553385	-0.300191	0.152482	-0.000633193	-0.000527679	8.92351e-05
0.553389	-0.300188	0.152482	0.00117821	0.000937898	0.000217855
0.553387	-0.300189	0.152484	0.00143552	5.92714e-05	0.00478876
0.553384	-0.300193	0.152479	-7.21531e-05	-0.000896236	0.00153259
0.553388	-0.30019	0.152485	0.00158083	0.000757058	0.00298795
0.553388	-0.300191	0.152486	0.000664151	-0.000482318	0.00233985
0.553386	-0.300192	0.152484	7.3953e-05	-0.000259362	0.00121924
0.553388	-0.300187	0.152484	0.000446335	0.000894043	0.00112933
0.553388	-0.300184	0.152479	0.000280568	0.00164526	-0.000935319
0.553386	-0.300189	0.152482	-0.000341236	8.98377e-05	0.00028538
0.553387	-0.300189	0.152482	6.87596e-05	-0.000567114	0.000393828
0.553386	-0.300192	0.152484	4.0909e-05	-0.000873889	0.000963349
0.553387	-0.300192	0.152484	0.000490026	-0.000135472	0.000484886
0.553386	-0.300192	0.152484	-0.000350247	-0.00102943	0.000652075
0.553387	-0.300188	0.15248	0.000133855	0.00085922	-0.000999336
0.553388	-0.30019	0.152484	0.000377605	-3.12966e-05	0.000447479
0.553389	-0.300184	0.152482	0.000629363	0.00155547	-0.000291713
0.553388	-0.300189	0.152484	-0.000150077	-0.000493195	0.000485277
0.55339	-0.300187	0.152483	0.000635337	0.000640926	0.000142806
0.553387	-0.300187	0.152481	-0.000513923	7.66855e-05	-0.000428654
0.553388	-0.300188	0.152482	0.00031808	-0.000120328	0.00024783
0.553387	-0.30019	0.152485	-5.44291e-05	-0.000538421	0.00100368
0.553386	-0.300188	0.15248	-0.000291283	0.000211794	-0.00105181
0.553389	-0.300189	0.152483	0.000380439	5.99672e-05	0.000311906
0.553386	-0.300191	0.152481	-0.000465014	-0.000359605	-0.000508089
0.55339	-0.30019	0.152486	0.000852229	2.54487e-05	0.00116605
0.55339	-0.300189	0.152486	0.000381572	-0.000453198	0.000837392
0.55339	-0.300186	0.152483	0.000172394	0.000769514	-0.000550408
0.55339	-0.300187	0.152484	0.000144449	0.000524243	-0.000346243
0.553389	-0.30019	0.152487	-9.32101e-05	-0.000696283	0.000937185
0.553386	-0.300192	0.152485	-0.00106636	-0.00137659	-1.81699e-06
0.553389	-0.30019	0.152486	0.000506125	-5.37053e-05	0.00052584
0.553391	-0.300186	0.152482	0.000493416	0.00102214	-0.00085323
0.553386	-0.300189	0.15248	-0.00102069	-0.000164471	-0.00160975
0.553389	-0.300187	0.152483	0.000253869	0.000823733	0.000238915
0.553387	-0.300188	0.152483	-7.98757e-05	4.68421e-05	0.000179771
0.553386	-0.300192	0.15248	-0.00066098	-0.000987476	-0.000881514
0.553387	-0.300192	0.152486	0.000196515	-0.000744929	0.00162815
0.553386	-0.30019	0.152481	-0.000417829	0.000172146	-0.000924416
0.553387	-0.300192	0.152485	8.15967e-05	-0.000543927	0.000737379
0.553388	-0.30019	0.152483	0.000436212	0.000134329	-0.000166356
0.553391	-0.300186	0.152485	0.00133747	0.0015668	0.000651089
0.553386	-0.300189	0.152481	-0.000896682	-0.000287516	-0.00101495
0.553389	-0.30019	0.152485	0.000117946	-0.000899627	0.000995138
0.55339	-0.300187	0.152484	0.000519463	0.000459838	0.000195292
0.553386	-0.30019	0.152481	-0.00127866	-0.000514852	-0.000854491
0.553389	-0.300189	0.152483	0.000371238	0.000528351	-0.000137069
0.553387	-0.300192	0.152484	-0.000245021	-0.000665244	0.000250537
0.553386	-0.300192	0.152482	-0.000737676	-0.000362304	-0.00084511
0.553387	-0.30019	0.152482	0.000369041	0.000704842	-0.000371909
0.55339	-0.300186	0.152485	0.000630924	0.000999651	0.000886964
0.553385	-0.300189	0.152478	-0.00102928	-0.000154991	-0.00169627
0.553389	-0.300189	0.152484	0.000688976	0.000224649	0.000762466
0.553389	-0.300189	0.152484	0.000219223	-0.0004293	0.000827588
0.553389	-0.300186	0.15248	0.000251152	0.000816041	-0.00101043
0.553387	-0.300188	0.152481	-0.000445786	-0.000389947	-0.000167966
0.553389	-0.300189	0.152485	0.000519052	9.65676e-05	0.000964989
0.553386	-0.300193	0.152482	-0.000753024	-0.0014195	-0.000258273
0.553392	-0.300186	0.152485	0.0017513	0.00138597	0.00120856
0.55339	-0.300186	0.152484	0.000262398	0.000577877	0.000306103
0.553388	-0.300189	0.152482	-0.000616086	-0.00057384	-0.000677065
0.55339	-0.300188	0.152486	0.000297078	6.04633e-05	0.00099162
0.553388	-0.300187	0.152481	-0.000502809	0.000136729	-0.000723054
0.553388	-0.30019	0.152485	-2.63242e-05	-0.000506695	0.000504654
0.553391	-0.300187	0.152488	0.000842142	0.000642294	0.0014031
0.553388	-0.300189	0.152482	-0.00060715	4.59568e-05	-0.00111795
0.55339	-0.300189	0.152487	9.25129e-05	-0.000560735	0.000888944
0.553389	-0.30019	0.152483	-0.000148947	-0.00042814	-0.000808511
0.553388	-0.300187	0.152483	-0.000207196	0.000359956	-0.000264826
0.553388	-0.300188	0.152485	1.75847e-05	0.000208971	0.000460979
0.553387	-0.300191	0.152482	-0.000382076	-0.000375466	-0.00103598
0.55339	-0.300188	0.152484	0.000824695	0.000672418	0.00019053
0.55339	-0.300188	0.152484	0.000241768	-7.65224e-05	0.000106557
0.55339	-0.30019	0.152485	-8.68458e-05	-0.000485836	-0.000135835
0.553387	-0.30019	0.152483	-0.00102688	-0.000753091	-0.000410634
0.553388	-0.300189	0.152481	-0.000329884	-3.61072e-06	-0.000898804
0.553389	-0.300187	0.152484	0.000132148	0.00049815	0.000521335
0.553391	-0.300185	0.152484	0.000834111	0.00123967	0.000360291
0.553389	-0.300186	0.15248	-0.000394367	0.000445378	-0.00113648
0.553387	-0.300188	0.152483	-0.000385516	-0.000119433	0.000282633
0.55339	-0.300185	0.152481	0.0017157	0.000654057	0.00323893
0.553387	-0.30019	0.152484	0.000436453	-0.00108277	0.00343144
0.55339	-0.300189	0.152485	0.000173038	-0.000222994	-0.000660634
0.553388	-0.300189	0.152483	-0.000431201	-5.75615e-05	-0.0013938
0.553386	-0.300189	0.152479	-0.00147525	-0.000369354	-0.00224306
0.553391	-0.300182	0.152483	0.000785864	0.00170269	-0.000297916
0.553391	-0.300187	0.152484	0.000505156	-1.73067e-05	5.36205e-06
0.553387	-0.300187	0.152482	-0.00091835	-0.000279556	-0.00075772
0.553387	-0.300185	0.152481	-0.000654604	0.000361172	-0.000652156
0.553388	-0.300191	0.152485	-0.000107088	-0.00148304	0.000800724
0.55339	-0.300188	0.152487	0.000820913	0.000476009	0.000803895
0.553387	-0.300189	0.152482	-0.000407289	-6.31819e-05	-0.0008543
0.553386	-0.30019	0.152479	-0.000865956	-0.000525481	-0.00155022
0.553389	-0.300185	0.152482	0.000724701	0.00116516	0.000317547
0.553386	-0.300188	0.152481	-0.000597988	-0.000189285	-0.000421468
0.553387	-0.300188	0.15248	-0.000170053	-0.000166129	-0.000566887
0.553389	-0.300186	0.152482	0.000267428	0.00037356	0.000112437
0.553386	-0.300191	0.152483	-0.000553597	-0.00126996	0.000347455
0.553389	-0.300186	0.152482	0.000309305	0.00065761	-0.000180366
0.553391	-0.300184	0.152484	0.00108188	0.000893251	0.000764625
0.553389	-0.300189	0.152484	-0.000154149	-0.000990167	0.000593067
0.553389	-0.300188	0.152484	-0.000148155	-0.000602135	0.000169701
0.55339	-0.300187	0.152483	0.000416489	0.000611486	-0.000110196
0.553391	-0.300186	0.152488	0.000506424	0.000380228	0.00167552
0.553387	-0.300191	0.152486	-0.000745152	-0.00120726	0.000179203
0.553388	-0.300187	0.152481	-0.000506487	0.000250317	-0.00161736
0.55339	-0.300187	0.152484	0.00033326	8.4046e-05	0.000272252
0.553385	-0.300188	0.152478	-0.00119746	-0.000255371	-0.00191519
0.553384	-0.300191	0.152481	-0.00126474	-0.00112023	-0.000342121
0.553387	-0.300186	0.15248	0.000101148	0.000699071	-0.000589852
0.553388	-0.300187	0.152481	0.000257379	0.000413999	-0.000607903
0.553386	-0.300189	0.152482	0.000162555	-0.000305505	0.00064266
0.553387	-0.300192	0.152487	0.00034066	-0.000761591	0.00202715
0.553392	-0.300185	0.152485	0.0016274	0.00141325	0.000564163
0.553386	-0.300189	0.152483	-0.000811692	-0.000311665	-0.00070257
0.553386	-0.300189	0.152482	-0.000570581	-0.00021902	-0.000488856
0.553388	-0.300189	0.152485	0.000238649	-0.000260324	0.000898138
0.553387	-0.300188	0.152484	-0.000281032	-6.78218e-05	-0.000113683
0.553386	-0.300186	0.152479	-0.000642928	0.000560384	-0.00148727
0.553389	-0.300187	0.152482	0.000378349	0.00017793	-2.6776e-05
0.553386	-0.30019	0.15248	-0.000347603	-0.00084607	-0.000185074
0.553385	-0.300188	0.152478	-0.000527342	2.2424e-05	-0.00113118
0.553387	-0.30019	0.152482	0.000284094	-0.000101565	0.000524496
0.553387	-0.300187	0.152478	0.000395315	0.00100119	-0.00085406
0.553385	-0.300191	0.152481	-0.000272083	-0.000862423	0.000271724
0.55339	-0.300186	0.152485	0.0014103	0.000801591	0.00193914
0.553384	-0.300191	0.152481	-0.000678587	-0.000184266	-0.000625678
0.553388	-0.300186	0.152481	0.00053266	0.00140626	6.97032e-05
0.553387	-0.300189	0.152481	0.000168015	-9.98027e-05	0.000202264
0.553386	-0.300195	0.152485	0.000899846	-0.00186613	0.00475157
0.553387	-0.300187	0.152482	0.000687492	0.0010133	0.0023427
0.553387	-0.300192	0.152484	0.000693472	-0.00106726	0.00245941
0.553386	-0.300186	0.152481	0.000297803	0.00100832	0.00100661
0.553386	-0.300187	0.152481	-7.33379e-05	0.000124219	0.000786644
0.553388	-0.300185	0.152479	0.000878966	0.000446724	5.56368e-05
0.553388	-0.300188	0.152483	0.00147149	-0.000313197	0.00466115
0.553385	-0.300187	0.152478	0.000242105	-5.84375e-05	0.00228838
0.553385	-0.300188	0.15248	6.81305e-05	-0.000592776	0.002289
0.553387	-0.30019	0.152485	0.000970653	-0.00105984	0.00360195
0.553388	-0.300187	0.152482	0.000801184	0.000306918	0.0012295
0.553387	-0.300186	0.152481	0.000520908	0.000790622	0.000627181
0.553388	-0.30019	0.152485	0.000729836	-0.000656544	0.00179218
0.553385	-0.300191	0.152482	-0.000203175	-0.000833051	0.000682328
0.553391	-0.300187	0.152485	0.00136768	0.00074741	0.0011195
0.553386	-0.300188	0.152481	-0.000554444	0.000235885	-0.000594232
0.553386	-0.300192	0.152481	-0.00040092	-0.000940832	-0.000500431
0.553389	-0.300187	0.152484	0.000595448	0.00090953	0.000658894
0.553389	-0.300186	0.152483	0.000166923	0.000589721	-0.00019067
0.553388	-0.300189	0.152483	0.000259706	-0.000671627	0.00104541
0.553387	-0.300188	0.152481	-0.000132996	0.000141476	-0.000276869
0.553384	-0.300189	0.15248	-0.00105459	-0.000267649	-0.000725575
0.553389	-0.300185	0.152483	0.000678483	0.00121258	0.000503702
0.553384	-0.300189	0.152479	-0.00081496	-0.000131413	-0.000952924
0.553387	-0.300187	0.152482	-5.22526e-05	-0.00013727	-1.75988e-06
0.553387	-0.300188	0.152483	-0.000123834	-0.000588213	0.000412005
0.553385	-0.300191	0.152482	-0.000550088	-0.000897868	-0.000147956
0.553387	-0.300187	0.152481	0.000721096	0.000829839	-3.26189e-05
0.553386	-0.300189	0.152481	0.000110792	0.00012443	0.00032225
0.553387	-0.300189	0.152481	0.000244234	-0.000522013	-2.38851e-05
0.553388	-0.300187	0.152481	0.000362842	0.000693949	-0.000123554
0.553386	-0.300187	0.152478	-0.000246678	0.00055483	-0.000927164
0.553388	-0.300184	0.15248	0.000194481	0.000858657	-0.000243416
0.553388	-0.300186	0.152481	0.000344751	2.72819e-05	0.000462635
0.553387	-0.300188	0.15248	2.77145e-05	-0.000527023	-0.000307809
0.553388	-0.300187	0.152481	8.43508e-05	0.000210575	-0.000105306
0.553385	-0.30019	0.15248	-0.000834308	-0.000800691	-0.000290743
0.553386	-0.300189	0.152481	-0.000326005	-0.000603223	0.00068481
0.553392	-0.300184	0.152486	0.00150704	0.000969029	0.0015771
0.553388	-0.30019	0.152485	-0.00016429	-0.000816896	0.000835132
0.553388	-0.300187	0.152483	0.000248447	0.000491892	-1.1969e-05
0.55339	-0.300186	0.152485	0.000331704	0.0003059	0.00053777
0.553386	-0.30019	0.152481	-0.001011	-0.001237	-0.00107011
0.553389	-0.300188	0.152484	0.000372142	9.36824e-05	0.000140432
0.553388	-0.300188	0.152483	0.00137289	-9.50057e-05	0.00379371
0.553385	-0.300188	0.152479	-0.000166819	-0.000421402	0.00151689
0.553389	-0.300184	0.152481	0.00126469	0.00113938	0.00198382
0.553387	-0.30019	0.152482	0.000331741	-0.000813966	0.00143692
0.553388	-0.30019	0.152482	0.000260699	-0.00054789	0.00108788
0.553386	-0.300191	0.152486	-0.000116468	-0.000833365	0.00241229
0.553387	-0.300188	0.152481	0.000375758	0.000483206	0.000416791
0.553387	-0.300189	0.152482	0.000267334	0.00031165	0.000337008
0.55339	-0.300187	0.152487	0.000898528	0.000649134	0.00170878
0.553383	-0.300195	0.152479	-0.00149381	-0.00199846	-0.00123347
0.553386	-0.300187	0.152479	-0.000168914	0.000743178	-0.000855154
0.553387	-0.300191	0.152484	0.000285949	-0.000151292	0.000823909
0.553388	-0.300191	0.152484	0.000530836	-0.000728356	0.00086865
0.553386	-0.300191	0.152484	-0.000146848	-0.00033514	0.000458699
0.553384	-0.30019	0.152479	-0.000878659	-0.000128635	-0.00123976
0.553386	-0.30019	0.152483	-0.000216342	-0.000112917	0.000351147
0.553388	-0.300187	0.152483	0.000361959	0.000936744	0.000102929
0.553385	-0.300189	0.152478	-0.000517797	0.000166431	-0.00150657
0.553386	-0.300192	0.152484	4.0872e-05	-0.0010492	0.00119524
0.553387	-0.30019	0.152483	0.000185904	-0.000130089	0.00031487
0.553386	-0.300189	0.152481	0.000269016	0.00038569	-7.98212e-05
0.553389	-0.300187	0.152481	0.00120794	0.00113119	-0.000181503
0.553384	-0.30019	0.152478	-0.00113732	-0.000500492	-0.00127828
0.553386	-0.300188	0.152482	-5.02318e-05	0.000109337	0.000591347
0.553385	-0.300189	0.152482	0.000100683	0.000105683	0.000690013
0.553387	-0.300187	0.15248	-0.000103785	0.000593044	-0.000871933
0.553387	-0.300187	0.152481	4.50242e-05	0.000341855	-0.000161948
0.553384	-0.300193	0.152482	-0.000378477	-0.00136138	0.000466544
0.553383	-0.300187	0.152477	-0.000650862	0.000885618	-0.00123224
0.553386	-0.30019	0.152484	0.000785021	-0.000224201	0.00161928
0.553382	-0.300196	0.152482	-0.00107259	-0.00203859	0.000144808
0.553383	-0.300193	0.152482	-0.000112854	-0.000381633	0.00031717
0.553383	-0.300191	0.152481	-0.000123225	0.000344455	-9.9166e-05
0.553384	-0.300189	0.15248	0.000114769	0.000717025	-0.000221828
0.553385	-0.300193	0.152483	0.000238782	-0.000640941	0.000433418
0.553386	-0.300193	0.152484	0.000589532	-0.000531532	0.000856791
0.553384	-0.300187	0.152478	-0.000155972	0.00138293	-0.00123168
0.553388	-0.300191	0.152486	0.000798601	-0.000283168	0.0012319
0.553386	-0.300192	0.15248	0.000846276	-0.000794522	0.00280062
0.553388	-0.300187	0.152482	0.00115902	0.0010447	0.00282969
0.553387	-0.300188	0.152481	0.00101342	7.39076e-05	0.00188278
0.553385	-0.30019	0.15248	6.05238e-05	-0.000401579	0.00107023
0.553386	-0.300191	0.152483	0.000428605	-0.000302181	0.00190353
0.553387	-0.30019	0.152484	0.000623317	0.00032768	0.00138275
0.553385	-0.300192	0.152483	-8.1951e-05	-0.000329913	0.000448598
0.553387	-0.300187	0.152482	0.000496458	0.000801272	0.000239144
0.553385	-0.300189	0.152481	-0.000238886	0.000107968	4.77399e-06
0.553386	-0.300188	0.152481	0.000380009	0.000496911	8.59459e-05
0.553385	-0.300188	0.152483	-0.000163306	-7.13634e-05	0.00115914
0.553386	-0.300188	0.15248	0.000372332	0.000368347	-0.000153266
0.553385	-0.300191	0.152481	-0.000385696	-0.000732468	-0.000476568
0.553385	-0.30019	0.15248	-0.000254008	-0.000496981	-0.000303607
0.553384	-0.300191	0.15248	-0.00035722	-0.000271288	1.52005e-05
0.553386	-0.30019	0.152483	0.000577199	0.000241531	0.000862699
0.553388	-0.300192	0.152484	0.00042123	-0.000999899	0.00077947
0.553388	-0.300189	0.152483	0.000164908	0.000467865	0.000166776
0.553385	-0.300191	0.152481	-0.000303058	-0.000293229	-0.000831891
0.553386	-0.300186	0.152478	8.9059e-05	0.00144583	-0.00154929
0.553388	-0.300188	0.152483	0.000618734	0.000312327	0.000881847
0.553387	-0.300187	0.152481	-6.97096e-05	0.000289225	-0.000110153
0.553389	-0.300189	0.152486	0.000375971	-0.000417179	0.00131125
0.553387	-0.300187	0.152483	-0.000297807	0.00036132	2.49041e-05
0.553389	-0.300188	0.152483	0.000554271	5.22031e-05	-2.22834e-05
0.553389	-0.300187	0.152484	0.000670089	0.000612741	0.000730295
0.553385	-0.300188	0.152481	-0.000686715	4.398e-05	-0.000593103
0.553391	-0.300186	0.152484	0.00137651	0.000173694	0.000519059
0.553387	-0.300191	0.152483	-0.000502881	-0.00124319	6.92958e-05
0.553386	-0.300188	0.152481	-0.000594584	0.000316635	-0.000886539
0.553388	-0.300187	0.152483	-0.000165385	0.000225698	5.15996e-05
0.553387	-0.300187	0.15248	-0.000540583	0.000153508	-0.00118121
0.55339	-0.300189	0.152487	0.000640349	-0.000612244	0.00162439
0.553387	-0.300188	0.152481	-0.000407606	0.000276115	-0.000778818
0.553384	-0.300189	0.152479	-0.000873369	-0.000234465	-0.00083162
0.553388	-0.300192	0.152488	0.000362273	-0.000870681	0.00171092
0.553386	-0.300187	0.152479	7.37107e-05	0.00111193	-0.00131451
0.553389	-0.300187	0.152483	0.000916783	0.000570404	0.000419102
0.553387	-0.300189	0.152484	-0.000342656	-0.000532259	0.000649719
0.553387	-0.30019	0.152481	2.17712e-06	-0.000447393	-0.000482891
0.55339	-0.300186	0.152485	0.000642453	0.000724821	0.000706821
0.553389	-0.300188	0.152484	0.000391912	-6.74735e-05	0.00039189
0.553388	-0.300188	0.152483	-9.49043e-05	3.73739e-05	-7.4191e-05
0.553389	-0.300184	0.152484	0.000189268	0.00105699	-9.28541e-06
0.553391	-0.300184	0.152485	0.000515191	0.000651505	0.000343619
0.553389	-0.300187	0.152483	-0.000134313	-6.98398e-05	-0.000339671
0.553389	-0.30019	0.152486	-2.35709e-05	-0.0016697	0.000860344
0.553385	-0.300189	0.152481	-0.00134371	-0.000304346	-0.00126075
0.553387	-0.300184	0.152478	-0.00029762	0.00135087	-0.00163811
0.553387	-0.300188	0.152483	0.000239205	-0.000345743	0.000592687
0.553384	-0.300193	0.152481	-0.000854535	-0.00167026	-0.000356827
0.553384	-0.30019	0.152479	-0.000839247	1.46819e-05	-0.00107455
0.553387	-0.300189	0.152482	-0.00120098	-0.00351318	0.00130979
0.55339	-0.300185	0.152483	8.65171e-05	-0.00109087	0.001461
0.553387	-0.300188	0.152484	-0.000785067	-0.00191293	0.00124575
0.553387	-0.300189	0.152482	-0.000228001	-0.00155081	0.000478255
0.553388	-0.300186	0.152481	-0.000368587	-0.000592284	-0.000138446
0.553387	-0.300188	0.152483	-0.00106138	-0.0014108	-9.70455e-05
0.553388	-0.300188	0.152481	-9.53153e-05	-5.36863e-05	-0.000536133
0.553386	-0.300188	0.152477	-0.000336264	-4.0375e-05	-0.00126656
0.553385	-0.300193	0.152481	-0.000389215	-0.00169838	0.000575368
0.553385	-0.300186	0.152479	-0.000400951	0.000548342	-9.55677e-05
0.553391	-0.300186	0.152485	0.000120891	0.000178962	-0.00207771
0.553389	-0.300189	0.152485	-0.000795213	-0.000827727	-0.00170865
0.553388	-0.300189	0.152484	-0.000995341	-0.00046811	-0.00173373
0.553388	-0.300188	0.152483	-0.000493751	0.000176376	-0.0014574
0.553387	-0.300189	0.152481	-0.000737603	-0.00032886	-0.00156023
0.55339	-0.300184	0.152483	-0.00077669	0.00139423	-0.00450792
0.553387	-0.300187	0.152481	-0.00122733	-1.90944e-05	-0.00370171
0.553386	-0.300189	0.15248	-0.00104955	1.34144e-05	-0.00317915
0.553386	-0.300192	0.152485	-0.000789305	-0.00105232	-0.000619468
0.553387	-0.300193	0.152485	-0.00063453	-0.00127583	-0.00075432
0.553388	-0.300183	0.152479	0.00011092	0.00235634	-0.00235101
0.553387	-0.30019	0.152485	-0.000210272	-0.000557053	0.000145532
0.553388	-0.300187	0.152481	-3.11688e-05	0.000146929	-0.00134555
0.553389	-0.300187	0.152485	0.00038638	4.85723e-06	0.000598306
0.553388	-0.30019	0.152483	0.000795737	-0.000605996	0.00312912
0.553388	-0.300189	0.152485	0.000991232	6.32447e-05	0.00272154
0.553388	-0.300189	0.152486	0.00034147	-0.000408716	0.0024013
0.553386	-0.300191	0.152481	-0.00046551	-0.000734653	0.000292124
0.553388	-0.300184	0.152479	-0.000765923	0.00175918	-0.00410571
0.553389	-0.300186	0.152481	-0.000367016	0.000550983	-0.00209887
0.553388	-0.300185	0.152481	-0.000651081	0.000456269	-0.0018996
0.553387	-0.300185	0.152477	-0.000718373	0.000372474	-0.00231889
0.553385	-0.300188	0.15248	-0.00108836	-0.000736781	-0.000882687
0.553387	-0.300186	0.152479	-0.000248915	-7.3909e-06	-0.00085651
0.553388	-0.300189	0.152485	0.000367012	-0.000671607	0.00138668
0.553385	-0.300192	0.152482	-0.00107823	-0.00179764	-0.000152488
0.553389	-0.300187	0.152482	0.000464604	0.000683462	-0.000285833
0.553387	-0.300186	0.15248	0.000281508	0.000512056	-0.000550396
0.553386	-0.300187	0.152481	-0.000214038	0.000456613	-1.31259e-05
0.553387	-0.300189	0.152484	0.000483931	0.000130574	0.000485355
0.553389	-0.30019	0.152484	0.000603663	-0.000546196	0.000481035
0.553389	-0.300187	0.152486	0.000363742	0.000298727	0.000835454
0.553389	-0.300187	0.152484	0.00040157	0.00012779	0.000321006
0.553385	-0.300191	0.152482	-0.0018696	-0.000675348	-0.00417989
0.553388	-0.300189	0.152483	-0.000479666	0.000475606	-0.00288893
0.553386	-0.300192	0.152482	-0.000980945	-0.000721537	-0.00217801
0.553388	-0.300185	0.152479	-0.000526991	0.00122231	-0.00303958
0.553389	-0.300192	0.152486	-3.89261e-06	-0.000921297	0.000107652
0.553385	-0.300191	0.152483	-0.000807196	-0.000485946	-0.000732408
0.553387	-0.300195	0.152486	-4.17708e-05	-0.000955134	0.000258437
0.553389	-0.300191	0.152487	0.000299728	0.000440963	0.000216696
0.553385	-0.30019	0.152479	-0.000845689	0.000427859	-0.00236832
0.553386	-0.300192	0.152485	-0.000577358	-0.000795578	0.000224463
0.553385	-0.300196	0.152486	-0.000556915	-0.00107167	0.000532385
0.553385	-0.300194	0.152482	-0.000654073	-0.000603281	-0.000795618
0.553384	-0.300196	0.152483	-0.000310231	-0.000982646	-7.28146e-05
0.553384	-0.300195	0.152483	-0.00057108	-0.000620018	-0.000279025
0.553386	-0.300195	0.152485	0.000286306	-3.22181e-05	0.000450093
0.553385	-0.300196	0.152487	-2.96707e-05	-0.000977253	0.00104382
0.553384	-0.300196	0.152484	-0.000528966	-5.23771e-05	-0.000859389
0.553383	-0.300198	0.152484	-0.000617208	-0.00102339	0.000110013
0.553385	-0.300196	0.152485	0.000240295	0.000261545	-0.000269581
0.553384	-0.300197	0.152486	-0.000476702	-0.000735254	0.000244276
0.553383	-0.300198	0.152486	-0.000583029	-0.000502843	0.000254382
0.553385	-0.300197	0.152484	0.000868532	0.000496594	-1.02118e-05
0.553383	-0.300198	0.152485	-0.000210168	-3.9195e-05	-4.33427e-05
0.553382	-0.300199	0.152484	-0.000449011	-0.0010636	-8.64126e-05
0.553381	-0.300202	0.152485	-0.000751653	-0.00114742	0.000120698
0.553379	-0.300207	0.152485	-0.000996673	-0.00231047	0.000206835
0.553381	-0.300207	0.15249	-0.000182794	-0.00161247	0.0017246
0.553378	-0.300208	0.152484	-0.000851393	-0.00100694	-0.00113887
0.55338	-0.300204	0.152484	-0.000200404	0.000407863	-0.000544768
0.553375	-0.300209	0.152485	-0.00131359	-0.00115575	0.000150987
0.553378	-0.300207	0.152484	-0.000200613	-0.000363276	-0.000274056
0.553378	-0.300207	0.152484	-0.000167036	-0.000246555	-0.000210114
0.553376	-0.300213	0.152484	-0.000950464	-0.00224303	-0.000196411
0.553377	-0.300208	0.152485	7.62957e-05	4.99384e-05	0.000416475
0.553377	-0.300212	0.152488	1.67133e-05	-0.00101415	0.000922819
0.553376	-0.300213	0.152485	-0.00189902	-0.00361464	-0.000302301
0.553376	-0.300215	0.152488	-0.00175688	-0.00372414	0.000537171
0.553376	-0.300213	0.152484	-0.00156947	-0.00264174	-0.000655755
0.553375	-0.300216	0.152487	-0.00104434	-0.00244521	0.00072633
0.553374	-0.300217	0.152489	-0.00114799	-0.0022021	0.000863243
0.553375	-0.300216	0.152488	-0.000479518	-0.00113774	6.98354e-05
0.553372	-0.300217	0.152485	-0.0010882	-0.00123073	-0.000640423
0.553371	-0.300218	0.152485	-0.00104473	-0.000852725	-0.000420899
0.553373	-0.300218	0.152486	-0.000266372	-0.0011781	0.000195891
0.55337	-0.300221	0.152487	-0.00265527	-0.00153929	-0.00352904
0.553369	-0.30022	0.152483	-0.00185215	4.91851e-05	-0.00438252
0.553369	-0.300223	0.152485	-0.00105422	-0.00112763	-0.00221523
0.553368	-0.300227	0.152487	-0.00110108	-0.0017827	-0.000973166
0.553367	-0.300227	0.152485	-0.00121997	-0.00113743	-0.00127232
0.553369	-0.300222	0.152484	-9.97069e-05	0.000230435	-0.00116882
0.553366	-0.300226	0.152486	-0.000882132	-0.00134586	2.05296e-05
0.553368	-0.300224	0.152485	-0.000284546	0.000128778	-0.000694862
0.553369	-0.300226	0.152488	2.32788e-05	-0.000531085	0.0003223
0.553365	-0.300229	0.152485	-0.000995309	-0.00125592	-0.000599048
0.553365	-0.300231	0.152484	-0.000624912	-0.000856029	-0.00107229
0.553365	-0.30023	0.152485	-0.000394325	-0.000519152	0.00015973
0.553366	-0.300229	0.152487	0.000441895	4.74325e-05	0.000669347
0.553362	-0.300234	0.152485	-0.000916034	-0.00138252	-9.03902e-05
0.553362	-0.30023	0.152484	-0.000296861	0.000648762	-0.000714537
0.55336	-0.300233	0.152482	-0.00122675	-0.000491927	-0.00121904
0.553366	-0.300232	0.152488	0.000810014	-9.96372e-05	0.00119473
0.553362	-0.300234	0.152483	-0.000767546	-0.000373422	-0.000914369
0.553357	-0.300238	0.152481	-0.00171037	-0.00159401	-0.00121234
0.553362	-0.300234	0.152485	0.000664365	0.000220795	0.000821935
0.553362	-0.300234	0.152485	0.00044274	0.000131791	0.000554703
0.553357	-0.300238	0.152483	-0.00100777	-0.000795383	-0.000320758
0.553362	-0.300238	0.152488	0.000772141	-0.000290368	0.0011433
0.553361	-0.300239	0.152488	6.59606e-06	-0.000529679	0.00067522
0.553359	-0.300237	0.152483	-0.00040111	0.000243757	-0.00100087
0.553358	-0.30024	0.152486	-0.000882284	-0.000810949	0.000100352
0.553358	-0.30024	0.152484	-0.000518188	-0.000568724	-0.000614903
0.553358	-0.30024	0.152484	-0.000146448	-0.000381454	0.000154917
0.553356	-0.300239	0.15248	-0.000581965	0.000305535	-0.00143746
0.553356	-0.300241	0.152481	-0.00110447	-0.00206462	-0.000199471
0.55336	-0.300239	0.152487	0.000576182	-0.00063634	0.00170996
0.553354	-0.300242	0.152479	-0.00156118	-0.00132781	-0.00150558
0.553355	-0.300242	0.152483	-0.000578666	-0.00100621	0.000642311
0.553355	-0.300241	0.152482	-0.000289468	-0.000193434	-0.000189044
0.553355	-0.30024	0.152481	2.86005e-06	0.000324787	-0.000161883
0.553356	-0.300244	0.152486	-0.00011433	-0.00135434	0.00119761
0.553353	-0.300247	0.152485	-0.00107808	-0.00130013	0.000146619
0.553353	-0.300246	0.152483	-0.000310941	-0.00043176	-0.000250825
0.553358	-0.300238	0.152483	0.0013855	0.00211662	-0.000208554
0.553352	-0.300243	0.152479	-0.000969009	-0.000468782	-0.0010655
0.553352	-0.300244	0.15248	-0.00141892	-0.00204084	-8.79105e-05
0.553356	-0.300241	0.152483	-4.20672e-05	-0.000655232	0.000589487
0.553354	-0.300245	0.152482	-0.000934822	-0.0019709	0.000122288
0.553356	-0.300243	0.152485	0.000347496	-0.000483824	0.000911443
0.553356	-0.300242	0.152482	7.947e-05	9.9998e-05	-0.000688677
0.553356	-0.300244	0.152485	0.000329979	-4.48445e-05	0.000616699
0.553355	-0.300244	0.152483	-0.000162828	-0.000507517	9.17282e-06
0.553353	-0.300244	0.152479	-0.00087369	-0.000279264	-0.0014553
0.553356	-0.300247	0.152487	0.000219989	-0.00136253	0.00161321
0.553361	-0.300239	0.152485	0.00173541	0.00199051	0.00030663
0.553355	-0.300244	0.152481	-0.000828444	-0.000458665	-0.00115305
0.553355	-0.300244	0.152482	-0.000357398	-0.000340247	-0.000191204
0.553357	-0.300242	0.152485	0.000457852	0.000654439	0.000659154
0.553356	-0.300242	0.15248	0.000189649	0.000450116	-0.000854145
0.553356	-0.300244	0.152485	-0.000130514	-0.000621968	0.00101241
0.553354	-0.300242	0.15248	-0.000543146	0.000145467	-0.000840842
0.553355	-0.300241	0.15248	-0.00016624	0.000582323	-0.000716302
0.553357	-0.300241	0.152483	0.00068938	0.000787527	0.00040798
0.553357	-0.300243	0.152484	0.000309677	-0.000545815	0.000729749
0.553355	-0.300243	0.152485	-0.000253124	-0.000282275	0.000817658
0.553355	-0.300242	0.152481	1.3421e-05	0.000325748	-0.000685893
0.553359	-0.300242	0.152486	0.00127915	0.000530098	0.00115741
0.553357	-0.30024	0.152483	0.000234102	0.00102746	-0.000544911
0.553357	-0.300242	0.152484	-2.6205e-05	-0.000414191	8.01224e-05
0.553358	-0.300241	0.152484	1.55512e-05	-0.000263684	7.64376e-05
0.553359	-0.300238	0.152484	0.000567541	0.000851116	5.09599e-05
0.553358	-0.300238	0.152482	-2.9962e-05	0.000626486	-0.000432438
0.553359	-0.300238	0.152487	0.00042831	0.000348105	0.00126756
0.553359	-0.300238	0.152484	-5.84924e-05	0.000338398	-0.000443927
0.553357	-0.300238	0.152481	-0.000499388	0.000262734	-0.000893947
0.553358	-0.300241	0.152484	0.000371016	-0.000478827	0.000882584
0.553357	-0.300237	0.152481	-0.000126053	0.00087851	-0.000762905
0.55336	-0.300238	0.152484	0.000368914	-9.74545e-05	0.000278286
0.553365	-0.300234	0.152488	0.00168841	0.00136538	0.00120353
0.553361	-0.300234	0.152482	0.000281588	0.00102532	-0.00100894
0.553361	-0.30023	0.15248	4.19996e-05	0.00180739	-0.00120307
0.553365	-0.300229	0.152484	0.0012371	0.00155604	0.000544916
0.553364	-0.30023	0.152484	0.00101484	0.000977013	0.000153003
0.553365	-0.30023	0.152486	0.000677932	0.00068952	0.00103487
0.553364	-0.300231	0.152484	0.000190785	-7.43983e-05	-0.000138724
0.553361	-0.300232	0.152483	-0.00217188	-0.000579928	-0.00366549
0.553365	-0.300228	0.152485	-0.000294135	0.00104332	-0.0022871
0.553364	-0.300228	0.152482	-0.000611432	0.000743769	-0.0028171
0.553365	-0.300229	0.152485	-0.000216789	-0.000106839	-0.00117427
0.553367	-0.300225	0.152484	0.000566193	0.00146242	-0.00107898
0.553367	-0.300225	0.152485	0.000193502	0.00104806	-0.000521322
0.553368	-0.300225	0.152484	0.000484369	0.000584782	-0.000903129
0.55337	-0.300228	0.152492	0.00242061	0.0026087	0.00118512
0.553374	-0.300219	0.15249	0.00282554	0.00510074	-0.000103502
0.553372	-0.300223	0.152489	0.00135746	0.00203282	-0.000348671
0.55337	-0.300221	0.152487	0.000370031	0.00221481	-0.00151514
0.553373	-0.300221	0.152489	0.00125528	0.00144366	0.000308413
0.553371	-0.300223	0.152487	0.000346566	0.000558006	-0.000545414
0.553368	-0.300225	0.152483	-0.000979485	-0.000420483	-0.00189126
0.55337	-0.300221	0.152485	0.000378693	0.00122895	-0.000599896
0.553372	-0.300221	0.152488	0.000583797	0.000791592	0.000633653
0.553373	-0.300221	0.152486	0.000683442	0.00048671	-0.000374396
0.553372	-0.300219	0.152485	0.000173972	0.000990026	-0.000494092
0.553373	-0.30022	0.152488	0.000349205	7.67697e-05	0.000481933
0.553374	-0.300219	0.152487	0.000722726	0.000529512	0.00015258
0.553372	-0.30022	0.152487	-0.000107161	-7.86105e-05	-2.29887e-06
0.553373	-0.300217	0.152484	0.00144846	0.00444201	-0.00193342
0.553375	-0.300217	0.152489	0.00171503	0.00310885	-0.000130407
0.553377	-0.300218	0.152491	0.00214602	0.00214037	0.00107687
0.553376	-0.300216	0.152488	0.00115162	0.00214037	-0.000369227
0.553375	-0.300218	0.15249	0.000219485	0.000631147	0.000130243
0.553375	-0.300215	0.152487	0.00013037	0.00160782	-0.000883138
0.553372	-0.300215	0.152482	-0.000543326	0.00125656	-0.00206285
0.553375	-0.300215	0.152486	0.00031251	0.000228159	-5.02892e-05
0.553378	-0.300211	0.152484	0.00150538	0.00203668	-0.000890016
0.553377	-0.300208	0.152482	0.000654987	0.00259976	-0.00115534
0.553377	-0.300212	0.152487	0.000399062	0.000160566	0.000945072
0.553377	-0.300213	0.152487	0.000293351	-0.000409487	0.000529541
0.553377	-0.300208	0.152484	-0.000316915	0.000877706	-0.000430006
0.553379	-0.300209	0.152484	0.000774331	0.000450494	-0.00046731
0.55338	-0.300207	0.152486	0.000629749	0.00129825	3.58288e-05
0.553381	-0.300205	0.152485	0.000919857	0.0013599	-0.000180325
0.553382	-0.300203	0.152484	0.000812036	0.00138954	-0.000272686
0.553381	-0.300203	0.152485	0.000319716	0.000960365	1.33435e-05
0.553383	-0.300205	0.152485	0.000446064	1.84059e-06	9.60383e-05
0.55338	-0.300203	0.152483	-0.000175063	0.000756299	-0.000176492
0.553385	-0.300198	0.152485	0.00107807	0.00136574	0.000294131
0.553384	-0.300199	0.152485	7.78383e-05	0.000464375	-4.09199e-05
0.55338	-0.300202	0.152482	-0.000945262	-0.000602824	-0.000744224
0.553384	-0.300196	0.152481	0.000610689	0.0015094	-0.000527053
0.553383	-0.300198	0.152482	0.000224273	0.000537908	-0.000289302
0.553384	-0.300196	0.152483	0.000542075	0.000835493	0.000217496
0.553385	-0.300194	0.152482	0.000284182	0.00113657	-0.000181847
0.553385	-0.300194	0.152483	0.00140867	0.00240465	5.15365e-05
0.553386	-0.300191	0.152483	0.00109007	0.00232502	0.000190029
0.553389	-0.300187	0.152482	0.0017573	0.00311206	-0.000272257
0.553386	-0.300189	0.15248	0.000240919	0.00127212	-0.000796466
0.553388	-0.30019	0.152482	0.000883417	0.000749482	2.07546e-05
0.553387	-0.300186	0.152478	0.000240757	0.00172818	-0.00132942
0.553387	-0.300186	0.152481	-8.14698e-05	0.000717414	9.68031e-05
0.553388	-0.300183	0.152478	0.00100014	0.00323239	-0.00133036
0.553391	-0.300183	0.15248	0.00150618	0.00217478	-0.000123562
0.553393	-0.300182	0.152483	0.00186102	0.00198834	0.0007656
0.553391	-0.300184	0.152482	0.000308052	0.000515162	-0.00011754
0.553392	-0.300181	0.152479	0.000961328	0.00138291	-0.00042404
0.553394	-0.300178	0.15248	0.000701282	0.00150714	-0.000206881
0.553393	-0.30018	0.15248	0.000366961	0.00048275	-0.000390801
0.553393	-0.300178	0.152482	0.000335687	0.000951357	0.00067779
0.553397	-0.300178	0.152483	0.00130679	0.00040874	0.000701201
0.553393	-0.300179	0.15248	0.000455581	0.00172689	-0.000544452
0.553399	-0.300179	0.15249	0.00210605	0.00163518	0.00257041
0.553401	-0.300173	0.152487	0.00219352	0.00267007	0.000664393
0.553401	-0.300173	0.152486	0.0010822	0.00136699	-4.55271e-05
0.553404	-0.300173	0.15249	0.00170737	0.00137571	0.00133646
0.5534	-0.300174	0.152487	0.00010482	4.66951e-05	0.000121122
0.553405	-0.30017	0.152488	0.00151068	0.00138152	0.000485278
0.553402	-0.300174	0.152491	0.000132864	-0.000417113	0.00157802
0.553405	-0.300168	0.152487	0.00130094	0.00163554	-0.000180369
0.553405	-0.300168	0.152486	0.000474604	0.00127612	-0.000800605
0.553403	-0.300168	0.152485	0.00110134	0.000671045	0.00315371
0.553402	-0.300171	0.152488	0.000375182	-0.00100329	0.00336643
0.553403	-0.300169	0.152489	0.00058903	-0.000266315	0.00262379
0.553404	-0.300168	0.152486	0.000499025	0.000437596	0.000981409
0.553405	-0.300168	0.152488	0.000866953	0.000174645	0.00164461
0.553405	-0.300167	0.152489	0.000310827	0.000106474	0.00125479
0.553405	-0.300167	0.152491	0.00047176	9.63722e-05	0.00158558
0.553408	-0.300167	0.152492	0.000135587	0.000530368	-0.00213244
0.553405	-0.300167	0.152488	-0.00112423	4.23389e-05	-0.00278983
0.553406	-0.300166	0.15249	-0.000411736	-1.29859e-06	-0.00162114
0.553407	-0.300163	0.152493	-1.82029e-05	0.00106292	-0.000354368
0.553409	-0.300163	0.15249	0.000134535	0.000627209	-0.00135094
0.553409	-0.300165	0.152492	0.000174997	-0.000161348	-0.000626423
0.55341	-0.300164	0.152493	0.00114383	0.00158593	-7.46984e-05
0.553409	-0.300167	0.152494	0.000447992	0.00027847	0.000290774
0.553407	-0.300166	0.152491	-0.000214363	0.000876681	-0.000760994
0.553407	-0.300165	0.152491	-2.64661e-06	0.000725729	-0.000383114
0.553409	-0.300166	0.152497	0.0005379	-0.000124165	0.00164511
0.553409	-0.300165	0.152495	0.00046142	0.000504132	0.000506874
0.553407	-0.300165	0.15249	-0.000694722	2.87563e-06	-0.00144557
0.553412	-0.300162	0.152497	0.00096516	0.000808697	0.00125754
0.55341	-0.300168	0.1525	0.00116451	0.000250548	0.00198463
0.55341	-0.300162	0.152496	0.000642085	0.00177342	-5.82032e-05
0.553409	-0.300166	0.152494	-4.50129e-05	0.000255843	-0.000723556
0.55341	-0.300163	0.152498	0.000426733	0.000751237	0.000826047
0.553413	-0.300164	0.152503	0.00137025	0.000973695	0.0020401
0.553411	-0.300164	0.152496	0.000254774	0.000160607	-0.000561179
0.553408	-0.300168	0.152498	-0.000945281	-0.00127356	0.000212555
0.553408	-0.300169	0.1525	-0.00045278	-0.000849745	0.000686809
0.553411	-0.300168	0.152502	0.00179991	-0.00033801	0.00470361
0.55341	-0.300168	0.152499	0.00104287	-0.000154845	0.00259788
0.55341	-0.300168	0.1525	0.000884351	-0.000148794	0.00237762
0.553413	-0.300165	0.152502	0.00109052	0.000392112	0.00230401
0.553409	-0.30017	0.152502	-0.000317993	-0.00117558	0.00160531
0.55341	-0.300168	0.152503	0.000104935	-0.000262729	0.00107327
0.553412	-0.300171	0.152507	0.00052183	-0.00141708	0.00250141
0.553412	-0.300174	0.152511	0.000932079	-0.00164118	0.00290741
0.55341	-0.30017	0.152504	-0.000260467	0.000184284	-0.000240815
0.553409	-0.300174	0.152506	-0.000417132	-0.000883844	0.000709601
0.55341	-0.300173	0.152504	6.12222e-05	-8.61908e-05	-0.000248031
0.553411	-0.300172	0.152505	0.000160283	-9.44419e-05	0.000262445
0.55341	-0.300174	0.152507	-3.08818e-05	-0.000609823	0.000713245
0.55341	-0.300173	0.152507	-0.000291617	-0.000314592	0.000314189
0.55341	-0.300179	0.152511	-9.71557e-05	-0.00192223	0.00156874
0.553412	-0.300173	0.152511	0.000687757	0.000798798	0.000796844
0.55341	-0.300177	0.152509	-0.000293313	-0.00104273	6.09695e-05
0.55341	-0.300179	0.152509	-0.000335688	-0.00115793	0.000332988
0.553411	-0.300178	0.152511	0.000502742	-0.000381376	0.000855425
0.553408	-0.300181	0.15251	-0.000720855	-0.00117334	-0.000194381
0.55341	-0.300178	0.152508	1.78467e-05	-0.000309458	-0.000322427
0.553411	-0.300176	0.15251	0.00010111	0.000342764	9.29621e-06
0.553409	-0.300178	0.152509	-0.00046362	-0.000248641	0.000173714
0.553411	-0.300178	0.152513	0.000622068	0.000229618	0.00137216
0.553409	-0.300176	0.152505	-0.00012036	0.000782839	-0.00176329
0.553408	-0.300179	0.152508	-0.000300664	4.79691e-05	-0.00025046
0.553411	-0.300175	0.152509	0.000556124	0.000940259	-0.00024144
0.553412	-0.300176	0.152509	0.000437902	3.02369e-05	0.000262143
0.553408	-0.300179	0.15251	-0.00106288	-0.000768665	-6.55304e-06
0.553411	-0.300175	0.15251	0.00018551	0.000438352	0.00021461
0.55341	-0.300176	0.152509	7.13284e-05	0.000285574	3.53499e-06
0.553411	-0.300178	0.152513	0.000345767	-0.000399858	0.00107226
0.553408	-0.300181	0.152509	-0.000608829	-0.0012475	-0.000294677
0.553408	-0.300177	0.152507	-0.000726668	0.000357362	-0.0014001
0.553408	-0.300179	0.15251	-0.000401618	-0.000299858	0.000174235
0.553408	-0.300181	0.15251	-0.000219595	-0.000807066	0.000431181
0.55341	-0.300176	0.15251	0.00058473	0.000981086	1.25766e-05
0.553407	-0.300176	0.152503	-0.000661546	0.000323349	-0.00181289
0.553409	-0.300177	0.152509	0.00265661	-0.000403648	0.00255299
0.55341	-0.300176	0.152509	0.00214438	0.000156679	0.00162509
0.553408	-0.300177	0.152506	0.00104961	-0.000361656	0.000282054
0.553409	-0.300176	0.152508	0.00122693	0.000207657	0.000821704
0.553411	-0.300175	0.152508	0.00132369	0.000608847	0.00105677
0.55341	-0.300176	0.152509	0.000708395	-9.82434e-05	0.000981456
0.553414	-0.300172	0.152513	0.00193256	0.00132861	0.00170392
0.553407	-0.300177	0.152505	-0.000961293	-0.000960241	-0.000961255
0.553408	-0.300176	0.152506	-0.000202822	-0.000166785	-9.34249e-05
0.553409	-0.300178	0.152508	0.000370234	-0.000753834	0.000749459
0.553408	-0.300176	0.152502	-0.000332791	0.000137492	-0.00156276
0.553413	-0.30017	0.152509	0.00123715	0.00151877	0.00102061
0.55341	-0.300176	0.152509	0.000101616	-0.000483551	0.000950108
0.553411	-0.300174	0.152509	0.000300688	0.000158414	0.000512652
0.553408	-0.300178	0.152507	-0.000498464	-0.000923039	-7.43238e-05
0.55341	-0.300176	0.152506	0.000120089	-0.000123753	-0.00039045
0.553412	-0.30017	0.152507	0.000683188	0.00148579	-0.000264178
0.553412	-0.300173	0.152507	0.00044356	0.000459666	-0.000147447
0.553407	-0.300178	0.152504	-0.00125733	-0.00163417	-0.000813706
0.553412	-0.300173	0.152509	0.000791748	0.000776919	0.000665831
0.55341	-0.300176	0.152508	-0.00026998	-0.000379939	0.000283633
0.553412	-0.300175	0.152509	0.000484676	0.000197331	0.000541278
0.55341	-0.300176	0.152509	-0.000392664	-0.000334233	-0.00012559
0.55341	-0.300176	0.152505	-4.75303e-05	-0.00030496	-0.00105836
0.553411	-0.300173	0.152508	0.000341414	0.000908825	0.000294432
0.553406	-0.300175	0.152501	-0.00155018	-0.000199512	-0.00201988
0.553412	-0.300175	0.152509	0.000982798	1.31138e-05	0.000970318
0.553409	-0.300173	0.152504	-0.000186547	0.000737835	-0.00048604
0.55341	-0.30017	0.152503	4.72709e-05	0.00104169	-0.000824426
0.553411	-0.300171	0.152507	0.000334081	0.000647429	0.000517127
0.553411	-0.300173	0.152507	-0.000121766	-0.000635623	0.00024067
0.553408	-0.300171	0.1525	-0.000552981	0.000167488	-0.00129695
0.553411	-0.300168	0.152504	0.000174636	0.00119434	-0.000204723
0.553412	-0.300171	0.152505	0.000549923	0.000134512	0.000525807
0.553409	-0.300171	0.152499	-0.000428807	0.00026057	-0.00158121
0.553408	-0.300176	0.152504	-0.000795981	-0.00142689	0.000136036
0.55341	-0.30017	0.152506	0.000143268	0.000593519	0.000548804
0.553407	-0.300171	0.152499	-0.00103693	5.69865e-06	-0.00159381
0.553408	-0.300173	0.152504	-0.000114705	-0.000574136	0.00067412
0.553408	-0.300174	0.152502	-0.000104621	-0.000435986	-0.000441879
0.553408	-0.300171	0.152501	-0.000314397	0.000352715	-0.000296292
0.553411	-0.300173	0.152506	0.000961939	-3.29706e-05	0.00129813
0.553408	-0.300171	0.1525	-0.000166451	0.000694352	-0.00112406
0.553409	-0.300173	0.152504	-4.14317e-05	-0.00063875	0.00040239
0.553411	-0.30017	0.152504	0.000725005	0.000590542	0.000834467
0.553409	-0.30017	0.152503	-9.09545e-05	0.000474849	-0.000455843
0.553407	-0.300174	0.152501	-0.000905723	-0.00115733	-0.000443788
0.553409	-0.300175	0.152506	-1.99931e-05	-0.000927812	0.000860528
0.553405	-0.300175	0.152501	-0.00122497	-0.000354069	-0.000859302
0.55341	-0.300174	0.152506	0.000966856	-7.66267e-05	0.00114344
0.553406	-0.300177	0.152502	-0.000600689	-0.000960116	-0.000660326
0.553407	-0.300175	0.152505	2.12094e-05	-4.27238e-05	0.000634179
0.553411	-0.300173	0.152508	0.00106634	0.00028507	0.00136025
0.553405	-0.300175	0.152501	-0.00122362	-0.000567157	-0.00106324
0.55341	-0.300172	0.152504	0.000556905	0.000454987	0.000455692
0.553408	-0.300175	0.152505	-0.000146216	-0.000695346	0.000228136
0.553409	-0.300171	0.1525	0.000272524	0.00106355	-0.00122175
0.553406	-0.300178	0.152505	-0.000799995	-0.00126216	0.000347353
0.553407	-0.300175	0.152503	-0.000194608	0.000201066	-0.000453785
0.553409	-0.300176	0.152504	0.000761922	-7.50951e-05	0.000236934
0.553408	-0.300174	0.152506	0.000141605	0.000601023	0.000551681
0.553407	-0.300177	0.152506	-0.00019762	-0.000668163	0.000407609
0.553406	-0.300176	0.152502	-0.000738348	-0.000292877	-0.00099946
0.553408	-0.300173	0.152502	0.0025425	0.000296917	0.00184818
0.553409	-0.300174	0.152502	0.0024693	2.52231e-05	0.00156247
0.553407	-0.300177	0.152505	0.000887195	-0.000909442	0.00162118
0.553405	-0.300177	0.152503	0.000288399	-0.000586225	0.00081694
0.55341	-0.300173	0.152507	0.00171125	0.000448748	0.00183056
0.553405	-0.300175	0.152501	-0.000119187	-2.70249e-05	-0.000479275
0.553405	-0.300177	0.1525	-6.85656e-05	-0.00058678	-0.000350681
0.553409	-0.30017	0.152502	0.0020762	0.00333987	4.69089e-05
0.553406	-0.300174	0.152502	-0.00183855	0.00140172	-0.00179182
0.553407	-0.300174	0.152501	-0.000992048	0.00150321	-0.00175448
0.553407	-0.300171	0.152503	-0.00102899	0.00184606	-0.000964153
0.553406	-0.300175	0.152504	-0.0010037	-0.000336232	-0.00039862
0.553409	-0.300169	0.152502	7.17454e-05	0.00186897	-0.00128759
0.553408	-0.300173	0.152505	0.000192756	0.000178405	0.000638129
0.553407	-0.300172	0.152502	-0.000166273	0.000759569	-0.000605795
0.55341	-0.30017	0.152502	0.000663183	0.00089204	-0.000328781
0.553405	-0.30017	0.152497	-0.0010869	0.000361392	-0.00178921
0.553409	-0.300169	0.152501	0.000401479	0.00120909	-0.00029169
0.553408	-0.300171	0.152502	-0.000161588	-0.00025994	0.000326975
0.553408	-0.30017	0.1525	-1.97595e-06	0.000370526	-0.000337136
0.553406	-0.300169	0.1525	-0.000546228	0.00036065	-0.000335667
0.553408	-0.300169	0.152502	0.000422022	8.39226e-05	0.000801895
0.553406	-0.300168	0.152495	-0.000577031	0.000772103	-0.0023939
0.553406	-0.30017	0.1525	-0.000520765	-8.29018e-06	-0.000282732
0.553409	-0.300169	0.152503	0.000678476	0.000271893	0.000754509
0.553411	-0.300168	0.152505	0.000986577	0.000195052	0.00122911
0.553408	-0.300169	0.152499	-0.00016903	0.000215003	-0.000902372
0.55341	-0.300167	0.152501	0.000547747	0.000588406	0.000458519
0.553411	-0.300169	0.152504	0.000696439	-0.000182687	0.000630711
0.55341	-0.300169	0.152503	0.000211516	-0.000101455	0.000595398
0.55341	-0.300166	0.1525	-4.03641e-05	0.000574543	-0.000441183
0.553411	-0.300171	0.152505	0.000489337	-0.000824795	0.0014798
0.553411	-0.300169	0.152506	0.000414656	1.59535e-05	0.00120091
0.553409	-0.300166	0.1525	-0.000458579	0.00123423	-0.00165912
0.553411	-0.300168	0.152504	6.78337e-05	-0.000384268	0.000250078
0.553411	-0.300168	0.152503	0.000180293	0.000291465	-0.000268633
0.553411	-0.300171	0.152506	-3.01417e-05	-0.00139009	0.00100921
0.553413	-0.300165	0.152504	0.000778469	0.00163602	-0.00021563
0.55341	-0.300168	0.152504	-0.00053901	-0.000326566	-0.00018824
0.553414	-0.300169	0.152509	0.000566583	-0.000978448	0.00138883
0.553413	-0.300169	0.152509	0.000284953	-0.000634992	0.00149637
0.553413	-0.300168	0.152507	0.000289782	9.05659e-05	0.000490258
0.553411	-0.300173	0.152507	-0.000461781	-0.00147383	-2.33484e-05
0.553413	-0.30017	0.152509	0.000299492	5.27324e-05	0.000977181
0.553412	-0.300171	0.152509	-0.000257647	-0.000478116	0.000144146
0.553413	-0.300175	0.152512	0.000570391	-0.00157001	0.00174076
0.553411	-0.300174	0.152508	-0.000405062	-0.000893801	-0.000618015
0.553411	-0.30017	0.152504	-0.000529399	0.000549551	-0.00134484
0.55341	-0.30018	0.152513	-0.000522372	-0.00233691	0.00137353
0.553412	-0.300173	0.152511	0.000531772	0.00104748	0.000174365
0.553412	-0.300176	0.152512	0.000264509	-0.000365477	0.000623592
0.55341	-0.300178	0.152511	-0.000327169	-0.000757694	-0.000170947
0.553407	-0.300181	0.152509	-0.00142841	-0.00136164	-0.00073531
0.553411	-0.300178	0.152513	0.000299297	-1.11026e-06	0.000996991
0.553405	-0.300184	0.152509	-0.00159648	-0.00195635	-0.000607256
0.553408	-0.30018	0.152512	-0.000171272	-0.000284467	0.000439815
0.553403	-0.300188	0.152512	-0.00160297	-0.00268453	0.000870169
0.553407	-0.300185	0.152512	-0.000119011	-0.00149095	0.000385208
0.553406	-0.300186	0.152514	-8.76583e-06	-0.000924312	0.00113879
0.553407	-0.300185	0.152515	0.000357252	-0.000159114	0.00115352
0.553405	-0.300185	0.15251	-0.00090087	-0.00047712	-0.00126393
0.553403	-0.300189	0.152514	-0.00112313	-0.00130264	0.000117583
0.553404	-0.30019	0.152514	-0.00022728	-0.000949853	5.53112e-05
0.553401	-0.300194	0.152512	-0.00129872	-0.00258863	-0.000109788
0.553402	-0.300189	0.152513	-0.000240244	0.000319346	9.22168e-05
0.553398	-0.300192	0.152507	-0.00142272	-0.000548888	-0.00171007
0.553404	-0.300196	0.152518	-0.00259822	-0.00867507	0.00326453
0.553399	-0.300202	0.152517	-0.00351339	-0.00774212	0.00173039
0.553402	-0.300193	0.152514	-0.00175082	-0.00307535	0.000361028
0.553401	-0.300197	0.152518	-0.00125893	-0.0034114	0.0012986
0.553399	-0.300197	0.152512	-0.00187474	-0.00287162	-0.000402239
0.553398	-0.300202	0.152515	-0.0015185	-0.00320146	0.000206406
0.553398	-0.300202	0.152517	-0.00141198	-0.00277331	0.000900013
0.553398	-0.300198	0.152512	-0.000887056	-0.000848593	-0.000948517
0.553399	-0.300202	0.152519	-0.000296957	-0.00179234	0.00142697
0.553396	-0.300203	0.152515	-0.000771258	-0.00116811	-2.83797e-05
0.553397	-0.300205	0.152517	-0.000405843	-0.00140274	0.0004576
0.553395	-0.300206	0.152518	-0.00330272	-0.000861393	-0.00136898
0.553396	-0.300208	0.152521	-0.00200808	-0.00123843	-0.00044775
0.553397	-0.300202	0.152514	-0.00114539	0.00134921	-0.00211148
0.553397	-0.300209	0.15252	-0.000900004	-0.00132245	0.000379446
0.553395	-0.300203	0.152514	-0.00119105	0.000855838	-0.00162022
0.553397	-0.300207	0.152519	-0.000275205	-0.000629958	9.30321e-05
0.553399	-0.300206	0.152521	0.000218049	7.48923e-05	0.000474733
0.553397	-0.300205	0.152517	-0.000201671	0.000117261	-0.000701096
0.553398	-0.300205	0.15252	3.30991e-05	6.13962e-05	7.89488e-05
0.553397	-0.300207	0.152521	-0.000444647	-0.000423452	0.000368241
0.553398	-0.300203	0.152519	0.000253222	0.00124355	-0.000580094
0.553396	-0.300208	0.15252	-0.000490161	-0.000720753	0.000259293
0.553396	-0.300205	0.152518	-0.000323141	0.000631484	-0.000822161
0.553394	-0.300208	0.152517	-0.000811727	-0.000525903	-0.000817214
0.553395	-0.300206	0.152519	-6.51166e-05	0.000692018	7.59337e-05
0.553396	-0.300205	0.152519	0.000172837	0.000936176	1.51299e-05
0.553396	-0.300202	0.152519	9.64354e-05	0.00116837	-5.26381e-05
0.553398	-0.300206	0.15252	0.000452112	-0.000964481	0.000482882
0.553398	-0.300203	0.152519	0.00267011	1.10949e-05	0.00230466
0.553399	-0.300202	0.152518	0.0025612	0.000888912	0.00119395
0.553397	-0.300206	0.152519	0.00143215	-0.000424313	0.0012247
0.5534	-0.300203	0.152524	0.00209839	0.00064304	0.0024465
0.553401	-0.300202	0.152523	0.00142994	0.00039637	0.00157317
0.5534	-0.300196	0.152515	0.000756619	0.00188102	-0.00152466
0.553403	-0.300195	0.152519	0.00153516	0.00165843	0.000542377
0.5534	-0.300201	0.15252	2.4281e-05	-0.000889693	0.000529546
0.553398	-0.3002	0.152516	-0.000367119	4.13403e-05	-0.00104942
0.553401	-0.300197	0.152516	0.000409609	0.000462926	-0.000350092
0.553399	-0.300196	0.152513	-8.23686e-05	0.000818911	-0.00134486
0.553405	-0.300192	0.152518	0.00150495	0.00138018	0.000723589
0.553404	-0.300193	0.152522	0.000897374	0.00100401	0.00173512
0.553402	-0.300196	0.152518	-6.7348e-05	-0.000290927	-0.000156521
0.553404	-0.300193	0.152519	0.000888311	0.00121884	0.000344469
0.553403	-0.300194	0.152519	2.94613e-05	0.000421304	0.000122216
0.553399	-0.300196	0.152516	-0.0010275	-0.00063947	-0.000772484
0.553403	-0.300195	0.152522	0.000630632	0.000391767	0.00121865
0.553404	-0.300195	0.15252	0.000536544	-0.000240098	0.000231194
0.553403	-0.300197	0.152521	0.000134988	-0.000725042	0.00052036
0.553406	-0.300192	0.152523	0.000601721	0.000545114	0.00100621
0.553404	-0.30019	0.152515	-0.000106787	0.0015073	-0.00194834
0.553406	-0.300194	0.152524	7.48768e-05	-0.000604619	0.000931281
0.553405	-0.300194	0.15252	4.46207e-05	-0.000436147	-0.00016396
0.553405	-0.30019	0.152517	0.000133531	0.0007419	-0.000676776
0.553405	-0.300189	0.152518	0.000118633	0.00105424	-0.000285995
0.553408	-0.300187	0.152518	0.000910475	0.0010978	-0.000168334
0.553408	-0.300187	0.152518	0.000629722	0.000743814	-1.63615e-06
0.553406	-0.300188	0.152518	-0.000404374	9.18551e-05	-0.000108889
0.553406	-0.300189	0.152516	-0.00027503	1.99549e-05	-0.000853342
0.553403	-0.300191	0.152517	-0.000744474	-0.000859573	-5.62808e-05
0.553409	-0.300189	0.152522	0.00117027	7.22697e-05	0.00147025
0.553403	-0.30019	0.152513	-0.000870021	0.000368122	-0.0020318
0.553403	-0.30019	0.152515	-0.000640311	-0.000275248	-0.000673493
0.553402	-0.300193	0.152514	-0.00068975	-0.00118664	-0.000521362
0.553404	-0.30019	0.152517	0.000277134	0.000714835	0.000291022
0.553405	-0.30019	0.152519	0.000147223	-2.51267e-06	0.000865853
0.553401	-0.300197	0.152515	-0.00118948	-0.0020268	-0.000774106
0.553401	-0.300195	0.152513	-0.000604937	-0.000795326	-0.000966304
0.553404	-0.300191	0.152517	0.000455398	0.00089626	0.000489889
0.553405	-0.300192	0.15252	0.0006549	7.35649e-05	0.00134393
0.553404	-0.30019	0.152516	-0.00238387	0.00104356	-0.00249782
0.553403	-0.300191	0.152514	-0.00159823	0.000685052	-0.00206487
0.553403	-0.300191	0.152516	-0.00140483	0.000548073	-0.00130511
0.553404	-0.300195	0.152521	-0.000790469	-0.000676857	0.000705491
0.553399	-0.300196	0.152514	-0.000428541	0.00231302	-0.00189111
0.553401	-0.300193	0.152514	0.000279918	0.00277431	-0.00134722
0.553401	-0.300194	0.152517	0.000671285	0.00206782	0.000300831
0.553399	-0.300199	0.152517	-8.75031e-05	1.10287e-05	-2.21828e-05
0.553402	-0.300193	0.152518	0.000441004	0.00165089	-0.000135858
0.553401	-0.300198	0.152518	7.1996e-05	-0.000398099	-6.35152e-06
0.5534	-0.300194	0.152515	-0.000403306	0.00104886	-0.000875997
0.553405	-0.30019	0.152517	-0.000883002	0.00242763	-0.00206743
0.5534	-0.300196	0.152515	-0.00197678	0.000361912	-0.00217742
0.553396	-0.300201	0.152516	-0.00301332	-0.00157905	-0.00145046
0.553396	-0.300202	0.152515	-0.00189391	-0.00104748	-0.00126927
0.553397	-0.300201	0.152515	-0.0010625	-0.000141966	-0.000931638
0.553399	-0.300198	0.152518	8.03038e-05	0.000908346	0.000182462
0.553396	-0.300202	0.152515	-0.00142455	-0.00139048	-0.00080885
0.553397	-0.3002	0.152517	-0.000698643	-0.000357595	0.000207343
0.553398	-0.300203	0.152519	0.000198697	-0.000379324	0.000660026
0.553395	-0.300202	0.152513	-0.00110294	-3.80057e-05	-0.00178437
0.553395	-0.300202	0.152512	-0.000771866	-3.11545e-05	-0.00131451
0.553395	-0.3002	0.152515	-0.000526635	4.23767e-05	-2.50091e-05
0.553395	-0.300201	0.152512	-2.6664e-05	0.000509936	-0.000755999
0.553397	-0.300202	0.152514	0.000357555	-0.000334105	1.69003e-05
0.553395	-0.300205	0.152515	-0.000182536	-0.000659093	0.000352251
0.553394	-0.300203	0.152514	-0.000428493	-0.000365473	4.42216e-05
0.553396	-0.300203	0.152518	0.000263205	-0.000319142	0.000919922
0.553392	-0.300208	0.152512	-0.000976076	-0.00122087	-0.00114317
0.553392	-0.300205	0.152511	-0.000421635	0.000307415	-0.00107856
0.553392	-0.300208	0.152516	-0.000368022	-0.000902825	0.000958644
0.553393	-0.300206	0.152514	-0.000175591	-6.36509e-05	-0.000138872
0.55339	-0.300211	0.152515	-0.000849156	-0.00154471	0.000173048
0.553394	-0.300205	0.152516	0.000464887	0.000492008	0.000685443
0.553393	-0.300203	0.152512	-0.000181581	0.000933669	-0.00112174
0.553391	-0.300206	0.152512	-0.000399749	0.000100723	-0.000743752
0.553392	-0.300206	0.152513	8.90346e-05	9.69755e-06	-0.000173558
0.55339	-0.300208	0.152512	-0.000604845	-0.00044419	-0.00046745
0.553392	-0.300204	0.152511	-9.51424e-05	0.000220445	-0.000286945
0.553392	-0.300206	0.152513	0.000619077	-1.24088e-05	0.000450432
0.553395	-0.300203	0.152515	0.000923134	0.00104521	0.000945747
0.553389	-0.300211	0.15251	-0.00126865	-0.00173198	-0.00109639
0.553391	-0.300205	0.15251	-0.000475549	0.000463346	-0.000598131
0.553394	-0.300203	0.152514	-0.000103389	0.00129221	-0.00307792
0.55339	-0.300203	0.152508	-0.00176723	0.000620841	-0.00424493
0.553391	-0.300204	0.15251	-0.000543159	0.000293789	-0.00241332
0.553392	-0.300201	0.15251	-0.000133661	0.0012553	-0.00186537
0.553392	-0.300203	0.152511	-0.000581428	-0.000171649	-0.0010954
0.553396	-0.300199	0.152512	0.000829704	0.0013229	-0.000234896
0.55339	-0.300202	0.152509	-0.00117972	0.000118578	-0.00151536
0.553392	-0.300201	0.152509	4.45571e-05	0.00047406	-0.00098878
0.553393	-0.3002	0.152508	0.000142009	0.000261827	-0.000968831
0.553392	-0.3002	0.152505	-0.000249753	0.000698346	-0.00177778
0.553391	-0.300201	0.152506	-0.000537557	6.44883e-05	-0.000843023
0.553393	-0.300195	0.152504	0.000201413	0.00154692	-0.00127613
0.553392	-0.300196	0.152503	-4.41459e-05	0.000602557	-0.000725983
0.553394	-0.300198	0.152509	0.000526686	-0.000257691	0.00142427
0.553392	-0.300195	0.152503	-8.81811e-05	0.000910895	-0.00125347
0.553391	-0.300197	0.152505	-0.000401798	0.000217426	-0.000365204
0.553395	-0.300195	0.152508	0.00109127	0.000937263	0.000838626
0.553389	-0.300197	0.152501	-0.00123077	-0.00013585	-0.00152889
0.553392	-0.300195	0.152504	0.000116038	0.000293703	0.000380537
0.553395	-0.30019	0.152501	0.000946164	0.00217215	-0.00130424
0.553396	-0.300191	0.152504	0.000925944	0.000861692	0.000137014
0.553395	-0.30019	0.152505	0.000242136	0.000726275	0.000404748
0.553394	-0.300193	0.152501	0.000119282	-0.000107741	-0.000591032
0.553393	-0.30019	0.152499	-0.000495655	0.000567235	-0.00146295
0.553396	-0.300187	0.1525	0.000673675	0.00129058	-0.000348956
0.553394	-0.30019	0.1525	-0.000441534	-8.06848e-05	-0.000453592
0.553396	-0.300186	0.152501	0.00095894	0.00136095	0.000303674
0.553395	-0.300186	0.152499	0.00044374	0.000918087	-0.000363926
0.553395	-0.30019	0.152503	-0.000240161	-0.000901274	0.000589682
0.553395	-0.300187	0.152498	-0.000313585	0.000524175	-0.00113573
0.553394	-0.300185	0.152495	-0.000534407	0.000941225	-0.00179416
0.553394	-0.300184	0.152494	-7.7568e-05	0.00113277	-0.00119183
0.553391	-0.300191	0.152499	-0.00106288	-0.00122722	0.000346797
0.553392	-0.300185	0.152492	-0.000364217	0.000787894	-0.00149604
0.553392	-0.300186	0.152496	0.00020284	0.00046081	0.000495853
0.553391	-0.300183	0.152491	-6.11652e-05	0.000865699	-0.00117881
0.55339	-0.300185	0.152492	-0.000624271	8.50895e-05	-0.000754387
0.553389	-0.300186	0.152492	-0.000936141	-0.000335658	-0.00065962
0.553388	-0.300189	0.152489	-0.00132342	-0.00125888	-0.00174582
0.55339	-0.300186	0.152492	6.85771e-06	0.000152077	-7.67594e-05
0.553387	-0.300184	0.152488	-0.000889244	0.000799072	-0.00131077
0.553388	-0.300182	0.152489	7.13724e-05	0.000975155	-0.000517934
0.553388	-0.300186	0.152492	-0.000220808	-0.000962766	0.000752531
0.553389	-0.300182	0.152487	-5.17101e-05	0.000993761	-0.00105184
0.553385	-0.300182	0.152484	-0.000936512	0.000862726	-0.00114885
0.553388	-0.300181	0.152485	-0.000130562	0.000434094	-0.000784676
0.553387	-0.300182	0.152484	-0.000397792	-0.000161049	-0.000777808
0.553386	-0.300187	0.152486	-0.000497012	-0.00172624	0.000518386
0.553384	-0.300183	0.152482	-0.00076359	1.73364e-05	-0.00104291
0.553382	-0.300186	0.152482	-0.00145538	-0.000954101	-0.00104941
0.553385	-0.300184	0.152485	0.000222702	0.000266247	0.000583338
0.553386	-0.300183	0.152487	0.00029301	0.000211004	0.00059679
0.553387	-0.30018	0.152483	0.00066497	0.00111689	-0.000547349
0.553387	-0.300183	0.152487	0.000329416	-0.00028916	0.000902762
0.553381	-0.300186	0.15248	-0.00152505	-0.00100195	-0.00158273
0.553384	-0.300184	0.152486	-9.52287e-05	0.000251972	0.000290974
0.553384	-0.300185	0.152486	-0.000146105	-0.000381179	0.000773169
0.553386	-0.300182	0.152485	0.000483351	0.000759508	-0.000253549
0.553385	-0.300186	0.152488	-7.69235e-05	-0.00104853	0.00119299
0.553386	-0.300186	0.152487	0.000584307	-0.000284983	0.000246958
0.553385	-0.300188	0.15249	-0.000123471	-0.00112275	0.00113737
0.553386	-0.300186	0.152492	0.00035343	0.000233077	0.00128571
0.553383	-0.300188	0.152486	-0.000791723	-0.000762552	-0.000775698
0.553385	-0.300185	0.152487	0.000105123	0.000413184	-1.05598e-05
0.553382	-0.300186	0.152484	-0.000887902	-7.08656e-05	-0.00154186
0.553383	-0.300183	0.152484	-0.000182393	0.000930263	-0.000338418
0.553384	-0.300189	0.15249	0.0002261	-0.0015523	0.00164621
0.553384	-0.300183	0.152483	0.000308112	0.00108128	-0.00111659
0.553379	-0.300186	0.152483	-0.00106479	-0.000132642	-0.000527141
0.553379	-0.30019	0.152486	-0.00100561	-0.00153722	0.000244813
0.553382	-0.300188	0.152484	0.000134803	-0.000244578	-0.000400176
0.553377	-0.30019	0.152481	-0.00147825	-0.000897007	-0.00124399
0.553377	-0.30019	0.152485	-0.000831046	-0.000549116	0.000554983
0.553379	-0.300185	0.15248	-0.000208632	0.000549527	-0.00103479
0.553375	-0.300193	0.152483	-0.0011743	-0.00155821	0.000200887
0.553379	-0.300189	0.152482	0.000357807	0.000341204	-0.000421375
0.553377	-0.300188	0.152482	-0.000114234	0.000839599	-0.00055573
0.553378	-0.30019	0.152482	-0.000962732	0.000177716	-0.00123629
0.553374	-0.300192	0.15248	-0.00194932	-0.000699056	-0.00154509
0.553376	-0.300188	0.152482	-0.000514934	0.000513155	-2.48755e-05
0.553375	-0.300188	0.152478	-0.000765114	0.000385281	-0.00118362
0.553374	-0.300188	0.152477	-0.000875103	0.000335869	-0.00112795
0.553377	-0.300184	0.152481	0.00047229	0.00167739	0.000165932
0.553373	-0.300191	0.152477	-0.0010219	-0.000847682	-0.00160324
0.553373	-0.300189	0.152477	-0.000474208	-1.25203e-05	-0.00035427
0.553376	-0.300189	0.152484	0.000472335	-0.000153555	0.00158061
0.55337	-0.300188	0.152476	-0.00180175	-0.000207961	-0.0016708
0.55337	-0.30019	0.152476	-0.00103938	-0.000681291	-0.000730167
0.553375	-0.300188	0.152478	0.000656318	0.000297805	-0.000186651
0.553372	-0.300189	0.152476	2.50381e-05	0.000258598	-0.000594777
0.553369	-0.300189	0.152473	-0.000708934	0.000312267	-0.000969888
0.553372	-0.300187	0.152475	0.000336192	0.000626797	0.000140536
0.553369	-0.30019	0.152474	-0.000668389	-0.000514529	-0.000132926
0.553369	-0.300186	0.152469	-0.000600608	0.00079055	-0.00162288
0.553369	-0.300185	0.152467	-1.45493e-05	0.000962569	-0.00145321
0.553365	-0.300186	0.152465	-0.00133809	0.00035288	-0.00185054
0.553366	-0.300186	0.152466	-0.000180677	9.54539e-05	-0.000576354
0.553366	-0.300183	0.152462	-0.000252695	0.00115611	-0.00184005
0.553367	-0.300187	0.152467	0.000299856	-0.000390839	0.000443546
0.553367	-0.300181	0.152464	0.000243343	0.00135494	-0.000498297
0.553367	-0.30018	0.152461	-0.000104141	0.00150105	-0.00131966
0.553365	-0.300179	0.152461	-0.000425611	0.00107483	-0.00121099
0.553365	-0.300178	0.152456	-0.000212718	0.00120204	-0.00221895
0.553365	-0.300182	0.152461	-0.000338975	-0.000774963	0.000517696
0.553368	-0.300173	0.152458	0.00218266	0.00544379	-0.00216236
0.553363	-0.300182	0.152457	0.000238805	0.00145712	-0.00162909
0.553364	-0.300178	0.152456	0.000768613	0.0027116	-0.00120825
0.553362	-0.300176	0.152451	0.000112328	0.00257464	-0.00231466
0.553364	-0.300173	0.152451	0.00105257	0.00279771	-0.00133621
0.553365	-0.300168	0.152449	0.000695475	0.00305878	-0.00195134
0.553364	-0.300169	0.152448	-0.000140387	0.00165977	-0.00164649
0.553366	-0.300168	0.15245	0.000975845	0.00205033	-0.000244553
0.553366	-0.30017	0.15245	0.000934999	0.000773225	-6.11383e-05
0.553366	-0.300167	0.152447	9.91006e-05	0.00125144	-0.00121285
0.553369	-0.300159	0.152446	0.001151	0.00341926	-0.000869125
0.553367	-0.300163	0.152446	0.00115861	0.000518842	0.00282311
0.553367	-0.300161	0.152443	0.000816759	0.000520698	0.000952157
0.553368	-0.300157	0.152442	0.000811038	0.00131974	0.000750865
0.553372	-0.300154	0.152449	0.00175184	0.00179544	0.00268065
0.55337	-0.300155	0.152444	0.000389057	0.000744985	0.000218782
0.553371	-0.300154	0.152442	0.000680184	0.00093261	-0.000239853
0.553372	-0.300152	0.152443	0.000859778	0.000846309	0.000331595
0.553374	-0.30015	0.152443	0.00147713	0.00149334	0.000488449
0.553375	-0.300145	0.152443	0.00093109	0.00210976	1.93663e-07
0.553373	-0.300147	0.152439	0.000201223	0.000846644	-0.00117266
0.553379	-0.300144	0.152442	0.00204296	0.00178731	0.000470626
0.553379	-0.300139	0.152441	0.00106125	0.00242218	-0.000183456
0.55338	-0.300139	0.152443	0.0011514	0.00147778	0.000616102
0.553381	-0.300139	0.152447	0.00113154	0.000955792	0.00152804
0.553377	-0.30014	0.152441	-0.000302034	0.000295267	-0.000700773
0.553383	-0.300133	0.152443	0.00133172	0.00213068	0.000140219
0.553381	-0.300136	0.152444	0.000663993	0.000347249	0.00118901
0.553382	-0.300126	0.152437	0.000528123	0.00293526	-0.00173575
0.553382	-0.300132	0.152442	0.000296385	-0.000190689	0.000453982
0.553384	-0.300127	0.152438	0.000677844	0.00133113	-0.000541815
0.553388	-0.300124	0.15244	0.00186777	0.00218987	3.60581e-05
0.553386	-0.300129	0.152444	0.000406346	-0.000367164	0.00123291
0.55339	-0.300124	0.152446	0.00263915	0.00330311	0.00140154
0.553389	-0.300121	0.152442	0.00136871	0.00244155	0.000202042
0.553391	-0.300117	0.152442	0.0015571	0.00270739	0.000382927
0.553389	-0.30012	0.15244	0.000297655	0.000933234	-0.000565284
0.55339	-0.300116	0.15244	0.000380331	0.0017779	-0.000847314
0.553389	-0.300113	0.152436	-0.000174035	0.00188234	-0.00133479
0.553394	-0.300109	0.152439	0.00157108	0.00264425	9.28762e-05
0.553393	-0.300111	0.15244	0.000464614	0.00074128	0.000133338
0.553397	-0.300105	0.152442	0.00130266	0.00203824	0.0005181
0.553395	-0.30011	0.152443	0.000170744	-0.000748349	0.000816144
0.553398	-0.300105	0.152447	0.00093523	0.000522931	0.00231397
0.553398	-0.300104	0.152442	-0.000990958	0.000668497	-0.00110091
0.5534	-0.300106	0.152446	-0.000125817	-0.000192119	0.000399408
0.553397	-0.300106	0.152446	-0.00145158	-0.000968645	0.000452759
0.5534	-0.300102	0.152444	-0.000308411	0.000301665	-0.000923945
0.553398	-0.300104	0.152442	-0.00107263	-0.000738082	-0.000814022
0.5534	-0.300099	0.152444	-0.000470728	3.84974e-05	0.00031358
0.553405	-0.300094	0.152447	0.00101113	0.000873981	0.00109336
0.553405	-0.300097	0.152453	0.00028441	-0.000425866	0.00224585
0.553402	-0.300097	0.152446	-0.000916288	-0.00061823	-0.000562461
0.553403	-0.300096	0.152449	-0.00026532	-0.00044989	0.000822171
0.553404	-0.3001	0.152453	0.000104259	-0.00151497	0.00172991
0.553403	-0.300098	0.152451	-0.000710487	-0.000884261	0.000442488
0.553402	-0.300099	0.15245	-0.000888959	-0.00107556	-0.000227197
0.553403	-0.300099	0.152453	-0.000459967	-0.00126421	0.00110148
0.553404	-0.300099	0.152453	-0.000336293	-0.00135206	0.0005449
0.553405	-0.300098	0.152454	-0.00021186	-0.000908418	0.000464701
0.553401	-0.300102	0.152452	-0.00144955	-0.00199486	-0.000453412
0.553402	-0.300099	0.152451	-0.000341662	-0.00040123	1.03191e-05
0.553399	-0.300101	0.152453	-0.00134355	-0.00107258	0.0007153
0.553403	-0.3001	0.152456	2.89067e-05	-0.000927972	0.0010474
0.553401	-0.300101	0.152451	-0.000643431	-0.0010107	-0.000769163
0.553401	-0.300104	0.152456	-0.000468438	-0.00178947	0.00124931
0.553401	-0.300102	0.152453	-0.000385587	-0.000621023	-0.000379673
0.553403	-0.300108	0.152461	8.48058e-05	-0.00219805	0.00203171
0.5534	-0.300107	0.152455	-0.000712578	-0.00129766	-0.000455601
0.5534	-0.300105	0.152456	-0.000305996	-0.000340764	0.000293881
0.553398	-0.300112	0.152457	-0.00102357	-0.00231193	0.000256106
0.553399	-0.300112	0.152459	-0.000431151	-0.00152746	0.000870355
0.553398	-0.300112	0.152459	-0.000401965	-0.00107364	0.000410111
0.553395	-0.300113	0.152456	-0.00114414	-0.00102583	-0.000218727
0.553397	-0.300115	0.152459	-0.000391614	-0.00137775	0.000477204
0.553397	-0.300113	0.152459	-5.88112e-05	-0.000381531	0.000938842
0.553391	-0.300118	0.152453	-0.00188354	-0.00216831	-0.000942834
0.553394	-0.300117	0.152457	-0.000474542	-0.00100668	0.000123606
0.553392	-0.300119	0.152457	-0.00111452	-0.00159365	-6.56142e-05
0.553391	-0.300122	0.152458	-0.000728214	-0.00166567	0.000239534
0.55339	-0.300124	0.152457	-0.000734406	-0.00162103	0.00018448
0.553388	-0.300127	0.152458	-0.00102389	-0.00210414	0.000237793
0.55339	-0.300127	0.152463	-0.00206324	-0.00492471	0.00179132
0.553391	-0.300127	0.15246	-0.00129118	-0.00300563	3.84378e-05
0.55339	-0.300129	0.152462	-0.00141118	-0.00330615	0.000464564
0.553393	-0.300128	0.152467	-0.000285199	-0.00193164	0.00192382
0.553392	-0.300131	0.152466	-0.000396966	-0.00199007	0.000932672
0.55339	-0.300134	0.152465	-0.000910126	-0.00235174	0.000337414
0.553392	-0.30013	0.152469	0.000244665	-0.00078228	0.0016801
0.553389	-0.300132	0.152465	-0.000664909	-0.000853063	-0.000124813
0.553389	-0.300137	0.152468	-0.00168445	-0.00391596	0.000793605
0.553388	-0.300135	0.152466	-0.00116138	-0.00231017	-3.71051e-05
0.553386	-0.30014	0.152465	-0.00176578	-0.00313723	-0.000427129
0.553389	-0.300135	0.152467	-0.000219473	-0.000178818	0.000344627
0.553387	-0.300138	0.152468	-0.000752922	-0.00124463	0.000330204
0.553388	-0.300137	0.152466	5.55889e-05	-1.81589e-05	-0.000265844
0.553386	-0.300139	0.152468	-0.000563765	-0.00104187	0.000765516
0.553389	-0.30014	0.152471	-0.000657404	-0.00267449	0.00117375
0.553387	-0.300142	0.152473	-0.0010624	-0.00221081	0.00130499
0.553384	-0.300145	0.15247	-0.00157411	-0.00259193	9.623e-05
0.553384	-0.300147	0.15247	0.000259996	-0.00212954	0.00351865
0.553383	-0.300144	0.15247	-0.0010056	-0.000731977	-0.000692141
0.553383	-0.300144	0.152467	-0.000730448	-0.00062125	-0.00129786
0.553383	-0.300144	0.152468	-0.00173614	-0.000785623	-0.00196374
0.553383	-0.300149	0.152472	-0.00177449	-0.00217299	0.000589779
0.553384	-0.300142	0.152468	0.00107932	0.000437037	0.0032656
0.553385	-0.300141	0.152466	0.0017753	-0.000401635	0.00439517
0.553385	-0.300146	0.152467	0.00152411	-0.00213124	0.0052366
0.553382	-0.300146	0.152463	-0.000290031	-0.00131238	0.000913135
0.553385	-0.300139	0.152458	0.000562276	0.00131476	-0.00185001
0.553385	-0.300141	0.152458	8.90364e-05	0.000178346	-0.00119507
0.553382	-0.300143	0.152451	-0.000647396	0.00114228	-0.0049163
0.553387	-0.30014	0.152452	0.00125107	0.00171092	-0.00220901
0.553385	-0.300137	0.152445	0.000424963	0.00132687	-0.00283774
0.55339	-0.300132	0.152441	0.00252678	0.00326027	-0.00229559
0.553392	-0.300133	0.152442	0.00177013	0.00134865	-0.000874138
0.553392	-0.30013	0.152437	0.0012071	0.00186664	-0.00323011
0.553399	-0.300125	0.152441	0.00232701	0.00260488	-0.00204099
0.5534	-0.300125	0.152439	0.00201534	0.00101308	-0.00156939
0.5534	-0.300122	0.152433	0.00132836	0.000859437	-0.00273532
0.553404	-0.300118	0.152433	0.00134571	0.00115368	-0.00257189
0.55341	-0.300116	0.152437	0.00325857	0.000800361	0.000558887
0.55341	-0.300113	0.15243	0.00296756	0.00251238	-0.000701686
0.553416	-0.300109	0.152429	0.00274569	0.00209959	-0.00182674
0.553418	-0.300107	0.152428	0.00436934	0.00289823	-0.000846003
0.55342	-0.300104	0.152426	0.00331665	0.00244655	-0.00186886
0.553427	-0.300098	0.152425	0.00516091	0.00483404	-0.000638878
0.553431	-0.300097	0.152425	0.0041731	0.00304608	0.000227834
0.553437	-0.300096	0.152431	0.0055802	0.00370228	0.00188027
0.55344	-0.300094	0.152426	0.00488968	0.00257064	-0.000385095
0.553448	-0.300088	0.152425	0.005756	0.00309314	-0.00080182
0.553454	-0.300086	0.152428	0.00594736	0.00281627	0.0014374
0.553456	-0.300085	0.152423	0.00388479	0.00185373	-0.00160044
0.553463	-0.300079	0.152422	0.00420321	0.00280294	-0.00216186
0.553472	-0.300074	0.152425	0.00584361	0.00290763	-0.000132841
0.553474	-0.300073	0.15242	0.00401331	0.00127017	-0.0023362
0.553481	-0.300073	0.152422	0.00513677	8.81999e-05	0.000701388
0.553487	-0.30007	0.152421	0.00509779	0.00072787	-0.000243049
0.553496	-0.300063	0.152421	0.00605466	0.00205453	-0.000294697
0.553504	-0.300062	0.152425	0.00772059	0.00284375	0.00269837
0.553511	-0.300054	0.152417	0.00806612	0.00546768	-2.45425e-05
0.55352	-0.300052	0.152421	0.00790223	0.00389341	-0.000483681
0.553527	-0.300051	0.152424	0.007869	0.00224754	0.00238352
0.553532	-0.30005	0.152419	0.0069136	0.0015645	0.001372
0.553543	-0.300041	0.15242	0.00780661	0.00360377	0.00126458
0.553552	-0.300034	0.152418	0.00855529	0.00572807	-0.00116314
0.553561	-0.300032	0.152419	0.00828239	0.003881	-7.76018e-05
0.553569	-0.300028	0.152418	0.00694523	0.00269665	-0.000168477
0.553581	-0.30002	0.152419	0.00894845	0.00338268	0.0013943
0.553601	-0.300009	0.152419	0.0102113	0.00566733	0.000713586
0.553607	-0.300009	0.152416	0.00942521	0.00435607	0.000127562
0.553619	-0.3	0.152416	0.0100045	0.00479779	0.00102691
0.553629	-0.299992	0.152413	0.0103307	0.00721018	0.000113969
0.553642	-0.299987	0.152417	0.0114178	0.00736416	0.00174906
0.553654	-0.299984	0.152422	0.0121787	0.00705911	0.00338197
0.553665	-0.299974	0.152418	0.0107045	0.00693561	-6.43953e-05
0.553675	-0.299969	0.152417	0.0107274	0.0050898	0.000749783
0.55369	-0.299961	0.15242	0.0112502	0.00512781	0.00135753
0.553702	-0.299954	0.152419	0.0110549	0.00517532	0.000540011
0.553713	-0.299948	0.152419	0.00971024	0.00417088	-0.000613515
0.553727	-0.299941	0.152421	0.0105329	0.00384778	0.000520867
0.553739	-0.299936	0.152424	0.0109788	0.00422965	0.000262353
0.553755	-0.299923	0.152427	0.0122849	0.00572128	0.00165761
0.553764	-0.299919	0.152422	0.00962233	0.00492537	-0.00119909
0.553777	-0.299908	0.152424	0.0108358	0.0067652	5.5347e-05
0.553792	-0.299898	0.152427	0.0123652	0.00783937	0.00166183
0.553808	-0.299886	0.152425	0.0134031	0.00970483	-0.001042
0.553817	-0.299884	0.152429	0.0119203	0.00573388	0.00162461
0.553833	-0.299874	0.152429	0.0120605	0.00645848	0.000765768
0.553846	-0.299861	0.152429	0.011424	0.00824347	-0.00024917
0.553864	-0.299848	0.152436	0.0133332	0.00836904	0.00148205
0.553873	-0.299841	0.152434	0.0109931	0.0089435	-0.00228934
0.553886	-0.299835	0.152434	0.0109249	0.00819489	-0.0034318
0.553903	-0.299818	0.152436	0.0125879	0.01105	-0.00196542
0.553916	-0.299811	0.152441	0.0124467	0.0106083	-0.000654176
0.553933	-0.299798	0.152445	0.0135806	0.0115653	-0.000278521
0.553946	-0.299788	0.152444	0.0121712	0.0118056	-0.00193439
0.553963	-0.299775	0.152448	0.0107566	0.0103757	-0.00242111
0.553975	-0.299768	0.152449	0.0123684	0.00951011	-7.40251e-05
0.553989	-0.29975	0.152447	0.0131787	0.012328	-0.00050534
0.554007	-0.299745	0.152455	0.0147874	0.0104276	0.00124782
0.554022	-0.299731	0.152456	0.0147018	0.0113276	0.00152765
0.554038	-0.299714	0.152452	0.0151292	0.0134605	7.66033e-05
0.554051	-0.299706	0.152456	0.0151797	0.0119849	0.00217547
0.554068	-0.299692	0.152456	0.0161641	0.0142854	0.000226076
0.554082	-0.299679	0.152456	0.0167057	0.0151092	-3.7068e-06
0.554098	-0.299668	0.15246	0.0158967	0.013697	-0.000319552
0.554114	-0.299655	0.152461	0.0174498	0.01486	-0.000409232
0.554128	-0.299642	0.15246	0.017491	0.0140637	0.000774292
0.55414	-0.299633	0.152461	0.016967	0.0124343	0.00350724
0.554163	-0.299614	0.152462	0.0180345	0.0147295	0.00146228
0.554174	-0.299607	0.152466	0.0164234	0.0134297	0.0022802
0.554189	-0.299596	0.152466	0.0156415	0.014547	0.000614698
0.554208	-0.299576	0.152466	0.0180638	0.0173212	0.00159867
0.554223	-0.299561	0.152468	0.0180693	0.0162013	0.00288322
0.554238	-0.299551	0.152469	0.0167446	0.0112644	0.00353066
0.554253	-0.299536	0.15247	0.0165345	0.0109607	0.00370502
0.554269	-0.29952	0.152471	0.0169211	0.0136392	0.00353652
0.554286	-0.299506	0.152472	0.0163411	0.012779	0.00283439
0.554303	-0.299491	0.152476	0.0163037	0.0137767	0.00163356
0.55432	-0.299474	0.152475	0.0168452	0.0155086	0.00115001
0.554336	-0.29946	0.152479	0.0159473	0.0158076	0.00122677
0.554352	-0.299443	0.15248	0.0164677	0.0170002	0.00122418
0.554365	-0.299433	0.152481	0.0154431	0.014196	0.00129939
0.554384	-0.299416	0.152483	0.0178675	0.0172273	0.00365461
0.554401	-0.299397	0.152485	0.0183216	0.0192933	0.00426846
0.554416	-0.299386	0.152488	0.017766	0.0170117	0.00469465
0.554437	-0.299365	0.152493	0.0196335	0.0194018	0.00523453
0.554451	-0.299351	0.152494	0.0188449	0.0175624	0.0045615
0.554467	-0.299338	0.152498	0.0201962	0.0190532	0.00649645
0.554487	-0.299319	0.152501	0.0204673	0.0198381	0.00467252
0.554504	-0.299303	0.152503	0.0193596	0.0193082	0.00268231
0.55452	-0.299287	0.152506	0.0190018	0.0190432	0.00295821
0.554537	-0.299271	0.152507	0.0181943	0.0168842	0.00421694
0.554556	-0.299251	0.152511	0.0180413	0.0179912	0.00377056
0.554573	-0.299235	0.152516	0.017888	0.0173191	0.00395897
0.554587	-0.29922	0.152513	0.0163261	0.0163298	0.00137108
0.554606	-0.299201	0.152517	0.017965	0.0192949	0.00190847
0.554626	-0.299184	0.152524	0.018612	0.0183101	0.00379677
0.554645	-0.299165	0.152528	0.0188068	0.018719	0.00280667
0.554662	-0.299144	0.152527	0.0173102	0.0189383	0.000786081
0.554683	-0.299128	0.152532	0.0181838	0.0175927	0.00337869
0.5547	-0.299107	0.152535	0.017052	0.0199056	0.00163149
0.55472	-0.299089	0.152538	0.0182407	0.0220977	0.00097477
0.554737	-0.299073	0.152542	0.0166297	0.0195714	0.000932647
0.554756	-0.299052	0.152547	0.0161495	0.0197706	0.00117216
0.554774	-0.299034	0.152547	0.0176452	0.0193958	0.00139667
0.554795	-0.299013	0.152555	0.0182737	0.0196354	0.00314321
0.554814	-0.298999	0.152564	0.0179104	0.0187719	0.00254631
0.554829	-0.298977	0.152558	0.0168175	0.0186192	-0.000205316
0.554845	-0.298962	0.152564	0.0153721	0.0165825	0.000650995
0.554864	-0.298943	0.152569	0.0154222	0.0169101	0.000945706
0.554881	-0.298924	0.152568	0.0146274	0.0167576	-0.000583954
0.5549	-0.298903	0.152575	0.0166184	0.0166426	0.00213773
0.554915	-0.298887	0.152577	0.0169404	0.0173929	0.00196621
0.554932	-0.298868	0.152581	0.0163694	0.0184183	0.000484891
0.554953	-0.298846	0.152586	0.0187521	0.0200932	0.00176231
0.554973	-0.298825	0.152589	0.019872	0.0207093	0.00205538
0.554991	-0.298803	0.152594	0.0191269	0.0212897	0.00272152
0.555006	-0.298787	0.152595	0.0182984	0.0215571	0.000643666
0.555029	-0.298764	0.152602	0.0199552	0.0229772	0.00252435
0.555047	-0.298745	0.15261	0.0189343	0.0200666	0.00523197
0.555062	-0.298728	0.152611	0.0173917	0.0180494	0.00447192
0.555079	-0.298708	0.152616	0.0173609	0.0193823	0.00255911
0.5551	-0.298689	0.152629	0.0176293	0.0191642	0.00554615
0.555115	-0.298666	0.152625	0.0158503	0.0194268	0.00252853
0.555133	-0.298649	0.152636	0.0167984	0.0168364	0.00628894
0.555153	-0.29863	0.152646	0.0161012	0.0164786	0.00694156
0.555171	-0.298605	0.152648	0.017207	0.0212673	0.00501096
0.555191	-0.298583	0.152655	0.017791	0.0199706	0.0068879
0.555205	-0.298565	0.152656	0.0160907	0.0190142	0.00463429
0.555225	-0.298545	0.152665	0.0161736	0.0179769	0.00589782
0.555237	-0.298526	0.152665	0.0157245	0.0179236	0.00484174
0.555257	-0.2985	0.152673	0.0163596	0.0199264	0.00585397
0.555273	-0.298483	0.152677	0.0167311	0.0189722	0.00575436
0.555294	-0.298463	0.152686	0.0187971	0.0189695	0.00804118
0.555312	-0.298435	0.152688	0.0209318	0.0251605	0.00607585
0.555328	-0.298422	0.152702	0.0179848	0.0177203	0.00934608
0.555344	-0.298397	0.152699	0.0170161	0.0188065	0.00550575
0.555364	-0.298374	0.152705	0.0167665	0.0172892	0.0062193
0.555379	-0.298354	0.152711	0.0145706	0.0169495	0.00518021
0.555396	-0.298332	0.152714	0.0141188	0.0180979	0.00383624
0.555414	-0.298309	0.152719	0.0126371	0.0169901	0.00341014
0.555431	-0.298286	0.152723	0.0143588	0.0205549	0.00259049
0.555447	-0.298265	0.152726	0.0140562	0.019585	0.00297137
0.555464	-0.298242	0.152731	0.0138628	0.0212656	0.00225407
0.555483	-0.298218	0.152736	0.0169743	0.023391	0.00366146
0.555496	-0.298201	0.152739	0.0154089	0.020816	0.00371615
0.555514	-0.298174	0.15274	0.0158811	0.0214967	0.00337146
0.555531	-0.298153	0.152749	0.0161933	0.0210726	0.00453519
0.555549	-0.298131	0.152752	0.014936	0.0186026	0.00461541
0.555566	-0.298105	0.152756	0.015702	0.0212773	0.00415362
0.555578	-0.298087	0.152756	0.0147761	0.0207649	0.00254305
0.555594	-0.298065	0.152761	0.015842	0.0223472	0.00340473
0.555607	-0.298043	0.15276	0.0133193	0.0194738	0.00137753
0.555625	-0.298017	0.152768	0.0139553	0.0200903	0.00344057
0.555644	-0.297994	0.152772	0.0153315	0.0210197	0.00376136
0.555656	-0.297971	0.152771	0.0143392	0.0225129	0.00161099
0.555669	-0.297948	0.152771	0.0127093	0.0208758	0.000764966
0.555689	-0.297924	0.152783	0.0141513	0.0200934	0.00457589
0.5557	-0.297905	0.152781	0.012071	0.0179477	0.00222246
0.555717	-0.297879	0.152787	0.0131104	0.0195389	0.00311081
0.555731	-0.297857	0.152788	0.012363	0.0188719	0.00218713
0.555746	-0.297831	0.152792	0.0131911	0.0207928	0.00279621
0.555761	-0.297809	0.152794	0.0153049	0.0196155	0.00434682
0.555776	-0.297779	0.152792	0.0153391	0.0227434	0.00222994
0.555789	-0.297762	0.152796	0.0146004	0.0211728	0.00280235
0.555808	-0.297732	0.152801	0.0151215	0.0219727	0.00323899
0.555824	-0.297709	0.152803	0.0142935	0.0203172	0.00274915
0.555838	-0.297682	0.152806	0.0133341	0.0213566	0.00231216
0.555853	-0.297657	0.152806	0.0137884	0.0222582	0.00134485
0.55587	-0.297631	0.15281	0.0142244	0.0232132	0.00174194
0.55589	-0.297603	0.152818	0.0157606	0.0246069	0.00340312
0.555904	-0.297582	0.152817	0.0156583	0.024434	0.00140423
0.555918	-0.297555	0.152819	0.0152041	0.0254715	0.00137403
0.555933	-0.29753	0.152822	0.015237	0.0250718	0.00329961
0.555953	-0.297501	0.152825	0.015734	0.0247429	0.00331667
0.555965	-0.297477	0.152828	0.0156955	0.0255727	0.00420512
0.555981	-0.297449	0.152828	0.0153042	0.0243048	0.0041465
0.555998	-0.297419	0.15283	0.0157634	0.027012	0.0029034
0.556014	-0.297394	0.152835	0.0158042	0.026044	0.00334519
0.556032	-0.297364	0.152835	0.0158997	0.0264849	0.00198511
0.556048	-0.297337	0.152838	0.0161159	0.0257059	0.00414131
0.556059	-0.297317	0.152839	0.0146244	0.0243151	0.0029684
0.556073	-0.297289	0.152839	0.0138803	0.0249306	0.00127701
0.556093	-0.297258	0.152843	0.0165494	0.0279924	0.00228086
0.556105	-0.297231	0.15284	0.0153867	0.028507	-0.000146348
0.556118	-0.297206	0.152841	0.0147447	0.0273594	0.000404851
0.556136	-0.297177	0.152843	0.0156202	0.0274808	0.00134438
0.556152	-0.297146	0.152843	0.0155507	0.0285959	0.00031843
0.556164	-0.297123	0.152843	0.0144789	0.0265131	0.000345718
0.556178	-0.297095	0.152841	0.0142865	0.0272392	-0.000891595
0.556194	-0.297064	0.152842	0.0156199	0.0303788	-0.000465564
0.55621	-0.297038	0.152846	0.0167004	0.0308346	0.000441413
0.556217	-0.297012	0.152836	0.0148237	0.0316695	-0.00345708
0.556236	-0.296984	0.152841	0.016928	0.0317813	-0.00046802
0.556251	-0.296959	0.152844	0.0172618	0.0317717	0.000383042
0.556264	-0.296929	0.152842	0.0174675	0.0327431	5.9495e-05
0.556275	-0.296904	0.152839	0.0161119	0.0317967	-0.000580275
0.55629	-0.296876	0.152836	0.0160598	0.0306022	-0.00139835
0.556303	-0.296846	0.152834	0.016249	0.031835	-0.00139296
0.556317	-0.29682	0.152835	0.0171665	0.0317348	0.000179861
0.556332	-0.296788	0.15283	0.0155561	0.0319116	-0.00223269
0.556345	-0.296763	0.152831	0.0149621	0.0294151	-0.000769639
0.556358	-0.296735	0.152831	0.0160092	0.0306659	-0.000199222
0.556372	-0.296706	0.152829	0.0143956	0.0294732	-0.0015268
0.556384	-0.296675	0.152825	0.0145021	0.0301494	-0.00129146
0.556396	-0.29665	0.152823	0.014183	0.0278299	-0.000625836
0.55641	-0.296622	0.152824	0.0156784	0.0299129	0.000332066
0.55642	-0.296593	0.152818	0.0143032	0.0301228	-0.0018871
0.556434	-0.29656	0.152812	0.0130659	0.0293186	-0.00340975
0.556447	-0.296537	0.152818	0.0128908	0.0277603	-0.00063796
0.556458	-0.296505	0.15281	0.0125364	0.0287781	-0.00269412
0.556467	-0.296477	0.152804	0.0108133	0.0283904	-0.00415158
0.556481	-0.296452	0.152807	0.0115242	0.0278122	-0.00222422
0.556494	-0.296418	0.152802	0.0132089	0.0294923	-0.00201327
0.556504	-0.296391	0.152796	0.0111903	0.0265884	-0.0031131
0.556511	-0.296363	0.152792	0.0097614	0.0265724	-0.00329876
0.556524	-0.296335	0.152789	0.0108842	0.0259454	-0.00252078
0.556531	-0.296308	0.152783	0.010971	0.0260019	-0.00234535
0.556546	-0.296277	0.152784	0.0110659	0.0259366	-0.00156066
0.556553	-0.296246	0.152772	0.0100432	0.0276743	-0.00482837
0.556564	-0.296218	0.152771	0.00920147	0.0277327	-0.00435589
0.556574	-0.296188	0.152765	0.00942975	0.0279669	-0.00446575
0.556583	-0.29616	0.152756	0.00932406	0.029904	-0.00688742
0.556589	-0.296132	0.152749	0.00974106	0.029528	-0.00554926
0.556596	-0.296106	0.152743	0.00950254	0.0282644	-0.00566177
0.556606	-0.296075	0.152736	0.0088482	0.0296285	-0.00701533
0.556614	-0.296049	0.152731	0.00980938	0.0297831	-0.00580338
0.556618	-0.29602	0.152717	0.008375	0.0314853	-0.0117581
0.556629	-0.29599	0.152717	0.0101002	0.0311946	-0.00738117
0.556636	-0.295957	0.152706	0.00987376	0.030878	-0.00778048
0.556645	-0.295925	0.152699	0.0089064	0.030884	-0.00807812
0.556651	-0.295898	0.152696	0.00739584	0.0294732	-0.00728417
0.556655	-0.29587	0.152681	0.00590113	0.028711	-0.00968485
0.55666	-0.29584	0.15267	0.00628643	0.0301546	-0.00997237
0.556667	-0.295807	0.152663	0.00784956	0.0310037	-0.00770978
0.556677	-0.295775	0.152659	0.00821329	0.0311049	-0.00654835
0.55668	-0.295746	0.152648	0.0065423	0.0299551	-0.0080039
0.556685	-0.295717	0.152637	0.00613494	0.0290949	-0.00833598
0.556689	-0.295689	0.152627	0.00435271	0.028945	-0.0099084
0.556696	-0.295656	0.15262	0.00516457	0.0297776	-0.00860407
0.556696	-0.295628	0.152607	0.00329026	0.0290662	-0.0102932
0.556701	-0.295597	0.152596	0.00165183	0.0280138	-0.0113178
0.556704	-0.295565	0.152586	0.00117429	0.0288141	-0.0116233
0.556708	-0.295534	0.152575	0.000952822	0.0289174	-0.0118704
0.55671	-0.295498	0.152559	0.00141861	0.0321577	-0.0139411
0.556715	-0.295469	0.15255	0.00276251	0.0324192	-0.0126954
0.556717	-0.295435	0.152537	0.00206594	0.0328975	-0.0156208
0.556715	-0.295411	0.152526	0.000477298	0.0295368	-0.0142043
0.556718	-0.295373	0.152507	0.00265282	0.033419	-0.0152323
0.556716	-0.295348	0.152495	0.00224136	0.030225	-0.0132318
0.556716	-0.295316	0.152482	0.00216814	0.0304745	-0.0122704
0.55672	-0.295278	0.152467	0.00292332	0.0325908	-0.0129851
0.556719	-0.295248	0.152452	0.00215118	0.0313358	-0.0132184
0.556714	-0.29522	0.152435	-0.00162973	0.0288409	-0.0147849
0.556711	-0.295192	0.152421	-0.00261521	0.0259356	-0.0136685
0.556713	-0.295156	0.152408	-0.00053482	0.0285682	-0.0129271
0.556711	-0.295125	0.152389	-0.000641953	0.0291746	-0.0141838
0.556707	-0.295099	0.152377	-0.00238223	0.027958	-0.0139422
0.556706	-0.295066	0.152361	-0.00177574	0.0291775	-0.0141525
0.556707	-0.295032	0.152345	-0.002005	0.0303949	-0.0156165
0.556703	-0.295001	0.15233	-0.00172851	0.0298896	-0.0143449
0.556699	-0.294969	0.152312	-0.00117687	0.0315149	-0.014958
0.5567	-0.294937	0.152297	-0.00123478	0.0309744	-0.0152784
0.556693	-0.294907	0.152281	-0.00347708	0.0298969	-0.0154615
0.556689	-0.294874	0.152261	-0.00420289	0.0308253	-0.0175704
0.556688	-0.294839	0.152246	-0.00412573	0.0307254	-0.0167
0.556686	-0.294805	0.152228	-0.00418854	0.0309941	-0.0171117
0.556682	-0.294771	0.15221	-0.00374469	0.0324818	-0.0177822
0.55668	-0.294739	0.152193	-0.00321739	0.0336824	-0.0178491
0.556669	-0.294712	0.152171	-0.00623098	0.030871	-0.0197034
0.556672	-0.294671	0.152155	-0.00407537	0.0339657	-0.0186494
0.556661	-0.294645	0.152134	-0.00781007	0.0315535	-0.0209232
0.556659	-0.294608	0.152118	-0.00498939	0.0323713	-0.0179059
0.556652	-0.294578	0.152096	-0.00549385	0.0317225	-0.0190689
0.556647	-0.294549	0.152079	-0.00582389	0.0304398	-0.0186935
0.556643	-0.294515	0.152063	-0.00389013	0.0310689	-0.0168678
0.556635	-0.294483	0.152037	-0.00509684	0.0322515	-0.020128
0.556633	-0.294446	0.152019	-0.00345324	0.0346783	-0.0189611
0.556625	-0.294418	0.152	-0.00499059	0.0346847	-0.019978
0.55662	-0.29438	0.151978	-0.0046945	0.0358782	-0.0200603
0.556612	-0.294349	0.151959	-0.00599842	0.0344545	-0.0199834
0.556605	-0.294315	0.151938	-0.00620969	0.0354106	-0.0211911
0.556596	-0.294284	0.151916	-0.00755427	0.0336631	-0.021376
0.556593	-0.29425	0.151898	-0.0051203	0.0340744	-0.0194851
0.556569	-0.294153	0.151834	-0.0075722	0.0316616	-0.0212028
0.556561	-0.29412	0.151813	-0.010102	0.030288	-0.0220519
0.556553	-0.294088	0.151793	-0.00953018	0.0303777	-0.0211496
0.556546	-0.294051	0.151771	-0.00964835	0.0304484	-0.0212108
0.556539	-0.294018	0.151748	-0.0106396	0.0291318	-0.0226769
0.556531	-0.293989	0.151729	-0.0111446	0.0286365	-0.0221375
0.556525	-0.293955	0.151712	-0.0100914	0.0301122	-0.0212819
0.556516	-0.293925	0.151692	-0.00949359	0.0292536	-0.0207188
0.55651	-0.293887	0.151667	-0.00910014	0.0311964	-0.0218011
0.5565	-0.293856	0.151645	-0.00906496	0.0328011	-0.0227022
0.556499	-0.293816	0.151627	-0.00680941	0.0346267	-0.0212524
0.556487	-0.293788	0.151602	-0.00959653	0.0321784	-0.0230511
0.556481	-0.29375	0.15158	-0.00911519	0.0332148	-0.0229671
0.556477	-0.293714	0.151561	-0.00708026	0.0329819	-0.0210525
0.556469	-0.293681	0.151541	-0.00661506	0.0326472	-0.019653
0.556459	-0.293647	0.151515	-0.00700555	0.0324287	-0.0209913
0.556455	-0.293611	0.151494	-0.00742747	0.0316472	-0.0205405
0.556447	-0.293572	0.151469	-0.0088604	0.031621	-0.0222184
0.556443	-0.293545	0.151456	-0.00725501	0.0292438	-0.0184635
0.556437	-0.293506	0.151433	-0.00768644	0.031674	-0.0203738
0.556427	-0.293471	0.151406	-0.00924619	0.0320448	-0.0225581
0.556419	-0.293436	0.151385	-0.00947633	0.031703	-0.0221867
0.55641	-0.293402	0.151363	-0.00932671	0.0318669	-0.0230772
0.556404	-0.293365	0.151339	-0.00831736	0.0328419	-0.0231538
0.556394	-0.293333	0.151315	-0.00912675	0.0317307	-0.0228542
0.556386	-0.293294	0.15129	-0.00785584	0.0365198	-0.0239911
0.55638	-0.293261	0.151272	-0.00768558	0.0341503	-0.0218391
0.556373	-0.293223	0.151251	-0.00587908	0.0358729	-0.0203324
0.556367	-0.293183	0.151227	-0.00636959	0.0359645	-0.0217864
0.556353	-0.293153	0.151197	-0.00866162	0.0343652	-0.024538
0.556346	-0.293115	0.151176	-0.00914312	0.0334058	-0.0231181
0.556341	-0.293078	0.151156	-0.008795	0.0353646	-0.0231269
0.556333	-0.293044	0.151133	-0.00676524	0.0354704	-0.0221729
0.556324	-0.293008	0.15111	-0.00810238	0.0369571	-0.0229967
0.556315	-0.292975	0.151086	-0.00994497	0.0325847	-0.0231644
0.556306	-0.292936	0.151061	-0.0108968	0.0338733	-0.0242895
0.556299	-0.292898	0.15104	-0.0117044	0.0337963	-0.0259114
0.556291	-0.292864	0.151014	-0.011396	0.0323801	-0.0258303
0.556284	-0.292827	0.150997	-0.0094597	0.0346401	-0.0229698
0.556274	-0.292789	0.150967	-0.0102153	0.0358883	-0.0258873
0.556264	-0.292752	0.150945	-0.00966935	0.0366994	-0.0245766
0.556255	-0.292718	0.150923	-0.00844168	0.0363076	-0.023146
0.556245	-0.292682	0.150898	-0.00961673	0.0363706	-0.0243636
0.556238	-0.292642	0.150878	-0.00814429	0.0377953	-0.0222065
0.556226	-0.292601	0.150845	-0.0090437	0.0370202	-0.0251176
0.55622	-0.292566	0.150827	-0.0082732	0.0366361	-0.0225124
0.556208	-0.292525	0.150801	-0.00856906	0.0368627	-0.0223474
0.556195	-0.292488	0.150772	-0.0103142	0.0360654	-0.0242943
0.556185	-0.292451	0.15075	-0.00988199	0.0364202	-0.0231509
0.556175	-0.292412	0.150726	-0.00921068	0.0375661	-0.0226601
0.556162	-0.292376	0.150698	-0.009631	0.0357038	-0.0231972
0.556151	-0.29233	0.150668	-0.00943886	0.0384429	-0.0244928
0.556134	-0.292296	0.150637	-0.0109515	0.0377761	-0.0258406
0.556123	-0.292258	0.150614	-0.0119605	0.0361053	-0.0249142
0.556109	-0.292223	0.150589	-0.0120723	0.0361845	-0.0252739
0.556097	-0.292181	0.150558	-0.0133598	0.03869	-0.0286053
0.556087	-0.292142	0.150535	-0.012313	0.0401606	-0.0279936
0.556073	-0.292102	0.150503	-0.0108041	0.0436142	-0.0290693
0.556061	-0.292059	0.150474	-0.010272	0.0439293	-0.0285208
0.556048	-0.292025	0.150451	-0.00998301	0.041048	-0.0258357
0.556033	-0.291987	0.150421	-0.0117278	0.0386683	-0.0272192
0.556024	-0.291944	0.150395	-0.0126394	0.0387828	-0.027452
0.556009	-0.291909	0.15037	-0.0135801	0.0383151	-0.0274185
0.555994	-0.29187	0.150338	-0.0144521	0.0397529	-0.0294535
0.55598	-0.291834	0.150312	-0.015712	0.0377751	-0.0292723
0.555965	-0.2918	0.150285	-0.0143253	0.0367618	-0.0275938
0.555951	-0.291759	0.150256	-0.015965	0.0387324	-0.0299541
0.555938	-0.291714	0.150224	-0.0162029	0.0415522	-0.0320077
0.555921	-0.291678	0.150197	-0.0173813	0.0403023	-0.0314759
0.555903	-0.291641	0.150167	-0.017494	0.0399099	-0.0312794
0.555891	-0.291597	0.150139	-0.0142989	0.0431515	-0.0289032
0.555875	-0.291558	0.150108	-0.0148574	0.0420728	-0.0298901
0.555859	-0.291517	0.150075	-0.0144045	0.0429337	-0.0302674
0.555844	-0.291478	0.150049	-0.0141497	0.0422913	-0.0291494
0.55583	-0.291438	0.150021	-0.0144835	0.041471	-0.0289578
0.555816	-0.291399	0.149993	-0.0149517	0.0392685	-0.0287185
0.5558	-0.291361	0.149962	-0.0143834	0.038878	-0.0286102
0.555785	-0.291321	0.149934	-0.0157222	0.0396897	-0.0297457
0.555772	-0.291277	0.149905	-0.0149905	0.0414559	-0.0298815
0.555754	-0.291238	0.149873	-0.0162752	0.0406362	-0.0307687
0.555741	-0.291199	0.149845	-0.0152458	0.0407322	-0.0303702
0.555722	-0.29116	0.149808	-0.0180779	0.0381261	-0.03286
0.55571	-0.291118	0.149782	-0.0159696	0.037848	-0.0300638
0.555694	-0.29108	0.149756	-0.0160398	0.0360118	-0.0280005
0.555678	-0.291039	0.149723	-0.0157667	0.0385589	-0.0295018
0.555664	-0.290998	0.149693	-0.0164756	0.0395792	-0.0311157
0.555645	-0.290956	0.149656	-0.0196353	0.0388051	-0.0345471
0.555629	-0.290915	0.149625	-0.0183345	0.0392103	-0.0327118
0.55561	-0.290875	0.149591	-0.0179234	0.0381471	-0.0321212
0.555594	-0.290837	0.149558	-0.0181345	0.0389749	-0.0333085
0.555579	-0.290795	0.149529	-0.0160646	0.0413968	-0.0317713
0.555562	-0.290754	0.149496	-0.0160291	0.0410062	-0.0313885
0.555545	-0.290713	0.149465	-0.014222	0.0421251	-0.030244
0.555528	-0.290672	0.14943	-0.0145746	0.0421336	-0.0312511
0.555515	-0.290634	0.149404	-0.0140914	0.0430783	-0.0305553
0.555498	-0.290587	0.149368	-0.0138783	0.0457865	-0.0320576
0.555485	-0.290547	0.149343	-0.0129624	0.0435337	-0.0287815
0.555468	-0.290504	0.149305	-0.0145034	0.0426484	-0.0315046
0.555453	-0.290464	0.149277	-0.0154282	0.0415711	-0.0311522
0.555438	-0.290422	0.149248	-0.0162117	0.0434921	-0.0322416
0.555426	-0.290377	0.149215	-0.0147991	0.0434314	-0.0316476
0.555408	-0.290332	0.149181	-0.0153317	0.043882	-0.0320987
0.555361	-0.290203	0.149087	-0.0163256	0.0467116	-0.0336753
0.555343	-0.29016	0.149051	-0.01695	0.0447596	-0.0337609
0.555325	-0.290121	0.149022	-0.0159998	0.0442921	-0.0322484
0.555309	-0.290078	0.148988	-0.0159185	0.0447845	-0.0334415
0.55529	-0.290036	0.148952	-0.0163282	0.0435733	-0.0333526
0.555277	-0.289993	0.14892	-0.0162202	0.0431006	-0.0345495
0.555261	-0.289952	0.148889	-0.0167581	0.0416826	-0.0335475
0.555249	-0.289906	0.148856	-0.0135357	0.0445843	-0.0323505
0.555237	-0.289862	0.148828	-0.0126326	0.0437412	-0.0299896
0.555222	-0.289821	0.148793	-0.0143909	0.0423295	-0.0321432
0.555207	-0.289779	0.148763	-0.0149606	0.0418209	-0.0314726
0.555191	-0.289732	0.148723	-0.0149653	0.0423872	-0.0334086
0.555182	-0.289689	0.148698	-0.0125509	0.0412404	-0.0288628
0.555169	-0.289645	0.148669	-0.012931	0.0425562	-0.0293365
0.555154	-0.289606	0.148634	-0.0129252	0.0411956	-0.0300754
0.555141	-0.289563	0.148601	-0.0148585	0.0411736	-0.0314946
0.55513	-0.289513	0.148573	-0.0144139	0.0404692	-0.0297842
0.555117	-0.289473	0.148543	-0.0122495	0.0418549	-0.0288752
0.555107	-0.289428	0.148512	-0.0117092	0.0409969	-0.0282792
0.555095	-0.289381	0.148482	-0.0119404	0.0422423	-0.0286671
0.555086	-0.289332	0.148453	-0.0122174	0.0445477	-0.029793
0.555073	-0.289289	0.148424	-0.0124087	0.0416569	-0.0279357
0.555062	-0.289244	0.148395	-0.0123359	0.0404516	-0.0274201
0.55505	-0.289197	0.148365	-0.012232	0.0430451	-0.028523
0.55504	-0.289152	0.148335	-0.01079	0.0437335	-0.0282699
0.555028	-0.289104	0.148303	-0.0105024	0.0440775	-0.0286162
0.55502	-0.289059	0.148278	-0.0105296	0.046109	-0.0301589
0.55501	-0.289014	0.148248	-0.0095339	0.0469485	-0.0302022
0.555002	-0.288967	0.148219	-0.00899577	0.0470343	-0.0296294
0.554989	-0.288924	0.148188	-0.00955263	0.0436905	-0.0279978
0.554982	-0.288877	0.148162	-0.00622815	0.045334	-0.0259922
0.554975	-0.288831	0.148136	-0.00555242	0.0469114	-0.0256503
0.554969	-0.288787	0.148112	-0.00563828	0.0456897	-0.0250751
0.554958	-0.288736	0.148079	-0.00800934	0.0450059	-0.0267137
0.554952	-0.288689	0.148054	-0.00651524	0.0464713	-0.0257497
0.554945	-0.288642	0.148024	-0.00477199	0.0473112	-0.0256901
0.554937	-0.288593	0.147996	-0.00564939	0.0475017	-0.0264914
0.55493	-0.288548	0.147969	-0.00674771	0.0459227	-0.0278442
0.554923	-0.288503	0.147943	-0.00498789	0.0457055	-0.0254411
0.554913	-0.288456	0.147911	-0.00388394	0.0482437	-0.0265224
0.554908	-0.288409	0.147888	-0.00291617	0.0490003	-0.0248492
0.554898	-0.288366	0.147859	-0.00497694	0.0468296	-0.0259674
0.554894	-0.288311	0.147833	-0.00288349	0.0515969	-0.0258467
0.554886	-0.288264	0.147805	-0.00426164	0.0496277	-0.0262153
0.554882	-0.288208	0.147775	-0.00436422	0.0502521	-0.0267872
0.554873	-0.288161	0.147748	-0.00507202	0.0469787	-0.0252257
0.554868	-0.28811	0.147719	-0.00441136	0.0484893	-0.0258002
0.554862	-0.288064	0.147694	-0.00409193	0.0483083	-0.0253718
0.554861	-0.288012	0.147672	-0.00318477	0.050043	-0.0245076
0.554855	-0.287964	0.147645	-0.00331895	0.0513048	-0.0262304
0.554849	-0.287916	0.14762	-0.00364642	0.0506003	-0.0253176
0.554843	-0.287867	0.14759	-0.0041514	0.050539	-0.0264608
0.55484	-0.28782	0.14757	-0.00473115	0.0508205	-0.0261845
0.554836	-0.287769	0.147543	-0.00386926	0.0506536	-0.0255025
0.554835	-0.287717	0.147518	-0.00299309	0.0497367	-0.0248366
0.554834	-0.287663	0.147495	-0.00120967	0.0521545	-0.0242256
0.554832	-0.287613	0.14747	-0.00125173	0.0530088	-0.0253113
0.554829	-0.287562	0.147443	-0.00240756	0.0511068	-0.0257032
0.554825	-0.287515	0.14742	-0.00427603	0.0486329	-0.0252581
0.554822	-0.287467	0.147397	-0.00352848	0.0479959	-0.0242364
0.55482	-0.28742	0.147373	-0.00383246	0.0486534	-0.0249552
0.554817	-0.287368	0.147345	-0.00356975	0.0491474	-0.0253636
0.554816	-0.287317	0.14732	-0.00429705	0.0488297	-0.0261984
0.554818	-0.287269	0.147301	-0.00269749	0.0464181	-0.0231164
0.554813	-0.287215	0.14727	-0.00333672	0.0486222	-0.0254473
0.554814	-0.287163	0.147249	-0.00181058	0.0485996	-0.0234796
0.554813	-0.287115	0.147229	-0.00104888	0.0485284	-0.0217732
0.554811	-0.287063	0.147203	-0.00153183	0.0511454	-0.0239521
0.554813	-0.287005	0.147178	0.000487185	0.0553623	-0.0241688
0.55481	-0.286956	0.147153	-0.00240054	0.0514258	-0.025697
0.554812	-0.286906	0.147133	-0.000978566	0.0503254	-0.0233229
0.554816	-0.286849	0.147111	0.00225893	0.0537495	-0.0215511
0.554816	-0.286796	0.147084	0.0034516	0.0563274	-0.023153
0.554818	-0.286743	0.147063	0.00372921	0.0564923	-0.0224211
0.554815	-0.286697	0.147041	0.000611568	0.0521181	-0.0228069
0.55482	-0.286643	0.147019	0.00178371	0.0518674	-0.0218105
0.554821	-0.28659	0.146996	0.00246418	0.0536797	-0.0222844
0.554823	-0.286537	0.146979	0.00309023	0.0543209	-0.0209748
0.554825	-0.286482	0.146955	0.00207849	0.0529305	-0.0218444
0.554826	-0.286432	0.146931	0.00301997	0.0549931	-0.0230836
0.554825	-0.286386	0.146913	0.00205132	0.0520759	-0.0214193
0.554829	-0.28633	0.146892	0.00120195	0.0525174	-0.0216474
0.554826	-0.286282	0.146867	-0.000431399	0.0506395	-0.0227268
0.554829	-0.286231	0.146848	0.000301414	0.0498949	-0.0220739
0.554832	-0.28618	0.146829	0.000320164	0.0497821	-0.0216844
0.554831	-0.286134	0.146809	-0.00071671	0.05022	-0.0225962
0.554837	-0.286075	0.146787	0.000170422	0.0543536	-0.0240949
0.55484	-0.286022	0.146767	0.000854587	0.0540447	-0.0225391
0.554837	-0.285974	0.14674	-0.00129231	0.050826	-0.0243441
0.554839	-0.285915	0.146714	0.000294472	0.0521397	-0.024107
0.55484	-0.285867	0.146697	-0.000262231	0.0512314	-0.0227892
0.55484	-0.285814	0.146672	-0.00110652	0.0532376	-0.0247501
0.554841	-0.285763	0.146649	-0.000566978	0.0513258	-0.0234441
0.554841	-0.285713	0.146628	-0.00182881	0.0504623	-0.0235617
0.554842	-0.285665	0.146609	-0.00180546	0.0472481	-0.0218056
0.554838	-0.285614	0.146582	-0.00319728	0.0460861	-0.0226502
0.55484	-0.28556	0.146558	-0.00220765	0.0470627	-0.0224725
0.554839	-0.285512	0.146538	-0.00165223	0.0467857	-0.0214467
0.554844	-0.28536	0.146476	0.000422421	0.0506275	-0.0220617
0.554841	-0.285317	0.146459	-0.0011311	0.0485662	-0.0209578
0.55484	-0.285268	0.146436	-0.000617293	0.0485015	-0.0210578
0.554839	-0.285218	0.146417	0.000189726	0.0488863	-0.0196393
0.55484	-0.285166	0.146395	0.00109873	0.0512653	-0.0204321
0.55484	-0.285117	0.146375	0.00129293	0.0518628	-0.0204
0.554843	-0.285061	0.146355	0.0011899	0.0510163	-0.0200266
0.554842	-0.285011	0.146332	-0.000572105	0.049112	-0.0209991
0.554842	-0.284957	0.146312	0.000634815	0.0501151	-0.0191706
0.554842	-0.284904	0.146285	0.000375116	0.0518616	-0.0224099
0.554842	-0.284857	0.14627	-0.000911964	0.0492342	-0.0202743
0.554843	-0.2848	0.146246	0.000145949	0.0527294	-0.0213208
0.554841	-0.284752	0.146222	-1.77725e-05	0.0520659	-0.0221675
0.55484	-0.284698	0.146201	-0.000294387	0.0528872	-0.0219247
0.55484	-0.284651	0.146187	-0.000959127	0.0501974	-0.0197327
0.554838	-0.284592	0.146156	-0.000872493	0.05079	-0.0221496
0.554836	-0.284537	0.146132	0.000322151	0.0529673	-0.0217239
0.554834	-0.284489	0.146112	-0.00115303	0.0499917	-0.0214312
0.554834	-0.284436	0.146091	-0.00119316	0.0501437	-0.0206841
0.554834	-0.284381	0.146069	-6.52943e-05	0.0518659	-0.0209834
0.554836	-0.284325	0.146044	0.000640206	0.0511382	-0.0214085
0.554834	-0.284279	0.146028	0.000775329	0.0494168	-0.0188326
0.554836	-0.284223	0.146009	0.000442977	0.0509279	-0.0192281
0.554832	-0.284166	0.145978	-0.00146623	0.0525204	-0.0231857
0.554836	-0.284112	0.145961	-0.00083748	0.0502586	-0.0204352
0.554837	-0.284051	0.145934	-0.000819637	0.0536194	-0.0227367
0.554835	-0.283999	0.145913	-0.0012804	0.0522984	-0.0219303
0.554836	-0.283946	0.145893	-0.00121843	0.0516277	-0.0213708
0.55483	-0.283897	0.145866	-0.00272186	0.050753	-0.0233586
0.554833	-0.28384	0.145847	-0.00292341	0.0514601	-0.0231177
0.554835	-0.28378	0.145822	-0.0022553	0.0539534	-0.0242148
0.554834	-0.283727	0.145802	-0.000804308	0.0528819	-0.0217053
0.554833	-0.283674	0.145781	-0.00145363	0.052855	-0.0217702
0.55483	-0.28362	0.145752	-0.00236799	0.0518216	-0.0238163
0.554829	-0.283567	0.145733	-0.000492148	0.054626	-0.0220717
0.554827	-0.283512	0.14571	-0.00244566	0.0530568	-0.0232578
0.554825	-0.283458	0.145685	-0.000984028	0.0550209	-0.0234233
0.554822	-0.2834	0.145661	-0.000953398	0.056041	-0.0226842
0.554824	-0.283339	0.145639	-0.000237033	0.0588838	-0.0238453
0.554819	-0.283285	0.145613	-0.00176009	0.0565886	-0.0239143
0.554818	-0.283221	0.145585	-0.00168262	0.0598849	-0.0257619
0.554819	-0.283163	0.145563	-0.000819004	0.058097	-0.0242706
0.554817	-0.283108	0.14554	-0.00108546	0.0587521	-0.0244317
0.554817	-0.283048	0.145518	-0.000572543	0.0583608	-0.0233419
0.554813	-0.282991	0.145488	-0.00213194	0.0579375	-0.0259606
0.554809	-0.282936	0.145465	-0.00146941	0.058004	-0.0244894
0.554808	-0.282871	0.145437	-0.000803096	0.0589806	-0.0244948
0.554807	-0.282814	0.145413	-0.000918106	0.0576874	-0.0226972
0.554807	-0.282754	0.14539	-0.00270237	0.0559314	-0.0235579
0.554799	-0.282699	0.145358	-0.00525628	0.0553732	-0.026913
0.554798	-0.282643	0.145339	-0.00349726	0.0548522	-0.0240271
0.554794	-0.282583	0.145311	-0.0050253	0.0540571	-0.027949
0.554789	-0.282523	0.14528	-0.00587	0.0555381	-0.0296083
0.55479	-0.282466	0.14526	-0.00392176	0.0564922	-0.0270659
0.554782	-0.282406	0.145224	-0.00588041	0.0567472	-0.0301686
0.554782	-0.28234	0.145198	-0.00425202	0.0593977	-0.0287947
0.55478	-0.282277	0.145173	-0.00333163	0.0607155	-0.0276082
0.554772	-0.282217	0.14514	-0.00462544	0.0597644	-0.0289566
0.554769	-0.282157	0.145115	-0.00264047	0.0610067	-0.0239876
0.554761	-0.282097	0.145082	-0.00385666	0.0598474	-0.0264837
0.554758	-0.282035	0.145052	-0.00360313	0.0605382	-0.027077
0.554752	-0.281976	0.145026	-0.00418334	0.058687	-0.0260713
0.554748	-0.281914	0.144994	-0.00353555	0.0601953	-0.027365
0.554748	-0.281852	0.144973	-0.00267979	0.0615489	-0.0260888
0.554743	-0.281785	0.14494	-0.00296514	0.0623268	-0.0249174
0.554732	-0.281728	0.144906	-0.00486661	0.0609582	-0.0271883
0.554728	-0.281668	0.144879	-0.00441682	0.0614406	-0.0270694
0.554723	-0.281607	0.14485	-0.00489044	0.0617736	-0.0278592
0.554717	-0.281548	0.144821	-0.00642183	0.0601249	-0.0287317
0.554713	-0.281486	0.144794	-0.00530915	0.0604141	-0.0277883
0.554705	-0.281425	0.144764	-0.00545742	0.060511	-0.0281692
0.554704	-0.281356	0.144735	-0.00379147	0.0624829	-0.0280398
0.554694	-0.281295	0.1447	-0.00668581	0.0603301	-0.0302087
0.554688	-0.281233	0.144672	-0.00708689	0.0609725	-0.0298991
0.554681	-0.281166	0.144637	-0.00740175	0.0624337	-0.0314073
0.554674	-0.281104	0.144608	-0.00783797	0.0622412	-0.03125
0.554666	-0.281046	0.144577	-0.00973227	0.0595909	-0.0346441
0.55466	-0.280977	0.144545	-0.00872866	0.0619222	-0.0340317
0.554655	-0.280915	0.144513	-0.00847593	0.0615927	-0.0338446
0.554654	-0.280849	0.144487	-0.00612119	0.0627783	-0.0310822
0.554641	-0.28079	0.144449	-0.00825263	0.0612739	-0.033499
0.554638	-0.280727	0.144418	-0.00723195	0.0625759	-0.033387
0.55463	-0.280663	0.144386	-0.00630421	0.0627159	-0.0318098
0.55462	-0.280603	0.144353	-0.00652983	0.062158	-0.0315659
0.554618	-0.280533	0.144319	-0.00599468	0.0641828	-0.032402
0.55461	-0.280466	0.144285	-0.00603087	0.0657179	-0.0327522
0.554603	-0.280403	0.144253	-0.00532618	0.0648242	-0.0314158
0.554593	-0.280345	0.144219	-0.00621406	0.0623663	-0.0317203
0.554588	-0.280277	0.14419	-0.00501702	0.0650944	-0.0304069
0.554577	-0.280213	0.144154	-0.00755426	0.063009	-0.031979
0.554565	-0.280154	0.144119	-0.00861367	0.0623125	-0.0326134
0.554559	-0.280085	0.144089	-0.00700391	0.0663035	-0.0321936
0.554546	-0.280018	0.144051	-0.00909493	0.0666593	-0.0340377
0.554531	-0.279956	0.144013	-0.0111579	0.0658985	-0.0359649
0.554525	-0.27989	0.143983	-0.00906723	0.0666832	-0.0341172
0.554516	-0.279826	0.143953	-0.00861385	0.0661943	-0.0324394
0.554502	-0.279765	0.143913	-0.0109308	0.0638799	-0.0349946
0.554499	-0.2797	0.143883	-0.00783808	0.0628535	-0.0324252
0.554489	-0.279631	0.143848	-0.00937052	0.0647707	-0.0338033
0.554479	-0.279565	0.143812	-0.00833139	0.0644662	-0.0328036
0.55447	-0.279499	0.143779	-0.00831883	0.0658864	-0.0333456
0.554462	-0.279434	0.143747	-0.0081284	0.0643738	-0.032158
0.554455	-0.279367	0.143711	-0.00849853	0.0630359	-0.0329969
0.554448	-0.279302	0.143682	-0.0101423	0.0622243	-0.032613
0.554435	-0.279237	0.143642	-0.0123167	0.0620464	-0.0358543
0.554425	-0.279169	0.143605	-0.0116113	0.064488	-0.0359569
0.554416	-0.279097	0.14357	-0.0101793	0.0657138	-0.0344975
0.554391	-0.278967	0.143494	-0.0135737	0.062726	-0.0366718
0.554382	-0.278899	0.143461	-0.0117758	0.0650768	-0.0350225
0.55437	-0.278823	0.143419	-0.0119355	0.0686813	-0.0377171
0.554361	-0.278762	0.143387	-0.0108443	0.0655758	-0.0353281
0.554351	-0.278694	0.143351	-0.00962564	0.066044	-0.0348282
0.55434	-0.278625	0.143316	-0.0100054	0.0674462	-0.0345641
0.554333	-0.278551	0.14328	-0.00792912	0.0693512	-0.0339704
0.554322	-0.278482	0.143245	-0.0086942	0.0682381	-0.0340542
0.554311	-0.27841	0.143205	-0.00977119	0.0696153	-0.0364416
0.554304	-0.27834	0.143172	-0.00906018	0.0697306	-0.0349039
0.554295	-0.278266	0.143137	-0.00921808	0.0710583	-0.0348931
0.554284	-0.278196	0.143097	-0.0096743	0.0710626	-0.0368585
0.554273	-0.278123	0.143061	-0.0114561	0.071362	-0.0372745
0.554261	-0.278055	0.143026	-0.0132993	0.0685927	-0.0370472
0.554249	-0.277983	0.142989	-0.015887	0.0686719	-0.0391689
0.554236	-0.277912	0.142947	-0.0151438	0.069022	-0.0403321
0.554223	-0.277839	0.142907	-0.0150055	0.0689433	-0.0400265
0.554212	-0.277769	0.142867	-0.013585	0.0695792	-0.0395097
0.554202	-0.277693	0.142829	-0.0124618	0.0724157	-0.0390267
0.55419	-0.277617	0.142789	-0.0122476	0.075154	-0.0400602
0.554176	-0.277548	0.142752	-0.0123913	0.0733205	-0.0392853
0.554163	-0.277475	0.14271	-0.0125982	0.0714864	-0.0391979
0.554152	-0.277405	0.142679	-0.0120888	0.0691822	-0.0358153
0.554136	-0.277334	0.142636	-0.0133761	0.0696516	-0.0383167
0.554126	-0.277253	0.142595	-0.0114127	0.0725389	-0.0379704
0.554111	-0.27718	0.142551	-0.0124122	0.0731746	-0.0400386
0.554097	-0.277104	0.142513	-0.0112931	0.0751765	-0.038544
0.554081	-0.27703	0.142471	-0.0126028	0.0741855	-0.0394703
0.554066	-0.276956	0.142427	-0.0145378	0.0726483	-0.0410219
0.554049	-0.276878	0.142385	-0.0161419	0.0741145	-0.0417118
0.554034	-0.276805	0.142346	-0.0160214	0.0736249	-0.0408054
0.554023	-0.276717	0.142301	-0.014957	0.0770259	-0.0424414
0.554007	-0.276642	0.142259	-0.0155809	0.0767475	-0.0426307
0.553994	-0.276565	0.142218	-0.0160946	0.0769914	-0.0431911
0.553984	-0.276484	0.142179	-0.0144298	0.0767732	-0.0416498
0.553965	-0.276408	0.142132	-0.0180961	0.074447	-0.0441038
0.553953	-0.276331	0.142093	-0.0146361	0.0758272	-0.0411556
0.553939	-0.276249	0.142049	-0.014164	0.0771512	-0.0421202
0.553923	-0.27617	0.142007	-0.0143566	0.077732	-0.0413838
0.553907	-0.27609	0.141964	-0.0127993	0.0801392	-0.0412958
0.553891	-0.276012	0.14192	-0.013602	0.0792162	-0.0416913
0.553873	-0.275931	0.141874	-0.014634	0.0792439	-0.0426987
0.553856	-0.275849	0.141829	-0.0151277	0.0808228	-0.0438649
0.553841	-0.275768	0.141787	-0.0158855	0.0798451	-0.0431693
0.553825	-0.275682	0.14174	-0.0161748	0.0819794	-0.0451914
0.553807	-0.275608	0.141697	-0.0172289	0.0791558	-0.0445571
0.553794	-0.27552	0.141649	-0.0169272	0.0814615	-0.0461916
0.553773	-0.275446	0.141607	-0.0177344	0.0802312	-0.0447363
0.553763	-0.27536	0.141564	-0.0162286	0.0816505	-0.0450594
0.553742	-0.275278	0.141513	-0.0186326	0.0796691	-0.0469863
0.553724	-0.2752	0.141469	-0.018684	0.0800914	-0.0464682
0.553702	-0.27512	0.141418	-0.019727	0.0809165	-0.0481067
0.553684	-0.275037	0.141368	-0.0200327	0.0823355	-0.0496106
0.553666	-0.274954	0.141322	-0.0174292	0.0850908	-0.0478653
0.553641	-0.274876	0.141271	-0.0189701	0.0820173	-0.0478626
0.553622	-0.274792	0.141223	-0.0203144	0.0810033	-0.048366
0.553606	-0.274706	0.141174	-0.0209324	0.0805869	-0.0493
0.553582	-0.274628	0.141122	-0.0208265	0.0807066	-0.0494535
0.553565	-0.274544	0.141077	-0.020267	0.0812578	-0.0507689
0.55355	-0.274459	0.141034	-0.0186071	0.0841119	-0.0493669
0.553533	-0.274374	0.140986	-0.0172841	0.0846568	-0.0486046
0.553511	-0.274292	0.140937	-0.0208324	0.0812955	-0.0495204
0.553489	-0.274209	0.140885	-0.0216898	0.0810327	-0.04996
0.553468	-0.274128	0.140835	-0.022383	0.0810921	-0.051148
0.553444	-0.274047	0.140787	-0.022216	0.0804074	-0.0494462
0.553427	-0.273961	0.140737	-0.0189839	0.0833086	-0.0487267
0.55341	-0.273879	0.140692	-0.0194238	0.0812057	-0.0474517
0.553392	-0.273797	0.140647	-0.0186495	0.0800297	-0.0459146
0.553372	-0.27371	0.140596	-0.0169084	0.0839896	-0.046755
0.553354	-0.273625	0.140548	-0.0168808	0.0832594	-0.0462062
0.553335	-0.273541	0.140497	-0.0170171	0.0853773	-0.0476355
0.553317	-0.27346	0.140453	-0.0167233	0.0840458	-0.0464395
0.5533	-0.273377	0.140408	-0.0170482	0.0843536	-0.0463179
0.553276	-0.273295	0.140354	-0.0188164	0.0838428	-0.0486274
0.553258	-0.27321	0.140308	-0.0177996	0.0836145	-0.0466239
0.553235	-0.273131	0.140257	-0.0179681	0.0847235	-0.0478045
0.553215	-0.273043	0.140205	-0.0200205	0.0846226	-0.0494094
0.553198	-0.272958	0.14016	-0.0189598	0.0845332	-0.0477586
0.553178	-0.272872	0.140106	-0.0175532	0.0855567	-0.0482533
0.553163	-0.272788	0.140062	-0.0170272	0.0844471	-0.0471435
0.553145	-0.2727	0.140013	-0.017008	0.0870896	-0.0482171
0.553129	-0.272615	0.139961	-0.0191037	0.0866406	-0.0508814
0.55311	-0.272532	0.139913	-0.0190629	0.0864483	-0.0499817
0.553095	-0.272449	0.13987	-0.0159753	0.0862154	-0.045852
0.553076	-0.27237	0.139821	-0.0179342	0.0842203	-0.0475755
0.553056	-0.272284	0.139769	-0.0180213	0.0843985	-0.0476014
0.553034	-0.2722	0.139716	-0.0182718	0.0846263	-0.0496545
0.553017	-0.272117	0.139667	-0.0186386	0.0842721	-0.0491113
0.553	-0.27203	0.13962	-0.0175505	0.0850987	-0.0471521
0.552953	-0.271772	0.139473	-0.0158868	0.0854812	-0.0469158
0.552918	-0.27161	0.139378	-0.0171995	0.0822396	-0.0468401
0.552904	-0.271526	0.13933	-0.0153589	0.0812974	-0.0450658
0.552892	-0.271433	0.139282	-0.0148875	0.0815157	-0.0443726
0.552874	-0.271356	0.139238	-0.0153541	0.079318	-0.0435086
0.552858	-0.271271	0.139188	-0.0142495	0.0799423	-0.0435712
0.552837	-0.271189	0.139134	-0.0157142	0.0809159	-0.0450307
0.552823	-0.271105	0.139088	-0.0160826	0.0825189	-0.0465931
0.552812	-0.271014	0.139043	-0.0155314	0.0833015	-0.0448443
0.552797	-0.270933	0.138999	-0.0136006	0.0808963	-0.0415501
0.552786	-0.270845	0.138949	-0.0141919	0.0816522	-0.045535
0.552767	-0.270769	0.138905	-0.0148436	0.0802915	-0.0448616
0.552755	-0.270684	0.138863	-0.0143527	0.0811166	-0.0447651
0.552741	-0.270601	0.138817	-0.0150591	0.0799574	-0.0448684
0.552724	-0.270521	0.138769	-0.0147977	0.0810373	-0.0449049
0.552712	-0.270437	0.138723	-0.0141797	0.0820688	-0.0460322
0.552696	-0.270359	0.138681	-0.0126674	0.0822228	-0.0432412
0.55268	-0.27028	0.138637	-0.0129132	0.0778805	-0.0408189
0.552663	-0.270198	0.138588	-0.0134127	0.0801705	-0.043725
0.552645	-0.270116	0.138539	-0.0156998	0.0808811	-0.046649
0.55263	-0.270033	0.138492	-0.0175668	0.0817752	-0.0491455
0.552618	-0.269948	0.138448	-0.0158232	0.0833745	-0.0482383
0.552603	-0.269866	0.138401	-0.0140355	0.0834956	-0.0473256
0.55259	-0.269782	0.138353	-0.0148099	0.0818584	-0.0483112
0.552579	-0.269698	0.13831	-0.0136694	0.0809655	-0.0454643
0.552565	-0.269621	0.138265	-0.011646	0.0799406	-0.0422881
0.552546	-0.269544	0.138218	-0.0141847	0.0771876	-0.0437604
0.552533	-0.269459	0.138174	-0.0146681	0.0788022	-0.0434137
0.552521	-0.269379	0.138129	-0.0139554	0.0792514	-0.0442865
0.552509	-0.269295	0.138086	-0.0131155	0.0819843	-0.0461184
0.552489	-0.269215	0.138036	-0.0151112	0.0831612	-0.0482076
0.55248	-0.26913	0.137998	-0.0137645	0.0822476	-0.0451843
0.552462	-0.269048	0.137949	-0.0155742	0.0826235	-0.0470801
0.552447	-0.268965	0.137899	-0.0149019	0.0833614	-0.0470728
0.552437	-0.268879	0.137859	-0.013443	0.0826947	-0.0453863
0.552424	-0.2688	0.137816	-0.0124068	0.0824189	-0.0452457
0.552418	-0.268709	0.137773	-0.0110236	0.0852014	-0.0448323
0.552408	-0.268627	0.137737	-0.0089527	0.0862277	-0.0421627
0.552396	-0.268547	0.137694	-0.0109462	0.0841317	-0.0439311
0.552385	-0.268463	0.137647	-0.0101653	0.0845663	-0.0439209
0.552374	-0.26838	0.137608	-0.0110794	0.0829849	-0.0419109
0.552364	-0.268299	0.137571	-0.0096919	0.0827961	-0.0394616
0.552358	-0.268208	0.137527	-0.00863729	0.0854035	-0.0404519
0.552346	-0.268131	0.13749	-0.00913141	0.0811624	-0.0387124
0.552337	-0.26804	0.137443	-0.00851042	0.084771	-0.0408591
0.552322	-0.267955	0.137397	-0.0107956	0.087638	-0.0445044
0.552313	-0.267874	0.137359	-0.00927121	0.0842389	-0.0403996
0.552299	-0.267788	0.137312	-0.00850862	0.0859889	-0.0405937
0.552288	-0.267703	0.137269	-0.00834211	0.0870534	-0.0417968
0.552282	-0.267616	0.137234	-0.00700399	0.0864899	-0.0388403
0.552269	-0.267536	0.13719	-0.00916776	0.0846963	-0.0405035
0.55226	-0.267455	0.137151	-0.0100132	0.0857639	-0.0421353
0.552247	-0.267371	0.137106	-0.0121607	0.0829464	-0.0442436
0.552239	-0.267286	0.137067	-0.00982311	0.0854732	-0.043527
0.552228	-0.267201	0.137023	-0.0100597	0.0855654	-0.0434353
0.55222	-0.267113	0.136982	-0.00951237	0.0856186	-0.0434527
0.552213	-0.267027	0.136941	-0.00992937	0.0859363	-0.0435016
0.552202	-0.266943	0.1369	-0.0118662	0.0850454	-0.0445935
0.552189	-0.266859	0.136859	-0.0100051	0.0860195	-0.0421844
0.552178	-0.266777	0.13682	-0.0119957	0.0846536	-0.0447066
0.552169	-0.266687	0.136778	-0.0118425	0.0852095	-0.0443412
0.55216	-0.266607	0.13674	-0.0101638	0.0839021	-0.0414499
0.552149	-0.26652	0.136697	-0.011113	0.0859746	-0.0438932
0.55214	-0.26644	0.136657	-0.0105352	0.085462	-0.0432735
0.552131	-0.266355	0.136617	-0.0097713	0.0862025	-0.0417914
0.552127	-0.266263	0.136581	-0.00742192	0.0876058	-0.0394042
0.552119	-0.266179	0.13654	-0.00745694	0.0866229	-0.0395604
0.552112	-0.266095	0.136503	-0.00813862	0.0842568	-0.0386764
0.552107	-0.266008	0.136467	-0.00728824	0.0854142	-0.0376386
0.552103	-0.265924	0.136433	-0.00607947	0.0855521	-0.0368149
0.552095	-0.265841	0.136397	-0.00645555	0.0864371	-0.037009
0.55209	-0.265749	0.136358	-0.00563288	0.0889586	-0.0376721
0.552083	-0.265664	0.136319	-0.0069424	0.0865808	-0.0385945
0.552074	-0.265582	0.136281	-0.00782476	0.0855967	-0.038815
0.552068	-0.265499	0.136246	-0.00819895	0.0837906	-0.0378785
0.55206	-0.265415	0.136208	-0.00761003	0.0825124	-0.0368924
0.552053	-0.265329	0.136168	-0.00636025	0.0837652	-0.0370602
0.552051	-0.265245	0.136135	-0.00536991	0.0820056	-0.0349699
0.552047	-0.26516	0.136097	-0.00475638	0.0816779	-0.0349725
0.552041	-0.265075	0.136059	-0.00383348	0.0818173	-0.0342176
0.552035	-0.264991	0.136024	-0.00330972	0.0829399	-0.0334998
0.552029	-0.264908	0.135984	-0.0041566	0.0835585	-0.0356234
0.552023	-0.264825	0.135953	-0.00411943	0.0846623	-0.0339648
0.552022	-0.264744	0.135922	-0.00366965	0.0833953	-0.0329531
0.552011	-0.264665	0.135882	-0.00535446	0.0822815	-0.034504
0.552006	-0.264582	0.135847	-0.00455337	0.0829896	-0.0342486
0.552002	-0.264499	0.135811	-0.00523222	0.0816146	-0.0345103
0.55199	-0.264419	0.135773	-0.00643319	0.0829464	-0.035828
0.55199	-0.264331	0.135741	-0.00381952	0.0848168	-0.0338727
0.551986	-0.264249	0.135708	-0.00309204	0.0844889	-0.0335705
0.551979	-0.264164	0.135669	-0.0041789	0.0845561	-0.0349492
0.551972	-0.264087	0.135634	-0.00534926	0.081756	-0.0349097
0.551971	-0.263998	0.135599	-0.00477171	0.0836456	-0.0353131
0.551971	-0.263915	0.135569	-0.00271538	0.0834604	-0.0342422
0.551969	-0.26383	0.135536	-0.00148864	0.0856401	-0.0338114
0.551965	-0.263748	0.135503	-0.00320051	0.0839391	-0.0339347
0.551965	-0.263658	0.135464	-0.000464657	0.0860521	-0.0342006
0.551961	-0.263581	0.135433	-0.00210493	0.0820223	-0.0327777
0.551963	-0.263492	0.135398	-0.000836767	0.0860836	-0.0348385
0.551962	-0.26324	0.135304	-0.000260275	0.0836948	-0.0318672
0.551957	-0.263149	0.135262	-0.00124609	0.0855827	-0.0341489
0.55196	-0.26306	0.135232	0.000410944	0.0875968	-0.0325264
0.551959	-0.262974	0.135198	-0.000718996	0.0859363	-0.0337598
0.551956	-0.262889	0.135163	-0.00156383	0.0856527	-0.0338699
0.551957	-0.262804	0.135132	3.75449e-05	0.0857306	-0.0329527
0.551955	-0.262719	0.135097	-0.00139485	0.0845827	-0.0351032
0.551954	-0.262637	0.135063	-0.00125662	0.0824938	-0.035283
0.551956	-0.262549	0.135032	0.000783682	0.0841742	-0.034666
0.551955	-0.262467	0.134997	0.000568518	0.0837973	-0.0341492
0.551961	-0.262379	0.134972	0.00292421	0.0854575	-0.0308779
0.551965	-0.262287	0.134936	0.00382921	0.0890658	-0.0333603
0.551967	-0.262201	0.134903	0.00290365	0.0877231	-0.0331104
0.551966	-0.262124	0.134874	0.00104722	0.0835301	-0.0329852
0.551969	-0.262039	0.134845	0.00123271	0.0838735	-0.0313175
0.551974	-0.261948	0.134811	0.00233107	0.0869018	-0.0336342
0.551976	-0.261862	0.134778	0.00205331	0.0862145	-0.032678
0.551979	-0.261781	0.134747	0.00238176	0.0843011	-0.031779
0.551983	-0.261698	0.134717	0.00161037	0.0830205	-0.0322353
0.551983	-0.261614	0.134684	0.00241523	0.0838633	-0.0316511
0.551988	-0.261526	0.134653	0.00352233	0.0849817	-0.0310092
0.551995	-0.261436	0.134625	0.00588334	0.0857783	-0.028043
0.552001	-0.261348	0.134596	0.00421259	0.0844238	-0.0291689
0.552002	-0.261265	0.134561	0.00286309	0.0824766	-0.0301067
0.552011	-0.261175	0.134536	0.00540892	0.0851864	-0.0288479
0.552013	-0.261089	0.134501	0.00496965	0.0847936	-0.0294748
0.552023	-0.260998	0.134473	0.00605459	0.0867267	-0.0279262
0.552027	-0.260915	0.134445	0.00415684	0.08502	-0.0293731
0.552034	-0.260828	0.134415	0.00485729	0.0851085	-0.0291787
0.552043	-0.260744	0.13439	0.00589824	0.0840158	-0.0269681
0.552051	-0.26065	0.134357	0.00562141	0.0867478	-0.0291221
0.552061	-0.260565	0.134334	0.00597374	0.0866502	-0.0270119
0.552067	-0.260477	0.134304	0.00585299	0.0859825	-0.0269206
0.552078	-0.260388	0.134278	0.00619785	0.0865064	-0.0280573
0.552087	-0.260297	0.134246	0.00583712	0.0874741	-0.0304781
0.552096	-0.260213	0.13422	0.00605117	0.0869406	-0.0303212
0.552106	-0.260126	0.134193	0.00698754	0.0861768	-0.0300102
0.552116	-0.260037	0.134167	0.0080021	0.0863557	-0.0291735
0.552125	-0.259953	0.134139	0.00741814	0.083934	-0.0296514
0.552134	-0.259865	0.134112	0.00786546	0.0839517	-0.0286782
0.552146	-0.259781	0.134085	0.00984689	0.0850725	-0.0286198
0.55215	-0.259696	0.134054	0.00847219	0.08505	-0.029566
0.552162	-0.259606	0.134025	0.0111801	0.0877391	-0.0275882
0.552172	-0.259522	0.134	0.00928955	0.0849133	-0.0279584
0.552182	-0.259431	0.133969	0.00953613	0.0874391	-0.0303506
0.552189	-0.259349	0.133943	0.00834141	0.0867477	-0.0303737
0.552198	-0.259266	0.133915	0.00779155	0.086259	-0.0307591
0.552209	-0.259178	0.133885	0.00888102	0.0868172	-0.0303603
0.55222	-0.25909	0.133859	0.0100549	0.0875745	-0.0292494
0.552233	-0.259001	0.133833	0.0121856	0.0888859	-0.0268365
0.552243	-0.258918	0.133803	0.0137469	0.091456	-0.0274343
0.552254	-0.258834	0.13378	0.0124202	0.0885746	-0.0262028
0.552267	-0.258745	0.133754	0.0137224	0.0881493	-0.0250948
0.552279	-0.258661	0.133729	0.0139447	0.0883668	-0.0250524
0.552288	-0.258572	0.133699	0.0132959	0.0883947	-0.0252219
0.552303	-0.258486	0.133677	0.013723	0.085969	-0.0230136
0.552313	-0.258404	0.133651	0.0130183	0.0844914	-0.0221746
0.552327	-0.258313	0.133622	0.0127268	0.0860235	-0.0244622
0.552342	-0.258224	0.133601	0.0146255	0.0883978	-0.0218396
0.552353	-0.258142	0.133579	0.0129265	0.0861887	-0.0224838
0.552366	-0.258058	0.133555	0.0136912	0.08569	-0.0213772
0.552376	-0.257973	0.133526	0.0109653	0.0853978	-0.0262695
0.552389	-0.257889	0.133501	0.0115107	0.0833003	-0.0256197
0.552402	-0.2578	0.133475	0.0130903	0.0846069	-0.0238346
0.55242	-0.257714	0.133454	0.0142283	0.0847421	-0.0219367
0.552431	-0.257623	0.133426	0.0134809	0.0860963	-0.0237875
0.552444	-0.257541	0.133402	0.0130462	0.0850467	-0.0241247
0.55246	-0.257454	0.133378	0.0138222	0.0843982	-0.0236716
0.552468	-0.257372	0.13335	0.0108706	0.0824823	-0.0260115
0.552485	-0.257281	0.133326	0.013123	0.0850732	-0.0249865
0.552498	-0.257193	0.133298	0.0117388	0.0848587	-0.0265957
0.55251	-0.257116	0.133276	0.0116435	0.0833648	-0.0258555
0.552522	-0.257034	0.133249	0.0116982	0.0832981	-0.0274078
0.552537	-0.256947	0.133225	0.0146944	0.0868009	-0.0255668
0.552549	-0.256866	0.133202	0.0146929	0.0877058	-0.0265653
0.552563	-0.25678	0.133175	0.0147973	0.087243	-0.0263844
0.552574	-0.256694	0.133145	0.0137337	0.086474	-0.0279875
0.552591	-0.256608	0.133125	0.0159522	0.0878799	-0.0251716
0.552608	-0.25652	0.133099	0.013696	0.0849859	-0.0258324
0.552622	-0.256434	0.133074	0.0150202	0.085656	-0.0234923
0.552635	-0.256352	0.133047	0.013752	0.0836881	-0.0241351
0.552653	-0.256265	0.133026	0.0170898	0.0845316	-0.0210063
0.552666	-0.256187	0.133003	0.0174155	0.0825427	-0.020201
0.552677	-0.256103	0.132973	0.0179819	0.083026	-0.0198225
0.552692	-0.256022	0.132952	0.015919	0.0825793	-0.0210166
0.552707	-0.255939	0.13293	0.015702	0.0819574	-0.0211112
0.552723	-0.255847	0.132903	0.0151015	0.0840312	-0.0231247
0.552741	-0.255766	0.132883	0.0168856	0.0824686	-0.021065
0.552755	-0.255683	0.132861	0.0175604	0.0837272	-0.0206281
0.552769	-0.255606	0.13284	0.0173628	0.0826431	-0.0191575
0.552779	-0.255523	0.132811	0.0152666	0.0835636	-0.022414
0.552793	-0.255439	0.132788	0.0163954	0.0857184	-0.0221083
0.552811	-0.255357	0.132773	0.0164407	0.0830584	-0.0199023
0.552822	-0.25528	0.132745	0.0129441	0.0797951	-0.0218919
0.552834	-0.255198	0.132721	0.0116106	0.0812806	-0.02477
0.552848	-0.255118	0.132699	0.0129353	0.0790128	-0.0224918
0.552861	-0.255039	0.132675	0.0124077	0.0805331	-0.0238597
0.552899	-0.254793	0.1326	0.0127998	0.0805865	-0.0239677
0.552913	-0.254714	0.132579	0.012631	0.0793202	-0.0242557
0.552921	-0.254633	0.13255	0.00895576	0.0787526	-0.0284042
0.552935	-0.254554	0.132528	0.0125664	0.0801141	-0.0254146
0.552949	-0.254471	0.132506	0.0130873	0.0824862	-0.0264562
0.55296	-0.25439	0.132478	0.0127216	0.0827764	-0.0266989
0.552971	-0.254308	0.132449	0.0126253	0.0834636	-0.0270447
0.552982	-0.254231	0.132427	0.012283	0.0807347	-0.0246892
0.552995	-0.25415	0.132401	0.0117536	0.080456	-0.0266319
0.553008	-0.254069	0.132376	0.0115174	0.0813893	-0.027524
0.553025	-0.253984	0.132356	0.0127731	0.0827531	-0.0268686
0.553038	-0.253899	0.132326	0.0129144	0.0843339	-0.0274198
0.553049	-0.253824	0.1323	0.0124452	0.0822721	-0.026911
0.553064	-0.25374	0.132278	0.0127121	0.0836323	-0.0267544
0.553078	-0.253658	0.132253	0.0132525	0.084102	-0.0260986
0.553094	-0.253574	0.132229	0.0140745	0.0820113	-0.0255824
0.553104	-0.253494	0.132197	0.0114077	0.0798452	-0.0284772
0.553118	-0.253416	0.132176	0.0102997	0.0770372	-0.0273621
0.553129	-0.253336	0.132147	0.0121734	0.0789358	-0.0269189
0.553143	-0.253257	0.132123	0.0118302	0.0769748	-0.0261851
0.553161	-0.253171	0.132098	0.0144784	0.0775762	-0.0253479
0.553176	-0.253085	0.132073	0.0154029	0.080054	-0.0241801
0.553191	-0.253002	0.132049	0.0138633	0.0798487	-0.0243208
0.553206	-0.252922	0.132025	0.0166761	0.0837647	-0.0230286
0.553221	-0.252842	0.131999	0.0161936	0.0821549	-0.0242174
0.553241	-0.252756	0.131976	0.0168885	0.0829755	-0.0234797
0.553253	-0.252676	0.131951	0.0147593	0.0829416	-0.0251694
0.55327	-0.252591	0.131927	0.0157716	0.0848881	-0.0229769
0.553284	-0.252513	0.131901	0.0145785	0.0805782	-0.0227463
0.553296	-0.252433	0.131873	0.0144005	0.0808335	-0.0241123
0.553313	-0.252349	0.13185	0.0140612	0.0797072	-0.0231801
0.553328	-0.252271	0.131824	0.0151336	0.0788362	-0.0222363
0.553345	-0.252185	0.131799	0.0145426	0.081941	-0.0245885
0.553362	-0.252102	0.131775	0.0137845	0.0814809	-0.0256927
0.553375	-0.252021	0.131748	0.0128882	0.0808034	-0.0255182
0.553391	-0.25194	0.131721	0.0126435	0.078925	-0.0265851
0.553408	-0.251857	0.1317	0.0142127	0.0810474	-0.0240351
0.553421	-0.251775	0.131672	0.0126412	0.081783	-0.0273421
0.553436	-0.251692	0.131646	0.0134942	0.0827591	-0.027414
0.553452	-0.251611	0.131623	0.0148978	0.0835554	-0.0261037
0.553467	-0.251531	0.131599	0.0157235	0.0826421	-0.0241173
0.553479	-0.251454	0.13157	0.0142405	0.0825154	-0.0270568
0.553495	-0.251374	0.131549	0.0142163	0.0817969	-0.0245154
0.553511	-0.25129	0.13152	0.0134604	0.0829136	-0.0275734
0.55353	-0.251208	0.131499	0.015082	0.0830753	-0.0262965
0.553544	-0.251125	0.131475	0.0154835	0.0833715	-0.0246716
0.553563	-0.251041	0.13145	0.0175026	0.0845222	-0.0233346
0.553579	-0.25096	0.131428	0.014973	0.0823957	-0.0246023
0.553593	-0.250879	0.131397	0.0147988	0.0826822	-0.027447
0.55361	-0.250799	0.131376	0.0164313	0.082483	-0.0249922
0.553628	-0.250716	0.131355	0.0161966	0.0829643	-0.0263056
0.553646	-0.250631	0.131327	0.0163991	0.0849385	-0.0282739
0.553663	-0.250553	0.131303	0.0168995	0.0841434	-0.0258773
0.553677	-0.250474	0.131282	0.0161481	0.0830879	-0.0249544
0.553698	-0.250391	0.131256	0.0167128	0.0826689	-0.02592
0.553713	-0.250311	0.131235	0.0150778	0.0804052	-0.0252933
0.553735	-0.250226	0.131212	0.0158275	0.0806868	-0.0255714
0.553752	-0.250144	0.131187	0.0159091	0.080814	-0.0269034
0.55377	-0.250063	0.131166	0.0149022	0.078486	-0.0260309
0.553784	-0.249983	0.131136	0.0142657	0.0792082	-0.0282256
0.5538	-0.2499	0.131109	0.015136	0.0814838	-0.026704
0.553819	-0.249817	0.131086	0.015433	0.0793529	-0.0252897
0.553837	-0.249742	0.131065	0.0171849	0.0789534	-0.024033
0.553852	-0.249663	0.131041	0.0173813	0.0793426	-0.0235821
0.553869	-0.249584	0.131013	0.0184215	0.079468	-0.023
0.553887	-0.249504	0.130991	0.0179839	0.0797752	-0.0230014
0.553905	-0.249422	0.130968	0.0190138	0.0814737	-0.0226269
0.553927	-0.249336	0.130944	0.0204762	0.0825297	-0.0228349
0.55394	-0.249258	0.130918	0.017574	0.0805906	-0.02264
0.55396	-0.249176	0.130894	0.0177886	0.080771	-0.0242703
0.553981	-0.249093	0.130872	0.0187073	0.0821462	-0.0238152
0.554004	-0.249009	0.130851	0.0190697	0.0826315	-0.0235693
0.554018	-0.248933	0.130824	0.0178054	0.079973	-0.0238983
0.554037	-0.248846	0.1308	0.020217	0.0823141	-0.0223651
0.554059	-0.248767	0.130778	0.0223844	0.0803398	-0.0205178
0.554075	-0.248685	0.13075	0.0203474	0.0797833	-0.0224322
0.554098	-0.248603	0.130732	0.0220049	0.0814667	-0.0204635
0.554114	-0.248519	0.1307	0.0197278	0.0833878	-0.0249803
0.554137	-0.248434	0.130681	0.0217763	0.0852014	-0.0229951
0.554158	-0.248351	0.130659	0.019706	0.0838669	-0.0234933
0.554178	-0.248266	0.130634	0.0199213	0.0839612	-0.0239095
0.554198	-0.248186	0.130614	0.0197012	0.0830148	-0.0231704
0.554218	-0.248104	0.130589	0.0201749	0.0823609	-0.0221471
0.554241	-0.248016	0.130567	0.0218325	0.0843203	-0.0215397
0.55426	-0.247932	0.130542	0.0207272	0.0818191	-0.0207369
0.554278	-0.247847	0.130512	0.0203415	0.0839782	-0.024747
0.554297	-0.247766	0.130489	0.018236	0.0812399	-0.0245943
0.554318	-0.247683	0.130469	0.0186864	0.0800783	-0.0227175
0.554337	-0.247598	0.130444	0.0193363	0.0815708	-0.0226117
0.554355	-0.247515	0.130417	0.0201208	0.0828182	-0.0228557
0.554377	-0.24743	0.130393	0.020981	0.0827878	-0.022731
0.554396	-0.247345	0.130368	0.018564	0.0829437	-0.0256509
0.554414	-0.24726	0.130342	0.0192006	0.0832428	-0.0250376
0.554433	-0.247179	0.130316	0.0190262	0.0811018	-0.0244274
0.554454	-0.247097	0.130295	0.0190146	0.0822132	-0.0240607
0.554475	-0.247008	0.13027	0.0195775	0.0833679	-0.0238735
0.554493	-0.246927	0.130245	0.0188526	0.081975	-0.0242321
0.554514	-0.246845	0.130222	0.0196984	0.0806362	-0.0225123
0.554533	-0.246762	0.130195	0.0187571	0.0805607	-0.0250315
0.554555	-0.24668	0.130175	0.0199206	0.0847832	-0.0249629
0.554597	-0.246506	0.130121	0.0183612	0.0843903	-0.0270445
0.554616	-0.246421	0.130096	0.01711	0.0822504	-0.0279859
0.554643	-0.246331	0.130074	0.021498	0.0865863	-0.0264522
0.554664	-0.246245	0.13005	0.0210498	0.0858712	-0.0261431
0.554686	-0.246167	0.130032	0.0202691	0.0820059	-0.0231475
0.554709	-0.246074	0.130001	0.0208654	0.0847758	-0.0265426
0.554728	-0.245991	0.129976	0.0187357	0.0820561	-0.0276633
0.55475	-0.245909	0.129953	0.0207742	0.0834939	-0.026344
0.554771	-0.245824	0.129928	0.0200631	0.0841647	-0.0274535
0.554793	-0.245738	0.129904	0.0202667	0.0828362	-0.0257432
0.554822	-0.245646	0.129888	0.0231268	0.0840992	-0.0214899
0.554845	-0.245556	0.129857	0.0234026	0.0848306	-0.023079
0.554866	-0.245475	0.129836	0.0231718	0.0841854	-0.0215206
0.554887	-0.245391	0.129814	0.0219609	0.0847767	-0.023498
0.554912	-0.245305	0.129789	0.0223524	0.0842846	-0.0233912
0.554934	-0.245216	0.129763	0.0216366	0.0857947	-0.0243011
0.554957	-0.24513	0.129738	0.0220183	0.0842708	-0.0237999
0.55498	-0.245045	0.129715	0.0214026	0.0845475	-0.0249339
0.555002	-0.244961	0.129693	0.0223257	0.0845631	-0.0243375
0.555024	-0.244874	0.129664	0.021908	0.0832896	-0.0245373
0.555045	-0.24479	0.12964	0.0228603	0.086823	-0.0241758
0.555069	-0.244705	0.129619	0.0222838	0.0844032	-0.0227527
0.555094	-0.244614	0.129595	0.02264	0.0855998	-0.0224006
0.555118	-0.244527	0.129573	0.0219788	0.0862807	-0.0234693
0.555138	-0.244442	0.129545	0.0205464	0.0854538	-0.0262388
0.555164	-0.244352	0.129522	0.0221518	0.0873613	-0.0245731
0.555185	-0.244265	0.129495	0.0214326	0.0872519	-0.0250175
0.55521	-0.244184	0.129478	0.0207838	0.0818204	-0.0219532
0.555232	-0.244098	0.12945	0.0228525	0.0855909	-0.0236019
0.555255	-0.244013	0.129428	0.0225831	0.0860004	-0.0227596
0.555275	-0.243929	0.129399	0.0214696	0.0853267	-0.0243387
0.555298	-0.24384	0.129372	0.0214572	0.085227	-0.0257112
0.555325	-0.243751	0.129351	0.0237399	0.0848185	-0.022365
0.555349	-0.243663	0.129328	0.0230143	0.0855465	-0.0225942
0.555374	-0.243577	0.129307	0.0231172	0.0847889	-0.0228419
0.555397	-0.243494	0.129285	0.0236141	0.0832638	-0.0209341
0.555423	-0.243398	0.129258	0.0235392	0.0859926	-0.0235981
0.555446	-0.243319	0.129236	0.0214807	0.0824628	-0.0250713
0.555468	-0.243232	0.129211	0.0215197	0.0834328	-0.025424
0.555494	-0.243145	0.129192	0.0229346	0.0829291	-0.0222763
0.55552	-0.243056	0.129169	0.0231552	0.0852917	-0.0234747
0.555542	-0.242967	0.12914	0.0242848	0.0870024	-0.0233884
0.555566	-0.242879	0.129114	0.0228983	0.0855305	-0.0235429
0.555591	-0.24279	0.129091	0.0246813	0.0872908	-0.0214872
0.555614	-0.242709	0.129069	0.0247069	0.0851768	-0.0207983
0.555635	-0.242619	0.129041	0.0212736	0.0855495	-0.0261073
0.555663	-0.242532	0.129019	0.0253478	0.0874804	-0.0215104
0.555689	-0.242441	0.128998	0.0252153	0.087352	-0.0221504
0.555715	-0.242351	0.128971	0.0226279	0.0861296	-0.0265837
0.555735	-0.242268	0.128946	0.0208793	0.0859299	-0.0277278
0.555759	-0.242183	0.128923	0.0216054	0.0853424	-0.0268176
0.555781	-0.242095	0.128895	0.0236839	0.0892539	-0.0256109
0.55581	-0.242011	0.12888	0.0260233	0.0890819	-0.0227235
0.555833	-0.241919	0.12885	0.0269072	0.0905521	-0.0241305
0.55586	-0.241834	0.12883	0.0283463	0.0906712	-0.0216388
0.555883	-0.241743	0.128802	0.0277461	0.0923547	-0.0236772
0.555905	-0.241658	0.128777	0.024395	0.0889744	-0.0251849
0.555931	-0.241569	0.128755	0.0262503	0.0902545	-0.022502
0.555957	-0.241481	0.128734	0.0277438	0.089318	-0.0212571
0.55598	-0.241395	0.128706	0.0270258	0.088637	-0.0218418
0.556006	-0.241305	0.128683	0.0255431	0.0901125	-0.0237244
0.556031	-0.241219	0.128658	0.0250036	0.0874745	-0.0243591
0.556053	-0.241131	0.128633	0.0231241	0.0894222	-0.0267339
0.556085	-0.241036	0.128614	0.026606	0.0921248	-0.0233228
0.556103	-0.240952	0.128583	0.0239188	0.0902414	-0.0258594
0.556128	-0.240872	0.128564	0.0256862	0.0868939	-0.0217697
0.556158	-0.240776	0.12854	0.0270637	0.0900651	-0.0225955
0.55618	-0.240692	0.128516	0.025019	0.0879492	-0.0237166
0.556202	-0.240604	0.128488	0.02488	0.0880289	-0.0230589
0.556227	-0.240524	0.128469	0.026754	0.0870137	-0.019622
0.55625	-0.240436	0.128441	0.0247095	0.0856043	-0.0225666
0.556271	-0.240356	0.128417	0.0225083	0.0823792	-0.021934
0.556294	-0.240273	0.128391	0.0218748	0.0819489	-0.0247661
0.55632	-0.240185	0.128368	0.0224966	0.0838066	-0.0255966
0.556342	-0.2401	0.128339	0.0216537	0.0826338	-0.0276193
0.556365	-0.240015	0.128318	0.023348	0.0827956	-0.0248462
0.556387	-0.239927	0.128287	0.0221566	0.0828592	-0.0269591
0.55641	-0.239841	0.128259	0.0222528	0.0828488	-0.0267075
0.556433	-0.239758	0.128232	0.0221974	0.0845863	-0.028676
0.556457	-0.239669	0.128205	0.0215875	0.0836437	-0.0282244
0.55648	-0.239586	0.128181	0.0217709	0.0839369	-0.0273078
0.556502	-0.2395	0.128152	0.0216864	0.0851338	-0.0282108
0.556522	-0.239422	0.12813	0.0232188	0.0852796	-0.0259654
0.556547	-0.239335	0.1281	0.0227061	0.0849499	-0.0278519
0.556574	-0.239242	0.128075	0.0243977	0.0880806	-0.0265901
0.556597	-0.239158	0.128051	0.0243377	0.0851728	-0.0248698
0.55662	-0.239071	0.128024	0.022973	0.0865716	-0.0251177
0.556641	-0.238982	0.127993	0.0217625	0.0896289	-0.0291785
0.556665	-0.2389	0.127971	0.0216265	0.0867681	-0.0286041
0.55669	-0.238806	0.127942	0.022438	0.0887216	-0.0288861
0.556711	-0.23872	0.127914	0.0238055	0.0883847	-0.0272672
0.556736	-0.238637	0.127894	0.023858	0.0853234	-0.0245588
0.556755	-0.23855	0.127863	0.0227828	0.086197	-0.0261045
0.556781	-0.238459	0.127837	0.0240377	0.0879348	-0.0262158
0.556805	-0.238371	0.12781	0.0234324	0.0877294	-0.0282127
0.55683	-0.238283	0.127785	0.0236125	0.0881051	-0.0280277
0.556852	-0.238202	0.127759	0.0217461	0.0852761	-0.0294686
0.556877	-0.238108	0.127729	0.0215518	0.0882698	-0.0316952
0.556899	-0.238023	0.127702	0.0225872	0.0866644	-0.0283739
0.556947	-0.237848	0.127646	0.0259635	0.0868612	-0.0255074
0.556969	-0.237762	0.12762	0.0244531	0.0867391	-0.0255736
0.55699	-0.23768	0.127595	0.0230956	0.084733	-0.0264805
0.557013	-0.237591	0.127565	0.0225841	0.0878242	-0.0293012
0.557034	-0.237508	0.127535	0.0218721	0.0864912	-0.0291216
0.557059	-0.237416	0.127511	0.0227889	0.0856733	-0.0260545
0.557083	-0.237332	0.127483	0.0248911	0.0854172	-0.0235152
0.557103	-0.237246	0.127452	0.0237503	0.0892791	-0.0278099
0.557126	-0.23716	0.127424	0.023515	0.0876486	-0.0266746
0.557147	-0.237075	0.127392	0.0245797	0.0884717	-0.0266111
0.557171	-0.236986	0.127364	0.0240283	0.0888985	-0.0281907
0.557192	-0.236904	0.127337	0.0218133	0.0852771	-0.0279996
0.557214	-0.236818	0.127307	0.0215411	0.0854081	-0.0284714
0.557237	-0.236734	0.127282	0.0242875	0.0869467	-0.0257373
0.557258	-0.236645	0.12725	0.0226995	0.0879784	-0.0289418
0.557283	-0.236558	0.127222	0.0232108	0.088123	-0.0279007
0.557304	-0.236474	0.127194	0.0228379	0.0885957	-0.0276387
0.557324	-0.236384	0.12716	0.0207043	0.0889702	-0.0300952
0.557346	-0.236304	0.127135	0.0222346	0.0867728	-0.0265116
0.557365	-0.236219	0.127105	0.0228673	0.0872519	-0.026291
0.55739	-0.236127	0.127077	0.0257006	0.0887828	-0.0234884
0.557414	-0.236038	0.127047	0.0252315	0.0870468	-0.0240176
0.557435	-0.235954	0.127017	0.0248387	0.0865485	-0.0244671
0.557449	-0.235872	0.126982	0.020648	0.0856182	-0.0292075
0.557473	-0.235789	0.126958	0.0211625	0.0838435	-0.028091
0.55749	-0.235701	0.126922	0.0183549	0.0802429	-0.0300949
0.557512	-0.235615	0.126894	0.0196721	0.0827202	-0.0286795
0.557533	-0.235532	0.126865	0.0184187	0.081171	-0.0297328
0.557551	-0.235444	0.126831	0.0176827	0.0828306	-0.0318648
0.55757	-0.235363	0.126801	0.0187023	0.082585	-0.0300479
0.557593	-0.235275	0.126771	0.0204288	0.0842158	-0.028839
0.557612	-0.235188	0.126741	0.0206793	0.0861412	-0.0280155
0.557627	-0.235106	0.126706	0.0188241	0.0848205	-0.0294987
0.557647	-0.235023	0.126674	0.0187431	0.0848198	-0.0310443
0.557666	-0.234936	0.126643	0.0194612	0.0870434	-0.0301228
0.557681	-0.234858	0.126609	0.0175711	0.0835104	-0.0318791
0.557699	-0.234771	0.126576	0.0185183	0.0882677	-0.0335546
0.55772	-0.234686	0.126546	0.0196938	0.0887519	-0.0318889
0.557736	-0.234604	0.126512	0.0183234	0.0860583	-0.0315361
0.557754	-0.234518	0.12648	0.0191539	0.0868913	-0.0302111
0.557772	-0.23443	0.126446	0.0187919	0.0866385	-0.0300972
0.557789	-0.234344	0.126411	0.0176606	0.0855251	-0.0321014
0.557806	-0.234264	0.126381	0.016921	0.0832613	-0.0315681
0.557825	-0.234177	0.126346	0.0177624	0.0827898	-0.033001
0.557843	-0.234092	0.126311	0.0177739	0.0839422	-0.0337709
0.557861	-0.234006	0.12628	0.0180782	0.0852428	-0.033226
0.557874	-0.23392	0.126244	0.0166638	0.0854197	-0.0343379
0.557894	-0.23383	0.126208	0.0180506	0.0882813	-0.034914
0.557912	-0.233739	0.126172	0.0170775	0.0861658	-0.0356785
0.557931	-0.233652	0.126138	0.0175219	0.0894044	-0.0374304
0.557948	-0.233567	0.126106	0.0201246	0.0898954	-0.0341728
0.557965	-0.233481	0.126069	0.0195853	0.0884488	-0.0345976
0.557983	-0.233385	0.126034	0.0204447	0.0942728	-0.0350928
0.558001	-0.233301	0.126002	0.0210617	0.0897065	-0.0324867
0.558018	-0.233215	0.125965	0.0196308	0.087346	-0.0338413
0.558033	-0.23313	0.12593	0.0177019	0.0855222	-0.0346576
0.558053	-0.233042	0.125897	0.0181267	0.0867825	-0.0342277
0.558071	-0.232953	0.125863	0.0188674	0.0895893	-0.0345647
0.558088	-0.232864	0.125826	0.0191172	0.0885214	-0.0339478
0.558102	-0.232776	0.125788	0.0159388	0.0878483	-0.0377929
0.558121	-0.232686	0.125753	0.0163593	0.0875435	-0.0366629
0.558134	-0.2326	0.125712	0.0155116	0.0866919	-0.0379462
0.558155	-0.232513	0.125682	0.015595	0.0864268	-0.0374972
0.558167	-0.232429	0.12564	0.0149315	0.0852254	-0.0381567
0.558187	-0.232338	0.125608	0.0175139	0.0857692	-0.0340096
0.558199	-0.232258	0.125573	0.0155163	0.0838372	-0.0343049
0.558217	-0.232173	0.125541	0.0158606	0.0838654	-0.0335387
0.558228	-0.232086	0.125495	0.0151087	0.0863172	-0.0368936
0.558246	-0.231997	0.125462	0.0159591	0.0879256	-0.0358451
0.558264	-0.231907	0.125425	0.0161174	0.0873946	-0.0360359
0.558278	-0.231816	0.125383	0.015597	0.0901415	-0.0380553
0.558296	-0.231729	0.125351	0.0140542	0.0883846	-0.0385148
0.55831	-0.231637	0.125311	0.0141135	0.0892208	-0.0391364
0.558327	-0.231552	0.125276	0.0136601	0.087791	-0.0400092
0.558342	-0.231465	0.12524	0.0135344	0.0854235	-0.0380822
0.558356	-0.231376	0.125201	0.011973	0.0855424	-0.0401691
0.558376	-0.231286	0.12517	0.0142074	0.0849082	-0.037194
0.55839	-0.2312	0.125131	0.0136009	0.0843563	-0.0374902
0.558404	-0.231108	0.125092	0.0134821	0.0870768	-0.0382235
0.558419	-0.231018	0.125053	0.0120498	0.085546	-0.0389963
0.558435	-0.230929	0.125018	0.013192	0.0866556	-0.0372965
0.558448	-0.230841	0.124975	0.0112644	0.0865223	-0.0412968
0.558464	-0.230751	0.124939	0.0133288	0.0874715	-0.0385438
0.558478	-0.230666	0.1249	0.0129867	0.0867223	-0.0401098
0.558488	-0.230572	0.124854	0.0112779	0.0881907	-0.0416148
0.558503	-0.23049	0.124822	0.0142737	0.0870107	-0.0372545
0.558516	-0.2304	0.12478	0.0140701	0.0892307	-0.0389372
0.558531	-0.230313	0.124744	0.013372	0.0877915	-0.0394782
0.558542	-0.230228	0.124705	0.0137371	0.087098	-0.0380591
0.558555	-0.230137	0.12466	0.0116609	0.0867773	-0.0417211
0.558568	-0.230048	0.124622	0.0132088	0.0883514	-0.0391603
0.558579	-0.229958	0.124578	0.0124183	0.0879787	-0.0400802
0.558589	-0.229871	0.124535	0.00968368	0.085851	-0.0426377
0.558602	-0.229785	0.124499	0.0109819	0.0851854	-0.0396885
0.558614	-0.229693	0.124453	0.0103381	0.0879738	-0.0448815
0.558627	-0.229607	0.124417	0.0105794	0.0864621	-0.0428408
0.558635	-0.229523	0.124375	0.0103565	0.0877453	-0.0425173
0.558649	-0.229435	0.124336	0.0100721	0.0874538	-0.0418085
0.558655	-0.229352	0.12429	0.0100719	0.0885229	-0.0422863
0.558669	-0.229258	0.124246	0.0116829	0.0900849	-0.0424657
0.558682	-0.229167	0.124209	0.0123187	0.0912083	-0.0416456
0.558694	-0.229083	0.124174	0.0111326	0.0902324	-0.0417348
0.558706	-0.228995	0.124131	0.0131498	0.0903944	-0.0406919
0.558717	-0.228907	0.124088	0.0120654	0.088515	-0.0422029
0.558728	-0.22882	0.12405	0.0106554	0.088025	-0.0427264
0.55874	-0.228731	0.124006	0.0114421	0.0871791	-0.041859
0.558749	-0.228645	0.123965	0.0108229	0.0863965	-0.040859
0.558762	-0.228558	0.123924	0.012204	0.0876528	-0.0416027
0.558775	-0.228474	0.123888	0.0110298	0.0865451	-0.0419471
0.558787	-0.228381	0.123845	0.0107704	0.0888225	-0.0437745
0.558796	-0.228295	0.123799	0.0103335	0.0856311	-0.0442951
0.558811	-0.22821	0.123765	0.0122562	0.0862885	-0.0415901
0.558821	-0.22812	0.123721	0.0102718	0.0864879	-0.0421683
0.558834	-0.228032	0.123682	0.0117876	0.085914	-0.0397411
0.558847	-0.227943	0.123641	0.0121207	0.086115	-0.04025
0.558851	-0.227856	0.12359	0.00956883	0.0857622	-0.0439166
0.558868	-0.227774	0.123557	0.0108501	0.0827218	-0.0408325
0.558873	-0.227695	0.123512	0.00906366	0.0822564	-0.0417705
0.558886	-0.227606	0.123471	0.0110127	0.0848103	-0.04094
0.558899	-0.227519	0.123432	0.0128153	0.0850971	-0.0394708
0.558908	-0.22743	0.123387	0.0114926	0.0873622	-0.0418091
0.558921	-0.227339	0.123341	0.0105936	0.0880518	-0.0427979
0.558932	-0.227255	0.123302	0.0114151	0.0883068	-0.0417698
0.558942	-0.227171	0.12326	0.011046	0.0884073	-0.041309
0.558952	-0.227084	0.123217	0.0112227	0.0885765	-0.0423086
0.558966	-0.226994	0.123178	0.0126207	0.0892169	-0.040909
0.558975	-0.226908	0.123132	0.01025	0.0865674	-0.0431883
0.558983	-0.226824	0.12309	0.00808854	0.0848742	-0.0438803
0.558995	-0.226735	0.123048	0.00828721	0.0867944	-0.0445041
0.559002	-0.226655	0.123001	0.00882527	0.0871621	-0.0455047
0.559015	-0.226566	0.122962	0.0110286	0.08957	-0.0435776
0.559024	-0.22648	0.122917	0.00924645	0.0860791	-0.0447627
0.559037	-0.226396	0.122881	0.00876225	0.0844598	-0.0434145
0.559044	-0.226309	0.122834	0.00868952	0.0838591	-0.0426306
0.559053	-0.226224	0.122787	0.00824357	0.0849996	-0.0446209
0.559063	-0.22614	0.12275	0.00765706	0.0854788	-0.0445616
0.559068	-0.226063	0.122703	0.00526934	0.0823256	-0.0451627
0.559075	-0.22598	0.122658	0.00691069	0.0837425	-0.0448414
0.559082	-0.225899	0.122614	0.00869086	0.0833667	-0.0422563
0.55909	-0.225817	0.122572	0.00712367	0.0822291	-0.0439035
0.559097	-0.22573	0.122523	0.00698892	0.0849411	-0.0456333
0.559106	-0.225644	0.122478	0.00856271	0.0873198	-0.0465548
0.55911	-0.225563	0.122429	0.00693246	0.0873234	-0.0481185
0.559117	-0.225478	0.122385	0.00653951	0.0858114	-0.0469226
0.559122	-0.225397	0.122335	0.00505614	0.0842535	-0.0483892
0.559126	-0.22532	0.122293	0.00506279	0.0840819	-0.0477757
0.559134	-0.225235	0.122246	0.0073775	0.0847126	-0.0456829
0.559139	-0.225149	0.122195	0.0076453	0.0872114	-0.0466956
0.559144	-0.22507	0.122151	0.00747992	0.0843791	-0.0458911
0.559148	-0.224984	0.122098	0.00711983	0.0865419	-0.0478996
0.559151	-0.224904	0.122053	0.00612497	0.0856125	-0.0480078
0.559158	-0.22482	0.122007	0.00568454	0.0836763	-0.047406
0.559164	-0.224733	0.121959	0.00691822	0.0857578	-0.0464204
0.559168	-0.224653	0.121912	0.0059595	0.0833771	-0.0449005
0.559172	-0.224575	0.121866	0.00664419	0.0812607	-0.0435113
0.559175	-0.224486	0.121814	0.00585536	0.0831911	-0.0458344
0.559179	-0.224404	0.121765	0.00577318	0.0827776	-0.0474591
0.559183	-0.22432	0.12172	0.0045536	0.0828272	-0.0467321
0.559186	-0.224235	0.121667	0.00293614	0.0830182	-0.0488058
0.559192	-0.224155	0.121622	0.00443132	0.082214	-0.0466976
0.559194	-0.224073	0.121573	0.00380639	0.0828473	-0.0480829
0.559199	-0.223988	0.121522	0.00316334	0.0821542	-0.0501663
0.559203	-0.223902	0.121474	0.00344833	0.083938	-0.050802
0.559205	-0.223823	0.121427	0.00260642	0.0815323	-0.0502822
0.559208	-0.223736	0.121372	0.00187194	0.0824109	-0.0528769
0.559213	-0.223651	0.121323	0.00149556	0.0811168	-0.0526307
0.559215	-0.223569	0.121273	0.0017657	0.0812255	-0.051332
0.559219	-0.223488	0.121226	0.00389668	0.0807795	-0.0485478
0.559221	-0.2234	0.121172	0.00390149	0.0847782	-0.0512388
0.559223	-0.223322	0.121123	0.00355874	0.0829728	-0.0499711
0.559222	-0.223241	0.121069	0.00125876	0.0798004	-0.0516017
0.559225	-0.223161	0.121022	0.0020525	0.0791363	-0.0491011
0.559224	-0.223077	0.120966	0.0014721	0.0798793	-0.051568
0.559224	-0.222997	0.120913	0.0022599	0.0820439	-0.0507662
0.559227	-0.222913	0.120863	0.00326224	0.0828778	-0.0493616
0.559229	-0.222826	0.120812	0.00279929	0.0835463	-0.0482404
0.559226	-0.22275	0.120759	0.000788495	0.081251	-0.0492386
0.559226	-0.222669	0.120705	-0.000508872	0.0819757	-0.0519888
0.559229	-0.222587	0.120657	0.00170257	0.0827767	-0.0494553
0.559227	-0.222504	0.120603	-0.000876101	0.0820923	-0.0498665
0.559229	-0.222425	0.120553	-0.000265195	0.0818803	-0.0492275
0.559231	-0.222341	0.120504	-0.000832549	0.0826051	-0.0502683
0.559226	-0.222266	0.120447	-0.0018772	0.080345	-0.0524258
0.559228	-0.222183	0.120396	0.00036718	0.0801914	-0.0498701
0.559227	-0.222108	0.120345	-0.000545275	0.0798697	-0.0512021
0.559227	-0.222024	0.120293	-0.00203141	0.0809518	-0.0531259
0.559229	-0.221946	0.120242	-0.00100334	0.0803759	-0.0517462
0.559227	-0.221864	0.120186	-0.00045782	0.0817059	-0.0517168
0.55923	-0.221786	0.120139	2.19453e-05	0.0794251	-0.0492752
0.559226	-0.221706	0.120082	-0.000419119	0.0792721	-0.0499054
0.559219	-0.221631	0.120023	-0.00188343	0.0781036	-0.0524641
0.559223	-0.221546	0.119974	-0.00161999	0.0788697	-0.0523958
0.559219	-0.221469	0.11992	-0.00465849	0.074906	-0.0538297
0.55922	-0.221388	0.119867	-0.0019384	0.0763011	-0.0524561
0.559216	-0.221314	0.119813	-0.00185559	0.0769798	-0.0529397
0.559216	-0.221236	0.119764	-0.00118614	0.0778514	-0.0530106
0.559211	-0.22116	0.119705	-0.00223602	0.0761985	-0.0548502
0.559214	-0.221079	0.119659	-0.00146823	0.077367	-0.0528559
0.559211	-0.220998	0.119599	-0.00255669	0.0800112	-0.0564103
0.559208	-0.220924	0.119546	-0.00130063	0.079871	-0.0550162
0.559207	-0.220847	0.119496	0.000577115	0.0791492	-0.0526148
0.559204	-0.220771	0.119441	0.000172168	0.0782943	-0.0525993
0.559204	-0.220696	0.11939	-0.00058238	0.0781273	-0.0536511
0.559201	-0.220615	0.119334	-0.000580697	0.0786907	-0.0525296
0.5592	-0.220543	0.119285	0.000729424	0.0781224	-0.0507243
0.559195	-0.220472	0.119232	-0.0022249	0.0751775	-0.0522121
0.559195	-0.220396	0.11918	-0.00172307	0.0748894	-0.0529829
0.559187	-0.220325	0.119124	-0.00310046	0.0744197	-0.053961
0.559189	-0.220245	0.119071	-0.00114923	0.0755884	-0.0533411
0.55919	-0.220171	0.119021	0.000300626	0.0766281	-0.0519762
0.559182	-0.219943	0.118858	-0.000874851	0.0766197	-0.053814
0.559182	-0.219867	0.118807	-0.000427933	0.0762665	-0.0529461
0.55918	-0.219786	0.118751	4.75118e-05	0.0796309	-0.0533216
0.559181	-0.219707	0.118698	0.000821315	0.0784118	-0.0504334
0.559178	-0.219634	0.118644	-0.000291953	0.0760931	-0.0510353
0.559179	-0.219556	0.118591	-0.000188005	0.0762319	-0.0517984
0.55918	-0.219477	0.118538	-0.000207787	0.0763268	-0.0519984
0.55918	-0.219401	0.118487	0.00123243	0.0758695	-0.0501149
0.55918	-0.219324	0.118434	2.98823e-05	0.0782457	-0.0519641
0.559181	-0.219248	0.118385	0.00122841	0.0760485	-0.0497489
0.559182	-0.219165	0.11833	0.00102782	0.0786038	-0.0516089
0.559185	-0.219089	0.118279	0.000525031	0.0766238	-0.0520681
0.559185	-0.219011	0.118228	0.000368897	0.0752926	-0.0499788
0.559186	-0.218933	0.118174	0.000400426	0.0770367	-0.0512988
0.559191	-0.218855	0.118129	0.0013581	0.0763137	-0.0495462
0.55919	-0.218779	0.118076	0.000377773	0.0767419	-0.0505426
0.559193	-0.2187	0.118023	0.000930581	0.0772045	-0.0502826
0.559196	-0.218625	0.117975	0.0024299	0.0774875	-0.0490393
0.559194	-0.218551	0.117921	0.00118459	0.0772069	-0.050548
0.559196	-0.218472	0.117867	0.00241182	0.0779737	-0.0509614
0.559197	-0.218391	0.117816	0.00273594	0.0774831	-0.0496608
0.559199	-0.218317	0.117765	0.00342229	0.0767149	-0.0494826
0.559198	-0.218239	0.117711	0.00252504	0.0767352	-0.0494645
0.559196	-0.218163	0.117657	0.00261179	0.0768083	-0.0500194
0.559197	-0.218091	0.117609	0.00336281	0.0758598	-0.0485015
0.559202	-0.218003	0.117556	0.00375949	0.0788665	-0.0494214
0.559197	-0.217937	0.117505	0.000267145	0.072945	-0.0499814
0.5592	-0.217861	0.117454	0.000770638	0.0727302	-0.0499985
0.559199	-0.217782	0.117402	0.00103955	0.0762	-0.0493082
0.559201	-0.21771	0.117355	0.00238349	0.0765392	-0.0475151
0.559203	-0.217628	0.117301	0.00186877	0.0777938	-0.0496236
0.559204	-0.217546	0.117251	0.000964917	0.0791503	-0.0495742
0.559209	-0.21747	0.117205	0.00225984	0.0784274	-0.0481657
0.55921	-0.217395	0.117158	-0.00035267	0.0773223	-0.0487713
0.559212	-0.217313	0.117104	0.000221946	0.0799984	-0.0511419
0.559214	-0.217236	0.117056	0.000196692	0.078657	-0.0507771
0.559216	-0.217158	0.117006	0.00209084	0.0795965	-0.0498142
0.559217	-0.217083	0.116956	0.000318691	0.0751822	-0.0504321
0.559218	-0.217005	0.116905	0.000802868	0.0742513	-0.0499119
0.559216	-0.216936	0.116855	0.000361588	0.0737753	-0.0490992
0.559222	-0.216851	0.116807	0.00218287	0.0772824	-0.0492384
0.559226	-0.216772	0.116759	0.00476563	0.0796081	-0.0475712
0.559226	-0.216697	0.116706	0.00252751	0.0778667	-0.0502585
0.559226	-0.216616	0.116655	0.00163422	0.0791427	-0.051082
0.55923	-0.216538	0.116608	0.00287609	0.0773436	-0.0490864
0.559233	-0.216457	0.116557	0.00160395	0.0763911	-0.0502739
0.559231	-0.216383	0.116507	0.00129693	0.0773126	-0.0505532
0.559232	-0.216304	0.116457	0.000214332	0.0775727	-0.0523329
0.559232	-0.216228	0.116404	-0.000526961	0.0762076	-0.0534491
0.559232	-0.21615	0.116351	0.000607863	0.0783163	-0.0532153
0.55923	-0.216079	0.116304	-0.000333771	0.0756136	-0.0517893
0.559229	-0.216004	0.116252	-0.00226972	0.0749821	-0.0527915
0.55923	-0.215927	0.116202	-0.00131042	0.078223	-0.0533427
0.55923	-0.215845	0.116149	0.00029794	0.0796039	-0.0513171
0.559231	-0.215767	0.116101	0.00124607	0.0782901	-0.0483418
0.55923	-0.215695	0.11605	0.00197888	0.0774423	-0.0475712
0.559231	-0.21562	0.116005	0.000942079	0.0739331	-0.0467744
0.559228	-0.215541	0.115952	-0.000665307	0.0765634	-0.0496155
0.559227	-0.215462	0.115899	-0.000699092	0.0787896	-0.0512183
0.559226	-0.215387	0.11585	-0.000616053	0.0771353	-0.0504373
0.559227	-0.215311	0.115804	-0.00041416	0.0766193	-0.0493421
0.559222	-0.215235	0.115747	-0.00131584	0.0752745	-0.0510608
0.559222	-0.215157	0.115699	-0.00106634	0.0768131	-0.050549
0.559219	-0.215077	0.115646	-0.000956675	0.0776324	-0.0510188
0.559218	-0.214999	0.115593	-0.00148588	0.0787773	-0.0536872
0.559211	-0.214924	0.115541	-0.00322808	0.0753575	-0.0532669
0.559211	-0.214846	0.115491	-0.00160387	0.0777316	-0.0525578
0.559207	-0.214769	0.115438	-0.00313966	0.0772932	-0.0538998
0.559203	-0.214691	0.115387	-0.00407874	0.0772391	-0.0538022
0.559201	-0.214615	0.115334	-0.00352777	0.0757324	-0.0547817
0.559199	-0.214532	0.115283	-0.00299961	0.0781555	-0.0540165
0.559193	-0.214457	0.11523	-0.00335087	0.0769712	-0.0527834
0.559188	-0.214384	0.115178	-0.00265791	0.0760458	-0.0521746
0.559185	-0.21431	0.115126	-0.00326574	0.0737846	-0.0512329
0.559183	-0.21423	0.115076	-0.00382993	0.0748451	-0.0509697
0.559178	-0.214155	0.115027	-0.00475261	0.0740346	-0.0513565
0.559177	-0.214076	0.114977	-0.0042021	0.075388	-0.052014
0.559172	-0.214	0.114924	-0.00232947	0.0773924	-0.0507007
0.55917	-0.21392	0.114877	-0.00342804	0.0783501	-0.0507265
0.559168	-0.213843	0.114827	-0.00197035	0.0796361	-0.050122
0.559163	-0.213763	0.114777	-0.00339073	0.078622	-0.0510979
0.55916	-0.213693	0.114732	-0.0030954	0.0749284	-0.0484283
0.559155	-0.213614	0.114678	-0.00222288	0.0773667	-0.0478482
0.559151	-0.213538	0.114629	-0.00236571	0.0777799	-0.0492154
0.559148	-0.213462	0.114581	-0.00341256	0.078413	-0.0496408
0.559142	-0.213385	0.114529	-0.00532828	0.0789333	-0.0520766
0.559142	-0.213312	0.114486	-0.00274114	0.0774718	-0.0475174
0.559137	-0.21323	0.114436	-0.00381942	0.0775099	-0.0497627
0.559131	-0.213156	0.114384	-0.00315701	0.0770229	-0.048115
0.55913	-0.213072	0.114339	-0.000622213	0.0789517	-0.0458321
0.559123	-0.212998	0.114285	-0.00254391	0.0780049	-0.0472845
0.559123	-0.212924	0.114245	-0.000215997	0.0782634	-0.0433219
0.559115	-0.212767	0.114145	-0.00400621	0.0779696	-0.0472201
0.559103	-0.212532	0.114001	-0.00303096	0.0782707	-0.045369
0.559101	-0.212455	0.113957	-0.00381132	0.0764199	-0.043912
0.559096	-0.21238	0.113906	-0.00423184	0.0762391	-0.0452278
0.559092	-0.212303	0.113859	-0.00508936	0.0738052	-0.0461218
0.559086	-0.212224	0.11381	-0.00421773	0.076622	-0.0463843
0.559085	-0.21215	0.113768	-0.0034489	0.0746438	-0.0448121
0.559078	-0.212078	0.113719	-0.00359842	0.0728546	-0.0442737
0.559074	-0.212001	0.113672	-0.00203629	0.074346	-0.0437526
0.559066	-0.211927	0.113621	-0.0023713	0.0737108	-0.0430772
0.559065	-0.211854	0.11358	-0.00230885	0.0728973	-0.042775
0.559059	-0.211786	0.113535	-0.00396249	0.0722578	-0.0448975
0.559054	-0.211709	0.113489	-0.00656541	0.0715293	-0.0477715
0.559051	-0.211636	0.113445	-0.00498662	0.0711803	-0.0448716
0.559046	-0.211557	0.113394	-0.0065607	0.071971	-0.0474613
0.559042	-0.211481	0.113351	-0.0054494	0.0734666	-0.0465654
0.559039	-0.211405	0.113305	-0.00605392	0.0740082	-0.0475926
0.559036	-0.21133	0.113258	-0.00565277	0.0737892	-0.0482496
0.559034	-0.211255	0.113219	-0.00463854	0.0735392	-0.0459811
0.559027	-0.21118	0.113165	-0.00488963	0.0751485	-0.0477007
0.559024	-0.211099	0.113119	-0.00395522	0.074958	-0.0458661
0.559021	-0.211023	0.113076	-0.00526046	0.0749844	-0.0465351
0.559012	-0.210952	0.113025	-0.00569709	0.0741916	-0.0472398
0.559011	-0.210873	0.112981	-0.00404875	0.0759097	-0.045996
0.55901	-0.210795	0.112939	-0.00464344	0.0776908	-0.0473419
0.559007	-0.210721	0.112895	-0.00401662	0.0760113	-0.0450821
0.559004	-0.210642	0.112853	-0.00384455	0.0772527	-0.0450409
0.558999	-0.210561	0.112801	-0.00580085	0.0769538	-0.0472906
0.558998	-0.210483	0.112759	-0.00432054	0.0763634	-0.0459993
0.558992	-0.210409	0.112712	-0.00515707	0.076766	-0.0470649
0.55899	-0.210326	0.112669	-0.00395138	0.0770043	-0.0444823
0.558986	-0.210251	0.112625	-0.00369065	0.0748762	-0.0444255
0.558978	-0.210172	0.112573	-0.00488211	0.0750882	-0.0465896
0.558975	-0.210098	0.112531	-0.0029105	0.0759692	-0.0437715
0.558973	-0.210014	0.112488	-0.00169775	0.0797717	-0.0445065
0.558971	-0.209938	0.112444	-0.00254122	0.0791824	-0.0445246
0.558966	-0.209854	0.112397	-0.00387661	0.0785512	-0.0446323
0.558964	-0.209774	0.112354	-0.0048647	0.0793728	-0.0467135
0.55896	-0.209698	0.112311	-0.00580834	0.075986	-0.0451042
0.558957	-0.209618	0.112266	-0.00417488	0.0770287	-0.04429
0.558958	-0.209533	0.112226	-0.00247168	0.0793157	-0.0431922
0.558953	-0.209464	0.112184	-0.00575744	0.0727555	-0.0451148
0.55895	-0.20938	0.112139	-0.00592496	0.0775203	-0.0475557
0.558946	-0.209307	0.112097	-0.0071401	0.0749718	-0.048141
0.558943	-0.209227	0.112053	-0.00606554	0.0766105	-0.0485215
0.55894	-0.209147	0.112011	-0.00613478	0.0767458	-0.0472517
0.558938	-0.209073	0.11197	-0.00554793	0.0764125	-0.0459614
0.558932	-0.208995	0.111926	-0.00438356	0.0783693	-0.0452059
0.558929	-0.208913	0.111884	-0.00439836	0.0792776	-0.0458093
0.558927	-0.208835	0.111842	-0.0024849	0.0808941	-0.0448035
0.558926	-0.208757	0.111801	-0.000737871	0.0817851	-0.0434277
0.558922	-0.208677	0.111755	-0.000924617	0.0797642	-0.0421309
0.558921	-0.208602	0.111716	-0.00196995	0.0795065	-0.0435137
0.558915	-0.208524	0.111674	-0.00299656	0.0795577	-0.0435621
0.558912	-0.208447	0.111632	-0.00413194	0.077765	-0.0442012
0.55891	-0.208368	0.111592	-0.00279511	0.0793633	-0.0433502
0.558908	-0.20829	0.111551	-0.00376034	0.0792011	-0.04347
0.558903	-0.208211	0.111505	-0.00493452	0.0788965	-0.0467426
0.558904	-0.208129	0.111467	-0.00395276	0.0795006	-0.0459269
0.558901	-0.208052	0.111426	-0.00452661	0.0788099	-0.0458548
0.558899	-0.207967	0.111383	-0.00345275	0.0784083	-0.0434056
0.558896	-0.207889	0.111342	-0.00487242	0.077848	-0.044097
0.55889	-0.207806	0.111294	-0.00380688	0.0814667	-0.0441701
0.55889	-0.207729	0.111257	-0.00409186	0.0797038	-0.0432961
0.558887	-0.20765	0.111215	-0.00416179	0.0789808	-0.04198
0.558885	-0.207572	0.111175	-0.00251351	0.0791432	-0.0398895
0.558884	-0.207491	0.111138	-0.0013548	0.0793991	-0.0377685
0.55888	-0.207409	0.111091	-0.0026436	0.0780772	-0.0409103
0.558877	-0.207334	0.111052	-0.00221645	0.0770108	-0.0399665
0.558878	-0.207253	0.111016	-0.00148673	0.0777003	-0.039268
0.558874	-0.207171	0.11097	-0.00108959	0.079697	-0.0397676
0.558873	-0.20709	0.110933	-0.000575647	0.0804364	-0.0389742
0.558874	-0.20701	0.110895	-9.59833e-05	0.0783284	-0.0373115
0.558871	-0.206937	0.110858	-0.00216206	0.0755958	-0.0386967
0.558865	-0.206858	0.110814	-0.00362274	0.0753335	-0.0404873
0.558865	-0.206783	0.110777	-0.00187859	0.0759845	-0.0402333
0.558862	-0.206703	0.110738	-0.000558488	0.0769969	-0.0392197
0.558856	-0.206628	0.110693	-0.00214263	0.0752221	-0.0411621
0.558856	-0.206547	0.110657	0.000569375	0.0779298	-0.0378777
0.558851	-0.206469	0.110614	-0.00173173	0.0781792	-0.0391537
0.558847	-0.206385	0.110571	-0.00217135	0.0803817	-0.0399278
0.558848	-0.206306	0.110536	0.000467271	0.0837457	-0.0390669
0.558844	-0.206227	0.110496	2.43231e-05	0.0824945	-0.0383313
0.55884	-0.206144	0.110453	-0.000864637	0.0827625	-0.038989
0.558836	-0.206058	0.110409	-0.00358358	0.0850268	-0.0431653
0.558837	-0.205974	0.110373	-0.00122447	0.0864143	-0.0390172
0.558831	-0.205897	0.110334	-0.00353266	0.0839176	-0.0397925
0.558828	-0.205816	0.110295	-0.00390112	0.0822435	-0.0403386
0.558826	-0.20573	0.110254	-0.00223894	0.0841564	-0.0394006
0.558821	-0.20565	0.110215	-0.0038312	0.0832267	-0.0412164
0.558818	-0.205563	0.110173	-0.00408828	0.0818933	-0.0412219
0.558816	-0.205479	0.110136	-0.00354776	0.0823213	-0.03993
0.558809	-0.205392	0.110091	-0.00475021	0.0835243	-0.0416973
0.558805	-0.205305	0.110047	-0.00332688	0.0868497	-0.0422951
0.558801	-0.205221	0.11001	-0.00348433	0.0860252	-0.0406352
0.558798	-0.205138	0.109971	-0.00459163	0.0827257	-0.0408639
0.558794	-0.205052	0.109929	-0.00588768	0.0833261	-0.0432591
0.558788	-0.204968	0.109888	-0.00596916	0.0824629	-0.0418958
0.558787	-0.204882	0.109849	-0.00586451	0.0840812	-0.0431413
0.558782	-0.2048	0.109806	-0.00611365	0.0841758	-0.0447709
0.558779	-0.204713	0.109768	-0.00509358	0.0852973	-0.0438834
0.558773	-0.204629	0.109725	-0.00491278	0.0851699	-0.043523
0.558772	-0.204542	0.109684	-0.0047944	0.0834504	-0.0426027
0.558767	-0.204456	0.109644	-0.00485206	0.0837256	-0.0416191
0.558762	-0.204372	0.109603	-0.00549744	0.0859386	-0.0424168
0.55876	-0.204286	0.109565	-0.00434976	0.0855601	-0.0395103
0.558754	-0.204201	0.109519	-0.00419349	0.0846145	-0.0415072
0.558751	-0.204118	0.109482	-0.00396076	0.084921	-0.0403387
0.558741	-0.204038	0.109435	-0.00533971	0.0835321	-0.0413209
0.558739	-0.203954	0.109397	-0.00524635	0.0837735	-0.041614
0.558734	-0.203861	0.10935	-0.00624963	0.0891506	-0.0459136
0.558728	-0.20378	0.109312	-0.00512696	0.0885115	-0.0426761
0.558726	-0.203692	0.109273	-0.00663827	0.0857453	-0.0424129
0.558719	-0.203604	0.109229	-0.00798239	0.0862791	-0.0437672
0.558716	-0.20352	0.109194	-0.0057391	0.0863708	-0.040167
0.558708	-0.20343	0.109145	-0.00791166	0.0880392	-0.0438011
0.558705	-0.203341	0.109107	-0.00634223	0.0871115	-0.0413783
0.558699	-0.203258	0.109066	-0.00721344	0.0850145	-0.0424859
0.558692	-0.203168	0.10902	-0.00548292	0.0863927	-0.0423985
0.558689	-0.203084	0.108982	-0.00434874	0.0860461	-0.0404447
0.558683	-0.202995	0.108938	-0.00427659	0.0866453	-0.0412615
0.558679	-0.202905	0.108898	-0.00472475	0.085367	-0.0407832
0.558673	-0.202818	0.108854	-0.00510609	0.0839722	-0.0400861
0.55867	-0.202731	0.108814	-0.00492349	0.0841167	-0.0394974
0.558666	-0.202642	0.108775	-0.00089737	0.0889221	-0.0364886
0.558664	-0.202555	0.108737	-0.00134229	0.0883837	-0.0367953
0.55866	-0.202462	0.108695	-0.00340628	0.0872718	-0.0398975
0.558653	-0.202378	0.108655	-0.00193859	0.0871057	-0.0385967
0.558649	-0.202289	0.108614	-0.00381332	0.085779	-0.0394931
0.558648	-0.202204	0.108578	-0.00364154	0.0847078	-0.0395435
0.558641	-0.202119	0.108538	-0.00457994	0.0860851	-0.0405139
0.558638	-0.202025	0.108495	-0.00367189	0.0884811	-0.0397962
0.558636	-0.201937	0.108455	-0.00472572	0.0846654	-0.0393614
0.558632	-0.201851	0.108416	-0.00428217	0.0858645	-0.0391056
0.558627	-0.201768	0.108376	-0.0037211	0.0840245	-0.0389527
0.558625	-0.20168	0.108338	-0.00329607	0.0865326	-0.0391435
0.558622	-0.201589	0.1083	-0.0042396	0.0870053	-0.039657
0.558617	-0.201503	0.108258	-0.00376504	0.0851181	-0.039795
0.558615	-0.201414	0.108221	-0.00219051	0.0874124	-0.0375703
0.558606	-0.20133	0.108174	-0.00274363	0.0874017	-0.0396082
0.558602	-0.201245	0.108136	-0.0033657	0.0880939	-0.0410256
0.558598	-0.201153	0.108093	-0.00395258	0.0889874	-0.0413511
0.558591	-0.201069	0.108051	-0.00508564	0.0891561	-0.043171
0.558589	-0.200975	0.108011	-0.00400596	0.0889831	-0.0424708
0.558587	-0.200886	0.107974	-0.00533404	0.0872234	-0.0417513
0.558582	-0.200802	0.107934	-0.00688068	0.0846144	-0.042858
0.558583	-0.200712	0.107899	-0.00474794	0.0857826	-0.0398179
0.558575	-0.20062	0.107851	-0.00575441	0.0877659	-0.0427519
0.558575	-0.200537	0.107817	-0.00394507	0.0871491	-0.0400581
0.558569	-0.200449	0.107776	-0.00534281	0.0872805	-0.0410985
0.558567	-0.200361	0.107736	-0.00275877	0.0892886	-0.0401018
0.558568	-0.200272	0.107702	-0.00173356	0.0878946	-0.0381464
0.558567	-0.200177	0.10766	-0.00195326	0.0886459	-0.0394524
0.558564	-0.200096	0.107623	-0.00155808	0.086413	-0.0373156
0.558565	-0.200003	0.107587	-0.000245388	0.0878001	-0.0358803
0.55856	-0.199918	0.107547	0.000782934	0.0876385	-0.0345104
0.558561	-0.199824	0.107511	0.00107861	0.0881815	-0.0344321
0.558561	-0.199738	0.107476	0.00117177	0.0875925	-0.0345686
0.558556	-0.199651	0.107433	-0.000963655	0.085673	-0.0371975
0.558553	-0.199568	0.107396	-0.00195493	0.0854648	-0.0372452
0.558553	-0.199482	0.107362	-0.0010289	0.0832649	-0.0343438
0.55855	-0.199389	0.10732	-0.000490825	0.0864082	-0.0351166
0.55855	-0.199297	0.107282	0.000176951	0.0878878	-0.034378
0.558549	-0.199212	0.107245	-0.00207138	0.0858826	-0.0375708
0.558547	-0.199124	0.107207	-0.00297543	0.0840689	-0.0380182
0.558546	-0.199029	0.107168	-0.00323599	0.0884743	-0.0393678
0.558546	-0.198943	0.107133	-0.00279098	0.0894259	-0.039114
0.558544	-0.198853	0.107096	-0.00241619	0.0888161	-0.0384083
0.55854	-0.198765	0.107054	-0.0027973	0.0874923	-0.0396358
0.558543	-0.198675	0.107022	-0.00215924	0.0885948	-0.0385715
0.558535	-0.19859	0.106984	-0.0028586	0.0867777	-0.0369456
0.558534	-0.198501	0.106945	-0.00381754	0.0871377	-0.0396064
0.558535	-0.198408	0.106909	-0.0029366	0.0867154	-0.0376443
0.558531	-0.198319	0.106869	-0.00213207	0.0895615	-0.0384398
0.558527	-0.19823	0.10683	-0.00231666	0.0903325	-0.0381522
0.558523	-0.198147	0.106793	-0.00452003	0.0877214	-0.0388181
0.558522	-0.198055	0.106754	-0.00236911	0.0909306	-0.0375972
0.558522	-0.197968	0.106722	-0.00280764	0.0886885	-0.0368125
0.558515	-0.197884	0.106682	-0.00523142	0.0867571	-0.0388632
0.558511	-0.197802	0.106644	-0.00575993	0.0854457	-0.0397548
0.558508	-0.197718	0.106608	-0.0057872	0.0841346	-0.0380995
0.558508	-0.19763	0.106575	-0.00449923	0.0854022	-0.0372931
0.558504	-0.197544	0.106538	-0.0041885	0.0858011	-0.0379652
0.558498	-0.197459	0.106496	-0.00523347	0.0848315	-0.0406375
0.558497	-0.197366	0.106461	-0.00330719	0.0879065	-0.0378854
0.558493	-0.197283	0.106422	-0.00324032	0.0851851	-0.0376741
0.558485	-0.1972	0.106381	-0.00286582	0.0848237	-0.0374857
0.558483	-0.197111	0.106345	-0.00352034	0.0855518	-0.0380164
0.558479	-0.197026	0.106307	-0.00373897	0.0857208	-0.0371922
0.558476	-0.19694	0.106271	-0.0041078	0.0864701	-0.0375916
0.558469	-0.19686	0.106232	-0.00576403	0.0839617	-0.0384844
0.558464	-0.196772	0.106194	-0.00593202	0.0852237	-0.0389057
0.558462	-0.196685	0.106156	-0.00471379	0.0860189	-0.0378873
0.558456	-0.196593	0.106115	-0.00546143	0.0881214	-0.0385196
0.558454	-0.196507	0.106078	-0.00340718	0.0878498	-0.0378517
0.558447	-0.196418	0.106037	-0.00501532	0.0883559	-0.0394539
0.558444	-0.196328	0.106002	-0.00431863	0.088565	-0.0376092
0.558439	-0.196242	0.105965	-0.00431227	0.0877555	-0.0365537
0.558434	-0.19615	0.105927	-0.00487767	0.0891459	-0.0383788
0.558424	-0.196073	0.105887	-0.00570307	0.0843848	-0.0373529
0.558418	-0.195983	0.10585	-0.00432739	0.0866326	-0.0359766
0.55841	-0.195897	0.105813	-0.00521551	0.0870361	-0.037143
0.558408	-0.195808	0.105777	-0.00467134	0.088854	-0.0370816
0.558403	-0.19571	0.105736	-0.00773611	0.0886952	-0.0406554
0.558398	-0.195624	0.1057	-0.00703936	0.0892107	-0.039183
0.55839	-0.195538	0.105664	-0.0082842	0.0880253	-0.0389717
0.558382	-0.195452	0.105624	-0.00883335	0.0866164	-0.0393854
0.55838	-0.195359	0.10559	-0.00646626	0.0903288	-0.037833
0.558366	-0.195188	0.105516	-0.00844909	0.0846621	-0.0391706
0.558363	-0.195099	0.105481	-0.00718126	0.0853678	-0.0376122
0.558359	-0.195012	0.105446	-0.00722771	0.0850167	-0.0367502
0.558349	-0.19493	0.105407	-0.00849059	0.0838489	-0.038431
0.558345	-0.194835	0.105371	-0.00595695	0.0853628	-0.036461
0.558337	-0.194748	0.105329	-0.00664674	0.0850468	-0.0384492
0.55833	-0.194664	0.105294	-0.0071775	0.0860555	-0.037943
0.558326	-0.194575	0.105258	-0.00740677	0.0861712	-0.0377735
0.558317	-0.194491	0.105221	-0.00703406	0.0854217	-0.0365418
0.55831	-0.194404	0.105183	-0.006989	0.0859132	-0.0364865
0.558302	-0.194316	0.105144	-0.00785092	0.0842867	-0.0367294
0.558293	-0.194235	0.105106	-0.00774088	0.0814561	-0.0350681
0.558285	-0.194148	0.105068	-0.00778117	0.0822441	-0.0353875
0.558276	-0.194065	0.105031	-0.00750593	0.0858405	-0.0360483
0.558269	-0.193977	0.104994	-0.00751606	0.0862068	-0.0370189
0.558261	-0.193891	0.104956	-0.00837255	0.0839007	-0.0368592
0.558251	-0.193806	0.104917	-0.00869733	0.0826076	-0.03692
0.558243	-0.193712	0.104879	-0.00897665	0.0843676	-0.03571
0.558236	-0.193628	0.104841	-0.00749505	0.0837895	-0.0351871
0.558226	-0.193545	0.104804	-0.00829653	0.0828304	-0.0342949
0.558217	-0.193456	0.104766	-0.00726054	0.0842481	-0.0340245
0.558209	-0.19337	0.104728	-0.00589204	0.0856564	-0.0338969
0.558198	-0.193289	0.104691	-0.00848686	0.0846248	-0.03556
0.558189	-0.193204	0.104654	-0.0104674	0.0841615	-0.0382548
0.558178	-0.193119	0.104617	-0.0105579	0.0858716	-0.0381252
0.55817	-0.193035	0.104582	-0.0112323	0.0850552	-0.0379849
0.55816	-0.192949	0.104542	-0.0109255	0.0872598	-0.0388418
0.55815	-0.192862	0.104504	-0.0102108	0.088342	-0.0397195
0.55814	-0.192779	0.104471	-0.00970252	0.0856103	-0.0375519
0.55813	-0.192692	0.104429	-0.0108006	0.0867732	-0.0397553
0.55812	-0.192606	0.10439	-0.0123256	0.0865022	-0.0420686
0.558108	-0.19253	0.104354	-0.0136863	0.0829558	-0.0424431
0.5581	-0.192451	0.104322	-0.0127264	0.0825914	-0.0398102
0.558089	-0.192365	0.104282	-0.0125142	0.083156	-0.04126
0.558077	-0.19228	0.104242	-0.0132859	0.0839069	-0.0417194
0.558069	-0.192192	0.104206	-0.0127347	0.0836778	-0.0392969
0.558059	-0.192105	0.104167	-0.0112867	0.0887653	-0.0396914
0.558047	-0.192025	0.104131	-0.01445	0.0838755	-0.0415401
0.55803	-0.191943	0.104087	-0.0146458	0.0820555	-0.041661
0.558017	-0.191854	0.104046	-0.0133053	0.0851336	-0.0401333
0.558008	-0.191773	0.104011	-0.0116757	0.0816259	-0.0377045
0.557995	-0.191684	0.103971	-0.0129584	0.0842889	-0.038036
0.557981	-0.191601	0.10393	-0.0136053	0.084371	-0.0377687
0.55797	-0.191516	0.103895	-0.0117141	0.0838316	-0.0356384
0.557957	-0.191432	0.103855	-0.0113249	0.0856477	-0.0367627
0.557949	-0.191346	0.10382	-0.0112821	0.0879337	-0.0384793
0.55794	-0.191254	0.103783	-0.0120651	0.0878772	-0.0387118
0.557929	-0.191174	0.103748	-0.0109794	0.0862424	-0.0369019
0.557918	-0.191085	0.10371	-0.0113636	0.0862374	-0.0375692
0.557907	-0.190997	0.103675	-0.0112582	0.0867902	-0.0364986
0.557894	-0.19091	0.103633	-0.0147936	0.0821942	-0.0400723
0.557885	-0.190824	0.103597	-0.0121021	0.0818554	-0.0371157
0.557873	-0.19074	0.103562	-0.0121149	0.0828414	-0.0354055
0.557861	-0.190655	0.103523	-0.0109431	0.0847154	-0.0367663
0.557851	-0.190562	0.103485	-0.0103957	0.0853383	-0.0367845
0.55784	-0.190478	0.10345	-0.0105048	0.0845066	-0.0350036
0.557827	-0.19039	0.103408	-0.0106442	0.0850874	-0.0372907
0.557819	-0.190307	0.103375	-0.0101984	0.0845293	-0.0352649
0.557803	-0.190226	0.103338	-0.00998244	0.0855869	-0.0355306
0.557796	-0.190135	0.103304	-0.00996295	0.0872877	-0.0360174
0.557781	-0.190055	0.103263	-0.0120846	0.0849759	-0.0384235
0.557772	-0.189967	0.10323	-0.0126245	0.0848579	-0.0381016
0.557757	-0.189884	0.10319	-0.0121129	0.0835757	-0.0367051
0.557744	-0.189805	0.103154	-0.0130924	0.0822299	-0.0375293
0.557738	-0.189716	0.103122	-0.010674	0.0845057	-0.0359493
0.557723	-0.189626	0.103081	-0.0117524	0.0842844	-0.0361177
0.557716	-0.189542	0.103045	-0.00994213	0.0839906	-0.0357497
0.557705	-0.189456	0.10301	-0.00937191	0.0840608	-0.0336351
0.557695	-0.189371	0.102972	-0.00872365	0.0857352	-0.0346811
0.557688	-0.189286	0.102939	-0.00782925	0.0855656	-0.0339598
0.557678	-0.189197	0.1029	-0.00940729	0.0843747	-0.035248
0.557671	-0.189116	0.102867	-0.0077143	0.0828681	-0.0329569
0.55766	-0.189029	0.102828	-0.0108791	0.0831116	-0.0359919
0.557654	-0.18895	0.102798	-0.00897684	0.0832387	-0.0327473
0.557644	-0.188861	0.102759	-0.0091825	0.084653	-0.0331144
0.557639	-0.188774	0.102725	-0.00781893	0.086125	-0.0335988
0.557635	-0.188681	0.102692	-0.00556788	0.0874527	-0.0312648
0.557628	-0.188602	0.102658	-0.00538111	0.084428	-0.0312731
0.557621	-0.18852	0.102625	-0.006434	0.0851816	-0.0323213
0.557616	-0.188433	0.102592	-0.00471551	0.084445	-0.0313546
0.557613	-0.188345	0.10256	-0.00486956	0.0838635	-0.032641
0.557604	-0.188268	0.102524	-0.00492761	0.0811134	-0.03142
0.557597	-0.188187	0.102492	-0.00620864	0.0811984	-0.0321338
0.557592	-0.188102	0.102457	-0.00310551	0.0845975	-0.031069
0.557587	-0.188016	0.102423	-0.00385783	0.0851153	-0.0307522
0.557584	-0.18793	0.102393	-0.00298414	0.0836568	-0.0293439
0.557577	-0.187849	0.102357	-0.00335023	0.0821634	-0.0302176
0.557572	-0.187762	0.102322	-0.00469129	0.0843058	-0.0332094
0.557567	-0.187678	0.102285	-0.00194426	0.085578	-0.0322156
0.557562	-0.187593	0.102254	-0.0011542	0.0876525	-0.0307391
0.557559	-0.187511	0.10222	-0.0033774	0.0846932	-0.0324669
0.55755	-0.187436	0.102187	-0.00395528	0.0811453	-0.0326314
0.557551	-0.187347	0.102156	-0.00340752	0.0827375	-0.0335575
0.557543	-0.187262	0.102117	-0.00250589	0.0872885	-0.0331934
0.557537	-0.187188	0.102088	-0.00307612	0.0824954	-0.0297128
0.557539	-0.187099	0.102057	-0.00173124	0.0823908	-0.0304699
0.557533	-0.187017	0.102024	-0.00268762	0.082835	-0.0307819
0.557531	-0.186936	0.101993	-0.00387779	0.0824055	-0.0314022
0.557526	-0.186856	0.101956	-0.0052785	0.0819769	-0.0345758
0.557528	-0.186773	0.101929	-0.00233455	0.0824067	-0.0325375
0.557527	-0.18669	0.101899	-0.00410317	0.0825496	-0.0336676
0.55752	-0.18661	0.101861	-0.00369175	0.0828533	-0.0340861
0.557515	-0.186365	0.101768	-0.00436599	0.0825363	-0.0345933
0.557515	-0.186283	0.101738	-0.00441872	0.0800025	-0.0331218
0.557511	-0.186201	0.1017	-0.00512465	0.0817492	-0.0363072
0.557509	-0.186122	0.10167	-0.00415206	0.0801091	-0.0352686
0.557509	-0.18604	0.101645	-0.00462388	0.0805525	-0.0342138
0.557508	-0.185958	0.101611	-0.00426188	0.0816462	-0.0358258
0.557507	-0.185874	0.101578	-0.00471117	0.0818773	-0.0353423
0.557507	-0.185798	0.10155	-0.00361658	0.0776311	-0.0320524
0.557506	-0.185718	0.101517	-0.00221818	0.078643	-0.0329088
0.557506	-0.185639	0.101489	-0.00210672	0.0778813	-0.0321465
0.557508	-0.185556	0.10146	-0.00247733	0.0803775	-0.0333225
0.557506	-0.185476	0.101427	-0.00252257	0.0806659	-0.0341876
0.557505	-0.185397	0.101397	-0.00246838	0.0791847	-0.0326964
0.557504	-0.185319	0.101366	-0.00125513	0.0783807	-0.0306304
0.55751	-0.185232	0.101339	0.00288644	0.0822429	-0.0278007
0.55751	-0.185151	0.101308	0.00337672	0.0843414	-0.027864
0.557509	-0.18507	0.101276	0.00340074	0.0836511	-0.027864
0.55751	-0.184986	0.101244	0.00222998	0.0827558	-0.029703
0.557512	-0.184909	0.101217	0.00235058	0.081893	-0.0293448
0.55751	-0.184825	0.101183	0.000252299	0.0807592	-0.0316269
0.557513	-0.184745	0.10116	0.0021719	0.0835004	-0.0292398
0.557512	-0.184664	0.101124	0.00172859	0.0843375	-0.0309182
0.557514	-0.184584	0.101095	0.00224708	0.080464	-0.0288011
0.557516	-0.184504	0.101069	0.00224158	0.0797691	-0.0266002
0.557515	-0.184427	0.101037	0.00187502	0.0793412	-0.0284875
0.557515	-0.184347	0.101009	0.00231354	0.0796568	-0.0279602
0.557515	-0.184271	0.100977	0.00177964	0.0800023	-0.0289511
0.557516	-0.184193	0.100949	0.00170505	0.0765791	-0.0284554
0.557515	-0.184117	0.100919	-0.000419205	0.0768312	-0.0311447
0.557514	-0.184041	0.100888	-0.000808842	0.0775314	-0.0316023
0.557517	-0.183963	0.100861	-0.00111788	0.0778987	-0.031622
0.557516	-0.183883	0.100828	-0.00089199	0.0785075	-0.0326722
0.557516	-0.183802	0.100796	-4.21812e-05	0.0789309	-0.0323842
0.55752	-0.183724	0.100772	0.00236697	0.0824699	-0.0288405
0.557518	-0.183646	0.10074	0.00140335	0.0813014	-0.0302996
0.557517	-0.183568	0.100707	-0.0010862	0.0805725	-0.0338689
0.557518	-0.183488	0.100675	0.000394688	0.0820693	-0.033662
0.557519	-0.183411	0.100644	-0.000157892	0.0796536	-0.0334073
0.557519	-0.183331	0.100617	4.40766e-05	0.077844	-0.0315633
0.55752	-0.183254	0.100586	-0.00144298	0.0786312	-0.0335308
0.55752	-0.183179	0.100555	-0.00138211	0.0771032	-0.033434
0.557519	-0.183103	0.100526	-0.00111977	0.0782063	-0.0324197
0.557522	-0.183026	0.100497	9.74425e-05	0.0789758	-0.0327694
0.557525	-0.182942	0.100468	0.000405042	0.0805428	-0.0322715
0.557526	-0.182865	0.10044	-0.00137667	0.0789101	-0.0328555
0.557528	-0.182784	0.10041	0.000951561	0.0794855	-0.0307653
0.557526	-0.182711	0.100377	0.000474515	0.0786391	-0.0304791
0.557533	-0.182625	0.100351	0.00271246	0.0814109	-0.0295105
0.557535	-0.182547	0.100323	-0.000134845	0.077251	-0.0291879
0.557534	-0.182465	0.100292	0.000652996	0.0797079	-0.0284956
0.557533	-0.182389	0.100261	-1.95108e-05	0.0774604	-0.0281192
0.557535	-0.182308	0.100231	0.00213351	0.080673	-0.0273169
0.55754	-0.182223	0.100205	0.00430915	0.0836738	-0.0256001
0.557545	-0.182137	0.100176	0.00337408	0.0818556	-0.027171
0.557545	-0.182061	0.100148	0.0040065	0.081445	-0.0257362
0.55755	-0.181979	0.100121	0.00370246	0.0822062	-0.0272686
0.557547	-0.181903	0.10009	0.00109854	0.0805889	-0.0297643
0.557552	-0.181819	0.100061	0.00418704	0.082566	-0.02751
0.557554	-0.181737	0.100035	0.00419667	0.0821643	-0.0257541
0.557553	-0.181661	0.100001	0.00322534	0.0828475	-0.0280729
0.557557	-0.181588	0.0999774	0.00305579	0.080111	-0.027404
0.557556	-0.181506	0.0999431	0.000670106	0.0795422	-0.0303989
0.557558	-0.181428	0.0999177	0.00132373	0.0796758	-0.0305483
0.557563	-0.181346	0.0998904	0.00144055	0.0776798	-0.0296144
0.557563	-0.181266	0.0998587	0.00118558	0.0791167	-0.0307091
0.557563	-0.181188	0.0998284	0.00111992	0.0794418	-0.0310472
0.557566	-0.181104	0.0997984	0.00130373	0.0797217	-0.0310629
0.557565	-0.18103	0.0997687	0.00266495	0.0787176	-0.02842
0.557567	-0.180948	0.0997393	0.00284228	0.0793158	-0.0273555
0.557567	-0.180868	0.0997057	0.00389257	0.0810973	-0.0276095
0.557566	-0.180793	0.0996765	0.00372924	0.0795517	-0.0273459
0.557568	-0.180714	0.0996474	0.00406048	0.0793517	-0.0273276
0.557564	-0.18064	0.099611	0.00124022	0.0776197	-0.030561
0.557563	-0.180554	0.0995775	0.0016614	0.0812293	-0.0297967
0.557563	-0.180474	0.099544	0.00166241	0.0791497	-0.0302318
0.557564	-0.180395	0.099515	-0.000330023	0.0783103	-0.0320583
0.557564	-0.180315	0.0994831	0.000508945	0.080011	-0.0303676
0.557565	-0.180238	0.0994535	0.000710419	0.0788629	-0.0301643
0.557562	-0.180154	0.0994199	0.000254842	0.0821618	-0.0311217
0.557562	-0.180075	0.0993884	-0.000637705	0.0805364	-0.0330268
0.557561	-0.179996	0.0993541	-0.000677091	0.0798293	-0.0333149
0.557558	-0.17992	0.0993202	-0.000252437	0.0801677	-0.0328895
0.557553	-0.179844	0.0992859	-0.00112597	0.081031	-0.0335406
0.55755	-0.179764	0.0992531	-0.00119347	0.0803677	-0.0318531
0.557548	-0.179685	0.0992195	-0.00119777	0.0800215	-0.0320272
0.557544	-0.179607	0.0991832	-0.00166026	0.0774675	-0.0315304
0.557546	-0.179529	0.0991581	0.000943603	0.0776826	-0.0263766
0.557537	-0.179449	0.0991158	-0.00258567	0.0771239	-0.0311447
0.557534	-0.179372	0.0990821	-0.00120861	0.0776128	-0.0296707
0.557532	-0.179289	0.0990483	-0.000778648	0.0805317	-0.0305588
0.557525	-0.179216	0.099011	-0.00294999	0.0794397	-0.0330562
0.557522	-0.179139	0.0989782	-0.00426723	0.0779908	-0.0344615
0.557517	-0.179066	0.0989461	-0.00472387	0.0772142	-0.0337681
0.557508	-0.178986	0.0989029	-0.00668301	0.0791167	-0.036864
0.557507	-0.178911	0.0988744	-0.00646345	0.0775887	-0.0363782
0.557502	-0.178828	0.0988337	-0.00529926	0.0792128	-0.0368617
0.557498	-0.178749	0.0987965	-0.00516968	0.0784161	-0.0378726
0.557495	-0.178668	0.0987622	-0.00487499	0.0769607	-0.0376097
0.557486	-0.178592	0.098721	-0.00700514	0.07718	-0.0402508
0.557481	-0.178512	0.0986872	-0.00601922	0.0759796	-0.0375703
0.557476	-0.178436	0.0986523	-0.00470723	0.0771616	-0.0362941
0.557471	-0.178352	0.0986129	-0.00622679	0.0787586	-0.037912
0.557468	-0.178274	0.0985777	-0.00542082	0.0776308	-0.0366302
0.557463	-0.178197	0.0985408	-0.00482202	0.0771062	-0.0368577
0.557459	-0.178121	0.0985097	-0.00357459	0.0776697	-0.034001
0.557456	-0.178038	0.0984701	-0.00286674	0.0795277	-0.0348702
0.557451	-0.177955	0.0984321	-0.00405081	0.0808044	-0.0373158
0.557446	-0.177873	0.0983946	-0.00568596	0.080571	-0.038573
0.557441	-0.177791	0.0983572	-0.00480514	0.0801457	-0.037399
0.557438	-0.177713	0.0983232	-0.00387253	0.0777761	-0.0351679
0.557434	-0.17763	0.0982845	-0.00566708	0.0785541	-0.0381989
0.557429	-0.177549	0.0982474	-0.00629678	0.080458	-0.0396126
0.55742	-0.177469	0.098208	-0.00943147	0.0770525	-0.0415565
0.557416	-0.177397	0.0981754	-0.00766423	0.0751836	-0.0392961
0.557407	-0.177314	0.0981313	-0.00803002	0.075428	-0.0400635
0.557407	-0.177233	0.0981024	-0.00523327	0.0762353	-0.0352544
0.557399	-0.177155	0.0980601	-0.00673869	0.0753679	-0.0370289
0.557395	-0.177074	0.0980214	-0.00379801	0.0764395	-0.0352393
0.557389	-0.176989	0.0979847	-0.00421492	0.0783946	-0.0349442
0.557384	-0.17691	0.0979436	-0.00465561	0.078684	-0.0363057
0.557377	-0.176831	0.097905	-0.00686749	0.0784841	-0.0382909
0.557374	-0.176751	0.0978712	-0.00441168	0.0793665	-0.035338
0.557367	-0.176673	0.0978291	-0.00519403	0.0798669	-0.0370235
0.557362	-0.176597	0.0977953	-0.00412675	0.0790057	-0.0356624
0.557351	-0.176521	0.0977509	-0.00669515	0.0796698	-0.0385806
0.557347	-0.176441	0.0977136	-0.00717205	0.0794451	-0.0394713
0.557339	-0.176361	0.0976752	-0.00632719	0.0800128	-0.0381071
0.557332	-0.176283	0.0976353	-0.00595616	0.0799008	-0.0388539
0.557328	-0.176202	0.0975986	-0.00559485	0.0795465	-0.0375028
0.557323	-0.176123	0.0975618	-0.00450081	0.0796206	-0.0369567
0.557313	-0.176049	0.0975221	-0.00582632	0.0788242	-0.0371261
0.557306	-0.175967	0.0974808	-0.00527126	0.0812254	-0.0371717
0.557302	-0.175887	0.0974424	-0.00379527	0.0834518	-0.0367921
0.557294	-0.175804	0.0974013	-0.00486484	0.0821125	-0.0380223
0.55729	-0.17573	0.0973696	-0.0034509	0.0792764	-0.0344356
0.557282	-0.17565	0.0973267	-0.0040328	0.0816859	-0.0366631
0.557275	-0.175563	0.0972855	-0.00480047	0.0825417	-0.037035
0.557268	-0.175485	0.0972468	-0.00257431	0.0828594	-0.0351175
0.557264	-0.1754	0.097209	-0.00225247	0.0834006	-0.0345749
0.557256	-0.175325	0.0971709	-0.00248274	0.0819663	-0.0340878
0.557253	-0.175238	0.0971329	-0.00380634	0.0816266	-0.0362187
0.557244	-0.175157	0.0970922	-0.00302353	0.0824452	-0.0352614
0.557242	-0.175081	0.0970609	-0.00412264	0.0816305	-0.0358502
0.557233	-0.175002	0.0970179	-0.00752683	0.0779914	-0.0391924
0.557227	-0.174923	0.096981	-0.00702102	0.0770294	-0.0374173
0.557222	-0.174845	0.0969445	-0.0058156	0.0790311	-0.0375523
0.557212	-0.174766	0.0968997	-0.00599171	0.0783517	-0.0382459
0.557207	-0.174688	0.0968642	-0.00547384	0.078387	-0.0374434
0.557202	-0.174607	0.0968238	-0.00545234	0.0794884	-0.0386684
0.5572	-0.174526	0.0967867	-0.00422127	0.0796801	-0.0381823
0.557193	-0.174447	0.0967471	-0.00457545	0.0806083	-0.0377042
0.557186	-0.174368	0.0967064	-0.0056499	0.0781485	-0.0385553
0.557182	-0.174293	0.0966686	-0.00625272	0.0762542	-0.0400909
0.557174	-0.174211	0.0966292	-0.00444304	0.0782227	-0.0372019
0.557171	-0.174135	0.0965899	-0.00369265	0.0775279	-0.0368032
0.557165	-0.174065	0.0965552	-0.00355117	0.0773477	-0.036448
0.557162	-0.173986	0.0965176	-0.00449971	0.076588	-0.038508
0.557153	-0.173909	0.0964756	-0.00675852	0.0755907	-0.0413728
0.557149	-0.173831	0.0964411	-0.00460458	0.078259	-0.0385789
0.557143	-0.173751	0.0963984	-0.00488815	0.0800254	-0.0400628
0.55714	-0.17367	0.0963619	-0.0043862	0.08008	-0.0393317
0.557137	-0.173593	0.0963281	-0.00380634	0.0789968	-0.0375209
0.557134	-0.173513	0.0962876	-0.00156974	0.0825156	-0.0369671
0.557129	-0.173435	0.0962505	-0.00425787	0.0778013	-0.0371264
0.557125	-0.173354	0.0962097	-0.0047293	0.0789382	-0.0391338
0.557121	-0.173282	0.0961758	-0.0051552	0.0751122	-0.0374423
0.557122	-0.173197	0.096142	-0.00336071	0.078811	-0.0367204
0.557112	-0.173125	0.0961	-0.0038426	0.0760491	-0.0370629
0.557112	-0.173053	0.0960673	-0.00344061	0.075386	-0.0374645
0.557108	-0.172973	0.0960298	-0.00347163	0.076966	-0.037251
0.557107	-0.172895	0.0959952	-0.0030562	0.0765593	-0.0368611
0.557105	-0.172815	0.0959599	-0.00537689	0.0770961	-0.0396525
0.557103	-0.172735	0.0959204	-0.00342109	0.0783905	-0.0393151
0.5571	-0.17266	0.0958857	-0.00375254	0.0765026	-0.0367146
0.557101	-0.172584	0.095853	-0.00216721	0.0765724	-0.0357678
0.557097	-0.172508	0.0958169	-0.00298971	0.0758203	-0.0362707
0.557095	-0.172428	0.0957797	-0.00250535	0.0765126	-0.0355948
0.557091	-0.172356	0.0957422	-0.00201351	0.0749689	-0.0358396
0.557091	-0.172285	0.0957126	0.000408403	0.0742859	-0.0327041
0.557086	-0.172207	0.0956742	-0.00257003	0.0751222	-0.0355429
0.557085	-0.172132	0.095641	-0.00199426	0.0747972	-0.0353018
0.557081	-0.172057	0.0956031	-0.00270695	0.0759826	-0.0366654
0.557083	-0.171971	0.0955707	-0.00214916	0.0771507	-0.0358739
0.557078	-0.171896	0.095532	-0.00310722	0.0771035	-0.0373814
0.557077	-0.171821	0.0955004	-0.00380106	0.0761572	-0.0368255
0.557074	-0.171748	0.095465	-0.00455851	0.0738189	-0.0368966
0.557076	-0.171673	0.0954342	-0.00163083	0.0764937	-0.0352111
0.557074	-0.171596	0.0953986	-0.000607317	0.0771386	-0.0349959
0.557075	-0.171518	0.0953643	-0.00115125	0.076377	-0.0356264
0.557073	-0.171446	0.0953316	-0.00174973	0.0751274	-0.0353217
0.557069	-0.171368	0.0952968	-0.00238264	0.0751707	-0.0364393
0.557069	-0.171297	0.0952631	-0.00159385	0.0736887	-0.0361097
0.557069	-0.171219	0.0952279	-0.00186945	0.0761686	-0.0357557
0.557068	-0.171142	0.0951938	-0.00248136	0.0757564	-0.0363861
0.557068	-0.171068	0.095163	-0.00271027	0.0750306	-0.0359145
0.557069	-0.170986	0.0951284	-0.00182178	0.0777364	-0.0349033
0.55707	-0.170916	0.0950973	-3.45398e-05	0.0746927	-0.0320001
0.557069	-0.170842	0.0950668	-0.00122844	0.0745914	-0.0325206
0.557069	-0.170768	0.0950349	-0.000923332	0.0728958	-0.0309225
0.55707	-0.170694	0.0950009	-0.000644485	0.0719046	-0.031998
0.557068	-0.170621	0.0949672	-6.09717e-05	0.0721674	-0.0307411
0.557067	-0.170552	0.0949372	0.00137139	0.0716725	-0.0288887
0.557067	-0.17048	0.0949023	0.00115342	0.0726147	-0.0297715
0.557064	-0.170405	0.0948695	0.000257202	0.0742122	-0.0296048
0.557064	-0.170331	0.0948361	0.0018288	0.0765467	-0.029325
0.557063	-0.170258	0.0948038	0.0028082	0.0762485	-0.0281628
0.557067	-0.17019	0.0947777	0.00336104	0.075788	-0.0271685
0.557067	-0.170114	0.0947444	0.00100987	0.0758691	-0.0304009
0.557065	-0.170041	0.0947101	0.00137786	0.0758899	-0.0300464
0.557066	-0.169968	0.0946814	0.00138827	0.075929	-0.0289347
0.557067	-0.169893	0.0946447	0.00175871	0.0760524	-0.0302845
0.557068	-0.169819	0.0946143	0.00261418	0.0774967	-0.0303584
0.557068	-0.169751	0.0945847	0.000238827	0.0730638	-0.0312207
0.55707	-0.169678	0.0945539	-0.000370865	0.0737901	-0.0325172
0.55707	-0.169606	0.0945247	0.000581721	0.0732957	-0.0306338
0.557071	-0.169532	0.0944952	-1.89911e-05	0.0742783	-0.0306175
0.557078	-0.169451	0.094467	0.00110473	0.0759696	-0.0299717
0.557079	-0.16938	0.0944364	0.00134879	0.0741156	-0.0294376
0.557083	-0.169305	0.094411	0.00136861	0.0748457	-0.0285873
0.557085	-0.16923	0.0943805	0.00180486	0.0743826	-0.0286515
0.557088	-0.169157	0.0943513	0.00283666	0.0724445	-0.0289173
0.557091	-0.169078	0.0943193	0.00334085	0.0753515	-0.0290485
0.557092	-0.169011	0.0942965	0.00320678	0.0729096	-0.0263065
0.557097	-0.16894	0.0942666	0.00441685	0.0723467	-0.0257177
0.5571	-0.168869	0.0942395	0.00254953	0.073292	-0.0281999
0.557103	-0.168796	0.0942113	0.00293803	0.0745057	-0.0285485
0.557109	-0.168715	0.0941839	0.00222167	0.0754104	-0.0289181
0.557112	-0.168646	0.0941589	0.000874637	0.0743047	-0.0291327
0.557116	-0.168574	0.0941308	0.00056371	0.0721023	-0.0304103
0.557121	-0.168491	0.0941031	0.00214112	0.0755349	-0.0291903
0.557122	-0.168419	0.0940755	0.00174646	0.0723255	-0.028032
0.557126	-0.168354	0.0940508	0.00182802	0.0684334	-0.0266083
0.557128	-0.16828	0.0940214	0.00241472	0.0717487	-0.0272359
0.557135	-0.168204	0.0939973	0.00238286	0.0710526	-0.0264544
0.557135	-0.168127	0.0939663	0.000405101	0.0728246	-0.0289952
0.55714	-0.168062	0.0939462	0.00184871	0.0698263	-0.0257599
0.557138	-0.167993	0.0939128	-0.000233406	0.0677292	-0.0269303
0.55714	-0.167921	0.0938865	0.00054633	0.0682714	-0.0259813
0.557146	-0.167847	0.0938637	0.00234657	0.0694884	-0.0247911
0.557146	-0.167773	0.0938318	0.000773144	0.0718522	-0.0277269
0.557151	-0.167704	0.0938096	0.00164504	0.0723296	-0.0264768
0.557151	-0.167633	0.0937794	0.000114448	0.0707705	-0.0276019
0.557152	-0.167564	0.0937516	-0.000452457	0.0722991	-0.028583
0.557156	-0.16749	0.0937269	0.00251694	0.0723718	-0.026571
0.557156	-0.167418	0.0936968	0.0011146	0.0739407	-0.0285033
0.55716	-0.167346	0.0936724	0.00179805	0.073973	-0.0264526
0.557161	-0.167275	0.0936456	-0.000480211	0.0737778	-0.0282587
0.557163	-0.167208	0.0936183	0.00011892	0.0712064	-0.02779
0.557165	-0.167139	0.0935937	-0.000303387	0.0707467	-0.0277017
0.557168	-0.167068	0.0935691	0.00179781	0.0725488	-0.0263771
0.55717	-0.166998	0.0935415	0.00208275	0.0721047	-0.0264081
0.557174	-0.166922	0.0935196	0.00281173	0.0724558	-0.0248471
0.557174	-0.166848	0.093487	0.00144281	0.0726107	-0.0265652
0.557177	-0.166779	0.0934668	0.00104204	0.0721114	-0.025588
0.55718	-0.166708	0.0934401	0.000984283	0.0704252	-0.0260591
0.557182	-0.166639	0.0934142	2.39494e-05	0.0707003	-0.0276041
0.557188	-0.166568	0.0933925	0.000703074	0.0719353	-0.0274189
0.557187	-0.166498	0.0933667	0.000296972	0.0717459	-0.0278804
0.557188	-0.16643	0.0933399	-0.00112543	0.0685266	-0.0286685
0.557188	-0.166359	0.0933149	-0.00248503	0.0682003	-0.0288142
0.55719	-0.166292	0.09329	-0.00109178	0.0694561	-0.0271738
0.557194	-0.166224	0.0932714	-0.00141736	0.067259	-0.0258746
0.557196	-0.166151	0.0932483	-0.000448965	0.0692237	-0.0256155
0.557196	-0.166087	0.0932235	0.00110862	0.066864	-0.0237719
0.557199	-0.166016	0.0932006	0.00213905	0.0694565	-0.0239694
0.557197	-0.165946	0.0931728	0.00149183	0.0727097	-0.0250835
0.557198	-0.165877	0.0931489	0.00170664	0.0719474	-0.023926
0.557201	-0.165807	0.0931272	0.00206009	0.073641	-0.023417
0.557202	-0.165739	0.0931033	0.00275151	0.0703439	-0.0217268
0.557203	-0.165671	0.093082	0.000666462	0.067843	-0.0228528
0.557203	-0.1656	0.0930547	0.00116834	0.0671962	-0.0228167
0.557201	-0.165535	0.0930288	0.00110476	0.0666651	-0.0216307
0.557202	-0.165476	0.0930085	0.00113887	0.0650544	-0.0208383
0.557204	-0.165406	0.0929866	0.00278856	0.0670488	-0.0195308
0.557204	-0.165333	0.0929625	0.00162933	0.0680299	-0.0207224
0.557207	-0.165261	0.0929396	-0.000461577	0.0659409	-0.0219598
0.557209	-0.16519	0.0929173	-0.000496812	0.0671226	-0.0224947
0.557206	-0.165123	0.0928926	-0.000529602	0.0678705	-0.0213974
0.557208	-0.165049	0.0928683	0.000164405	0.0689886	-0.0216396
0.55721	-0.164978	0.0928467	-1.29373e-05	0.0700422	-0.0220039
0.557212	-0.164913	0.0928285	9.04369e-05	0.068769	-0.0210914
0.55721	-0.164844	0.0928026	-0.00217519	0.0657228	-0.0238727
0.557213	-0.164774	0.0927842	-0.000761032	0.0667756	-0.0220353
0.557213	-0.164634	0.0927387	0.00129346	0.0635126	-0.0185534
0.557214	-0.164565	0.0927167	0.00131557	0.0649423	-0.0191273
0.557216	-0.164492	0.0926942	0.00325471	0.0684831	-0.019138
0.557215	-0.16442	0.0926693	0.00156467	0.0670232	-0.0206904
0.557213	-0.164347	0.092646	0.00158007	0.0690689	-0.0195884
0.557216	-0.164278	0.0926274	0.00223516	0.0682952	-0.0178051
0.557216	-0.164206	0.0926016	0.00146377	0.067431	-0.0199334
0.557219	-0.164136	0.0925853	0.00282016	0.0703141	-0.0171357
0.557217	-0.164062	0.092561	0.000941294	0.0689556	-0.0188527
0.557216	-0.163993	0.0925362	-0.00132181	0.0675861	-0.0215628
0.557216	-0.163784	0.092471	-0.00179664	0.0683051	-0.0235794
0.557214	-0.163714	0.0924458	-0.00154778	0.0710309	-0.0243985
0.557216	-0.163645	0.0924291	0.000809726	0.0707244	-0.0196617
0.557214	-0.163571	0.0924036	-0.000369211	0.0701733	-0.0215297
0.557214	-0.163506	0.0923848	-0.000524053	0.06999	-0.021445
0.557212	-0.163437	0.0923607	-0.000186032	0.0694025	-0.0205957
0.557212	-0.163364	0.0923386	-0.000194631	0.0696338	-0.0210388
0.55721	-0.163297	0.0923148	-0.000562075	0.0701298	-0.0223223
0.557209	-0.163227	0.092293	0.000928362	0.072512	-0.0206061
0.557208	-0.163159	0.092275	-0.00106768	0.0707467	-0.0212139
0.557209	-0.163087	0.0922489	9.25759e-05	0.0701073	-0.0215523
0.557202	-0.163023	0.0922266	-0.00150676	0.0688251	-0.0221518
0.557204	-0.162957	0.0922077	-0.000497354	0.0675026	-0.0216195
0.5572	-0.162886	0.0921856	-0.0038059	0.0676723	-0.0246789
0.557202	-0.162812	0.0921632	-0.00145022	0.0698717	-0.0231948
0.557196	-0.162746	0.0921384	-0.00219793	0.0670112	-0.0221009
0.557198	-0.162672	0.0921215	-0.00119929	0.0693883	-0.019788
0.557196	-0.162605	0.0921028	-0.00183267	0.0675557	-0.0197636
0.557192	-0.162533	0.092074	-0.00251343	0.0679004	-0.0223188
0.557194	-0.162463	0.092057	-0.00168375	0.0691856	-0.0218523
0.557194	-0.162391	0.092036	-0.00102795	0.0717327	-0.0224636
0.557193	-0.162323	0.0920168	-0.00137905	0.0696589	-0.0208563
0.557188	-0.162258	0.0919967	-0.00273953	0.0698455	-0.020641
0.557185	-0.162188	0.0919709	-0.00359729	0.0669072	-0.0212396
0.557183	-0.162122	0.0919527	-0.00364944	0.0679219	-0.0215426
0.557181	-0.162055	0.0919335	-0.00446507	0.0684472	-0.0229995
0.55718	-0.161978	0.0919099	-0.00230893	0.0739857	-0.023737
0.55718	-0.161904	0.0918899	-0.00220498	0.073318	-0.0237944
0.557174	-0.16184	0.091868	-0.00337715	0.0697098	-0.0225578
0.557175	-0.161768	0.0918496	-0.000229262	0.0726997	-0.0201377
0.557168	-0.161705	0.0918275	-0.00262855	0.0697817	-0.0209426
0.557164	-0.161633	0.0918019	-0.00264201	0.070092	-0.0227953
0.557159	-0.161569	0.0917834	-0.00345983	0.0688001	-0.0214894
0.557157	-0.161501	0.091764	-0.00431167	0.066743	-0.0218587
0.557148	-0.161439	0.0917401	-0.00431504	0.0679078	-0.0232144
0.557148	-0.161369	0.0917216	-0.00322758	0.0679505	-0.0216624
0.557143	-0.161307	0.0916993	-0.00371043	0.0660742	-0.0220278
0.557134	-0.161238	0.0916742	-0.00506098	0.0662143	-0.0221827
0.55713	-0.161171	0.0916543	-0.00488941	0.0639316	-0.0200954
0.557124	-0.161104	0.0916302	-0.00487243	0.065245	-0.0207119
0.557123	-0.161038	0.0916156	-0.003409	0.0680814	-0.0198465
0.557118	-0.160974	0.0915944	-0.00252053	0.0654803	-0.0185987
0.557108	-0.160907	0.0915688	-0.00517824	0.0650693	-0.0216328
0.557103	-0.16084	0.0915453	-0.00505266	0.0677782	-0.0235174
0.557101	-0.160775	0.0915276	-0.00427241	0.0682108	-0.0226975
0.557098	-0.160705	0.0915077	-0.00270562	0.0667991	-0.0204046
0.557094	-0.160636	0.0914873	-0.00269849	0.0684933	-0.0202516
0.557086	-0.160574	0.0914629	-0.00486563	0.0655858	-0.0222994
0.557079	-0.160512	0.0914412	-0.00523638	0.0666242	-0.0210807
0.557071	-0.160446	0.0914188	-0.00525182	0.0674705	-0.0206539
0.557068	-0.160376	0.0913947	-0.00527	0.0678751	-0.0210836
0.557065	-0.160306	0.0913779	-0.00544402	0.0675794	-0.0210361
0.557058	-0.160244	0.091356	-0.00709461	0.0662714	-0.0216468
0.557052	-0.16017	0.0913295	-0.00653692	0.0674333	-0.0222114
0.557048	-0.160107	0.0913106	-0.00616251	0.063901	-0.0204207
0.557042	-0.160045	0.0912897	-0.00648275	0.0655724	-0.0209963
0.557036	-0.159973	0.0912654	-0.00814361	0.0652599	-0.0216565
0.557026	-0.159914	0.0912405	-0.00887463	0.0648951	-0.0240085
0.557024	-0.159846	0.0912221	-0.00643728	0.0684542	-0.0233316
0.557017	-0.159783	0.0911989	-0.00607662	0.0666226	-0.0224682
0.557006	-0.159721	0.0911755	-0.00867535	0.0641187	-0.0226645
0.557001	-0.159656	0.0911524	-0.00934677	0.061738	-0.0236285
0.556992	-0.159597	0.0911314	-0.0102062	0.0587657	-0.0223546
0.556983	-0.159526	0.0911031	-0.0103676	0.0615351	-0.0250834
0.556979	-0.159457	0.0910836	-0.00697137	0.0622045	-0.0201813
0.556965	-0.159396	0.091056	-0.00922518	0.061038	-0.0230714
0.556959	-0.159334	0.0910351	-0.00864972	0.060214	-0.0228958
0.556952	-0.159266	0.0910114	-0.00690226	0.0633993	-0.023102
0.556942	-0.159203	0.0909847	-0.00683467	0.0640844	-0.0233421
0.556933	-0.159137	0.0909587	-0.00730539	0.0649061	-0.0249033
0.556923	-0.159077	0.0909381	-0.00701882	0.0636705	-0.0220734
0.556915	-0.159008	0.0909111	-0.00697429	0.0652342	-0.0242086
0.556906	-0.158952	0.090888	-0.00687685	0.0617769	-0.0224524
0.556894	-0.158888	0.0908606	-0.00955418	0.0623126	-0.0251223
0.556892	-0.158825	0.0908443	-0.00764974	0.0636982	-0.0221447
0.556881	-0.158761	0.0908181	-0.00819245	0.0641874	-0.0222488
0.556871	-0.158691	0.0907852	-0.00824747	0.0659319	-0.0246563
0.556863	-0.15863	0.0907655	-0.00799288	0.0634943	-0.0230488
0.556855	-0.158569	0.0907412	-0.00887537	0.063843	-0.0249759
0.556842	-0.158501	0.0907104	-0.0111136	0.0638339	-0.0263321
0.556836	-0.158436	0.0906873	-0.00974657	0.0650426	-0.027032
0.556828	-0.158372	0.0906621	-0.00907569	0.0649888	-0.0261265
0.556818	-0.158308	0.0906364	-0.00765947	0.0666775	-0.0246343
0.556808	-0.158248	0.0906107	-0.0080191	0.0652799	-0.0250674
0.556798	-0.158184	0.0905817	-0.0085203	0.0658309	-0.0268504
0.556787	-0.158123	0.0905561	-0.00888819	0.0670746	-0.0282572
0.556777	-0.158061	0.09053	-0.00949948	0.0630229	-0.0258804
0.556763	-0.158	0.0905006	-0.0108183	0.0630049	-0.0258963
0.556753	-0.157937	0.0904741	-0.00930496	0.0643126	-0.0245585
0.556745	-0.157874	0.0904507	-0.00818193	0.0652588	-0.0243821
0.556734	-0.157811	0.0904236	-0.00966676	0.0657778	-0.0265091
0.556724	-0.157747	0.0903967	-0.00923136	0.0653599	-0.0265354
0.556708	-0.157692	0.0903686	-0.0121976	0.061309	-0.0277652
0.556698	-0.157627	0.0903435	-0.011641	0.0608293	-0.0267463
0.556679	-0.157574	0.0903141	-0.013976	0.0570785	-0.0263807
0.55667	-0.157508	0.0902863	-0.0120683	0.0594196	-0.025361
0.556653	-0.157453	0.0902588	-0.0136669	0.0590529	-0.0267603
0.556639	-0.157397	0.0902315	-0.0127578	0.0590992	-0.0252648
0.556624	-0.157342	0.0902036	-0.0131099	0.0590066	-0.0261517
0.556613	-0.157279	0.0901779	-0.0117368	0.0602407	-0.0245954
0.556593	-0.157226	0.0901466	-0.0144139	0.057618	-0.0269387
0.55655	-0.157043	0.0900589	-0.0139012	0.0603198	-0.0274698
0.556538	-0.156985	0.0900336	-0.013176	0.0604751	-0.0273882
0.55652	-0.156923	0.0899983	-0.0141918	0.0607023	-0.0286254
0.556508	-0.156862	0.0899729	-0.0143885	0.0629253	-0.0288024
0.55649	-0.156806	0.0899431	-0.0169213	0.0572207	-0.0304241
0.556474	-0.156746	0.0899107	-0.0169467	0.0564598	-0.0311005
0.556461	-0.156683	0.0898819	-0.0155384	0.0595626	-0.0305998
0.556445	-0.156623	0.0898487	-0.0158695	0.0572912	-0.029589
0.556427	-0.156559	0.0898163	-0.0171076	0.0591447	-0.0309442
0.556414	-0.156501	0.0897903	-0.0141876	0.0606726	-0.0289979
0.556397	-0.156441	0.0897586	-0.014189	0.0599015	-0.0292081
0.556385	-0.156381	0.0897305	-0.0138341	0.0595406	-0.0290119
0.556371	-0.156325	0.0897036	-0.0143557	0.0572306	-0.0279834
0.556354	-0.156261	0.0896686	-0.0152901	0.0575885	-0.029651
0.55634	-0.156195	0.0896371	-0.0157538	0.0590227	-0.0305788
0.556324	-0.156139	0.089609	-0.014971	0.0590081	-0.029284
0.556308	-0.156075	0.089573	-0.0143849	0.0605355	-0.0294285
0.55629	-0.156017	0.0895442	-0.015082	0.0604065	-0.0289443
0.556271	-0.155958	0.0895085	-0.0154364	0.0599451	-0.0297947
0.556257	-0.155898	0.0894808	-0.016388	0.0616278	-0.0317186
0.556241	-0.15583	0.0894475	-0.0148357	0.0645282	-0.0311719
0.556227	-0.155772	0.089418	-0.0123291	0.0635328	-0.0291261
0.556209	-0.155712	0.089385	-0.0128825	0.0615878	-0.0294383
0.556191	-0.155653	0.0893533	-0.0136476	0.0593362	-0.0287592
0.556177	-0.155592	0.0893227	-0.0137548	0.0572609	-0.0280675
0.556163	-0.155532	0.0892981	-0.0140827	0.0588893	-0.028022
0.556148	-0.155467	0.0892629	-0.0131304	0.0602835	-0.0290976
0.556132	-0.155407	0.0892309	-0.0137615	0.0586133	-0.0305814
0.556119	-0.155349	0.0892031	-0.0128918	0.0575195	-0.0299375
0.556101	-0.155281	0.0891676	-0.0142426	0.0603905	-0.031622
0.556088	-0.15522	0.0891382	-0.0131212	0.0604611	-0.0292909
0.556074	-0.155158	0.0891081	-0.0132439	0.0611317	-0.0293671
0.556059	-0.155099	0.0890775	-0.0158942	0.0602717	-0.0317478
0.556046	-0.155037	0.0890471	-0.0143644	0.0596361	-0.030371
0.556031	-0.154978	0.0890175	-0.0144182	0.0598444	-0.0296282
0.556015	-0.15492	0.0889866	-0.0161035	0.0577307	-0.0307239
0.556	-0.154857	0.0889556	-0.0159862	0.0594112	-0.0312417
0.555984	-0.154801	0.0889251	-0.0170081	0.0553722	-0.0308153
0.555969	-0.154743	0.0888954	-0.0158925	0.0560112	-0.0301557
0.555954	-0.154681	0.0888652	-0.0165395	0.0562624	-0.0308315
0.555945	-0.154619	0.0888401	-0.0151064	0.0564304	-0.0292239
0.555931	-0.154558	0.0888089	-0.0162903	0.0555587	-0.0300439
0.555916	-0.154493	0.0887766	-0.015415	0.0551763	-0.0296412
0.555902	-0.154434	0.0887477	-0.0149774	0.0530669	-0.028498
0.555886	-0.154376	0.0887162	-0.0153159	0.054324	-0.0290643
0.555872	-0.154315	0.0886845	-0.0161386	0.0537244	-0.0296779
0.555859	-0.154259	0.0886597	-0.0160406	0.051839	-0.027424
0.555847	-0.154191	0.0886285	-0.0150751	0.0563338	-0.0281415
0.555831	-0.154135	0.0885966	-0.0163734	0.0559632	-0.0295338
0.55582	-0.154069	0.0885678	-0.0139817	0.0581567	-0.0281094
0.555805	-0.154013	0.0885346	-0.0141249	0.058054	-0.0304356
0.555791	-0.153949	0.0885049	-0.0136046	0.060109	-0.0298105
0.555778	-0.153896	0.0884759	-0.0136358	0.0580564	-0.0281876
0.555768	-0.153838	0.0884486	-0.0137726	0.0542794	-0.0284046
0.555759	-0.153772	0.088421	-0.0140303	0.0573954	-0.0291462
0.555747	-0.153712	0.0883933	-0.0140861	0.0587712	-0.0302642
0.555734	-0.153649	0.0883613	-0.014761	0.0591769	-0.0329315
0.555727	-0.153587	0.088337	-0.012433	0.0614865	-0.0305235
0.555718	-0.153527	0.0883117	-0.0116735	0.0612625	-0.029532
0.555707	-0.153465	0.088285	-0.010995	0.061247	-0.027227
0.555693	-0.153402	0.0882524	-0.0118625	0.0608889	-0.0284724
0.555686	-0.15334	0.0882288	-0.0106079	0.0610006	-0.02682
0.555674	-0.153282	0.0882008	-0.0113366	0.058038	-0.0260286
0.555666	-0.153218	0.0881764	-0.0106711	0.0593057	-0.0256127
0.555656	-0.153159	0.0881478	-0.0094673	0.0590511	-0.0257666
0.555645	-0.153103	0.0881225	-0.00804252	0.0603458	-0.0248737
0.555638	-0.153036	0.0880969	-0.00758043	0.0627964	-0.0251313
0.555627	-0.152979	0.0880688	-0.0092969	0.0603758	-0.0264593
0.555615	-0.152917	0.0880401	-0.00993607	0.0611155	-0.0271293
0.555608	-0.152856	0.0880159	-0.00812058	0.0618412	-0.0244763
0.555599	-0.152793	0.0879902	-0.00884777	0.0617566	-0.0252349
0.55559	-0.152733	0.0879663	-0.00900542	0.0619983	-0.0253866
0.555578	-0.152673	0.0879377	-0.00949896	0.0616774	-0.0251335
0.555567	-0.152612	0.0879115	-0.00893718	0.0616668	-0.0237057
0.55556	-0.152552	0.0878881	-0.00883208	0.0602657	-0.0237486
0.555545	-0.152492	0.0878579	-0.0084154	0.0601342	-0.0233768
0.555538	-0.152429	0.0878335	-0.00804579	0.0613456	-0.0239808
0.555525	-0.152372	0.0878061	-0.00898418	0.0598897	-0.0232929
0.555515	-0.152305	0.0877765	-0.00701708	0.0620503	-0.022976
0.555504	-0.15225	0.0877509	-0.00775375	0.0603797	-0.0235486
0.555493	-0.152186	0.0877236	-0.0094912	0.0597743	-0.0249709
0.555482	-0.152129	0.0876951	-0.0099171	0.0592678	-0.0261652
0.555471	-0.152069	0.0876722	-0.0101779	0.0590972	-0.024882
0.555462	-0.152006	0.0876457	-0.00929673	0.0614335	-0.0255867
0.555452	-0.151944	0.0876206	-0.00984672	0.0625933	-0.0257699
0.555447	-0.151875	0.087597	-0.00855248	0.063856	-0.0252994
0.555435	-0.151819	0.087568	-0.0107004	0.0613746	-0.0273622
0.555427	-0.151755	0.0875424	-0.0101563	0.0615582	-0.0270224
0.555417	-0.151689	0.0875154	-0.0102526	0.061317	-0.0262041
0.555409	-0.151623	0.087489	-0.0105659	0.0627613	-0.0273288
0.555403	-0.151562	0.0874672	-0.0102573	0.0568417	-0.024901
0.555392	-0.151503	0.0874411	-0.00943565	0.0574426	-0.0245933
0.555382	-0.151437	0.0874171	-0.0110479	0.0559672	-0.0230569
0.555372	-0.151377	0.0873911	-0.0114003	0.0559575	-0.0243982
0.555361	-0.151312	0.0873629	-0.012591	0.0576002	-0.0276877
0.555355	-0.151249	0.0873403	-0.0110456	0.059219	-0.0267066
0.555341	-0.15119	0.0873104	-0.0128346	0.0579874	-0.0280289
0.555336	-0.15112	0.0872867	-0.0102664	0.0615854	-0.025834
0.555331	-0.151055	0.0872671	-0.00836755	0.0626346	-0.0236633
0.55532	-0.150987	0.0872365	-0.0107075	0.0641011	-0.0268953
0.555315	-0.150925	0.0872175	-0.00934211	0.0635923	-0.0253398
0.555303	-0.150862	0.0871862	-0.00851182	0.0653283	-0.026592
0.555295	-0.150796	0.0871628	-0.00873808	0.0642451	-0.0258063
0.555288	-0.150729	0.0871374	-0.00964192	0.0651293	-0.027144
0.555278	-0.150665	0.0871122	-0.0104552	0.0653336	-0.0274055
0.55527	-0.150599	0.087086	-0.0106833	0.0640393	-0.0276953
0.55526	-0.150538	0.0870605	-0.0110478	0.0640428	-0.0266484
0.555249	-0.150475	0.0870333	-0.0105032	0.0649882	-0.0260426
0.555244	-0.150407	0.08701	-0.0069583	0.0670491	-0.0242489
0.55523	-0.150347	0.0869796	-0.00799348	0.0646229	-0.0259118
0.555223	-0.150286	0.086961	-0.00662064	0.0622361	-0.0212591
0.555214	-0.150218	0.0869315	-0.0085828	0.0640917	-0.0259764
0.555206	-0.150153	0.0869059	-0.00908236	0.0615561	-0.0257707
0.555198	-0.150087	0.0868824	-0.00859232	0.0627418	-0.0241391
0.555187	-0.150027	0.0868554	-0.00768233	0.0636875	-0.0236311
0.555177	-0.149965	0.0868301	-0.0107509	0.0626085	-0.0269991
0.555169	-0.149902	0.0868085	-0.0113285	0.0630129	-0.0266015
0.555157	-0.149839	0.0867801	-0.00998626	0.0637635	-0.0265561
0.555153	-0.149777	0.08676	-0.00909805	0.0623431	-0.0256078
0.555145	-0.149711	0.0867362	-0.00817115	0.0646574	-0.0238248
0.555135	-0.149651	0.0867095	-0.0108652	0.0630937	-0.0265509
0.555126	-0.149592	0.0866847	-0.00901228	0.0616723	-0.0242269
0.555118	-0.149535	0.0866642	-0.00847847	0.0600173	-0.021826
0.555109	-0.149469	0.0866378	-0.00734053	0.0597753	-0.0211577
0.555101	-0.149402	0.0866136	-0.00822079	0.0623874	-0.0230522
0.555094	-0.149344	0.0865899	-0.00841963	0.0644258	-0.0250324
0.555086	-0.149276	0.0865686	-0.00832861	0.0648902	-0.0233045
0.55508	-0.149216	0.0865448	-0.00801627	0.063057	-0.0230808
0.555072	-0.149152	0.0865205	-0.00782611	0.0620286	-0.0233562
0.555066	-0.149089	0.0864978	-0.0062948	0.0632612	-0.0218281
0.555061	-0.149022	0.0864748	-0.00765391	0.0631342	-0.0246461
0.555051	-0.148964	0.0864509	-0.00856526	0.0615648	-0.0236265
0.555045	-0.148899	0.0864296	-0.00597693	0.0640114	-0.0214123
0.555039	-0.148836	0.086405	-0.00552219	0.0640053	-0.0225538
0.555032	-0.148771	0.0863806	-0.00696665	0.0649233	-0.0244339
0.555026	-0.148707	0.0863587	-0.00509712	0.0653648	-0.0219664
0.555021	-0.148645	0.0863362	-0.00549892	0.0645813	-0.0217186
0.555017	-0.148583	0.0863182	-0.0041102	0.0635713	-0.0190852
0.555012	-0.148513	0.0862925	-0.00386475	0.0655298	-0.0212205
0.555007	-0.14845	0.0862707	-0.00386998	0.0643576	-0.020304
0.555002	-0.148383	0.0862492	-0.0056168	0.060579	-0.0202094
0.554994	-0.148322	0.0862265	-0.00760085	0.0604928	-0.0219067
0.554987	-0.14826	0.0862028	-0.00714856	0.0612342	-0.0217718
0.554981	-0.1482	0.0861833	-0.00791926	0.0597942	-0.0219796
0.554978	-0.148133	0.0861618	-0.00588243	0.0624045	-0.0219354
0.554968	-0.148073	0.0861363	-0.0076181	0.0638056	-0.0241687
0.554962	-0.148006	0.0861132	-0.00710211	0.0633864	-0.0239675
0.554959	-0.147945	0.0860942	-0.0066423	0.0633919	-0.0234531
0.554951	-0.147883	0.0860711	-0.00831242	0.0626826	-0.024416
0.554944	-0.14782	0.0860462	-0.0092391	0.0620183	-0.0256541
0.554943	-0.147762	0.0860338	-0.00548132	0.062719	-0.0216664
0.554937	-0.147692	0.0860065	-0.00606184	0.0660614	-0.0226963
0.55493	-0.147628	0.0859813	-0.00606674	0.0649875	-0.0235766
0.554925	-0.147561	0.0859586	-0.00470818	0.0648934	-0.0215104
0.554921	-0.147502	0.0859376	-0.00546008	0.0636581	-0.0223673
0.554914	-0.147442	0.0859145	-0.00609426	0.0628817	-0.0232002
0.554914	-0.14738	0.0858996	-0.00390508	0.0636062	-0.0198111
0.554911	-0.147316	0.0858768	-0.00309448	0.0659511	-0.0212111
0.554908	-0.147246	0.0858555	-0.00345601	0.0659421	-0.021574
0.554903	-0.147187	0.0858327	-0.00408822	0.0622756	-0.0209766
0.554901	-0.147117	0.0858103	-0.00233583	0.0655565	-0.0198351
0.554895	-0.147057	0.0857883	-0.00353736	0.0645051	-0.0207477
0.554894	-0.146996	0.0857712	-0.00283449	0.0637899	-0.0198744
0.554888	-0.146932	0.0857469	-0.00381402	0.063909	-0.0215064
0.554886	-0.146868	0.0857268	-0.00314999	0.0645996	-0.0213916
0.554885	-0.146804	0.0857084	-0.00219624	0.0635774	-0.0191465
0.554883	-0.14674	0.0856897	-0.00216672	0.0638362	-0.0196646
0.554878	-0.146675	0.0856691	-0.00398707	0.0636282	-0.0206088
0.554877	-0.146609	0.0856472	-0.00164816	0.0642493	-0.020736
0.554877	-0.146544	0.0856285	-0.00253165	0.0642096	-0.0225428
0.554874	-0.146479	0.0856085	-0.00264806	0.0622838	-0.0202655
0.554873	-0.146413	0.0855867	-0.00147018	0.063157	-0.0207501
0.554872	-0.146349	0.0855687	-0.00205722	0.0622439	-0.0205618
0.554872	-0.146282	0.0855473	-0.00217347	0.0635956	-0.0215227
0.554867	-0.146219	0.0855252	-0.00486773	0.0630435	-0.024251
0.554867	-0.146156	0.0855094	-0.00267549	0.06101	-0.0210471
0.554864	-0.146097	0.085488	-0.00286346	0.0607242	-0.0205954
0.554863	-0.146032	0.0854671	-0.00104846	0.0615795	-0.018841
0.554866	-0.145966	0.0854543	-0.000766502	0.0635138	-0.0176787
0.554867	-0.145895	0.0854313	0.000824205	0.06519	-0.0177848
0.554865	-0.145835	0.0854115	-0.00111277	0.0628842	-0.0188326
0.55487	-0.145765	0.0853941	0.0014964	0.0667319	-0.0180098
0.554867	-0.145705	0.0853729	0.000622783	0.0653266	-0.0192505
0.55487	-0.14564	0.0853563	0.00158749	0.0630772	-0.016616
0.554871	-0.145571	0.085337	0.00165294	0.0652744	-0.017754
0.554871	-0.145511	0.0853152	-0.000241834	0.0627785	-0.0196632
0.554875	-0.145447	0.0853006	-0.000146595	0.0639453	-0.018772
0.554874	-0.145384	0.0852772	-0.000672484	0.0622458	-0.0200841
0.554874	-0.145323	0.0852602	0.00151078	0.0640012	-0.018084
0.554874	-0.145261	0.08524	0.00119305	0.0641912	-0.0188247
0.554876	-0.145199	0.0852207	0.00114128	0.064465	-0.0203096
0.554882	-0.145126	0.0852029	0.00533269	0.0684045	-0.0169856
0.554883	-0.145063	0.0851835	0.00311498	0.0678442	-0.0194326
0.554887	-0.144997	0.0851652	0.00321168	0.066914	-0.0191345
0.554892	-0.144928	0.0851503	0.0045473	0.0675481	-0.0175821
0.554893	-0.14487	0.0851289	0.00453292	0.0653172	-0.0186348
0.5549	-0.144797	0.0851131	0.00424771	0.0690322	-0.0197043
0.554903	-0.144728	0.0850957	0.00389645	0.0695837	-0.0187634
0.554906	-0.144669	0.0850778	0.00392007	0.0649165	-0.0179161
0.554913	-0.144607	0.0850657	0.00536833	0.0654013	-0.0171456
0.554917	-0.144538	0.0850457	0.00597655	0.0659312	-0.0175985
0.554923	-0.144475	0.0850312	0.00605185	0.0636386	-0.0159505
0.554928	-0.14441	0.0850168	0.0059107	0.0650603	-0.0155337
0.554943	-0.144273	0.0849837	0.00709936	0.0656798	-0.0170288
0.554949	-0.144208	0.0849684	0.00699518	0.0654323	-0.0161754
0.554952	-0.144145	0.0849484	0.00506444	0.0635312	-0.0186837
0.554957	-0.144083	0.0849314	0.0051287	0.0618327	-0.0179377
0.554965	-0.144017	0.0849171	0.00745386	0.0622062	-0.0154602
0.554971	-0.143953	0.0849003	0.00700188	0.0623406	-0.0168768
0.55498	-0.143884	0.0848873	0.00669651	0.0652787	-0.0162358
0.55498	-0.143825	0.0848647	0.00480186	0.0650703	-0.0171091
0.554989	-0.143767	0.0848522	0.00664905	0.0650252	-0.0155009
0.554993	-0.143704	0.0848362	0.00617214	0.0641679	-0.0152228
0.555002	-0.143639	0.0848198	0.00687919	0.0630219	-0.0150604
0.55501	-0.143574	0.0848068	0.00661181	0.0638746	-0.0160056
0.555015	-0.143506	0.0847853	0.00539588	0.0656773	-0.0195166
0.555025	-0.143439	0.0847728	0.00671354	0.0664909	-0.017132
0.555032	-0.143377	0.0847569	0.00729076	0.0656487	-0.0162459
0.555036	-0.143316	0.0847399	0.00533453	0.0639881	-0.0164038
0.555043	-0.143244	0.0847227	0.00572105	0.0672741	-0.0177193
0.555049	-0.143181	0.0847042	0.00724195	0.0668636	-0.0176956
0.55506	-0.14311	0.0846911	0.00859516	0.0665627	-0.0166508
0.555068	-0.143048	0.0846764	0.00838915	0.0644346	-0.0165645
0.555075	-0.142983	0.0846592	0.00769133	0.0656396	-0.0177935
0.555082	-0.14292	0.0846419	0.00877835	0.0646667	-0.0162635
0.555092	-0.14285	0.0846292	0.00803869	0.0653636	-0.0165093
0.555098	-0.14279	0.0846085	0.00788045	0.0623034	-0.0159553
0.555105	-0.142718	0.0845899	0.00843824	0.0667636	-0.0174004
0.555118	-0.142647	0.0845786	0.0086531	0.0670711	-0.0168903
0.555123	-0.142582	0.084557	0.00821415	0.0662613	-0.0187839
0.555136	-0.142516	0.0845488	0.0110343	0.0662647	-0.014208
0.555145	-0.142443	0.0845289	0.00913678	0.067823	-0.017709
0.55515	-0.142382	0.0845136	0.00840149	0.0674422	-0.0164689
0.555163	-0.142315	0.0845035	0.00939542	0.0673496	-0.0147737
0.555168	-0.142242	0.0844794	0.00775101	0.0691011	-0.0175013
0.555182	-0.142177	0.0844704	0.0104715	0.0671546	-0.0137176
0.555191	-0.142115	0.0844587	0.00880829	0.0641721	-0.0139615
0.555198	-0.142044	0.0844394	0.00622916	0.0681746	-0.0177775
0.555208	-0.141979	0.0844265	0.00821964	0.0683681	-0.0169318
0.555218	-0.141907	0.0844075	0.00896463	0.07039	-0.0181948
0.555226	-0.141841	0.0843927	0.00775097	0.0689754	-0.0187376
0.555238	-0.141768	0.0843778	0.00764212	0.0684917	-0.0186765
0.555248	-0.141705	0.0843638	0.00825058	0.0674475	-0.0183646
0.555256	-0.141634	0.0843462	0.00809265	0.0678502	-0.018913
0.555268	-0.141567	0.0843318	0.0105919	0.0672858	-0.015642
0.55528	-0.141497	0.0843154	0.0112917	0.0691459	-0.0162794
0.555288	-0.14143	0.0842993	0.0108982	0.0662212	-0.0142534
0.555298	-0.141367	0.0842862	0.010957	0.067791	-0.0134017
0.555309	-0.1413	0.0842672	0.0123059	0.069303	-0.0141637
0.555317	-0.141231	0.0842506	0.0113328	0.07003	-0.0136593
0.555324	-0.141162	0.0842294	0.0105124	0.0706858	-0.016057
0.555336	-0.141094	0.0842146	0.0112536	0.0697507	-0.0155499
0.555346	-0.141025	0.0841995	0.0116504	0.070137	-0.0153511
0.555359	-0.140955	0.0841833	0.0132779	0.0713735	-0.0142471
0.555364	-0.140886	0.0841606	0.0109757	0.0713062	-0.0171258
0.555375	-0.140825	0.0841466	0.0111048	0.0673405	-0.0158466
0.555384	-0.140752	0.0841283	0.00927797	0.0693076	-0.0176875
0.555398	-0.140683	0.0841142	0.0101623	0.0707915	-0.0172665
0.555407	-0.140615	0.0840953	0.00994048	0.070838	-0.0177498
0.555418	-0.140547	0.0840771	0.010505	0.0715152	-0.0190528
0.55543	-0.140474	0.0840609	0.0111542	0.0730225	-0.0180447
0.55544	-0.140409	0.0840417	0.0099144	0.0701813	-0.0201052
0.555452	-0.140334	0.0840245	0.0108543	0.0722598	-0.0192453
0.555459	-0.140263	0.0840046	0.00889301	0.0707286	-0.0207024
0.55547	-0.140192	0.0839856	0.00977256	0.0703107	-0.0199225
0.555481	-0.14012	0.0839671	0.011321	0.0721913	-0.0177624
0.55549	-0.140049	0.0839463	0.0102669	0.0696769	-0.0188253
0.555502	-0.139984	0.0839314	0.0108975	0.0668573	-0.0166787
0.555511	-0.13991	0.0839113	0.00919943	0.0698777	-0.0185395
0.555522	-0.139843	0.0838942	0.00969866	0.0686327	-0.0180333
0.555534	-0.139772	0.0838773	0.0106787	0.0692677	-0.0172277
0.55554	-0.139703	0.0838547	0.00867843	0.0676058	-0.0194847
0.555549	-0.139632	0.083834	0.00964747	0.0697081	-0.0191108
0.555559	-0.139564	0.0838161	0.00852881	0.0699717	-0.0200782
0.555567	-0.13949	0.0837935	0.00637933	0.0711821	-0.0234052
0.555582	-0.139414	0.0837775	0.00812596	0.0721607	-0.0211268
0.555588	-0.139346	0.0837537	0.0061607	0.0712761	-0.0230306
0.555598	-0.139274	0.0837374	0.00773229	0.0707574	-0.0202214
0.555605	-0.139207	0.0837141	0.00740684	0.069266	-0.0220202
0.555613	-0.139132	0.0836885	0.00818642	0.0721812	-0.0225837
0.555623	-0.139056	0.0836699	0.00868465	0.0720942	-0.0219305
0.555631	-0.138985	0.0836461	0.00840566	0.0723809	-0.0231527
0.555638	-0.138917	0.0836222	0.0081814	0.071417	-0.0240831
0.555646	-0.138842	0.0835987	0.00664062	0.0705285	-0.0262452
0.555656	-0.138775	0.0835801	0.00886345	0.0710492	-0.0224573
0.555667	-0.138696	0.0835568	0.00912671	0.0722182	-0.023073
0.555678	-0.138622	0.0835406	0.00954543	0.0727307	-0.0214896
0.555687	-0.138544	0.083512	0.00838502	0.0735973	-0.0231263
0.555694	-0.13847	0.0834886	0.00842923	0.073218	-0.0218162
0.555704	-0.138396	0.0834648	0.00918209	0.0742492	-0.0225708
0.555709	-0.138324	0.083438	0.00713549	0.073232	-0.0254234
0.555721	-0.138248	0.0834175	0.00847773	0.0744626	-0.0242288
0.555732	-0.138167	0.0833938	0.0102602	0.0772666	-0.0224582
0.555742	-0.138092	0.0833704	0.0101998	0.0767191	-0.0227738
0.55575	-0.138022	0.0833477	0.00872786	0.0728302	-0.0228482
0.555763	-0.137944	0.0833238	0.00979473	0.0741809	-0.0232181
0.555774	-0.137863	0.0833006	0.00898322	0.0757152	-0.0236657
0.555785	-0.137779	0.0832768	0.00873501	0.0783668	-0.025775
0.555792	-0.137706	0.0832519	0.00871342	0.0770068	-0.0243823
0.555804	-0.137625	0.08323	0.0130156	0.0794971	-0.0214177
0.555814	-0.137543	0.0832024	0.0115633	0.078982	-0.0238442
0.555825	-0.137469	0.0831818	0.0108217	0.0761873	-0.0229624
0.555836	-0.137389	0.0831605	0.00996872	0.0763374	-0.0240474
0.555891	-0.136918	0.0830087	0.00912438	0.0778365	-0.0246781
0.555903	-0.136836	0.0829874	0.0104223	0.0824327	-0.024172
0.555914	-0.136761	0.0829652	0.0105889	0.0809374	-0.0236296
0.55592	-0.136681	0.0829345	0.00922619	0.0814615	-0.0259598
0.555929	-0.136608	0.0829142	0.00895473	0.0786115	-0.0251606
0.555938	-0.136523	0.082886	0.00754341	0.0791501	-0.0278749
0.555948	-0.136445	0.0828611	0.00890274	0.0795636	-0.0265916
0.555955	-0.136373	0.0828373	0.00834292	0.0776913	-0.0258859
0.555965	-0.136292	0.0828093	0.00791484	0.0782624	-0.0279289
0.555973	-0.136214	0.0827829	0.00833157	0.0799123	-0.02752
0.555985	-0.13613	0.0827603	0.00900626	0.0793991	-0.0260913
0.555992	-0.136052	0.0827333	0.00721694	0.0783809	-0.0278251
0.556002	-0.135967	0.0827061	0.00708708	0.0813342	-0.030579
0.556014	-0.135884	0.0826836	0.00850039	0.0809883	-0.0277949
0.556024	-0.135806	0.0826563	0.0096013	0.0814034	-0.0259495
0.556033	-0.135722	0.0826292	0.00950258	0.0817265	-0.0258988
0.556043	-0.135637	0.0826047	0.00978261	0.0826099	-0.0249014
0.55605	-0.135558	0.0825745	0.00934544	0.0826047	-0.0259292
0.556059	-0.135476	0.0825484	0.00938216	0.0807799	-0.0248048
0.556069	-0.135397	0.082522	0.0095894	0.08101	-0.0251065
0.55608	-0.135311	0.0824966	0.00926681	0.0830746	-0.0266208
0.556091	-0.135227	0.0824734	0.00916554	0.0795815	-0.0248235
0.556097	-0.135146	0.082443	0.00819325	0.0813589	-0.0266453
0.556109	-0.135058	0.0824198	0.0100494	0.0835764	-0.0238948
0.556119	-0.134973	0.0823922	0.00963198	0.0860738	-0.0264688
0.556129	-0.134893	0.0823685	0.00960176	0.0810888	-0.0245935
0.556139	-0.134815	0.082345	0.00941859	0.0790778	-0.0238522
0.556145	-0.13473	0.0823139	0.00814002	0.0808927	-0.026281
0.556154	-0.13465	0.0822893	0.0086092	0.0819869	-0.0254735
0.556165	-0.134565	0.0822661	0.0099206	0.0814906	-0.0234516
0.556171	-0.134484	0.082235	0.00834962	0.0817829	-0.0272283
0.556179	-0.134403	0.08221	0.007331	0.0815722	-0.0280712
0.556188	-0.134319	0.0821826	0.0088254	0.0844881	-0.0274849
0.556198	-0.134233	0.0821554	0.0095056	0.0860054	-0.0268838
0.556206	-0.13415	0.082129	0.00877337	0.0857698	-0.0278182
0.556212	-0.134068	0.0820963	0.00822795	0.0851264	-0.028862
0.556221	-0.133984	0.0820702	0.0091763	0.0863362	-0.027515
0.55623	-0.133899	0.0820436	0.0103497	0.0852613	-0.0244662
0.556238	-0.133822	0.0820175	0.00952446	0.0837327	-0.0254386
0.556245	-0.133736	0.0819875	0.00898253	0.0837378	-0.0260718
0.556251	-0.133653	0.0819572	0.00804741	0.0834855	-0.0276201
0.556262	-0.133563	0.0819289	0.00930209	0.085261	-0.0267203
0.556272	-0.133481	0.0819031	0.0100499	0.0843223	-0.0253325
0.556282	-0.133398	0.0818749	0.00856296	0.0858771	-0.0284842
0.556287	-0.133314	0.0818437	0.00819612	0.0864753	-0.0282677
0.556293	-0.133227	0.0818117	0.00809675	0.0863637	-0.028214
0.556305	-0.133144	0.0817869	0.00990675	0.0860155	-0.0258578
0.556312	-0.133057	0.0817592	0.00885679	0.0861965	-0.0269148
0.556317	-0.132981	0.0817279	0.00744265	0.0828857	-0.028736
0.556329	-0.132892	0.0817007	0.00961399	0.0855641	-0.0268405
0.556338	-0.132806	0.0816732	0.00931439	0.0852242	-0.0271472
0.556346	-0.13272	0.0816419	0.00859405	0.0838364	-0.0277689
0.556357	-0.132631	0.0816186	0.00901072	0.084424	-0.0265187
0.556363	-0.132549	0.0815863	0.00735498	0.0821901	-0.029183
0.55637	-0.132469	0.0815579	0.0074337	0.0825451	-0.0293043
0.556381	-0.132382	0.0815318	0.00830561	0.0834155	-0.0285085
0.556388	-0.132301	0.0815008	0.00735514	0.0798184	-0.0291591
0.556395	-0.132218	0.0814739	0.00696317	0.0807536	-0.0290207
0.556404	-0.132135	0.0814466	0.00773894	0.0820402	-0.0288101
0.55641	-0.132052	0.0814132	0.00688651	0.0833352	-0.0311844
0.55642	-0.131965	0.0813855	0.00749941	0.0833459	-0.0304109
0.556426	-0.131883	0.0813558	0.00666097	0.0836164	-0.0309068
0.556434	-0.1318	0.0813249	0.00703076	0.0831124	-0.0313052
0.556441	-0.131711	0.0812957	0.00736765	0.0844064	-0.0295211
0.556449	-0.131634	0.0812664	0.00746618	0.0823588	-0.0292441
0.556457	-0.131547	0.081235	0.0083365	0.082989	-0.028317
0.556463	-0.13147	0.0812089	0.00767778	0.0820658	-0.0282405
0.556471	-0.131388	0.0811779	0.00730462	0.0815486	-0.0295291
0.556477	-0.1313	0.0811455	0.00752711	0.083614	-0.0292211
0.556481	-0.131223	0.0811142	0.00741478	0.0830235	-0.0280913
0.556488	-0.131142	0.0810828	0.00810522	0.0827176	-0.0274769
0.556493	-0.131056	0.0810501	0.00674029	0.0834058	-0.0302831
0.556502	-0.130977	0.0810225	0.00734667	0.0818486	-0.0295703
0.556509	-0.130897	0.0809947	0.00732039	0.082029	-0.0295222
0.556514	-0.130813	0.0809636	0.00702928	0.0824434	-0.0289971
0.55652	-0.130735	0.0809337	0.00654606	0.0803758	-0.0293959
0.556524	-0.130656	0.0808996	0.00566011	0.0794784	-0.0310005
0.556531	-0.13058	0.0808746	0.00562973	0.0771685	-0.0293372
0.556534	-0.130503	0.0808417	0.00334873	0.0762546	-0.0315648
0.556546	-0.130417	0.0808188	0.00645292	0.0806016	-0.0291632
0.556548	-0.130339	0.0807825	0.00488842	0.0791915	-0.0314884
0.556555	-0.130251	0.0807541	0.00683331	0.0833784	-0.0290787
0.556562	-0.130172	0.0807231	0.00611068	0.083055	-0.0318013
0.556563	-0.130096	0.0806873	0.00528537	0.0823137	-0.0327137
0.55657	-0.130015	0.0806588	0.00644167	0.0833376	-0.0309927
0.556574	-0.129934	0.0806243	0.006183	0.0835337	-0.0318137
0.556579	-0.129849	0.0805929	0.005948	0.0834933	-0.0311837
0.556586	-0.129775	0.0805636	0.0053591	0.0818269	-0.031235
0.55659	-0.129693	0.0805301	0.00465416	0.0824268	-0.0319902
0.556593	-0.129615	0.0804976	0.00379693	0.0818642	-0.0330926
0.556601	-0.129531	0.0804661	0.00466699	0.0823731	-0.0336856
0.556601	-0.129454	0.0804281	0.00255555	0.0801403	-0.0360941
0.556607	-0.129375	0.080399	0.00336452	0.079574	-0.0347195
0.556613	-0.129287	0.0803656	0.00292981	0.0825247	-0.0362116
0.556614	-0.129212	0.0803302	0.000743412	0.0795886	-0.0375348
0.556616	-0.129129	0.0802925	-0.000785817	0.0796209	-0.0393427
0.556622	-0.129046	0.0802603	-0.000300761	0.0797559	-0.0384242
0.556622	-0.128971	0.0802231	-0.00213976	0.0778937	-0.0398157
0.556628	-0.128888	0.0801935	0.00118194	0.0786538	-0.0355044
0.556631	-0.128805	0.0801543	1.98303e-05	0.0792184	-0.0382357
0.556636	-0.128724	0.0801238	0.000329416	0.0794523	-0.0374001
0.556639	-0.128642	0.0800886	0.000998027	0.079924	-0.0360893
0.556644	-0.128556	0.0800545	0.00219282	0.0814039	-0.0356319
0.556645	-0.128478	0.0800191	0.00156607	0.0794724	-0.0363758
0.556649	-0.128397	0.0799851	0.00335177	0.0787816	-0.0339027
0.55665	-0.128312	0.0799481	0.00180607	0.080117	-0.0357269
0.55665	-0.12824	0.0799138	0.00228768	0.0774595	-0.0338861
0.556653	-0.128159	0.0798775	0.00276593	0.0788134	-0.0337509
0.556657	-0.128078	0.0798438	0.00426741	0.079286	-0.0321158
0.556659	-0.128003	0.0798085	0.0050738	0.0797833	-0.0311773
0.556659	-0.127923	0.0797718	0.00342908	0.0789248	-0.0340906
0.556658	-0.127847	0.0797343	0.00383006	0.0779184	-0.0338642
0.55666	-0.127764	0.0796975	0.00245742	0.0793258	-0.0362308
0.556661	-0.127687	0.0796586	0.00167962	0.0789636	-0.0388643
0.556661	-0.127606	0.0796235	0.00115016	0.0798355	-0.037877
0.55666	-0.127524	0.0795805	0.0012962	0.0790723	-0.0386888
0.556657	-0.127455	0.0795438	0.000415915	0.0747795	-0.0377599
0.556659	-0.127374	0.0795051	-0.000231014	0.0761697	-0.0396592
0.556658	-0.127305	0.0794663	-0.0022316	0.0730599	-0.0415325
0.556657	-0.127228	0.0794288	-0.00237977	0.0743646	-0.0400671
0.556658	-0.127145	0.079389	-0.00179496	0.0764589	-0.0399498
0.556659	-0.127074	0.0793526	-0.00218748	0.0753558	-0.0408567
0.556661	-0.126991	0.0793133	-0.000407664	0.0780802	-0.0394813
0.556657	-0.126917	0.0792707	-0.0027342	0.0767994	-0.0424032
0.55666	-0.12684	0.0792365	-0.00186507	0.0779806	-0.040195
0.556658	-0.126761	0.0791954	-0.000838946	0.0801535	-0.0399689
0.556659	-0.126688	0.0791583	-0.000812216	0.0764829	-0.0396664
0.556659	-0.126612	0.079118	0.000602518	0.0767638	-0.0383952
0.55666	-0.126536	0.0790772	-0.00040998	0.0755353	-0.0411475
0.556658	-0.126463	0.0790391	-0.0008825	0.0766328	-0.0414631
0.55666	-0.126386	0.0790001	0.000717985	0.078128	-0.0400513
0.556662	-0.126308	0.0789599	0.00239224	0.080807	-0.0392153
0.556657	-0.126236	0.0789181	-0.000135999	0.0773673	-0.0400873
0.556659	-0.126162	0.0788773	0.0010697	0.0784482	-0.04063
0.55666	-0.126083	0.0788392	0.000295023	0.0747372	-0.03965
0.556657	-0.126011	0.0787977	-0.00172579	0.0734946	-0.0401142
0.556657	-0.125941	0.0787553	-0.00212492	0.071255	-0.042722
0.556656	-0.125864	0.0787129	-0.00126339	0.0732171	-0.0413055
0.556657	-0.125793	0.0786752	-0.000219546	0.0728439	-0.0398695
0.556655	-0.125718	0.0786311	7.29202e-05	0.0744454	-0.040598
0.556658	-0.125639	0.0785941	0.000338327	0.0740478	-0.0396824
0.556654	-0.125566	0.0785488	-0.00224463	0.0748897	-0.0442181
0.556656	-0.125491	0.078512	-0.00144354	0.0738239	-0.0428973
0.556656	-0.125418	0.0784692	0.000253695	0.0753537	-0.0413341
0.556654	-0.125339	0.0784257	-0.000757438	0.0771761	-0.0427475
0.556658	-0.125257	0.0783889	0.000786345	0.0791066	-0.0411356
0.556657	-0.125187	0.0783517	0.000380172	0.0774113	-0.0405679
0.556655	-0.125113	0.0783041	-0.00109064	0.0756308	-0.0434542
0.556658	-0.125036	0.0782687	0.00114089	0.0750058	-0.038776
0.556659	-0.124966	0.0782327	0.000578143	0.0714571	-0.0380134
0.556659	-0.124881	0.078189	-2.42688e-05	0.0748465	-0.0402296
0.556657	-0.124807	0.0781468	-0.000209704	0.0730355	-0.0391743
0.556658	-0.124728	0.0781047	-8.11172e-05	0.0765614	-0.0407821
0.556657	-0.124651	0.0780621	-0.000340846	0.0761609	-0.04144
0.556657	-0.124576	0.0780203	4.07129e-05	0.0779832	-0.042138
0.556657	-0.124493	0.0779787	0.000589398	0.0781054	-0.0401097
0.556657	-0.124425	0.07794	-0.000736064	0.0736896	-0.0410547
0.556658	-0.124345	0.0778973	-0.000151389	0.0761006	-0.041721
0.556658	-0.124275	0.0778559	0.000324916	0.0737886	-0.0398292
0.556658	-0.124196	0.077815	0.000662861	0.0762793	-0.0400026
0.556658	-0.124118	0.0777726	5.22356e-05	0.0766636	-0.0412666
0.556657	-0.124045	0.0777319	0.000203856	0.0766401	-0.0406507
0.556657	-0.123972	0.0776925	-0.000299876	0.0735486	-0.0402096
0.556657	-0.123897	0.0776512	-0.000156585	0.0736107	-0.0405454
0.556657	-0.123823	0.07761	-0.000819962	0.0757949	-0.0427306
0.556655	-0.123749	0.0775677	-0.000988884	0.0748946	-0.0423551
0.556653	-0.123676	0.0775241	-0.00136861	0.0751386	-0.0426709
0.556654	-0.123604	0.0774837	-0.000170185	0.0750847	-0.0414077
0.55665	-0.123535	0.0774393	-2.5948e-05	0.0752256	-0.0406987
0.556651	-0.123456	0.0773972	0.00133811	0.0803595	-0.0405277
0.556651	-0.123384	0.0773555	0.00235241	0.0770011	-0.0389786
0.55665	-0.123309	0.0773092	0.00162093	0.0773029	-0.0404115
0.556653	-0.123233	0.0772716	0.00179378	0.07535	-0.0389333
0.556647	-0.123165	0.0772245	-0.000647544	0.0733182	-0.041092
0.556648	-0.12309	0.0771811	-0.000216574	0.0745161	-0.0425226
0.556645	-0.123012	0.0771355	-0.000687507	0.0778704	-0.0429534
0.556645	-0.12294	0.077093	-0.000572794	0.0749972	-0.0418295
0.556648	-0.122868	0.0770543	0.00101273	0.072284	-0.0386816
0.556646	-0.12279	0.0770113	0.000566234	0.0729761	-0.0385431
0.55664	-0.122723	0.0769635	-0.00132219	0.0724026	-0.0406957
0.556641	-0.122639	0.0769206	-0.000885144	0.0758367	-0.0415526
0.556644	-0.122564	0.0768838	-0.0002421	0.0737585	-0.0393179
0.556645	-0.122492	0.0768403	0.000944029	0.0718008	-0.0397641
0.556644	-0.122415	0.0768016	-0.000244757	0.0699306	-0.0385686
0.556641	-0.122344	0.0767535	0.000895877	0.0710516	-0.0398401
0.556641	-0.122271	0.0767139	0.00188156	0.0710793	-0.0387805
0.556643	-0.122202	0.0766772	0.00274825	0.0672024	-0.0364648
0.556639	-0.12213	0.0766333	0.000499616	0.0670888	-0.0383015
0.556639	-0.122054	0.0765884	-4.30819e-05	0.0697346	-0.0404086
0.556638	-0.121981	0.0765477	0.00113309	0.0719051	-0.0394761
0.556637	-0.121904	0.0765042	0.000755015	0.0748058	-0.0408125
0.556638	-0.121831	0.0764659	0.000428127	0.0739864	-0.0403885
0.556635	-0.121765	0.0764225	-0.000452883	0.071527	-0.0408905
0.556631	-0.121693	0.0763768	-0.000312583	0.0720941	-0.0401978
0.556631	-0.121621	0.0763382	0.00030113	0.0701971	-0.0370323
0.55663	-0.12155	0.0762959	-7.72619e-05	0.0714483	-0.0388053
0.556629	-0.121479	0.0762602	-0.00058714	0.0704176	-0.0378072
0.556622	-0.121415	0.0762122	-0.00164603	0.0682765	-0.0392655
0.556621	-0.121347	0.0761727	-0.00158804	0.0673102	-0.0393895
0.556622	-0.121274	0.0761335	-0.00107195	0.0692899	-0.0395512
0.556618	-0.121203	0.0760924	-0.00133681	0.0698237	-0.0388301
0.556622	-0.12113	0.0760568	-8.06265e-05	0.0694942	-0.0380025
0.556616	-0.121059	0.0760108	-0.00188198	0.0714076	-0.0410124
0.556614	-0.12099	0.0759718	-0.00301013	0.0689967	-0.0417408
0.556616	-0.120918	0.075933	-0.000957132	0.0694035	-0.0389422
0.556617	-0.120846	0.0758946	-0.000412053	0.0701739	-0.0385013
0.556612	-0.120779	0.0758496	-0.00156863	0.0705248	-0.0406376
0.556608	-0.120705	0.0758072	-0.0033277	0.0701868	-0.0422651
0.55661	-0.120641	0.0757712	-0.00173776	0.0689568	-0.0404926
0.556609	-0.120569	0.075731	-0.0013922	0.0699315	-0.0412734
0.556606	-0.1205	0.075691	-0.000434311	0.0718016	-0.0401224
0.556602	-0.120435	0.0756469	-0.00152237	0.0703441	-0.0412012
0.5566	-0.120366	0.0756059	-0.00162512	0.0689583	-0.0404759
0.556597	-0.120299	0.0755644	-0.00264694	0.0664088	-0.0411595
0.556597	-0.12023	0.0755261	-0.00183944	0.0661264	-0.0397251
0.556594	-0.120159	0.0754842	-0.00252237	0.06888	-0.0418559
0.55659	-0.120095	0.0754413	-0.00367536	0.0680784	-0.0436429
0.556587	-0.120036	0.0754035	-0.00379471	0.0643149	-0.0418733
0.556586	-0.119969	0.0753664	-0.00316118	0.0662363	-0.040724
0.556585	-0.119902	0.0753268	-0.00371411	0.0661196	-0.0424464
0.556581	-0.119834	0.0752858	-0.00364602	0.0676788	-0.0421969
0.556577	-0.119773	0.0752453	-0.00493861	0.0654757	-0.0433718
0.556575	-0.119705	0.0752048	-0.00407949	0.0645917	-0.0419248
0.556575	-0.119638	0.0751663	-0.00369359	0.0643395	-0.0421781
0.556571	-0.119573	0.0751255	-0.00502707	0.0644075	-0.0439502
0.556567	-0.119511	0.0750846	-0.00432581	0.0623498	-0.0429045
0.556566	-0.11944	0.0750443	-0.00497821	0.0627976	-0.0445782
0.556561	-0.119375	0.0750031	-0.00473829	0.0648575	-0.0440153
0.55656	-0.119315	0.0749667	-0.00307361	0.068508	-0.0431472
0.556551	-0.119251	0.0749188	-0.00508509	0.066408	-0.0441479
0.556549	-0.119186	0.07488	-0.00396271	0.0647783	-0.0417057
0.556545	-0.119121	0.0748396	-0.00377516	0.064337	-0.0409724
0.556541	-0.119054	0.074797	-0.00392679	0.0647199	-0.0414322
0.556537	-0.118999	0.0747603	-0.00387082	0.0616275	-0.0398518
0.556535	-0.118934	0.0747221	-0.00364918	0.0637249	-0.0401639
0.556528	-0.118874	0.0746798	-0.00485843	0.0614374	-0.0409436
0.556526	-0.118815	0.0746455	-0.0037143	0.0616154	-0.0384844
0.556519	-0.118765	0.0746054	-0.00611968	0.0569574	-0.0411429
0.556516	-0.118705	0.0745686	-0.00579711	0.0546404	-0.0396693
0.556509	-0.118649	0.0745329	-0.00615919	0.0582003	-0.0402259
0.556507	-0.118587	0.0744919	-0.00425023	0.0612012	-0.040308
0.556505	-0.118528	0.0744563	-0.00423079	0.0629424	-0.0408478
0.556499	-0.118473	0.0744199	-0.00584727	0.0580612	-0.0412302
0.556493	-0.118413	0.0743786	-0.00563547	0.06007	-0.0413012
0.556489	-0.118359	0.0743424	-0.00494557	0.0587064	-0.0394168
0.556484	-0.118304	0.0743042	-0.00531959	0.0583377	-0.039581
0.556481	-0.118243	0.0742685	-0.00395504	0.0598678	-0.0382931
0.556477	-0.118193	0.0742321	-0.00359191	0.0570825	-0.0368658
0.556471	-0.118133	0.0741922	-0.00402265	0.0567843	-0.0374998
0.556464	-0.118081	0.0741524	-0.00505331	0.0566358	-0.0381785
0.556462	-0.118023	0.0741155	-0.00486437	0.0578562	-0.0399036
0.556462	-0.117958	0.0740809	-0.00449619	0.0590158	-0.0400488
0.556457	-0.117901	0.0740454	-0.00463754	0.0567799	-0.0381952
0.556451	-0.117847	0.074007	-0.00651263	0.0531255	-0.0398875
0.55645	-0.11779	0.0739724	-0.0052078	0.0543618	-0.0390922
0.556449	-0.117729	0.0739407	-0.00440331	0.0541616	-0.0368476
0.556445	-0.11767	0.0739012	-0.00467994	0.0559967	-0.0381092
0.556441	-0.117622	0.0738702	-0.00509449	0.05467	-0.0376004
0.556436	-0.117568	0.0738325	-0.00507214	0.0513325	-0.0367641
0.556434	-0.117511	0.0737971	-0.00321684	0.053925	-0.0343568
0.556432	-0.117445	0.0737607	-0.00324742	0.0573816	-0.0357022
0.556426	-0.117389	0.0737229	-0.00418367	0.0553083	-0.035856
0.556427	-0.117334	0.0736904	-0.00255301	0.0541496	-0.0338883
0.556422	-0.117286	0.0736574	-0.00320166	0.0551859	-0.034413
0.556421	-0.117227	0.073623	-0.00276031	0.055328	-0.0339212
0.556418	-0.117172	0.073592	-0.00271412	0.0554477	-0.0329383
0.556414	-0.117118	0.0735538	-0.0050265	0.0529021	-0.0373026
0.556406	-0.117071	0.0735141	-0.00568047	0.051669	-0.0378499
0.556402	-0.117016	0.0734787	-0.00528879	0.0512208	-0.0367366
0.5564	-0.116958	0.0734449	-0.00396318	0.0521941	-0.034821
0.556394	-0.116911	0.0734101	-0.00514335	0.0492962	-0.0351436
0.556393	-0.116855	0.0733814	-0.00358346	0.0499576	-0.0321598
0.556388	-0.116803	0.0733416	-0.0040723	0.05066	-0.034653
0.556385	-0.116752	0.0733111	-0.00448188	0.051976	-0.0352002
0.556382	-0.116695	0.0732776	-0.00199476	0.0538017	-0.0324104
0.556377	-0.116647	0.0732434	-0.00312679	0.0521356	-0.0330743
0.556372	-0.116597	0.0732093	-0.00360344	0.0506119	-0.0332196
0.556366	-0.116551	0.0731718	-0.00334037	0.0537977	-0.0344066
0.556365	-0.116504	0.0731418	-0.00294073	0.0503255	-0.0329251
0.556359	-0.11645	0.0731061	-0.00400866	0.0506422	-0.0333911
0.556354	-0.116401	0.0730698	-0.00407709	0.0488639	-0.0326907
0.55635	-0.116346	0.0730362	-0.00349289	0.0485225	-0.0312594
0.556345	-0.116298	0.0730013	-0.00419783	0.0491112	-0.0328268
0.556342	-0.116247	0.0729695	-0.00345991	0.0499485	-0.0322709
0.556338	-0.11619	0.0729352	-0.00385126	0.0488658	-0.0323824
0.55633	-0.116147	0.0728973	-0.00441253	0.0460338	-0.0321825
0.556324	-0.116102	0.072865	-0.00493049	0.046821	-0.0323043
0.556322	-0.116051	0.0728349	-0.00400621	0.0484415	-0.031927
0.556316	-0.116005	0.0727989	-0.00451881	0.0469479	-0.033088
0.556312	-0.115952	0.0727673	-0.00479931	0.0454131	-0.0322319
0.556305	-0.115909	0.0727332	-0.00449878	0.0474211	-0.0319081
0.556304	-0.115859	0.0727052	-0.00349038	0.0482096	-0.0309753
0.556302	-0.115811	0.0726763	-0.00287146	0.0477561	-0.0294521
0.556297	-0.11576	0.0726423	-0.00263654	0.0505626	-0.0301037
0.556291	-0.115712	0.0726111	-0.00456246	0.0459533	-0.0302552
0.556287	-0.115668	0.0725816	-0.00621298	0.0438612	-0.0300733
0.55628	-0.115621	0.0725456	-0.0059348	0.0453391	-0.0301195
0.556279	-0.115572	0.0725168	-0.00448606	0.0442417	-0.0295584
0.556279	-0.115521	0.0724884	-0.00368219	0.0467933	-0.0299502
0.556271	-0.115477	0.0724537	-0.00495925	0.045263	-0.0307432
0.556268	-0.115422	0.0724241	-0.00518594	0.0473103	-0.0320423
0.556263	-0.115378	0.0723879	-0.00798915	0.0488153	-0.0363817
0.556261	-0.115325	0.0723606	-0.00614898	0.0513046	-0.0344328
0.556257	-0.11528	0.0723279	-0.00605086	0.0486031	-0.034512
0.556255	-0.115227	0.0722967	-0.00499276	0.0496843	-0.0337776
0.556249	-0.115184	0.0722651	-0.0046673	0.0481978	-0.0318308
0.556248	-0.11514	0.0722372	-0.00402456	0.0445575	-0.0303026
0.556245	-0.115088	0.0722075	-0.00380442	0.0477688	-0.0305858
0.556241	-0.115032	0.0721721	-0.00419103	0.0511125	-0.0328478
0.556238	-0.114983	0.072142	-0.00389417	0.0487422	-0.0313841
0.556241	-0.11493	0.072117	-0.00165071	0.0493152	-0.0288941
0.556238	-0.11488	0.0720876	-0.00191869	0.0504143	-0.0286365
0.556238	-0.11483	0.0720623	0.000943667	0.0495547	-0.0272082
0.556231	-0.114778	0.0720297	-0.00127028	0.0486441	-0.0275873
0.556232	-0.114736	0.072005	-0.000228673	0.0467682	-0.026125
0.55623	-0.114682	0.0719765	-0.00107263	0.0457672	-0.0259234
0.556225	-0.114636	0.0719447	-0.00134337	0.0485971	-0.0273198
0.556222	-0.114588	0.0719146	-0.000768187	0.049269	-0.0266712
0.556221	-0.114535	0.0718902	-0.000868327	0.049239	-0.0251756
0.55622	-0.114489	0.0718622	-0.0012988	0.0481091	-0.0263579
0.556215	-0.114443	0.0718326	-0.00329276	0.045773	-0.0280476
0.556213	-0.114397	0.0718045	-0.00179368	0.0481641	-0.027291
0.556209	-0.114346	0.0717752	-0.00221538	0.0508844	-0.0280087
0.556208	-0.1143	0.0717488	-0.00200169	0.0463896	-0.0271367
0.556201	-0.114258	0.071718	-0.003581	0.0457211	-0.0286422
0.556195	-0.114213	0.0716854	-0.00498679	0.0457443	-0.0313331
0.556193	-0.114166	0.0716595	-0.0039683	0.047325	-0.0301795
0.55619	-0.114121	0.071631	-0.003363	0.0481205	-0.0295342
0.556187	-0.114071	0.0716009	-0.00370841	0.0498216	-0.030692
0.556185	-0.114024	0.0715731	-0.00324588	0.0489758	-0.0307664
0.556182	-0.113976	0.071543	-0.00324877	0.0471104	-0.0296701
0.556182	-0.113926	0.071519	-0.00274526	0.0490059	-0.0293254
0.556177	-0.113878	0.0714884	-0.00336978	0.0484481	-0.0296139
0.556178	-0.11383	0.0714623	-0.0029114	0.0453119	-0.0293088
0.556171	-0.113788	0.0714327	-0.00443821	0.0420327	-0.0286078
0.556166	-0.11374	0.0714011	-0.00445094	0.0444298	-0.0299404
0.556164	-0.113686	0.0713709	-0.00371743	0.0468744	-0.0296448
0.556162	-0.113639	0.0713457	-0.00437561	0.0447959	-0.0302336
0.556159	-0.113592	0.0713174	-0.00339896	0.0465381	-0.0290939
0.556156	-0.113552	0.071292	-0.00357068	0.0460057	-0.0292061
0.556154	-0.1135	0.0712626	-0.0040158	0.046964	-0.0305518
0.556149	-0.113453	0.0712343	-0.00372462	0.0473146	-0.0293937
0.556148	-0.113408	0.0712082	-0.00303227	0.0446753	-0.0275828
0.556144	-0.113366	0.0711825	-0.00264767	0.0452727	-0.0263263
0.556138	-0.113321	0.0711501	-0.00449457	0.0435799	-0.0290209
0.556135	-0.113273	0.0711257	-0.00281766	0.0460034	-0.0262603
0.556132	-0.113226	0.0710961	-0.00276215	0.0451252	-0.0262066
0.556127	-0.113185	0.0710694	-0.00278669	0.0432975	-0.025753
0.556129	-0.113139	0.0710478	-0.00194927	0.0431	-0.025175
0.556124	-0.113094	0.0710179	-0.00280066	0.0434112	-0.0263226
0.556122	-0.113054	0.0709926	-0.00299546	0.0412937	-0.0270225
0.556118	-0.113012	0.0709695	-0.00328887	0.0397774	-0.0253339
0.556115	-0.112959	0.0709371	-0.0030309	0.0439009	-0.0272901
0.556116	-0.112918	0.0709176	-0.00189017	0.0442163	-0.0254367
0.556111	-0.112873	0.0708889	-0.00300733	0.0458898	-0.0276741
0.55611	-0.112821	0.0708621	-0.00198299	0.047898	-0.0263219
0.556109	-0.112777	0.0708384	-0.00198041	0.0442268	-0.0247704
0.556106	-0.112729	0.0708088	-0.00205435	0.0449633	-0.0257446
0.556103	-0.112685	0.0707812	-0.00249645	0.0457354	-0.0274427
0.5561	-0.112635	0.0707535	-0.0024763	0.0464703	-0.0267259
0.556094	-0.112594	0.0707234	-0.00263506	0.0472386	-0.0274341
0.556095	-0.112546	0.0707006	-0.00188651	0.0461954	-0.0253585
0.556092	-0.112503	0.0706723	-0.00141644	0.0444797	-0.0240711
0.556089	-0.112454	0.0706443	-0.00152701	0.0476082	-0.0256084
0.55609	-0.112408	0.0706223	-0.000937636	0.0426952	-0.0226554
0.556081	-0.11236	0.0705854	-0.00374027	0.0464369	-0.0286079
0.55608	-0.112315	0.0705617	-0.00229835	0.0453729	-0.0259011
0.556075	-0.112271	0.0705327	-0.0027767	0.0443736	-0.0257693
0.556075	-0.11222	0.0705057	-0.00240952	0.0464854	-0.0273728
0.556069	-0.112179	0.0704789	-0.00415726	0.0440254	-0.0284566
0.55607	-0.112137	0.0704601	-0.00192849	0.043549	-0.0244448
0.556066	-0.112096	0.0704284	-0.0030924	0.042137	-0.0267935
0.556064	-0.112054	0.0704062	-0.00342909	0.0419652	-0.0265708
0.556061	-0.112009	0.0703798	-0.00314132	0.0430097	-0.0264853
0.556061	-0.111959	0.0703552	-0.00225892	0.0434205	-0.0255235
0.556058	-0.111909	0.0703267	-0.00269168	0.0437066	-0.0257064
0.556053	-0.111871	0.0702998	-0.00435774	0.0401508	-0.0270579
0.556052	-0.11182	0.0702731	-0.00317309	0.0432686	-0.026747
0.556051	-0.11178	0.0702501	-0.00274756	0.0419185	-0.0257954
0.556045	-0.111735	0.0702207	-0.00404802	0.039514	-0.0261312
0.556045	-0.11169	0.0701974	-0.00348257	0.0412779	-0.0266298
0.55604	-0.111655	0.0701695	-0.00324658	0.0396161	-0.0258734
0.556035	-0.111603	0.0701381	-0.00350827	0.0441858	-0.0275326
0.556033	-0.111562	0.0701161	-0.00300675	0.043903	-0.0257895
0.556034	-0.111513	0.0700899	-0.00192856	0.0466064	-0.026758
0.556029	-0.111468	0.0700609	-0.00278659	0.0454875	-0.0269745
0.556022	-0.111427	0.0700308	-0.00379399	0.0427523	-0.0272356
0.556021	-0.111378	0.0700045	-0.00348116	0.0457218	-0.0285813
0.556015	-0.111338	0.0699768	-0.00404472	0.0441282	-0.0277749
0.556011	-0.1113	0.0699517	-0.00398062	0.0408368	-0.0266104
0.556009	-0.111264	0.0699294	-0.00261907	0.0385919	-0.0236265
0.556005	-0.111222	0.0699006	-0.0028721	0.0420754	-0.025571
0.555999	-0.111177	0.069872	-0.00459468	0.04511	-0.0292115
0.555999	-0.111132	0.0698501	-0.00259454	0.0447427	-0.025293
0.555998	-0.111094	0.0698258	-0.00217747	0.0466205	-0.026817
0.555993	-0.111053	0.0698007	-0.00334951	0.0446899	-0.0268487
0.555992	-0.111006	0.069777	-0.00302017	0.0440443	-0.0260423
0.555988	-0.110964	0.0697497	-0.00307143	0.0435031	-0.0266869
0.555985	-0.110924	0.0697247	-0.0036284	0.0428837	-0.0269698
0.555982	-0.110882	0.0696991	-0.00237838	0.0431824	-0.0251635
0.555977	-0.110838	0.0696702	-0.00276526	0.0429264	-0.0251308
0.555979	-0.110796	0.0696489	-0.000935019	0.0433283	-0.0234606
0.555971	-0.110756	0.0696213	-0.0031432	0.0422941	-0.0251735
0.555971	-0.110711	0.0695968	-0.00167218	0.045251	-0.024832
0.555965	-0.110664	0.0695685	-0.00345116	0.0473375	-0.02803
0.555965	-0.110617	0.0695427	-0.00388957	0.0449615	-0.0294569
0.555962	-0.110576	0.0695191	-0.0048	0.0436111	-0.0299159
0.555959	-0.110527	0.0694902	-0.00477489	0.0442864	-0.0301701
0.555956	-0.110486	0.0694644	-0.00350024	0.0423954	-0.0268901
0.555953	-0.110448	0.0694387	-0.00431495	0.038842	-0.0277218
0.55595	-0.110399	0.0694102	-0.00405499	0.0422288	-0.0289046
0.555947	-0.110356	0.0693856	-0.00417811	0.0398784	-0.0273979
0.555946	-0.110309	0.0693614	-0.00295777	0.0418023	-0.025523
0.555943	-0.110259	0.0693335	-0.00336027	0.0415674	-0.0261849
0.555943	-0.110216	0.0693125	-0.00254993	0.0406817	-0.02467
0.555939	-0.110168	0.0692841	-0.00260569	0.0439499	-0.0253521
0.555937	-0.110125	0.06926	-0.00304897	0.043215	-0.0259841
0.555937	-0.110078	0.0692383	-0.00282563	0.0441856	-0.0259736
0.555933	-0.110033	0.0692112	-0.00358962	0.0421385	-0.0267651
0.555934	-0.109987	0.0691898	-0.0028805	0.0444896	-0.0263168
0.55593	-0.109943	0.0691622	-0.00281265	0.0448989	-0.0262625
0.555927	-0.109899	0.0691358	-0.00232866	0.0448086	-0.0252736
0.555925	-0.109858	0.0691134	-0.00227692	0.0449396	-0.0251566
0.555921	-0.109815	0.0690887	-0.00279562	0.0439261	-0.0246181
0.555921	-0.10977	0.0690646	-0.00119635	0.0452963	-0.0235323
0.55592	-0.109725	0.0690423	-0.00133566	0.0478415	-0.0245809
0.555916	-0.10968	0.0690153	-0.00227227	0.0432421	-0.0240303
0.555914	-0.109631	0.0689885	-0.00129183	0.0467879	-0.0242389
0.555911	-0.109588	0.068963	-0.00182714	0.0450366	-0.0240127
0.555909	-0.109542	0.0689383	-0.00236501	0.0442981	-0.024969
0.55591	-0.109494	0.0689148	-0.00176313	0.0443413	-0.0249728
0.555904	-0.109451	0.0688852	-0.0018497	0.0444471	-0.024832
0.555904	-0.109411	0.0688666	-0.000879881	0.0428355	-0.0213374
0.555897	-0.109366	0.0688335	-0.00222593	0.0425569	-0.0235367
0.555898	-0.10932	0.0688096	-0.00139351	0.0420027	-0.0235752
0.555894	-0.109274	0.0687833	-0.000652805	0.0452977	-0.0222831
0.555889	-0.109228	0.0687516	-0.0022802	0.0461405	-0.02596
0.555886	-0.109177	0.0687219	-0.00268151	0.0481384	-0.0275702
0.555886	-0.109136	0.0687027	-0.00259098	0.04476	-0.0258747
0.555883	-0.109084	0.068674	-0.00270154	0.0480754	-0.0267898
0.555882	-0.109038	0.0686486	-0.00211727	0.0459213	-0.0253817
0.555882	-0.108992	0.0686294	-0.00156768	0.0455078	-0.0234893
0.555881	-0.108943	0.0686027	-0.00131064	0.0473175	-0.0245174
0.55588	-0.108898	0.0685781	-0.00022406	0.0484231	-0.0244627
0.555879	-0.108855	0.0685553	-0.000405658	0.0462617	-0.0233586
0.555877	-0.108812	0.0685303	-0.00109066	0.0459773	-0.0243612
0.555872	-0.108765	0.0685038	-0.00108319	0.0471981	-0.023273
0.555868	-0.108719	0.068477	-0.00173931	0.0486589	-0.0247515
0.55587	-0.108673	0.0684567	-0.00027727	0.0493648	-0.0235831
0.555868	-0.108627	0.0684341	-0.000849739	0.0470623	-0.0228969
0.555865	-0.108575	0.0684047	-0.00102399	0.0488847	-0.0242548
0.555865	-0.108527	0.068381	-0.00152303	0.0468197	-0.0244386
0.555864	-0.108477	0.0683559	-0.00139835	0.0474112	-0.0249698
0.555858	-0.108429	0.0683262	-0.00295963	0.0481562	-0.0266157
0.555855	-0.108381	0.0683002	-0.00296679	0.0483903	-0.0271642
0.555855	-0.108334	0.0682749	-0.00178553	0.0474553	-0.0251365
0.555853	-0.108286	0.0682503	-0.00247489	0.0478216	-0.0267834
0.55585	-0.108241	0.0682267	-0.00197642	0.0469203	-0.0242101
0.555851	-0.108194	0.0681997	-0.000976499	0.0489005	-0.0258095
0.555846	-0.108146	0.0681762	-0.00150348	0.0481744	-0.0234775
0.555848	-0.108097	0.0681544	0.000776518	0.0486106	-0.021167
0.555845	-0.108045	0.068125	-0.000405479	0.0483641	-0.0226573
0.555841	-0.107996	0.0680977	-0.0017482	0.046919	-0.0242428
0.555842	-0.107944	0.0680742	-0.00101501	0.0492012	-0.0244991
0.555842	-0.107893	0.06805	-0.00118381	0.0483524	-0.0250461
0.555839	-0.107847	0.0680256	-0.00185292	0.0455838	-0.0244576
0.555839	-0.107797	0.068003	-0.000845535	0.0475952	-0.0237575
0.555843	-0.107737	0.0679809	-0.000181304	0.0511234	-0.0242782
0.555841	-0.107691	0.0679572	0.000200895	0.0515081	-0.023236
0.555838	-0.10764	0.0679292	-0.00139561	0.0522215	-0.0260563
0.555842	-0.107589	0.0679107	5.80899e-06	0.0541713	-0.0244545
0.555836	-0.107538	0.0678816	-0.00209605	0.0518189	-0.0265619
0.555837	-0.107491	0.0678599	-0.000289991	0.0506177	-0.0238589
0.555837	-0.107432	0.0678326	8.23148e-05	0.0547334	-0.0245305
0.555839	-0.107379	0.0678122	-6.62535e-05	0.0544581	-0.0244367
0.555836	-0.107329	0.0677864	-0.00143363	0.0522636	-0.0258503
0.555838	-0.107275	0.067766	-0.000755608	0.0537979	-0.0252235
0.555837	-0.10722	0.0677405	-0.000454803	0.0544465	-0.0248198
0.55584	-0.107165	0.0677167	-0.000486958	0.052789	-0.0254446
0.55584	-0.107116	0.0676967	-0.000781303	0.051211	-0.0251323
0.555839	-0.107058	0.0676706	-0.00105713	0.0528381	-0.0253622
0.555837	-0.107007	0.0676433	-0.00110311	0.0525392	-0.0253544
0.555836	-0.106954	0.0676203	-0.000922985	0.0525561	-0.02447
0.555838	-0.106904	0.0676013	-0.00048509	0.0499387	-0.0232818
0.555839	-0.106854	0.067579	-0.000854696	0.0504826	-0.0247298
0.555835	-0.106796	0.0675531	-0.00270503	0.0508797	-0.0259904
0.555833	-0.106744	0.067528	-0.00192435	0.0512644	-0.0251067
0.555836	-0.10669	0.0675069	-0.00121872	0.0491929	-0.0244887
0.555834	-0.106634	0.0674813	-0.00180675	0.0494902	-0.0244583
0.555835	-0.106581	0.06746	-0.000637073	0.0495766	-0.0228969
0.555835	-0.106529	0.0674372	-0.000496501	0.0493234	-0.0220333
0.555834	-0.106476	0.0674119	-0.000649785	0.0519451	-0.0241395
0.555836	-0.106421	0.0673906	0.000970027	0.0548628	-0.0225158
0.555838	-0.10637	0.0673696	0.00126935	0.0522139	-0.0217547
0.555834	-0.106317	0.0673434	-0.0010171	0.0526456	-0.0243685
0.555834	-0.106263	0.0673202	-0.00152142	0.0520437	-0.0253499
0.555833	-0.106207	0.0672942	-0.000577847	0.0536042	-0.0248789
0.555834	-0.106161	0.0672735	-0.000999398	0.0496701	-0.0245138
0.555835	-0.106105	0.0672475	-0.000152283	0.0513381	-0.0243539
0.555835	-0.10605	0.0672255	-0.000802776	0.0521553	-0.0234339
0.555836	-0.105993	0.0672055	-8.69817e-05	0.0532795	-0.0218025
0.555841	-0.10593	0.0671846	0.00148843	0.0537392	-0.0202782
0.555837	-0.105875	0.0671554	-1.2234e-05	0.0554075	-0.0232889
0.555834	-0.105822	0.0671272	-0.00198282	0.053789	-0.0261848
0.555836	-0.105765	0.0671074	5.14878e-05	0.0541534	-0.0222905
0.555839	-0.105711	0.0670893	0.00135072	0.0553289	-0.0209475
0.555839	-0.10565	0.0670617	0.0004712	0.0571417	-0.0233795
0.55584	-0.105598	0.0670399	-0.000172795	0.0567297	-0.0245154
0.555843	-0.105537	0.0670186	0.00327194	0.0579064	-0.0230295
0.555843	-0.105481	0.066997	0.00267075	0.0587173	-0.0225959
0.555843	-0.105425	0.066974	0.00144724	0.0557141	-0.0223915
0.555841	-0.105366	0.0669476	0.00119725	0.0570066	-0.0223604
0.555842	-0.105309	0.0669245	0.00223257	0.0586076	-0.0213299
0.555845	-0.10525	0.0669043	0.00236509	0.0563687	-0.0197158
0.555843	-0.105192	0.0668789	0.000847543	0.0552134	-0.0210193
0.555847	-0.105131	0.0668609	0.00162962	0.0576242	-0.0212856
0.555846	-0.105076	0.0668336	0.000610686	0.0574625	-0.023721
0.555844	-0.105013	0.0668082	-0.00145623	0.0575337	-0.0259318
0.555847	-0.104959	0.0667892	-0.000177362	0.0571696	-0.0242741
0.555849	-0.1049	0.0667681	0.00149462	0.058194	-0.021863
0.55585	-0.104843	0.0667449	0.000906395	0.0563626	-0.0221595
0.55585	-0.104785	0.0667236	0.000384206	0.0583358	-0.0227163
0.555849	-0.104723	0.0666966	-0.000237648	0.0593446	-0.0246538
0.555847	-0.10467	0.0666722	-0.000227831	0.0590698	-0.0246535
0.555848	-0.104616	0.0666517	0.000332953	0.0587029	-0.0235724
0.555852	-0.104552	0.0666302	0.00242976	0.0616028	-0.0216293
0.555856	-0.104491	0.066611	0.00207438	0.0599796	-0.0213569
0.555853	-0.104435	0.0665835	0.000863571	0.0587554	-0.0225363
0.555858	-0.104372	0.0665665	0.00187588	0.0595785	-0.0213688
0.555859	-0.104313	0.0665441	0.00233688	0.0601622	-0.0204815
0.55586	-0.104254	0.0665213	0.00215283	0.0624267	-0.0216065
0.555862	-0.104197	0.0664993	0.00187199	0.0617461	-0.0223761
0.555866	-0.104136	0.0664799	0.00363887	0.0647567	-0.0201861
0.555863	-0.104083	0.0664537	0.00172701	0.0603293	-0.0208467
0.555864	-0.104021	0.066432	0.00161999	0.0608107	-0.0213531
0.555867	-0.103964	0.0664114	0.00158281	0.060458	-0.0219845
0.555868	-0.103907	0.0663897	0.00199913	0.0594342	-0.0205811
0.555873	-0.103842	0.0663689	0.00276781	0.0626372	-0.0214012
0.55587	-0.103787	0.0663449	0.00150433	0.0609402	-0.0217678
0.555872	-0.103726	0.0663237	0.00156408	0.0597438	-0.0211801
0.555879	-0.103663	0.0663068	0.00287068	0.0585669	-0.0198897
0.555879	-0.1036	0.0662828	0.000958295	0.0592027	-0.0223157
0.555881	-0.10354	0.0662649	0.00132006	0.05942	-0.0215612
0.555882	-0.10348	0.0662407	0.000629915	0.0600394	-0.0232608
0.555882	-0.103428	0.0662219	0.000642019	0.0570738	-0.0214886
0.555886	-0.103359	0.066201	0.00169914	0.0597424	-0.0205304
0.555884	-0.1033	0.0661748	-0.000259612	0.0584553	-0.0234792
0.555889	-0.103236	0.0661571	0.00167928	0.0600777	-0.0210351
0.55589	-0.103179	0.0661359	0.000968822	0.0597886	-0.0222138
0.555888	-0.10312	0.0661122	0.000324575	0.0599842	-0.0224216
0.555894	-0.103056	0.0660957	0.00279528	0.0621529	-0.0198125
0.555891	-0.103004	0.0660687	0.00136253	0.0580696	-0.0210787
0.555896	-0.10294	0.0660524	0.00205639	0.0607044	-0.0204384
0.555899	-0.102877	0.066034	0.00314651	0.0615344	-0.0183803
0.555898	-0.102819	0.066007	0.000831846	0.0593904	-0.0224108
0.555898	-0.102757	0.0659877	0.00119671	0.0592894	-0.0203095
0.555901	-0.102697	0.0659635	0.00107651	0.0598997	-0.0223526
0.555902	-0.102638	0.0659448	0.00065832	0.0592814	-0.0221691
0.555906	-0.102579	0.0659272	0.0019946	0.0601597	-0.0203842
0.555906	-0.102519	0.0659021	0.00136295	0.0609205	-0.0225188
0.555907	-0.102456	0.0658811	0.000627116	0.0607907	-0.023
0.555908	-0.102401	0.0658616	0.00103495	0.0593695	-0.0210226
0.55591	-0.10234	0.0658394	0.00165324	0.0603006	-0.0209972
0.555907	-0.102282	0.0658133	0.000610423	0.0614789	-0.0221837
0.55591	-0.102221	0.0657933	0.000975384	0.0617773	-0.0224214
0.555915	-0.102164	0.0657768	0.00228695	0.0604581	-0.0204534
0.555916	-0.102105	0.0657579	0.00278056	0.0662902	-0.0206418
0.555918	-0.102041	0.0657345	0.00173123	0.0645518	-0.0227702
0.555919	-0.10198	0.0657169	0.00164248	0.0627166	-0.0207169
0.555919	-0.10192	0.0656915	0.00113389	0.0623069	-0.0218334
0.555917	-0.101864	0.0656686	0.00142082	0.0600988	-0.0199354
0.555924	-0.101798	0.0656559	0.00274318	0.0607459	-0.0183321
0.555923	-0.101741	0.0656329	-0.00020229	0.0605935	-0.0217574
0.555923	-0.101684	0.0656129	9.46602e-05	0.05832	-0.0203982
0.555924	-0.101619	0.06559	-0.000275971	0.0589929	-0.0220669
0.555923	-0.101564	0.0655676	-0.000276619	0.0570293	-0.0218608
0.555926	-0.1015	0.0655494	-6.77671e-05	0.0581807	-0.0216146
0.555928	-0.101444	0.065529	0.000770516	0.0581407	-0.0210099
0.555929	-0.101385	0.0655105	0.00122629	0.0569939	-0.0196901
0.555928	-0.101323	0.0654867	0.0012733	0.0606086	-0.0204638
0.555933	-0.101258	0.0654697	0.00173735	0.0616376	-0.0207517
0.555934	-0.101193	0.0654467	0.00222461	0.063624	-0.0209751
0.555931	-0.101137	0.0654216	0.000130316	0.0608469	-0.0233371
0.555933	-0.101075	0.0654038	0.00144847	0.0615333	-0.0198131
0.555936	-0.101015	0.0653858	0.00257426	0.0603243	-0.0185509
0.555937	-0.100956	0.065368	0.00251068	0.0591053	-0.0174626
0.555936	-0.100899	0.0653442	0.00143686	0.0580443	-0.0200446
0.555939	-0.100839	0.0653285	0.00198235	0.0587801	-0.0191402
0.555937	-0.100779	0.0653043	0.000635995	0.0587817	-0.0218101
0.555936	-0.100718	0.0652824	0.000445599	0.058025	-0.0212542
0.555937	-0.100665	0.0652633	0.00145467	0.0573063	-0.020141
0.555936	-0.100605	0.0652409	-0.00114555	0.0578472	-0.0228415
0.555935	-0.10055	0.0652195	-0.00177914	0.0570829	-0.022474
0.555934	-0.100494	0.0651979	-0.00302201	0.0564494	-0.0230023
0.555935	-0.100433	0.0651771	-0.0017884	0.0572033	-0.0232094
0.555938	-0.100371	0.0651577	-0.00015319	0.0588732	-0.0217157
0.555937	-0.100315	0.0651395	0.000232729	0.0584042	-0.0204633
0.555935	-0.100257	0.0651173	0.000239915	0.0587543	-0.0203493
0.555935	-0.100196	0.0650955	-0.00142093	0.0595251	-0.0226918
0.555938	-0.100132	0.0650788	0.000678519	0.0594264	-0.019762
0.555937	-0.10008	0.065059	0.00107673	0.0593443	-0.0193377
0.555936	-0.100016	0.0650377	-0.00147409	0.0593737	-0.0216561
0.555936	-0.0999546	0.0650162	-0.000975343	0.0598596	-0.0227274
0.555937	-0.0998968	0.0649964	0.00100933	0.0594364	-0.019619
0.555937	-0.0998385	0.0649748	-0.000280551	0.0582817	-0.0206214
0.555939	-0.0997799	0.0649577	-0.000301436	0.0615721	-0.0210577
0.555941	-0.0997231	0.0649424	0.000760483	0.059579	-0.0189345
0.555937	-0.099657	0.0649154	-0.000526945	0.0621263	-0.0213729
0.555942	-0.0996006	0.0649	0.00145022	0.0606368	-0.0195138
0.555947	-0.0995296	0.064887	0.003193	0.0654264	-0.0171816
0.555946	-0.0994743	0.0648635	0.00258898	0.0641427	-0.018921
0.555948	-0.0994086	0.0648459	0.00195462	0.065186	-0.0201871
0.555947	-0.0993507	0.0648265	0.00152407	0.0634533	-0.0186768
0.555952	-0.0992843	0.0648117	0.00148561	0.0635524	-0.0182591
0.555953	-0.0992295	0.0647946	0.00144749	0.0608865	-0.0176786
0.555955	-0.0991607	0.0647723	0.00253623	0.0634694	-0.0177322
0.555957	-0.0991053	0.0647569	0.00276488	0.0564216	-0.014826
0.555959	-0.0990418	0.0647387	0.0025292	0.0576179	-0.0156166
0.55596	-0.0989876	0.0647229	0.000888028	0.0557224	-0.0167136
0.555962	-0.0989268	0.0647048	0.00079402	0.0557427	-0.0177051
0.555966	-0.0988682	0.0646901	0.00207379	0.0551172	-0.0154454
0.555968	-0.0988039	0.064671	0.00230906	0.0578917	-0.0169569
0.555971	-0.0987407	0.0646567	0.00328844	0.0593002	-0.0148235
0.555973	-0.0986811	0.0646384	0.00254725	0.0586437	-0.0164556
0.555976	-0.0986246	0.0646222	0.00275316	0.058533	-0.0168618
0.555978	-0.0985609	0.0646064	0.00135205	0.0615816	-0.0180906
0.555979	-0.0985079	0.064589	8.80948e-05	0.0579887	-0.0199627
0.555984	-0.0984414	0.0645766	0.00241852	0.0596665	-0.0163679
0.555986	-0.0983825	0.0645567	0.00249453	0.0602028	-0.0180491
0.555988	-0.098326	0.0645424	0.000553447	0.057671	-0.0184467
0.555991	-0.0982632	0.06453	0.00161392	0.0595785	-0.0157766
0.555995	-0.0982051	0.0645112	0.00241248	0.0588223	-0.0173112
0.555999	-0.0981494	0.0644982	0.00278681	0.0579833	-0.0166838
0.556	-0.0980942	0.0644841	0.00206315	0.0572215	-0.0165738
0.556001	-0.0980331	0.0644647	0.000542073	0.0604006	-0.0191471
0.556007	-0.0979725	0.0644521	0.00190869	0.0594698	-0.0178552
0.556009	-0.0979136	0.0644363	0.0015284	0.0587181	-0.0179941
0.55601	-0.0978528	0.0644198	0.00196464	0.0570316	-0.0161358
0.556015	-0.0977889	0.0644044	0.00316697	0.0591206	-0.0154978
0.556021	-0.0977319	0.0643904	0.00412624	0.0579469	-0.0143948
0.556023	-0.0976743	0.0643765	0.00387157	0.0581293	-0.0135209
0.556027	-0.097618	0.0643639	0.00466393	0.0574794	-0.01242
0.55603	-0.0975513	0.0643458	0.00435003	0.0612652	-0.0136752
0.556031	-0.0974893	0.0643289	0.00266345	0.0589374	-0.0153031
0.556038	-0.0974296	0.0643181	0.0032195	0.0584357	-0.0152157
0.556043	-0.0973759	0.0643081	0.00480336	0.0571983	-0.0121167
0.556047	-0.0973164	0.0642936	0.0050223	0.0594327	-0.0122659
0.556052	-0.0972595	0.06428	0.00502808	0.0583641	-0.0124753
0.556057	-0.0971925	0.0642657	0.00530521	0.0607776	-0.0125251
0.556058	-0.0971381	0.0642513	0.00455393	0.0593572	-0.0122552
0.556064	-0.0970745	0.0642373	0.00537244	0.0614303	-0.0127195
0.556067	-0.0970153	0.0642245	0.00458398	0.0596481	-0.0122904
0.556074	-0.096956	0.0642173	0.00552499	0.0590979	-0.0103571
0.556079	-0.0968943	0.0642046	0.00548352	0.0605267	-0.0110473
0.556086	-0.0968307	0.0641913	0.0062462	0.0628492	-0.0116854
0.556088	-0.0967762	0.0641776	0.00511454	0.0605372	-0.0121824
0.556094	-0.0967116	0.0641669	0.00642163	0.0625028	-0.0102024
0.5561	-0.0966574	0.0641583	0.00623343	0.0608564	-0.0100395
0.556101	-0.0965959	0.0641405	0.00412904	0.0587069	-0.0137096
0.556109	-0.0965368	0.0641323	0.005579	0.0596926	-0.0121401
0.556111	-0.0964798	0.0641185	0.00356266	0.0585141	-0.0142722
0.556115	-0.0964203	0.0641056	0.0043854	0.0570783	-0.0121563
0.556121	-0.0963662	0.0640967	0.00495277	0.0563495	-0.0114185
0.556126	-0.0963055	0.0640837	0.00532805	0.0582752	-0.0117465
0.556128	-0.0962431	0.0640694	0.00431081	0.0591616	-0.0126215
0.556134	-0.0961833	0.0640593	0.00471379	0.0585222	-0.0117294
0.556139	-0.0961262	0.0640477	0.00575476	0.0579942	-0.0101365
0.556141	-0.0960657	0.0640332	0.00480847	0.05907	-0.0110871
0.556146	-0.0960065	0.0640194	0.00312013	0.0573448	-0.0128986
0.556152	-0.095941	0.0640084	0.00448835	0.0598666	-0.012091
0.556158	-0.0958873	0.0640009	0.00544312	0.058135	-0.00975027
0.556162	-0.0958274	0.0639865	0.00435209	0.0575801	-0.0126089
0.55617	-0.0957652	0.0639778	0.0054057	0.0591878	-0.0113982
0.556169	-0.0957077	0.0639594	0.00341392	0.0594396	-0.0136615
0.556175	-0.0956501	0.0639499	0.00454943	0.0591548	-0.0121288
0.556181	-0.0955963	0.0639391	0.00525492	0.0580157	-0.0115469
0.556183	-0.0955382	0.0639261	0.00274373	0.0566016	-0.0131299
0.556185	-0.095481	0.0639121	0.00303239	0.0578158	-0.0129358
0.556192	-0.0954162	0.0639021	0.0042645	0.060909	-0.0120523
0.556194	-0.0953551	0.0638858	0.00329221	0.0603634	-0.0136468
0.5562	-0.0952993	0.0638766	0.0041121	0.057193	-0.0120181
0.556204	-0.0952399	0.0638632	0.00230203	0.0572294	-0.013694
0.556207	-0.0951807	0.0638495	0.00246529	0.0579213	-0.0137012
0.556218	-0.0951201	0.0638442	0.0046826	0.0567226	-0.0111569
0.556219	-0.0950606	0.0638288	0.00321941	0.0573951	-0.0130585
0.556221	-0.0950021	0.0638159	0.00321526	0.0587049	-0.0132456
0.556227	-0.0949379	0.0638058	0.00404454	0.0610786	-0.0128843
0.556232	-0.0948785	0.0637934	0.00434387	0.0605997	-0.0129101
0.556234	-0.0948243	0.0637819	0.00400145	0.060751	-0.0126139
0.556241	-0.0947636	0.0637745	0.00472541	0.05858	-0.0112784
0.556246	-0.094703	0.0637622	0.00602938	0.0610008	-0.0101853
0.556249	-0.0946503	0.0637528	0.00535931	0.0580078	-0.00972952
0.556252	-0.0945855	0.0637384	0.00449805	0.0582489	-0.0111734
0.556256	-0.0945225	0.0637242	0.00514322	0.0616957	-0.0118637
0.556261	-0.0944587	0.0637159	0.00533729	0.0610286	-0.0106596
0.556265	-0.0943986	0.0637031	0.00505333	0.0609898	-0.0119981
0.556266	-0.0943365	0.0636887	0.00516175	0.062909	-0.0111554
0.556271	-0.0942795	0.0636795	0.00473645	0.0601985	-0.00993049
0.556273	-0.0942169	0.0636651	0.00307993	0.0612602	-0.0121121
0.556276	-0.0941616	0.0636554	0.00244261	0.0600638	-0.0119927
0.556277	-0.0940988	0.063642	0.00262126	0.060487	-0.0123564
0.556281	-0.0940413	0.0636285	0.00212453	0.05781	-0.0131566
0.556281	-0.0939846	0.0636158	0.000387486	0.0559182	-0.0136466
0.556287	-0.0939277	0.0636075	0.00285585	0.0568776	-0.0115703
0.556288	-0.0938692	0.063594	0.000597767	0.055169	-0.0142215
0.556288	-0.0938141	0.0635802	-0.000421849	0.0554397	-0.0147268
0.556291	-0.0937528	0.0635664	0.00150598	0.0587002	-0.0139578
0.556293	-0.0936972	0.0635556	0.00102773	0.0572853	-0.0135313
0.556293	-0.093635	0.0635379	0.00032633	0.0602593	-0.0153365
0.556296	-0.0935778	0.0635256	0.000594372	0.0583299	-0.0139513
0.556297	-0.0935219	0.0635133	0.00181464	0.0566871	-0.0127293
0.556296	-0.0934632	0.0634981	0.00213387	0.0565813	-0.0117478
0.556301	-0.0934093	0.0634872	0.00358882	0.0548803	-0.0110412
0.5563	-0.0933522	0.0634738	0.00358376	0.0565447	-0.00999639
0.556299	-0.0932966	0.0634596	0.00309051	0.0569616	-0.0112749
0.556304	-0.0932334	0.0634479	0.00295003	0.0577002	-0.0117606
0.556301	-0.0931788	0.0634319	-0.000271678	0.0542592	-0.0138533
0.556305	-0.0931274	0.0634241	0.000394491	0.0539216	-0.0126313
0.556303	-0.0930698	0.0634074	-0.000844946	0.055931	-0.0146272
0.556301	-0.0930143	0.063392	-0.00192306	0.0567821	-0.0157207
0.556304	-0.0929544	0.063379	-0.000830307	0.0576031	-0.0150818
0.556305	-0.0929023	0.0633668	0.000118166	0.0563998	-0.0128896
0.556306	-0.0928437	0.0633538	-7.14557e-05	0.0569954	-0.0132905
0.556306	-0.092783	0.063342	-0.000861837	0.0573016	-0.0122124
0.556305	-0.0927272	0.0633249	-0.00171156	0.0574543	-0.0142656
0.556308	-0.0926717	0.0633148	-0.000376126	0.0573107	-0.0132179
0.556308	-0.0926102	0.0633009	-0.000473427	0.0599676	-0.0134916
0.556303	-0.0925606	0.063284	-0.000736707	0.0569512	-0.0139047
0.556305	-0.0925005	0.0632716	0.000950922	0.0587314	-0.0131079
0.556307	-0.0924441	0.0632597	0.00114237	0.0582803	-0.0132182
0.55631	-0.0923812	0.0632488	0.00143467	0.0595608	-0.0129309
0.55631	-0.0923289	0.0632348	0.000891617	0.0573383	-0.0123962
0.556311	-0.0922723	0.0632225	0.000306706	0.0557727	-0.0129314
0.556311	-0.0922162	0.063208	9.03786e-05	0.0562362	-0.014918
0.556309	-0.0921607	0.063193	-0.000201489	0.0573902	-0.0144662
0.556308	-0.0921042	0.0631785	-0.00120174	0.0575769	-0.0155332
0.556309	-0.0920468	0.0631656	-0.00111019	0.0573567	-0.0150808
0.556309	-0.091989	0.0631534	-0.000473259	0.0590132	-0.0134592
0.556308	-0.0919322	0.063139	-0.00115533	0.0580541	-0.0145026
0.55631	-0.0918747	0.0631253	-0.000925605	0.059905	-0.015904
0.556307	-0.0918173	0.0631118	-0.00214431	0.0601935	-0.0161897
0.556307	-0.0917692	0.0630997	-0.00257123	0.0549626	-0.014408
0.556306	-0.0917102	0.0630836	-0.00173652	0.0559678	-0.0138112
0.556305	-0.0916491	0.0630683	-0.00229427	0.0561611	-0.0147758
0.556305	-0.091599	0.0630559	-0.00247396	0.0524756	-0.0155954
0.556303	-0.0915454	0.0630422	-0.00229963	0.0541363	-0.015112
0.556302	-0.0914836	0.063027	-0.00197939	0.0562761	-0.0153953
0.5563	-0.091439	0.0630154	-0.00148301	0.0523133	-0.0126664
0.556298	-0.0913839	0.0629989	-0.00174656	0.0528039	-0.0141844
0.556298	-0.0913242	0.0629834	-0.000249359	0.0562484	-0.0129809
0.556297	-0.0912745	0.0629712	-0.000962924	0.054284	-0.0129919
0.556294	-0.0912206	0.0629551	-0.00136734	0.0546305	-0.0139414
0.556292	-0.0911673	0.0629369	-0.0030563	0.0551431	-0.016226
0.55629	-0.091109	0.062921	-0.00309018	0.0554759	-0.0162231
0.55629	-0.0910533	0.0629075	-0.00189645	0.0553326	-0.0147506
0.556288	-0.0910036	0.0628938	-0.00199779	0.0535094	-0.014439
0.556284	-0.0909501	0.0628752	-0.00311766	0.0528756	-0.0158804
0.556284	-0.0909009	0.0628618	-0.000816797	0.0531408	-0.0140392
0.556281	-0.0908447	0.0628452	-0.00140896	0.0542403	-0.014382
0.556278	-0.0907938	0.0628291	-0.0019841	0.0520951	-0.0147668
0.556274	-0.0907401	0.062809	-0.00184808	0.0528974	-0.014534
0.556272	-0.0906875	0.0627924	-0.00312522	0.0518679	-0.0166829
0.556271	-0.0906348	0.0627801	-0.00287734	0.0520519	-0.016336
0.556268	-0.0905851	0.0627653	-0.000910185	0.0500114	-0.014407
0.556266	-0.0905325	0.0627481	-0.00260432	0.0500298	-0.015757
0.556264	-0.0904801	0.0627326	-0.00331927	0.0504853	-0.0169939
0.556259	-0.0904282	0.0627142	-0.00230791	0.0506616	-0.0161967
0.556258	-0.0903756	0.062699	-0.000850356	0.051606	-0.0157779
0.556252	-0.0903229	0.0626785	-0.00185221	0.0526641	-0.0166276
0.556248	-0.0902673	0.0626611	-0.00260345	0.0523424	-0.017388
0.556245	-0.0902107	0.0626442	-0.00277234	0.0538723	-0.0177895
0.556244	-0.0901646	0.0626298	-0.00296761	0.0509729	-0.0157307
0.556239	-0.090114	0.062611	-0.00313028	0.0503001	-0.015808
0.556234	-0.0900581	0.0625897	-0.00380982	0.0535104	-0.018291
0.55623	-0.0900093	0.0625734	-0.00311614	0.0527781	-0.0166397
0.556226	-0.0899554	0.0625555	-0.00303315	0.053774	-0.0161527
0.556221	-0.0899038	0.0625353	-0.00337317	0.0540358	-0.0171686
0.556222	-0.0898499	0.062523	-0.00150922	0.0498801	-0.0132631
0.556216	-0.0898003	0.0625029	-0.00250671	0.0494174	-0.0147187
0.556212	-0.0897478	0.0624865	-0.00319655	0.049673	-0.0154312
0.556206	-0.0896989	0.0624665	-0.00391585	0.0485579	-0.0160934
0.556198	-0.089647	0.0624421	-0.00548819	0.0491992	-0.0191574
0.556196	-0.0895945	0.0624256	-0.00333328	0.0514382	-0.0184456
0.556191	-0.0895437	0.0624065	-0.00428655	0.0503215	-0.0190529
0.556187	-0.0894888	0.0623894	-0.00380608	0.0521517	-0.0186519
0.556183	-0.0894355	0.0623678	-0.00315012	0.0520599	-0.0183264
0.55618	-0.08939	0.0623512	-0.00376455	0.0513053	-0.0198455
0.556173	-0.0893323	0.062331	-0.00569051	0.051852	-0.01999
0.556166	-0.0892886	0.0623099	-0.00555253	0.0501555	-0.0190975
0.556161	-0.0892362	0.0622908	-0.00586327	0.0512292	-0.0185966
0.556157	-0.0891887	0.0622727	-0.00514985	0.0502089	-0.0183574
0.556149	-0.0891346	0.0622483	-0.00612579	0.0515498	-0.0205566
0.556143	-0.0890892	0.0622299	-0.00725591	0.049311	-0.0206713
0.55614	-0.0890352	0.062212	-0.00688992	0.0498729	-0.0194452
0.556131	-0.0889876	0.0621867	-0.00874939	0.0496968	-0.0222302
0.556124	-0.0889414	0.0621653	-0.00912869	0.0520987	-0.0236067
0.556117	-0.0888937	0.0621428	-0.00872765	0.0508349	-0.0235446
0.55611	-0.088843	0.0621216	-0.00959768	0.0494493	-0.0238863
0.556105	-0.0887947	0.0621036	-0.0106565	0.0488565	-0.0244391
0.556095	-0.0887493	0.0620776	-0.0106479	0.0475363	-0.0251724
0.556092	-0.0886927	0.0620596	-0.00758475	0.0504777	-0.0216259
0.55608	-0.0886486	0.0620342	-0.00812599	0.0499236	-0.0222271
0.556073	-0.0885972	0.062009	-0.00669705	0.0505987	-0.0211922
0.556069	-0.0885466	0.0619901	-0.0053386	0.050614	-0.0195042
0.556062	-0.0884929	0.0619646	-0.00550026	0.0523001	-0.021161
0.556055	-0.0884471	0.0619449	-0.00549901	0.0493819	-0.0200915
0.556045	-0.0884009	0.0619205	-0.00600001	0.0496174	-0.0206759
0.556038	-0.0883455	0.0618934	-0.0065679	0.0520963	-0.023556
0.556031	-0.088303	0.0618734	-0.00644968	0.048574	-0.0222065
0.556025	-0.0882564	0.0618516	-0.00736359	0.0473725	-0.0221489
0.556015	-0.088202	0.0618255	-0.00799819	0.0509381	-0.0230995
0.556009	-0.0881514	0.0618012	-0.00873709	0.052619	-0.0251738
0.556002	-0.0881083	0.0617795	-0.00812868	0.0514183	-0.0239738
0.555997	-0.0880571	0.0617575	-0.00656706	0.0526917	-0.0224075
0.555989	-0.0880097	0.0617344	-0.0058851	0.0515603	-0.0227713
0.555983	-0.0879576	0.0617112	-0.0050229	0.0529132	-0.0231424
0.555973	-0.08791	0.0616852	-0.00537144	0.050856	-0.0226143
0.555967	-0.0878606	0.0616625	-0.00540081	0.0501519	-0.0219405
0.555959	-0.0878131	0.0616368	-0.00612147	0.049401	-0.0233647
0.555952	-0.0877645	0.0616127	-0.00615634	0.0493149	-0.0230193
0.555946	-0.0877136	0.0615885	-0.00513506	0.0500961	-0.0212832
0.555936	-0.0876755	0.0615658	-0.00582574	0.0454319	-0.0220043
0.55593	-0.0876266	0.0615406	-0.00691564	0.0467003	-0.0225897
0.555923	-0.0875741	0.0615142	-0.00670525	0.0492096	-0.0234051
0.555914	-0.0875326	0.0614888	-0.00834057	0.0454194	-0.0244767
0.555909	-0.0874867	0.0614672	-0.00805951	0.0447814	-0.0242965
0.5559	-0.0874392	0.0614412	-0.00806992	0.0451184	-0.0237923
0.555889	-0.0873963	0.061411	-0.00738198	0.0466027	-0.0241971
0.555882	-0.0873551	0.0613873	-0.00734733	0.0446649	-0.0243702
0.555877	-0.0873117	0.0613683	-0.00709906	0.0441495	-0.0230552
0.555869	-0.0872666	0.0613425	-0.00844456	0.0439163	-0.0248006
0.55586	-0.0872176	0.0613128	-0.0100866	0.0454041	-0.0284681
0.555855	-0.0871723	0.0612904	-0.00880012	0.0480967	-0.027832
0.55585	-0.0871246	0.0612664	-0.0078544	0.0484916	-0.0281278
0.555841	-0.0870775	0.0612367	-0.00892274	0.0468054	-0.0289399
0.555833	-0.0870337	0.0612126	-0.00953957	0.0452178	-0.0281612
0.555827	-0.086987	0.0611861	-0.00810477	0.0461715	-0.0274101
0.555816	-0.0869353	0.0611549	-0.00856233	0.0487491	-0.0275855
0.555812	-0.0868893	0.0611311	-0.00821318	0.0484109	-0.0271648
0.555808	-0.0868428	0.0611102	-0.00671979	0.0466026	-0.024943
0.555799	-0.0867971	0.0610789	-0.00859851	0.0466515	-0.0272624
0.555794	-0.0867471	0.0610528	-0.0069425	0.0477873	-0.0264047
0.555784	-0.0867074	0.0610253	-0.00745853	0.0454508	-0.0264162
0.555783	-0.0866596	0.061004	-0.00520758	0.045955	-0.0244085
0.555777	-0.0866073	0.0609762	-0.00544143	0.0478866	-0.025913
0.555769	-0.0865655	0.0609498	-0.00562983	0.0467741	-0.0255813
0.555761	-0.0865233	0.0609215	-0.00624009	0.0435739	-0.0262844
0.555756	-0.0864798	0.0608971	-0.00544046	0.0442601	-0.0251579
0.55575	-0.0864291	0.0608716	-0.00535869	0.0448862	-0.0248996
0.555745	-0.0863832	0.0608455	-0.0048149	0.0447262	-0.0247817
0.555739	-0.0863359	0.0608159	-0.00502397	0.0465554	-0.0257348
0.555734	-0.0862902	0.0607915	-0.0042436	0.0468197	-0.0242369
0.55573	-0.0862436	0.0607655	-0.00444615	0.0472858	-0.0255354
0.555726	-0.0861959	0.0607396	-0.00504667	0.0464438	-0.0267596
0.555723	-0.086152	0.0607183	-0.0043688	0.0446068	-0.0245035
0.555713	-0.0861074	0.060685	-0.0058354	0.0452382	-0.0268796
0.555713	-0.0860612	0.0606648	-0.00482622	0.044559	-0.0259048
0.555705	-0.0860224	0.0606376	-0.00587951	0.04322	-0.0260209
0.5557	-0.0859677	0.0606088	-0.00516871	0.0487709	-0.0264855
0.555697	-0.0859204	0.060585	-0.00397803	0.0494253	-0.0255233
0.555692	-0.0858811	0.0605596	-0.00475586	0.0451357	-0.0254091
0.555686	-0.0858332	0.0605316	-0.00514412	0.0455836	-0.026147
0.555684	-0.0857915	0.0605093	-0.00474551	0.0449422	-0.0261866
0.555676	-0.0857467	0.0604797	-0.00548049	0.045329	-0.0266553
0.555672	-0.0857008	0.0604555	-0.00572858	0.0444519	-0.0268674
0.555668	-0.0856549	0.0604313	-0.00394356	0.0459147	-0.0235468
0.55566	-0.0856118	0.0604003	-0.00554185	0.0454968	-0.0266339
0.555656	-0.0855654	0.0603754	-0.00489749	0.0451578	-0.025315
0.555654	-0.0855152	0.0603512	-0.0034228	0.0504003	-0.0245161
0.555649	-0.0854697	0.0603244	-0.00326049	0.0498596	-0.0242688
0.555643	-0.085426	0.0602986	-0.00334158	0.0467803	-0.023171
0.555635	-0.0853812	0.0602665	-0.00510924	0.0452041	-0.0260731
0.555629	-0.085336	0.0602379	-0.00602024	0.0443016	-0.0275999
0.555622	-0.0852903	0.0602084	-0.00626947	0.0434694	-0.0270571
0.555618	-0.0852434	0.0601823	-0.0057213	0.0450042	-0.0271476
0.555617	-0.0851969	0.0601595	-0.004848	0.043255	-0.0258957
0.555606	-0.0851538	0.0601262	-0.00675103	0.0445187	-0.0286192
0.555598	-0.0851077	0.0600953	-0.00685418	0.0442363	-0.0282068
0.555595	-0.0850637	0.0600703	-0.00514093	0.0456971	-0.0259942
0.555589	-0.0850227	0.0600412	-0.00560072	0.0436301	-0.0274465
0.555582	-0.0849806	0.0600119	-0.00564685	0.0443008	-0.0266847
0.555575	-0.0849303	0.0599827	-0.00586029	0.0470272	-0.0274446
0.555571	-0.0848879	0.0599557	-0.00373003	0.0465889	-0.025536
0.555566	-0.0848447	0.059928	-0.00424459	0.0443206	-0.0259543
0.555558	-0.0847969	0.0598964	-0.0042061	0.0470025	-0.0273905
0.555552	-0.0847506	0.0598693	-0.00398672	0.0456371	-0.0257987
0.555548	-0.0847025	0.0598425	-0.00311616	0.0470404	-0.0244949
0.555539	-0.0846589	0.0598113	-0.00453106	0.0451044	-0.0255149
0.555535	-0.084614	0.0597862	-0.00489282	0.0453392	-0.026074
0.55553	-0.0845697	0.0597587	-0.00559704	0.0455071	-0.0273341
0.555524	-0.0845269	0.0597303	-0.00641605	0.0438098	-0.0283773
0.55552	-0.0844797	0.0597049	-0.00641877	0.0435336	-0.0280886
0.555515	-0.0844337	0.059676	-0.00553726	0.0449212	-0.0273809
0.555508	-0.084387	0.0596453	-0.00714153	0.0437342	-0.0293509
0.555506	-0.0843415	0.0596236	-0.0043777	0.0461248	-0.0255346
0.555499	-0.0843039	0.0595941	-0.00587661	0.0422059	-0.0265479
0.55549	-0.0842572	0.059562	-0.00700672	0.0442262	-0.0287444
0.555486	-0.0842155	0.0595365	-0.00693396	0.0440173	-0.0286704
0.555481	-0.0841689	0.0595066	-0.00647069	0.0435147	-0.0282561
0.555475	-0.0841309	0.0594818	-0.0066052	0.0435177	-0.0278532
0.55547	-0.0840797	0.0594504	-0.0062003	0.04607	-0.0284431
0.555463	-0.0840338	0.0594225	-0.00722698	0.045732	-0.0291854
0.555459	-0.0839937	0.0593989	-0.00684896	0.0441049	-0.028114
0.555452	-0.0839459	0.0593712	-0.0067931	0.0441614	-0.0275991
0.555447	-0.0839017	0.0593415	-0.00589135	0.0447627	-0.0269739
0.555444	-0.0838554	0.0593169	-0.00627823	0.0456382	-0.0285994
0.555439	-0.0838132	0.0592888	-0.00522882	0.0432342	-0.0280054
0.555434	-0.0837699	0.0592644	-0.00511691	0.0437422	-0.0270941
0.555427	-0.0837263	0.0592335	-0.00552761	0.0446085	-0.0276768
0.555424	-0.0836808	0.0592095	-0.00536315	0.0445795	-0.0275941
0.555418	-0.083633	0.0591789	-0.00553296	0.0477673	-0.0303153
0.55541	-0.0835965	0.0591524	-0.00721438	0.0448887	-0.0307327
0.55541	-0.0835498	0.0591276	-0.00596689	0.0448827	-0.0297586
0.555403	-0.0835051	0.0590988	-0.00680291	0.0450868	-0.0301988
0.555399	-0.0834599	0.0590754	-0.00476202	0.0460584	-0.0279553
0.555395	-0.0834168	0.0590493	-0.00492241	0.0440568	-0.0269963
0.555388	-0.0833759	0.0590205	-0.00535684	0.0437392	-0.02706
0.555385	-0.0833218	0.0589925	-0.00338524	0.0478096	-0.0259639
0.55538	-0.0832782	0.0589666	-0.00280679	0.0466331	-0.0236906
0.555378	-0.0832308	0.0589413	-0.00193893	0.0471974	-0.0239418
0.555372	-0.0831888	0.0589132	-0.00287801	0.0454413	-0.0254886
0.55537	-0.0831429	0.0588884	-0.0019465	0.04654	-0.0257558
0.555363	-0.0830945	0.0588598	-0.0031921	0.0475663	-0.0256851
0.555363	-0.0830498	0.0588371	-0.00162215	0.0493892	-0.0248604
0.555358	-0.0829984	0.0588091	-0.00353068	0.0498411	-0.0268667
0.555355	-0.0829531	0.0587819	-0.00350762	0.0491262	-0.0262543
0.555353	-0.0829057	0.0587562	-0.00446972	0.0482648	-0.0272098
0.555345	-0.0828611	0.058726	-0.00442741	0.0458682	-0.0264982
0.555344	-0.082817	0.0587006	-0.00323279	0.044068	-0.0261648
0.555339	-0.0827721	0.0586725	-0.00274511	0.0432425	-0.0250717
0.555335	-0.082723	0.0586441	-0.00263688	0.0450051	-0.0259866
0.555334	-0.0826805	0.058623	-0.00167797	0.0442407	-0.0244012
0.55533	-0.082627	0.0585949	-0.00381836	0.0456977	-0.0269853
0.555324	-0.0825859	0.0585661	-0.00373857	0.0438327	-0.02705
0.555322	-0.0825344	0.0585431	-0.00456003	0.0451595	-0.0267275
0.555321	-0.0824843	0.0585147	-0.00296864	0.047198	-0.0272288
0.555318	-0.0824326	0.0584879	-0.00232322	0.0486254	-0.0272557
0.555315	-0.0823896	0.0584658	-0.00139455	0.0467249	-0.0242756
0.55531	-0.082342	0.0584373	-0.00344711	0.0474288	-0.0269477
0.555313	-0.0822929	0.0584161	-0.000828757	0.0478376	-0.0242718
0.555311	-0.0822417	0.0583925	-0.00249005	0.0484183	-0.0252612
0.555305	-0.0821958	0.0583636	-0.00305835	0.0476251	-0.026389
0.555304	-0.0821478	0.0583391	-0.00193295	0.0476101	-0.0254391
0.555301	-0.0821013	0.0583144	-0.00238466	0.0473141	-0.0260211
0.555301	-0.0820443	0.0582903	-0.00304197	0.0479099	-0.025507
0.555302	-0.0819993	0.0582704	-0.00207993	0.0465884	-0.0246311
0.555298	-0.0819489	0.058244	-0.00399633	0.0472697	-0.0267552
0.555299	-0.0819019	0.0582214	-0.0015275	0.046779	-0.0257164
0.555298	-0.0818522	0.0581986	-0.000597614	0.0487371	-0.0239145
0.555295	-0.0817998	0.0581717	-0.00180056	0.0509087	-0.0250207
0.555293	-0.0817546	0.0581469	-0.00358041	0.0491078	-0.0268266
0.555295	-0.0816984	0.0581213	-0.00246679	0.0504339	-0.0264272
0.555293	-0.0816492	0.0581006	-0.00344701	0.0493271	-0.0247331
0.555292	-0.0815967	0.0580763	-0.00246117	0.0493856	-0.0242607
0.55529	-0.0815446	0.0580517	-0.0016289	0.0497734	-0.0237943
0.555286	-0.0814959	0.0580247	-0.00186634	0.0501902	-0.0239039
0.555288	-0.0814414	0.058003	-0.000906394	0.0508258	-0.0225777
0.555289	-0.081389	0.0579792	0.000629423	0.0524245	-0.0219015
0.555288	-0.0813343	0.0579557	0.000173944	0.0540679	-0.0229507
0.555286	-0.0812856	0.0579305	-0.00151927	0.0515083	-0.0240843
0.555284	-0.0812337	0.057907	-0.00328858	0.0510799	-0.0256179
0.555285	-0.08119	0.0578869	-0.00137024	0.0492471	-0.0231528
0.555282	-0.0811381	0.0578601	-0.00221069	0.0498064	-0.0244374
0.555282	-0.0810877	0.0578371	-0.00219312	0.0496995	-0.023804
0.555277	-0.0810362	0.0578102	-0.00453484	0.0500319	-0.0263951
0.555278	-0.0809835	0.0577873	-0.00406111	0.0497517	-0.0255879
0.555279	-0.0809327	0.0577685	-0.00252429	0.0487483	-0.0231113
0.555277	-0.0808774	0.0577391	-0.0014718	0.0521751	-0.024635
0.555278	-0.0808265	0.0577187	0.000229126	0.0508874	-0.0226121
0.555277	-0.0807755	0.0576941	-0.00140535	0.048987	-0.0234762
0.555277	-0.0807231	0.0576738	-0.00194257	0.0495362	-0.023279
0.555274	-0.0806683	0.0576464	-0.00270741	0.0492086	-0.0245874
0.555273	-0.0806205	0.0576241	-0.0018435	0.0468263	-0.0232253
0.555277	-0.0805646	0.0576045	0.000812305	0.0495471	-0.0204775
0.555275	-0.0805132	0.0575818	0.000658712	0.0542109	-0.0218372
0.555278	-0.0804641	0.0575631	0.00214495	0.0529593	-0.020703
0.555275	-0.0804107	0.0575381	0.000546499	0.0518573	-0.0221152
0.555277	-0.0803624	0.057519	0.0014277	0.0509569	-0.0208034
0.555277	-0.0803123	0.0574967	0.00101939	0.0504854	-0.0214008
0.555276	-0.0802619	0.0574727	0.00128402	0.0516995	-0.0218701
0.555276	-0.0802108	0.0574527	0.000261703	0.0513839	-0.0217506
0.555277	-0.0801565	0.0574307	-0.000962101	0.0506736	-0.0224721
0.55528	-0.0801019	0.0574117	0.00127648	0.0520932	-0.0195366
0.555278	-0.0800487	0.0573885	0.000545531	0.0514077	-0.0206918
0.55528	-0.0799929	0.0573671	0.00161565	0.0535178	-0.0207707
0.555282	-0.0799422	0.0573499	0.000751793	0.0533735	-0.0206337
0.55528	-0.0798844	0.0573236	-0.00114442	0.0544404	-0.0232572
0.555284	-0.0798347	0.0573067	0.000802719	0.0521927	-0.0208455
0.555282	-0.0797842	0.0572848	-0.00131958	0.0521054	-0.0222083
0.555283	-0.0797239	0.0572617	-0.000521725	0.0548915	-0.0224161
0.555284	-0.0796732	0.0572408	-0.0012125	0.0524592	-0.0225273
0.555286	-0.0796189	0.05722	-0.000218423	0.0518503	-0.0218073
0.555283	-0.0795696	0.0571955	-0.000767078	0.0503107	-0.0224151
0.555288	-0.0795158	0.0571812	0.00140822	0.0517616	-0.0196605
0.555286	-0.079461	0.0571526	0.000586078	0.0533202	-0.0225588
0.555287	-0.0794092	0.0571329	0.000292788	0.0537243	-0.0214103
0.555288	-0.0793508	0.0571139	0.00130752	0.0553221	-0.0203977
0.555289	-0.0792976	0.0570904	0.00116086	0.0551879	-0.0214526
0.555292	-0.0792435	0.0570711	0.00190714	0.0532024	-0.0207361
0.555291	-0.0791872	0.0570469	-0.000950167	0.0516858	-0.0238852
0.55529	-0.0791278	0.0570242	9.70334e-05	0.0547298	-0.023131
0.555293	-0.0790728	0.057005	0.000941937	0.0531009	-0.0219888
0.555293	-0.0790215	0.0569835	0.000870428	0.0520817	-0.021772
0.555297	-0.0789622	0.0569647	0.00226219	0.0549884	-0.0203279
0.555296	-0.0789094	0.0569407	0.00146719	0.0540849	-0.0214651
0.555297	-0.078854	0.0569206	0.000694522	0.0549992	-0.0218238
0.555301	-0.0787972	0.0569024	-2.80748e-05	0.0542407	-0.0218296
0.555301	-0.0787411	0.0568809	-0.000605973	0.0553889	-0.021322
0.555302	-0.0786909	0.0568612	0.000434157	0.054869	-0.0209614
0.555306	-0.0786318	0.0568432	0.00127321	0.0565294	-0.0203878
0.555307	-0.0785787	0.0568209	0.00120765	0.0560695	-0.0213363
0.555309	-0.0785239	0.0568029	0.00214948	0.0565135	-0.0203267
0.555308	-0.0784674	0.0567811	0.00272218	0.0570604	-0.0188306
0.555311	-0.0784093	0.0567605	0.00287733	0.0575845	-0.019474
0.555315	-0.0783507	0.0567414	0.0039476	0.0564106	-0.0176508
0.555316	-0.0782975	0.0567219	0.00170942	0.0534286	-0.0190311
0.555319	-0.0782402	0.0567028	0.000611708	0.0530633	-0.0199706
0.555322	-0.0781854	0.0566847	0.00283859	0.0537935	-0.0176622
0.555323	-0.0781262	0.0566614	0.0024366	0.0563043	-0.0186271
0.555324	-0.0780727	0.0566435	0.00191	0.0578949	-0.0179038
0.555325	-0.0780125	0.0566223	0.00208501	0.0589996	-0.018701
0.555328	-0.0779582	0.0566022	0.00252022	0.0567483	-0.0190229
0.55533	-0.077902	0.0565847	0.00295632	0.0552901	-0.0181454
0.555332	-0.0778521	0.0565641	0.00189869	0.0534799	-0.0183393
0.555335	-0.0777918	0.0565469	0.00183984	0.0545529	-0.0185784
0.555338	-0.0777414	0.0565277	0.00306166	0.0544079	-0.0175456
0.555339	-0.0776846	0.0565078	0.00248888	0.0556289	-0.0177682
0.555344	-0.0776225	0.056489	0.0038072	0.0585995	-0.018177
0.555345	-0.0775627	0.0564685	0.00263745	0.0600023	-0.0180843
0.555348	-0.0775096	0.0564491	0.0013182	0.0566154	-0.0208843
0.555348	-0.0774586	0.0564305	0.00106799	0.0552301	-0.0204713
0.555353	-0.0773975	0.0564126	0.00278328	0.0573561	-0.0186555
0.555353	-0.0773434	0.0563928	0.00148282	0.0553067	-0.0197444
0.555356	-0.0772853	0.0563721	0.0022504	0.0558874	-0.0192282
0.55536	-0.0772251	0.0563548	0.00272454	0.0566943	-0.0191213
0.555361	-0.0771655	0.0563351	0.00250931	0.0572222	-0.0185151
0.555363	-0.077109	0.0563142	0.0026979	0.0570114	-0.0183275
0.555366	-0.0770551	0.0562982	0.00377609	0.0564654	-0.0163418
0.555368	-0.0769943	0.0562799	0.00301821	0.0574111	-0.0174758
0.555372	-0.0769417	0.0562626	0.00334793	0.0555666	-0.017754
0.555373	-0.076882	0.0562419	0.0021247	0.0561619	-0.019664
0.555377	-0.0768224	0.0562263	0.00350663	0.0571995	-0.0173381
0.555382	-0.0767652	0.0562078	0.00374634	0.0578289	-0.0183909
0.555382	-0.0767086	0.0561874	0.000784824	0.0561148	-0.0204371
0.555383	-0.0766482	0.0561665	0.0013762	0.058041	-0.0197941
0.555387	-0.0765859	0.0561494	0.000825793	0.058123	-0.0202078
0.555389	-0.0765338	0.0561331	0.00238599	0.0560969	-0.0172847
0.555393	-0.076479	0.0561159	0.00357933	0.056697	-0.0161667
0.555396	-0.0764198	0.0560958	0.00262629	0.0582324	-0.0173563
0.555401	-0.0763658	0.0560805	0.00210179	0.0573461	-0.0179145
0.555399	-0.0763066	0.0560571	0.00182425	0.0584635	-0.0193268
0.555402	-0.0762522	0.0560399	0.00250203	0.0586243	-0.0190803
0.555405	-0.0761996	0.0560211	0.00233861	0.0563326	-0.0197061
0.555404	-0.0761454	0.0559992	0.00284614	0.0562053	-0.0201162
0.555411	-0.0760899	0.0559857	0.00705521	0.0574035	-0.0155533
0.555411	-0.076031	0.0559634	0.00389413	0.0579282	-0.0174065
0.555415	-0.0759715	0.0559453	0.0038663	0.0584576	-0.0179904
0.555415	-0.0759137	0.0559253	0.00187481	0.0601682	-0.0195787
0.555414	-0.0758633	0.0559034	0.00077367	0.0595066	-0.0208733
0.555418	-0.0758019	0.055885	0.00350718	0.0611118	-0.0196434
0.555418	-0.075749	0.0558666	0.00114168	0.060242	-0.0206434
0.555424	-0.0756905	0.0558505	0.00103146	0.0596466	-0.0206528
0.555425	-0.0756353	0.0558296	0.000638916	0.0583487	-0.0216497
0.555426	-0.0755808	0.0558115	0.00123754	0.0566849	-0.0197448
0.55543	-0.0755233	0.0557939	0.00090318	0.0560644	-0.0201407
0.555433	-0.075465	0.055777	0.00232282	0.0570465	-0.0180666
0.555431	-0.0754109	0.0557546	0.00323392	0.0556623	-0.0177732
0.555434	-0.0753591	0.0557404	0.00327914	0.0545057	-0.0173255
0.555438	-0.0753006	0.0557229	0.00188663	0.0554386	-0.0189447
0.555434	-0.0752428	0.0556982	0.000665217	0.0553697	-0.0200794
0.55544	-0.0751883	0.0556853	0.00351675	0.0537208	-0.0157397
0.555444	-0.0751303	0.05567	0.00306773	0.0535133	-0.0154977
0.555445	-0.0750711	0.0556523	0.00186246	0.0560296	-0.0164308
0.555449	-0.0750156	0.0556373	0.00225318	0.0555625	-0.0158741
0.555451	-0.0749577	0.0556202	0.000772669	0.0554847	-0.0177133
0.555453	-0.0749046	0.0556031	0.00190685	0.0547784	-0.0177338
0.555455	-0.0748489	0.0555899	0.00174891	0.056416	-0.0164961
0.555454	-0.0747943	0.0555689	8.58922e-05	0.0567956	-0.0183567
0.555456	-0.0747359	0.0555509	0.00012122	0.0554614	-0.0193481
0.555462	-0.0746849	0.0555416	0.00108546	0.0529079	-0.0163792
0.555461	-0.0746319	0.05552	0.000562212	0.0527753	-0.0178738
0.555465	-0.0745776	0.0555067	0.00263129	0.0520332	-0.0157623
0.555463	-0.0745276	0.0554896	0.000930684	0.0519333	-0.0163691
0.555467	-0.074474	0.0554738	0.000924717	0.0515666	-0.0166457
0.555467	-0.0744147	0.0554567	0.000796267	0.0542486	-0.0164044
0.555471	-0.074359	0.0554408	0.000818836	0.0536994	-0.0168272
0.555473	-0.0743048	0.0554248	0.0013171	0.0546594	-0.0153184
0.555473	-0.0742502	0.0554069	0.000876058	0.0540744	-0.01609
0.555473	-0.0741934	0.0553873	8.17479e-05	0.0555152	-0.0173878
0.555477	-0.074138	0.0553743	0.00061697	0.0574132	-0.0164606
0.555479	-0.0740879	0.0553582	0.00175494	0.0558118	-0.0167376
0.555478	-0.0740318	0.0553404	0.000428678	0.0558101	-0.0185406
0.555479	-0.0739749	0.0553221	0.00191752	0.0559052	-0.0175064
0.555484	-0.073915	0.0553084	0.00253624	0.0558499	-0.0161643
0.555486	-0.0738617	0.0552926	0.00246877	0.0550753	-0.0159764
0.555486	-0.0738053	0.0552754	0.000644047	0.0541736	-0.0176318
0.555486	-0.0737505	0.055256	0.000159283	0.0540193	-0.0183468
0.555489	-0.0736946	0.0552412	-7.68218e-05	0.0530831	-0.018448
0.555491	-0.0736385	0.0552258	0.000562516	0.0550811	-0.0177152
0.555491	-0.0735771	0.0552057	-0.000507403	0.0588046	-0.0200265
0.555491	-0.0735179	0.055187	-0.000681635	0.0572217	-0.019487
0.555493	-0.0734643	0.0551724	-0.000269969	0.055237	-0.0183102
0.555495	-0.0734064	0.0551557	0.00133554	0.055171	-0.0171457
0.555493	-0.0733524	0.0551389	0.000442718	0.0547751	-0.0161357
0.555495	-0.0732932	0.0551229	0.000335602	0.0553946	-0.0175519
0.555496	-0.0732346	0.0551053	0.000263982	0.056593	-0.0174319
0.555496	-0.0731756	0.0550884	0.00058433	0.0587804	-0.0170172
0.5555	-0.0731185	0.0550755	0.00152679	0.0573937	-0.0155608
0.555498	-0.0730691	0.0550579	0.00104597	0.0551618	-0.0153875
0.555499	-0.073014	0.0550388	0.0007519	0.054747	-0.0164954
0.555497	-0.0729503	0.0550215	-4.65683e-05	0.0569048	-0.0169293
0.555497	-0.0729013	0.0550041	-0.000509815	0.0541002	-0.0176345
0.555497	-0.0728426	0.0549854	-4.311e-05	0.056445	-0.0170295
0.555498	-0.0727842	0.054969	0.00100345	0.0569567	-0.0161303
0.555499	-0.072729	0.0549555	0.00131985	0.0555532	-0.0146508
0.555495	-0.072664	0.0549323	-0.00024985	0.0569019	-0.0172017
0.555498	-0.0726168	0.0549232	-0.00162847	0.0532711	-0.0156764
0.555494	-0.0725561	0.0548988	-0.00282351	0.0568724	-0.0197842
0.555498	-0.0725032	0.0548872	-0.00051669	0.055664	-0.0165356
0.555495	-0.0724479	0.0548674	-0.00124462	0.0554331	-0.0174495
0.555495	-0.0723909	0.0548508	-0.000957121	0.0545872	-0.0168025
0.555493	-0.0723356	0.0548303	-0.00155884	0.0550449	-0.0176661
0.555492	-0.0722802	0.0548134	7.6361e-07	0.054963	-0.0155198
0.555491	-0.072227	0.0547943	0.000221337	0.0550799	-0.0162464
0.555489	-0.0721672	0.0547739	-0.00130546	0.0551259	-0.018924
0.555487	-0.0721193	0.0547569	-0.00159628	0.0516693	-0.0178785
0.555487	-0.0720625	0.0547368	-0.000645989	0.0548853	-0.0178682
0.555486	-0.072007	0.0547199	0.000109875	0.0549005	-0.0153886
0.555482	-0.07195	0.0546966	-0.00150283	0.0531233	-0.0180297
0.555481	-0.0718928	0.0546797	-0.00125532	0.0527824	-0.017439
0.555479	-0.0718355	0.0546577	-0.00249702	0.0544316	-0.0208257
0.555475	-0.0717838	0.054638	-0.00337424	0.0529257	-0.0214305
0.555474	-0.0717304	0.0546193	-0.00346493	0.0514196	-0.0212109
0.555474	-0.0716692	0.0545996	-0.00303884	0.0548079	-0.0218319
0.555469	-0.0716183	0.0545781	-0.0043905	0.0532588	-0.0228325
0.555468	-0.0715623	0.0545575	-0.00303266	0.0550911	-0.0225181
0.555463	-0.0715094	0.0545358	-0.00437726	0.0512403	-0.0225281
0.555463	-0.0714503	0.0545184	-0.00261856	0.052343	-0.0199828
0.555459	-0.0714009	0.0544947	-0.00338697	0.0514632	-0.0217896
0.555456	-0.0713456	0.0544742	-0.00291752	0.054198	-0.0207597
0.555453	-0.0712927	0.0544549	-0.00256947	0.0533065	-0.0192242
0.555448	-0.0712357	0.0544301	-0.00352404	0.0550405	-0.0216982
0.555447	-0.0711786	0.0544114	-0.0029778	0.0555444	-0.0214796
0.555445	-0.0711237	0.0543919	-0.00303222	0.0549278	-0.0213939
0.55544	-0.0710683	0.054367	-0.00407863	0.052838	-0.0229112
0.555437	-0.0710179	0.054348	-0.00402458	0.0520255	-0.0225178
0.555433	-0.0709645	0.0543266	-0.00438499	0.0521604	-0.0226636
0.55543	-0.0709049	0.0543012	-0.0042733	0.053513	-0.0235659
0.555427	-0.0708539	0.0542826	-0.00368796	0.0535113	-0.022291
0.555423	-0.070794	0.0542569	-0.00439416	0.0545553	-0.0238421
0.55542	-0.0707449	0.0542335	-0.00445145	0.0525563	-0.0244372
0.555415	-0.0706941	0.0542144	-0.00452802	0.0518502	-0.0229208
0.55541	-0.0706427	0.0541897	-0.00489347	0.050905	-0.024056
0.555405	-0.0705882	0.0541662	-0.00503562	0.0506736	-0.0235469
0.555404	-0.0705357	0.0541488	-0.00344142	0.0526274	-0.0214413
0.555399	-0.0704745	0.0541204	-0.00406516	0.0570446	-0.0237285
0.555395	-0.0704218	0.0540994	-0.00386741	0.0554141	-0.0229186
0.555391	-0.0703644	0.054076	-0.00395697	0.0557223	-0.0231714
0.555381	-0.0703089	0.0540474	-0.00533391	0.0563011	-0.0247523
0.555382	-0.070254	0.0540283	-0.00354191	0.05771	-0.0230474
0.555377	-0.070206	0.0540042	-0.00349136	0.0555901	-0.0234682
0.555372	-0.0701489	0.0539792	-0.00439701	0.0552817	-0.0241937
0.555367	-0.0700911	0.0539533	-0.00449162	0.0578517	-0.0247857
0.555361	-0.0700378	0.0539269	-0.00464424	0.0564128	-0.0250817
0.555358	-0.0699828	0.0539064	-0.00388783	0.0560742	-0.0232204
0.555352	-0.0699289	0.0538786	-0.00466128	0.0549102	-0.0243918
0.555342	-0.0698744	0.0538474	-0.00694898	0.055181	-0.0276298
0.555341	-0.069821	0.0538262	-0.00502018	0.0548185	-0.0251698
0.555335	-0.0697656	0.0537979	-0.00552495	0.0565234	-0.0269878
0.555329	-0.0697109	0.0537746	-0.00655994	0.0556086	-0.0272626
0.55532	-0.0696565	0.0537433	-0.00687673	0.0556175	-0.028002
0.555315	-0.0695984	0.0537176	-0.00694687	0.0544466	-0.0279484
0.555311	-0.0695413	0.0536926	-0.00618174	0.0527948	-0.0260753
0.555303	-0.0694899	0.0536633	-0.0064934	0.0525015	-0.0266673
0.555299	-0.0694276	0.0536367	-0.00490701	0.0551389	-0.0255094
0.555291	-0.0693787	0.0536107	-0.00494585	0.0528252	-0.0242153
0.555283	-0.0693187	0.0535806	-0.00658901	0.05622	-0.027109
0.55528	-0.0692644	0.0535553	-0.00500081	0.0546903	-0.0256494
0.555274	-0.0692071	0.0535274	-0.00513675	0.0559315	-0.0263583
0.555264	-0.0691515	0.0534957	-0.00709739	0.0552489	-0.0286039
0.555262	-0.069097	0.0534715	-0.00576471	0.053194	-0.0272424
0.555256	-0.0690406	0.0534461	-0.00490454	0.0564496	-0.0257979
0.555249	-0.0689865	0.0534166	-0.00598487	0.054146	-0.0275137
0.555241	-0.0689283	0.0533854	-0.0066466	0.0567189	-0.0290965
0.555236	-0.0688711	0.0533609	-0.00638068	0.0589325	-0.0282653
0.555229	-0.0688115	0.0533309	-0.00622628	0.0568368	-0.0280595
0.555223	-0.0687501	0.0533013	-0.00587815	0.0574138	-0.0278755
0.555218	-0.0686933	0.0532747	-0.00641438	0.0576944	-0.0286416
0.555214	-0.0686322	0.0532499	-0.00534526	0.059152	-0.0264441
0.555208	-0.0685784	0.0532235	-0.00527978	0.0584912	-0.0259625
0.555201	-0.0685157	0.0531944	-0.0043492	0.0611631	-0.0253806
0.555193	-0.0684663	0.0531652	-0.0054008	0.0570103	-0.0255317
0.555189	-0.0684052	0.0531389	-0.00452587	0.0572079	-0.0244785
0.555186	-0.0683456	0.0531126	-0.00410575	0.0575696	-0.025348
0.555178	-0.0682964	0.0530837	-0.00564798	0.0552822	-0.0272073
0.555168	-0.0682414	0.0530525	-0.00744884	0.0543559	-0.0287355
0.555164	-0.0681868	0.0530265	-0.00515115	0.0547733	-0.0261785
0.555153	-0.0681217	0.052991	-0.00734516	0.0573513	-0.0294652
0.555149	-0.0680666	0.052966	-0.00533555	0.0573318	-0.027322
0.55514	-0.0680096	0.0529361	-0.00748757	0.0566949	-0.0297585
0.55513	-0.0679515	0.0529013	-0.00841732	0.0565859	-0.0315354
0.555128	-0.0678953	0.0528772	-0.00689146	0.0562244	-0.0295495
0.555121	-0.0678397	0.0528484	-0.00723674	0.0574657	-0.0299521
0.555112	-0.0677857	0.0528168	-0.00771625	0.0562806	-0.030255
0.555103	-0.0677244	0.0527845	-0.00682341	0.0589982	-0.0289796
0.555096	-0.0676664	0.0527558	-0.00658254	0.0597617	-0.0286387
0.555088	-0.0676111	0.0527243	-0.00728417	0.0561665	-0.0289852
0.555079	-0.0675568	0.0526928	-0.00697009	0.0565018	-0.0295522
0.555072	-0.0674992	0.0526625	-0.00779188	0.0546217	-0.0297224
0.555063	-0.0674492	0.052631	-0.00780187	0.0546165	-0.0303832
0.555055	-0.0673891	0.0526022	-0.00722821	0.0565187	-0.0295522
0.555047	-0.0673373	0.0525712	-0.00783427	0.0542814	-0.0299451
0.555041	-0.0672763	0.0525425	-0.00721422	0.0573537	-0.0298183
0.555038	-0.0672157	0.0525157	-0.0053735	0.0582799	-0.0273414
0.55502	-0.0671058	0.0524553	-0.00588518	0.056348	-0.0261454
0.555015	-0.0670505	0.0524283	-0.00576542	0.0555894	-0.0262295
0.555007	-0.0669928	0.0523969	-0.00641709	0.0543121	-0.0275699
0.554998	-0.0669335	0.0523658	-0.00718347	0.056371	-0.0285181
0.554989	-0.0668837	0.052335	-0.0078702	0.0551103	-0.0289384
0.554984	-0.0668204	0.0523068	-0.00697066	0.0546209	-0.0285106
0.554977	-0.0667631	0.0522773	-0.00587716	0.055113	-0.0268839
0.554966	-0.0667077	0.0522429	-0.00685129	0.0530097	-0.028486
0.554962	-0.0666557	0.0522174	-0.00611297	0.0519093	-0.0276036
0.554954	-0.0665962	0.0521862	-0.00600917	0.0551872	-0.02819
0.554944	-0.0665393	0.0521543	-0.00736819	0.0561927	-0.0292131
0.554938	-0.0664852	0.0521274	-0.00660006	0.0573464	-0.0283824
0.554929	-0.0664283	0.0520943	-0.00822116	0.0552927	-0.0308427
0.554923	-0.0663661	0.0520656	-0.00760309	0.0587414	-0.0307635
0.554914	-0.0663078	0.0520362	-0.00768619	0.0558583	-0.0292678
0.554909	-0.0662502	0.0520078	-0.00704576	0.0562577	-0.0292127
0.554897	-0.0661971	0.0519758	-0.00813458	0.053327	-0.029139
0.554889	-0.0661373	0.0519432	-0.00792181	0.055079	-0.0297973
0.554881	-0.0660846	0.0519124	-0.0074993	0.0567241	-0.0299168
0.554874	-0.0660282	0.0518836	-0.0075727	0.0544184	-0.0292642
0.554864	-0.0659733	0.0518503	-0.00846534	0.0553432	-0.0309124
0.554858	-0.0659164	0.0518255	-0.00794272	0.0543356	-0.028999
0.554853	-0.0658634	0.0517979	-0.00693782	0.0562785	-0.0286136
0.554842	-0.0658071	0.0517642	-0.00847241	0.057654	-0.0310295
0.554834	-0.0657557	0.0517374	-0.00843132	0.0555819	-0.0298733
0.554825	-0.0656922	0.0517053	-0.00759047	0.0613317	-0.0295932
0.55482	-0.0656363	0.0516785	-0.00801487	0.0586372	-0.0286865
0.554812	-0.0655786	0.0516503	-0.00798571	0.0581149	-0.0287724
0.554805	-0.0655227	0.0516207	-0.0084446	0.0573147	-0.0297452
0.554798	-0.0654705	0.0515932	-0.00817888	0.0553749	-0.0295316
0.554788	-0.0654134	0.0515637	-0.0079802	0.0582039	-0.0281167
0.554782	-0.0653585	0.0515349	-0.00755256	0.056552	-0.02855
0.554774	-0.0652988	0.0515051	-0.00760524	0.0570765	-0.0287532
0.554768	-0.0652493	0.0514795	-0.00809405	0.0545534	-0.0297275
0.554756	-0.0651926	0.0514437	-0.00908623	0.0539635	-0.031448
0.554746	-0.0651384	0.0514111	-0.00955874	0.0550677	-0.0319417
0.554739	-0.065082	0.051381	-0.00899245	0.0569579	-0.0320536
0.554732	-0.0650265	0.051355	-0.00943819	0.0559554	-0.0319395
0.554724	-0.0649705	0.0513269	-0.00837123	0.0551926	-0.0292454
0.554715	-0.0649163	0.0512963	-0.0081996	0.0537688	-0.0294354
0.554706	-0.0648625	0.0512645	-0.00811439	0.0512962	-0.0299116
0.554699	-0.0648018	0.0512357	-0.00776004	0.05446	-0.0294955
0.554689	-0.064747	0.0512038	-0.00791053	0.0550859	-0.0298664
0.554679	-0.0646966	0.0511733	-0.00929202	0.0539492	-0.0316002
0.554672	-0.0646369	0.0511457	-0.00852364	0.0530161	-0.0299178
0.554667	-0.06458	0.0511164	-0.00734026	0.0549271	-0.029751
0.554661	-0.0645241	0.0510899	-0.00585834	0.0566773	-0.0273266
0.554651	-0.0644645	0.0510569	-0.00626077	0.0570476	-0.0276609
0.554644	-0.064415	0.0510286	-0.00657972	0.0541266	-0.027744
0.554635	-0.0643562	0.0509981	-0.00685794	0.0565229	-0.0285071
0.554628	-0.0643073	0.050968	-0.00709932	0.0531327	-0.0289343
0.554618	-0.0642545	0.0509387	-0.00673549	0.0520701	-0.0269086
0.55461	-0.064197	0.0509109	-0.00730609	0.0541842	-0.0276121
0.554608	-0.064137	0.0508873	-0.00573567	0.0580133	-0.026558
0.554597	-0.0640804	0.0508572	-0.0074119	0.0593357	-0.0280612
0.55459	-0.064031	0.0508253	-0.00794033	0.0559733	-0.0296588
0.554582	-0.0639727	0.0507969	-0.00752642	0.055246	-0.0285697
0.554575	-0.06392	0.0507672	-0.00817908	0.053964	-0.0294822
0.554565	-0.0638687	0.0507363	-0.00959427	0.053028	-0.0312872
0.554561	-0.0638151	0.0507125	-0.00675989	0.0551177	-0.0275152
0.554549	-0.0637596	0.050678	-0.00699948	0.056354	-0.028111
0.554541	-0.063708	0.0506489	-0.00671151	0.0551802	-0.0268713
0.554532	-0.0636565	0.0506177	-0.00750234	0.0553355	-0.0283711
0.554529	-0.0636009	0.0505912	-0.00538711	0.0562495	-0.0261012
0.554517	-0.0635562	0.0505615	-0.00739793	0.0550134	-0.028162
0.554508	-0.0635072	0.0505319	-0.00753615	0.054342	-0.0281688
0.554502	-0.0634521	0.0505027	-0.00546926	0.05714	-0.0259071
0.554496	-0.0633948	0.0504762	-0.00572527	0.0573289	-0.0266426
0.554488	-0.0633436	0.050446	-0.00693282	0.053253	-0.0281421
0.554475	-0.0632945	0.0504106	-0.00828704	0.0534695	-0.029883
0.554467	-0.0632403	0.0503811	-0.00818987	0.053785	-0.0296143
0.554459	-0.0631896	0.0503504	-0.0078113	0.0529692	-0.0297381
0.554452	-0.0631346	0.050321	-0.00790083	0.0525408	-0.0293557
0.554446	-0.0630841	0.0502958	-0.00706583	0.0531363	-0.0281527
0.554438	-0.0630281	0.0502654	-0.00845948	0.0540045	-0.0304764
0.55443	-0.0629771	0.0502382	-0.0074802	0.0512054	-0.0276602
0.554422	-0.0629283	0.0502085	-0.00739193	0.0498308	-0.026947
0.554412	-0.0628785	0.0501785	-0.00698401	0.0488778	-0.0259322
0.554408	-0.0628267	0.0501559	-0.00556211	0.0464085	-0.0230314
0.554397	-0.0627765	0.0501224	-0.00781137	0.0450375	-0.0275439
0.554393	-0.0627252	0.0500966	-0.0064782	0.0464497	-0.0266454
0.554385	-0.0626773	0.0500729	-0.00672663	0.0462136	-0.0251777
0.554373	-0.0626228	0.0500375	-0.00830819	0.0469721	-0.0282447
0.554366	-0.0625732	0.0500111	-0.00758636	0.0473133	-0.0268728
0.554358	-0.0625289	0.0499829	-0.00671564	0.0472679	-0.0255926
0.554352	-0.062477	0.0499569	-0.00683028	0.0472606	-0.0259834
0.554345	-0.0624262	0.049931	-0.00683406	0.0473503	-0.025626
0.554331	-0.0623771	0.0498966	-0.00868064	0.0456419	-0.027047
0.554327	-0.0623292	0.0498728	-0.00648157	0.0489687	-0.0249267
0.554319	-0.0622789	0.0498442	-0.00696092	0.0469432	-0.025236
0.55431	-0.0622369	0.0498158	-0.00704531	0.0463124	-0.0251007
0.554302	-0.0621952	0.0497891	-0.00665048	0.0434484	-0.0248595
0.554295	-0.062146	0.0497624	-0.00606568	0.0454962	-0.0242255
0.554285	-0.0621053	0.0497366	-0.00768308	0.041056	-0.0242821
0.554279	-0.0620576	0.0497114	-0.00728092	0.0415448	-0.0244842
0.554269	-0.06201	0.0496805	-0.00819056	0.0436012	-0.026648
0.554252	-0.0619171	0.0496268	-0.00848687	0.0459027	-0.0270714
0.554246	-0.0618648	0.0495991	-0.00711284	0.0488273	-0.026212
0.554238	-0.0618234	0.0495718	-0.00761144	0.0482729	-0.0275774
0.554235	-0.0617709	0.0495483	-0.00584531	0.0501945	-0.025345
0.554225	-0.0617245	0.049521	-0.0064324	0.0476299	-0.0241308
0.554221	-0.061679	0.0494978	-0.00518403	0.0469295	-0.022594
0.554214	-0.0616279	0.0494703	-0.00591787	0.0456517	-0.0244944
0.554206	-0.0615795	0.0494452	-0.0070223	0.0453483	-0.0248175
0.5542	-0.0615371	0.0494208	-0.00621585	0.0447725	-0.0237267
0.554192	-0.0614897	0.0493927	-0.00677268	0.0456454	-0.0245846
0.554187	-0.0614423	0.049372	-0.00642529	0.0471327	-0.0240859
0.554182	-0.0614022	0.04935	-0.0067083	0.0443331	-0.0245042
0.554177	-0.061348	0.0493239	-0.00594514	0.0495353	-0.0244752
0.554175	-0.0613049	0.0493069	-0.00490747	0.0482788	-0.0223193
0.554163	-0.0612573	0.0492737	-0.00819636	0.0489593	-0.0277568
0.554157	-0.0612092	0.0492516	-0.0077159	0.0485263	-0.0254891
0.554154	-0.0611601	0.0492314	-0.00620886	0.0508983	-0.0240477
0.554149	-0.0611188	0.0492058	-0.00654313	0.0500585	-0.0255767
0.554141	-0.0610734	0.0491821	-0.00752328	0.0507515	-0.0266737
0.554134	-0.0610318	0.0491567	-0.00833887	0.0462067	-0.027235
0.554131	-0.0609847	0.0491369	-0.00737263	0.0456027	-0.0252877
0.554126	-0.0609426	0.0491173	-0.00698112	0.0473454	-0.0248458
0.55412	-0.0608973	0.0490932	-0.00766885	0.0480685	-0.026876
0.554115	-0.0608564	0.0490713	-0.00767873	0.0450238	-0.0259856
0.55411	-0.0608124	0.0490495	-0.0079553	0.0453902	-0.0264443
0.554103	-0.0607679	0.0490284	-0.00749998	0.0424673	-0.0244291
0.5541	-0.0607198	0.0490064	-0.00509605	0.0449524	-0.0215623
0.554097	-0.0606733	0.0489888	-0.00399388	0.0461984	-0.0199054
0.554093	-0.0606298	0.0489687	-0.00366433	0.0448286	-0.0197714
0.554086	-0.0605905	0.048948	-0.00397613	0.0445256	-0.0187117
0.55408	-0.0605428	0.0489226	-0.00439232	0.0467576	-0.0205391
0.554075	-0.0605012	0.0489028	-0.00544007	0.0443912	-0.021915
0.554073	-0.0604604	0.0488876	-0.00506498	0.0406124	-0.0208631
0.554065	-0.0604187	0.0488651	-0.00592177	0.0434446	-0.0221597
0.554067	-0.060371	0.0488518	-0.00341804	0.0453295	-0.0194005
0.554061	-0.0603303	0.0488307	-0.00461459	0.0427662	-0.0200777
0.554056	-0.0602864	0.0488093	-0.00472808	0.0401843	-0.020016
0.554054	-0.0602507	0.0487955	-0.00347959	0.0403151	-0.0178746
0.554049	-0.0602063	0.0487741	-0.00342642	0.0398888	-0.0173312
0.554043	-0.0601679	0.0487556	-0.00408229	0.0395565	-0.0165041
0.554042	-0.0601234	0.0487395	-0.00252422	0.0395258	-0.0161385
0.554038	-0.0600848	0.0487206	-0.00440133	0.0388368	-0.0190067
0.554034	-0.06004	0.0487034	-0.00459518	0.0423686	-0.0192232
0.554029	-0.0600013	0.0486833	-0.0052738	0.0409814	-0.0208858
0.554026	-0.059959	0.0486654	-0.0045503	0.0421805	-0.0200127
0.554027	-0.0599193	0.0486533	-0.00327476	0.0411447	-0.0180714
0.554022	-0.0598759	0.0486331	-0.00466409	0.0400905	-0.0193847
0.554018	-0.0598392	0.0486163	-0.00474186	0.0385741	-0.0190728
0.554019	-0.059793	0.0486029	-0.00358444	0.0404788	-0.0180673
0.554011	-0.0597535	0.0485809	-0.00402077	0.0402759	-0.0180648
0.554012	-0.059716	0.0485677	-0.00293953	0.037574	-0.016979
0.554008	-0.0596772	0.0485496	-0.00196031	0.0382811	-0.0170191
0.554005	-0.0596411	0.0485341	-0.00292264	0.0380359	-0.0172552
0.554005	-0.059603	0.0485236	-0.0022575	0.0362029	-0.0154065
0.554	-0.0595637	0.0485041	-0.00196098	0.0349945	-0.0160276
0.553999	-0.0595346	0.0484915	-0.00110803	0.0331858	-0.0143719
0.553999	-0.059485	0.0484787	-0.000640653	0.0378584	-0.0127487
0.553994	-0.059445	0.04846	-0.00122455	0.0360386	-0.0134241
0.553992	-0.0594079	0.0484481	-0.000624931	0.0367327	-0.0119128
0.553989	-0.0593707	0.0484309	-0.00145383	0.0352173	-0.0132686
0.553989	-0.059329	0.0484206	-0.000984119	0.0359852	-0.0114482
0.553987	-0.0592941	0.0484064	-0.00138897	0.0351067	-0.0118606
0.553985	-0.0592572	0.0483908	-0.00153903	0.0364023	-0.0127791
0.553985	-0.0592202	0.0483807	-0.00100149	0.0360771	-0.0118376
0.553984	-0.059178	0.0483692	-0.00125404	0.0366486	-0.0114921
0.553979	-0.0591436	0.0483529	-0.00275293	0.033141	-0.0129498
0.553985	-0.059104	0.0483479	-0.000538592	0.0360448	-0.0104885
0.553981	-0.0590685	0.048332	-0.000837985	0.0366817	-0.0115133
0.553978	-0.0590348	0.0483203	-0.002003	0.0352353	-0.0119393
0.55398	-0.0589962	0.0483125	0.000374579	0.0375758	-0.00914015
0.55398	-0.0589584	0.0483003	-0.000473605	0.0388656	-0.0107762
0.553982	-0.0589212	0.0482908	-6.54534e-05	0.0369438	-0.01041
0.553981	-0.058884	0.048282	-0.000793861	0.0357263	-0.0100422
0.553983	-0.0588477	0.0482708	-0.00067049	0.0339748	-0.0110752
0.553981	-0.0588094	0.048261	-0.00097837	0.034109	-0.0105807
0.553987	-0.0587698	0.0482561	0.000833365	0.037641	-0.00937976
0.553983	-0.0587384	0.0482438	-0.000692789	0.0369286	-0.0111596
0.553985	-0.0586985	0.0482346	0.000197481	0.0374643	-0.0104233
0.553986	-0.0586607	0.048225	-0.000888195	0.0399139	-0.0119638
0.553988	-0.0586241	0.0482194	-0.000614723	0.0360818	-0.0103978
0.553992	-0.0585889	0.0482137	6.82868e-05	0.0358741	-0.00994767
0.553989	-0.0585532	0.0482002	-0.00123315	0.034386	-0.0117279
0.553994	-0.0585146	0.0481953	0.000204807	0.0351965	-0.0106007
0.553995	-0.0584861	0.0481901	-0.000770832	0.0327919	-0.010091
0.553995	-0.0584486	0.0481822	-0.00103548	0.0315494	-0.010109
0.553994	-0.0584127	0.0481725	-0.00113161	0.0334165	-0.00959057
0.553998	-0.0583725	0.048163	0.000912437	0.0375696	-0.00952474
0.553998	-0.0583379	0.0481572	-0.00052816	0.033666	-0.00958162
0.554002	-0.0583021	0.0481511	0.00102567	0.0349073	-0.00843159
0.554	-0.0582731	0.0481405	-0.000154621	0.0295227	-0.00850241
0.554005	-0.0582308	0.048138	0.000530135	0.0322772	-0.00750059
0.554008	-0.0582002	0.0481327	0.000983804	0.0317283	-0.00672624
0.554013	-0.058166	0.0481316	0.00190488	0.030464	-0.0051014
0.554013	-0.058131	0.0481251	0.000923077	0.0323567	-0.00563004
0.554015	-0.0580935	0.0481177	0.00104181	0.034013	-0.00633414
0.554019	-0.0580601	0.0481165	0.00208727	0.0321895	-0.0046307
0.554021	-0.0580316	0.0481132	0.00158491	0.0299447	-0.00419598
0.554024	-0.0580013	0.0481087	0.00252717	0.0322199	-0.00468939
0.554023	-0.0579698	0.048104	0.00126054	0.034583	-0.00534805
0.554027	-0.0579328	0.0481027	0.00316443	0.0345822	-0.00232773
0.55403	-0.0579012	0.0481001	0.00425228	0.0363855	-0.0011773
0.554034	-0.0578664	0.0480999	0.0051834	0.037891	-2.58974e-05
0.554035	-0.0578401	0.0480956	0.00393119	0.0345939	-0.00151067
0.55404	-0.0577996	0.0480931	0.00415384	0.0383096	-0.00212337
0.554044	-0.0577686	0.0480931	0.00426877	0.0371294	-0.00190748
0.554057	-0.057644	0.0480888	0.0043547	0.0330853	-0.000823684
0.55406	-0.057609	0.0480889	0.00379357	0.0332642	-0.000272061
0.554062	-0.0575836	0.0480868	0.00310665	0.0301605	-0.000920559
0.554066	-0.0575518	0.0480866	0.00272102	0.0309924	-0.00189511
0.554074	-0.0575225	0.0480926	0.00427584	0.0288784	0.000961928
0.554073	-0.0574967	0.0480876	0.00319551	0.0279938	-0.000252276
0.554076	-0.0574716	0.0480896	0.00356531	0.026213	0.00129401
0.554085	-0.0574445	0.048095	0.00489794	0.0263332	0.00178944
0.554088	-0.0574163	0.0480974	0.00501537	0.0281557	0.00191596
0.554089	-0.0573892	0.0480965	0.00466478	0.0269486	0.00171784
0.554095	-0.0573668	0.0480989	0.00515202	0.0240196	0.0024281
0.554102	-0.0573362	0.0481028	0.00553101	0.0257386	0.00210008
0.554106	-0.0573067	0.0481051	0.00432407	0.0257891	0.00156184
0.554107	-0.0572839	0.0481034	0.00372139	0.0236535	0.00136994
0.554118	-0.0572548	0.0481127	0.00685353	0.0243966	0.00494868
0.554119	-0.05723	0.0481101	0.00511558	0.023401	0.00319531
0.554122	-0.057203	0.0481115	0.00389936	0.0246863	0.00139911
0.554131	-0.057178	0.0481198	0.00560901	0.0237866	0.00439906
0.554135	-0.0571528	0.0481182	0.00532218	0.0229268	0.00294263
0.55414	-0.0571284	0.0481205	0.00505358	0.0230867	0.00240918
0.554143	-0.0571067	0.0481237	0.00419582	0.021768	0.00323108
0.554149	-0.0570876	0.0481289	0.00568669	0.022254	0.00409277
0.554157	-0.0570582	0.0481355	0.00595888	0.0246364	0.00461693
0.554161	-0.0570345	0.0481366	0.00622356	0.0240813	0.00488622
0.554167	-0.0570205	0.0481425	0.00619719	0.0223554	0.0049633
0.554175	-0.0569923	0.0481524	0.00639798	0.0236381	0.00622721
0.554177	-0.0569692	0.0481528	0.00435213	0.0243594	0.00337118
0.554187	-0.0569471	0.0481621	0.00668452	0.0221977	0.00641692
0.554192	-0.056924	0.0481665	0.00564174	0.0224353	0.005291
0.554198	-0.0569094	0.048175	0.0068492	0.0215433	0.00734772
0.554205	-0.0568856	0.0481807	0.00687984	0.0213623	0.00705974
0.554211	-0.0568658	0.0481878	0.00614359	0.0193914	0.00637847
0.554217	-0.0568455	0.0481931	0.00673186	0.0205407	0.00693976
0.554224	-0.0568215	0.048201	0.00630802	0.0209349	0.00692499
0.55423	-0.0568031	0.0482071	0.00666433	0.0211911	0.00709039
0.554238	-0.0567812	0.0482179	0.00676406	0.0218267	0.00738703
0.554247	-0.0567606	0.0482306	0.00737419	0.0210767	0.0089495
0.554251	-0.0567475	0.0482344	0.00713075	0.020497	0.0080297
0.554256	-0.0567266	0.0482413	0.00649914	0.0185156	0.00816961
0.554265	-0.0567075	0.0482541	0.00760326	0.0209155	0.0099195
0.55427	-0.0566946	0.0482621	0.00691588	0.0180201	0.00966978
0.554277	-0.0566713	0.0482707	0.00634989	0.01904	0.00810558
0.554284	-0.0566526	0.0482808	0.00649003	0.0203633	0.00744206
0.554288	-0.0566377	0.048289	0.00624729	0.0182778	0.00808128
0.554298	-0.0566176	0.0483034	0.00737641	0.0182722	0.0102447
0.554304	-0.0566012	0.0483098	0.00735897	0.0165226	0.00929933
0.55431	-0.0565845	0.048322	0.00655211	0.0163431	0.00926859
0.554317	-0.0565637	0.048332	0.00519673	0.0178816	0.00829764
0.554323	-0.0565514	0.048344	0.00617472	0.0165445	0.0102907
0.55433	-0.0565353	0.0483529	0.00561836	0.0164808	0.00938578
0.554337	-0.0565172	0.0483618	0.00614689	0.0165998	0.00920157
0.554342	-0.0565016	0.0483732	0.00616821	0.0183513	0.00985831
0.554349	-0.0564891	0.0483865	0.00704672	0.0161269	0.0115756
0.554354	-0.0564725	0.0483933	0.00618678	0.0156734	0.0100729
0.554363	-0.0564587	0.0484062	0.00662692	0.0161836	0.00933759
0.55437	-0.0564445	0.0484194	0.00613171	0.0150419	0.00912203
0.554379	-0.0564347	0.0484324	0.00707432	0.014081	0.00991261
0.554382	-0.0564279	0.0484412	0.00555393	0.0120069	0.00866934
0.554388	-0.0564174	0.0484506	0.00613474	0.00978892	0.00962067
0.554395	-0.0564045	0.0484621	0.00701187	0.00795642	0.0110387
0.554403	-0.056386	0.0484779	0.00833487	0.012086	0.013578
0.554406	-0.0563751	0.0484822	0.00715666	0.0112652	0.0113353
0.554416	-0.0563654	0.0485	0.0086272	0.0105735	0.0137906
0.554427	-0.0563426	0.0485221	0.00524943	0.00920627	0.0115078
0.554434	-0.0563325	0.048534	0.00572306	0.00783546	0.0113352
0.554436	-0.0563241	0.04854	0.0044211	0.00476409	0.0100261
0.554447	-0.0563144	0.0485569	0.00600007	0.00629662	0.0121788
0.554452	-0.0563042	0.0485702	0.00484568	0.00790719	0.0118649
0.554456	-0.0562982	0.0485777	0.00325005	0.00455581	0.0102259
0.554466	-0.0562904	0.048595	0.00545379	0.001404	0.013246
0.554471	-0.0562842	0.0486058	0.00562768	0.00226703	0.0126893
0.554476	-0.0562795	0.0486181	0.00548276	0.00219954	0.0124259
0.554484	-0.0562724	0.0486303	0.00677186	0.00606742	0.0124177
0.554487	-0.0562639	0.0486401	0.0065645	0.00640451	0.0125084
0.554493	-0.0562595	0.0486534	0.00710239	0.00777179	0.0128993
0.554499	-0.0562565	0.0486664	0.00780906	0.00653363	0.0137952
0.554506	-0.0562517	0.0486789	0.00756474	0.00604049	0.0133548
0.55451	-0.0562468	0.0486917	0.00709829	0.0062444	0.0136491
0.554516	-0.0562414	0.048703	0.00745446	0.007127	0.0131264
0.554521	-0.056237	0.048716	0.00725115	0.00548729	0.0135967
0.554531	-0.0562393	0.0487348	0.00734897	0.00284391	0.0149125
0.554534	-0.0562339	0.0487429	0.00613119	0.00420322	0.0126192
0.554542	-0.0562303	0.0487592	0.00688239	0.00580476	0.013229
0.554549	-0.0562278	0.0487734	0.0056098	0.00349345	0.0128062
0.554554	-0.0562264	0.0487838	0.00418629	0.00152241	0.0115853
0.554559	-0.0562263	0.048795	0.00420495	0.000198167	0.0109615
0.554566	-0.0562286	0.0488079	0.00533249	0.000513784	0.0117997
0.554572	-0.0562254	0.0488214	0.00423585	0.00413563	0.0109641
0.554578	-0.0562256	0.0488353	0.00490369	0.00536337	0.0111432
0.554583	-0.0562235	0.0488456	0.00505349	0.00396242	0.0109711
0.554588	-0.056225	0.0488579	0.00499889	0.000304122	0.0116837
0.554594	-0.0562232	0.0488698	0.00577556	0.00203015	0.0116738
0.554598	-0.0562258	0.0488807	0.00391264	0.000430966	0.0105941
0.554605	-0.0562326	0.0488956	0.0049816	-0.00122472	0.0121398
0.554608	-0.0562335	0.0489059	0.00471243	-0.0040982	0.0121813
0.554613	-0.0562387	0.048917	0.00514935	-0.00435242	0.0118839
0.554622	-0.0562363	0.048932	0.00661776	-0.00532452	0.0141793
0.554624	-0.0562463	0.0489406	0.00518074	-0.00872007	0.0125754
0.554631	-0.0562452	0.0489546	0.00606708	-0.00675668	0.0136507
0.554638	-0.056248	0.0489684	0.00674344	-0.00715293	0.0144127
0.55464	-0.0562568	0.0489765	0.00536643	-0.00696833	0.012286
0.554647	-0.056258	0.0489911	0.00624726	-0.00605206	0.0136313
0.554654	-0.0562616	0.0490043	0.00672655	-0.00714224	0.0141587
0.554658	-0.0562641	0.049015	0.00636376	-0.00627891	0.0134155
0.554664	-0.056276	0.0490296	0.00641361	-0.0105366	0.0144095
0.55467	-0.0562815	0.0490412	0.00627597	-0.00888749	0.013326
0.554674	-0.0562918	0.0490533	0.00521935	-0.0087894	0.0126063
0.554679	-0.0562991	0.049067	0.0052743	-0.0084269	0.0129033
0.554684	-0.0563099	0.0490778	0.00564608	-0.0105217	0.0126854
0.554692	-0.0563169	0.0490928	0.00632049	-0.00916585	0.0132715
0.554693	-0.056323	0.0491015	0.00452486	-0.00559882	0.0110549
0.554698	-0.0563389	0.0491144	0.00505945	-0.0108416	0.0122874
0.554706	-0.0563458	0.0491289	0.00617016	-0.0106666	0.0137284
0.554712	-0.0563593	0.0491412	0.00590747	-0.0116864	0.0129644
0.554715	-0.0563675	0.0491515	0.00500491	-0.0118322	0.0121058
0.55472	-0.0563794	0.0491648	0.00488651	-0.0116087	0.0124007
0.554722	-0.0563891	0.0491718	0.00382101	-0.0111647	0.0100459
0.55473	-0.0563988	0.0491877	0.00533379	-0.0114695	0.0123744
0.554734	-0.0564122	0.0491991	0.00525845	-0.0113451	0.0123623
0.554737	-0.0564213	0.0492098	0.0046653	-0.0118234	0.0118348
0.554741	-0.0564353	0.0492205	0.0047677	-0.0114244	0.0118345
0.554743	-0.0564504	0.04923	0.00443675	-0.0128232	0.011467
0.55475	-0.0564621	0.049243	0.0051046	-0.0155032	0.0125419
0.554755	-0.0564742	0.0492541	0.0050287	-0.0168712	0.0123162
0.554754	-0.0564916	0.0492589	0.00207085	-0.0181596	0.00946655
0.554759	-0.0565013	0.0492714	0.00122098	-0.0165709	0.00712541
0.554763	-0.0565235	0.0492834	0.00189775	-0.0203832	0.0088033
0.554766	-0.0565356	0.0492917	0.00165102	-0.020066	0.00856851
0.55477	-0.0565454	0.049302	0.00313911	-0.0173714	0.00995379
0.554771	-0.0565649	0.0493107	0.00260617	-0.0197896	0.00997807
0.554775	-0.0565815	0.0493207	0.0025575	-0.0190683	0.00941809
0.554777	-0.0565997	0.0493313	0.00251966	-0.0187798	0.00967679
0.554778	-0.0566165	0.0493377	0.00206772	-0.0177674	0.00889148
0.554784	-0.0566277	0.0493482	0.0036342	-0.0172571	0.00965268
0.554785	-0.0566507	0.0493586	0.00196681	-0.020779	0.00849745
0.554785	-0.0566608	0.0493614	0.00148132	-0.0175085	0.00679396
0.554791	-0.0566774	0.0493733	0.0016922	-0.017439	0.00774741
0.554786	-0.0566989	0.0493745	-0.000154409	-0.0196292	0.0062016
0.554789	-0.056711	0.0493833	0.00114662	-0.0166206	0.00732151
0.554795	-0.0567338	0.0493967	0.00292216	-0.0190445	0.00965169
0.554795	-0.0567472	0.0494008	0.00204656	-0.0148711	0.00716861
0.554792	-0.0567664	0.0494054	0.000820436	-0.0169671	0.00692374
0.5548	-0.0567799	0.0494178	0.00293172	-0.016516	0.00857625
0.5548	-0.0568009	0.0494232	0.00233594	-0.02082	0.00845633
0.554803	-0.0568239	0.0494354	0.00326327	-0.0222857	0.0101538
0.554797	-0.0568406	0.049434	0.000161847	-0.0233301	0.00681735
0.554801	-0.0568575	0.0494442	0.00219858	-0.0201624	0.00843604
0.554801	-0.0568752	0.0494481	0.00174492	-0.0214891	0.0077539
0.554805	-0.0568948	0.0494573	0.00198814	-0.0204186	0.00696443
0.554805	-0.0569104	0.0494628	0.00151321	-0.0184181	0.00642138
0.554804	-0.0569347	0.0494703	0.00116483	-0.0190295	0.00656135
0.554806	-0.0569559	0.0494768	0.00126747	-0.016585	0.00563431
0.554809	-0.0569738	0.049487	0.000613319	-0.0159073	0.00606119
0.554807	-0.0569942	0.0494896	-0.000836603	-0.0192935	0.00408391
0.554807	-0.0570113	0.0494937	0.000144712	-0.0200037	0.00504566
0.554808	-0.0570344	0.0495012	0.000534594	-0.0191185	0.00547051
0.554807	-0.0570545	0.0495023	-0.00037253	-0.0230191	0.00443677
0.554809	-0.0570741	0.0495106	0.000985252	-0.0219557	0.00610026
0.554807	-0.0570981	0.0495143	-0.00116103	-0.021553	0.0045107
0.554809	-0.0571222	0.0495217	-0.000128633	-0.0224234	0.00556183
0.554811	-0.0571405	0.0495296	0.000505364	-0.0208556	0.00624623
0.554809	-0.0571637	0.0495307	-3.30975e-05	-0.0204023	0.00473382
0.554808	-0.0571834	0.0495338	-0.000852212	-0.0195559	0.00296139
0.55481	-0.0572082	0.0495429	0.000191441	-0.0214065	0.00517738
0.55481	-0.0572552	0.0495524	-0.000337627	-0.0220069	0.00428452
0.554809	-0.0572753	0.0495552	-0.000215609	-0.0220064	0.00444768
0.55481	-0.0573047	0.0495621	5.91674e-06	-0.0255887	0.00545568
0.55481	-0.0573256	0.0495652	0.000229162	-0.0250669	0.00567301
0.554809	-0.0573523	0.0495686	-0.000618688	-0.0245455	0.00395658
0.554809	-0.0573783	0.0495756	3.16427e-05	-0.025848	0.00540067
0.554812	-0.0574048	0.0495839	0.000281042	-0.0274594	0.00558061
0.554811	-0.0574285	0.049585	-0.000514965	-0.0287536	0.00394798
0.554813	-0.0574533	0.0495924	0.000759118	-0.0261285	0.00567869
0.554812	-0.0574779	0.0495979	0.000510563	-0.0262865	0.00616439
0.554809	-0.0575047	0.0495988	-0.00036192	-0.0271236	0.00517
0.554812	-0.0575307	0.049608	-0.000345365	-0.0258574	0.0042618
0.554808	-0.0575569	0.0496056	-0.00201772	-0.0290632	0.00182649
0.554809	-0.0575832	0.0496134	-0.00102855	-0.0270494	0.00392848
0.554809	-0.0576032	0.0496184	-0.000698181	-0.0242445	0.0038969
0.554808	-0.0576366	0.0496196	-0.000792064	-0.0277609	0.00375204
0.554807	-0.057658	0.0496232	-0.000844899	-0.0281663	0.0038122
0.554808	-0.0576895	0.0496279	0.000253903	-0.0315275	0.00560375
0.554807	-0.0577113	0.0496322	-0.000106739	-0.0309798	0.0063604
0.554808	-0.0577362	0.0496387	0.000279673	-0.0281612	0.00593027
0.554805	-0.0577662	0.0496393	-0.00161938	-0.0295231	0.00314004
0.554806	-0.0577913	0.0496449	-0.00129453	-0.0317449	0.00360738
0.554804	-0.057816	0.0496492	-0.00196633	-0.0301759	0.0032199
0.554803	-0.0578462	0.04965	-0.00144822	-0.0292126	0.0031688
0.554802	-0.0578766	0.0496569	-0.00116733	-0.0306174	0.00395637
0.5548	-0.057901	0.0496567	-0.00215903	-0.0272012	0.00140777
0.554801	-0.0579301	0.0496623	-0.000732713	-0.0261657	0.00335424
0.554802	-0.0579602	0.0496701	4.59021e-05	-0.0256179	0.00491753
0.5548	-0.0579867	0.0496709	-5.93356e-05	-0.023601	0.00443875
0.554799	-0.0580094	0.0496744	-0.000450161	-0.0238898	0.00378229
0.554797	-0.0580427	0.0496787	-0.00144713	-0.0270849	0.00313131
0.554797	-0.0580633	0.0496812	-0.00141072	-0.0260036	0.00240336
0.554799	-0.0580929	0.049688	-0.000599518	-0.0282952	0.00390547
0.554794	-0.0581198	0.0496857	-0.0013847	-0.028402	0.00310075
0.554795	-0.0581451	0.0496918	0.00126081	-0.0272369	0.00569517
0.554795	-0.0581681	0.049694	0.000405947	-0.0246629	0.00404195
0.554793	-0.0582042	0.0496973	-0.000391625	-0.0287768	0.00384906
0.554789	-0.058226	0.0496984	-0.0013985	-0.0263329	0.00233175
0.554792	-0.0582565	0.0497047	0.000136143	-0.028193	0.00455307
0.554788	-0.0582849	0.0497068	-0.00106251	-0.0287791	0.00387452
0.554787	-0.0583123	0.0497087	-0.000329202	-0.0263678	0.00424535
0.554787	-0.0583389	0.0497127	0.000191872	-0.0261717	0.0054148
0.554786	-0.0583686	0.0497153	-0.000572657	-0.0259733	0.00397509
0.554788	-0.0583926	0.0497211	0.000640334	-0.0217788	0.00490774
0.554782	-0.0584213	0.0497184	-0.000764789	-0.0251548	0.00381761
0.554783	-0.0584525	0.0497251	-0.000658538	-0.0254661	0.00403817
0.554783	-0.0584799	0.0497286	-0.000421542	-0.0261884	0.00397165
0.554784	-0.058504	0.0497327	-0.000501473	-0.0253191	0.00330845
0.554778	-0.0585354	0.0497307	-0.00194177	-0.0261012	0.0015277
0.554779	-0.0585636	0.0497364	-0.00138358	-0.0249675	0.00232727
0.554777	-0.0585909	0.049739	-0.00249264	-0.0264401	0.000500135
0.554778	-0.0586131	0.0497441	-0.00181882	-0.0253923	0.00114751
0.554773	-0.0586425	0.0497406	-0.0024549	-0.0254872	0.00067244
0.554776	-0.0586682	0.0497469	-0.00108949	-0.0266344	0.00234239
0.554774	-0.0586965	0.0497495	-0.00158719	-0.0273582	0.00186638
0.554773	-0.0587209	0.0497527	0.000196593	-0.0272554	0.00417209
0.554774	-0.0587456	0.0497551	7.4831e-05	-0.02538	0.00286592
0.554767	-0.0587782	0.0497546	-0.00247298	-0.0285306	0.00157157
0.554772	-0.058801	0.0497596	-0.000757877	-0.0271808	0.00203654
0.554769	-0.0588284	0.0497621	-0.00220406	-0.0271391	0.00151204
0.55477	-0.0588558	0.0497641	-0.00107348	-0.0283763	0.00163975
0.55477	-0.0588793	0.0497674	-0.00153902	-0.0293128	0.00208443
0.554768	-0.0589058	0.0497693	-0.00105803	-0.0292007	0.00204076
0.554767	-0.0589339	0.049771	-0.00117357	-0.029839	0.00185487
0.554767	-0.0589609	0.0497749	0.000792702	-0.0289777	0.00421397
0.554765	-0.0589862	0.0497755	-0.000218553	-0.0270163	0.00265968
0.554765	-0.0590107	0.0497781	6.0409e-05	-0.0269131	0.00440877
0.554766	-0.0590363	0.0497825	-0.000847623	-0.0276996	0.00252134
0.554763	-0.0590647	0.0497819	-0.00175998	-0.0270678	0.00163345
0.554768	-0.0590846	0.0497884	-0.000133074	-0.0256035	0.00283415
0.554767	-0.0591097	0.0497904	-0.000192858	-0.0247603	0.00388573
0.554765	-0.0591388	0.0497907	-0.00150957	-0.0272883	0.00209266
0.554769	-0.0591577	0.0497982	0.00146564	-0.0252615	0.00580871
0.554764	-0.0591881	0.0497966	-0.000292284	-0.0282637	0.00347705
0.554767	-0.0592085	0.0497996	0.00235115	-0.0235303	0.00482612
0.554767	-0.0592325	0.0498019	0.00240381	-0.0230932	0.00461456
0.554767	-0.05926	0.0498041	0.00226026	-0.0225163	0.0035477
0.554768	-0.0592833	0.0498086	0.00252346	-0.0201879	0.00369331
0.554769	-0.0593071	0.0498112	0.00163429	-0.0205899	0.00271993
0.55477	-0.0593312	0.0498121	0.00176409	-0.0206859	0.00359407
0.554771	-0.0593523	0.0498139	0.00210381	-0.0219649	0.00361945
0.554771	-0.0593787	0.0498189	0.00204713	-0.0222366	0.0041544
0.554774	-0.0594037	0.0498238	0.00318488	-0.024034	0.00534432
0.554774	-0.0594258	0.0498251	0.00301727	-0.0234222	0.0045534
0.554776	-0.0594532	0.0498262	0.00338511	-0.0238527	0.0039547
0.554776	-0.0594698	0.0498268	0.00296876	-0.0223112	0.0035358
0.554778	-0.059496	0.0498322	0.00303575	-0.0226197	0.00414792
0.55478	-0.0595178	0.0498326	0.00317091	-0.0219361	0.00352743
0.554783	-0.0595435	0.0498385	0.00297315	-0.0239261	0.0053601
0.554783	-0.059568	0.0498403	0.00251188	-0.0234084	0.00449714
0.554785	-0.0595901	0.0498432	0.00270946	-0.0223109	0.00412496
0.554789	-0.0596095	0.0498458	0.00303433	-0.0227911	0.00387284
0.55479	-0.0596345	0.049848	0.0017387	-0.0234011	0.00317109
0.554794	-0.0596575	0.0498535	0.00292232	-0.0227015	0.0042675
0.554793	-0.0596808	0.0498545	0.00189066	-0.0227205	0.00319094
0.554796	-0.0597011	0.0498576	0.00266971	-0.0213685	0.00332645
0.5548	-0.0597212	0.049864	0.00219985	-0.0196417	0.0035723
0.554801	-0.0597388	0.0498632	0.00221317	-0.0187942	0.00223685
0.554803	-0.0597619	0.0498674	0.00253954	-0.0202799	0.00336424
0.554805	-0.0597882	0.0498718	0.00313776	-0.0220049	0.00402003
0.554808	-0.0598089	0.0498744	0.00378434	-0.0215503	0.00505157
0.554808	-0.0598276	0.0498758	0.00314911	-0.0201032	0.00391588
0.554812	-0.0598492	0.049881	0.00444151	-0.019968	0.00625219
0.554813	-0.0598689	0.0498831	0.00370678	-0.0195464	0.00511649
0.554821	-0.0598908	0.0498921	0.00537413	-0.0205619	0.00648858
0.55482	-0.0599144	0.0498949	0.00320189	-0.0215057	0.00630188
0.554822	-0.059936	0.0498957	0.00333676	-0.020983	0.00455611
0.554827	-0.0599536	0.0499003	0.00255611	-0.0208591	0.00272228
0.554831	-0.0599772	0.0499063	0.00329109	-0.0214242	0.00360503
0.554831	-0.0599937	0.0499063	0.00222584	-0.0213999	0.00274242
0.554836	-0.0600152	0.0499126	0.00340312	-0.0218188	0.00407805
0.554837	-0.0600339	0.0499133	0.00301128	-0.0207965	0.00317604
0.554839	-0.060059	0.0499159	0.00209677	-0.0224757	0.00162773
0.554842	-0.0600764	0.0499216	0.00266059	-0.021089	0.00291473
0.554841	-0.0600976	0.0499213	0.00147054	-0.0220616	0.00176325
0.554849	-0.0601163	0.0499282	0.00363147	-0.0215209	0.00365905
0.554849	-0.0601368	0.0499287	0.00274203	-0.0217045	0.00258079
0.554854	-0.0601607	0.0499362	0.00389295	-0.021485	0.00405723
0.554855	-0.0601732	0.0499354	0.00438491	-0.0185134	0.00446143
0.554858	-0.0601952	0.0499372	0.00360183	-0.0206671	0.00295057
0.554862	-0.0602095	0.0499413	0.0037136	-0.0173773	0.00275712
0.554863	-0.0602319	0.0499452	0.00324451	-0.0200255	0.00377545
0.554865	-0.0602481	0.049943	0.00295205	-0.0175496	0.00131738
0.554867	-0.0602701	0.0499476	0.00269297	-0.0197371	0.0026167
0.55487	-0.0602843	0.0499485	0.004047	-0.015768	0.00365747
0.55487	-0.0603074	0.0499514	0.00327335	-0.0190006	0.00407693
0.554876	-0.0603236	0.0499554	0.00363335	-0.0194811	0.00335001
0.554876	-0.0603445	0.0499546	0.00289762	-0.0205929	0.00234455
0.55488	-0.0603623	0.0499589	0.00207525	-0.0186852	0.00215067
0.554884	-0.0603803	0.0499631	0.00309501	-0.0172125	0.00293069
0.554883	-0.0604017	0.0499622	0.0019124	-0.0193284	0.00203668
0.55489	-0.0604179	0.0499683	0.0023076	-0.0190619	0.00314897
0.55489	-0.0604329	0.0499661	0.00163651	-0.0170525	0.00134904
0.554892	-0.0604553	0.0499707	0.00290359	-0.0190161	0.00434028
0.554897	-0.0604733	0.0499755	0.00445305	-0.0195331	0.00563589
0.554895	-0.0604882	0.0499707	0.00250789	-0.0193433	0.00289362
0.5549	-0.0605067	0.0499745	0.00375561	-0.0196944	0.00390932
0.554901	-0.0605268	0.0499768	0.00312813	-0.0188424	0.00374565
0.554904	-0.0605409	0.0499768	0.00314042	-0.0186525	0.00220842
0.554906	-0.0605587	0.0499799	0.00189907	-0.0178646	0.000790093
0.554907	-0.0605772	0.0499781	0.000462813	-0.017524	-0.000980823
0.554912	-0.0605936	0.0499825	0.00227561	-0.018643	0.00124496
0.554913	-0.0606081	0.0499829	-1.49914e-05	-0.0171263	-0.00109831
0.554915	-0.0606274	0.0499831	0.000425798	-0.0177413	-0.000853126
0.554915	-0.0606425	0.0499828	0.000471286	-0.0150862	-0.000944853
0.554922	-0.0606571	0.0499885	0.00227378	-0.0140081	0.00189034
0.554922	-0.0606743	0.0499898	-0.000241772	-0.0147744	0.000390308
0.554927	-0.0606872	0.0499924	0.00144397	-0.0138156	0.000851595
0.554929	-0.0607069	0.049993	0.000500091	-0.0153575	0.00122004
0.554932	-0.0607207	0.0499959	0.00215999	-0.0153653	0.00339663
0.554936	-0.0607374	0.0499991	0.00321924	-0.0153754	0.0039163
0.554936	-0.0607496	0.0499979	0.00040904	-0.0166811	0.000669059
0.554938	-0.0607687	0.0499984	0.000851354	-0.0185181	0.000867381
0.554936	-0.0607846	0.0499983	0.000439173	-0.0153322	0.000201455
0.554942	-0.0607994	0.0500023	0.00242702	-0.0152486	0.00177852
0.554943	-0.0608134	0.0500043	0.0022909	-0.0144542	0.00159611
0.554948	-0.060828	0.0500058	0.00364133	-0.0125793	0.00173296
0.554948	-0.0608476	0.0500057	0.00355042	-0.0156421	0.00343371
0.554951	-0.0608607	0.0500079	0.00267044	-0.0147188	0.00264837
0.554953	-0.0608774	0.0500088	0.00269373	-0.0151954	0.00232436
0.554956	-0.0608903	0.0500103	0.00294911	-0.0161126	0.00264252
0.554959	-0.0609013	0.0500116	0.00379602	-0.0160893	0.00354649
0.554958	-0.0609163	0.0500104	0.00302106	-0.0153934	0.00233653
0.554963	-0.0609324	0.0500144	0.00341553	-0.0158347	0.00234202
0.554964	-0.0609432	0.0500125	0.00334426	-0.0126236	0.000972681
0.554966	-0.0609619	0.0500151	0.00335982	-0.0164022	0.00206228
0.554966	-0.0609774	0.0500139	0.00323966	-0.0144192	0.00221557
0.554972	-0.0609831	0.0500175	0.00616872	-0.0113457	0.00475299
0.554974	-0.0609973	0.0500182	0.00482273	-0.0105157	0.00312107
0.554974	-0.0610126	0.0500168	0.00537049	-0.0116414	0.00395025
0.554979	-0.0610274	0.0500212	0.00422557	-0.0110406	0.00321554
0.554982	-0.0610349	0.0500221	0.00222651	-0.0113466	-0.000218055
0.554984	-0.0610501	0.0500209	0.00113605	-0.0116909	-0.00159249
0.554986	-0.0610588	0.0500227	0.0016584	-0.00882993	-0.00101438
0.554986	-0.0610762	0.0500223	0.00137454	-0.012072	-0.000561405
0.554988	-0.0610844	0.0500216	-3.99064e-05	-0.0119621	-0.00261013
0.554992	-0.0610965	0.0500239	-0.000576264	-0.0114969	-0.00247544
0.554992	-0.0611046	0.0500212	0.00100214	-0.00844067	-0.00114584
0.554996	-0.0611139	0.0500235	0.00109637	-0.00609435	-0.00142765
0.555001	-0.0611292	0.0500297	0.00434035	-0.00946284	0.00368905
0.555002	-0.0611353	0.0500264	0.00307039	-0.00909163	0.00225353
0.555005	-0.0611479	0.0500288	0.00195588	-0.0116629	0.00194364
0.55501	-0.0611573	0.050033	0.00298116	-0.010218	0.00235656
0.555011	-0.0611683	0.0500308	0.00235826	-0.00951563	0.000429999
0.555015	-0.0611763	0.0500324	0.00433066	-0.00839222	0.00119504
0.555016	-0.0611849	0.0500331	0.00356689	-0.00893062	0.00146782
0.555018	-0.0611948	0.0500331	0.00236789	-0.00934195	-0.000852516
0.555022	-0.0612043	0.0500341	0.00188277	-0.0088843	-0.00128193
0.55502	-0.0612181	0.0500313	-0.000160444	-0.0117815	-0.00107252
0.555028	-0.0612259	0.0500366	0.00133131	-0.0102387	0.000543954
0.555029	-0.0612291	0.0500345	0.00187218	-0.0072186	0.00066684
0.555032	-0.0612384	0.0500345	0.00243044	-0.00821488	0.000602903
0.555031	-0.0612458	0.0500314	-0.000527104	-0.00824767	-0.00303414
0.555035	-0.0612558	0.0500356	0.00161947	-0.00856164	0.000391447
0.555036	-0.061265	0.0500318	0.00235965	-0.00839389	0.00100078
0.55504	-0.0612694	0.0500331	0.00240363	-0.00792488	0.00177298
0.55504	-0.0612792	0.0500321	0.000213457	-0.0104944	0.000419683
0.555042	-0.0612821	0.0500312	0.00185418	-0.00810788	0.00179797
0.555047	-0.0612929	0.0500342	0.00273343	-0.00750194	0.00158654
0.55505	-0.0612982	0.0500344	0.00162254	-0.00704486	0.000189943
0.555052	-0.0613025	0.0500322	0.00192666	-0.00823011	0.000192859
0.555053	-0.0613084	0.0500311	0.00169845	-0.00805363	-0.000164042
0.555053	-0.0613128	0.0500273	0.00127881	-0.00570008	-0.00202694
0.555059	-0.0613226	0.0500326	0.00279372	-0.00717545	0.000217894
0.555057	-0.0613293	0.0500285	0.00230041	-0.00669847	0.000201365
0.555064	-0.0613357	0.0500319	0.00409099	-0.00725648	0.00164079
0.555065	-0.061335	0.0500276	0.00334868	-0.00516502	-5.15079e-05
0.555064	-0.0613426	0.0500259	0.00217424	-0.00473816	-0.00113959
0.555068	-0.0613459	0.0500255	0.00273391	-0.00465439	-0.000963072
0.555071	-0.0613525	0.0500281	0.00284741	-0.00396775	-0.000387939
0.555071	-0.0613571	0.0500249	0.000655412	-0.00392026	-0.00302281
0.555077	-0.0613534	0.0500273	0.00231664	-0.000498584	-0.00159259
0.555075	-0.0613639	0.0500226	-0.000207235	-0.00487758	-0.00354058
0.555079	-0.0613696	0.0500251	0.000368642	-0.00387221	-0.00165234
0.555082	-0.0613709	0.0500245	-6.77052e-05	-0.00480101	-0.00203909
0.55508	-0.0613754	0.0500152	-0.00136239	-0.003657	-0.00410159
0.555084	-0.0613739	0.050017	-0.000184127	-0.00315809	-0.00131673
0.555086	-0.0613792	0.0500163	0.000485567	-0.00349066	-0.00137558
0.55509	-0.0613781	0.0500153	0.00313383	-0.00264006	0.000727601
0.555089	-0.0613845	0.0500145	0.00170981	-0.00382437	0.000105595
0.555091	-0.0613897	0.0500107	0.00175114	-0.003312	-0.0019139
0.555095	-0.061387	0.0500116	0.00217201	-0.000692748	-0.000678036
0.555095	-0.0613878	0.0500112	-0.000209239	-0.00111733	-0.00282536
0.555093	-0.0613911	0.050004	-0.00126346	-0.00194567	-0.00495431
0.5551	-0.0613906	0.0500058	0.000486547	-0.00127211	-0.00520538
0.555101	-0.0613949	0.0500066	0.00104716	-0.00180796	-0.0037543
0.555102	-0.0613914	0.0500021	0.000582727	-2.75994e-06	-0.00494359
0.555108	-0.0613961	0.050005	0.00429595	-0.000592725	-0.000969499
0.555108	-0.0613945	0.0499998	0.00356038	0.000110555	-0.00152854
0.555112	-0.0613942	0.0500039	0.00371114	0.000351429	-0.000330183
0.555113	-0.0613927	0.049997	0.00169227	0.000872649	-0.00370665
0.555112	-0.0613944	0.0499935	-0.000216552	-0.000455431	-0.00434035
0.555116	-0.0613961	0.0499957	0.000894005	-0.000664402	-0.00294083
0.555116	-0.0613936	0.0499905	0.000117607	0.000392912	-0.00348114
0.555119	-0.0613907	0.0499913	-0.000928977	-0.000185288	-0.00456622
0.555122	-0.0613895	0.0499898	0.00123025	0.000294973	-0.00237449
0.555123	-0.0613876	0.0499862	0.00195732	0.00146151	-0.00140618
0.555125	-0.0613881	0.0499836	0.0021606	0.000489306	-0.00216314
0.555127	-0.0613889	0.049984	0.00307893	0.000255345	-0.000219277
0.555128	-0.061387	0.0499802	0.00359182	0.00152349	4.62691e-05
0.555129	-0.0613815	0.0499772	0.0021591	0.0023029	-0.00257909
0.555133	-0.0613877	0.0499795	0.00235703	-0.00029199	-0.00067495
0.555136	-0.061382	0.0499753	0.00189173	0.00108054	-0.00349904
0.55514	-0.0613796	0.0499768	0.00260809	0.000986672	-0.00228497
0.55514	-0.0613797	0.0499716	0.0022404	0.000667222	-0.00253607
0.555142	-0.0613776	0.04997	0.00246925	0.00107837	-0.00244334
0.555143	-0.0613749	0.0499673	0.0029147	0.00152524	-0.00124389
0.555149	-0.0613719	0.049968	0.00387496	0.00187857	-0.000827337
0.555153	-0.0613671	0.0499682	0.00405328	0.00203565	-0.000457703
0.555154	-0.061368	0.0499639	0.00295353	0.000757725	-0.00228899
0.555159	-0.0613666	0.0499661	0.00482343	0.0029153	0.000429822
0.555157	-0.0613605	0.0499584	0.00272735	0.00284455	-0.0023193
0.555158	-0.061363	0.0499554	0.0023817	0.000430295	-0.00266987
0.555163	-0.0613556	0.0499558	0.00309445	0.00217431	-0.00183332
0.555166	-0.0613568	0.049954	0.0042694	0.000437962	-0.000408731
0.555171	-0.0613494	0.0499522	0.00210771	0.00267626	-0.00345009
0.555171	-0.0613474	0.049949	0.000999983	0.00339286	-0.00423465
0.555175	-0.0613419	0.0499493	-0.000116871	0.00264151	-0.00553865
0.555176	-0.0613403	0.0499462	-0.00170609	0.000895372	-0.00599714
0.555181	-0.0613423	0.0499455	0.000828365	0.000733328	-0.00339008
0.555184	-0.0613334	0.0499427	0.00262317	0.00288576	-0.00177144
0.55519	-0.0613301	0.0499436	0.00218801	0.00166019	-0.00193043
0.555194	-0.0613258	0.0499458	0.00400696	0.00373647	0.00119447
0.555196	-0.0613259	0.0499406	0.00259158	0.000962539	-0.00131389
0.5552	-0.0613167	0.0499392	0.00217062	0.00414717	-0.00121506
0.555205	-0.0613117	0.0499404	0.00332232	0.00527382	-0.000611822
0.555206	-0.0613116	0.0499344	0.00335755	0.00305923	-0.00123147
0.555209	-0.0613027	0.0499331	0.00454544	0.00434303	-0.000749616
0.555212	-0.0613035	0.049931	0.00380936	0.00331615	-0.00162701
0.555219	-0.061297	0.0499318	0.00585352	0.00385674	0.000601197
0.555223	-0.0612908	0.0499335	0.00597424	0.00559037	0.00218709
0.555226	-0.0612901	0.0499285	0.0066475	0.00518238	0.000543395
0.555233	-0.0612818	0.0499302	0.00731746	0.00722762	0.000985482
0.555236	-0.0612787	0.0499293	0.00550547	0.00695714	-0.000271319
0.55524	-0.0612763	0.0499271	0.00482615	0.0052253	-0.00142958
0.555246	-0.0612677	0.0499273	0.00638064	0.00689573	0.000575493
0.555248	-0.0612618	0.049923	0.00517891	0.00732236	-0.00119445
0.555257	-0.061256	0.0499262	0.00637307	0.00606167	0.000102037
0.555258	-0.0612507	0.0499229	0.00487973	0.00502036	-0.00110615
0.555265	-0.0612505	0.0499235	0.00583077	0.00216569	-0.0009453
0.555268	-0.0612443	0.0499201	0.00355824	0.00416352	-0.00275611
0.555275	-0.0612379	0.0499215	0.00486863	0.00383045	-0.00135107
0.555279	-0.0612315	0.0499198	0.0045674	0.00354145	-0.00202632
0.555286	-0.0612277	0.0499242	0.0029078	0.00311605	-0.00277908
0.555294	-0.0612189	0.0499238	0.00484186	0.00419682	-0.000984476
0.555294	-0.0612143	0.0499173	0.00243925	0.00425858	-0.00391889
0.555305	-0.0612078	0.0499229	0.00311056	0.00304679	-0.00225462
0.555306	-0.0612009	0.0499182	0.00299814	0.00462832	-0.00227986
0.555314	-0.0611945	0.0499204	0.0062878	0.00630622	-0.000205599
0.55532	-0.0611851	0.0499203	0.00623689	0.00611987	-0.000708046
0.555325	-0.0611816	0.0499186	0.00403842	0.00540874	-0.00266659
0.55533	-0.0611786	0.0499172	0.00637571	0.00554096	-0.00028492
0.555334	-0.0611703	0.0499164	0.00599764	0.00520525	0.000583736
0.555345	-0.0611605	0.0499208	0.0060006	0.00698029	0.000731116
0.555353	-0.0611538	0.0499237	0.00752289	0.00889317	0.00261048
0.555358	-0.0611486	0.0499216	0.0055933	0.00779907	0.000248878
0.555366	-0.0611393	0.0499212	0.00605081	0.00700094	-0.000245167
0.55537	-0.0611314	0.0499184	0.00380327	0.00736399	-0.00286031
0.555381	-0.0611274	0.0499249	0.00572302	0.00522155	-0.000447666
0.555386	-0.0611188	0.049923	0.0047072	0.0051622	-0.00180678
0.555393	-0.0611108	0.0499232	0.00506376	0.00640064	-0.00156096
0.555404	-0.0611058	0.049927	0.00779586	0.00660294	0.00120603
0.555407	-0.0610962	0.0499236	0.00708764	0.00826292	0.00107043
0.555416	-0.0610905	0.0499233	0.00707131	0.00771161	8.4571e-05
0.555423	-0.0610814	0.0499252	0.00535354	0.00819271	-0.000533741
0.555435	-0.0610751	0.0499321	0.00720824	0.00651229	0.00138913
0.555439	-0.0610617	0.0499252	0.00624982	0.00890572	-0.00150235
0.55545	-0.0610572	0.0499314	0.00759343	0.0063708	0.00050343
0.555457	-0.0610493	0.0499295	0.00721237	0.00686558	-0.000449928
0.555466	-0.0610395	0.0499307	0.00728629	0.00779213	-0.000492308
0.555475	-0.0610378	0.0499336	0.00785791	0.00614895	0.000323233
0.555482	-0.061024	0.0499321	0.00800501	0.00926848	-5.25152e-05
0.555493	-0.0610169	0.0499361	0.00924317	0.00728673	0.00242499
0.5555	-0.0610111	0.0499363	0.00849404	0.0071365	0.00120778
0.555511	-0.0609967	0.0499385	0.00888777	0.00958529	0.00223319
0.55552	-0.0609913	0.0499417	0.00852914	0.00846434	0.0031453
0.555528	-0.0609834	0.049941	0.00887154	0.00866814	0.00220925
0.555538	-0.0609739	0.0499443	0.00942041	0.00909874	0.00265546
0.555547	-0.0609687	0.0499446	0.00953453	0.00828787	0.00203089
0.555556	-0.0609575	0.0499447	0.00911607	0.00793527	0.00107365
0.555566	-0.0609429	0.0499462	0.0118495	0.00906837	0.00335807
0.555575	-0.060935	0.049948	0.0110365	0.00678397	0.0028699
0.555581	-0.0609279	0.0499451	0.00911803	0.00605977	0.000266254
0.555596	-0.0609144	0.0499526	0.010932	0.00648821	0.00264046
0.555604	-0.0609071	0.0499539	0.012019	0.00721258	0.00294643
0.555614	-0.0608949	0.0499551	0.0105082	0.00629538	0.00176009
0.555623	-0.0608859	0.0499553	0.00987935	0.00702713	0.000841012
0.555633	-0.0608746	0.049957	0.00886154	0.00740123	0.000331624
0.555645	-0.0608665	0.0499624	0.00910335	0.00526524	0.001254
0.555655	-0.0608543	0.0499633	0.0100622	0.00795091	0.00236801
0.555667	-0.0608458	0.0499683	0.010196	0.00911831	0.00188195
0.555678	-0.0608286	0.0499705	0.0123924	0.0121364	0.00377435
0.555688	-0.0608181	0.0499725	0.0116737	0.00976242	0.00286198
0.555699	-0.0608079	0.0499755	0.0109768	0.00744251	0.00238962
0.55571	-0.060797	0.0499795	0.0113894	0.00775432	0.00291022
0.555716	-0.0607904	0.0499741	0.00943551	0.00731181	-0.000364498
0.555729	-0.0607733	0.0499791	0.0102562	0.0102941	0.000774241
0.555739	-0.0607644	0.0499825	0.00993878	0.00968637	0.00201872
0.555752	-0.0607517	0.0499866	0.0102348	0.0103019	0.00217477
0.555765	-0.060738	0.0499906	0.01135	0.0122984	0.00203364
0.555771	-0.0607322	0.0499911	0.00924588	0.0096534	0.000768011
0.555784	-0.0607165	0.0499942	0.0100754	0.00935338	0.00113312
0.555796	-0.0607055	0.0499977	0.011191	0.00932876	0.00301083
0.555805	-0.0606947	0.0499991	0.0122836	0.0112654	0.00375422
0.555817	-0.0606787	0.050002	0.0120291	0.012859	0.00451208
0.555829	-0.060667	0.0500043	0.0119245	0.0112733	0.00332805
0.555841	-0.0606533	0.0500076	0.0123154	0.0129739	0.00285138
0.555853	-0.0606447	0.0500115	0.0127052	0.0129122	0.00298628
0.555862	-0.0606329	0.0500117	0.0125193	0.0121455	0.00356319
0.555876	-0.0606144	0.0500147	0.0126752	0.0155638	0.00373424
0.555886	-0.0606033	0.0500163	0.0146113	0.0161849	0.00450782
0.555898	-0.0605917	0.0500186	0.0140675	0.0161127	0.00330562
0.55591	-0.0605782	0.0500217	0.0131434	0.0170483	0.00246216
0.555928	-0.0605612	0.0500313	0.0149024	0.0166199	0.00494596
0.555937	-0.0605502	0.0500284	0.0126891	0.014636	0.00203134
0.55595	-0.0605373	0.0500317	0.013264	0.0152409	0.00205862
0.555963	-0.060527	0.0500354	0.0149608	0.0153156	0.00347641
0.555977	-0.0605096	0.0500398	0.0147369	0.0173838	0.00297765
0.55599	-0.0604945	0.0500433	0.0144877	0.0168549	0.00342154
0.555999	-0.0604817	0.0500412	0.0120556	0.0147228	0.00110268
0.556013	-0.0604619	0.0500436	0.0128693	0.0173749	0.00232392
0.556026	-0.0604521	0.0500488	0.0121958	0.0145718	0.00352241
0.55604	-0.0604387	0.0500542	0.0110512	0.014689	0.00156263
0.556053	-0.0604279	0.0500587	0.0109891	0.0127561	0.00273517
0.556068	-0.0604079	0.0500613	0.011885	0.0140821	0.00218078
0.556082	-0.0603984	0.0500658	0.0138772	0.0123756	0.00460412
0.556091	-0.0603781	0.0500655	0.0122911	0.0156126	0.00240049
0.556108	-0.060365	0.0500727	0.0137144	0.0156112	0.00314174
0.556121	-0.0603477	0.0500763	0.0142197	0.0157838	0.00341312
0.556134	-0.0603343	0.0500811	0.0129911	0.015176	0.00289387
0.556145	-0.0603204	0.0500835	0.0139051	0.0141213	0.00421909
0.556162	-0.0603079	0.0500917	0.0150027	0.0163776	0.00565518
0.556174	-0.0602934	0.0500924	0.0146299	0.013721	0.00539915
0.55619	-0.0602722	0.0500996	0.0151782	0.015229	0.00599922
0.556207	-0.060257	0.0501068	0.0167298	0.0161872	0.00625826
0.556217	-0.0602449	0.0501069	0.014511	0.0158051	0.00464323
0.556232	-0.0602281	0.0501152	0.0144156	0.0159488	0.00554989
0.556239	-0.0602127	0.0501157	0.0123892	0.0164403	0.00426962
0.556249	-0.0602007	0.0501175	0.0139042	0.0163183	0.00683774
0.556259	-0.0601878	0.0501228	0.0120113	0.0163937	0.00578199
0.556264	-0.0601767	0.0501232	0.00968939	0.0141961	0.00395596
0.556268	-0.0601632	0.0501245	0.00785973	0.0129383	0.00287191
0.556274	-0.0601566	0.0501306	0.0111276	0.0124101	0.00721315
0.556274	-0.0601452	0.0501274	0.00824659	0.011427	0.00434432
0.556276	-0.0601361	0.0501303	0.0063488	0.0102773	0.00403558
0.556278	-0.0601288	0.0501338	0.0049795	0.00942479	0.0034538
0.556281	-0.0601203	0.0501371	0.00482957	0.00860808	0.00348681
0.556282	-0.060111	0.0501366	0.00388292	0.00773618	0.00237741
0.55628	-0.0601046	0.050136	0.00203665	0.00621243	0.00123592
0.556282	-0.0600973	0.0501397	0.00254506	0.00569302	0.00228777
0.556284	-0.0600863	0.0501393	0.00243725	0.0077884	0.00148756
0.556283	-0.0600813	0.0501382	0.00117559	0.00738494	0.000276978
0.556288	-0.0600711	0.0501432	0.00254226	0.0094945	0.00161921
0.556286	-0.0600612	0.0501396	0.00139193	0.0103515	0.000122284
0.556288	-0.0600598	0.0501433	0.00185799	0.00658278	0.0013875
0.556289	-0.0600511	0.0501448	0.00165804	0.00808815	0.00147535
0.556286	-0.0600449	0.0501402	0.00039334	0.00876896	-0.000539053
0.556286	-0.0600436	0.0501397	2.8028e-06	0.00558358	-0.000862536
0.556287	-0.060035	0.05014	0.000611925	0.0063156	-0.000462992
0.556289	-0.0600344	0.0501415	0.00114824	0.0036281	0.000612413
0.55629	-0.0600248	0.0501413	0.000627619	0.0062742	-3.54379e-05
0.556286	-0.0600206	0.0501367	-0.000919228	0.00508795	-0.00171018
0.556293	-0.0600092	0.0501418	0.00182213	0.00804396	0.000346938
0.556293	-0.0600132	0.0501442	0.00127127	0.00529635	0.000959143
0.55629	-0.0600123	0.0501403	-0.000107959	0.0035689	-0.00068023
0.556293	-0.0600062	0.0501446	0.000646031	0.00441226	0.000489163
0.556291	-0.0600064	0.0501443	0.000277659	0.00432812	0.000260177
0.556294	-0.0600041	0.0501461	0.00090553	0.00333893	0.000441289
0.556293	-0.060001	0.050148	0.000556523	0.00468596	0.000775153
0.556292	-0.0599992	0.0501473	0.000225311	0.00347192	0.000159046
0.556295	-0.0600007	0.0501521	0.00115122	0.00179734	0.001617
0.556295	-0.059999	0.0501536	0.000889737	0.00363404	0.0013268
0.556296	-0.0599957	0.0501549	0.00097637	0.00331543	0.00092356
0.556296	-0.0599996	0.0501589	-0.00103631	0.000713866	0.000717201
0.556295	-0.0599975	0.0501586	-0.000212606	0.00193495	0.00140729
0.556298	-0.0599969	0.0501625	0.00100111	0.0017224	0.00199714
0.556296	-0.060004	0.0501644	-0.000179155	-0.00152651	0.00155461
0.556301	-0.0599986	0.0501697	0.00187569	0.00132883	0.0038834
0.556303	-0.0600027	0.0501713	0.00194946	6.74434e-05	0.00297115
0.556301	-0.0600064	0.0501725	0.000603601	-0.00104031	0.00206679
0.556301	-0.0600083	0.0501732	0.000258165	-0.00163272	0.00129789
0.556304	-0.0600132	0.0501783	0.00084734	-0.00209393	0.00187988
0.556304	-0.0600137	0.0501788	0.00140377	-0.001054	0.00284914
0.556307	-0.060013	0.0501803	0.00167863	-0.000517598	0.0021134
0.556307	-0.0600189	0.050185	0.000848082	-0.00235077	0.00257098
0.556307	-0.0600237	0.0501853	0.00043903	-0.00316415	0.00173106
0.556307	-0.0600263	0.050184	0.000140948	-0.00265529	0.00037112
0.556309	-0.0600274	0.0501885	0.000802664	-0.00200164	0.00169339
0.556309	-0.060035	0.0501894	0.000187952	-0.00353857	0.000920417
0.55631	-0.0600372	0.0501928	0.000755071	-0.00437724	0.00220248
0.556312	-0.0600431	0.0501963	0.00217734	-0.00411695	0.00391859
0.556312	-0.0600454	0.0501988	0.00149741	-0.00378506	0.00349228
0.556312	-0.0600492	0.0501968	0.000657856	-0.00491973	0.00159948
0.55631	-0.0600566	0.0501981	0.000787866	-0.00535879	0.0032933
0.556313	-0.0600572	0.0501996	0.0011578	-0.0035421	0.00225404
0.556312	-0.0600653	0.0502005	0.000340212	-0.00464138	0.00175251
0.556312	-0.0600704	0.0502019	0.000353554	-0.00466505	0.0016661
0.556311	-0.0600709	0.0502021	9.91548e-05	-0.00316213	0.00142397
0.556315	-0.0600766	0.0502087	0.00143994	-0.00333614	0.002772
0.556313	-0.0600837	0.0502073	0.00109743	-0.00413069	0.00252529
0.556313	-0.0600839	0.0502092	0.000329119	-0.00241231	0.0019976
0.556312	-0.0600889	0.0502063	0.000248424	-0.00267745	0.000520241
0.556309	-0.0600934	0.0502065	-0.00070159	-0.00303806	0.000570463
0.556312	-0.0601014	0.0502113	0.000725232	-0.00379356	0.00192787
0.556311	-0.0601038	0.0502102	-0.000242101	-0.00272362	0.000466641
0.556311	-0.060104	0.0502102	-0.000207282	-0.00128439	0.000149901
0.556311	-0.0601132	0.0502135	0.000161415	-0.0051259	0.00155818
0.556311	-0.0601109	0.0502128	5.0593e-05	-0.00260214	0.000790561
0.556311	-0.0601139	0.0502124	-6.14232e-05	-0.00239262	0.000440921
0.556309	-0.06012	0.0502109	-0.000513557	-0.00390617	-0.000104017
0.556312	-0.0601183	0.0502135	0.000454976	-0.00183442	0.0007682
0.556307	-0.0601244	0.0502102	-0.00131036	-0.00279918	-0.000704306
0.556308	-0.0601307	0.0502091	-0.00015387	-0.0033226	-0.000450891
0.556307	-0.060128	0.0502091	-0.000828296	-0.0025347	-0.000520764
0.556308	-0.0601272	0.0502085	-0.000452871	-0.00183301	-0.000691883
0.556308	-0.0601325	0.050211	-5.2229e-05	-0.00280757	0.000329881
0.556308	-0.0601314	0.0502097	-0.000422538	-0.0032539	-0.000210102
0.556306	-0.0601349	0.050208	-0.00102409	-0.00309382	-0.000834912
0.556305	-0.0601411	0.0502085	-0.000602818	-0.00376767	-0.0006057
0.556306	-0.0601365	0.0502112	0.00014655	-0.000803714	0.000840381
0.556305	-0.0601414	0.0502095	-0.000521291	-0.00183719	-0.00034026
0.556302	-0.0601391	0.0502063	-0.000912078	9.06172e-05	-0.00108541
0.556302	-0.0601401	0.0502068	-0.00100495	-0.000594274	-0.000791644
0.556302	-0.0601424	0.0502076	-0.000273839	-0.000839579	-0.000268196
0.556303	-0.0601395	0.0502092	0.000184115	8.64777e-05	0.000487553
0.556299	-0.0601415	0.0502034	-0.00119889	0.000254964	-0.00175842
0.556302	-0.0601401	0.0502065	0.000833443	0.000782084	0.00134455
0.5563	-0.0601405	0.0502044	-4.8154e-05	0.000365447	0.000315653
0.556301	-0.0601393	0.050203	-0.000989801	-7.58413e-05	-0.00078409
0.556299	-0.0601356	0.0502036	-0.00107305	0.00144503	-0.000384965
0.556302	-0.0601379	0.0502083	7.41662e-05	0.000238306	0.00104645
0.556301	-0.0601342	0.0502032	-0.000376463	0.000965246	-0.000787759
0.556301	-0.0601371	0.0502043	-0.000730846	-0.000509052	-0.000584275
0.556301	-0.0601293	0.0502033	-0.000403825	0.0017648	-0.000702188
0.556302	-0.0601316	0.0502027	0.000273012	0.000736325	-0.000323497
0.556301	-0.0601263	0.050202	-0.000281735	0.00194053	-0.000353726
0.5563	-0.0601298	0.0501988	-0.00060531	5.86703e-05	-0.00125697
0.556299	-0.0601294	0.0501998	-8.17722e-05	0.000666084	-0.000358975
0.5563	-0.0601232	0.0501989	-6.90564e-05	0.00254879	-0.000746424
0.556299	-0.0601235	0.0501995	-0.00035379	0.00160642	-0.000542094
0.5563	-0.0601178	0.0501958	9.99874e-05	0.00265997	-0.00116931
0.556296	-0.0601173	0.0501937	-0.00116971	0.0014092	-0.0013425
0.556299	-0.0601154	0.0501965	0.00036873	0.00181274	-8.0018e-05
0.556297	-0.0601129	0.0501944	-0.000466029	0.00204407	-0.000973644
0.556298	-0.060107	0.0501954	-0.000413086	0.00285711	-0.000596934
0.556299	-0.0601065	0.0501965	-2.80813e-07	0.00200953	8.38164e-05
0.556298	-0.060101	0.0501916	-5.62753e-05	0.0032047	-0.00163419
0.556298	-0.0601057	0.0501926	-0.000128294	0.0037221	-0.00152007
0.556299	-0.0601004	0.0501944	-3.66267e-05	0.00435554	-0.000748725
0.556297	-0.0600993	0.050191	-0.000571148	0.0034412	-0.00176936
0.556301	-0.060098	0.0501955	0.00115164	0.0029316	0.000605494
0.556297	-0.0600945	0.0501905	0.000127707	0.00350712	-8.31672e-06
0.556299	-0.0600957	0.0501921	0.000594667	0.00199719	0.000416632
0.5563	-0.0600916	0.0501906	0.00057852	0.00240232	-7.65608e-05
0.556299	-0.0600929	0.0501917	0.000223966	0.0011372	0.000256834
0.556299	-0.060091	0.0501922	0.000180912	0.00141832	0.000703885
0.5563	-0.060088	0.0501923	0.000680911	0.00163003	0.000774666
0.556301	-0.0600876	0.0501898	0.000449662	0.00104046	-0.000576302
0.556299	-0.0600825	0.0501896	-8.46148e-05	0.00269983	-0.000511072
0.556302	-0.0600811	0.0501931	0.000771308	0.00204976	0.000783802
0.5563	-0.0600831	0.0501908	-0.000163417	0.00019704	-0.00011267
0.556304	-0.0600779	0.0501954	0.00113153	0.0020796	0.00138222
0.556301	-0.0600807	0.0501925	-0.000149569	0.000557703	-7.44083e-05
0.556305	-0.0600812	0.0501967	0.00117577	0.000269737	0.00134616
0.556303	-0.0600803	0.0501946	0.000178746	0.000487223	0.000207839
0.556303	-0.0600787	0.0501916	-1.23994e-05	0.000814486	-0.000869207
0.556303	-0.0600799	0.0501955	0.00028016	0.000175881	0.000713778
0.556302	-0.0600787	0.0501933	-0.000397896	0.000924701	-0.000236122
0.556303	-0.0600787	0.050195	-0.000687483	-0.00011665	-8.19523e-05
0.556305	-0.060081	0.0501987	-4.81195e-05	-0.00095734	0.00101378
0.556304	-0.0600794	0.0501964	-0.000629446	0.000156443	-0.000502097
0.556304	-0.0600844	0.0501974	-0.000513963	-0.00145943	-0.00016791
0.556305	-0.0600808	0.0501989	0.000454243	0.000310736	0.000789509
0.556305	-0.0600886	0.050201	-0.000157148	-0.00252502	0.000805287
0.556305	-0.060083	0.0501997	-0.000521308	-0.000215033	-4.23115e-05
0.556302	-0.0600852	0.0501969	-0.00103047	-0.000885455	-0.000581149
0.556302	-0.0600876	0.0501978	-0.000301789	-0.000984591	-0.000141809
0.556302	-0.0600865	0.0501957	-0.000123956	-0.000639463	-0.00050379
0.556303	-0.0600877	0.050196	-0.000244861	-0.000539138	-0.000624061
0.556303	-0.0600891	0.0501986	-8.83679e-05	-0.00077021	0.000311398
0.556301	-0.0600943	0.0501981	-0.000627736	-0.00219454	0.000103671
0.556301	-0.0600957	0.0501978	-0.000129265	-0.00144172	3.0733e-05
0.556298	-0.0600956	0.0501962	-0.000958929	-0.00118247	-0.000469876
0.556299	-0.0600964	0.0501958	-0.000217824	-0.000701059	-7.26006e-05
0.5563	-0.0600962	0.0501953	-0.000148776	-0.000438378	-0.000628988
0.556301	-0.0601005	0.0502002	0.000340191	-0.00162117	0.00126026
0.556301	-0.0601022	0.0502006	0.000191372	-0.00161665	0.000970642
0.556301	-0.060109	0.0502016	0.000121191	-0.00257373	0.000867759
0.556298	-0.0601051	0.0501993	-0.000772699	-0.000946562	-8.67473e-05
0.556297	-0.0601086	0.050197	-0.00072359	-0.00117647	-0.000922114
0.5563	-0.0601105	0.0502	0.000311472	-0.00160322	0.000471383
0.556297	-0.0601137	0.0501997	-0.000478488	-0.00170721	0.000283378
0.556296	-0.0601159	0.0501981	-0.000357513	-0.00174441	-0.000326762
0.556298	-0.0601155	0.0502027	-5.02844e-06	-0.00153434	0.000924989
0.556298	-0.0601184	0.050201	-7.1694e-05	-0.00210813	0.000109791
0.556297	-0.0601167	0.0502006	-0.00016509	-0.000361431	0.000145885
0.556297	-0.0601212	0.0502022	8.10996e-05	-0.00122011	0.00072222
0.556298	-0.0601247	0.0502005	0.00055318	-0.00181297	-2.96416e-05
0.556295	-0.0601304	0.0502004	-0.000723688	-0.00299331	-8.37672e-05
0.556294	-0.0601273	0.0502004	-0.000665573	-0.000970578	-2.48584e-05
0.556295	-0.0601274	0.0501978	0.000111596	-0.00060754	-0.000679609
0.556295	-0.0601258	0.0501984	-0.000135703	0.000124829	-0.000407116
0.556295	-0.0601263	0.0501972	-0.000301866	-0.000543191	-0.000555638
0.556298	-0.06013	0.0502038	0.00109105	-0.00092815	0.00172172
0.556298	-0.0601297	0.0502022	0.000517485	-0.000705913	0.000708243
0.556297	-0.0601264	0.050201	0.000200682	0.000967867	-3.35059e-05
0.556294	-0.0601336	0.0501999	-0.00108821	-0.00172177	-0.00078356
0.556296	-0.0601305	0.0501997	0.000235228	7.90198e-05	5.78325e-05
0.556295	-0.060132	0.0501999	-0.000470574	-0.000593738	-0.000408315
0.556295	-0.0601335	0.0502005	-0.000340709	-0.000890936	-0.000257247
0.556295	-0.0601321	0.0501997	-0.000502802	-0.00229706	-0.000350265
0.556296	-0.0601325	0.0502007	0.000218168	-0.00108822	0.000187323
0.556291	-0.0601334	0.0501949	-0.00125199	-0.00120288	-0.0014282
0.556292	-0.0601356	0.0501982	-0.000298695	-0.00124089	0.000281107
0.556297	-0.0601336	0.0502009	-4.39655e-05	-0.000990652	0.000111696
0.556296	-0.0601366	0.0502005	-0.000568776	-0.00187937	-4.23741e-05
0.556294	-0.0601306	0.0501991	-0.000856587	0.000641771	-0.000673255
0.556292	-0.0601283	0.0501948	-0.00115846	0.00122034	-0.00162426
0.556296	-0.060129	0.0502005	0.000292807	9.7727e-05	0.000681135
0.556295	-0.060127	0.0501978	-0.000370238	0.000885311	-0.000710901
0.556296	-0.0601285	0.0502001	7.6429e-05	0.000148328	0.000197677
0.556292	-0.0601281	0.0501955	-0.00108009	-0.00331908	-0.000245272
0.556294	-0.0601228	0.0501959	0.000118085	-0.000754068	5.08493e-05
0.556296	-0.0601274	0.0501982	0.0006012	-0.00220496	0.000866113
0.556295	-0.0601231	0.0501981	0.000532444	-0.000506361	0.00116537
0.556294	-0.0601277	0.0501963	-0.000215643	-0.00219384	5.8557e-05
0.556293	-0.0601234	0.0501947	-0.000638949	-0.000214983	-0.000627853
0.556295	-0.0601226	0.0501957	0.000359176	4.48954e-06	-8.02079e-05
0.556294	-0.0601243	0.0501952	-0.000210035	-0.000168164	-0.000290785
0.556293	-0.0601216	0.0501948	-0.000413283	0.000871817	-0.000325912
0.556299	-0.0601206	0.0502005	0.00166081	0.000548336	0.00181249
0.556293	-0.0601201	0.050194	-0.00086783	0.000801957	-0.00106016
0.556292	-0.0601208	0.050194	-0.000695666	-4.15255e-05	-0.00073428
0.556292	-0.0601163	0.0501927	-0.000796021	0.00092331	-0.000858083
0.556293	-0.0601151	0.0501935	0.000543761	0.00141217	0.000320095
0.556289	-0.0601107	0.050189	-0.000758608	0.00212795	-0.00106836
0.556294	-0.0601108	0.0501913	0.000417907	0.00110983	-0.000491283
0.556293	-0.0601106	0.0501932	-9.78622e-05	0.000684189	0.000117722
0.556295	-0.0601087	0.050194	0.000376574	0.00105927	0.000294236
0.556295	-0.0601073	0.0501953	-3.42046e-05	0.00247275	-0.000171363
0.556294	-0.0601088	0.0501952	-0.000335838	0.00121811	-6.79221e-05
0.556292	-0.0601077	0.0501916	-0.000804157	0.0012241	-0.00131942
0.556291	-0.0601077	0.0501924	-0.00104582	0.00083908	-0.000759509
0.556294	-0.060104	0.050193	0.000100968	0.00183584	-0.00037232
0.556294	-0.060106	0.0501927	-0.000119117	0.000179841	-0.000393012
0.556294	-0.0601042	0.0501923	0.00027743	0.000726381	-0.000217732
0.556293	-0.0601042	0.050192	-0.000239947	0.000423712	-0.000395966
0.556295	-0.0601024	0.0501944	0.000486508	0.00219141	0.000642476
0.556299	-0.0600993	0.0501979	0.00159447	0.00244297	0.00153659
0.556295	-0.0601006	0.0501937	-0.000313257	0.000838881	-0.000377064
0.556294	-0.0601006	0.0501926	-0.000700323	0.000552959	-0.000647869
0.556296	-0.0600994	0.0501942	0.00020566	0.00115394	0.000113451
0.556293	-0.0601005	0.0501908	-0.000676281	0.000215277	-0.00094143
0.556295	-0.0600985	0.0501948	0.000283187	0.000852045	0.000739969
0.556296	-0.0601022	0.0501938	0.000217435	-0.00102071	0.000315997
0.556294	-0.0600965	0.05019	-0.000286081	0.000696403	-0.00101227
0.556296	-0.0600993	0.050195	0.0004908	-0.000266101	0.000860799
0.556297	-0.060099	0.0501956	0.000668913	-5.37834e-05	0.000650756
0.556294	-0.0600972	0.0501921	-0.000647867	0.000627061	-0.000686129
0.556297	-0.0600981	0.0501958	0.000633548	-0.000225555	0.00108857
0.556298	-0.0600971	0.050197	0.000836453	0.000435926	0.0009269
0.556295	-0.0601002	0.0501909	-0.000442647	-0.000596831	-0.00120821
0.556296	-0.0600945	0.0501929	9.97141e-06	0.00077603	0.000161872
0.556297	-0.0600942	0.0501962	0.000342382	0.0006291	0.000739765
0.556296	-0.060099	0.050196	-0.000354597	-0.00117392	0.000255331
0.556298	-0.0601004	0.0501958	0.000116592	-0.00130446	-0.000125117
0.556295	-0.0600998	0.0501941	-0.000452204	-0.000958447	-5.16562e-05
0.556297	-0.0600958	0.0501939	0.000502788	0.000604421	0.000111116
0.556293	-0.0601	0.0501905	-0.000898969	-0.00136514	-0.000867797
0.556293	-0.0601001	0.0501908	-0.0010062	-0.0010473	-0.0007995
0.556296	-0.0600973	0.0501939	0.000398921	0.000921742	0.000120652
0.556292	-0.0601018	0.0501902	-0.000949222	-0.000678359	-0.000870864
0.556296	-0.0600963	0.0501945	0.000924171	0.00103699	0.00108921
0.556295	-0.060098	0.0501908	-0.00029806	-9.04382e-05	-0.00086436
0.556295	-0.0600993	0.0501929	-0.000256255	-0.000548411	-1.5869e-05
0.556295	-0.0601025	0.0501939	-7.42117e-05	-0.00140848	0.000361422
0.556296	-0.0600971	0.050193	0.000273754	0.00124769	-0.000196843
0.556296	-0.0601034	0.0501972	6.70664e-05	-0.00120061	0.00107254
0.556292	-0.0601054	0.0501908	-0.00108782	-0.00175159	-0.00118891
0.556293	-0.0600984	0.0501925	-0.000449298	0.00105509	-0.000151528
0.556294	-0.0601054	0.050195	0.000130638	-0.00125228	0.000629219
0.556292	-0.0601029	0.0501923	-0.000579601	4.62856e-05	-0.000592603
0.556292	-0.0601066	0.0501918	-0.000604029	-0.00110826	-0.000534133
0.556294	-0.0601058	0.0501944	0.000542781	-0.000435446	0.000826684
0.556292	-0.0601053	0.0501903	-0.000250486	-0.000488721	-0.000569083
0.556292	-0.0601028	0.0501918	-0.000318465	0.000704385	-0.000327316
0.556292	-0.0601084	0.0501918	-0.000481794	-0.00173251	-0.000196197
0.556291	-0.0601049	0.0501915	-0.000526938	-0.000101892	-0.000234028
0.556293	-0.0601029	0.0501909	0.000371115	0.000621861	-1.94662e-05
0.55629	-0.0601081	0.0501898	-0.000801832	-0.00138758	-0.000594761
0.556287	-0.0601057	0.0501863	-0.00123546	0.000371551	-0.00144458
0.556288	-0.0601092	0.0501874	-0.000431355	-0.00117648	-0.000414015
0.556289	-0.0601074	0.0501875	-0.000354777	-0.000355511	-0.000542995
0.556287	-0.0601093	0.0501857	-0.000929261	-0.000928583	-0.0010459
0.55629	-0.060108	0.0501918	0.000751163	-0.000148837	0.00137037
0.556286	-0.0601094	0.050186	-0.000884165	-0.000496785	-0.000631795
0.556288	-0.0601082	0.0501889	1.17141e-05	0.000386764	8.01357e-05
0.556287	-0.060114	0.0501871	-0.000353468	-0.00149907	-0.000324147
0.556286	-0.0601082	0.0501838	-0.00055389	0.000987613	-0.00122559
0.556288	-0.0601109	0.0501883	0.000158803	-0.000693482	0.000473322
0.556288	-0.0601122	0.0501865	1.47262e-05	-0.00105422	-0.000352076
0.556286	-0.0601077	0.050185	-0.000240388	0.000834602	-0.000400668
0.556284	-0.0601114	0.0501822	-0.00104546	-0.000279961	-0.00122109
0.556285	-0.0601116	0.0501837	-0.000299996	-0.000576183	-0.00056142
0.556286	-0.060111	0.0501851	-1.15499e-05	-0.000323576	2.55858e-05
0.556285	-0.0601083	0.0501828	-0.000120311	0.000750884	-0.000406712
0.556285	-0.0601122	0.050183	-0.00296584	-0.000710535	-0.00185517
0.556288	-0.0601114	0.0501853	-0.00120586	-0.000782574	-0.000473095
0.556283	-0.0601152	0.0501794	-0.00257528	-0.00164105	-0.00274895
0.556288	-0.0601126	0.0501865	-0.000584572	-0.00063886	0.000398627
0.556285	-0.0601128	0.0501823	-0.00133253	-0.000243024	-0.00136672
0.556288	-0.0601138	0.0501855	4.31811e-05	-0.000381786	0.000420314
0.556286	-0.0601114	0.0501846	-0.000798604	0.00012848	-0.000175315
0.556286	-0.0601106	0.0501846	-0.00034448	0.0011111	5.35243e-05
0.556286	-0.0601116	0.0501832	-0.000271204	0.000219857	-0.000378662
0.556285	-0.0601169	0.050183	-0.000373915	-0.00202977	-0.000180969
0.556285	-0.0601159	0.0501827	-0.000301429	-0.000823698	-0.000309929
0.556287	-0.0601123	0.0501856	0.000276954	0.000656084	0.000493843
0.556286	-0.0601148	0.0501838	-0.000313674	-0.000791011	-0.000377757
0.556287	-0.0601166	0.0501838	0.000201916	-0.000416536	-2.40031e-05
0.556286	-0.0601152	0.0501832	-0.000236229	-0.000518622	-0.000452932
0.556284	-0.0601174	0.0501821	-0.00046884	-0.000465386	-0.000532852
0.556287	-0.0601176	0.050185	0.000657403	-0.000689843	0.000487173
0.556284	-0.0601223	0.0501843	-0.000772571	-0.00172985	-8.40168e-05
0.556286	-0.0601197	0.0501839	0.000225383	-0.00054206	0.000131297
0.556285	-0.0601195	0.0501826	3.65945e-05	-0.000396147	-9.49561e-05
0.556283	-0.0601209	0.050182	-0.000431111	-0.000377374	-0.0003213
0.556288	-0.0601174	0.0501857	0.00092169	0.000574405	0.00076537
0.556285	-0.0601194	0.0501822	-0.000194603	-0.000327206	-0.000362191
0.556286	-0.0601189	0.050185	0.000395755	-6.86576e-05	0.000798492
0.556286	-0.0601192	0.050183	0.000186577	-0.000151265	-0.000125935
0.556284	-0.0601194	0.0501831	-1.84662e-05	-8.4899e-05	0.000159491
0.556286	-0.0601217	0.0501856	8.52027e-05	-0.000557377	0.000321847
0.556284	-0.0601213	0.0501834	-0.000485754	-0.000482122	-0.000216767
0.556283	-0.060123	0.0501821	0.000236802	-0.000106451	0.000140765
0.556287	-0.0601203	0.050185	0.00160001	0.000890296	0.000946353
0.556284	-0.060123	0.0501837	0.000267362	-0.00062098	0.000372415
0.556284	-0.0601209	0.0501841	0.00286202	0.000819622	0.00188975
0.556286	-0.0601222	0.0501844	0.00283728	0.000211129	0.00164893
0.556285	-0.0601204	0.0501845	0.00170134	0.00113367	0.000805101
0.556286	-0.0601234	0.0501848	0.00143207	0.000642836	0.000434748
0.556285	-0.0601218	0.0501829	0.000978919	0.000489256	0.000171931
0.556286	-0.060121	0.0501844	0.00107136	0.000447525	0.000797865
0.556286	-0.0601186	0.0501844	0.000932456	0.00146603	0.000627967
0.556285	-0.0601266	0.0501852	0.00155786	-0.000716732	0.00119117
0.556288	-0.0601225	0.0501873	0.00170735	0.000246735	0.00130756
0.556288	-0.0601198	0.0501854	0.00123907	0.00119672	0.000120486
0.556288	-0.0601246	0.0501881	0.000829375	-0.000678875	0.000922806
0.556287	-0.0601237	0.0501869	0.000670437	-0.000411705	0.00068673
0.556286	-0.0601247	0.0501836	-1.67168e-05	0.000108458	-0.000582854
0.556286	-0.0601254	0.0501857	0.000128022	-0.00033682	0.000462946
0.556286	-0.0601265	0.0501854	-1.24739e-05	-0.000237204	0.00013117
0.556285	-0.0601209	0.0501838	-4.13289e-05	0.00183779	-0.000469545
0.556289	-0.0601245	0.0501888	0.00126544	4.23248e-05	0.00137324
0.556288	-0.0601265	0.0501878	9.95027e-05	-0.000685426	0.000200705
0.556289	-0.0601279	0.0501884	0.000557719	-0.000870098	0.000570179
0.556289	-0.0601253	0.0501881	0.000432761	-6.15063e-05	0.000383056
0.556286	-0.0601314	0.050187	-0.00106601	-0.00363708	-0.000472713
0.556287	-0.0601237	0.0501876	-0.000122724	0.000210597	0.000236871
0.556292	-0.0601252	0.0501947	0.00143069	-0.000526982	0.00217466
0.556291	-0.060129	0.0501915	0.000717784	-0.00163985	0.00066287
0.55629	-0.0601306	0.0501906	0.000264337	-0.00168748	0.000227824
0.556289	-0.0601307	0.0501909	-0.000597058	-0.00134803	-0.000279422
0.556292	-0.0601284	0.0501938	0.000478993	-0.000125958	0.000803385
0.55629	-0.0601275	0.050193	0.000113712	-0.000142133	0.00074898
0.556289	-0.0601258	0.0501896	-0.000426803	0.00110703	-0.000719906
0.556292	-0.0601267	0.0501921	0.000958813	0.000536039	0.000364999
0.556294	-0.0601306	0.050197	0.00135816	-0.000893195	0.00184328
0.55629	-0.0601259	0.0501898	-0.000642016	0.000907645	-0.00152417
0.556293	-0.0601296	0.0501942	0.000398832	-0.000641538	0.000311406
0.556294	-0.0601267	0.0501946	0.000413831	0.000159378	0.000456201
0.55629	-0.0601301	0.0501915	-0.000916612	-0.00077911	-0.000854995
0.556294	-0.0601302	0.050197	0.000888733	-5.58578e-05	0.00124518
0.55629	-0.0601258	0.0501921	-0.000660233	0.00126531	-0.000342869
0.556292	-0.0601311	0.0501949	0.000425089	-0.000545641	0.000727058
0.556292	-0.0601271	0.0501951	0.000173531	0.0006777	0.00055958
0.556293	-0.0601324	0.0501956	0.00036602	-0.00112057	0.000202899
0.556291	-0.0601289	0.0501932	-0.000640879	0.000125809	-0.00079516
0.556293	-0.0601292	0.0501971	0.00023779	0.000267447	0.000742133
0.556294	-0.0601293	0.0501955	0.000622587	0.000292706	0.000302393
0.556293	-0.06013	0.0501951	-9.67326e-05	-0.000430183	-5.79095e-05
0.55629	-0.0601319	0.0501921	-0.000755459	-0.000591818	-0.000822383
0.55629	-0.0601336	0.0501931	-0.000851544	-0.000933056	-0.00051166
0.556295	-0.0601321	0.0501984	0.00120511	-0.00010149	0.00130445
0.556292	-0.0601315	0.0501932	-0.0004191	5.47551e-05	-0.000949883
0.556291	-0.0601304	0.0501919	-0.000603097	0.000466667	-0.000848016
0.556288	-0.0601314	0.0501887	-0.00134095	-6.39386e-06	-0.00173981
0.556293	-0.0601303	0.0501949	0.000483799	0.00350244	-0.000315147
0.55629	-0.0601301	0.0501924	-0.000355147	0.00298564	-0.00116647
0.556291	-0.0601302	0.0501928	2.92371e-05	0.00231848	-0.00036781
0.556292	-0.0601318	0.0501953	0.000478574	0.000847857	0.000804839
0.556291	-0.0601285	0.0501907	0.000173448	0.00205251	-0.00110495
0.55629	-0.0601318	0.0501923	-0.000248745	0.000468	-0.000258912
0.55629	-0.0601273	0.0501916	-0.000154237	0.00190467	-0.000407541
0.556291	-0.0601273	0.050191	6.19275e-05	0.00133003	-0.000517478
0.556291	-0.0601301	0.0501937	6.42452e-05	-5.04625e-05	0.000493921
0.556294	-0.0601278	0.0501956	0.000871153	0.000745222	0.00062961
0.556292	-0.0601334	0.0501923	-3.0444e-05	-0.00131428	-0.000434906
0.556289	-0.0601326	0.0501901	-0.000881313	-0.000551788	-0.00093413
0.556289	-0.0601309	0.0501917	-0.000742554	0.000142789	-0.000422301
0.556291	-0.0601287	0.0501928	-0.000108127	0.000733772	-0.00022518
0.556291	-0.0601287	0.0501922	-0.000159645	0.000497747	-0.000325532
0.556291	-0.0601302	0.0501926	-1.08939e-05	-0.000154219	-6.85505e-06
0.556287	-0.0601301	0.0501871	-0.00115823	-0.000147202	-0.00123029
0.556289	-0.0601325	0.0501904	0.000115982	-0.000848989	0.000517493
0.556289	-0.0601321	0.0501929	9.5366e-05	-0.000468183	0.000883618
0.55629	-0.0601334	0.0501908	0.000411876	-0.000424047	-0.000269459
0.55629	-0.0601326	0.0501911	0.000116764	-0.00024018	-6.81745e-05
0.556287	-0.0601314	0.0501891	-0.00083088	0.000152339	-0.000716247
0.556287	-0.0601325	0.0501891	-0.000553944	0.000101956	-0.00047763
0.556289	-0.0601311	0.0501912	0.000330623	0.000278757	0.000400924
0.556286	-0.0601318	0.0501877	-0.000720704	-0.000141723	-0.000906189
0.556287	-0.0601285	0.0501858	-0.000506763	0.000891539	-0.00143146
0.556289	-0.0601294	0.0501893	0.000861428	0.000455475	0.000821593
0.556288	-0.0601327	0.0501894	8.35152e-06	-0.000846754	0.000291717
0.556286	-0.0601316	0.0501884	-0.000715955	-0.000220987	-0.000240807
0.556287	-0.0601313	0.0501875	5.28391e-05	-5.82786e-05	-0.000192084
0.556287	-0.0601332	0.0501888	-1.66324e-05	-0.000593214	0.000455152
0.556286	-0.0601317	0.0501867	-0.000464955	4.7844e-05	-0.000684929
0.556283	-0.0601338	0.050184	-0.000829894	-0.000142837	-0.000915496
0.556282	-0.0601344	0.0501821	-0.000923081	-0.000184041	-0.00127361
0.556283	-0.0601281	0.0501856	-0.000662893	0.00148661	-0.000148425
0.556284	-0.0601353	0.0501853	-2.61252e-05	-0.00106863	1.9011e-05
0.556284	-0.0601343	0.0501855	-0.00010588	-0.000703421	-0.000163245
0.556285	-0.0601318	0.0501868	0.000230149	0.000643003	0.000286666
0.556286	-0.0601316	0.0501876	0.00083011	0.000648279	0.000780723
0.556286	-0.060132	0.0501885	0.000699704	-3.74043e-05	0.00107595
0.556283	-0.0601357	0.0501837	-0.000725943	-0.000997371	-0.000934893
0.556284	-0.0601309	0.0501829	-0.000126283	0.00102136	-0.00089219
0.556286	-0.0601326	0.0501873	0.000389112	-0.000693957	0.000631434
0.556286	-0.0601311	0.050186	0.000449038	0.000576886	4.6075e-05
0.556287	-0.0601332	0.0501877	0.000536929	-0.000483086	0.000719947
0.556285	-0.0601364	0.0501856	-0.000378728	-0.00111609	-0.000268745
0.556285	-0.0601365	0.0501873	-0.00045314	-0.000756117	-7.76354e-07
0.556286	-0.060138	0.0501879	0.000184882	-0.000911314	0.000431376
0.556285	-0.0601352	0.0501856	-0.000195724	0.000336989	-0.000498613
0.556286	-0.0601336	0.0501869	0.00307676	0.00151072	0.00185497
0.556288	-0.0601375	0.0501913	0.00269882	-0.000299599	0.00246928
0.556287	-0.0601319	0.0501869	0.00167355	0.00125538	0.000281845
0.556287	-0.0601329	0.0501878	0.00155993	0.000935446	0.000858857
0.556286	-0.060135	0.0501869	0.0010173	5.89108e-05	0.000429041
0.556287	-0.0601313	0.0501877	0.00103562	0.00128054	0.00066254
0.556287	-0.0601336	0.0501859	0.000676916	-0.000245633	3.89612e-06
0.556289	-0.060132	0.0501901	0.00101455	0.000546085	0.00090394
0.556289	-0.0601327	0.0501887	0.000552144	0.00026296	0.00033563
0.556289	-0.0601327	0.0501891	0.000292898	0.00382326	-0.000686888
0.556291	-0.060132	0.0501914	0.000994281	0.00303897	-9.68446e-05
0.556291	-0.060137	0.0501914	0.000429413	0.000574401	-0.000236336
0.556291	-0.0601336	0.05019	0.000637656	0.00172351	-0.000330724
0.556288	-0.0601316	0.0501881	-0.000625238	0.00199249	-0.000785944
0.556291	-0.0601337	0.0501908	0.000578267	0.000715977	0.000394134
0.556292	-0.0601277	0.0501887	0.000296708	0.00202079	-0.000772634
0.556293	-0.0601285	0.0501923	0.000943981	0.00113613	0.000991891
0.556295	-0.0601278	0.0501948	0.000906122	0.000920092	0.00112725
0.556294	-0.0601277	0.0501923	0.0005903	0.00107001	5.43754e-05
0.556292	-0.0601255	0.0501904	-0.000454951	0.00153924	-0.000631559
0.556291	-0.0601322	0.0501893	-0.000651086	-0.00110072	-0.000696356
0.556291	-0.0601278	0.0501897	-0.000323813	0.000318795	-0.000470851
0.556293	-0.0601265	0.0501913	0.000330087	0.000945293	3.31814e-05
0.556293	-0.0601267	0.0501916	0.000208705	0.00103443	-8.831e-05
0.556294	-0.0601273	0.0501921	0.000503475	0.000282702	0.000174947
0.556292	-0.0601288	0.0501911	1.68487e-05	-0.000326285	0.000167589
0.55629	-0.0601269	0.050187	-0.00078787	2.5799e-05	-0.000983538
0.556293	-0.0601271	0.050191	0.000202254	-0.000315203	0.000320194
0.556295	-0.0601292	0.0501928	0.000775164	-0.000515759	0.00093013
0.556292	-0.060127	0.0501903	-0.000243346	0.000491528	-0.000446434
0.556295	-0.0601221	0.050191	0.000246875	0.0014601	-0.000258986
0.556294	-0.0601237	0.0501903	-0.000382309	0.000304247	-0.000616798
0.556293	-0.0601265	0.0501917	-0.000291628	-0.000269725	0.000221716
0.556292	-0.060127	0.0501913	2.02591e-05	-0.000505476	0.000494147
0.556291	-0.0601233	0.0501885	-0.000463515	0.000511225	-0.00074627
0.556292	-0.0601243	0.0501891	0.000217271	-4.46115e-05	0.000127632
0.556292	-0.0601257	0.0501893	0.000280669	-0.000539091	0.000329896
0.556293	-0.0601252	0.0501877	9.82453e-06	5.03259e-05	-0.000659351
0.556292	-0.060124	0.0501894	-0.000330678	0.000527942	-0.000157207
0.55629	-0.0601233	0.0501877	-0.000615297	0.000752477	-0.000358767
0.556291	-0.0601261	0.050188	-0.000233321	-0.00052413	-0.000243045
0.556293	-0.0601232	0.0501902	0.000310253	-0.000168789	0.000716685
0.556293	-0.0601251	0.0501889	0.000558445	-0.000603028	9.35687e-05
0.55629	-0.0601248	0.0501847	-0.000967604	-0.00030734	-0.00137341
0.55629	-0.0601249	0.0501855	-0.000644779	-0.000206489	-0.000914992
0.55629	-0.0601265	0.0501853	-9.56554e-05	-0.000563578	-0.000392424
0.556291	-0.0601247	0.050185	-0.000188889	7.36249e-05	-0.000685872
0.556287	-0.0601256	0.0501821	-0.00105747	-0.000134454	-0.00110988
0.55629	-0.0601293	0.0501876	-0.000115661	-0.00148087	0.000714948
0.556289	-0.060123	0.0501831	0.000198719	0.00164389	-0.000679683
0.556288	-0.0601286	0.050183	-0.000312255	-0.000589091	-0.00035716
0.556288	-0.0601276	0.0501831	-8.54979e-05	-0.000387911	-4.15321e-05
0.556288	-0.0601267	0.0501817	-0.00039335	0.000195432	-0.000824633
0.556288	-0.0601274	0.0501811	-0.000121119	-0.000401376	-0.000644054
0.556289	-0.0601298	0.0501815	-7.19904e-05	-0.000757437	-0.000390468
0.556285	-0.0601298	0.0501786	-0.000741242	-0.000730087	-0.000971254
0.556289	-0.0601244	0.050181	0.000313597	0.000754661	6.96654e-05
0.556289	-0.0601264	0.0501834	-5.00688e-05	-4.58189e-05	0.000259561
0.556288	-0.0601313	0.0501819	-0.000334578	-0.000802227	-0.000230295
0.556292	-0.0601294	0.0501856	0.00107133	-0.000116514	0.00121142
0.556287	-0.0601349	0.0501815	-0.000616922	-0.00146167	-0.00041046
0.556285	-0.0601357	0.0501799	-0.000690223	-0.00106301	-0.000761669
0.556283	-0.0601352	0.0501767	-0.0012539	-0.000880524	-0.00141449
0.556285	-0.0601309	0.0501775	-0.000299639	0.00107188	-0.000856495
0.556284	-0.0601345	0.0501787	-0.000460317	-0.000374074	-0.000202349
0.556287	-0.0601337	0.050181	0.000752645	0.000100416	0.000656992
0.556287	-0.060137	0.0501808	7.37935e-05	-0.00115718	-0.000141437
0.556285	-0.0601329	0.0501798	-0.000365703	0.000258951	8.88874e-06
0.556286	-0.0601383	0.0501809	-7.42121e-06	-0.00139473	0.000280875
0.556282	-0.0601371	0.0501749	-0.00122376	-0.000805549	-0.00163003
0.556282	-0.0601394	0.0501765	-0.00155006	-0.00125758	-0.00190416
0.556282	-0.0601364	0.0501746	-0.00108065	0.000246839	-0.0021516
0.556284	-0.0601378	0.0501804	-0.000237478	-0.000752707	0.000186825
0.556284	-0.0601422	0.0501794	-0.000579156	-0.0021483	-0.000271876
0.556282	-0.0601436	0.0501779	-0.000663587	-0.00151905	-0.000705539
0.55628	-0.0601432	0.0501735	-0.000988033	-0.000680311	-0.00161418
0.556281	-0.0601396	0.0501758	-0.000213295	0.000781352	-0.000507882
0.556281	-0.0601448	0.0501728	-0.000749308	-0.00132661	-0.00165179
0.556284	-0.060145	0.0501814	0.000556706	-0.000601356	0.00149209
0.556281	-0.0601437	0.050174	-0.000469571	-0.000239506	-0.00115596
0.55628	-0.0601444	0.050175	-0.000456381	-0.000131047	-0.000540864
0.556282	-0.0601467	0.0501782	0.000467557	-0.000296936	0.000736519
0.556281	-0.0601434	0.0501742	4.48523e-05	0.000685645	-0.000828684
0.556283	-0.0601456	0.0501787	0.000319562	-0.000402021	0.000770643
0.556283	-0.0601435	0.050179	0.000393329	0.000865479	0.000625711
0.556281	-0.0601467	0.0501747	-0.000624363	-0.000816988	-0.00107152
0.556283	-0.0601485	0.050179	0.000352982	-0.000796127	0.000851507
0.556278	-0.0601488	0.0501737	-0.00117946	-0.000908054	-0.0010083
0.556283	-0.0601469	0.0501775	0.000348029	0.000209597	0.000260073
0.556281	-0.0601474	0.0501787	-7.57214e-05	0.000128729	0.000651661
0.55628	-0.0601499	0.0501733	-0.00066919	-0.00069521	-0.00118503
0.556281	-0.0601477	0.0501775	0.000312027	0.000317098	0.000578989
0.556281	-0.0601491	0.0501781	0.000397534	-0.000211689	0.000848865
0.556281	-0.0601512	0.0501757	-6.26328e-05	-0.000842304	-0.000439978
0.556278	-0.0601482	0.0501735	-0.000815539	0.000822011	-0.00107215
0.556279	-0.06015	0.0501754	-0.000328739	8.16201e-05	-0.000111654
0.556282	-0.0601525	0.0501767	0.000339283	-0.000861882	0.000100524
0.556282	-0.0601506	0.0501794	0.000553552	0.000127244	0.00107233
0.556281	-0.0601511	0.0501758	-0.000304701	-0.000158587	-0.000639579
0.556278	-0.0601523	0.0501718	-0.000636347	-0.000312074	-0.00119573
0.556282	-0.0601508	0.0501772	0.00030952	8.68449e-05	0.000586495
0.556279	-0.0601531	0.0501747	-0.000575847	-0.00100563	-0.000371833
0.556282	-0.0601463	0.0501765	0.0008	0.00166479	0.000497905
0.556281	-0.0601545	0.0501765	-6.45443e-05	-0.00170064	0.000216559
0.556282	-0.0601518	0.0501784	0.000762426	0.000187748	0.000934165
0.556283	-0.0601508	0.0501799	0.000433799	8.02346e-05	0.0010377
0.556282	-0.0601489	0.0501749	0.000232647	0.00103797	-0.000755032
0.556283	-0.0601521	0.0501792	0.000379629	-0.000284643	0.000715221
0.556281	-0.0601528	0.0501771	-0.000369769	-0.000380948	-0.000196536
0.556279	-0.0601551	0.0501754	-0.000913143	-0.000993522	-0.000673047
0.55628	-0.0601516	0.0501746	-0.000306119	0.000503551	-0.00071607
0.556278	-0.0601523	0.0501732	-0.000723047	-0.00153798	-0.000532692
0.556276	-0.0601573	0.0501725	-0.00121351	-0.00290578	-0.000862461
0.55628	-0.0601542	0.0501782	0.000517503	-0.00105241	0.00131716
0.556279	-0.0601575	0.050176	0.000139114	-0.00148358	7.19967e-05
0.556279	-0.0601521	0.0501755	-0.000553669	0.000394655	-0.000334812
0.556279	-0.0601582	0.0501756	-0.000247408	-0.00184633	-0.000102559
0.556279	-0.0601622	0.0501757	-0.000100252	-0.00178577	0.000131605
0.55628	-0.0601565	0.0501761	4.08374e-05	0.000454778	-3.69632e-06
0.55628	-0.0601594	0.0501778	0.000793517	-0.000573857	0.00107554
0.556278	-0.0601572	0.0501746	-0.0005041	-0.00333603	0.000493062
0.556278	-0.0601538	0.0501736	-1.9794e-05	-0.00134525	0.000152854
0.556278	-0.0601573	0.0501752	-0.000319375	-0.0028244	0.000475411
0.556278	-0.0601622	0.050178	0.000320166	-0.00283399	0.00169706
0.556276	-0.0601607	0.0501744	-0.000458777	-0.00178889	-0.000213772
0.556277	-0.0601589	0.0501738	3.0241e-05	-0.000730306	-0.000276397
0.556279	-0.0601644	0.0501783	0.000206115	-0.00246028	0.00117019
0.556279	-0.0601599	0.0501772	0.000448345	-0.000148707	0.000549161
0.556277	-0.0601588	0.0501736	-6.71037e-05	0.000310261	-0.000439268
0.556279	-0.060158	0.0501778	0.000572451	0.00035738	0.000843831
0.556276	-0.0601632	0.0501752	-0.000340227	-0.00103677	2.65146e-05
0.556277	-0.0601634	0.0501753	-1.7146e-05	-0.000682985	-0.000184222
0.556278	-0.0601663	0.0501776	0.000149511	-0.00186365	0.000496511
0.556279	-0.0601608	0.0501762	0.000346069	0.00129196	-0.000248744
0.556277	-0.0601621	0.0501757	-0.000260679	0.000315115	0.000120065
0.556277	-0.0601636	0.0501749	-0.000177775	-0.000387616	-0.000413209
0.556278	-0.0601615	0.0501761	5.89818e-05	0.000349862	-1.05159e-05
0.556277	-0.0601603	0.0501753	-0.00029067	0.000656448	-0.000220829
0.556278	-0.0601571	0.0501748	5.99191e-05	0.00145658	-0.000391787
0.556278	-0.06016	0.0501762	0.000240124	4.71303e-05	0.000245016
0.556279	-0.0601585	0.0501755	0.000149882	0.000528559	0.000121571
0.556279	-0.06016	0.0501752	0.000255963	-0.000156697	-0.000119473
0.556281	-0.060156	0.0501782	0.00109053	0.00124465	0.000895074
0.556277	-0.0601603	0.0501746	-0.000554002	-0.000953086	-0.000487073
0.556275	-0.0601612	0.0501696	-0.0010995	-0.000950765	-0.00170056
0.556281	-0.0601563	0.0501772	0.000783699	0.000859303	0.000960556
0.556282	-0.0601579	0.0501764	0.000834021	1.23891e-05	0.000328992
0.556281	-0.0601593	0.0501782	0.000226387	-0.000501512	0.000717635
0.556279	-0.0601567	0.0501765	-0.00027546	0.000562532	5.67254e-05
0.55628	-0.0601591	0.0501785	4.00076e-05	-3.29697e-05	0.000521174
0.556278	-0.060157	0.0501758	-0.000586197	0.000838978	-0.000510365
0.556277	-0.060155	0.0501716	-0.000778165	-0.000813715	-0.00126002
0.556277	-0.060156	0.0501724	-0.000279816	-0.00108982	-0.000336573
0.556277	-0.0601561	0.0501723	-0.000268339	-0.000940902	-0.000338479
0.556278	-0.0601542	0.0501728	0.000288438	-9.14726e-05	1.03639e-05
0.556279	-0.0601555	0.0501743	0.00044574	-0.00412312	0.00144846
0.556276	-0.0601585	0.0501726	-0.000586253	-0.0032864	0.000439727
0.556281	-0.0601575	0.0501754	0.00131447	-0.00260304	0.00159853
0.556279	-0.0601585	0.0501768	0.000157241	-0.00243432	0.00126367
0.556279	-0.0601511	0.0501747	-4.58083e-05	0.000272617	0.000178004
0.55628	-0.060155	0.0501743	4.50015e-06	-0.00105757	-0.000163885
0.55628	-0.0601526	0.0501744	0.000446269	-0.000210502	0.000139156
0.556281	-0.0601537	0.050174	0.000629199	-0.00062269	0.000323361
0.556281	-0.0601548	0.0501752	0.000135173	-0.000957551	0.000298464
0.556282	-0.060153	0.0501754	0.000477326	0.000245247	0.00030425
0.556279	-0.0601538	0.0501736	-0.00057747	-0.000102618	-0.000497955
0.556283	-0.0601495	0.0501766	0.00106795	0.00136161	0.000615426
0.556283	-0.0601508	0.0501787	0.000722332	0.000488591	0.00109429
0.556283	-0.0601513	0.0501748	0.000551018	0.000232572	-0.000207975
0.556283	-0.0601545	0.0501756	0.000468911	-0.000899479	0.000239938
0.556286	-0.0601495	0.0501768	0.000719452	0.000539934	0.000195159
0.556283	-0.0601524	0.0501767	-0.000525501	-0.000358327	-7.0697e-05
0.556281	-0.0601545	0.0501768	-0.000451209	-0.000695252	0.000456632
0.556283	-0.0601513	0.0501767	0.000181944	0.000564934	-1.81387e-05
0.556284	-0.0601511	0.0501761	0.000483119	0.000501886	6.55526e-05
0.556284	-0.0601556	0.0501795	0.000489371	-0.00115157	0.00125958
0.556283	-0.0601562	0.0501758	-0.000376608	-0.00103124	-0.000530142
0.556282	-0.0601546	0.0501747	-0.000373847	-0.000144654	-0.000708653
0.556282	-0.0601548	0.050175	-0.00066791	-0.000209143	-0.000704535
0.556282	-0.0601547	0.0501755	-5.77809e-05	-5.81965e-05	-0.000251575
0.556284	-0.0601541	0.0501783	0.000715695	0.000148637	0.00070704
0.556286	-0.060152	0.0501792	0.000572799	0.00070464	0.000568005
0.556283	-0.0601583	0.0501772	-0.000402867	-0.000825827	-0.000399603
0.556285	-0.0601543	0.0501791	0.000603021	0.000744695	0.000684443
0.556283	-0.0601583	0.0501769	-0.000310869	-0.00125394	-4.50256e-05
0.556284	-0.0601603	0.050179	0.000124432	-0.00126413	0.000757016
0.556283	-0.0601565	0.050178	0.000139626	0.000193816	0.000353692
0.556284	-0.0601587	0.0501813	1.47327e-05	-0.000866209	0.00081869
0.556284	-0.0601539	0.0501802	-5.4472e-05	0.000958171	5.39038e-05
0.556288	-0.0601563	0.0501816	0.000890801	-0.00020975	0.000415721
0.556284	-0.0601587	0.0501795	-0.00075437	-0.000971772	-0.000450659
0.556286	-0.0601579	0.0501832	0.0001455	-0.000361413	0.000914022
0.556287	-0.0601547	0.050181	0.000761055	0.000847161	-5.9886e-05
0.556284	-0.0601568	0.0501783	-0.000268404	0.000383307	-0.00047185
0.556286	-0.060157	0.0501809	0.000459624	-0.000125768	0.000531329
0.556286	-0.0601628	0.0501793	0.000153171	-0.0017052	-0.000168037
0.556285	-0.0601619	0.0501808	-0.000182402	-0.0011333	0.000382971
0.556285	-0.0601582	0.0501787	-0.000167524	0.000355595	-0.000667551
0.556288	-0.0601579	0.0501827	0.00102194	0.000103328	0.0012034
0.556287	-0.0601594	0.050184	0.000568749	-0.00053354	0.0013549
0.556285	-0.0601612	0.0501807	-0.00049829	-0.000629408	-0.000238938
0.556285	-0.0601605	0.0501799	-0.000659441	-0.000541259	-0.000784049
0.556287	-0.0601641	0.0501832	0.000166303	-0.00169679	0.000468379
0.556285	-0.0601614	0.05018	-0.000622113	0.000117195	-0.000948626
0.556287	-0.0601583	0.0501808	0.000573378	0.000880881	8.56768e-05
0.556284	-0.0601618	0.0501803	-0.000480568	-0.000666003	-0.00023628
0.556286	-0.0601597	0.0501804	0.000521986	0.000300318	0.000159027
0.556287	-0.060162	0.0501838	0.000538871	-0.000211337	0.00113596
0.556284	-0.0601668	0.0501774	-0.000854031	-0.00160247	-0.00127482
0.556286	-0.060163	0.0501806	-5.15536e-05	0.000139551	-9.17684e-05
0.556286	-0.0601645	0.0501816	0.000273552	-0.00030057	0.00058915
0.556286	-0.0601627	0.0501819	0.000261544	0.000808727	0.000375779
0.556288	-0.0601656	0.0501851	0.000727565	-0.000782582	0.00108962
0.556284	-0.0601652	0.0501798	-0.000811288	-0.000415803	-0.000790621
0.556286	-0.0601613	0.0501828	-5.74068e-05	0.00091757	0.000210106
0.556286	-0.0601627	0.0501821	0.000286194	0.000657837	0.000120224
0.556288	-0.0601672	0.0501846	0.00016662	-0.00108826	0.000396184
0.556284	-0.0601642	0.0501801	-0.000922828	3.65718e-05	-0.000831043
0.556286	-0.0601631	0.0501826	5.21431e-05	0.000212062	0.000148186
0.556284	-0.060162	0.050179	-0.000393241	0.00050405	-0.000737764
0.556285	-0.060166	0.05018	4.63407e-05	-0.000592537	-0.000256429
0.556285	-0.0601639	0.0501804	2.34913e-05	-0.000426525	-0.000261273
0.556285	-0.0601672	0.0501809	9.14359e-05	-0.000772816	0.000115993
0.556287	-0.060166	0.050183	0.000615951	-0.0003647	0.000616438
0.556282	-0.0601654	0.0501781	-0.00125336	0.000327934	-0.00135919
0.556286	-0.0601636	0.05018	0.000558074	0.00054965	9.35467e-05
0.556283	-0.0601654	0.0501772	-0.000715459	7.46839e-05	-0.000875206
0.556283	-0.060164	0.0501782	-0.000421137	0.000566024	-0.000583469
0.556285	-0.0601606	0.0501815	0.000389319	0.00116601	0.000804904
0.556281	-0.0601654	0.0501771	-0.00122048	-0.000206804	-0.00110976
0.55628	-0.0601637	0.0501749	-0.000966699	0.000392579	-0.00111331
0.556281	-0.0601677	0.0501792	-0.000470877	-0.00118409	0.000462462
0.55628	-0.0601623	0.0501746	-0.000614302	0.000567392	-0.0011656
0.556277	-0.0601657	0.0501733	-0.00123104	-0.000860753	-0.00104837
0.556278	-0.0601659	0.0501753	-0.000520783	4.35671e-05	-0.00023879
0.556277	-0.0601679	0.050172	-0.000563461	-0.00107953	-0.000875654
0.556278	-0.0601619	0.0501741	-0.000227769	0.00145672	-0.000225809
0.556275	-0.0601628	0.0501721	-0.00115223	0.00067784	-0.000915016
0.556273	-0.0601664	0.0501707	-0.00130311	-0.000667174	-0.000852046
0.556272	-0.0601658	0.0501681	-0.000855629	-0.000546685	-0.00105223
0.556273	-0.0601635	0.0501696	-0.000491968	0.000259013	-0.000193381
0.556272	-0.0601637	0.0501673	-0.000917339	-8.06369e-06	-0.00120597
0.556272	-0.0601696	0.0501683	-0.000603683	-0.00156339	-0.000455455
0.556273	-0.060165	0.0501696	2.34178e-05	0.000586328	0.000140695
0.556268	-0.0601667	0.0501658	-0.00129624	-0.000479511	-0.00111974
0.556268	-0.0601708	0.0501654	-0.00109143	-0.0014081	-0.000923117
0.556266	-0.0601682	0.0501631	-0.0013144	0.000422494	-0.00149015
0.556264	-0.0601726	0.0501615	-0.00120096	-0.0013685	-0.00128094
0.556264	-0.0601677	0.050161	-0.00114489	0.000558735	-0.00127192
0.556263	-0.0601684	0.0501597	-0.000785607	-0.000148632	-0.000822999
0.556265	-0.0601721	0.0501609	0.000236421	-0.000765728	-1.12645e-05
0.556264	-0.0601708	0.0501597	-0.00040767	-0.00016256	-0.000588781
0.556261	-0.0601701	0.0501586	-0.0012681	0.000191784	-0.000662418
0.556262	-0.0601732	0.050158	-0.000369791	-0.000820647	-0.00052462
0.556262	-0.0601745	0.0501597	-0.000346841	-0.00103828	0.000165133
0.556262	-0.0601776	0.0501571	-0.000123931	-0.00173819	-0.000632861
0.55626	-0.0601735	0.0501564	-0.000327853	0.000317409	-0.000566963
0.556258	-0.0601811	0.0501567	-0.000623896	-0.00189625	-0.000240216
0.55626	-0.0601781	0.0501572	3.22863e-05	-0.00017996	-7.97859e-05
0.55626	-0.0601797	0.0501583	0.00014678	-0.000570189	0.000371385
0.556258	-0.0601776	0.0501551	-0.000694791	-0.00011768	-0.000879114
0.556259	-0.0601813	0.050157	8.99297e-05	-0.00139961	0.000252775
0.556259	-0.0601796	0.0501578	-9.13364e-05	-0.00045103	0.000379338
0.55626	-0.0601782	0.0501555	-0.000128773	0.00011371	-0.000579703
0.556262	-0.0601818	0.0501594	0.000768089	-0.000655576	0.000920195
0.556261	-0.060183	0.0501572	0.000153442	-0.00111419	-7.51944e-05
0.556261	-0.060185	0.0501578	0.000422416	-0.000671894	0.000122953
0.55626	-0.0601857	0.0501579	1.54876e-05	-0.000433031	0.000127451
0.556262	-0.0601855	0.0501596	0.000551594	-0.00017104	0.000513516
0.556263	-0.0601837	0.0501604	0.000530582	0.00044659	0.000499791
0.556263	-0.0601839	0.0501602	0.000344018	0.000302301	0.000434378
0.556262	-0.0601871	0.050161	0.000357584	-0.000813768	0.000676983
0.556262	-0.060184	0.0501594	0.000174696	0.000499269	0.000102788
0.556262	-0.0601879	0.0501612	-0.000140956	-0.000689931	0.000311553
0.556263	-0.0601899	0.0501613	0.000235828	-0.000968702	0.000352072
0.55626	-0.0601904	0.0501592	-0.00072911	-0.000360625	-0.000302115
0.556262	-0.0601919	0.050161	0.000335707	-0.000552074	0.000296559
0.556262	-0.0601967	0.050162	-0.000187004	-0.00203868	0.000314203
0.556263	-0.0601925	0.0501626	0.000500721	0.000920543	0.00038381
0.556259	-0.0601936	0.0501577	-0.000635084	-0.000182757	-0.000909699
0.556261	-0.0601921	0.0501616	0.000244184	0.000574114	0.000517953
0.556261	-0.0601938	0.0501625	-7.07165e-05	-0.000127589	0.000566712
0.55626	-0.0601945	0.0501581	-0.000672556	-0.000386189	-0.0012761
0.556263	-0.0601964	0.0501631	0.000934379	-0.0039946	0.00213246
0.556261	-0.0601972	0.0501625	0.000494133	-0.00294239	0.00176104
0.556259	-0.0601979	0.0501599	-0.000532459	-0.00246842	0.000110475
0.556261	-0.0601964	0.0501614	0.000169099	-0.000565843	0.000304073
0.556264	-0.0601958	0.0501616	0.000646548	-0.000497883	0.000140517
0.556258	-0.0601955	0.0501579	-0.0010308	-0.000224206	-0.000528747
0.556261	-0.0601971	0.0501618	0.000591419	-0.000334794	0.00106545
0.55626	-0.0601951	0.0501584	4.97382e-05	6.68884e-05	-0.000599502
0.556262	-0.0601958	0.0501625	0.000648021	-0.000344427	0.000892383
0.55626	-0.0602006	0.050161	-0.000224842	-0.00148484	0.000100317
0.556259	-0.0602	0.0501605	-0.000389139	-0.00104151	0.000260241
0.556263	-0.0601948	0.0501627	0.000693008	0.00160618	0.000336854
0.556262	-0.0601999	0.0501617	0.000170641	-0.00111717	0.000117206
0.556261	-0.0601975	0.0501618	-9.85838e-05	0.000233171	0.000100746
0.556262	-0.0602031	0.0501647	0.000136964	-0.00131149	0.000732805
0.556261	-0.0601979	0.0501599	-0.000217246	0.00104058	-0.00104657
0.556263	-0.060196	0.050163	0.000617507	-0.000703532	0.000486444
0.55626	-0.060198	0.050162	-0.000497231	-0.00136696	0.000434477
0.556259	-0.060195	0.0501574	-0.000791618	0.000368633	-0.0014129
0.556261	-0.0601993	0.050161	0.000417215	-0.00109051	0.000589979
0.55626	-0.0601963	0.0501604	6.39465e-05	0.000254875	0.000291564
0.556262	-0.0602004	0.0501657	0.000407141	-0.00305264	0.0016344
0.556263	-0.0601956	0.0501645	0.000382936	-0.000652286	0.00048934
0.556264	-0.0601932	0.0501648	0.000329791	0.000489635	0.000192193
0.556263	-0.0602004	0.0501643	-2.64971e-05	-0.00196499	0.000171473
0.556262	-0.0602023	0.0501645	0.000129709	-0.00182426	0.00055728
0.556262	-0.0602021	0.0501639	1.42017e-05	-0.000743414	0.00017072
0.556262	-0.0601997	0.0501642	-0.000293365	-0.000108568	-7.93144e-05
0.556265	-0.0601999	0.050165	0.000694741	0.000101021	-3.326e-06
0.556265	-0.0602018	0.0501658	0.000493167	-0.000482091	0.000173746
0.556265	-0.0601988	0.0501687	0.000409066	0.000246992	0.00120673
0.556263	-0.0601988	0.0501637	-0.000629653	0.000406749	-0.000936377
0.556266	-0.0601997	0.0501685	0.00100949	0.000146364	0.000991521
0.556263	-0.0602011	0.0501653	-0.000469694	-0.000726673	-0.000273172
0.556263	-0.060199	0.0501641	-0.000319532	0.00053136	-0.000373474
0.556263	-0.0601979	0.0501649	-0.000189553	0.000314445	-0.000111909
0.556264	-0.0601954	0.0501665	0.000262798	0.000925786	0.000373476
0.556262	-0.0601963	0.0501631	-0.000570889	0.000346919	-0.00054991
0.556265	-0.0601954	0.0501651	0.000648011	0.000568985	0.000406053
0.55626	-0.0602014	0.0501613	-0.00123636	-0.00170586	-0.00130126
0.556265	-0.0602	0.050166	0.000606019	-0.000704927	0.000589556
0.556263	-0.0601955	0.0501637	5.70795e-05	0.00145664	-5.09517e-05
0.556263	-0.0601962	0.0501642	-1.78709e-05	0.000454294	-3.3967e-05
0.556266	-0.0601968	0.0501665	0.000861002	-1.49032e-05	0.000624041
0.556265	-0.0602001	0.0501664	0.000130536	-0.00115566	0.000356582
0.556261	-0.0602004	0.0501652	-0.000994669	-0.00047883	-0.000201469
0.556264	-0.0601972	0.0501652	1.93732e-05	0.000863946	-0.00026407
0.55626	-0.0601987	0.0501625	-0.000913694	-0.000160748	-0.000665079
0.556262	-0.0601981	0.0501617	-0.000262977	-6.82061e-05	-0.000905699
0.556262	-0.0601964	0.0501622	9.49079e-05	0.000533012	-0.000154755
0.556262	-0.0601996	0.0501627	0.000127159	-0.000687739	0.000245843
0.556261	-0.0601993	0.050164	-0.000407077	-0.000449436	0.000288737
0.556259	-0.0601995	0.0501594	-0.000620775	5.20937e-05	-0.00113838
0.556263	-0.0602009	0.0501635	0.000663336	-0.000270829	0.000251256
0.556263	-0.0601981	0.050164	0.000270808	0.000338526	0.000243537
0.556261	-0.0601966	0.0501613	-0.000666478	0.000512206	-0.000917668
0.556264	-0.060197	0.0501657	0.000642549	0.000621027	0.000899007
0.55626	-0.0601997	0.0501617	-0.000693332	-0.000401142	-0.000780557
0.556262	-0.060203	0.0501634	0.000307875	-0.00159876	0.000587453
0.556263	-0.0602018	0.0501646	0.000808089	-0.000356654	0.000896232
0.556259	-0.0601999	0.0501593	-0.000793607	0.00044633	-0.00111313
0.55626	-0.0602003	0.0501601	-0.000439256	0.000281096	-0.000563306
0.556259	-0.0602009	0.0501585	-0.000629865	-0.000427878	-0.000862399
0.556261	-0.0602027	0.0501612	0.000121362	-0.000715549	1.23028e-05
0.556261	-0.0602026	0.050163	3.31723e-05	-0.000399478	0.000505484
0.556263	-0.0602007	0.0501625	0.000550039	0.00036031	0.000147794
0.556261	-0.0602042	0.0501615	-0.00026519	-0.000488887	-0.000421499
0.556262	-0.0602014	0.0501626	9.94573e-05	0.000325701	4.25173e-05
0.556259	-0.060203	0.05016	-0.000688005	2.97261e-05	-0.000846394
0.556259	-0.0602053	0.0501607	-0.000176842	-0.000958071	0.000235601
0.55626	-0.0602021	0.0501601	-0.000399046	-0.000189837	-0.000488481
0.556261	-0.0602006	0.0501601	0.000177403	0.00101884	-0.000266214
0.556262	-0.060204	0.0501657	0.000325721	-0.000209227	0.00155739
0.556263	-0.0602004	0.0501644	0.000808229	0.000655999	0.00101269
0.55626	-0.0602049	0.0501606	-0.000170193	-0.000887213	-0.00039055
0.556261	-0.0602045	0.0501626	4.68227e-05	-0.000507352	3.37904e-05
0.556259	-0.0602037	0.0501589	-0.000761409	-7.57537e-05	-0.00110418
0.55626	-0.0602	0.0501598	6.41825e-05	0.00117524	-0.000404135
0.556264	-0.0602035	0.0501663	0.00121059	-0.000409268	0.00171099
0.556263	-0.0602064	0.050165	0.000468477	-0.000879439	0.000650464
0.556264	-0.0602097	0.0501665	0.000957756	-0.00144746	0.00131457
0.556264	-0.0602026	0.0501656	0.000264863	0.001014	0.000289143
0.556261	-0.0602074	0.0501616	-0.000937711	-0.000729023	-0.0012148
0.556262	-0.0602088	0.0501642	-2.45214e-05	-0.000837646	1.5438e-06
0.556261	-0.0602046	0.0501638	-0.000464478	0.000894187	-0.000137171
0.556263	-0.0602086	0.0501665	0.000305847	-0.000743995	0.000798259
0.556264	-0.0602085	0.0501646	0.000461587	-0.000447928	-0.000106069
0.556258	-0.0602072	0.050161	-0.00138167	-0.00022464	-0.00105106
0.556258	-0.0602066	0.0501603	-0.000894056	0.000345315	-0.000715665
0.556262	-0.060206	0.0501643	0.000618833	3.68371e-05	0.000693005
0.55626	-0.0602049	0.0501614	-5.1688e-05	0.000334688	-0.000479833
0.556261	-0.0602055	0.0501616	0.000206065	0.000869414	-2.02758e-05
0.556258	-0.0602087	0.0501602	-0.000457761	-0.000590689	-0.000284897
0.55626	-0.0602095	0.0501619	2.87548e-05	-0.000818534	2.71516e-05
0.556261	-0.060209	0.0501635	0.000409174	5.39945e-05	0.000657472
0.556259	-0.0602083	0.050161	-0.00033073	0.000403749	-0.000379277
0.55626	-0.0602082	0.0501618	-0.000285033	0.000242689	-0.000291714
0.55626	-0.0602036	0.0501612	0.000166496	0.00130752	-0.000307635
0.556263	-0.060207	0.0501662	0.000787262	2.72921e-05	0.00126398
0.556262	-0.060205	0.0501626	0.000356572	0.000435946	-6.36487e-05
0.556263	-0.0602037	0.0501653	0.000583302	0.00103318	0.000968791
0.556261	-0.060205	0.0501622	-0.000311018	-0.000138671	-0.00055902
0.556261	-0.0602046	0.0501633	3.69689e-05	7.46802e-06	8.79064e-05
0.556261	-0.0602058	0.0501621	-0.000343655	-9.25017e-05	-0.000601339
0.556262	-0.0602032	0.0501622	0.000369595	0.000563506	3.09853e-05
0.556261	-0.0602059	0.0501629	1.7333e-05	-0.000159462	0.000251575
0.556262	-0.0602047	0.0501631	-4.9441e-05	-6.87158e-05	3.89494e-06
0.556262	-0.0602061	0.050164	0.000249744	-0.000503373	0.000651473
0.55626	-0.0602064	0.0501608	-0.000582021	-0.00010714	-0.00100104
0.55626	-0.0602063	0.0501627	-0.000405371	1.85929e-05	-0.000151788
0.556261	-0.060205	0.0501615	2.6034e-05	0.00055912	-0.000287544
0.556263	-0.0602042	0.0501646	0.000897119	0.00065662	0.00094942
0.556263	-0.0601998	0.0501625	0.000158852	0.0013154	-0.000454905
0.556261	-0.0602018	0.05016	-0.000170126	0.000224062	-0.000626313
0.556261	-0.0602033	0.0501619	-0.000253999	-0.000394767	-1.06917e-05
0.556263	-0.0601989	0.050164	0.00073434	0.00158373	0.000806595
0.556263	-0.0601994	0.0501637	0.000276527	0.000986041	9.15351e-05
0.556263	-0.060203	0.0501647	-0.000140887	-0.00100616	0.000347264
0.556263	-0.0602053	0.050165	0.00011891	-0.0011092	0.000255417
0.556262	-0.0602032	0.0501636	-0.000307628	-0.000299142	-0.000199313
0.556262	-0.0602012	0.0501631	-0.000221478	0.000751431	-0.000404946
0.556261	-0.0602002	0.0501631	-0.000195388	0.00057851	0.000227321
0.556263	-0.0601997	0.0501627	-0.000114457	0.000304339	-0.000367354
0.556262	-0.0601995	0.050163	-4.71927e-06	0.000297266	-0.000127142
0.55626	-0.0602029	0.0501616	-0.000702247	-0.00054251	-0.000649357
0.556262	-0.0602033	0.0501621	0.000255408	-0.000739995	-0.000189665
0.556261	-0.0602029	0.0501622	-0.000357076	-0.000490803	-2.50224e-05
0.556263	-0.0601964	0.050162	0.000578553	0.00186178	-1.27024e-05
0.556263	-0.0602004	0.0501643	0.000546449	0.000249608	0.00059822
0.556261	-0.0601998	0.0501629	-0.000264353	0.000583663	0.000212722
0.556261	-0.0602003	0.0501621	-2.49592e-05	-9.29442e-05	-6.90039e-05
0.556262	-0.0601983	0.0501619	0.000182475	0.00043559	-0.000288464
0.556262	-0.0601979	0.0501635	-0.000131582	0.000324071	0.000317081
0.55626	-0.0601974	0.0501585	-0.00049684	0.000480113	-0.00113743
0.556262	-0.0601979	0.0501624	0.000130357	0.000466208	0.000157526
0.556262	-0.0602014	0.0501616	7.46304e-05	-0.00075078	-0.000258874
0.556261	-0.0602007	0.0501607	8.25901e-05	-0.000479061	-0.000154861
0.556262	-0.0601992	0.0501653	0.000583302	0.000480494	0.00133589
0.556263	-0.0602026	0.0501644	0.00029605	-0.000810812	0.000378344
0.556264	-0.0602011	0.0501638	0.000363219	-3.93243e-05	-1.46986e-05
0.556265	-0.0601966	0.0501656	0.000456699	0.00109226	0.000702848
0.556261	-0.0601974	0.0501597	-0.000993519	0.000333749	-0.00147367
0.556262	-0.0601998	0.0501616	3.12771e-05	-0.000593037	3.00573e-05
0.556261	-0.0601967	0.0501611	-0.000341904	0.000556167	-0.00037069
0.556262	-0.0601979	0.0501631	-3.63688e-07	-9.01233e-06	0.000324922
0.556262	-0.0602024	0.050165	-0.000116966	-0.00109944	0.000706224
0.556263	-0.060198	0.0501644	0.000275422	0.000430133	0.000351004
0.556262	-0.0601983	0.0501612	8.50115e-05	0.000177168	-0.000469615
0.556259	-0.0602037	0.0501611	-0.000569918	0.00185315	-0.00020674
0.556259	-0.0602035	0.0501579	-0.000245756	0.00198894	-0.00121219
0.556259	-0.0602019	0.0501614	-0.000309355	0.002144	-8.89536e-05
0.556264	-0.0602024	0.0501664	0.00144174	0.00144799	0.00146831
0.556261	-0.0602004	0.0501607	-2.16571e-06	0.00185041	-0.000535249
0.556265	-0.0602026	0.0501671	0.00113954	0.000134362	0.0015973
0.556262	-0.0601996	0.050162	-6.42978e-05	0.00140481	-0.000835653
0.556263	-0.0601967	0.0501636	0.000319124	0.00162841	4.63873e-05
0.556264	-0.0602003	0.050166	0.000532738	0.000223328	0.000724121
0.556261	-0.0602018	0.0501605	-0.000757216	-0.000157658	-0.00103206
0.556262	-0.0601987	0.0501627	-0.000112804	0.000552966	-6.00862e-05
0.556261	-0.0602032	0.0501632	-0.00048558	-0.00127806	7.35793e-05
0.556261	-0.0602046	0.0501615	-0.00042634	-0.000942135	-0.000660169
0.556263	-0.0602011	0.0501631	0.000626244	0.000754463	0.000406287
0.556261	-0.0602019	0.0501602	-0.000331461	0.000262559	-0.00058344
0.556263	-0.0602077	0.0501659	0.000554551	-0.00210329	0.00166302
0.556262	-0.0601955	0.0501598	-0.000128626	0.00242636	-0.00121308
0.556259	-0.0602063	0.0501609	-0.00078354	-0.0015792	-0.000324109
0.556263	-0.0602012	0.050165	0.00056564	0.000297216	0.000985037
0.556261	-0.0602044	0.0501632	-0.000378594	-0.000526864	-6.26949e-05
0.556261	-0.0602045	0.0501636	-0.000219648	-0.000327306	-2.45502e-05
0.556263	-0.0602053	0.0501657	0.000486878	-4.35578e-05	0.000665201
0.556262	-0.0602053	0.0501635	-9.43756e-05	-0.000647928	-0.00021134
0.556263	-0.0602059	0.0501639	0.000286796	-0.00134698	-1.9734e-05
0.556262	-0.0602025	0.0501633	7.34948e-06	0.000657452	-0.000136951
0.556262	-0.0602003	0.0501624	0.000115089	0.00093166	6.40548e-05
0.55626	-0.0602077	0.0501622	-0.00044294	-0.00155003	6.68936e-06
0.556262	-0.0602045	0.0501645	0.000323786	0.000101558	0.000412914
0.556262	-0.0602017	0.0501642	-4.9379e-05	0.000603006	0.000169766
0.556261	-0.0602035	0.0501612	-0.000346115	-0.000316558	-0.00088127
0.556263	-0.0602021	0.0501645	0.00061262	0.000596552	0.000375383
0.556266	-0.0602006	0.0501668	0.00116115	0.000593826	0.00112168
0.556263	-0.0602042	0.0501646	0.000207676	-0.000836961	0.000421409
0.55626	-0.0602031	0.0501619	-0.000857164	-0.000245623	-0.000562245
0.556262	-0.0601978	0.050161	7.26589e-05	0.00201846	-0.000713207
0.556263	-0.0602026	0.0501663	0.000318696	-0.00056378	0.00103134
0.556261	-0.0602028	0.0501624	-0.000764884	-0.000135842	-0.000675091
0.556261	-0.0602019	0.0501617	-0.000303462	-7.53089e-05	-0.000656512
0.556262	-0.060204	0.0501649	-6.44086e-05	-0.000480411	0.000450334
0.556263	-0.060201	0.0501634	0.000540855	0.000822582	0.000111027
0.556261	-0.0602057	0.0501636	7.43018e-05	-0.000495526	0.000302083
0.556261	-0.0602025	0.0501614	-0.000351722	1.49409e-05	-0.000704914
0.55626	-0.0602046	0.0501608	-0.000507187	-0.000577592	-0.00091842
0.556263	-0.0602014	0.0501648	0.000425875	0.000387443	0.000763078
0.556261	-0.0602018	0.0501618	-0.000241552	5.93288e-05	-0.000438735
0.556263	-0.0601996	0.0501621	0.000799732	0.000790148	0.000217119
0.556264	-0.0602033	0.0501662	0.000760554	-0.000359012	0.00143344
0.55626	-0.0602081	0.0501629	-0.000963848	-0.00169319	-0.000454109
0.556263	-0.0602025	0.0501647	0.000550059	0.00075782	0.000467624
0.556262	-0.0602065	0.0501636	0.000164573	-0.00113993	0.000220748
0.556262	-0.0602028	0.050164	-0.000128469	0.000270361	2.66955e-05
0.556262	-0.0602054	0.0501666	-0.000174823	-0.000370806	0.00057382
0.55626	-0.0602039	0.0501609	-0.000818665	1.09554e-05	-0.00113865
0.556262	-0.0602045	0.0501631	-0.000102997	8.32026e-05	-0.000389512
0.556259	-0.0602024	0.0501598	-0.000854254	0.000385848	-0.00130749
0.556262	-0.060203	0.0501628	0.000371695	3.7018e-05	0.000460337
0.556262	-0.060203	0.0501627	0.000127692	-7.89104e-05	4.61384e-05
0.556263	-0.060202	0.0501643	0.000594357	0.000671478	0.000354286
0.556262	-0.0602047	0.0501639	-7.62408e-05	-0.000717648	0.00016131
0.556261	-0.0602012	0.0501634	-0.000117189	0.00108767	0.00017511
0.55626	-0.0602049	0.0501626	-0.000435513	-0.000399799	-0.000346698
0.556262	-0.0602019	0.0501612	0.000113025	0.000281308	-0.000690593
0.556261	-0.0602057	0.0501649	-4.9766e-05	-0.00079306	0.000638433
0.556262	-0.0602093	0.050164	-3.90878e-05	-0.00166017	8.59904e-05
0.556267	-0.0602004	0.0501669	0.00187515	0.00159742	0.00147064
0.556263	-0.0601996	0.0501632	-8.88901e-05	0.00115441	-0.000453228
0.55626	-0.0602029	0.0501606	-0.000993576	0.000494147	-0.00102439
0.556263	-0.0602045	0.0501655	0.00022583	-0.000423126	0.000655251
0.556262	-0.0602034	0.0501639	0.000321969	-0.000253252	0.000202114
0.556258	-0.0602021	0.0501599	-0.000844989	0.000554887	-0.000968711
0.556262	-0.0602048	0.0501639	0.000111851	-0.00100034	0.000404863
0.556261	-0.0602017	0.05016	-9.75041e-05	0.00029723	-0.000797362
0.556263	-0.0602028	0.0501636	0.000519905	-0.000179719	0.00073506
0.55626	-0.0602015	0.0501599	-0.000718578	0.000650765	-0.0012
0.55626	-0.0602019	0.0501593	-0.000450013	0.000453744	-0.000784566
0.556264	-0.0602023	0.0501663	0.000749362	0.000161178	0.00152722
0.556263	-0.0602027	0.0501652	0.000222651	-1.51609e-05	0.000540311
0.556262	-0.0602048	0.0501639	-0.000153745	-0.00114037	4.82313e-05
0.556262	-0.0602037	0.0501644	7.22341e-05	0.000307355	6.76895e-05
0.556263	-0.0602045	0.0501645	0.000259438	-0.000224845	6.57075e-05
0.556263	-0.0602057	0.0501645	0.000349917	-0.000167914	0.000395671
0.55626	-0.060205	0.0501608	-0.000734744	0.000159883	-0.00121147
0.556265	-0.0602016	0.0501649	0.000843381	0.000490746	0.00059331
0.556262	-0.0602034	0.0501627	-1.5317e-05	-0.000424956	3.08661e-05
0.556261	-0.0602044	0.0501625	-0.000517312	-0.000386919	-0.000387401
0.556263	-0.0602052	0.0501645	0.000263751	-2.23804e-05	0.00027901
0.556264	-0.060204	0.0501659	0.000412805	0.000567299	0.000610586
0.556261	-0.0602068	0.0501617	-0.000822055	-0.000498576	-0.00103107
0.556262	-0.0602054	0.0501619	-0.000211887	-0.000244234	-0.000618433
0.556261	-0.0602034	0.0501625	-0.000293183	0.000345591	-0.000208689
0.556262	-0.0602046	0.0501633	-0.000129579	-0.000298499	6.12732e-05
0.556265	-0.0602005	0.0501685	0.000996188	0.000788358	0.00195986
0.55626	-0.0602029	0.0501612	-0.000926888	-1.00308e-05	-0.00118194
0.556261	-0.0602018	0.0501627	-0.000348342	5.02977e-05	-0.000187455
0.556261	-0.0602058	0.0501646	-1.17169e-06	-0.00140519	0.000553261
0.556261	-0.0602047	0.0501615	9.39542e-05	-0.000516586	-0.000589591
0.556263	-0.0602051	0.0501656	0.000443949	-0.000144435	0.000800747
0.556259	-0.0602052	0.0501608	-0.000826641	-0.000381171	-0.00100085
0.556261	-0.0602056	0.0501618	0.000100359	0.000356706	-8.33287e-05
0.55626	-0.0602086	0.0501625	-0.000374983	-0.000916271	-0.000111662
0.55626	-0.0602082	0.0501615	8.17103e-05	-0.000497895	-1.50036e-05
0.556261	-0.0602048	0.0501608	0.000412332	0.000806355	-0.00012031
0.556263	-0.0602057	0.0501632	0.000941389	0.000204972	0.000772925
0.556261	-0.0602046	0.0501601	-0.00014177	0.000892661	-0.000628683
0.556263	-0.0602074	0.0501641	0.000317879	-0.000230931	0.00052548
0.556265	-0.0602027	0.0501661	0.000924934	0.00104843	0.00101028
0.55626	-0.0602058	0.0501595	-0.00104205	-0.000806336	-0.00116926
0.556262	-0.0602039	0.0501631	0.000251615	0.00028692	0.000251857
0.556262	-0.0602052	0.0501636	7.12642e-05	0.000161023	0.000107426
0.556265	-0.0602051	0.0501665	0.000801808	0.000294754	0.000946368
0.556265	-0.060203	0.0501664	0.000585951	0.000189601	0.000780089
0.556262	-0.0602057	0.0501633	-0.000382475	-0.000579334	-0.000327935
0.556261	-0.0602062	0.0501616	-0.000746085	-6.29707e-05	-0.00072321
0.556261	-0.0602054	0.0501613	-0.000221564	-0.000445247	-0.000422702
0.556263	-0.0602064	0.0501662	0.000232267	-8.94381e-05	0.000909156
0.556263	-0.0602061	0.0501655	9.31918e-05	-0.000102224	0.00057342
0.55626	-0.0602067	0.0501602	-0.000809388	7.28232e-05	-0.00132
0.556258	-0.060209	0.0501595	-0.00116156	-0.00107013	-0.00129463
0.55626	-0.0602082	0.0501608	-7.37156e-05	-0.000529353	-0.000136486
0.556261	-0.0602063	0.0501612	0.000424016	0.000283383	0.000138202
0.556262	-0.0602072	0.0501629	0.000529662	0.000273954	0.000558428
0.556261	-0.0602068	0.0501614	-5.26056e-05	4.80039e-06	-0.000384841
0.556261	-0.0602078	0.0501622	-0.00011956	-2.59599e-05	0.000150767
0.556264	-0.0602067	0.0501669	0.000898894	0.00039075	0.00137102
0.556258	-0.0602106	0.0501617	-0.00144878	-0.000890568	-0.000596309
0.556261	-0.0602097	0.0501623	0.000349029	-0.000266431	-0.000116566
0.556262	-0.0602079	0.0501636	0.00053421	0.000431075	0.000385729
0.556261	-0.0602097	0.0501626	-0.000332296	-0.000428915	-0.000417192
0.55626	-0.0602083	0.0501616	-0.000677208	0.000151471	-0.00069561
0.55626	-0.0602087	0.0501615	0.00102034	9.76951e-05	0.000561093
0.556262	-0.060206	0.0501627	0.00130604	0.00128534	0.000543309
0.556263	-0.0602073	0.0501648	0.00134133	0.000540057	0.00131029
0.55626	-0.0602088	0.050162	-0.000299997	-0.000568312	-0.00016034
0.556261	-0.0602093	0.0501633	0.000254181	-0.000243677	0.000144512
0.556261	-0.0602078	0.0501633	0.00040861	0.000475286	0.000397179
0.556261	-0.060207	0.0501617	-6.82297e-05	0.000212085	-0.000373722
0.556261	-0.0602074	0.0501614	0.000366324	0.000287204	-0.000141473
0.556261	-0.0602108	0.0501639	8.33531e-05	-0.000899594	0.000456631
0.556261	-0.0602068	0.0501629	0.000240621	0.000462783	0.000348554
0.556265	-0.060205	0.0501683	0.00132856	0.000703228	0.00183112
0.556264	-0.060205	0.050165	0.000501285	0.000805368	-9.96887e-05
0.556261	-0.0602082	0.0501627	-0.000590287	-0.000737388	-0.000397914
0.556261	-0.0602057	0.0501618	-0.000335547	0.00110271	-0.000576607
0.556263	-0.0602109	0.0501645	0.000415024	-0.00124052	0.000151952
0.556259	-0.0602055	0.0501597	-0.00127145	0.000869923	-0.00159843
0.556263	-0.0602111	0.0501645	0.000619859	-0.00166068	0.000623651
0.556259	-0.0602066	0.0501605	-0.000802772	0.000680446	-0.000647866
0.556264	-0.0602072	0.0501665	0.00110709	0.000418991	0.00162663
0.556262	-0.0602067	0.0501619	-0.000186608	0.000417177	-0.000765719
0.556261	-0.0602098	0.0501641	-0.000529632	-0.000782456	9.7339e-05
0.556265	-0.0602056	0.0501658	0.000959805	0.000852901	0.000610215
0.556259	-0.0602083	0.0501608	-0.000950135	0.000148592	-0.000929048
0.556261	-0.0602065	0.0501641	7.53012e-05	0.000436836	0.00062447
0.556259	-0.0602071	0.0501599	-0.000576655	-1.15685e-06	-0.00124086
0.556263	-0.0602062	0.0501627	0.000793032	0.000274491	0.000289108
0.556264	-0.0602042	0.0501666	0.000878351	0.000377954	0.00136545
0.556261	-0.0602072	0.0501631	-0.000271546	-5.99256e-05	-9.65678e-05
0.55626	-0.0602086	0.0501618	-0.000711356	-0.000637066	-0.000455085
0.556263	-0.0602073	0.0501658	0.000791338	-4.96738e-05	0.00105207
0.556261	-0.0602077	0.0501626	-0.000419086	0.000110541	-0.000706181
0.556262	-0.0602047	0.0501649	0.000303648	0.000863905	0.000549958
0.55626	-0.0602083	0.0501632	-0.000675531	-0.000768429	-0.000464884
0.556262	-0.0602032	0.0501634	7.93421e-05	0.00116179	-0.000232189
0.556264	-0.0602069	0.0501651	0.000751139	-6.24896e-05	0.000297675
0.556257	-0.0602096	0.0501586	-0.00127658	-0.00104218	-0.00141624
0.556264	-0.0602038	0.0501646	0.00126108	0.00145871	0.000999772
0.556261	-0.0602024	0.0501632	-0.00041981	0.000660645	-3.96093e-05
0.55626	-0.0602082	0.0501624	-0.000550354	-0.00123274	-0.000158554
0.556263	-0.0602013	0.0501643	0.000347007	0.00144882	0.000244577
0.556263	-0.0602012	0.0501646	0.000229781	0.000974559	0.000159725
0.556262	-0.0602047	0.0501638	-0.000150545	-0.00047188	-0.000208821
0.556263	-0.0602029	0.0501647	0.000112678	0.00030312	0.000148296
0.55626	-0.0601988	0.0501624	-0.000703672	0.00151747	-0.000660625
0.556259	-0.0602044	0.050159	-0.00074719	-0.00120123	-0.00108516
0.556262	-0.0602038	0.0501633	0.000626395	0.000105779	0.000726317
0.556262	-0.0602008	0.0501608	0.000405236	0.000489617	-0.000201117
0.556262	-0.0601987	0.0501598	0.00043155	0.00085243	-0.000410516
0.55626	-0.0602017	0.0501599	-0.000361312	-7.20325e-05	-0.000277652
0.556263	-0.060203	0.0501636	0.000496612	-0.000854121	0.000746793
0.556265	-0.0601987	0.0501664	0.000806567	0.00113428	0.00119167
0.556263	-0.0601982	0.0501636	8.29493e-05	0.00106298	-0.000249061
0.556261	-0.0602053	0.0501612	-0.000850093	-0.00164233	-0.000835332
0.556265	-0.0601963	0.0501649	0.000637271	0.00188093	0.000569674
0.556261	-0.0602035	0.0501607	-0.000396041	-0.00106788	-0.000696845
0.556263	-0.0601983	0.0501628	0.000373833	0.00104106	0.000331426
0.556263	-0.0602016	0.0501632	-0.0010319	-0.00131141	-0.000449487
0.556262	-0.0601966	0.0501631	-0.000955971	0.00059256	-0.000458483
0.556264	-0.0602007	0.0501645	0.000140678	-0.00092201	0.000453703
0.556262	-0.060201	0.0501618	-0.000831665	-0.000424549	-0.00100887
0.556263	-0.0602041	0.0501657	-0.000366877	-0.00124023	0.000513102
0.556265	-0.060202	0.0501662	0.000415315	-0.000101057	0.000423167
0.556261	-0.0602005	0.0501597	-0.00126139	0.000424073	-0.00172531
0.556262	-0.0602043	0.0501645	-0.000301296	-0.000965528	0.00032242
0.556261	-0.0602023	0.0501605	-0.000581858	-0.000299402	-0.000676766
0.556264	-0.0601993	0.0501646	0.000569127	0.000610607	0.000702482
0.556262	-0.0602037	0.0501636	-0.000294531	-0.00033129	-7.90904e-05
0.556262	-0.0601993	0.0501608	-2.26082e-05	0.000804328	-0.000575835
0.556263	-0.0602038	0.0501641	0.000225634	-0.000404682	0.000375585
0.556263	-0.0602046	0.0501645	0.000125954	-0.00077313	0.000269298
0.556261	-0.0602068	0.0501624	-0.000738529	-0.0012694	-0.000579966
0.556263	-0.0602012	0.0501641	0.000349767	0.000947682	0.000194737
0.55626	-0.0602056	0.0501607	-0.000823149	-0.00124174	-0.00089606
0.556261	-0.0602035	0.0501609	-0.000219078	-0.000199588	-0.000119027
0.556263	-0.060201	0.0501627	0.000383646	0.00101174	0.000152299
0.556263	-0.0602014	0.050163	0.000358132	0.000250873	0.000392076
0.556261	-0.0602013	0.0501624	-0.000513488	0.00049813	-0.00019234
0.556264	-0.0601992	0.0501653	0.000766648	0.00112586	0.000788551
0.556259	-0.0602064	0.0501602	-0.000955762	-0.00116831	-0.000854802
0.556262	-0.0602055	0.0501634	0.000538486	-0.00104296	0.00070169
0.556258	-0.0602072	0.050161	-0.000958874	-0.00151596	-0.000241245
0.556259	-0.0602052	0.0501607	-0.000497413	-0.000473977	-0.000564881
0.556261	-0.0602032	0.0501621	0.000388467	0.000405307	0.000318856
0.556259	-0.0602109	0.0501621	-0.000294717	-0.00191633	0.000156428
0.556258	-0.06021	0.0501607	-0.000772298	-0.000943742	-0.00057397
0.556261	-0.0602049	0.0501627	0.000428539	0.00110089	4.92173e-05
0.55626	-0.0602083	0.0501613	8.38899e-05	-0.00028083	-0.000146461
0.556262	-0.0602062	0.0501634	0.00068788	0.000434285	0.000358699
0.556263	-0.0602077	0.0501641	0.000455675	-0.00024229	0.000391633
0.556261	-0.0602079	0.0501622	-0.000166565	-0.000158426	-5.69327e-05
0.556261	-0.0602078	0.0501654	7.89192e-05	-2.11685e-05	0.000847762
0.556261	-0.0602094	0.0501606	-8.9635e-05	-0.000176124	-0.000817838
0.556262	-0.0602083	0.050165	0.000288056	-0.000460492	0.000782321
0.556259	-0.0602085	0.0501601	-0.00102652	-0.000184264	-0.00129503
0.556263	-0.0602031	0.0501635	-0.000225476	0.00139188	-9.21396e-05
0.556262	-0.0602034	0.050164	-0.000351679	0.000385467	0.000302002
0.556259	-0.0602097	0.05016	-0.00158851	-0.00169438	-0.00143959
0.55626	-0.0602067	0.0501625	0.000360569	-6.61376e-06	0.000364953
0.556261	-0.0602123	0.0501646	0.000702156	-0.00145774	0.00131056
0.55626	-0.0602082	0.0501622	0.000223647	0.000489395	6.91732e-05
0.556262	-0.0602062	0.0501637	0.000773753	0.00106171	0.000559405
0.556261	-0.0602092	0.0501623	0.000238582	9.17549e-05	-7.14554e-05
0.556258	-0.0602072	0.0501606	-0.000800514	0.000807269	-0.000975014
0.556263	-0.0602046	0.0501667	0.00107266	0.00106468	0.00128285
0.556261	-0.0602093	0.0501629	0.000196983	-0.000699807	0.000280803
0.556262	-0.0602095	0.0501665	0.000268928	-0.000887543	0.00107265
0.55626	-0.0602069	0.0501622	-0.000494855	0.000179232	-0.000824951
0.556264	-0.0602131	0.0501669	0.00113258	-0.00155796	0.000973185
0.556262	-0.060206	0.0501647	2.34038e-05	0.00143751	-9.98218e-05
0.55626	-0.0602038	0.0501604	-0.000417202	0.00177544	-0.00113251
0.556261	-0.060213	0.0501633	-0.000226017	-0.00189015	-4.47194e-05
0.556261	-0.0602116	0.0501661	-2.87994e-05	-0.00117695	0.000808084
0.55626	-0.0602114	0.0501637	-0.000436678	-0.000883607	-0.000266666
0.55626	-0.0602085	0.0501629	-0.000304749	0.000372231	-0.00045058
0.556258	-0.0602074	0.0501588	-0.000722556	0.000672615	-0.00133025
0.556261	-0.0602092	0.0501623	0.000727238	0.000205959	0.00040271
0.556264	-0.060204	0.0501658	0.00163125	0.00209413	0.00153912
0.556262	-0.0602037	0.0501624	0.000116833	0.00102859	-0.000360265
0.556261	-0.0602096	0.050163	-0.000397375	-0.00101133	-0.000162471
0.55626	-0.0602066	0.050161	-0.000419852	0.000392736	-0.000638907
0.556261	-0.0602066	0.0501615	-1.68263e-05	0.000264308	-0.000478034
0.556261	-0.0602083	0.0501635	-0.000134942	-0.000263881	0.000624337
0.556261	-0.0602061	0.0501623	-0.00010807	-0.000272498	-0.00012275
0.556263	-0.0602044	0.0501644	0.000815524	0.000142722	0.000943372
0.556262	-0.0602052	0.0501647	0.000111736	0.000498322	0.000348034
0.556262	-0.0602038	0.0501633	-0.000199959	0.000218607	-0.000246368
0.556261	-0.0602074	0.0501646	-0.000234613	-0.000876922	0.000300235
0.556259	-0.0602058	0.0501599	-0.00077523	-0.000283264	-0.00095979
0.556259	-0.0602063	0.0501607	-0.000429229	0.000332398	-0.000618716
0.556261	-0.0602048	0.0501616	9.85307e-05	0.000866899	-0.000359213
0.55626	-0.0602083	0.0501601	0.000100989	-0.000471622	-0.00047965
0.556262	-0.0602053	0.0501632	0.00034735	0.000300279	0.000586535
0.556261	-0.0602047	0.0501625	0.000220001	0.000706054	0.000345982
0.556263	-0.0602033	0.0501638	0.000788561	0.000702609	0.000792405
0.556262	-0.0602046	0.0501627	9.16118e-05	0.000244309	-0.000237075
0.556261	-0.0602041	0.0501617	-0.000259138	-0.000348366	-0.000108765
0.556262	-0.0602014	0.0501628	-9.29528e-05	0.00079642	-9.41255e-05
0.556262	-0.0602045	0.0501625	3.27535e-05	-0.000486249	-0.000269201
0.556259	-0.0602046	0.0501583	-0.000799835	-0.000629513	-0.00116293
0.55626	-0.0602044	0.0501604	-7.74194e-05	0.000306631	-3.05217e-05
0.556261	-0.0602036	0.0501604	0.000122914	0.000215889	-0.000248415
0.556263	-0.0602037	0.0501644	0.00085306	0.000435364	0.00124529
0.556262	-0.060211	0.0501651	2.01333e-06	-0.00203724	0.000820716
0.556261	-0.0602096	0.0501632	-0.00012263	-0.000807795	0.000189096
0.55626	-0.0602043	0.0501607	-0.000598048	0.000889384	-0.00062283
0.556259	-0.0602038	0.0501598	-0.000465977	0.00105683	-0.000693093
0.556262	-0.0602018	0.0501639	0.000569545	0.00096331	0.000685796
0.55626	-0.0602065	0.0501629	-8.9895e-05	-0.00098059	0.000408819
0.556263	-0.0602044	0.0501633	0.000700631	-3.71015e-05	1.29271e-05
0.556261	-0.060208	0.0501632	-0.000474589	-0.00125528	2.34548e-06
0.556262	-0.0602065	0.0501641	0.00028489	-0.000666921	0.000661514
0.556261	-0.0602045	0.050161	-0.0014089	-1.46508e-05	-0.00146324
0.556262	-0.0602056	0.0501638	-0.000693443	4.54614e-05	-0.000391345
0.556262	-0.0602064	0.0501643	-0.00024927	-0.00042921	0.000339202
0.556263	-0.060206	0.050164	8.62241e-05	-0.000205717	0.000237837
0.556259	-0.0602081	0.0501602	-0.00121751	-0.000497404	-0.00120733
0.556261	-0.0602051	0.0501612	-0.000179642	0.000311555	-0.000720513
0.55626	-0.06021	0.0501625	-0.000797727	-0.00154083	-0.000277376
0.556261	-0.0602077	0.0501633	-3.44824e-05	-0.000306692	0.000131092
0.556259	-0.0602113	0.0501608	-0.00084604	-0.00101298	-0.000860866
0.55626	-0.0602091	0.0501623	-0.000304481	-0.000614471	1.85013e-05
0.55626	-0.0602076	0.0501609	-0.000100201	0.000649605	-0.000571528
0.556261	-0.0602126	0.050164	0.000302136	-0.0010397	0.00062556
0.556262	-0.0602113	0.0501632	0.000586663	-7.29092e-05	0.00047712
0.556257	-0.0602094	0.0501592	-0.00105047	0.000211844	-0.000903089
0.556258	-0.0602117	0.0501598	-0.00059241	-0.00042256	-0.000711549
0.556262	-0.0602114	0.0501644	0.00064631	-0.0004782	0.000922318
0.55626	-0.0602101	0.0501624	-0.000181797	9.21452e-06	-8.79603e-05
0.556262	-0.0602046	0.0501633	-0.000296128	0.0014199	0.000103271
0.556262	-0.0602138	0.0501643	-0.000281493	-0.00178744	2.83989e-05
0.556262	-0.0602123	0.0501645	-4.50003e-06	-0.000595506	0.000290831
0.556263	-0.0602122	0.0501644	0.000243757	-0.00030958	0.000199798
0.556258	-0.0602122	0.0501599	-0.00148033	-0.000219766	-0.00134274
0.556262	-0.060214	0.0501658	2.9242e-05	-0.000800269	0.00071052
0.556259	-0.0602132	0.0501625	-0.000696802	-0.000229325	-0.000407383
0.55626	-0.0602134	0.0501635	-0.000411776	-0.000679167	-8.11309e-05
0.556261	-0.0602109	0.0501629	-5.80148e-05	0.000607811	-0.000446828
0.556263	-0.0602121	0.0501657	0.000682272	0.000102933	0.000585984
0.556261	-0.0602142	0.0501643	-0.000150429	-0.00055924	-4.51814e-05
0.556261	-0.0602156	0.0501653	0.000142657	-0.00082007	0.000587996
0.556261	-0.0602129	0.0501632	-0.000289686	0.000307952	-0.000540431
0.55626	-0.0602131	0.0501618	-0.000318548	0.000199159	-0.000558462
0.556259	-0.0602116	0.0501625	-0.000560375	0.000639556	-6.94574e-05
0.556259	-0.0602135	0.0501601	-0.000271973	-0.000190499	-0.000808602
0.556263	-0.0602095	0.050163	0.00104811	0.00122678	0.000412135
0.556261	-0.0602146	0.0501628	0.000198533	-0.000844126	0.000214789
0.55626	-0.0602162	0.0501635	-0.000319097	-0.00122611	4.73489e-05
0.556262	-0.0602141	0.0501644	0.00044593	-5.87042e-05	0.000562928
0.55626	-0.060218	0.0501627	-0.000389084	-0.00129451	-0.000141159
0.556261	-0.0602112	0.050165	0.000104995	0.00138582	0.000711654
0.556259	-0.0602154	0.050162	0.002096	-0.000217276	0.000854563
0.556261	-0.0602124	0.0501624	0.00252726	0.0012018	0.00100811
0.55626	-0.0602162	0.050163	-0.00119706	-0.000924753	-0.000425033
0.556262	-0.0602124	0.0501645	-0.000495826	0.000497434	-0.000306931
0.556261	-0.0602142	0.0501647	-0.000794375	-0.000333255	-0.000302216
0.556261	-0.0602126	0.050165	-0.000800518	0.000301709	-0.000192103
0.556262	-0.0602096	0.0501655	-3.44781e-05	0.000819396	0.000127886
0.556263	-0.0602117	0.050165	5.36136e-05	0.000522992	-0.000200374
0.556261	-0.0602149	0.0501628	-0.00053581	-0.000887712	-0.000920168
0.556262	-0.0602093	0.0501653	-0.000302283	0.00119932	-9.36377e-05
0.556263	-0.0602065	0.0501625	0.000224118	0.00136623	-0.000510081
0.556261	-0.060211	0.0501634	-0.000417727	-0.000295834	-1.10006e-05
0.55626	-0.0602133	0.050163	-0.000853108	-0.000893859	-0.000494672
0.556262	-0.060208	0.0501634	0.000348896	0.00126124	3.19173e-05
0.556258	-0.060206	0.0501588	-0.00146649	0.00140613	-0.00177178
0.556265	-0.0602085	0.0501667	0.00139006	7.73261e-05	0.00134629
0.556261	-0.0602112	0.0501634	-0.000160281	-0.000779513	0.00011707
0.556264	-0.0602086	0.0501673	0.000991686	0.000377311	0.00148068
0.556261	-0.0602067	0.0501618	0.00229164	0.00157129	0.000768453
0.556258	-0.0602035	0.050157	0.000628326	0.00172135	-0.00114468
0.556262	-0.060209	0.0501638	0.00227399	-0.000336866	0.0017448
0.556259	-0.0602069	0.0501597	0.000485693	0.0010551	-9.1228e-05
0.556262	-0.0602067	0.0501638	0.00142906	0.000526507	0.00136791
0.55626	-0.060207	0.0501597	-0.000449369	-0.000251666	-0.00101775
0.55626	-0.0602055	0.0501593	-0.000552436	0.000229088	-0.00118428
0.556264	-0.0602088	0.0501648	0.000702172	-0.000613111	0.000899596
0.556259	-0.0602058	0.0501608	-0.000962197	0.000317932	-0.000642781
0.556261	-0.0602082	0.050162	0.000160835	-0.000622159	0.000205882
0.556262	-0.0602067	0.0501617	0.000154731	8.58516e-05	0.000133875
0.55626	-0.0602054	0.0501604	-0.000386116	0.000453436	-0.000342519
0.556261	-0.0602083	0.0501629	0.000113973	-0.000641794	0.000625371
0.556262	-0.0602049	0.050163	3.2507e-05	0.000656947	7.1004e-05
0.556261	-0.0602082	0.050162	0.000106803	-0.000629369	-4.24568e-05
0.556262	-0.0602063	0.0501633	0.00013842	0.000216396	0.000499599
0.556262	-0.0602064	0.0501635	-6.35422e-05	2.41873e-05	5.10174e-05
0.55626	-0.0602039	0.0501608	-0.000300247	0.000950162	-0.000626827
0.556261	-0.0602067	0.050163	0.00014388	-0.000311222	0.00041732
0.556261	-0.0602067	0.0501606	-0.000610374	-0.000371581	-0.00102826
0.556261	-0.0602047	0.0501613	2.34348e-05	0.000926099	-8.99399e-05
0.556262	-0.0602073	0.0501619	0.000372768	-0.00090361	0.000397819
0.55626	-0.0602068	0.0501607	-0.000170415	-0.000167319	-0.000125731
0.556257	-0.0602051	0.0501576	-0.00117527	7.40052e-05	-0.00103254
0.55626	-0.0602093	0.0501605	-2.37968e-05	-0.000745199	-0.000203352
0.556262	-0.0602035	0.0501644	0.000954135	0.000909117	0.00151828
0.556262	-0.060206	0.0501651	0.000674604	4.72914e-05	0.00120088
0.556261	-0.0602066	0.0501621	0.000211153	-0.00193485	0.00022288
0.556258	-0.0602088	0.0501591	-0.00109474	-0.00183281	-0.0010263
0.55626	-0.0602081	0.0501601	-0.000327015	0.00182493	-0.00111234
0.556258	-0.0602103	0.050161	-0.000882809	0.000799456	-0.00082109
0.556261	-0.060208	0.0501628	0.000550124	0.00155276	0.000215981
0.55626	-0.0602081	0.0501603	0.000159294	0.00156559	-0.000822948
0.556262	-0.0602067	0.0501628	0.000658165	0.00133381	0.000391174
0.556262	-0.0602048	0.0501642	0.000251492	0.00143298	0.000428038
0.556261	-0.0602066	0.0501642	-0.000191257	0.000380295	0.00023059
0.556262	-0.0602032	0.0501628	0.000100828	0.00136476	-0.000244893
0.55626	-0.0602092	0.05016	-0.00050651	-0.0013444	-0.000768108
0.55626	-0.0602097	0.0501622	-0.000233669	-0.000780517	0.00019306
0.556261	-0.0602092	0.050166	0.000444728	0.000173338	0.00120573
0.55626	-0.0602077	0.0501606	-0.000228341	-4.06993e-05	-0.000725178
0.55626	-0.0602023	0.0501602	6.41971e-05	0.0016163	-0.000491416
0.556263	-0.0602072	0.0501647	0.000852632	-0.000240897	0.00102505
0.556259	-0.0602099	0.0501604	-0.00094309	-0.000623186	-0.00113715
0.55626	-0.0602087	0.0501613	-8.19789e-05	-0.000218803	-0.000254749
0.55626	-0.0602057	0.0501598	-0.00036243	0.000762366	-0.000968465
0.556263	-0.0602081	0.050164	0.000787545	-0.000230443	0.00100887
0.556261	-0.060202	0.0501619	0.000151277	0.00182689	8.48204e-05
0.556261	-0.0602035	0.0501617	-0.000103578	0.000659577	-0.000351174
0.55626	-0.0602053	0.0501607	-0.000225253	-0.000107442	-0.000297173
0.556262	-0.060208	0.0501638	0.000618114	-0.000928366	0.000879571
0.556263	-0.0602109	0.0501653	0.000387208	-0.00165119	0.000758823
0.556264	-0.060206	0.0501638	-0.00244991	-0.000233041	-0.0016837
0.556261	-0.0602051	0.0501628	-0.00244574	0.000172475	-0.00128456
0.55626	-0.0602101	0.0501633	-0.00203115	-0.00147566	-0.00053579
0.55626	-0.0602082	0.0501658	-0.00180499	-0.000541576	-1.95869e-05
0.556261	-0.060211	0.0501628	-0.00109189	-0.000964983	-0.00119154
0.556261	-0.0602102	0.0501628	-0.000646517	-0.000560491	-0.000549321
0.556261	-0.0602071	0.0501614	-0.000223261	0.000154054	-0.000605557
0.556262	-0.0602058	0.0501604	6.33246e-06	0.00114513	-0.000831592
0.556263	-0.0602122	0.050165	0.000242484	-0.00115388	0.000934499
0.556261	-0.0602071	0.0501611	-0.000397117	0.000592569	-0.000689753
0.556262	-0.0602081	0.0501633	-0.000127466	-0.000129605	-9.74756e-05
0.556264	-0.0602069	0.0501679	0.000960181	0.000385181	0.00186808
0.55626	-0.0602085	0.0501609	-0.000937303	-0.000315543	-0.0011122
0.556259	-0.0602057	0.0501597	-0.00106354	0.00071126	-0.00117759
0.556259	-0.06021	0.0501599	-0.000951023	-0.000638449	-0.00105851
0.556263	-0.0602078	0.0501658	0.000907967	2.72329e-05	0.00113908
0.556262	-0.0602076	0.0501639	5.67076e-05	0.000363655	9.764e-05
0.556259	-0.0602082	0.0501587	-0.000765426	-0.000591067	-0.00121111
0.55626	-0.060205	0.050161	-0.000139278	0.000801194	-0.000370122
0.556261	-0.0602078	0.0501645	7.14812e-05	-0.000360442	0.000795512
0.556259	-0.0602088	0.0501613	-0.000533147	-0.000964406	-0.000414348
0.55626	-0.0602082	0.0501623	-0.000147288	-0.00010944	-6.18633e-05
0.556263	-0.0602044	0.050164	0.000855923	0.00125993	0.000498577
0.556258	-0.0602043	0.0501604	-0.000748512	0.000979587	-0.00054727
0.556263	-0.0602076	0.0501626	0.00106068	1.34912e-05	0.000482829
0.55626	-0.0602074	0.0501608	-0.000347196	-0.000287644	-0.000590818
0.556262	-0.0602096	0.0501645	0.00038555	-0.000986099	0.00111179
0.556265	-0.0602087	0.0501683	0.00104446	-0.000473693	0.00164034
0.556261	-0.060205	0.0501628	-0.000227494	0.000978101	-0.000426798
0.556262	-0.0602082	0.0501634	0.000225028	-0.000796349	0.000150632
0.556261	-0.060208	0.0501627	-0.000278888	-0.00014511	-0.000173846
0.556258	-0.0602089	0.0501589	-0.00109413	-0.000320327	-0.0014036
0.556259	-0.0602101	0.0501617	-0.00032284	-0.000565972	-2.38393e-05
0.556261	-0.0602069	0.0501614	0.000452891	0.000672498	-0.000101882
0.556259	-0.060206	0.0501591	-0.000358223	0.000327245	-0.000690704
0.556259	-0.0602088	0.0501591	-3.96221e-05	-0.000491363	-0.000194628
0.556261	-0.0602098	0.0501624	0.000248939	-0.000744215	0.000503435
0.556261	-0.0602093	0.0501632	0.000437103	0.000100089	0.00078077
0.556262	-0.0602099	0.0501636	0.000592711	-0.000380716	0.000720351
0.556259	-0.0602093	0.0501587	-0.000675747	-0.000106494	-0.00112716
0.55626	-0.0602087	0.050161	-4.7675e-05	0.000122964	-5.02434e-07
0.556259	-0.0602098	0.0501613	-0.000456638	4.08009e-06	-0.000245689
0.55626	-0.0602086	0.0501625	-0.000111524	0.00010954	0.000147616
0.556258	-0.0602076	0.0501588	-0.00054084	0.000372919	-0.000842383
0.556261	-0.0602098	0.0501623	0.00079066	-0.000501496	0.000724457
0.556261	-0.0602083	0.0501614	0.000281465	0.000121127	-0.000139154
0.556259	-0.0602056	0.0501601	-0.0003838	0.00100679	-0.000276005
0.55626	-0.0602118	0.050163	-0.00015962	-0.00144375	0.000499157
0.556259	-0.0602105	0.050159	-0.000298622	-0.000509262	-0.0007106
0.556259	-0.0602131	0.0501616	0.000326381	-0.000688474	0.000632401
0.556259	-0.0602108	0.0501612	-0.000112542	-3.26856e-05	0.000206803
0.556258	-0.0602108	0.0501589	-0.000468825	-7.50966e-05	-0.000662471
0.556261	-0.0602099	0.0501626	0.000412944	0.000116194	0.000418133
0.556262	-0.0602048	0.050163	0.000738878	0.00173375	0.000314297
0.556259	-0.060212	0.0501607	-0.000692714	-0.00121308	-0.000524816
0.556264	-0.0602074	0.0501667	0.00129312	0.000728057	0.00155291
0.556262	-0.0602097	0.0501633	0.000337514	-0.000243843	0.000242607
0.556259	-0.0602086	0.05016	-0.000797656	0.000202637	-0.000825166
0.556263	-0.0602103	0.0501635	0.000732553	-9.94672e-05	0.000316979
0.556262	-0.0602082	0.0501629	0.000248624	0.000424756	0.000246208
0.556264	-0.0602077	0.0501641	0.000549848	0.000299321	0.000305183
0.556259	-0.06021	0.0501611	-0.000926586	-0.000134978	-0.000519906
0.556258	-0.0602125	0.0501613	-0.00111705	-0.00120366	-0.000564728
0.55626	-0.0602054	0.0501607	-0.000137625	0.00138185	-0.000741619
0.556261	-0.0602111	0.0501621	0.000229343	-0.000535182	0.000363079
0.556264	-0.0602046	0.0501657	0.00111157	0.001486	0.00120677
0.556263	-0.0602094	0.050165	0.000354607	-0.000702086	0.000484316
0.55626	-0.0602085	0.0501611	-0.000677304	-0.000219251	-0.000997016
0.556261	-0.0602081	0.0501634	0.00016108	5.12269e-05	0.000455853
0.55626	-0.0602072	0.0501598	-0.000415187	0.000366993	-0.000796053
0.556262	-0.0602079	0.0501633	0.000418752	-6.80308e-05	0.000337862
0.556262	-0.0602051	0.0501628	0.000278494	0.000483658	7.09254e-05
0.556259	-0.0602101	0.0501603	-0.00086707	-0.00103216	-0.000556643
0.556262	-0.0602074	0.0501629	0.000473127	0.000675173	0.000229508
0.556263	-0.0602095	0.050165	0.000473248	-0.000525347	0.000753516
0.556263	-0.0602077	0.0501647	0.000350335	0.000185357	0.000371455
0.556261	-0.0602082	0.0501626	-0.000433606	-6.54001e-05	-0.000454029
0.55626	-0.0602051	0.0501596	-0.00045559	0.0014216	-0.000942054
0.556262	-0.0602067	0.0501632	0.000516828	0.000186053	0.000664629
0.556262	-0.0602105	0.0501649	9.39978e-05	-0.000914543	0.000695053
0.55626	-0.0602103	0.050161	-0.000651024	-0.000393587	-0.000944193
0.55626	-0.0602077	0.05016	-0.000378142	0.000253826	-0.000629461
0.556261	-0.0602021	0.0501632	5.85867e-05	0.00185686	0.000401038
0.556262	-0.0602065	0.0501644	0.000340765	-0.000251098	0.000566738
0.556262	-0.0602091	0.0501637	0.000344273	-0.000663473	0.000146433
0.556258	-0.0602109	0.05016	-0.00103058	-0.00128869	-0.00102356
0.556262	-0.0602109	0.0501662	0.000586704	-0.000987218	0.00128567
0.556262	-0.0602125	0.0501634	0.000198581	-0.000835293	-9.79877e-05
0.556261	-0.0602067	0.0501619	-1.21278e-05	0.00158156	-0.000235882
0.556259	-0.0602109	0.0501609	-0.000613536	-0.00067923	-0.000366441
0.556263	-0.0602124	0.0501664	0.00118072	-0.00100365	0.00181661
0.55626	-0.0602115	0.0501624	-0.00145477	-0.000947512	-0.00122645
0.55626	-0.0602068	0.0501608	-0.000821447	-0.00256675	-3.92541e-05
0.556261	-0.0602049	0.0501629	-0.000578834	0.00212265	-0.00073888
0.556259	-0.0602088	0.0501595	-0.00098217	0.000220134	-0.00131216
0.556263	-0.0602138	0.050165	0.000771719	-0.00146096	0.00106256
0.556259	-0.0602115	0.0501612	-0.000976544	0.000218072	-0.000693851
0.556261	-0.0602115	0.0501638	-0.000183489	-0.000171477	2.25441e-05
0.556266	-0.0602125	0.0501691	0.00155646	-0.00011481	0.00163017
0.55626	-0.0602067	0.0501629	-0.000800729	0.00203729	-0.000686767
0.55626	-0.0602078	0.0501607	-0.000602133	0.000251753	-0.000959577
0.556261	-0.0602109	0.0501638	-0.000219118	-0.000794592	-2.56154e-05
0.556262	-0.0602062	0.050163	0.000131885	0.00108425	-0.000415666
0.556264	-0.0602076	0.0501646	0.000688017	0.000333222	0.000543464
0.556263	-0.0602077	0.0501643	4.56865e-05	0.000171089	7.25634e-06
0.556261	-0.0602125	0.050165	-0.000414195	-0.00105084	0.000520088
0.556262	-0.0602083	0.0501645	0.000107501	0.000468201	0.000246731
0.55626	-0.0602123	0.0501638	0.000286549	-5.03326e-06	2.66186e-05
0.556262	-0.0602101	0.0501649	0.00103701	0.000268421	0.000824602
0.556261	-0.0602125	0.050164	0.000583426	-0.00032953	0.000399862
0.556259	-0.0602122	0.0501613	-0.000539136	-0.000514551	-0.000905912
0.556262	-0.0602111	0.0501619	0.000863258	0.000427472	-0.000151754
0.556259	-0.0602135	0.0501608	-0.000171111	-0.000422589	-0.000359301
0.55626	-0.0602131	0.0501631	4.75221e-05	-9.02622e-05	0.000578945
0.556263	-0.0602114	0.0501655	0.0010655	0.000128725	0.00122049
0.556263	-0.0602137	0.0501645	0.000593375	-0.000499108	0.000126096
0.556262	-0.0602148	0.0501653	-0.000351122	0.0022405	-0.000825848
0.556263	-0.0602108	0.0501669	0.000182155	0.00301724	-6.67217e-05
0.556261	-0.060216	0.0501636	-0.000189667	0.000466681	-0.000907994
0.556258	-0.0602104	0.0501611	-0.00115301	0.00235073	-0.00140303
0.556259	-0.0602117	0.0501622	-0.000350105	0.00123049	-0.000574312
0.55626	-0.0602132	0.0501621	4.14068e-06	0.000415336	-0.000444658
0.556261	-0.0602126	0.0501639	0.000155388	0.000459052	-3.52826e-05
0.556261	-0.0602097	0.0501627	0.000127182	0.00138723	-0.000211254
0.556259	-0.0602106	0.05016	-0.00063785	0.0002485	-0.00085099
0.55626	-0.060214	0.0501627	-2.74863e-05	-0.000243852	0.000260604
0.556258	-0.0602105	0.0501589	-0.000520819	0.00124703	-0.00111424
0.556261	-0.0602127	0.0501643	0.000755879	0.000174119	0.00103572
0.556261	-0.0602098	0.0501637	0.00049562	0.00113889	0.000496565
0.55626	-0.0602134	0.050162	-6.46221e-05	-0.000437395	-0.000232266
0.556262	-0.0602172	0.0501655	0.000701914	-0.00155237	0.00100824
0.55626	-0.060211	0.0501611	-0.000365831	0.000246176	-0.00067039
0.556259	-0.0602142	0.0501625	-0.000421637	-0.000374281	-6.79655e-05
0.556262	-0.0602124	0.0501646	0.000529489	0.000470192	0.000254832
0.556259	-0.0602131	0.0501608	-0.000393628	0.00023987	-0.000440289
0.556261	-0.0602127	0.0501644	0.000705799	0.000435913	0.00102316
0.556262	-0.0602101	0.0501641	0.00359399	0.0014906	0.00220144
0.556261	-0.0602142	0.050164	0.00225063	-4.99327e-05	0.00157312
0.556261	-0.0602115	0.0501614	0.00142702	0.000952273	-8.0151e-05
0.55626	-0.0602103	0.0501609	0.000682974	0.0010825	-0.000241169
0.55626	-0.0602127	0.0501651	0.000981338	-0.00310303	0.00264704
0.556258	-0.0602116	0.0501597	9.62554e-05	-0.00259861	0.000109936
0.556263	-0.0602138	0.0501651	0.00195221	-0.00249831	0.00216569
0.556261	-0.0602116	0.0501632	0.000379503	-0.001087	0.0005881
0.55626	-0.0602088	0.0501612	0.000128276	0.000170135	3.96366e-05
0.55626	-0.0602068	0.0501626	0.000249258	0.000689902	0.00063941
0.556262	-0.0602097	0.0501628	0.000514008	-0.000623367	0.000179191
0.556261	-0.0602132	0.0501629	0.000425967	-0.00152331	0.000499495
0.55626	-0.0602069	0.0501631	-6.13297e-06	0.00100799	0.000455888
0.556258	-0.0602079	0.0501596	-0.000694989	-7.39674e-05	-0.000823769
0.556263	-0.0602044	0.0501632	0.00078372	0.00128111	0.000311547
0.556259	-0.0602061	0.050159	-0.000695901	-7.19898e-05	-0.00130505
0.556262	-0.0602078	0.0501633	0.00051825	-0.000281848	0.000494614
0.556262	-0.0602065	0.050164	0.000229787	0.000308208	0.000562228
0.556261	-0.0602101	0.0501621	-8.44814e-05	-0.000915039	0.000106065
0.55626	-0.0602086	0.0501612	-8.59339e-05	-9.70991e-05	-9.9884e-05
0.556262	-0.0602096	0.0501629	0.000341092	-0.000459205	0.000188371
0.556262	-0.0602081	0.0501626	-0.000887334	-0.000235904	-0.000698994
0.556262	-0.0602065	0.0501627	-0.000654213	0.000315979	-0.00053878
0.556259	-0.060209	0.0501584	-0.00147018	-0.000614238	-0.00156349
0.556263	-0.0602052	0.0501634	0.000337077	0.000484209	0.000769103
0.55626	-0.0602041	0.05016	-0.000692725	0.000542921	-0.000598238
0.556259	-0.0602103	0.0501582	-0.000939014	-0.00134259	-0.000984341
0.556259	-0.0602077	0.0501603	-0.000519608	-0.000306842	2.30183e-05
0.556261	-0.0602079	0.0501639	0.000128104	-1.89288e-05	0.000930176
0.55626	-0.0602071	0.0501609	-0.000185748	0.000317615	-0.000538865
0.55626	-0.060206	0.0501605	8.91939e-05	0.000335907	-3.8045e-05
0.55626	-0.0602068	0.0501602	-0.000225322	0.000105916	-0.000509926
0.55626	-0.060206	0.05016	-0.000272255	2.1184e-05	-0.000522811
0.556263	-0.0602063	0.0501647	0.00108844	-8.04002e-05	0.00160639
0.556262	-0.0602069	0.0501621	0.000164229	-0.000357682	3.36907e-05
0.556263	-0.0602089	0.0501664	0.000579783	-0.000503647	0.00161904
0.556263	-0.0602082	0.050164	0.000744278	-0.000263998	0.000505815
0.556261	-0.0602053	0.0501618	-0.000387946	0.000638028	-0.000351873
0.556257	-0.0602094	0.0501586	-0.00158562	-0.000988168	-0.00144181
0.556262	-0.0602061	0.050163	0.000655723	0.000836562	0.000462775
0.556261	-0.0602099	0.0501634	-0.000119864	-0.00106497	8.72461e-05
0.556262	-0.0602048	0.050165	0.000580196	0.00101479	0.000988152
0.556259	-0.0602117	0.05016	-0.000709398	-0.00126518	-0.00103979
0.556261	-0.0602083	0.0501618	-1.15328e-05	0.000398444	-9.48766e-05
0.556263	-0.0602123	0.0501673	0.000611624	-0.00111274	0.00140962
0.556261	-0.0602044	0.0501597	-0.000227411	0.00156425	-0.00136769
0.556262	-0.0602081	0.0501631	0.00025077	-0.000325362	0.000292151
0.556263	-0.0602048	0.0501616	-5.6857e-06	0.00432392	-0.0018018
0.556261	-0.0602067	0.0501622	-0.000488731	0.00259595	-0.000876629
0.556259	-0.060207	0.0501609	-0.000975709	0.00179437	-0.00134632
0.556261	-0.0602124	0.0501628	-8.40375e-05	0.000390582	-0.000183829
0.556261	-0.0602133	0.0501631	3.34647e-06	-4.38718e-05	0.000102662
0.556261	-0.060207	0.0501632	0.000228283	0.00174809	0.000139231
0.556261	-0.0602067	0.0501641	-0.000180757	0.00110511	1.65645e-05
0.556261	-0.0602094	0.0501626	0.000203584	0.00030999	-0.000442114
0.556261	-0.0602116	0.0501611	-7.84434e-05	-0.000379095	-0.000592596
0.556261	-0.0602102	0.0501639	-4.75592e-05	-0.000168659	0.000247678
0.55626	-0.0602101	0.0501624	-0.000638818	-0.000235413	-0.000511761
0.556261	-0.0602081	0.0501612	0.00148042	-0.00217375	0.00144942
0.556263	-0.0602111	0.0501649	0.00151006	-0.00302367	0.00209817
0.556262	-0.0602109	0.0501657	0.000846037	-0.00224101	0.00169887
0.556259	-0.0602083	0.050161	0.000247756	-0.000263846	0.000139691
0.55626	-0.0602104	0.0501632	-2.40356e-05	-0.00134074	0.000536075
0.55626	-0.0602114	0.0501615	-1.85603e-05	-0.00104727	-0.000263909
0.55626	-0.06021	0.0501614	0.000224149	-0.000132291	0.0001438
0.556262	-0.0602113	0.0501642	0.000477999	-0.00056038	0.000782694
0.55626	-0.0602091	0.0501626	-6.20545e-05	-7.09718e-06	0.000287871
0.556264	-0.0602071	0.0501653	0.00144267	0.000899799	0.00120036
0.556261	-0.0602089	0.0501609	-0.00012585	-0.000305577	-0.00062299
0.55626	-0.0602089	0.0501601	-0.00155065	-0.000753449	-0.00127602
0.556259	-0.0602145	0.0501634	-0.00129576	-0.00204334	0.000202629
0.556262	-0.0602079	0.0501619	0.00126673	0.0013545	0.000216493
0.55626	-0.0602087	0.0501609	9.99861e-05	0.000682177	-0.000144032
0.556259	-0.0602088	0.0501623	-0.000218406	0.000460877	0.000398105
0.556262	-0.0602079	0.0501652	0.000997034	0.000609616	0.00123927
0.556261	-0.0602082	0.0501634	0.000158988	0.000221945	-0.000110915
0.556261	-0.0602114	0.0501657	0.000129914	-0.000807189	0.00077529
0.556262	-0.0602064	0.0501646	0.000297396	0.00104776	-3.27479e-05
0.556261	-0.0602088	0.0501625	-0.000308911	-0.000526097	-0.00076797
0.556261	-0.0602096	0.0501625	-0.000197503	-0.000365506	-0.000502192
0.556264	-0.0602031	0.0501648	0.00122843	0.0016768	0.000749571
0.556261	-0.0602065	0.0501616	-0.000770635	0.00381795	-0.00198056
0.556261	-0.0602121	0.0501614	-0.000494601	0.00031101	-0.00144447
0.556262	-0.0602076	0.0501626	5.39079e-05	0.00217886	-0.000632634
0.556262	-0.0602077	0.0501639	0.000101846	0.00167964	0.000222828
0.556261	-0.0602098	0.0501619	2.54691e-05	0.000623068	-0.000402221
0.556262	-0.0602071	0.0501639	-0.000397688	0.000878553	-9.58385e-05
0.556261	-0.0602125	0.0501637	0.000838913	-0.000101367	0.000374634
0.556264	-0.0602061	0.0501652	0.00186552	0.00197135	0.00126198
0.556264	-0.060209	0.0501654	0.00109789	0.000298649	0.000609174
0.556261	-0.0602062	0.050162	-0.000253766	0.0015543	-0.000826198
0.556261	-0.0602113	0.050163	-0.00123347	-0.000947298	-0.000852169
0.556261	-0.0602084	0.0501625	-0.00089644	0.000403971	-0.000811983
0.556262	-0.0602071	0.0501619	-0.00043362	0.00028566	-0.000778516
0.55626	-0.0602112	0.0501637	-0.000730272	-0.000888306	6.7707e-05
0.556256	-0.0602085	0.0501581	-0.00143012	0.000140196	-0.00132704
0.556259	-0.0602069	0.05016	0.000208241	0.000979257	-6.55135e-05
0.556261	-0.0602081	0.0501635	0.000549379	0.000271911	0.000989247
0.556261	-0.06021	0.0501614	5.00692e-05	-0.000498178	-0.000458242
0.55626	-0.0602087	0.0501607	-0.000279799	0.00015875	-0.000322566
0.556262	-0.0602067	0.0501635	0.00022767	0.000717915	0.000438204
0.556258	-0.0602091	0.0501612	-0.000779458	-0.000257996	-0.000200201
0.556262	-0.0602083	0.0501649	0.000633503	-0.000706611	0.000969407
0.556262	-0.0602067	0.0501613	0.000518071	-7.09705e-05	-0.000306327
0.55626	-0.060211	0.0501622	-0.000294616	-0.00119028	-0.000165787
0.556262	-0.060202	0.0501636	0.000280898	0.00190815	0.000294075
0.556261	-0.0602086	0.0501619	-0.000175787	-0.0009734	-4.0834e-05
0.556262	-0.060206	0.0501624	0.000272756	0.000510381	-0.000120241
0.556263	-0.0602075	0.0501654	0.00082364	5.26667e-06	0.00121572
0.556259	-0.0602109	0.0501596	-0.000902738	-0.00144534	-0.00104666
0.556262	-0.0602138	0.0501638	0.000772998	-0.00159825	0.000919197
0.556259	-0.0602091	0.0501628	-0.000396211	0.000234464	0.00033217
0.556262	-0.060208	0.0501638	0.000240723	0.000287249	5.01846e-05
0.556262	-0.060205	0.0501639	6.52245e-05	0.00118815	0.000244791
0.556257	-0.0602059	0.0501577	-0.00150179	0.000857281	-0.00183453
0.556263	-0.0602079	0.0501638	0.00118639	-0.000709244	0.000971275
0.55626	-0.0602097	0.0501647	-0.000250476	-0.000765165	0.00097544
0.556261	-0.0602114	0.0501629	7.73702e-05	-0.00101116	5.0577e-05
0.55626	-0.0602072	0.0501601	-0.000478954	0.000669587	-0.00125641
0.556262	-0.0602097	0.0501643	0.000272251	-0.000410107	0.000463603
0.556261	-0.0602099	0.0501634	0.000184491	-0.000290174	0.000315482
0.556262	-0.060211	0.0501643	0.000400056	-0.000603721	0.000272437
0.556261	-0.0602071	0.0501607	-5.6044e-05	0.000955993	-0.000743252
0.556259	-0.0602119	0.0501614	-0.0006146	-0.00459651	0.000667059
0.556264	-0.0602088	0.0501674	0.00130852	-0.00234532	0.00244868
0.556263	-0.0602077	0.050165	0.000698157	-0.00137244	0.00124741
0.55626	-0.0602116	0.0501634	-0.000664882	-0.00243069	0.000108867
0.556261	-0.0602099	0.050162	9.26895e-05	-0.00112052	-7.41309e-05
0.556261	-0.0602068	0.0501626	7.09022e-05	0.000197987	0.000252228
0.556263	-0.0602108	0.0501667	0.00039803	-0.00133104	0.00125315
0.556261	-0.0602117	0.0501633	-0.000102577	-0.00163794	-0.000298732
0.556259	-0.06021	0.0501622	-0.00079579	-0.000300039	-0.000659304
0.55626	-0.0602147	0.0501632	-0.000299149	-0.00166013	0.000245452
0.556261	-0.0602114	0.0501624	0.000328711	0.000354484	-0.000145801
0.556262	-0.0602144	0.0501631	0.000254714	-0.000757874	0.000108821
0.556262	-0.0602142	0.0501658	0.000329197	-0.000440305	0.00094208
0.55626	-0.0602166	0.050163	-0.000819219	-0.00109351	-0.000585624
0.55626	-0.0602083	0.0501646	-0.000335372	0.0020279	4.74392e-05
0.556261	-0.0602115	0.0501634	0.000222213	0.000349689	-5.6648e-05
0.556261	-0.0602098	0.0501641	0.0001702	0.00073076	-5.67793e-05
0.556263	-0.0602095	0.0501672	0.000612693	0.000184524	0.000926922
0.556261	-0.0602124	0.0501644	-0.000205144	-0.00059557	-0.000351374
0.556259	-0.0602166	0.0501622	-0.000527777	-0.00162466	-0.000786369
0.55626	-0.060215	0.0501623	-0.000173281	-0.000478516	-0.000257729
0.556259	-0.0602121	0.050162	-0.000304415	0.000631297	-0.000217167
0.55626	-0.0602084	0.0501618	0.000186369	0.00167226	-0.000170497
0.556259	-0.0602135	0.0501622	-0.000286736	-0.0005554	2.65012e-06
0.556259	-0.0602122	0.0501617	-0.000244005	-0.00035563	-0.000150392
0.556261	-0.0602124	0.0501644	0.000623273	-4.4457e-05	0.000795526
0.556259	-0.0602108	0.0501602	-0.000594506	0.000187837	-0.000849615
0.556263	-0.0602107	0.0501663	0.00118449	6.55047e-05	0.0014551
0.55626	-0.0602177	0.0501628	-0.00044925	-0.00198796	-0.000549103
0.556262	-0.0602103	0.0501638	0.0001356	0.0040044	-0.00121382
0.556263	-0.060207	0.0501642	0.000399306	0.00470971	-0.000551871
0.556259	-0.0602102	0.0501598	-0.000778587	0.00250254	-0.00183807
0.556261	-0.0602115	0.0501605	-0.000231242	0.00140549	-0.00108821
0.55626	-0.0602069	0.0501615	-6.34409e-05	-0.00100024	0.000471427
0.556261	-0.0602133	0.0501611	0.000130099	-0.00293817	0.00052787
0.556262	-0.0602081	0.0501637	0.000789377	-0.000364838	0.00135084
0.556261	-0.0602101	0.0501621	-0.00027678	-0.00106212	6.44247e-05
0.556261	-0.0602129	0.0501649	0.000884731	-0.0013382	0.00155109
0.55626	-0.0602102	0.0501612	0.000452419	-2.66116e-05	-0.000183545
0.55626	-0.0602102	0.0501614	0.000518106	3.02136e-05	0.000333552
0.556259	-0.0602092	0.0501617	0.000445357	-0.00356934	0.00168611
0.556262	-0.0602139	0.0501637	0.00117669	-0.00399444	0.0019338
0.55626	-0.0602074	0.0501595	0.000170066	-0.00109189	-0.000330747
0.556261	-0.0602111	0.0501632	0.000462844	-0.00180446	0.00132078
0.556261	-0.060213	0.0501619	0.000173879	-0.00193502	0.000222874
0.556262	-0.0602114	0.0501627	0.000530394	-0.000739731	0.000710419
0.556262	-0.060213	0.0501673	0.000330224	-0.00155453	0.00177883
0.55626	-0.0602114	0.0501631	-0.000269434	-0.000239626	8.51432e-05
0.556262	-0.0602069	0.0501635	0.000150112	0.000932126	-6.00501e-05
0.556264	-0.0602117	0.0501668	0.00100264	-0.000651709	0.00135007
0.556258	-0.0602139	0.0501592	-0.00142762	-0.00113282	-0.00189923
0.556261	-0.060213	0.0501625	0.000317023	-0.000397518	9.66083e-05
0.556261	-0.0602069	0.050161	8.20797e-05	0.00172279	-0.000700349
0.556261	-0.0602127	0.0501637	0.000136981	-0.000346904	0.000580598
0.556263	-0.0602056	0.0501641	0.000686173	0.00148936	0.000701583
0.55626	-0.06021	0.0501617	5.98606e-05	-0.000219403	-9.28639e-05
0.556261	-0.0602087	0.0501615	-1.364e-05	-0.000127351	-0.000215526
0.556263	-0.0602135	0.0501648	0.000699587	-0.00135311	0.000995979
0.55626	-0.0602118	0.0501612	-0.000631987	-0.000251074	-0.00053948
0.556261	-0.0602113	0.0501639	-0.000141862	-8.15467e-05	0.00012946
0.55626	-0.06021	0.050163	-0.000579049	0.000361849	-0.000346061
0.556261	-0.0602084	0.0501612	-0.000100681	0.000758285	-0.000876753
0.556263	-0.0602094	0.0501638	0.000488199	0.000194642	0.000533015
0.556259	-0.0602137	0.0501606	-0.00106199	-0.00132776	-0.000883355
0.55626	-0.0602152	0.0501615	-0.000165318	-0.00132333	1.36583e-06
0.556261	-0.0602097	0.0501636	0.000347886	0.000904588	0.000438979
0.556258	-0.0602091	0.050158	-0.000667023	0.00118572	-0.00145094
0.556259	-0.0602121	0.0501609	-0.000501343	0.00343935	-0.00111207
0.556259	-0.060209	0.0501596	-0.000193057	0.00365172	-0.00127417
0.556261	-0.0602104	0.0501638	5.37905e-05	0.00174012	0.00014829
0.556259	-0.0602086	0.0501606	-0.000352173	0.00227154	-0.000816171
0.556262	-0.0602084	0.050162	0.000473109	0.00176975	-0.000385959
0.556258	-0.0602123	0.0501607	-0.000642245	3.20506e-05	-0.000758961
0.556261	-0.0602068	0.0501627	0.000467095	0.00196154	0.000275406
0.556263	-0.0602111	0.050164	0.000911445	-8.66519e-05	0.000523517
0.55626	-0.0602115	0.0501638	-0.000444424	-0.000248426	7.13075e-05
0.556262	-0.0602114	0.0501626	0.00164184	0.00041907	0.000646117
0.55626	-0.0602102	0.0501611	0.000428604	0.000752685	9.20702e-05
0.556263	-0.0602094	0.050165	0.00138403	0.000840539	0.00145345
0.55626	-0.0602101	0.0501619	-9.3688e-05	0.00028765	-0.000383109
0.556261	-0.0602069	0.0501611	0.000206255	0.00125758	-0.000612876
0.55626	-0.0602118	0.0501623	-0.000391078	-0.000785962	-3.89101e-05
0.556261	-0.0602148	0.0501619	0.000332568	-0.00144451	0.000171166
0.556262	-0.0602113	0.0501643	0.000842889	0.000248904	0.00105507
0.55626	-0.0602103	0.0501623	-1.98923e-05	0.000314468	-1.6566e-05
0.556263	-0.0602092	0.0501656	0.000695746	0.000517261	0.000781068
0.556262	-0.0602113	0.0501619	0.000186039	-0.00035918	-0.000452478
0.55626	-0.0602117	0.0501611	-0.000555549	-0.00034332	-0.000483014
0.556263	-0.0602109	0.0501647	0.000415469	-1.84465e-05	0.000569103
0.55626	-0.0602106	0.0501619	-0.000414298	-0.000235871	-0.000330464
0.55626	-0.0602066	0.0501628	-0.000371398	0.00139746	-0.000170236
0.556259	-0.0602119	0.05016	-0.000485205	-0.000697222	-0.000804401
0.556262	-0.0602082	0.0501631	0.000637408	0.000823194	0.000590419
0.55626	-0.0602102	0.0501597	-0.000182593	-0.000114328	-0.000696756
0.556261	-0.06021	0.0501624	7.54214e-05	-5.993e-06	0.000429936
0.556261	-0.0602069	0.0501611	0.000214267	0.00103516	-0.000137759
0.556262	-0.0602062	0.0501647	0.000558601	0.000904269	0.00112269
0.55626	-0.0602073	0.0501611	-0.000533087	0.000182016	-0.000815615
0.556259	-0.0602123	0.0501591	-0.000734355	-0.00150566	-0.000986524
0.556264	-0.0602061	0.0501627	0.00124993	0.00107712	0.000616857
0.556263	-0.0602094	0.050164	0.000479965	-0.000444947	0.000531099
0.55626	-0.0602117	0.0501622	-0.000419024	-0.0009192	0.000170858
0.556261	-0.0602083	0.0501637	0.000144439	0.000142429	0.000719079
0.556263	-0.0602094	0.0501645	0.000271537	0.0032547	-0.000458619
0.556262	-0.0602095	0.0501654	0.000161333	0.00239055	-0.000275551
0.556259	-0.0602088	0.0501615	-0.0012031	0.00195969	-0.00178696
0.556263	-0.0602061	0.0501637	0.000692343	0.00241122	-0.000233673
0.556262	-0.0602065	0.0501635	-2.79783e-05	0.00158612	-0.000465741
0.556263	-0.0602096	0.0501649	1.15693e-05	8.18608e-05	-5.85206e-06
0.556263	-0.0602094	0.0501653	0.000247007	0.000228697	0.000431662
0.556263	-0.0602045	0.050165	0.000379271	0.00183506	0.000266943
0.556259	-0.0602103	0.0501617	-0.00110885	-0.000660771	-0.000918177
0.556264	-0.0602125	0.0501653	0.000671965	-0.00115184	0.000609324
0.556258	-0.0602084	0.050158	-0.00152288	0.000228162	-0.00202218
0.556261	-0.0602098	0.0501634	-5.76101e-05	-0.000483085	9.98021e-05
0.556257	-0.0602075	0.0501569	-0.00139841	0.000768102	-0.00222627
0.556259	-0.0602087	0.05016	-0.000194044	0.00024496	-0.000504313
0.556262	-0.0602049	0.0501627	0.00134251	0.00161628	0.00107421
0.556262	-0.0602066	0.0501625	0.000505472	0.000497107	0.000640799
0.556261	-0.0602112	0.0501633	1.59858e-05	-0.000805292	0.000563043
0.556264	-0.0602093	0.050167	0.000833501	-0.000236206	0.00136077
0.556261	-0.0602086	0.0501624	-0.000544353	-2.79678e-05	-0.000716349
0.556265	-0.0602058	0.0501661	0.000871514	0.000874495	0.000704761
0.556261	-0.0602057	0.0501619	-0.000525727	0.000266775	-0.000584212
0.556261	-0.0602095	0.0501608	-0.000342453	-0.000373215	-0.00077708
0.556262	-0.0602054	0.0501657	3.94469e-06	0.000444096	0.000885308
0.556256	-0.0602125	0.0501591	-0.0015391	-0.00209044	-0.0013853
0.556262	-0.0602095	0.0501643	0.000757932	-0.000429906	0.000705291
0.556256	-0.0602109	0.0501574	-0.00153089	-0.00457501	-0.000834705
0.556264	-0.0602059	0.050166	0.00153463	-0.00157102	0.00252907
0.55626	-0.0602087	0.0501602	-0.000251298	0.00138216	-0.00130034
0.556261	-0.0602098	0.0501639	0.000177918	-0.00291869	0.0011604
0.556263	-0.0602076	0.050166	0.00053907	-0.00143144	0.00144352
0.556261	-0.0602087	0.0501612	-8.2071e-05	-0.00140935	-0.000294766
0.55626	-0.060212	0.0501604	0.00046412	-0.00176998	0.000236684
0.55626	-0.0602118	0.0501604	0.000762548	-0.00109704	0.000313694
0.556263	-0.0602092	0.0501624	0.00138941	0.000474086	0.000989296
0.556261	-0.060212	0.0501626	0.000146327	-0.000956331	0.000431437
0.556262	-0.0602027	0.050161	0.000540622	0.00200462	2.25162e-05
0.556262	-0.060211	0.0501625	0.000339847	-0.0012577	0.000533606
0.556263	-0.0602093	0.050165	0.000794104	-0.000140461	0.00129852
0.556259	-0.0602089	0.0501592	-0.00066337	5.20367e-05	-0.00104908
0.556261	-0.0602116	0.0501627	0.000326617	-0.00087019	0.000502504
0.556261	-0.0602101	0.050162	-0.000283211	-0.000123441	-0.000230205
0.556263	-0.060211	0.0501659	0.000763762	-0.000331075	0.00119413
0.55626	-0.0602135	0.0501628	-0.00031308	-0.00104454	-3.64853e-05
0.556263	-0.060211	0.0501647	0.000372543	5.488e-05	0.000343289
0.556261	-0.0602083	0.0501622	-0.000232539	0.000972852	-0.00035248
0.556262	-0.0602097	0.0501632	0.000301287	0.000218648	0.000181094
0.55626	-0.0602104	0.0501619	-0.000795025	-0.000164488	-0.000636076
0.556262	-0.0602112	0.050164	0.000501348	-0.000326196	0.000511216
0.556262	-0.0602096	0.0501633	0.000331596	0.00032717	0.000181127
0.556261	-0.0602056	0.0501621	-8.66769e-05	0.00114624	-0.000114013
0.556262	-0.0602061	0.0501625	0.000272879	0.000885514	-1.94353e-05
0.55626	-0.0602101	0.0501602	-0.000395253	-0.000671427	-0.000799096
0.55626	-0.0602062	0.0501596	-0.000537469	0.000494737	-0.000747269
0.556262	-0.0602075	0.0501651	0.000534458	0.00016936	0.00133519
0.55626	-0.06021	0.0501612	-0.000402181	-0.000666802	-0.000479469
0.556261	-0.0602099	0.0501619	-0.000110824	-0.000343117	-3.20296e-05
0.556258	-0.0602082	0.0501593	-0.000773795	-0.000439222	-0.000740653
0.556257	-0.0602101	0.0501585	-0.00118475	-0.0004719	-0.00119917
0.556259	-0.0602131	0.0501636	0.000312673	-0.00108857	0.000917869
0.556262	-0.0602112	0.0501623	0.000825366	-9.47556e-05	2.49301e-05
0.556262	-0.0602081	0.0501635	0.000731585	0.00105895	0.000704825
0.556262	-0.0602082	0.0501639	0.000313216	0.000694483	0.000697968
0.55626	-0.0602088	0.0501606	-0.000528124	0.00018556	-0.000924988
0.556259	-0.060212	0.0501605	-0.000404912	-0.000548504	-0.000556298
0.55626	-0.060209	0.0501601	-0.000438753	0.000564453	-0.00085647
0.55626	-0.0602135	0.0501616	-0.000222827	-0.00103335	-0.000125376
0.556262	-0.0602097	0.0501648	0.000731401	0.000651276	0.00132106
0.55626	-0.0602099	0.0501616	0.00103362	0.00121849	0.000420756
0.556261	-0.0602091	0.0501604	0.000882783	0.000849495	5.94094e-05
0.556258	-0.0602109	0.0501619	-0.000470326	-0.000142148	0.000258017
0.556257	-0.0602078	0.0501602	-0.000299205	0.000985878	-0.000131321
0.556261	-0.0602053	0.0501608	0.00034991	0.0011721	-0.000597336
0.556263	-0.0602062	0.0501642	0.000931047	0.000541878	0.0010041
0.556261	-0.0602103	0.0501624	-0.000174812	-0.00104195	2.08071e-05
0.556261	-0.0602063	0.0501629	0.00105201	0.00132446	0.000490127
0.556262	-0.0602007	0.0501623	0.000783838	0.00246536	3.7663e-05
0.556259	-0.06021	0.0501601	8.28627e-05	-0.00105886	-0.000352706
0.556261	-0.0602081	0.0501614	0.000766538	7.85095e-05	0.000326865
0.556264	-0.0602092	0.0501663	0.00131362	-0.000226469	0.00192654
0.55626	-0.0602087	0.0501612	0.000202098	0.000126421	-0.00022166
0.556262	-0.060208	0.0501649	0.00021676	0.00381663	-0.00019436
0.556257	-0.0602112	0.0501579	-0.00147503	0.00176694	-0.00259959
0.55626	-0.0602116	0.0501636	6.16914e-06	0.00128809	9.16402e-05
0.556263	-0.0602107	0.050167	0.000891029	0.0013034	0.00112893
0.556259	-0.060212	0.0501617	-0.000542428	0.000642309	-0.000871102
0.55626	-0.0602101	0.0501619	-0.000247921	0.00103334	-0.00102549
0.556261	-0.0602097	0.0501637	7.6919e-05	0.000870256	-0.000247884
0.556259	-0.0602155	0.0501596	-0.000708056	-0.0012395	-0.00123421
0.556261	-0.0602066	0.0501633	0.000744122	-0.00135022	0.00167777
0.556263	-0.0602079	0.0501637	0.000697371	-0.00164297	0.00101914
0.556262	-0.0602113	0.0501652	0.000428811	-0.00238579	0.00148771
0.556262	-0.0602081	0.0501638	-0.000846551	-0.0011042	3.49518e-05
0.55626	-0.0602088	0.0501606	-0.0013787	-0.00116935	-0.0013779
0.55626	-0.0602086	0.0501622	-0.000451521	-0.000698374	2.10312e-05
0.556262	-0.0602097	0.050163	1.75532e-05	-0.000953175	0.000238541
0.55626	-0.0602088	0.0501602	-0.000489861	-0.000387696	-0.00079157
0.556261	-0.060207	0.050162	-0.00043603	0.000213759	-0.000283575
0.556259	-0.0602118	0.0501617	-0.000928621	-0.0011883	-0.000541451
0.55626	-0.060215	0.0501625	-0.00021589	-0.00177138	0.000177211
0.55626	-0.0602103	0.0501611	-0.000170538	0.00040376	-0.00025005
0.55626	-0.0602045	0.0501597	-0.000345173	0.00172365	-0.000958094
0.556262	-0.0602109	0.0501643	0.00029622	-0.000729097	0.000802148
0.556261	-0.0602131	0.0501613	6.30705e-05	-0.00107506	-0.000163871
0.556261	-0.0602101	0.0501622	0.00031087	0.000393011	0.000184556
0.556259	-0.060209	0.0501598	-0.000380203	0.000619522	-0.000569398
0.556259	-0.0602137	0.0501608	-0.00024381	-0.00116945	-2.33561e-05
0.556259	-0.0602103	0.0501618	-0.000453483	0.000345853	0.000353233
0.556257	-0.0602127	0.0501589	-0.000500793	-0.000469527	-0.000571452
0.556261	-0.0602163	0.0501625	0.000639066	-0.00159166	0.000710662
0.55626	-0.0602089	0.05016	0.000282011	0.00144565	-0.000342103
0.556259	-0.0602166	0.0501618	-0.000565391	-0.00172021	-4.21479e-05
0.55626	-0.060215	0.050162	-5.55962e-05	-0.000644195	-7.43716e-05
0.556259	-0.0602118	0.0501627	-3.3044e-05	0.000710732	0.000286489
0.55626	-0.0602138	0.0501631	4.29149e-05	-0.000576609	0.000542676
0.556261	-0.0602125	0.0501646	0.000351651	0.000726516	0.000804511
0.556263	-0.0602114	0.0501652	0.000841812	0.000194035	0.000655133
0.556261	-0.0602081	0.0501612	0.00018178	0.00152357	-0.000648414
0.556259	-0.0602136	0.0501602	-0.000503687	-0.000742357	-0.000758137
0.556262	-0.0602096	0.0501636	0.000654115	0.000830094	0.000632314
0.556259	-0.0602137	0.0501608	-0.000758842	-0.000795511	-0.000506491
0.556262	-0.060211	0.0501641	0.000544587	0.000311364	0.000414389
0.556263	-0.0602082	0.0501645	0.000420463	0.000715123	0.000279569
0.556261	-0.0602127	0.050163	-0.000408813	-0.000761114	-0.000336515
0.556263	-0.0602107	0.0501643	0.000782183	0.000310732	0.000536757
0.55626	-0.0602146	0.0501627	-0.000589179	-0.0011272	-0.000403278
0.556262	-0.0602127	0.0501639	0.000357295	-0.000401473	0.000543004
0.556262	-0.0602127	0.0501631	9.18925e-05	6.36113e-05	6.25506e-05
0.55626	-0.0602134	0.0501613	-0.000696855	-0.000230925	-0.000905021
0.556262	-0.0602112	0.0501646	0.000262796	0.000618282	0.000746157
0.556261	-0.0602119	0.0501609	-0.000139366	0.000226392	-0.000652784
0.556259	-0.0602138	0.0501613	-0.000685907	-0.000499315	-0.000285942
0.556262	-0.0602096	0.0501631	0.000652059	0.0010925	0.000435186
0.556258	-0.0602153	0.0501619	-0.000639155	-0.00115445	-0.000286154
0.556257	-0.0602125	0.0501603	-0.000852262	0.000149176	-0.000617969
0.556261	-0.0602128	0.0501634	0.000516339	0.000408145	0.000519001
0.556259	-0.0602125	0.0501596	-0.000301785	7.90454e-05	-0.000799256
0.556261	-0.0602116	0.0501631	0.000864784	0.000350873	0.000847339
0.556262	-0.06021	0.0501644	0.000511906	0.00020782	0.000525886
0.55626	-0.060213	0.0501618	-0.000315941	-0.000547323	-0.000309469
0.556263	-0.0602126	0.0501636	0.000745431	-0.000135977	0.00045192
0.556262	-0.0602097	0.0501633	7.27602e-05	0.000817202	-0.000121723
0.55626	-0.0602115	0.0501623	-0.000551779	-7.1563e-05	-0.0005164
0.55626	-0.0602118	0.0501619	-0.000276497	-7.27527e-05	-0.00016219
0.556261	-0.0602128	0.0501641	0.000258598	-0.00401702	0.00156716
0.556264	-0.060206	0.0501654	0.000907717	-0.000721363	0.001501
0.556259	-0.0602119	0.05016	-0.000654341	-0.00264123	-0.000401015
0.556263	-0.0602094	0.0501636	0.000812265	-0.00144351	0.000876051
0.556261	-0.0602159	0.0501648	-0.000122541	-0.00332046	0.000957825
0.556263	-0.0602095	0.0501628	0.000569308	-0.00013118	0.000333842
0.556259	-0.0602133	0.0501608	-0.000892522	-0.00100448	-0.000426911
0.55626	-0.0602117	0.0501652	0.000147403	-0.000457412	0.00112812
0.556261	-0.0602133	0.0501625	0.000237048	-0.000941146	2.24036e-05
0.556261	-0.0602114	0.0501639	0.000202522	-7.39737e-05	0.000549296
0.55626	-0.0602072	0.0501604	-0.000315017	0.00131539	-0.000760562
0.556263	-0.0602109	0.0501644	0.000954722	-0.000400912	0.000831621
0.556258	-0.0602107	0.0501612	-0.00126309	-0.000287212	-0.000863479
0.55626	-0.0602144	0.0501619	-8.21085e-05	-0.00101517	-8.2635e-05
0.556259	-0.0602091	0.0501617	-0.000217047	0.000851609	-4.54808e-05
0.556263	-0.0602082	0.0501624	0.000873849	0.000763205	0.000221259
0.556264	-0.060206	0.0501644	0.000860564	0.00114809	0.000475567
0.55626	-0.0602129	0.0501643	-0.000373436	-0.00104578	0.000585128
0.556263	-0.0602098	0.0501647	0.000342199	-3.81584e-05	0.00023737
0.556261	-0.0602114	0.0501637	-0.000400775	-0.00066513	-0.000291212
0.55626	-0.0602117	0.0501637	-0.000142846	-0.000448643	6.2248e-06
0.556259	-0.0602091	0.0501605	-0.000771865	0.000530763	-0.000890763
0.556259	-0.0602107	0.0501607	-0.000418909	-0.000137101	-0.000382075
0.556264	-0.0602106	0.0501657	0.00141673	-0.000111515	0.00137851
0.55626	-0.0602103	0.0501607	-0.000665379	-3.48946e-05	-0.00111782
0.556264	-0.0602091	0.0501649	0.00098362	0.000428072	0.000907372
0.556262	-0.06021	0.0501608	-0.000205517	-7.23322e-05	-0.0010551
0.556261	-0.0602056	0.0501597	-0.00028723	0.00146673	-0.000791244
0.556263	-0.0602078	0.0501645	0.000541323	0.000239343	0.00115496
0.556258	-0.0602108	0.0501582	-0.00106516	-0.000807908	-0.00130186
0.556262	-0.0602079	0.0501653	0.000665472	0.000414596	0.00120052
0.556259	-0.0602071	0.0501624	-0.000401827	0.000622296	0.000165788
0.556261	-0.0602055	0.0501592	0.000421549	0.000950453	-0.000840597
0.556258	-0.0602093	0.0501596	-0.000896139	-0.000632078	-0.000375636
0.556261	-0.0602097	0.0501637	0.00064285	-0.000551377	0.00112377
0.556258	-0.0602105	0.0501609	-0.000419923	-0.000621319	-0.000377527
0.556258	-0.0602123	0.0501602	-0.000397482	-0.000973038	-0.000284363
0.556259	-0.0602095	0.0501592	-3.59169e-05	-0.000113573	-0.000420493
0.556261	-0.0602093	0.0501636	0.00074562	0.000224394	0.00112724
0.556259	-0.060215	0.050163	-0.000578054	-0.00172612	0.000172501
0.556261	-0.0602099	0.0501624	0.000198461	0.000540021	-0.000232884
0.55626	-0.0602117	0.050162	0.000166468	-0.000173902	2.40044e-05
0.556263	-0.0602108	0.0501668	0.000816639	0.000131337	0.00139193
0.556262	-0.0602143	0.0501639	0.000358659	-0.00100977	0.000230268
0.556262	-0.0602081	0.0501628	0.000129817	0.00130081	-0.000483008
0.556263	-0.0602075	0.0501654	0.000523536	0.00107518	0.000449524
0.55626	-0.0602071	0.0501626	-0.00046385	0.000537487	-0.000158957
0.556261	-0.0602093	0.0501638	0.000114732	-8.41104e-05	0.000290371
0.556261	-0.060213	0.050163	0.000164527	-0.00111998	0.000105438
0.556262	-0.060211	0.050164	-0.000229938	-0.00360793	-6.963e-05
0.556262	-0.0602094	0.0501652	-0.000272417	-0.00217311	0.000199934
0.55626	-0.0602075	0.0501602	-0.00101616	-0.00102888	-0.00155996
0.556264	-0.0602104	0.0501679	0.000783097	-0.00181251	0.00150642
0.556261	-0.0602115	0.0501628	-0.000523516	-0.00163114	-0.000351157
0.556262	-0.0602129	0.0501649	9.28715e-06	-0.00162683	0.000584051
0.556264	-0.0602104	0.0501672	0.000798872	-0.000324308	0.001174
0.556261	-0.0602084	0.0501622	-0.000320524	0.000412313	-0.00102761
0.556261	-0.0602114	0.0501626	0.000177547	-0.000692004	-0.000277094
0.556263	-0.0602124	0.0501664	0.000218993	-0.000934102	0.000682709
0.55626	-0.0602091	0.0501621	-0.00091616	8.08435e-05	-0.000648797
0.55626	-0.0602081	0.050163	-0.000523449	0.000657987	-0.000344378
0.556262	-0.0602109	0.0501648	0.000342258	-0.000485742	0.00014683
0.556261	-0.0602146	0.0501638	-0.000248881	-0.00150095	2.12e-05
0.556261	-0.0602101	0.050164	-0.000922154	-0.000293702	-0.000315152
0.55626	-0.0602098	0.0501609	-0.00119042	0.000118405	-0.00134373
0.556258	-0.0602092	0.0501582	-0.00162105	0.000351204	-0.00184796
0.556259	-0.0602105	0.0501595	-0.000647423	-0.00018857	-0.000834627
0.55626	-0.0602056	0.0501605	0.000304388	0.00502902	-0.000245555
0.556262	-0.0602111	0.0501646	0.000760839	0.00172706	0.000828997
0.556261	-0.0602116	0.0501623	5.19078e-05	0.00119906	-0.000369165
0.556261	-0.06021	0.0501639	-0.00018706	0.00145178	0.000249241
0.556264	-0.0602106	0.0501667	0.0008057	0.000845699	0.00102788
0.556263	-0.0602094	0.0501646	0.000768958	0.00118006	0.000452039
0.556261	-0.0602082	0.0501629	-0.00022729	-0.00238822	0.000669498
0.556262	-0.0602064	0.0501645	0.000331284	-0.00119139	0.00131513
0.556259	-0.0602107	0.0501603	-0.00089179	-0.0023635	-0.000363567
0.556261	-0.0602099	0.0501639	0.000202572	-0.0015241	0.000708503
0.556262	-0.0602051	0.0501633	0.000169361	0.000452478	0.000184789
0.55626	-0.0602084	0.0501619	-0.000679501	-0.00436453	-0.000354617
0.556263	-0.0602092	0.0501672	0.000411722	-0.00351679	0.00155324
0.556259	-0.0602114	0.0501619	-0.000867147	-0.00287166	-0.000485834
0.556261	-0.0602104	0.0501632	3.73713e-05	-0.00202715	0.000300755
0.556261	-0.0602099	0.0501635	-4.19332e-05	-0.00146719	5.19963e-05
0.556261	-0.0602089	0.0501618	-0.000275445	0.0023888	-0.00169357
0.556262	-0.060208	0.0501618	0.000267592	0.00242883	-0.000988169
0.55626	-0.0602118	0.0501612	-0.000822703	0.000528541	-0.00121868
0.55626	-0.0602087	0.0501617	-0.000683317	0.00151638	-0.000795175
0.556263	-0.0602092	0.0501643	0.00101847	0.00100419	0.00062016
0.556262	-0.0602051	0.0501639	0.000211189	0.00214965	0.00035851
0.556262	-0.0602036	0.0501629	-0.000144694	0.00192459	-0.000425636
0.556262	-0.0602035	0.0501624	0.000268251	0.00139598	-0.000202961
0.556258	-0.0602091	0.0501595	-0.00127272	-0.000952491	-0.00140778
0.556259	-0.0602107	0.0501604	-0.000275526	-0.00102964	-0.000340165
0.556263	-0.0602077	0.0501651	0.000850495	0.000245395	0.00103996
0.556261	-0.0602131	0.0501626	5.23442e-05	-0.001606	9.85721e-05
0.556261	-0.060208	0.0501617	0.000111674	0.00105151	-0.000275746
0.556259	-0.0602111	0.0501603	-0.000558238	-0.000569166	-0.00054816
0.556261	-0.0602086	0.0501618	0.000293092	0.000370036	0.000172437
0.556264	-0.0602109	0.0501646	0.000837504	-0.000594504	0.000988025
0.556261	-0.0602115	0.0501637	-0.000228044	-0.000624352	0.00034203
0.556261	-0.0602099	0.0501632	0.000268135	0.000236562	0.000304235
0.556262	-0.0602064	0.0501632	0.000230652	0.00122193	4.11429e-05
0.55626	-0.0602119	0.0501612	-0.000865817	-0.00105186	-0.00097438
0.55626	-0.0602118	0.0501626	-0.000475819	-0.000606861	5.98037e-05
0.556263	-0.0602094	0.0501636	0.000634617	0.000328229	8.80325e-05
0.55626	-0.0602087	0.0501614	-0.000358571	0.000511551	-0.000406104
0.556264	-0.0602087	0.0501676	0.000925761	0.000297105	0.0015476
0.556262	-0.0602096	0.0501634	2.36169e-05	-6.63527e-05	-0.00011816
0.556261	-0.0602097	0.0501635	-0.000406017	-0.000139276	-0.000317569
0.556262	-0.0602081	0.0501647	0.000156592	0.000503651	0.000454816
0.556261	-0.060213	0.0501634	4.67306e-05	-0.00122779	3.62303e-05
0.55626	-0.0602101	0.050162	-0.000548421	6.1768e-05	-0.000815095
0.55626	-0.0602086	0.0501623	-0.000571196	0.000546332	-0.000487963
0.556258	-0.0602121	0.050161	-0.000980643	-0.00118936	-0.00070411
0.55626	-0.0602102	0.0501615	0.000220381	-0.000127392	7.23342e-07
0.55626	-0.0602118	0.0501617	0.000181838	-0.00062305	0.000181355
0.556263	-0.0602076	0.0501656	0.00106176	0.000882674	0.00111961
0.556261	-0.0602112	0.0501641	0.000143922	-0.000574087	0.000495103
0.55626	-0.0602086	0.0501606	-0.000307236	0.000498603	-0.000733242
0.556257	-0.0602125	0.050158	-0.00108337	-0.00100887	-0.00132153
0.55626	-0.0602148	0.0501612	0.000279974	-0.00146264	0.000198847
0.556261	-0.0602083	0.0501624	0.000179572	0.0047737	-0.000658208
0.556262	-0.0602125	0.0501649	0.000624019	0.00208766	0.000299094
0.556258	-0.0602111	0.0501573	-0.00109991	0.00209162	-0.00240608
0.556261	-0.0602115	0.0501644	0.000240632	0.00137372	0.000356116
0.556262	-0.0602125	0.0501657	0.000283909	0.000663472	0.000494653
0.556263	-0.060208	0.0501662	0.00041993	0.00164623	0.000569037
0.556261	-0.0602111	0.0501645	-0.000203143	0.000455384	5.08633e-05
0.556261	-0.060213	0.0501633	-0.000268495	-0.000225378	-0.000681212
0.556259	-0.060212	0.050162	-0.000695816	0.000267544	-0.000911206
0.556262	-0.0602116	0.0501616	0.000244819	0.000198316	-0.000812494
0.556261	-0.0602115	0.050162	-4.93844e-05	0.000139344	-0.000345867
0.556263	-0.0602076	0.050165	0.000491131	0.00138117	0.000399744
0.55626	-0.060213	0.0501639	-0.000505733	-0.00083582	0.000141174
0.556261	-0.0602066	0.0501633	9.49699e-05	0.00162257	-4.52716e-05
0.556258	-0.0602059	0.0501601	-0.00105081	0.00125061	-0.00112111
0.556261	-0.0602116	0.0501611	0.000139753	-0.00105217	-0.000442034
0.55626	-0.0602151	0.0501629	-0.000469135	-0.00188707	3.16481e-05
0.556259	-0.0602089	0.0501596	-0.000393332	0.000777757	-0.0011817
0.556263	-0.0602093	0.0501655	0.00117595	0.000452634	0.0014829
0.556258	-0.0602108	0.0501591	-0.000852858	-0.00015339	-0.00103337
0.55626	-0.0602135	0.0501627	-7.66694e-05	-0.000993326	0.000550649
0.556263	-0.0602139	0.0501668	0.00119424	-0.000797392	0.00174621
0.55626	-0.0602133	0.0501625	-0.000139911	-0.00394202	0.000576313
0.556261	-0.0602115	0.0501633	0.000369202	-0.00230717	0.00069696
0.55626	-0.0602071	0.0501613	8.44068e-05	-0.000201686	0.000311043
0.556261	-0.0602053	0.0501616	0.000232445	0.000200514	-3.88344e-06
0.556263	-0.0602125	0.0501642	0.000565668	-0.00244269	0.000784756
0.556259	-0.060209	0.0501599	-0.000652975	-0.000484546	-0.000571058
0.556261	-0.0602129	0.0501646	0.000132869	-0.00174098	0.000957538
0.556262	-0.0602093	0.0501656	0.000548314	3.461e-05	0.00124928
0.55626	-0.0602119	0.0501622	-0.000276912	-0.000847935	-0.000207816
0.556262	-0.0602096	0.0501631	0.000357525	0.000160581	0.000208804
0.556261	-0.0602084	0.0501616	1.73372e-05	0.000485914	-0.000334051
0.55626	-0.0602131	0.0501626	-0.000452571	-0.00134029	-0.000255992
0.556259	-0.060209	0.0501606	-0.00064041	0.000539037	-0.000574454
0.556261	-0.0602083	0.0501613	0.000325521	0.00056689	-8.50214e-05
0.556261	-0.0602102	0.0501604	3.47768e-05	-0.00023434	-0.000323549
0.55626	-0.0602132	0.050162	-0.00032888	-0.0012232	-2.80587e-05
0.556263	-0.0602141	0.0501655	0.000381828	0.00242166	-0.000139812
0.556262	-0.0602128	0.0501637	-4.20011e-05	0.00234204	-0.000831337
0.556263	-0.0602125	0.0501671	0.000844522	-0.00157923	0.00183199
0.556258	-0.0602106	0.0501612	-0.00112458	-0.000531901	-0.000456741
0.55626	-0.0602084	0.0501619	6.71579e-05	0.000264448	2.93622e-05
0.55626	-0.0602072	0.050161	-5.20241e-05	0.00051851	-0.000243639
0.556259	-0.060209	0.0501587	-0.000634354	-0.000378176	-0.00122977
0.556262	-0.0602094	0.0501652	0.000596391	-0.000456939	0.00122683
0.556262	-0.0602096	0.0501642	0.000363765	-0.000340557	0.000804236
0.556261	-0.060213	0.050163	9.17746e-06	-0.00136989	0.000276911
0.55626	-0.0602089	0.0501607	-0.000225417	0.000516931	-0.000491187
0.55626	-0.0602105	0.0501603	-0.000294861	-0.000276877	-0.000565121
0.556261	-0.0602102	0.0501609	0.0012765	0.000341335	0.000495426
0.556263	-0.060212	0.050165	0.00124898	-0.00338903	0.00177251
0.556257	-0.0602131	0.0501579	-0.000989188	-0.00311417	-0.00112197
0.556262	-0.0602112	0.0501639	0.00101044	-0.00177034	0.00118633
0.556261	-0.0602129	0.0501643	0.000399859	-0.00188981	0.00100624
0.556261	-0.0602116	0.0501622	0.000264891	-0.000928191	-6.05458e-06
0.556263	-0.0602123	0.0501657	0.000749976	-0.000944296	0.00120518
0.55626	-0.0602165	0.0501624	-0.000254685	-0.00210227	-0.00047096
0.556261	-0.0602114	0.0501649	-0.000245859	0.000200347	0.000279384
0.556262	-0.060211	0.0501657	0.000130174	0.000545219	0.000246744
0.556259	-0.0602136	0.050161	-0.000648003	-0.000457938	-0.0010717
0.556262	-0.0602094	0.0501658	0.000603029	0.00112029	0.0009765
0.556259	-0.0602121	0.0501602	-0.000600303	-0.000140021	-0.00117986
0.556259	-0.0602121	0.0501596	-0.000523538	-9.73499e-05	-0.00098597
0.556264	-0.0602108	0.0501666	0.00101582	0.000329325	0.00133247
0.556261	-0.0602117	0.0501612	-0.000147035	-5.69752e-05	-0.000676239
0.556259	-0.060212	0.0501597	-0.000610089	-0.000115125	-0.000870004
0.55626	-0.06021	0.0501625	-0.000152489	0.000583456	0.000387028
0.556261	-0.0602131	0.0501627	0.000309545	-0.000622202	0.000146883
0.556262	-0.0602126	0.0501648	0.000453448	-0.000330834	0.000564175
0.556261	-0.0602095	0.0501658	-5.55116e-05	0.000794319	0.000634313
0.556261	-0.0602111	0.0501621	6.92275e-05	0.000443987	-0.000490805
0.556261	-0.0602087	0.0501614	0.000105523	0.000876359	-0.000452381
0.556261	-0.0602147	0.0501635	-6.22953e-05	-0.00151909	0.000454114
0.556262	-0.0602145	0.0501646	0.000405446	-0.000960355	0.000681248
0.556264	-0.0602074	0.0501663	0.000631161	0.00164567	0.000677234
0.556259	-0.0602121	0.0501599	-0.00100663	-0.000410703	-0.00146463
0.556262	-0.0602097	0.0501642	0.000518647	0.000130266	0.000666464
0.55626	-0.0602112	0.0501622	-0.000352687	-0.000132249	-0.000271791
0.556261	-0.0602083	0.0501629	6.04252e-07	0.000941851	1.81356e-05
0.556258	-0.0602122	0.0501604	-0.00105835	-0.000699994	-0.0011736
0.556259	-0.0602151	0.0501605	-0.000364536	-0.00137246	-0.0005298
0.556263	-0.0602095	0.0501647	0.000803471	0.000899882	0.000791794
0.556262	-0.0602112	0.050164	0.000513942	9.77179e-05	0.000548427
0.556262	-0.0602129	0.0501639	0.000130914	-0.000559997	8.09575e-05
0.556262	-0.0602052	0.0501616	0.0001012	0.00223481	-0.000473829
0.556261	-0.06021	0.0501624	-0.000221706	-8.58438e-05	6.46807e-05
0.556257	-0.060211	0.0501607	-0.00135024	-0.000390517	-0.000505347
0.556261	-0.0602082	0.0501637	0.000602239	0.00069032	0.000671681
0.556261	-0.0602082	0.0501637	0.00040305	0.000451533	0.000451113
0.556257	-0.0602076	0.0501599	-0.000815746	0.000539918	-0.000788794
0.556261	-0.0602143	0.0501656	0.000465009	-0.00198176	0.000900104
0.556263	-0.0602092	0.0501614	0.00082204	0.000817612	-0.000593641
0.556261	-0.0602091	0.0501603	-0.000203851	0.00032818	-0.000690573
0.55626	-0.0602073	0.050163	-0.000294949	0.000318796	0.000300981
0.556261	-0.0602064	0.050163	0.000380272	0.0042005	-4.18072e-05
0.556258	-0.060209	0.0501613	-0.000554679	0.0023543	-0.000344298
0.55626	-0.0602087	0.0501613	0.000183393	0.00185667	-0.000458761
0.556262	-0.0602128	0.0501636	0.000575186	1.39854e-05	0.000357436
0.556263	-0.0602093	0.0501639	0.00192064	0.00173928	0.000943479
0.556262	-0.0602098	0.0501635	0.00101509	0.00114309	0.000608271
0.556264	-0.0602094	0.0501647	0.0014156	0.00105441	0.00114382
0.556264	-0.0602048	0.0501622	0.00107983	0.00230209	5.67518e-05
0.55626	-0.0602087	0.0501604	-0.000527412	0.000295372	-0.000490589
0.55626	-0.0602098	0.0501634	-0.000130061	-4.58335e-05	0.00067012
0.55626	-0.060206	0.0501607	0.000344233	0.00104808	-0.000143586
0.55626	-0.0602088	0.0501626	-0.000331799	-0.000450222	0.000113909
0.556262	-0.0602063	0.0501649	0.000672221	0.000522416	0.0010726
0.556262	-0.0602077	0.0501651	0.000637707	-0.000130121	0.00113672
0.556261	-0.060207	0.0501614	-0.000367388	0.00018925	-0.000674294
0.55626	-0.0602071	0.0501613	-0.000534539	0.000111491	-0.000412552
0.556258	-0.0602078	0.0501576	-0.000733305	-0.000134135	-0.00146316
0.55626	-0.0602087	0.0501617	-7.28178e-05	-0.000414562	0.000396052
0.55626	-0.0602087	0.0501597	0.000177891	-0.000249664	-0.000390612
0.556259	-0.0602134	0.050162	-4.38623e-05	-0.0017532	0.000323841
0.55626	-0.0602116	0.0501635	-8.40074e-05	-0.000628831	0.000480236
0.55626	-0.0602117	0.0501619	8.88213e-05	-0.000420171	7.43615e-05
0.556258	-0.0602076	0.050159	-0.00052408	0.00106505	-0.000818567
0.556262	-0.0602097	0.0501628	0.00062236	-5.90637e-06	0.000382605
0.556262	-0.0602112	0.0501638	0.000630451	-0.000471839	0.000859142
0.556259	-0.0602106	0.0501596	-0.000520679	-9.43196e-05	-0.000759064
0.556259	-0.0602105	0.0501605	-3.9653e-05	7.22027e-05	-9.79087e-06
0.55626	-0.0602104	0.0501626	4.93161e-06	3.97941e-05	0.000588463
0.55626	-0.0602131	0.0501628	0.000192944	-0.000905417	0.000433535
0.556263	-0.060208	0.050164	0.00059541	0.00103531	0.000331277
0.556258	-0.0602111	0.0501584	-0.00111511	-0.000297628	-0.00144698
0.556261	-0.0602132	0.0501623	0.000445261	-0.000868171	0.000418599
0.55626	-0.0602104	0.0501606	-0.000380511	0.000278607	-0.000623448
0.556259	-0.0602105	0.0501607	-0.000330144	0.000195847	-0.000123743
0.556263	-0.0602107	0.0501662	0.00111224	-5.62602e-06	0.00146947
0.556261	-0.0602085	0.0501608	-0.000113935	0.00072957	-0.000899253
0.556262	-0.0602097	0.0501636	0.000279526	5.78655e-05	0.000313669
0.556263	-0.0602123	0.0501661	0.000752187	-0.000795121	0.00137526
0.556261	-0.06021	0.0501623	-3.11025e-05	0.000299954	-0.00022483
0.556258	-0.0602121	0.0501603	-0.00100679	-0.000507673	-0.000799408
0.55626	-0.0602119	0.0501622	-0.000301549	-0.000248414	0.000129857
0.556261	-0.0602148	0.0501636	3.73638e-05	-0.00119716	0.000207526
0.556264	-0.0602108	0.0501665	0.00106095	0.000117479	0.00141219
0.556262	-0.0602097	0.0501637	-0.00116515	-0.000119445	-0.000830989
0.556263	-0.0602105	0.0501654	-0.000604392	0.00350393	-0.0013979
0.556262	-0.0602108	0.050166	-0.000541224	0.00269666	-0.000581538
0.556261	-0.0602123	0.0501624	-0.000931826	0.00225816	-0.00211323
0.55626	-0.0602109	0.0501603	-0.000809634	0.00167988	-0.00181464
0.556261	-0.06021	0.0501638	-0.000234434	0.00137122	2.38544e-05
0.556261	-0.0602084	0.0501627	-0.000306724	0.00144191	-0.000449622
0.556261	-0.0602116	0.0501635	-0.000160513	-1.80114e-05	1.64148e-05
0.556263	-0.0602094	0.0501645	0.000421251	0.00077513	0.000329931
0.556262	-0.0602113	0.050163	-6.16089e-05	-9.49086e-05	-0.000273033
0.556259	-0.0602103	0.0501627	-0.000714194	0.000293086	-0.000476298
0.556262	-0.0602082	0.0501631	0.000259221	0.000930875	-7.53013e-05
0.556262	-0.0602065	0.0501629	0.000105847	0.00112109	-0.000447039
0.556261	-0.0602128	0.0501643	-0.000303966	-0.00137046	6.79173e-05
0.556262	-0.0602128	0.0501647	0.000108903	-0.000908343	0.00013747
0.556261	-0.0602068	0.0501622	-0.000263155	0.00146914	-0.000402265
0.556262	-0.0602113	0.0501629	-1.54438e-05	-0.000544201	-0.00028059
0.556263	-0.0602078	0.0501661	0.000506911	0.000830259	0.00114482
0.556266	-0.0602054	0.0501684	0.00129653	0.00131423	0.0012686
0.556261	-0.0602083	0.0501615	-0.000624946	-4.18875e-05	-0.00119231
0.55626	-0.0602056	0.0501593	-0.00063935	0.000887407	-0.00142408
0.55626	-0.0602122	0.0501594	-0.000657931	-0.00158507	-0.000908658
0.556261	-0.0602116	0.0501617	-5.68655e-06	-0.000849446	0.000163018
0.55626	-0.0602131	0.0501612	-0.000879035	0.00277233	-0.00178046
0.556259	-0.060209	0.0501622	0.00209975	0.0039833	0.000888563
0.556261	-0.0602115	0.0501655	0.00241088	0.00205923	0.00185833
0.55626	-0.060209	0.0501602	0.00130349	0.00237671	-0.0004683
0.556263	-0.0602078	0.0501638	0.00221009	0.00212435	0.000927785
0.556257	-0.0602112	0.0501581	-0.000696344	0.000419861	-0.00125132
0.556261	-0.0602085	0.050162	0.000784806	0.00119066	0.00014283
0.556261	-0.0602082	0.0501653	0.000947837	0.00101085	0.00141974
0.55626	-0.0602119	0.0501616	0.00024488	-0.000489489	-0.000194931
0.556261	-0.0602055	0.0501608	0.000606154	0.00188463	-0.000382385
0.556261	-0.0602082	0.0501633	0.000472855	0.000367921	0.000604249
0.556258	-0.0602092	0.0501591	-0.000316292	-2.00688e-05	-0.000807051
0.556261	-0.0602082	0.0501643	0.000394644	0.000280844	0.00110201
0.556261	-0.0602095	0.0501638	0.000423898	-0.000282968	0.000526385
0.556259	-0.0602104	0.0501618	-0.000630412	-0.000526823	-0.000689602
0.556264	-0.0602062	0.0501654	0.00109147	0.00111589	0.00097485
0.556261	-0.0602083	0.0501613	-2.12736e-05	4.46394e-05	-0.000642738
0.556263	-0.0602093	0.0501644	0.000268423	-0.000406692	0.000214533
0.556262	-0.0602081	0.0501639	-0.000184427	0.00015141	-9.46039e-05
0.556261	-0.06021	0.0501625	-0.00052057	-0.000165113	-0.000682527
0.556258	-0.0602046	0.0501584	0.00229832	0.0059579	0.000120546
0.556263	-0.0602097	0.0501631	0.00334789	0.00268398	0.00189485
0.556261	-0.06021	0.0501623	0.00200995	0.00197301	0.00111843
0.556263	-0.0602107	0.0501663	0.00213534	0.00127917	0.00218295
0.556261	-0.0602087	0.0501603	0.000610766	0.00169527	-0.000501008
0.556261	-0.0602102	0.0501627	0.000540637	0.000279975	0.000575899
0.556263	-0.0602058	0.0501643	0.00092294	0.00193654	0.00047309
0.55626	-0.0602101	0.0501611	-0.000360527	3.58872e-05	-0.000824577
0.55626	-0.0602118	0.0501624	9.44964e-05	-0.000378553	0.000237258
0.55626	-0.0602084	0.0501632	0.000161677	0.000934132	0.000552534
0.556263	-0.0602094	0.0501648	0.000819639	0.000267336	0.000599862
0.556262	-0.060208	0.0501634	0.000464274	0.000697924	0.000192164
0.556261	-0.0602102	0.0501622	0.000138095	-0.000124254	-0.000135822
0.556257	-0.0602125	0.0501609	-0.0010022	-0.000810394	-0.000350872
0.556259	-0.0602103	0.0501603	-0.000186621	0.00010954	-0.000572172
0.556259	-0.0602134	0.0501604	-0.000278411	-0.000561081	-0.000511362
0.55626	-0.0602091	0.0501611	0.000151423	0.000791319	-1.28698e-05
0.556258	-0.0602142	0.0501594	-0.000705918	-0.00124928	-0.000569059
0.556261	-0.0602085	0.0501619	0.000467718	0.00103952	0.000452527
0.55626	-0.0602088	0.0501617	-1.83867e-05	0.000582161	0.000242947
0.556263	-0.0602078	0.0501638	0.000872049	-0.00280463	0.000871472
0.55626	-0.0602103	0.0501607	-0.000806516	-0.00305671	-0.00079796
0.556261	-0.0602128	0.0501646	8.84016e-05	-0.00304611	0.00099571
0.556261	-0.06021	0.0501617	-7.51311e-06	-0.00122618	-0.000206259
0.556259	-0.0602106	0.0501608	-0.000989684	0.00238461	-0.0016184
0.556259	-0.0602133	0.0501631	-0.000275655	0.000968191	-0.000233541
0.556259	-0.0602091	0.0501601	-0.000615405	0.00216194	-0.00132922
0.55626	-0.0602117	0.0501624	-0.000171946	0.000611657	-0.000281172
0.556262	-0.0602171	0.0501644	0.000426379	-0.0011879	0.0002949
0.55626	-0.060215	0.0501643	0.000156061	-0.000222822	0.000395055
0.55626	-0.060212	0.0501606	-0.00019289	0.00074692	-0.00108175
0.556261	-0.0602113	0.0501642	0.000217051	0.000721252	0.000437846
0.556263	-0.0602123	0.0501669	0.000554302	0.00015197	0.00116588
0.556263	-0.0602094	0.0501642	0.00012732	0.00101495	-0.000499733
0.556259	-0.0602136	0.0501594	-0.000882318	-0.00382865	-0.000626503
0.556261	-0.0602122	0.0501611	0.000160814	-0.00262632	0.000418466
0.556262	-0.0602114	0.0501628	0.000242533	-0.00185405	0.000610398
0.556259	-0.0602135	0.0501622	-0.000631888	-0.00215669	0.000175415
0.556263	-0.0602093	0.0501634	0.00078138	-0.000197578	0.000511539
0.556261	-0.06021	0.050163	-0.000172508	-0.000455741	0.000228971
0.556262	-0.060211	0.0501652	-0.000149966	-0.000784676	0.000711483
0.556263	-0.0602112	0.0501644	0.000394951	-0.000583712	0.000366505
0.556259	-0.0602136	0.0501618	-0.000633744	-0.0011345	-0.000220298
0.556263	-0.0602107	0.050167	0.000772753	0.000122957	0.00136084
0.55626	-0.0602134	0.0501626	-6.24145e-05	-0.000645933	-3.3618e-05
0.556263	-0.0602095	0.0501649	0.000765762	0.000803082	0.000696748
0.556263	-0.0602127	0.0501656	0.000266249	-0.000646245	0.000318104
0.556261	-0.0602115	0.0501638	-0.000298665	1.67848e-05	-0.00033328
0.556259	-0.0602107	0.050161	-0.000902019	0.000276503	-0.000972543
0.556261	-0.0602117	0.0501603	0.000207241	-0.000171227	-0.000810274
0.556261	-0.0602069	0.0501619	-3.38836e-06	0.00149831	1.33715e-05
0.556261	-0.0602129	0.0501646	-0.0002245	-0.00109096	0.000586945
0.556261	-0.0602115	0.0501624	-0.000222881	-0.000272796	-0.000457131
0.556262	-0.0602138	0.0501649	0.0016719	-0.000508386	0.00147257
0.556262	-0.0602081	0.0501638	0.000969858	0.00165141	0.000775574
0.556259	-0.0602137	0.0501613	-0.000189829	-0.000728605	-0.000253478
0.556261	-0.0602126	0.050164	0.000594606	0.00024464	0.000413864
0.556261	-0.0602088	0.0501615	0.000506976	0.00123433	-0.000305504
0.55626	-0.0602115	0.0501648	-0.000182477	-0.000234544	0.000670418
0.55626	-0.0602119	0.0501618	6.20009e-05	-0.000246578	-0.000299516
0.55626	-0.0602104	0.0501617	3.01099e-05	-0.000106597	-0.00033347
0.556261	-0.0602095	0.0501614	0.000386736	0.000540041	-0.000173025
0.55626	-0.0602101	0.0501603	0.000109428	0.000262018	-0.000397538
0.556263	-0.0602062	0.0501652	0.000614173	0.00145519	0.00104367
0.55626	-0.0602115	0.0501631	-0.000492579	-0.00082228	-0.000132549
0.55626	-0.0602129	0.0501623	-0.000388073	-0.00414019	0.000597868
0.556262	-0.06021	0.0501656	0.00088849	-0.00226052	0.00188747
0.55626	-0.0602131	0.0501642	4.11692e-05	-0.00284816	0.00106941
0.556262	-0.0602108	0.0501625	0.00035339	-0.000975754	-2.10737e-05
0.556264	-0.0602049	0.0501646	0.00120921	0.00100152	0.00101621
0.556259	-0.0602106	0.0501614	-0.000512855	-0.00133091	-0.000354554
0.55626	-0.0602118	0.0501621	-0.000427015	-0.0014862	-0.000233448
0.556261	-0.0602131	0.0501626	0.000170471	-0.00145618	0.000270446
0.55626	-0.0602135	0.0501605	-0.000483525	-0.0011868	-0.000463579
0.55626	-0.0602102	0.0501616	-3.0297e-05	0.000294377	0.000119255
0.55626	-0.0602086	0.0501598	6.89779e-05	0.000734244	-0.000472419
0.55626	-0.0602112	0.0501624	-0.000130495	-6.88414e-05	7.07266e-05
0.556261	-0.0602101	0.0501639	0.000195261	3.96872e-05	0.000538674
0.556262	-0.0602099	0.050161	0.000394303	3.31126e-05	-0.000263633
0.556264	-0.0602107	0.0501653	0.000997404	-0.000239201	0.00136943
0.556262	-0.0602084	0.0501627	8.79723e-05	0.000177887	0.000233146
0.55626	-0.0602128	0.0501627	-0.000446184	-0.00107327	6.46304e-05
0.556261	-0.0602111	0.0501637	-2.2544e-05	-5.81109e-05	0.000364269
0.556261	-0.0602126	0.0501635	-0.000170485	-0.00015108	-4.05883e-05
0.556263	-0.0602098	0.0501641	0.000502872	0.000515263	-3.97663e-05
0.55626	-0.0602117	0.0501624	-0.000649378	-0.000372805	-0.000672771
0.556262	-0.0602113	0.0501637	7.71412e-05	-0.000161969	-3.40428e-05
0.556261	-0.0602117	0.0501608	-0.000246926	-0.000186792	-0.00063793
0.556262	-0.0602082	0.0501629	0.000189928	0.00101599	3.21502e-05
0.556263	-0.0602125	0.0501643	0.000434837	-0.000798256	0.000415152
0.55626	-0.0602114	0.0501619	-0.000494333	0.000322574	-0.00035209
0.55626	-0.0602134	0.0501617	-0.000332667	-0.000315736	-8.26206e-05
0.556259	-0.0602093	0.0501615	-0.00055257	0.000744653	-0.000424139
0.556261	-0.0602086	0.0501628	0.000268418	0.000672826	0.000400657
0.556259	-0.0602106	0.0501615	-0.000487098	9.14923e-05	-0.000372456
0.556261	-0.0602084	0.0501614	0.000359017	0.000819321	-0.000158699
0.556262	-0.0602078	0.0501648	0.000583961	0.000746205	0.00106205
0.556261	-0.0602086	0.0501601	-0.000303465	0.00018498	-0.00119298
0.556257	-0.0602126	0.0501591	-0.00127371	-0.00115676	-0.000880605
0.556261	-0.0602131	0.050163	0.000393085	-0.000889287	0.00078545
0.556262	-0.0602081	0.0501631	0.000760162	0.00107556	0.00058047
0.556262	-0.0602082	0.0501643	0.000419806	0.000701665	0.00078902
0.556262	-0.0602081	0.0501616	0.000237564	0.000423866	-0.000725273
0.556264	-0.0602091	0.0501667	0.000776809	-9.32712e-06	0.00144678
0.556262	-0.0602127	0.050163	0.000121578	-0.00118729	-0.000174009
0.556261	-0.0602118	0.0501609	-0.00157735	-0.000900063	-0.00144651
0.556258	-0.0602124	0.0501599	-0.00198106	-0.000833856	-0.00149145
0.556263	-0.0602107	0.0501664	0.00037359	-3.92644e-05	0.00125487
0.556258	-0.0602139	0.0501595	-0.00125886	-0.00103569	-0.00128238
0.556259	-0.0602104	0.050162	-0.000662924	0.000420836	-0.000167517
0.556261	-0.0602142	0.0501643	0.000239	-0.000557641	0.000788466
0.556261	-0.0602145	0.050165	0.00010662	-0.000383755	0.000491439
0.556259	-0.0602172	0.0501609	-0.000793225	-0.00157185	-0.00107213
0.556259	-0.0602136	0.0501619	-0.000691748	-2.25367e-05	-0.000669701
0.556259	-0.0602137	0.0501611	-0.000123076	0.00346439	-0.000469024
0.556264	-0.0602107	0.0501655	0.00147728	0.00387887	0.000741166
0.55626	-0.0602103	0.0501613	-0.000183347	0.00302277	-0.000666034
0.556261	-0.0602054	0.0501626	0.000221432	0.00336003	-0.000128158
0.556258	-0.0602116	0.0501596	-0.000729597	0.00104977	-0.000933784
0.556258	-0.0602106	0.0501591	-5.73464e-05	0.0014381	-0.000545097
0.55626	-0.0602106	0.0501627	-0.000595652	0.000250927	8.13398e-05
0.55626	-0.0602151	0.0501618	-0.000833784	-0.00148903	-0.000301462
0.556259	-0.0602088	0.050161	-0.000835606	0.00110458	-0.000542764
0.556262	-0.0602141	0.0501658	0.000163309	-0.00109524	0.000862571
0.556261	-0.0602099	0.0501625	-3.97861e-05	0.000742282	-0.000509227
0.556261	-0.0602131	0.050163	1.19797e-05	-0.000548518	-5.36201e-06
0.55626	-0.0602133	0.0501622	0.000585158	-4.69674e-05	0.000360283
0.556262	-0.0602052	0.0501618	0.00120444	0.00604144	-0.000149689
0.556258	-0.0602107	0.0501584	-4.54487e-05	0.00250516	-0.000907944
0.556261	-0.0602084	0.0501624	0.000853345	0.00272422	0.000821083
0.55626	-0.0602116	0.0501628	0.000120208	0.000859013	0.000353884
0.556263	-0.0602107	0.0501666	0.00102724	0.00099199	0.00141166
0.556261	-0.0602084	0.0501617	0.000448423	0.00163959	-0.000361381
0.556259	-0.0602138	0.0501591	-0.000225461	-0.000236996	-0.000941816
0.55626	-0.060207	0.0501617	0.000193789	0.00216253	0.00015433
0.55626	-0.0602087	0.0501604	-0.000164961	0.000896026	-0.00036463
0.556262	-0.0602124	0.0501652	0.000330962	-0.000234585	0.000839417
0.556262	-0.0602086	0.0501637	0.000351005	0.000837621	3.55664e-05
0.556261	-0.0602103	0.0501613	-3.02418e-05	-9.67276e-06	-0.000420874
0.556262	-0.0602081	0.0501635	0.000562307	0.000819819	0.000732684
0.556262	-0.0602038	0.0501618	-2.94243e-06	0.001409	-0.000439393
0.556261	-0.0602062	0.0501639	-0.000338137	0.000421752	0.00020752
0.556262	-0.0602108	0.0501658	0.000173354	-0.00117819	0.000703898
0.55626	-0.0602084	0.0501632	-0.000527803	7.45775e-05	-0.000409214
0.556261	-0.0602084	0.0501625	-0.000175229	5.72374e-05	-0.000497854
0.556259	-0.0602099	0.0501608	-0.00175346	-0.000515316	-0.00153223
0.556261	-0.0602024	0.0501619	-0.000541547	0.00189414	-0.000723636
0.556259	-0.0602107	0.0501603	-0.0013322	-0.00163325	-0.00104006
0.556259	-0.0602089	0.0501609	-0.000215075	-0.000394736	-2.40571e-05
0.556261	-0.0602098	0.0501644	0.000109836	-0.000598658	0.00113174
0.55626	-0.0602085	0.0501619	-0.000215035	-6.67859e-05	-0.000417037
0.55626	-0.060207	0.0501608	-0.000130383	0.000490687	-0.000424209
0.556262	-0.060208	0.0501656	0.000184066	-6.56528e-05	0.0010032
0.556261	-0.0602084	0.0501619	0.000182645	-0.000121481	-0.000279384
0.556261	-0.0602069	0.0501612	0.000113766	0.000437285	-0.00034297
0.556262	-0.060211	0.0501653	-0.000892625	-0.00159761	0.000176332
0.556259	-0.0602122	0.0501608	-0.00184203	-0.00149244	-0.00155982
0.556263	-0.0602094	0.0501651	9.09933e-05	-0.000113922	0.000316461
0.55626	-0.0602086	0.0501611	-0.000900646	0.000153412	-0.00113759
0.556263	-0.0602105	0.0501647	0.00021952	-0.000156936	0.000386822
0.556263	-0.0602097	0.0501647	0.000116103	-0.000108997	0.000237617
0.556261	-0.0602135	0.0501621	-0.000749189	0.00215233	-0.00191324
0.55626	-0.0602102	0.0501622	-0.000791288	0.00285482	-0.000993173
0.556261	-0.0602129	0.0501646	-4.03979e-05	0.00081554	-4.51992e-05
0.55626	-0.060213	0.0501629	-0.000494086	0.00109985	-0.000491983
0.556263	-0.060208	0.0501658	0.000801713	0.00219889	0.000409614
0.556261	-0.0602096	0.0501623	-0.000227911	0.00135439	-0.000630101
0.556263	-0.0602068	0.0501642	0.000375242	0.00154083	-4.44816e-05
0.556261	-0.0602119	0.0501626	4.34704e-05	-0.000575249	-0.000136646
0.556258	-0.0602109	0.0501594	-0.00106401	-0.000106718	-0.00119776
0.55626	-0.060207	0.0501613	1.72261e-05	0.00124492	-0.000177071
0.556261	-0.0602052	0.0501635	-5.51566e-05	0.00136607	0.000247212
0.556261	-0.0602099	0.050162	0.000262984	-0.000580383	-0.000106059
0.556259	-0.0602103	0.0501614	-0.000664558	-0.000593354	-0.000541917
0.55626	-0.0602102	0.0501619	6.48119e-05	-0.000293047	4.718e-05
0.55626	-0.0602149	0.0501622	-4.85174e-06	-0.00174232	0.000226393
0.556263	-0.0602121	0.0501643	0.00103971	0.000165488	0.00086587
0.556262	-0.0602115	0.0501648	-0.000210506	0.00356764	-0.000799454
0.55626	-0.0602119	0.0501618	-0.000564771	0.00250032	-0.0013906
0.556263	-0.0602077	0.0501663	0.000406727	0.00320845	0.000238716
0.55626	-0.0602116	0.0501636	-0.000675451	0.000984668	-0.000886562
0.556263	-0.0602105	0.0501647	0.000793668	0.00158446	3.38229e-05
0.556262	-0.0602117	0.0501624	0.00010035	0.000530001	-0.000666344
0.556262	-0.0602115	0.0501633	-0.000204693	0.000337989	-0.000488656
0.556261	-0.0602056	0.0501613	-0.000424966	0.00224862	-0.000754959
0.556261	-0.0602118	0.0501609	-0.000213459	-0.000501876	-0.000551133
0.556262	-0.0602082	0.050163	0.000305847	0.000895345	0.000334602
0.556265	-0.0602088	0.0501669	0.000931291	0.000303041	0.00110856
0.556261	-0.0602116	0.0501629	-0.000796761	-0.000710039	-0.000679683
0.55626	-0.0602102	0.0501619	-0.000534193	7.69924e-05	-0.000615008
0.556263	-0.0602079	0.0501647	0.000802259	-0.00272292	0.00192872
0.556259	-0.0602138	0.0501606	-0.000629093	-0.00406825	8.88787e-05
0.556263	-0.0602093	0.0501646	0.00116635	-0.00134331	0.00167088
0.556263	-0.0602111	0.0501634	0.000367647	-0.00178014	0.000447861
0.556263	-0.0602077	0.0501664	0.00304849	0.000503852	0.00269681
0.55626	-0.0602085	0.0501634	0.00154721	8.02203e-05	0.0012252
0.556262	-0.0602095	0.0501636	0.0016642	-0.000354243	0.000768611
0.55626	-0.06021	0.0501639	0.000828331	-0.000380592	0.000946925
0.556261	-0.0602098	0.0501645	0.000843227	-0.000153623	0.00100669
0.556259	-0.0602121	0.0501594	0.000197306	-0.000890935	-0.00112026
0.556261	-0.06021	0.0501623	0.000735583	0.000106868	0.000216344
0.556261	-0.0602116	0.0501637	0.000513203	-0.000457601	0.000770777
0.556262	-0.0602099	0.0501627	0.000590222	-0.00339141	0.00112454
0.556259	-0.0602121	0.0501606	-0.000432229	-0.00325776	0.000407405
0.556262	-0.0602128	0.0501631	0.00107278	-0.00260468	0.00126435
0.556262	-0.0602095	0.0501643	0.000323808	-0.00087097	0.00100975
0.556263	-0.0602078	0.0501653	0.000797007	-8.79289e-05	0.00113023
0.556261	-0.0602113	0.050163	-9.38213e-05	-0.00137668	-0.000160479
0.556259	-0.0602115	0.0501622	-0.000745218	-0.000707322	-0.00036753
0.556263	-0.060213	0.0501659	0.000791741	-0.00120239	0.00133714
0.556262	-0.0602127	0.0501648	0.000228266	-0.000904136	0.000282543
0.556259	-0.0602077	0.0501591	-0.000731493	0.000666337	-0.00129638
0.556259	-0.0602086	0.0501595	-0.00147052	-2.82105e-05	-0.00132655
0.556261	-0.0602067	0.0501618	-0.000607483	0.000647521	-0.000182404
0.556259	-0.0602105	0.05016	-0.00128186	-0.000924373	-0.000948969
0.556263	-0.0602111	0.0501625	0.0004288	-0.000780097	0.000321378
0.556259	-0.0602137	0.0501601	0.000215927	-0.0009498	5.0271e-05
0.556261	-0.0602084	0.0501625	0.000871442	0.00116017	0.000882672
0.556262	-0.0602082	0.0501621	0.00064516	0.000798006	0.000168066
0.556263	-0.0602094	0.0501637	0.000918636	0.000112858	0.000548171
0.556263	-0.0602093	0.0501659	0.000474644	0.00010059	0.00106974
0.556259	-0.060212	0.0501614	-0.000662971	-0.000762092	-0.000451394
0.556261	-0.0602131	0.0501631	0.000152019	-0.000835764	0.000388659
0.55626	-0.0602133	0.0501632	-0.000342187	-0.000671704	9.95866e-06
0.556262	-0.0602096	0.0501634	0.0006749	0.000834238	0.000320951
0.556263	-0.0602125	0.0501651	0.000645777	-0.000413599	0.000839918
0.556261	-0.0602131	0.0501629	-0.000232303	-0.000462014	-0.000139327
0.556261	-0.0602082	0.0501634	-3.65692e-05	0.00125609	-0.000242763
0.55626	-0.0602136	0.0501608	-0.000240773	-0.000910971	-0.000787362
0.556261	-0.0602084	0.0501625	6.03699e-05	0.00114247	0.000103441
0.556262	-0.060211	0.0501644	0.000529663	-9.17274e-05	0.000726495
0.556259	-0.0602106	0.0501601	-0.000715133	7.78368e-05	-0.00111906
0.55626	-0.0602135	0.0501622	-0.000162194	-0.000921964	7.59526e-05
0.556261	-0.0602131	0.0501635	0.000166293	-0.000474476	0.000522194
0.556259	-0.0602136	0.0501601	-0.000502637	-0.000506122	-0.000774964
0.556262	-0.0602124	0.0501641	0.000700272	0.000476912	0.00069134
0.556262	-0.0602102	0.0501628	0.000124306	0.000724307	-0.000217179
0.556261	-0.0602067	0.0501646	-8.97058e-05	0.00151892	0.000350328
0.556265	-0.0602102	0.050168	0.00118397	-0.000170667	0.00134607
0.556258	-0.0602107	0.0501608	-0.00141934	-0.000273226	-0.00121957
0.55626	-0.0602147	0.050164	-0.000362588	-0.00152602	5.50888e-05
0.556262	-0.060211	0.0501659	0.000479375	0.000224313	0.000581261
0.55626	-0.0602085	0.0501618	-0.000140991	0.00103756	-0.000624961
0.556261	-0.0602116	0.0501633	-6.49743e-05	-0.000411381	-0.000170023
0.556261	-0.0602131	0.0501638	0.000112307	-0.000712012	0.000329531
0.556262	-0.0602124	0.0501637	0.000462469	0.000154502	0.000279141
0.556258	-0.0602143	0.0501595	-0.00101623	-0.000770875	-0.00117598
0.556258	-0.060214	0.050161	-0.000945368	-0.000572995	-0.000609735
0.556262	-0.0602113	0.0501651	0.000874594	0.000539177	0.00118203
0.556262	-0.0602111	0.0501654	0.000496148	0.000359781	0.000615419
0.556262	-0.0602112	0.0501634	0.000416822	0.000260333	6.28548e-06
0.556264	-0.060212	0.0501682	0.00111133	-9.25223e-05	0.00170004
0.55626	-0.06021	0.050163	-0.000631395	0.000605212	-0.000569789
0.556258	-0.0602137	0.0501615	-0.00107587	-0.000820366	-0.000882157
0.55626	-0.0602102	0.0501596	-7.93187e-05	0.000612628	-0.00120292
0.55626	-0.0602143	0.0501629	0.000149554	-0.000543245	0.000283612
0.55626	-0.0602105	0.050162	-0.000156842	0.000572801	-0.00047087
0.556262	-0.0602141	0.0501657	0.000369009	-0.000947029	0.000821106
0.556262	-0.0602114	0.050162	0.000462732	0.000322877	-0.00036884
0.55626	-0.0602128	0.0501621	-0.000437688	7.36985e-05	-0.000464666
0.556259	-0.0602094	0.0501599	-0.000424359	0.000981655	-0.000770362
0.556259	-0.0602131	0.0501623	-0.00020222	-0.000284549	0.000371582
0.556258	-0.060214	0.0501596	-0.000241666	-0.000276042	-0.000467681
0.556259	-0.060211	0.0501618	0.000141977	0.000415984	0.000154976
0.556262	-0.0602116	0.0501639	0.000547432	-0.000143968	0.000514625
0.556261	-0.06021	0.050162	0.000245208	0.000430823	-5.92973e-06
0.556259	-0.0602087	0.0501611	-0.000256475	0.000729967	-0.000397533
0.556258	-0.0602133	0.0501612	-0.000790527	-0.000661525	-9.97239e-05
0.556262	-0.0602096	0.0501653	0.000673634	0.000875649	0.000873882
0.556262	-0.0602117	0.0501648	0.000422923	-0.000441567	0.00075234
0.556262	-0.0602067	0.050164	0.000190292	0.00121268	-2.45447e-06
0.55626	-0.0602088	0.0501613	-0.000280788	0.000127766	-0.000614823
0.556259	-0.0602104	0.0501629	-0.000504983	-0.000455547	0.000219329
0.556262	-0.0602109	0.0501653	0.000669541	-0.000484086	0.000943339
0.556257	-0.060208	0.0501565	-0.00130055	0.000958267	-0.00240868
0.556262	-0.0602098	0.0501626	0.000458211	2.86122e-05	7.90464e-05
0.556262	-0.0602078	0.0501655	0.00073589	0.000772973	0.00123205
0.55626	-0.0602103	0.0501616	-0.000249268	-0.000293834	-0.000416475
0.556263	-0.0602091	0.0501659	0.000934456	0.000220642	0.00118803
0.556262	-0.0602112	0.0501642	0.000281497	-0.000550516	0.0002318
0.556261	-0.0602118	0.0501608	-0.00042372	-0.000548572	-0.000969184
0.55626	-0.0602115	0.0501631	-0.000443575	-0.000277018	0.00011669
0.55626	-0.0602119	0.0501627	-0.000398365	-0.000287668	-5.97194e-05
0.55626	-0.0602085	0.0501618	-3.08809e-05	0.000944381	-0.000347734
0.556264	-0.0602105	0.0501675	0.00102025	-0.00010336	0.00132033
0.556263	-0.0602091	0.0501644	0.000147307	0.000762753	-0.000262077
0.556259	-0.0602104	0.0501595	-0.000869144	0.000251303	-0.00149564
0.556262	-0.0602116	0.0501646	0.000221007	-0.000595921	0.000741406
0.55626	-0.0602136	0.0501618	-0.000589749	-0.00122194	-0.000737615
0.55626	-0.06021	0.0501614	-0.000402586	0.000752568	-0.000843808
0.556262	-0.0602116	0.0501649	0.00048072	-0.000255364	0.00102699
0.55626	-0.0602088	0.0501612	-0.000118558	0.000706456	-0.000402825
0.55626	-0.0602117	0.0501641	-7.29873e-06	-0.000524748	0.000735872
0.556262	-0.0602115	0.0501627	0.000375222	-0.000295355	4.83097e-05
0.55626	-0.0602114	0.0501615	-0.000201099	0.000215829	-0.000375819
0.556262	-0.060213	0.0501653	0.000209729	-0.000708861	0.000652396
0.556256	-0.06021	0.0501558	-0.00145188	0.00054567	-0.00242732
0.556259	-0.060212	0.0501616	-0.000100607	-0.000362784	0.000360471
0.556262	-0.0602113	0.0501628	0.00164396	0.000339497	0.000917683
0.556262	-0.0602093	0.0501639	0.00139522	0.000888745	0.000948804
0.556263	-0.0602091	0.0501661	0.00103446	0.000677819	0.00134642
0.55626	-0.0602129	0.0501628	0.000336859	-0.000250817	0.000330691
0.556257	-0.0602128	0.0501588	-0.000707999	-0.000419422	-0.00107714
0.556262	-0.0602096	0.0501647	0.000741293	0.000600778	0.0009122
0.55626	-0.0602099	0.0501617	0.00036325	-0.00277691	0.000919306
0.556259	-0.0602126	0.0501606	-0.00044869	-0.00338399	0.000174627
0.556259	-0.0602122	0.05016	5.80637e-05	-0.00236018	0.000257247
0.556262	-0.0602085	0.0501633	0.00111367	-0.000940214	0.00157073
0.556263	-0.0602104	0.0501648	0.000765447	-0.0012387	0.0011318
0.556262	-0.0602079	0.0501635	0.000516845	9.54707e-05	0.000600832
0.556261	-0.0602083	0.0501618	0.00010698	-9.75301e-05	-3.71316e-05
0.556261	-0.0602106	0.0501638	-0.000132667	-0.000134592	0.0001992
0.556263	-0.0602101	0.0501629	0.00026515	-0.000105438	-0.000308844
0.55626	-0.0602122	0.0501618	-0.000527853	-0.00123844	-0.000205665
0.55626	-0.0602108	0.0501595	-0.000339104	-0.000456325	-0.000680064
0.556261	-0.060213	0.0501641	8.09106e-05	-0.00114643	0.000769964
0.556258	-0.0602077	0.0501587	-0.000563874	-0.00289893	0.000305847
0.556262	-0.0602097	0.0501631	0.000960341	-0.00293505	0.00189856
0.55626	-0.0602116	0.0501624	0.000185633	-0.00284531	0.00112235
0.556261	-0.0602098	0.0501642	0.000495762	-0.00149022	0.00143037
0.556259	-0.0602116	0.0501625	-0.00058055	-0.00181658	0.000391192
0.556262	-0.0602137	0.0501658	0.000431697	-0.001289	0.00081112
0.556261	-0.060207	0.0501628	0.000176323	0.00107976	-8.58414e-05
0.556261	-0.0602128	0.0501631	4.04871e-05	-0.00088478	0.000134117
0.556261	-0.0602088	0.0501635	0.000230208	0.000497578	0.000343792
0.556262	-0.0602066	0.0501635	0.000327625	0.000850677	-0.000146388
0.556261	-0.0602086	0.0501601	-0.00026555	-0.000115032	-0.00098384
0.556261	-0.0602145	0.0501656	-2.01923e-05	-0.00204728	0.00124663
0.556263	-0.0602138	0.0501644	0.000477658	-0.000814305	-2.61733e-05
0.556262	-0.0602068	0.0501654	-0.000191127	0.00147613	0.000299789
0.556261	-0.0602082	0.0501634	-0.00022306	0.000411892	-0.000475638
0.55626	-0.0602102	0.0501628	-6.17426e-05	-0.000277497	1.54077e-05
0.556262	-0.0602127	0.0501658	0.000181246	-0.00113685	0.00065055
0.556261	-0.0602118	0.0501611	-0.000228511	-0.000408301	-0.000896494
0.55626	-0.0602118	0.0501622	-0.000204194	-0.000280278	-0.000172578
0.556263	-0.0602078	0.0501653	0.000920072	0.00123842	0.00113526
0.556262	-0.0602111	0.0501645	0.00013589	-0.000403799	3.29308e-05
0.556262	-0.0602084	0.0501629	2.09358e-05	0.000257457	-0.000180516
0.55626	-0.0602083	0.0501608	-0.000626368	0.000478473	-0.00083728
0.556259	-0.0602116	0.0501618	-0.000254857	-0.000600226	-7.96675e-05
0.556262	-0.0602066	0.0501629	0.000455187	0.00124882	0.000209582
0.556261	-0.0602101	0.0501625	-0.000385635	-0.000405536	-0.00038309
0.556261	-0.0602068	0.0501622	-7.66483e-05	0.000872418	-0.000143765
0.556262	-0.0602082	0.0501631	0.00036885	0.000138741	0.000297777
0.55626	-0.0602112	0.0501618	-0.000319968	-0.000511304	-0.000215609
0.556262	-0.0602102	0.0501632	0.000139512	-0.000354934	-1.70679e-05
0.556262	-0.0602131	0.0501631	0.000131384	-0.00123553	0.000197255
0.556261	-0.0602119	0.0501609	-0.000252316	-0.000433564	-0.000540539
0.556262	-0.0602114	0.0501638	0.000163028	-0.000189487	0.000272842
0.55626	-0.0602056	0.0501604	-0.000674904	0.00179818	-0.000757199
0.556262	-0.0602081	0.0501639	0.000341118	0.00039703	0.000777277
0.556261	-0.0602066	0.0501639	2.02778e-05	0.000778439	0.000570325
0.556262	-0.0602111	0.0501627	0.000114473	-0.000610166	-0.000233004
0.556262	-0.060212	0.0501629	0.000177915	-0.000930342	6.89703e-05
0.556263	-0.0602095	0.0501651	0.00061014	0.000111401	0.00081465
0.55626	-0.0602057	0.0501604	-0.000546897	0.0013306	-0.000988734
0.556261	-0.0602102	0.0501591	-8.85405e-05	-0.000961572	-0.000965576
0.556262	-0.0602098	0.0501634	0.000338023	-0.000537423	0.000808003
