Xl_x	Xl_y	Xl_z	Vl_x	Vl_y	Vl_z
0.561098	-0.0415895	0.0483454	-0.000159581	-0.000207302	0.000133569
0.554695	-0.315178	0.158585	-0.000725995	-0.00122906	0.000895232
0.554699	-0.315174	0.158585	0.000801474	0.000510498	0.000513946
0.554695	-0.315175	0.158583	0.000345486	-0.000122657	0.00324182
0.554697	-0.315176	0.158583	0.000780578	-0.000266797	0.00255017
0.554696	-0.315175	0.158583	0.000257666	-9.59541e-05	0.0016944
0.554695	-0.315177	0.158583	-3.05176e-05	-0.000599406	0.00125892
0.554698	-0.31517	0.158584	0.00148683	0.00159582	0.00203542
0.554696	-0.315179	0.158585	1.03254e-05	-0.00160661	0.00129512
0.554696	-0.315175	0.158582	0.000146906	0.000612305	3.47137e-05
0.554694	-0.315177	0.158579	-0.000770859	-0.000555382	-0.000941768
0.554698	-0.315174	0.158585	0.000805459	0.000438269	0.00119471
0.554696	-0.315174	0.158583	-3.18327e-05	0.000494664	0.000316958
0.554695	-0.315177	0.158582	-0.000477008	-0.00076342	-3.71714e-05
0.554695	-0.315174	0.15858	-0.000474766	0.000154339	-0.000793543
0.554695	-0.315175	0.158585	-7.18258e-05	4.45375e-05	0.001315
0.554698	-0.315177	0.158587	0.000834809	-0.000752868	0.00125508
0.554696	-0.315175	0.158582	0.00220493	-0.000444744	0.00165398
0.554697	-0.315172	0.158582	0.00225278	0.000668228	0.00131026
0.554697	-0.315176	0.158583	0.00131659	-0.000629228	0.00101251
0.554697	-0.315174	0.158585	0.00123934	7.68387e-05	0.00147465
0.554699	-0.315171	0.158581	0.00142401	0.00100392	3.8882e-05
0.5547	-0.315173	0.158584	0.00127227	4.66477e-05	0.00110924
0.554696	-0.315177	0.158584	-0.000291794	-0.00141408	0.000642315
0.554696	-0.315176	0.158582	0.000113551	-0.000459842	0.000369766
0.554693	-0.315178	0.158581	-0.00130318	-0.00162617	-0.000119782
0.554693	-0.315181	0.158584	-0.000909218	-0.00156642	0.000610911
0.554695	-0.315178	0.158582	0.000242711	-0.000218111	-0.000249997
0.554695	-0.315175	0.158581	0.000300981	0.000922666	-0.000658828
0.554695	-0.315177	0.158582	4.62595e-05	7.26023e-05	0.000102094
0.554697	-0.315174	0.158581	0.000788232	0.00100338	-0.000243229
0.554696	-0.315173	0.158581	-0.00197738	0.00131526	-0.00223452
0.554695	-0.315177	0.158583	-0.00223231	-2.17217e-05	-0.00134152
0.554698	-0.315174	0.158585	-0.000440877	0.000855464	-0.000504963
0.554696	-0.315175	0.158581	-0.00108603	0.000239358	-0.00117906
0.554695	-0.315177	0.158584	-0.000968951	-0.000382031	-0.000322702
0.554691	-0.315181	0.158579	-0.00226762	-0.00150129	-0.00197321
0.554696	-0.315177	0.158584	3.35217e-05	0.000296524	0.000350912
0.554694	-0.315177	0.158581	-0.000578588	0.000304569	-0.00074628
0.554698	-0.315172	0.158585	0.0010629	0.0015749	0.000769157
0.554697	-0.315179	0.158586	0.000397828	-0.00115073	0.000815027
0.554698	-0.315174	0.158585	0.000499909	0.000879421	0.000168829
0.554695	-0.315175	0.158581	-0.000568856	0.000250033	-0.00131996
0.554698	-0.315176	0.158587	0.000354984	-2.0277e-05	0.00103151
0.554695	-0.315177	0.158582	0.00166892	-0.000963149	0.00161603
0.554696	-0.315175	0.15858	0.00160389	-0.000196931	0.000376902
0.554698	-0.315176	0.158587	0.00185094	-0.000284513	0.00268484
0.554695	-0.315175	0.15858	0.000592438	-7.48072e-05	0.000225664
0.554697	-0.315177	0.158586	0.00119048	-0.000229914	0.00188032
0.554698	-0.315176	0.158586	0.00116769	-0.000189391	0.00131532
0.554697	-0.315174	0.15858	0.000215731	0.000514155	-0.00123781
0.554698	-0.315174	0.158582	0.000599323	0.000201575	-4.25869e-05
0.554694	-0.315178	0.158583	-0.000884399	-0.00122827	0.000116589
0.554697	-0.315177	0.158585	0.000195349	-0.000443393	0.000980945
0.554698	-0.315176	0.158587	0.000938833	0.000101686	0.00143654
0.554696	-0.315177	0.158582	-0.00214642	-0.00364785	-0.000196884
0.554696	-0.315177	0.158583	-0.00140222	-0.00275966	0.000513862
0.554697	-0.315177	0.158585	-0.000790114	-0.00203871	0.00109946
0.554695	-0.315177	0.158581	-0.00126223	-0.00137645	-0.000682985
0.554695	-0.315175	0.158581	-0.000652044	-0.000526225	-0.000551964
0.554697	-0.315176	0.158587	0.000173453	-0.000558437	0.00186913
0.554696	-0.315177	0.158585	-0.000227941	-0.000995038	0.000490685
0.554696	-0.315175	0.158582	-0.000371659	-7.99144e-05	-0.000638121
0.554695	-0.315175	0.158579	-0.000564249	-3.434e-05	-0.00142926
0.554698	-0.315173	0.158585	0.00245305	0.00354994	0.00074682
0.554698	-0.315175	0.158587	0.00158052	0.00215112	0.000598981
0.554696	-0.315175	0.158584	0.00059705	0.00172558	-0.000540277
0.554697	-0.315172	0.158579	0.000719594	0.00236246	-0.00160852
0.554696	-0.315177	0.158583	0.000207435	3.84223e-05	-7.4852e-05
0.554693	-0.31518	0.158583	-0.000735841	-0.000821046	-0.000315483
0.554697	-0.315174	0.158585	0.000833821	0.00143325	0.000461882
0.554696	-0.315177	0.158585	0.000306864	-4.97836e-05	0.000299034
0.554696	-0.315177	0.158584	7.7864e-05	3.97957e-05	-0.000271761
0.554698	-0.315176	0.158585	0.000716289	0.000495093	6.88575e-05
0.554696	-0.315175	0.158581	-0.000202097	0.000523294	-0.000640007
0.554695	-0.315177	0.158582	-0.000449682	-0.000154691	-0.000454239
0.554698	-0.315174	0.158583	0.000552028	0.000807357	-0.000103507
0.554694	-0.315178	0.158583	-0.000669383	-0.000837014	-2.61557e-05
0.554695	-0.315177	0.158583	-0.000385355	2.94127e-07	7.97157e-05
0.554696	-0.315177	0.158584	0.000274878	-0.000153153	0.000179482
0.554698	-0.315174	0.158585	0.00088013	0.0008885	0.000554478
0.554696	-0.315177	0.158583	-0.000155579	-0.000396563	-0.000195658
0.554697	-0.315176	0.158585	0.000348034	0.000206939	0.000437404
0.554696	-0.315177	0.158584	-0.00035532	-0.000269542	7.24267e-05
0.554695	-0.315175	0.158581	-0.000417229	0.000470631	-0.000836308
0.554697	-0.315175	0.158583	0.000362029	0.000114365	5.34536e-06
0.554694	-0.315176	0.158582	-0.000720379	-0.000247011	-0.000580656
0.554694	-0.315174	0.15858	-0.000614193	0.000415719	-0.000876896
0.554696	-0.315176	0.158584	0.000228558	-0.000413141	0.000803101
0.554697	-0.315174	0.15858	0.00152163	0.00050118	0.00262962
0.554693	-0.31518	0.158583	2.16744e-05	-0.00168389	0.00319459
0.554698	-0.315174	0.158585	0.00174875	0.000804768	0.00308106
0.554696	-0.315177	0.158586	0.000365866	-0.000448338	0.00233996
0.554696	-0.315179	0.158587	-0.00121202	-0.00424422	0.0030259
0.554697	-0.315178	0.158589	-0.000530574	-0.00265909	0.00270397
0.554696	-0.31518	0.158586	-0.000811832	-0.0024896	0.00066476
0.554696	-0.315173	0.158582	-0.000841809	-4.45068e-05	-0.000630455
0.554696	-0.315177	0.158582	-0.000629171	-0.001313	-0.000206188
0.554696	-0.315177	0.158584	-0.000265448	-0.000980298	0.000493715
0.554695	-0.315177	0.158583	-0.000561958	-0.000635422	0.000105247
0.554701	-0.315173	0.158587	0.00144525	0.000541572	0.00153492
0.554696	-0.315177	0.158584	-0.000612085	-0.000956959	8.94532e-05
0.554695	-0.315175	0.158582	-0.000812593	3.67339e-05	-0.000612746
0.554694	-0.315175	0.15858	-0.000755798	2.04619e-05	-0.001082
0.554697	-0.315174	0.158584	0.000363267	0.000323815	0.000610293
0.554697	-0.315177	0.158585	8.06319e-05	-0.000880651	0.000898212
0.554698	-0.315174	0.158586	0.000401417	0.000491782	0.000739859
0.554696	-0.315175	0.158584	-0.000170135	-0.000171519	-5.14394e-06
0.554699	-0.315176	0.158589	0.000614498	-0.000220171	0.00154368
0.554696	-0.315173	0.158583	-0.000308817	0.000594681	-0.00082045
0.554695	-0.315177	0.158584	-0.00039794	-0.000696336	-8.68771e-05
0.554697	-0.315175	0.158584	0.000403456	-5.57178e-05	0.000321225
0.554698	-0.315171	0.158582	0.000740005	0.00187567	-0.000399279
0.554695	-0.315177	0.158581	-0.000737805	-0.000740814	-0.000583336
0.554697	-0.315175	0.158585	8.87947e-05	-4.32091e-05	0.00070887
0.554697	-0.315177	0.158585	0.000125382	-0.000629972	0.000736188
0.554694	-0.31518	0.158583	-0.00224739	-0.00476204	0.000979341
0.554696	-0.315176	0.158582	-0.000822849	-0.00193784	0.000501791
0.554698	-0.315176	0.158586	-0.000334151	-0.00154525	0.00154684
0.554693	-0.315175	0.158576	-0.00196921	-0.00082185	-0.00223468
0.554699	-0.315173	0.158586	0.000769719	-4.84762e-05	0.00150215
0.554696	-0.315176	0.158582	-0.000478036	-0.00101743	-0.000363356
0.554696	-0.315175	0.158585	-0.000579824	-0.000666302	0.000723049
0.554696	-0.315175	0.158584	-0.00215465	-0.00404416	0.000451786
0.554696	-0.315173	0.158581	-0.00180242	-0.00239125	-0.000566711
0.554697	-0.315174	0.158582	-0.000964556	-0.00201355	0.0002698
0.554696	-0.315176	0.158585	-0.00109011	-0.00252701	0.000923303
0.554698	-0.315172	0.158582	-0.000327742	-0.000279144	-0.00067992
0.554697	-0.315175	0.158583	-0.000468405	-0.00138837	1.20829e-05
0.554696	-0.315178	0.158584	-0.000779633	-0.00196893	0.000294864
0.554695	-0.315177	0.158584	-0.000853462	-0.000732943	3.33952e-05
0.554697	-0.315175	0.158583	0.000161145	-0.000182183	-8.25515e-05
0.554697	-0.315172	0.158581	0.000140477	0.000976459	-0.000973204
0.554696	-0.315175	0.158584	0.000538522	-3.32789e-05	0.000972064
0.554696	-0.315177	0.158584	0.000436788	-0.000634816	0.000927428
0.554696	-0.315175	0.158581	0.000510287	0.000130415	0.000127235
0.554698	-0.315176	0.158584	0.00107152	-7.55036e-05	0.000796555
0.554699	-0.315173	0.158585	0.00103328	0.00100657	0.000607498
0.554698	-0.315174	0.158582	0.000405664	0.000210569	6.70698e-05
0.554696	-0.315177	0.158583	-0.000310516	-0.00087374	0.000129055
0.554696	-0.315174	0.15858	-0.000243522	0.000518483	-0.00107214
0.554697	-0.315177	0.158585	7.00287e-05	-0.000797209	0.000953386
0.554697	-0.315177	0.158587	0.000149984	-0.000555352	0.00119297
0.554695	-0.315175	0.158582	-0.000234326	0.000284569	-0.000680405
0.554697	-0.315176	0.158586	0.000445448	2.57156e-05	0.00083468
0.554697	-0.315177	0.158586	-6.69424e-05	-0.000434072	0.000273058
0.554699	-0.315174	0.158586	0.000819077	0.000625119	0.000301969
0.554695	-0.315179	0.158582	-0.000798379	-0.000991677	-0.00049995
0.554697	-0.315171	0.158581	0.000177775	0.00205277	-0.00122989
0.554698	-0.315173	0.158585	0.000473447	0.000708149	0.000587563
0.554695	-0.315177	0.158584	-0.000902036	-0.000908306	-8.42353e-05
0.554694	-0.315178	0.158581	-0.000756056	-0.00118072	-0.000405181
0.554695	-0.315178	0.158584	-0.000344434	-0.00081069	0.000287679
0.554697	-0.315174	0.158584	0.000598638	0.000970625	7.74606e-05
0.554696	-0.315175	0.158584	0.000136884	0.000148881	6.92105e-05
0.554695	-0.315177	0.158582	-0.000218377	-0.000451177	-0.000679015
0.554694	-0.31518	0.158581	-0.000484661	-0.00074622	-0.000847215
0.554697	-0.315176	0.158585	0.000641046	0.000409307	0.000871253
0.554696	-0.315174	0.158579	0.000243231	0.000880188	-0.00110233
0.554696	-0.315175	0.158584	1.6206e-06	5.93301e-05	0.000611358
0.554696	-0.31518	0.158587	-0.000122387	-0.00163843	0.00130219
0.554694	-0.315177	0.158581	-0.000568055	0.000139889	-0.00115219
0.554696	-0.315179	0.158584	0.000172517	-0.000585522	0.00045063
0.554699	-0.315176	0.158589	0.00116473	0.000501459	0.0019548
0.554697	-0.315175	0.158584	-1.30322e-05	0.000526406	-0.000569978
0.554695	-0.315175	0.158582	-0.000683707	0.000518868	-0.00113484
0.554695	-0.315178	0.158585	-0.000365879	-0.000688485	0.000494805
0.554696	-0.315179	0.158585	0.000100434	-0.000716414	0.000177638
0.554696	-0.315175	0.158582	-5.22671e-05	0.000725089	-0.000664662
0.554698	-0.315174	0.158584	0.000629104	0.000817777	0.000198605
0.554697	-0.315176	0.158583	9.99691e-05	0.000123703	-0.000168663
0.554697	-0.315177	0.158587	0.00023466	-0.000529011	0.0015183
0.554697	-0.315177	0.158586	0.000199053	-0.000381165	0.000286796
0.554696	-0.315175	0.158584	-0.000248349	0.000443149	-0.000391888
0.554694	-0.315178	0.158583	-0.000827017	-0.000674071	-0.000676898
0.554697	-0.315173	0.158582	0.0001798	0.00105219	-0.000823417
0.554696	-0.315176	0.158584	0.000144227	0.000122895	0.000622005
0.554697	-0.315174	0.158583	0.000464436	0.000571398	-0.000283499
0.554696	-0.315175	0.158582	-0.000360277	-4.26696e-05	-0.000560487
0.554695	-0.315177	0.158585	-0.000493144	-0.000492795	0.000500787
0.554694	-0.315178	0.158584	-0.000606065	-0.00084226	0.000435671
0.554696	-0.315179	0.158586	0.000206264	-0.00076373	0.000828924
0.554695	-0.315174	0.158581	-2.46115e-05	0.00125647	-0.00132013
0.554696	-0.315176	0.158582	0.000299937	0.000207557	-0.000617079
0.554696	-0.315177	0.158583	0.000115031	-0.000395761	0.000275119
0.554695	-0.315177	0.158582	-0.000366011	-0.00022148	-0.000397238
0.554697	-0.315174	0.158581	0.000477917	0.000814151	-0.000610689
0.554697	-0.315172	0.158582	0.00148552	0.0014589	0.000553559
0.554693	-0.315178	0.158584	-0.000353859	-0.000904697	0.00108235
0.554697	-0.315176	0.158584	0.0012253	0.000192113	0.00113735
0.554696	-0.315174	0.158583	0.000419479	0.000813308	-1.09291e-05
0.554699	-0.315173	0.158584	0.00118505	0.000855568	0.000533023
0.554696	-0.315174	0.158582	9.96109e-05	0.000202759	-0.000380862
0.554696	-0.315177	0.158582	-0.000180762	-0.00088288	-0.000199498
0.554698	-0.315176	0.158587	0.000628263	-0.000181456	0.00141075
0.554696	-0.315177	0.158587	-0.000110796	-0.000588399	0.00112076
0.554695	-0.315175	0.158583	-0.00153208	0.000458675	-0.00453201
0.554697	-0.315176	0.158582	-0.000461324	0.000220116	-0.00304325
0.554698	-0.315176	0.158586	-1.86524e-05	0.00011403	-0.00106876
0.554699	-0.315171	0.158585	-0.000637206	0.00136077	-0.00209433
0.554693	-0.315178	0.15858	-0.00247187	-0.000975326	-0.003433
0.554695	-0.315174	0.158579	-0.00112374	0.000374535	-0.00241082
0.554698	-0.315176	0.158585	-0.000131918	-0.000506277	6.06192e-05
0.554699	-0.315171	0.158584	0.000295597	0.00123399	-0.000617143
0.554699	-0.315171	0.158581	-0.000704177	0.000444124	-0.00152702
0.554695	-0.315175	0.158583	-0.00178066	-0.00114292	-0.000512855
0.554694	-0.315178	0.158581	-0.00173665	-0.00181537	-0.00100388
0.554695	-0.315175	0.15858	0.000729992	0.00313083	-0.00227572
0.554698	-0.315176	0.158586	0.00161518	0.00212666	0.000196964
0.554696	-0.315177	0.158583	0.000669306	0.00174367	-0.000834123
0.5547	-0.315173	0.158587	0.00159955	0.00214852	0.000522472
0.554696	-0.315174	0.158581	-0.000145727	0.00126536	-0.00124042
0.554697	-0.315176	0.158585	-3.80526e-05	-0.000167113	0.000198224
0.554695	-0.315178	0.158582	-0.000385172	6.69403e-07	-0.00106503
0.554701	-0.315172	0.158586	0.00166574	0.00189468	0.00101863
0.5547	-0.315174	0.158587	0.000649762	0.000314661	0.000826818
0.554694	-0.315177	0.15858	-0.00124413	-0.000518114	-0.00164306
0.554694	-0.315176	0.15858	-0.00103788	-0.000271294	-0.000908026
0.554696	-0.315173	0.158582	-0.000104778	0.000761019	-0.000331642
0.554698	-0.315172	0.158582	0.000426253	0.000978043	-0.000523499
0.554694	-0.315175	0.158578	-0.000862139	-0.00017559	-0.00157535
0.554701	-0.315173	0.158588	0.00264296	0.000838735	0.00275955
0.554696	-0.315175	0.158583	0.000481573	-0.000204809	0.000826868
0.554696	-0.315175	0.158582	0.000276188	-6.96185e-05	0.000158832
0.554697	-0.315174	0.158584	0.000309837	-8.25553e-05	0.000551246
0.554697	-0.315179	0.158586	0.00142497	-0.000919104	0.00192807
0.554696	-0.315175	0.158583	0.000677712	0.000727269	0.000390646
0.554695	-0.315173	0.158578	0.000369556	0.00104108	-0.000989908
0.554696	-0.315177	0.158585	0.000795469	-0.000523741	0.00122891
0.554693	-0.315178	0.15858	-0.000656754	-0.00058552	-0.000730829
0.554698	-0.315173	0.158582	0.00117684	0.000911572	0.000411064
0.554696	-0.315178	0.158585	0.000224253	-0.000910806	0.0011211
0.554698	-0.315178	0.158587	0.000836917	-0.00025375	0.00144788
0.554694	-0.315178	0.158581	-0.000756765	-0.000369655	-0.0011698
0.554695	-0.315172	0.15858	-1.47611e-05	0.00189519	-0.00117678
0.554696	-0.315177	0.158582	0.000337855	3.94877e-05	-0.00020317
0.554695	-0.315179	0.158584	-3.39081e-05	-0.000989295	0.000725547
0.554696	-0.315176	0.158584	0.00023527	0.000386104	0.000334799
0.554695	-0.315175	0.158581	-0.00181402	-0.00303255	5.7125e-06
0.554694	-0.315178	0.158583	-0.00166219	-0.00277541	0.000848919
0.554694	-0.315177	0.158579	-0.00126245	-0.00203141	-0.000577979
0.554694	-0.315177	0.158578	-0.000883904	-0.00150737	-0.00031853
0.554699	-0.315174	0.158585	0.000973442	-0.00040725	0.00191458
0.554698	-0.315174	0.158585	0.000311245	-0.000246314	0.00107619
0.554698	-0.315176	0.158585	-4.9316e-06	-0.000713698	0.000904186
0.554697	-0.315174	0.158582	-0.000164648	1.27398e-05	-0.000673267
0.554694	-0.31518	0.158585	-0.00116323	-0.00200504	0.00063029
0.554698	-0.315172	0.158582	0.000386408	0.00117889	-0.00039123
0.554696	-0.315177	0.158582	-0.000395082	-0.000809494	-0.000357777
0.554698	-0.315176	0.158584	0.000662186	-0.000218957	0.000317679
0.554698	-0.315174	0.158581	0.000191398	0.000464561	-0.000710578
0.554697	-0.315174	0.158582	0.00212164	-0.000195701	0.00222875
0.554698	-0.315172	0.158584	0.0020595	0.000311746	0.00223546
0.554698	-0.315176	0.158587	0.00148852	-0.000950541	0.00270539
0.554696	-0.315177	0.158582	0.000377459	-0.00108136	0.000307592
0.554696	-0.315177	0.158586	0.000385881	-0.000773974	0.00153314
0.554699	-0.315173	0.158584	0.00148447	0.000842956	0.000462886
0.554695	-0.315177	0.158581	-0.000591145	-0.00073139	-0.000654524
0.554696	-0.315177	0.158584	0.00193654	0.00271052	0.000135105
0.554697	-0.315174	0.158584	0.00166098	0.0031794	-0.000313695
0.554697	-0.315174	0.15858	0.00106778	0.00232006	-0.00160467
0.554695	-0.315178	0.158585	0.00049281	0.000712711	0.000436256
0.554696	-0.315177	0.158582	0.000424112	0.000564658	-0.000508647
0.554696	-0.315177	0.158584	0.000492707	0.000417268	0.000215727
0.554695	-0.315175	0.158581	4.41004e-05	0.000937066	-0.000934429
0.554699	-0.315174	0.158584	0.00115019	0.000971442	0.000486395
0.554694	-0.315175	0.158578	-0.000647678	0.000472844	-0.00113899
0.554696	-0.315177	0.158585	0.000348401	-0.0003749	0.00115442
0.554697	-0.315175	0.158586	0.000369227	0.000361294	0.000951257
0.554696	-0.315177	0.158584	2.06935e-05	-0.000284984	7.66735e-06
0.554694	-0.315178	0.158583	-0.000632361	-0.000628963	-0.000428294
0.554692	-0.315178	0.158579	-0.00129752	-0.000208816	-0.00155645
0.554695	-0.315177	0.158582	0.000556293	0.000683454	0.000105503
0.554695	-0.315176	0.158581	0.000324819	0.00044175	-5.22354e-05
0.554693	-0.31518	0.158583	-0.00274135	-0.00063587	-0.00146092
0.554694	-0.315178	0.158581	-0.00209643	0.00018615	-0.00241236
0.554698	-0.315178	0.158588	-0.000302635	0.000455169	0.000680156
0.554696	-0.315179	0.158587	-0.000713368	-0.000125034	-9.88279e-05
0.554694	-0.315176	0.158582	-0.00128959	0.000675854	-0.00191885
0.554694	-0.315178	0.158581	-0.00059255	0.000364483	-0.00109471
0.554696	-0.315177	0.158584	0.000127437	0.000185236	0.000335442
0.554697	-0.315174	0.15858	9.36419e-05	0.00121437	-0.0017075
0.554695	-0.315176	0.158581	-0.000282461	0.000334461	-0.000386397
0.554694	-0.315177	0.158581	-0.000643703	-0.000247413	-0.000739942
0.554694	-0.31518	0.158584	-0.000526121	-0.00127356	0.000376439
0.554694	-0.31518	0.158581	-0.000457085	-0.000788255	-0.000280071
0.554696	-0.315178	0.158583	0.000587303	0.000367668	0.000145713
0.554696	-0.315176	0.158583	0.000393774	0.000765795	7.50245e-05
0.554696	-0.315177	0.158586	0.000316535	-3.56043e-05	0.00122964
0.554697	-0.315176	0.158585	0.000386226	0.000514497	0.000339549
0.554695	-0.315177	0.158587	-0.000375204	-2.22243e-05	0.000723106
0.554696	-0.315177	0.158585	7.18022e-05	-0.000149612	5.07526e-05
0.554696	-0.315175	0.158584	8.66607e-06	0.000503509	-0.000385469
0.554696	-0.315174	0.158583	-0.000110289	0.000925362	-0.000646941
0.554695	-0.315175	0.158579	-0.00030665	8.74011e-05	-0.00119001
0.554698	-0.315174	0.158585	0.000810322	0.000367467	0.00102837
0.554696	-0.315177	0.158583	-0.000264458	-0.000690423	-0.000238593
0.554695	-0.315176	0.15858	-0.000664831	-0.000340171	-0.000959826
0.554699	-0.315174	0.158586	0.00091213	0.00060853	0.0011286
0.554697	-0.315174	0.158582	-1.98947e-05	0.000546381	-0.000546429
0.554698	-0.315174	0.158585	0.000441045	0.00022761	0.000415472
0.554697	-0.315176	0.158587	-5.5176e-05	-0.00032824	0.00107586
0.554699	-0.315171	0.158581	0.000511256	0.00132425	-0.00142661
0.554697	-0.315177	0.158585	-0.000159151	-0.00121398	0.000409607
0.554694	-0.31518	0.158583	-0.0013312	-0.0016459	-0.000286439
0.554695	-0.315178	0.158585	-0.000469589	-0.000623786	0.000346461
0.554698	-0.315174	0.158587	0.000752616	0.00101682	0.00095879
0.554696	-0.315175	0.158582	-0.000236084	0.000260861	-0.000889751
0.554696	-0.315179	0.158588	-0.000169415	-0.000906607	0.00120036
0.554695	-0.315174	0.158581	-0.000396511	0.000581954	-0.00121214
0.554695	-0.315178	0.158584	-0.000160022	-0.000808503	-0.000130436
0.554697	-0.315172	0.158584	0.000319236	0.00109386	7.77944e-05
0.554697	-0.315175	0.158582	0.000435106	0.000145651	-6.82873e-05
0.554696	-0.315178	0.158583	-9.0392e-05	-0.00098649	-0.000161525
0.554698	-0.315176	0.158585	0.000542529	0.000317526	0.000942396
0.554697	-0.315175	0.158582	0.00010902	0.00029629	-0.000319583
0.554698	-0.315176	0.158584	0.000417188	0.000110431	0.000127583
0.554698	-0.315174	0.158583	0.000254195	0.000611231	3.10172e-05
0.554694	-0.315177	0.15858	-0.00102887	-0.000454515	-0.0013203
0.554696	-0.315172	0.158579	-0.000187638	0.00131065	-0.00141985
0.554695	-0.315177	0.158581	-0.000230484	-0.000822767	6.27692e-05
0.554697	-0.315175	0.158586	-0.0014004	-0.0033889	0.00214645
0.554696	-0.315174	0.15858	-0.00122899	-0.00205124	8.24674e-05
0.554694	-0.315175	0.15858	-0.00155085	-0.0018821	0.00029841
0.554693	-0.31518	0.158585	-0.00150004	-0.00305746	0.00125517
0.554695	-0.31518	0.158584	-0.00062761	-0.00222003	0.000403939
0.554695	-0.315179	0.158584	-0.000228304	-0.00110771	0.000266528
0.554696	-0.315174	0.158583	0.000113437	0.000863729	-4.79511e-05
0.554691	-0.315178	0.158576	-0.00154973	-0.000801397	-0.00179989
0.554696	-0.315177	0.158586	0.000529869	-0.000375492	0.00158515
0.554697	-0.315175	0.158585	0.000632777	0.000258071	0.00105283
0.554698	-0.315176	0.158586	0.000706757	3.78428e-05	0.00092952
0.554695	-0.315175	0.158581	-0.00021334	0.000131301	-0.000796878
0.554694	-0.315175	0.15858	-0.000491711	0.000184534	-0.000879819
0.554692	-0.315179	0.158579	-0.00339917	-0.000765087	-0.0033637
0.554695	-0.315175	0.158583	-0.00148437	0.000930875	-0.000936899
0.554695	-0.315175	0.158581	-0.00124898	0.000683719	-0.00124657
0.554694	-0.315176	0.158583	-0.00137412	5.88124e-05	-0.000558504
0.554695	-0.315177	0.15858	-0.000412928	-0.00010628	-0.00113949
0.554697	-0.315171	0.158578	0.000310672	0.00202962	-0.00155067
0.554695	-0.315175	0.15858	-0.000510349	-0.00020663	-0.00038982
0.554698	-0.315173	0.158578	0.000531515	0.000768182	-0.000856795
0.554694	-0.315178	0.15858	-0.000884349	-0.000815407	-0.000226192
0.554695	-0.315174	0.158579	-0.000436927	0.000556389	-0.000736939
0.554698	-0.315174	0.158586	0.000780322	9.07742e-05	0.00175805
0.554697	-0.315176	0.158584	0.000136438	-0.000411606	0.000704463
0.554696	-0.315174	0.158581	-0.000158139	0.000350836	-0.000461188
0.554694	-0.315177	0.158579	-0.000965001	-0.000699336	-0.00132111
0.554695	-0.315175	0.158582	-0.000596076	-0.000411775	3.9003e-05
0.554697	-0.315173	0.158581	0.000479598	0.000649949	0.0002414
0.554697	-0.315174	0.158581	0.000390212	0.000331893	-0.00022488
0.554696	-0.315175	0.158584	2.10756e-05	-0.000245743	0.000778708
0.554695	-0.315177	0.158584	-0.000313129	-0.000681462	0.00049046
0.554695	-0.315172	0.158579	-0.000195813	0.00128699	-0.00101465
0.554695	-0.315177	0.158584	-0.000112552	-0.000886951	0.000694145
0.554697	-0.315177	0.158585	0.000455026	-0.000719997	0.000575131
0.554698	-0.315172	0.158583	0.000568322	0.00119206	0.000110611
0.554694	-0.315178	0.158581	-0.00102733	-0.00118689	-0.000896604
0.554696	-0.315179	0.158585	0.000192514	-0.000986965	0.000665356
0.554696	-0.315175	0.158584	0.000104296	0.000486929	0.000180364
0.554696	-0.315173	0.158579	0.000336555	0.00141588	-0.00100205
0.554695	-0.315177	0.158582	-0.000478546	-0.000615654	-1.24877e-05
0.554695	-0.315175	0.15858	-0.00021528	0.000125911	-0.000590472
0.554694	-0.315177	0.158579	-0.000455269	-0.000440266	-0.00049453
0.554696	-0.315179	0.158585	0.000736722	-0.000518946	0.00149732
0.554694	-0.315179	0.158582	-0.000633816	-0.000647385	-0.000145983
0.554697	-0.315174	0.158586	0.000472996	0.00106563	0.000949119
0.554697	-0.315176	0.158586	0.000369568	0.000196615	0.000700528
0.554695	-0.315177	0.158581	-0.000555878	-0.000312975	-0.00128192
0.554698	-0.315174	0.158583	0.000688033	0.000693663	2.60937e-05
0.554694	-0.315177	0.158582	-0.000750606	-0.000358607	-0.000447494
0.554696	-0.315179	0.158586	8.81983e-05	-0.000955691	0.000971252
0.554698	-0.315171	0.158582	0.00163949	0.00181476	0.000128917
0.554697	-0.315175	0.158583	0.00100661	0.00014821	0.000709838
0.554693	-0.315178	0.158582	-0.0028179	-0.00437189	6.14668e-05
0.554696	-0.31518	0.158585	-0.00102914	-0.00402014	0.000998385
0.554699	-0.315173	0.158585	0.000249074	-0.000841718	0.00116933
0.554695	-0.315177	0.15858	-0.00110958	-0.0016346	-0.00138946
0.554694	-0.315178	0.158584	-0.00110579	-0.00165503	0.000716803
0.554695	-0.315172	0.158578	-0.000165566	0.000922573	-0.00138569
0.554699	-0.315176	0.158584	0.000939313	-0.000816238	0.00127255
0.554699	-0.315176	0.158586	0.000631643	-6.03851e-05	0.000935683
0.554693	-0.315178	0.158581	-0.00138212	-0.00135016	-0.000931456
0.554696	-0.315177	0.158583	-5.07177e-05	-0.000633507	-0.000176294
0.554692	-0.315178	0.158579	0.000365375	0.00270977	-0.00182583
0.554698	-0.315172	0.158584	0.00209451	0.00394291	1.20551e-05
0.554695	-0.31518	0.158587	0.000617758	0.000183066	0.00104333
0.554694	-0.31518	0.158583	0.00021646	0.000325405	-0.000377379
0.554695	-0.315179	0.158582	-0.00193945	0.00141535	-0.00275186
0.554696	-0.315176	0.158582	-0.000960255	0.00206883	-0.002293
0.554695	-0.315175	0.158581	-0.00105123	0.00159223	-0.00191221
0.554697	-0.315177	0.158583	-0.000467586	0.000507479	-0.00113
0.554698	-0.315174	0.158582	0.000207553	0.00140954	-0.000836726
0.554696	-0.315177	0.158583	-0.000749427	2.98118e-05	-0.000652587
0.554696	-0.315177	0.158583	-0.00048708	2.0775e-05	-0.000339612
0.554696	-0.315174	0.158581	-0.000346293	0.00119171	-0.000506653
0.554694	-0.315177	0.158583	-0.000767482	-0.000168351	-0.000154141
0.554695	-0.315177	0.158582	-0.00023831	-0.000240589	-0.000710566
0.554695	-0.31518	0.158585	-0.000389461	-0.00118691	0.00073623
0.554694	-0.315177	0.15858	-0.000282488	0.000357578	-0.000911227
0.554697	-0.315174	0.158581	0.000766168	0.0011161	1.69212e-05
0.554694	-0.31518	0.158584	-0.000736884	-0.00122327	0.000573964
0.554692	-0.315179	0.158583	-0.00108666	-0.000593457	-0.000242742
0.554695	-0.315177	0.158585	0.000233123	0.000482937	0.000513525
0.554693	-0.315179	0.158582	-0.000718344	-0.000646151	-0.000624746
0.554698	-0.315177	0.158587	0.00108026	0.000366266	0.00122686
0.554697	-0.315175	0.158585	0.000504798	0.00086535	-0.000130135
0.554694	-0.31518	0.158583	-0.000287767	-0.000987452	-8.93836e-05
0.554697	-0.315174	0.158583	0.000586785	0.00084183	-0.000300509
0.554692	-0.315179	0.158579	-0.00139598	-0.000716544	-0.00175719
0.554696	-0.315177	0.158582	0.000578357	0.000287078	0.000486015
0.554696	-0.315179	0.158585	0.000334409	-0.000317546	0.00102652
0.554696	-0.315179	0.158586	0.000283311	-0.000268468	0.0010436
0.554693	-0.315178	0.158581	-0.000768441	7.16667e-05	-0.0010318
0.554695	-0.315177	0.158582	4.21658e-05	0.00044636	-0.000492822
0.554695	-0.315178	0.158585	6.32332e-06	-0.000216753	0.000402444
0.554699	-0.315171	0.158582	0.00299592	0.00572951	-0.000895256
0.554696	-0.31518	0.158586	0.00138711	0.000342364	0.00137376
0.554695	-0.315175	0.158581	0.000432646	0.00218317	-0.00136334
0.554695	-0.315179	0.158584	0.00053292	0.0004058	-0.000114716
0.554693	-0.31518	0.15858	-0.000348126	-1.30924e-05	-0.000881161
0.554692	-0.315178	0.158579	-0.000486725	0.00068335	-0.000839006
0.554695	-0.315177	0.158581	0.000784571	0.000760329	-0.000256127
0.554695	-0.315175	0.158583	0.000511811	0.00119738	0.000379166
0.554696	-0.315179	0.158585	0.000492133	-0.000374374	0.000954432
0.554698	-0.315174	0.158583	-4.69491e-05	0.000995122	-0.000883309
0.554694	-0.315177	0.158582	-0.00121981	-0.000218276	-0.000599422
0.554694	-0.315175	0.158581	-0.00244348	-0.00300654	-0.000299315
0.554696	-0.315175	0.158583	-0.00135395	-0.00232684	0.000333395
0.554696	-0.315177	0.158584	-0.000940796	-0.00244413	0.00098509
0.554692	-0.315179	0.15858	-0.00202144	-0.00253284	-0.00039725
0.554693	-0.315178	0.158582	-0.000939115	-0.00135761	0.000354596
0.554694	-0.315177	0.158581	-0.000677162	-0.00050435	-0.000396354
0.554693	-0.315178	0.158582	-0.000515517	-0.000897045	0.000463764
0.554697	-0.315174	0.158582	0.00087007	0.00068732	0.000150557
0.554694	-0.315177	0.158581	-0.000344006	-0.000513297	-0.000214925
0.554695	-0.315178	0.158581	2.10338e-05	-0.000383515	-0.000222255
0.554697	-0.315173	0.158582	0.000594005	0.00127857	-0.000165298
0.554695	-0.31518	0.158585	-0.000133961	-0.0012846	0.00115879
0.554697	-0.315178	0.158584	0.000442097	-0.000478346	0.000870919
0.554694	-0.315177	0.158583	-0.000646951	-3.64822e-05	-0.000193033
0.554696	-0.315175	0.158582	-8.80858e-05	0.000400181	-0.000625923
0.554695	-0.315179	0.158584	-8.13548e-05	-0.000837372	0.000515346
0.554695	-0.315177	0.158582	-0.000107895	4.84633e-06	2.07366e-05
0.554693	-0.315178	0.15858	-0.000979606	-0.000346882	-0.00132682
0.554695	-0.315177	0.158581	0.000111951	0.000160342	-6.68249e-06
0.554699	-0.315173	0.158581	0.00146146	0.00148331	2.18262e-05
0.554695	-0.315177	0.158582	-0.000527035	-0.00044232	-0.000171119
0.554696	-0.315175	0.158584	0.000305974	0.000187358	0.000993061
0.554695	-0.31518	0.158583	-0.000208368	-0.00145923	0.000396071
0.554694	-0.315177	0.15858	-0.000465425	0.000185842	-0.000995148
0.554695	-0.315177	0.158581	3.39839e-05	3.64121e-05	-0.000322751
0.554694	-0.315177	0.15858	-0.000337228	0.00011005	-0.000657584
0.554695	-0.315179	0.158584	0.00022356	-0.000562384	0.00116723
0.554693	-0.315178	0.158578	-0.000653073	-0.000185993	-0.00114486
0.554695	-0.315178	0.158582	0.000158197	-0.000258912	0.000455928
0.554693	-0.315181	0.158582	-0.000574625	-0.00115887	-2.98696e-05
0.554696	-0.315177	0.158585	0.000748506	0.000647996	0.000899614
0.554694	-0.315178	0.15858	-0.000250728	2.64298e-05	-0.000986271
0.554692	-0.315178	0.158581	-0.000724015	0.000186343	3.79447e-06
0.554694	-0.315178	0.158581	4.71429e-05	-2.64127e-05	0.000126353
0.554695	-0.315177	0.158581	0.000600294	0.000437515	0.000174538
0.554694	-0.315178	0.158579	0.00173365	0.00370414	-0.00182526
0.554693	-0.315182	0.158583	0.000924928	0.00122411	0.000307911
0.554693	-0.31518	0.158582	0.000684488	0.00153575	2.44366e-05
0.554692	-0.31518	0.158579	0.00244619	0.000654489	0.000841836
0.554692	-0.315183	0.158582	0.00172009	-0.000473667	0.00196154
0.554694	-0.315182	0.158582	0.00212047	5.65079e-05	0.00146195
0.554692	-0.315179	0.158578	0.000952807	0.000790853	-0.000303487
0.554692	-0.315178	0.158579	0.000666551	0.000556653	0.000530047
0.554695	-0.315177	0.158579	0.00145147	0.00125113	-3.17134e-05
0.554691	-0.315181	0.15858	-0.000222997	-0.000459584	0.000166027
0.554695	-0.315177	0.158583	0.0012955	0.00102592	0.00142917
0.554691	-0.315179	0.158577	-0.000446436	-0.000109377	-0.00101822
0.554694	-0.315177	0.15858	0.000877791	0.000791734	0.000549627
0.554697	-0.315176	0.158582	0.00159978	0.000867286	0.000986501
0.554694	-0.31518	0.15858	-3.08079e-05	-0.000864065	-0.000134372
0.554695	-0.31518	0.158585	5.94297e-05	-0.000591055	0.00121174
0.554695	-0.31518	0.158584	-1.85203e-05	-0.000339258	0.000321197
0.554694	-0.315178	0.158583	-0.000356405	0.000387853	-6.49645e-05
0.554693	-0.315181	0.158586	-0.000469297	-0.000708909	0.000855234
0.55469	-0.315181	0.158578	-0.000975748	-0.000463557	-0.001449
0.554697	-0.315179	0.158585	0.00132212	0.000415892	0.00119972
0.554697	-0.315174	0.158582	0.000959807	0.00190836	-2.20415e-05
0.554696	-0.315177	0.158582	0.000324369	0.000216023	-8.87707e-05
0.554693	-0.315176	0.15858	-0.000800738	0.000413896	-0.000982199
0.554694	-0.315178	0.158585	-0.000145621	-0.000373879	0.000776016
0.554696	-0.315177	0.158585	0.000541055	0.00019206	0.000851663
0.554691	-0.315179	0.158581	-0.00122928	-0.000675773	-0.00109894
0.554696	-0.315177	0.158582	0.000813862	0.000325025	0.000209204
0.554694	-0.315178	0.158582	-0.000114118	-0.000184402	-0.000319718
0.554695	-0.315178	0.158582	0.000268336	-0.000217241	0.000131233
0.554695	-0.315178	0.158582	-0.0018161	0.000944717	-0.00208434
0.554695	-0.315179	0.158584	-0.00188123	-0.000365097	-0.0011602
0.554696	-0.31518	0.158585	-0.000987284	-0.0003148	-0.000329979
0.554694	-0.315178	0.158583	-0.00316244	-0.00273126	-0.000640416
0.554698	-0.315173	0.158583	-0.000803195	-0.000227363	-0.000706248
0.554696	-0.315179	0.158584	0.000299158	0.000930244	-0.000577478
0.554695	-0.315177	0.158582	-0.000102226	0.00139165	-0.000727103
0.554693	-0.315178	0.158582	-0.000566918	0.000642023	-0.000614663
0.554694	-0.31518	0.158584	-3.34196e-06	-0.000201457	0.000211368
0.554695	-0.315177	0.158582	3.70144e-05	0.00106494	-0.000921396
0.554695	-0.315177	0.158581	-8.34714e-05	0.000700782	-0.000798023
0.554694	-0.315177	0.158583	-3.15975e-05	0.000547487	0.000219959
0.554695	-0.315176	0.158582	0.000183823	0.00035045	-4.15451e-05
0.554696	-0.315173	0.158582	-0.00204086	0.0019238	-0.0029086
0.554697	-0.315176	0.158583	-0.00113818	0.000665792	-0.00135718
0.554695	-0.315178	0.158582	-0.00174239	-0.000456084	-0.00195397
0.554697	-0.315172	0.15858	-0.00039967	0.00179355	-0.00153303
0.554699	-0.315171	0.158586	0.000248842	0.00169853	0.000769292
0.554695	-0.31518	0.158585	-0.00127565	-0.00192273	-0.000151877
0.554697	-0.315176	0.158585	-0.000145414	0.000202939	-0.000399617
0.554695	-0.31518	0.158588	-0.000875122	-0.00131109	0.000813404
0.554695	-0.315177	0.158584	0.000741855	0.00254676	-0.000690503
0.554696	-0.315176	0.158583	0.000915219	0.00230343	-0.000976118
0.554693	-0.315178	0.15858	-0.000459196	0.00090195	-0.00202095
0.554695	-0.315177	0.158583	0.000558991	0.00108552	-0.000361083
0.554695	-0.31518	0.158584	0.000217747	-0.000297585	0.000200465
0.554694	-0.315182	0.158586	0.000148726	-0.000665182	0.00113047
0.554695	-0.315174	0.158577	0.000520585	0.00230154	-0.00200993
0.554695	-0.315178	0.158582	0.000489305	0.000420044	0.000229221
0.554693	-0.315178	0.15858	-0.000444172	-4.50978e-05	-0.000855947
0.554697	-0.315176	0.158583	0.000771836	0.000851432	0.000324443
0.554693	-0.315179	0.15858	-0.000537973	-0.000276454	-0.000690398
0.554693	-0.31518	0.158581	-0.00047181	-0.000709595	0.000195269
0.554698	-0.315174	0.158583	0.00110997	0.00142942	0.000248012
0.554695	-0.315179	0.158581	-6.32611e-05	-0.000550227	-0.000520077
0.554695	-0.31518	0.158587	0.000183917	-0.000911373	0.00220577
0.554695	-0.315178	0.158582	-7.33641e-05	-5.10321e-05	-0.000157788
0.554694	-0.315178	0.158582	-0.000181932	0.000547736	-0.000595247
0.554697	-0.315178	0.158584	0.000601842	0.000197326	0.000310501
0.554697	-0.315174	0.158582	0.000560175	0.00122683	-0.000282667
0.554694	-0.315177	0.15858	-0.000695491	-8.9268e-05	-0.000986612
0.554698	-0.315174	0.158583	0.000798518	0.000829351	0.000724467
0.554694	-0.31518	0.158583	0.000109025	-0.00103486	0.00106895
0.554693	-0.315179	0.158581	0.000326073	-0.000148823	0.000256406
0.554692	-0.31518	0.15858	-0.000189354	-0.000529983	-0.000466774
0.554694	-0.315178	0.158583	0.00048932	7.60722e-05	0.000915335
0.554692	-0.315181	0.158581	-0.000210813	-0.000850736	0.000268695
0.554695	-0.31518	0.158585	0.00040254	-0.000124191	0.00111833
0.554693	-0.31518	0.158582	3.54628e-05	-6.1917e-05	-0.000153059
0.554695	-0.315178	0.158582	0.000607548	0.00041249	2.07711e-06
0.554695	-0.315177	0.158582	0.000305748	0.000826991	-0.000355823
0.554696	-0.315179	0.158586	0.00061529	-8.76813e-05	0.00129731
0.554693	-0.31518	0.158582	-0.000382539	-0.000410101	-0.000104738
0.554695	-0.315179	0.158584	0.000296034	0.000159171	-3.6525e-05
0.554696	-0.315177	0.158584	0.000554464	0.000553706	0.000295642
0.554694	-0.315178	0.15858	-0.000188729	-5.81149e-05	-0.000804432
0.554696	-0.315178	0.158586	0.000629262	0.000380999	0.00109536
0.554694	-0.315177	0.158579	-0.000466458	0.000408073	-0.00138497
0.554695	-0.315177	0.158582	0.000227061	0.000164912	2.82048e-06
0.554693	-0.315181	0.158583	-0.000554284	-0.00133448	0.000358848
0.554697	-0.315176	0.158584	0.000849356	0.000976004	0.000807039
0.554695	-0.315179	0.158582	-0.000188784	-0.000272181	-0.000260436
0.554692	-0.315181	0.158583	-0.000866601	-0.00109692	4.39665e-05
0.554697	-0.315176	0.158583	0.000494863	0.00124198	-0.000190029
0.554693	-0.315178	0.15858	-0.00066013	-3.98355e-05	-0.000787727
0.554693	-0.315181	0.158584	-0.000412737	-0.00117622	0.000840122
0.554694	-0.315177	0.15858	0.000222044	0.000741322	-0.000624076
0.554692	-0.315181	0.158579	-0.00156975	-0.00128958	-0.00165914
0.554696	-0.315177	0.158583	6.16886e-05	0.000472151	0.000246383
0.554693	-0.315181	0.158583	-8.67857e-05	-0.000765076	0.000756517
0.554694	-0.31518	0.158581	0.000595262	-0.000101249	-3.83715e-05
0.554693	-0.315185	0.158585	2.15218e-05	-0.00155985	0.00136803
0.554695	-0.315182	0.158586	0.000670585	-0.000122773	0.00122826
0.554694	-0.315182	0.158585	-3.87782e-05	3.70026e-05	6.16911e-05
0.554693	-0.31518	0.158581	-0.000210275	0.000668327	-0.000932444
0.554691	-0.315179	0.158579	-0.000898941	0.000594536	-0.00143937
0.554694	-0.31518	0.158582	0.000753166	0.000619183	0.000188891
0.554694	-0.315182	0.158585	0.000454821	-0.000681641	0.00103121
0.554693	-0.315182	0.158584	-0.00027273	-0.000323473	0.000493308
0.554696	-0.315177	0.158583	0.000822042	0.00120621	4.16376e-05
0.554692	-0.315181	0.158581	-0.000719051	-0.000540889	-0.000727021
0.554693	-0.31518	0.158582	-0.000155233	0.000171214	-0.000466176
0.554693	-0.315183	0.158583	-0.000309298	-0.000991671	5.43179e-05
0.554693	-0.315179	0.15858	0.000132247	0.000882175	-0.000605316
0.554694	-0.315179	0.158583	0.000483116	0.000540704	4.90527e-05
0.554696	-0.315176	0.158582	0.000353207	0.000942231	-0.000137542
0.554697	-0.31518	0.158588	0.000660726	-0.00063083	0.00175982
0.554694	-0.315178	0.158582	-0.000482447	0.000399384	-0.000572493
0.554693	-0.315183	0.158588	-0.000325179	-0.00141908	0.00180526
0.554693	-0.315181	0.158581	-0.00039168	-0.000377633	-0.00122862
0.554697	-0.315179	0.158586	-0.00103561	0.00110316	-0.00151506
0.554696	-0.315179	0.158587	-0.00137897	0.000900737	-0.00123009
0.554693	-0.315183	0.158585	-0.00199511	-0.000754591	-0.00128351
0.554694	-0.315178	0.158582	-0.00101376	0.00104881	-0.0016013
0.554693	-0.315183	0.158586	-0.00114797	-0.000807922	-0.000478246
0.554694	-0.31518	0.158583	-0.000471882	0.000447322	-0.00103887
0.554695	-0.31518	0.158586	-8.82346e-05	0.000234581	0.000311077
0.554695	-0.315179	0.158583	-4.61251e-05	0.000697626	-0.000591861
0.554697	-0.315177	0.158586	0.000330485	0.000947087	-4.03445e-05
0.554693	-0.315184	0.158586	-0.00082229	-0.00137385	0.000323172
0.554695	-0.315182	0.158585	0.000151031	-0.000489157	-0.000166648
0.554692	-0.315181	0.158583	-0.000818219	-0.000103365	-0.00060624
0.554693	-0.315183	0.158584	-0.000517287	-0.000683242	-0.000166628
0.554693	-0.315182	0.158586	0.00221873	-0.000509826	0.00290819
0.554695	-0.315177	0.158581	0.00235343	0.00108193	0.00072297
0.554694	-0.31518	0.158583	0.00277642	0.00312488	0.000333134
0.554693	-0.315181	0.158583	0.00174964	0.00184181	0.000114847
0.554694	-0.315181	0.158583	0.00153507	0.00135368	-0.000112131
0.554694	-0.31518	0.158584	0.00123849	0.00161888	0.000139454
0.554692	-0.315181	0.158582	0.00057037	0.000736845	-0.000220551
0.554692	-0.315184	0.158586	0.000499381	-7.96158e-05	0.0012371
0.55469	-0.315186	0.158583	-0.000447035	-0.000945681	-0.000110433
0.554695	-0.315182	0.158586	0.00140574	0.000730563	0.00100123
0.554694	-0.315178	0.158583	0.000726718	0.0017048	-0.00048695
0.554693	-0.315183	0.158584	-7.52514e-05	-0.000366648	-0.000394822
0.554693	-0.315182	0.158587	0.000328295	0.000275346	0.0009007
0.554692	-0.315185	0.158586	-0.000303706	-0.000820348	0.000728045
0.554693	-0.315183	0.158585	0.000174312	-0.000102776	9.34039e-05
0.554692	-0.315186	0.158586	-0.00194619	-0.00433448	0.00113926
0.554692	-0.315183	0.158584	-0.00136437	-0.00202824	-4.04159e-05
0.554693	-0.315183	0.158589	-0.000513522	-0.00163556	0.00167576
0.554691	-0.315186	0.158582	-0.00134949	-0.00230834	-0.000801026
0.554695	-0.31518	0.158584	0.000354797	0.00036489	-4.45302e-05
0.55469	-0.315183	0.158577	-0.00124139	-0.000715616	-0.00204589
0.554694	-0.31518	0.158583	0.000306499	0.000317055	-3.37473e-05
0.554693	-0.315182	0.158582	-7.77444e-05	-0.000335235	1.03539e-05
0.554692	-0.315184	0.158586	-0.000569255	-0.00121414	0.00100617
0.554691	-0.31519	0.158586	4.13018e-06	-0.00161914	0.000421254
0.55469	-0.315184	0.158582	-0.000301831	0.00115184	-0.00101379
0.55469	-0.315189	0.158587	4.57751e-05	-0.000922474	0.0014033
0.554685	-0.315188	0.15858	-0.00181086	-0.000169055	-0.00205971
0.554689	-0.315189	0.158585	-1.77157e-05	-0.000424243	0.000218308
0.554691	-0.315189	0.158588	0.000696068	-0.000412455	0.00159776
0.554688	-0.315186	0.15858	-0.000205387	0.000931643	-0.00137005
0.554689	-0.315188	0.158585	0.000103823	-7.9901e-05	0.000327407
0.554689	-0.315189	0.158583	4.07251e-06	-0.000491247	-0.00023068
0.554691	-0.315187	0.158584	0.000420082	0.000144821	0.000383963
0.554689	-0.315191	0.158587	-0.000162119	-0.000955386	0.000758064
0.554689	-0.315191	0.158586	-7.4629e-05	-0.000619869	0.000525542
0.554692	-0.31519	0.158591	0.000719593	-0.000147327	0.00153362
0.554687	-0.315192	0.158584	-0.00104029	-0.000755593	-0.000985234
0.554687	-0.315194	0.158586	0.000448361	-0.000845321	0.000860814
0.554688	-0.315191	0.158585	0.000583448	0.000515033	0.000209783
0.554688	-0.315194	0.15859	0.000224648	-0.000670415	0.00139262
0.554687	-0.315194	0.158584	-0.000272449	-0.000870131	-0.000645151
0.554686	-0.315195	0.158583	-0.000131871	-0.000568098	-0.000482222
0.554688	-0.315194	0.158585	0.00046353	1.87007e-05	-0.000128452
0.554689	-0.315194	0.158592	0.000811734	-3.28759e-05	0.00246202
0.554684	-0.315197	0.158582	-0.000982116	-0.000880337	-0.00175299
0.554686	-0.315196	0.158584	-0.000176346	-8.39526e-05	-0.000505068
0.554685	-0.315194	0.158582	-0.000249931	0.000471874	-0.000879228
0.554683	-0.315195	0.158583	-0.000909092	2.69709e-05	-0.000598973
0.55468	-0.315194	0.158577	-0.00164163	0.000244932	-0.00222298
0.554682	-0.315196	0.15858	-0.000501974	-0.000544996	-0.000213525
0.554682	-0.315194	0.158581	-0.000146382	0.00023653	0.000222776
0.554682	-0.315195	0.158581	-0.000248421	4.12108e-05	-9.21811e-05
0.55468	-0.315195	0.158574	-0.000677182	0.000245675	-0.00207683
0.55468	-0.315196	0.158579	-0.000430604	0.000112968	-0.000204003
0.55468	-0.315197	0.158577	0.000149044	3.51961e-06	-0.000541994
0.554678	-0.315198	0.158578	-0.000841056	-0.000913409	0.000181801
0.554678	-0.315199	0.158578	-0.000852455	-0.00111629	0.00011792
0.554679	-0.315194	0.158574	-2.34188e-05	0.000860849	-0.00114508
0.554679	-0.315194	0.158574	-0.000330388	0.000663119	-0.00107922
0.554677	-0.315196	0.158573	-0.000605556	-0.00010162	-0.000784943
0.554677	-0.315192	0.158568	-0.000281698	0.00152686	-0.00218607
0.554677	-0.315195	0.158573	-1.70425e-05	-6.18647e-05	0.000205585
0.554674	-0.315198	0.158571	-0.000958307	-0.000918483	-0.000570444
0.554673	-0.3152	0.158567	-0.00109276	-0.0011174	-0.00175052
0.554675	-0.315197	0.15857	-9.36561e-05	0.000249952	3.0149e-05
0.554674	-0.315196	0.158569	-0.000221024	0.000204757	-0.000544555
0.554674	-0.315195	0.158569	-0.000163499	0.000599725	-0.000363701
0.554675	-0.315198	0.158573	0.00049223	-0.000172915	0.000815692
0.554674	-0.315199	0.15857	-0.000123534	-0.000606427	-1.36447e-05
0.554669	-0.315199	0.158564	-0.00194479	-0.000536662	-0.00196298
0.554674	-0.315196	0.158567	0.00033634	0.000411364	-0.000363983
0.554673	-0.315196	0.158567	3.89119e-05	0.000337764	-2.583e-05
0.554673	-0.315199	0.158567	0.000234089	-0.000434973	7.8367e-05
0.554671	-0.315198	0.158563	-0.000579876	-0.000216741	-0.00151653
0.554672	-0.315196	0.158567	4.85062e-05	0.000420666	0.000392957
0.554676	-0.315197	0.158569	0.00104864	9.04446e-05	0.000913833
0.554672	-0.315199	0.158564	-0.000907065	-0.000734261	-0.00111695
0.554672	-0.315196	0.158563	7.45052e-05	0.000474859	-0.000399975
0.554675	-0.315196	0.158565	0.000921544	0.000713938	-2.82569e-05
0.554673	-0.315197	0.158564	-0.000135137	2.6079e-06	-0.000522276
0.554672	-0.315199	0.158564	-0.000706361	-0.000950157	-0.000644614
0.554672	-0.315195	0.158561	-0.000109365	0.00088591	-0.00112054
0.554673	-0.315196	0.158562	0.000320694	3.62082e-05	-0.000374869
0.554672	-0.315197	0.158564	-0.000261256	-0.000399658	0.000773018
0.554671	-0.315199	0.158562	-0.000196145	-0.000303315	-0.00039159
0.554672	-0.315198	0.158564	-0.000330076	-0.000132431	2.93573e-05
0.554673	-0.315195	0.158562	8.35015e-05	0.000877744	-0.00076933
0.554674	-0.315197	0.158566	0.000532287	3.66236e-07	0.00108312
0.554672	-0.315196	0.158562	-0.000149143	0.000103697	-0.000172379
0.554671	-0.315196	0.158559	-0.000387221	0.000147384	-0.00121966
0.554672	-0.315196	0.158562	0.000623405	0.000395846	0.000540003
0.554671	-0.315196	0.158558	-0.000495422	-3.57171e-05	-0.00101772
0.55467	-0.315196	0.158558	-0.000622671	-4.63204e-05	-0.000591291
0.554672	-0.315196	0.158562	0.000613052	0.000403368	0.00117819
0.554669	-0.315199	0.158559	-0.000674471	-0.00117516	-0.000170235
0.554669	-0.315197	0.158558	-0.00023862	0.000331141	-0.000478719
0.554671	-0.315198	0.158562	0.00042641	-0.00048253	0.000940539
0.554668	-0.315197	0.158557	-0.000908781	-4.39945e-05	-0.000948669
0.55467	-0.315195	0.158559	7.81939e-05	0.000336245	9.91914e-05
0.554672	-0.315194	0.158561	0.000896738	0.000632411	0.00109325
0.554672	-0.315189	0.158556	0.000346183	0.00211473	-0.00130599
0.554673	-0.315192	0.158563	0.000540937	0.000283495	0.00125555
0.554672	-0.315193	0.158561	0.00032051	0.000123852	0.000754631
0.554674	-0.315189	0.158562	0.000557504	0.00128405	0.000289475
0.554671	-0.315193	0.158559	-0.000594689	-0.000138737	-0.000970129
0.554671	-0.315191	0.15856	-9.74533e-05	0.000450847	0.000161976
0.554674	-0.315189	0.158561	0.000684639	0.000610867	0.000114919
0.554673	-0.315187	0.158559	4.06849e-05	0.00108678	-0.000705456
0.554673	-0.315189	0.158559	0.000138172	0.000189984	5.71629e-05
0.554674	-0.315189	0.15856	0.000951288	0.000543166	0.0009844
0.554671	-0.31519	0.158557	-0.000301473	5.62601e-06	-0.000705645
0.55467	-0.31519	0.158557	-0.000386301	6.72697e-05	-0.000253608
0.554673	-0.315185	0.158556	0.000414986	0.00146561	-0.000542343
0.554674	-0.315183	0.158555	0.000837468	0.00147199	-0.000440184
0.554675	-0.315185	0.15856	0.000660427	0.000352105	0.00124068
0.554678	-0.315182	0.158562	0.00124685	0.00123861	0.00144002
0.554675	-0.315186	0.158559	-0.000330613	-0.000646368	-0.000138493
0.554676	-0.315181	0.158559	0.000359575	0.0011384	-4.19286e-05
0.554678	-0.315182	0.158562	0.00105448	0.000550673	0.00118713
0.554678	-0.315181	0.158561	0.00086976	0.000915908	0.000257586
0.554679	-0.315181	0.158564	0.000946615	0.000567634	0.00141567
0.554678	-0.315185	0.158568	-0.000319844	-0.00107112	0.00133064
0.554679	-0.315182	0.158565	0.000445192	0.000220709	0.000500232
0.554684	-0.31518	0.158572	0.0036437	0.00441241	0.00235732
0.554679	-0.315182	0.158567	0.00142419	0.00241999	0.000230599
0.554681	-0.315179	0.158566	0.00155937	0.0028148	-8.62811e-05
0.55468	-0.315179	0.158565	0.000787971	0.00214067	-0.000405378
0.554679	-0.315182	0.158567	0.00022246	-3.24486e-05	0.000362229
0.554687	-0.315173	0.158571	0.00282824	0.00337739	0.00171835
0.554684	-0.315178	0.158573	0.00128438	0.000822483	0.00182483
0.55468	-0.315183	0.158572	-0.000612161	-0.00129104	0.000877985
0.554683	-0.315176	0.158569	0.000340687	0.00120625	-0.000816587
0.554683	-0.315181	0.158574	0.000219868	-0.000826825	0.00152415
0.554684	-0.315178	0.158572	9.8248e-05	0.000610775	-0.000373178
0.554685	-0.315181	0.158574	0.000567139	-0.000801066	0.000858137
0.554686	-0.31518	0.158576	0.00077641	-0.000108415	0.000995643
0.554684	-0.315178	0.158573	-0.000266912	0.000701475	-0.000483563
0.554685	-0.315181	0.158576	0.000166818	-0.000697113	0.00104538
0.554686	-0.31518	0.158577	0.000391442	5.41341e-05	0.000595113
0.554685	-0.315181	0.158576	0.000267704	-0.000566097	0.000787346
0.55469	-0.315176	0.158579	0.00247603	0.00189902	0.00161813
0.554688	-0.315183	0.158584	0.00117133	-0.00126714	0.00298266
0.554689	-0.315182	0.158584	0.00121788	-0.000436042	0.00167662
0.55469	-0.315181	0.158584	0.00121958	0.000131066	0.00167193
0.554689	-0.315182	0.158583	0.0022046	0.00308142	-0.000164102
0.554687	-0.315183	0.15858	0.000775099	0.00191242	-0.00109808
0.55469	-0.315182	0.158583	0.00175148	0.00179952	0.000448502
0.554689	-0.315187	0.158588	0.000667189	-9.10101e-05	0.00186613
0.554689	-0.315184	0.158584	0.000908235	0.00102894	-0.000306244
0.554684	-0.315189	0.158582	-0.00110908	-0.00103683	-0.000687059
0.554682	-0.315192	0.158582	-0.00142865	-0.00161296	-0.000932676
0.554684	-0.315193	0.158583	-0.000312744	-0.00122608	-9.21437e-05
0.554684	-0.315191	0.158586	-0.000338617	-5.67798e-05	0.000759669
0.554682	-0.315193	0.158582	-0.000745796	-0.000549426	-0.00101113
0.554684	-0.315197	0.158592	0.000117789	-0.00160396	0.00259362
0.55468	-0.3152	0.158588	-0.00108078	-0.00190569	0.000406312
0.554682	-0.315197	0.158585	-0.000229456	-0.000300912	-0.000777346
0.55468	-0.315199	0.158586	-0.000577202	-0.000638461	-0.000173939
0.554678	-0.315198	0.158582	-0.00066863	-0.000340525	-0.00122189
0.554678	-0.315202	0.158585	-0.000849461	-0.00126551	-0.000157204
0.554679	-0.3152	0.158585	-0.000272159	-0.000339572	-9.82346e-05
0.554678	-0.315202	0.158584	-0.000335353	-0.000805975	-0.000411851
0.554676	-0.315203	0.158586	-0.00171002	-0.00126422	0.000117051
0.554676	-0.315205	0.158586	-0.00144447	-0.00148475	-0.000366162
0.554673	-0.315208	0.158584	-0.0017952	-0.00189391	-0.000342217
0.554671	-0.315214	0.158585	-0.00185792	-0.00284926	-0.000340049
0.554672	-0.31521	0.158582	-0.0010562	-0.000837679	-0.00149637
0.55467	-0.315212	0.158581	-0.00134889	-0.000984601	-0.00125667
0.55467	-0.315214	0.158583	-0.00100412	-0.00118924	-0.000169359
0.554672	-0.315212	0.158582	0.000118891	-0.000435403	-0.000104378
0.554669	-0.315212	0.158581	-0.000904343	-9.33353e-05	-0.000785813
0.554668	-0.315219	0.158583	-0.000863798	-0.00222709	0.000669423
0.554665	-0.315218	0.15858	-0.00123406	-0.000789692	-0.000872467
0.554664	-0.31522	0.15858	-0.0018744	-0.00187734	-0.000739278
0.554665	-0.315218	0.158579	-0.00043559	-0.000398177	-0.000296617
0.554665	-0.315218	0.15858	-9.89711e-05	0.000253217	-0.00046431
0.554662	-0.315222	0.15858	-0.00122596	-0.00126911	-0.00042798
0.554661	-0.315224	0.158577	-0.000883259	-0.00128297	-0.00073571
0.554663	-0.315223	0.158583	0.000219182	-0.000538862	0.00156622
0.554661	-0.315227	0.158583	-0.000568658	-0.00134157	0.00049985
0.554661	-0.315224	0.158577	-0.000285522	0.000207844	-0.00131168
0.554657	-0.315228	0.158574	-0.00162683	-0.00115755	-0.00221776
0.554659	-0.315224	0.158576	-0.000243597	0.000659177	-0.000437546
0.554657	-0.315223	0.158574	-0.000821937	0.000622911	-0.000952155
0.554653	-0.315231	0.158572	-0.00182708	-0.00209768	-0.00102438
0.554656	-0.315223	0.158566	0.000233855	0.0015968	-0.00238248
0.554655	-0.315226	0.158572	-0.000122968	-2.40074e-07	0.000417025
0.554651	-0.315229	0.15857	-0.00140829	-0.000745749	-0.000831093
0.554649	-0.315232	0.158565	-0.00145936	-0.000955874	-0.00241309
0.554653	-0.315228	0.158569	0.000326295	0.000126451	0.000285384
0.554651	-0.315226	0.158565	-0.000559488	0.00082979	-0.00166496
0.55465	-0.315227	0.158563	-0.00179969	-0.00169507	-0.00164743
0.554652	-0.315226	0.158566	-0.000521379	-0.000891665	-0.000220243
0.554649	-0.315224	0.158557	-0.00133258	6.47379e-05	-0.00263667
0.554649	-0.315225	0.15856	-0.000341069	0.000397426	-0.000730283
0.554648	-0.315226	0.158559	-0.00100987	-0.000175455	-0.00126671
0.554649	-0.315226	0.158561	-0.000196698	-0.000289022	6.08114e-05
0.554647	-0.315225	0.158557	-0.000706512	0.000492072	-0.00120175
0.554651	-0.315222	0.158559	0.000905875	0.00107974	-0.000566641
0.554649	-0.315222	0.158556	-0.00133353	-0.00143737	-0.000815347
0.554646	-0.315221	0.15855	-0.00157931	-0.000413145	-0.00281098
0.554646	-0.315222	0.158552	-0.00121751	-0.000974132	-0.00108666
0.55465	-0.315218	0.158551	-0.000965217	0.000957114	-0.00191251
0.554645	-0.315223	0.158548	-0.00222642	-0.000708375	-0.00262184
0.554649	-0.315217	0.15855	-0.000516983	0.000968945	-0.00121133
0.554647	-0.315221	0.158555	-0.000480607	-0.000467653	0.000935664
0.554644	-0.315218	0.158544	-0.00130353	0.00035685	-0.00268448
0.554648	-0.315215	0.158548	0.000578172	0.0016342	-0.000497128
0.554645	-0.315219	0.158547	-0.00084934	-0.000395018	-0.000580135
0.554651	-0.315209	0.158547	0.00139093	0.00270231	-0.000418325
0.554649	-0.315212	0.158544	0.000377592	0.0013779	-0.00127472
0.554649	-0.315207	0.158542	0.000119166	0.00208321	-0.00162488
0.55465	-0.315209	0.158545	0.000542564	0.00125096	-0.000206253
0.55465	-0.315208	0.158542	5.25807e-05	0.00090464	-0.00121618
0.554649	-0.315209	0.158543	-0.000120221	5.87285e-05	-0.000309939
0.554649	-0.315207	0.158541	9.47422e-05	0.000589537	-0.000693647
0.554654	-0.315203	0.158544	0.00135994	0.00179892	0.000336612
0.554652	-0.315202	0.158542	0.000230662	0.00136186	-0.000528923
0.554653	-0.315202	0.158539	0.000938939	0.00125584	-0.000940573
0.554655	-0.315202	0.158541	0.00128207	0.000679512	0.000656635
0.554654	-0.315198	0.158541	0.000662814	0.00164817	0.000372443
0.554655	-0.315197	0.158541	0.000751466	0.00102738	0.000550682
0.554654	-0.315198	0.158536	0.000239984	0.000711716	-0.00137533
0.554653	-0.315196	0.158536	-0.000253696	0.000638173	-0.000857856
0.554657	-0.315193	0.158539	-9.99228e-06	0.00149065	-0.000726283
0.554659	-0.315187	0.158537	0.000641644	0.00240422	-0.000600297
0.554657	-0.31519	0.158537	-0.000146757	0.000616392	-0.00032418
0.554658	-0.315187	0.158532	0.00130561	0.00316574	-0.00162969
0.55466	-0.315187	0.158535	0.00116745	0.00224956	-0.00040068
0.554658	-0.315187	0.158535	0.0005885	0.00164914	-0.000184771
0.55466	-0.315182	0.158535	0.000764845	0.00222819	-7.61811e-05
0.554661	-0.315182	0.158534	0.000994887	0.00201976	-0.000261955
0.554661	-0.315184	0.158536	0.000427404	0.0002761	0.000236319
0.554661	-0.315182	0.158535	0.000142962	0.000884429	5.84104e-05
0.554662	-0.315181	0.158536	0.000416297	0.000545022	0.000338008
0.554662	-0.315179	0.158535	0.000397307	0.000886817	0.00048056
0.554663	-0.315177	0.158534	0.000336026	0.00117305	-0.000490096
0.554665	-0.315173	0.158531	0.00117531	0.00219994	-0.000745787
0.554665	-0.315178	0.158536	0.000409531	-0.000638601	0.00125626
0.554667	-0.31517	0.158532	0.00105867	0.00217189	-0.000434128
0.554666	-0.31517	0.158529	0.000405677	0.00151128	-0.0013561
0.554665	-0.315172	0.158533	0.000208658	0.000505982	0.000562338
0.554665	-0.315173	0.158534	-0.000132554	-0.000150813	0.000468101
0.554669	-0.315168	0.158533	0.00116818	0.0012569	5.70372e-05
0.554667	-0.315168	0.158532	0.000283416	0.000966832	-4.46764e-05
0.554665	-0.315172	0.158531	-0.000420108	-0.000906495	6.36238e-05
0.554664	-0.315167	0.158528	-0.000340132	0.00113235	-0.000631653
0.554667	-0.315168	0.158534	0.000575606	-6.96932e-05	0.00108661
0.554668	-0.315166	0.158533	0.00136033	0.00297395	8.37205e-05
0.554667	-0.315169	0.158532	0.00105791	0.00089492	-9.59589e-05
0.554669	-0.315166	0.158536	0.0013492	0.00178114	0.00145583
0.554669	-0.315163	0.158532	0.000811449	0.00189014	-0.000587192
0.554667	-0.315164	0.158532	0.000174585	0.000790041	0.000251809
0.554669	-0.315164	0.158531	0.000562086	0.000492008	-0.000158047
0.554672	-0.315164	0.158535	0.00130135	0.00072515	0.00122829
0.554669	-0.315165	0.158533	0.00112628	0.00188215	3.53907e-05
0.55467	-0.315165	0.158533	0.00114057	0.00132137	0.000238761
0.554669	-0.315165	0.158532	0.000501123	0.00108565	-7.60042e-05
0.554669	-0.315166	0.158535	0.000253615	0.000278335	0.000506759
0.554671	-0.315166	0.158539	0.0009675	0.000129331	0.00187238
0.554669	-0.315169	0.158537	-6.80195e-05	-0.000852894	0.000862614
0.554673	-0.315164	0.158539	0.00121127	0.00084798	0.00110768
0.55467	-0.315169	0.158538	-8.10723e-05	-0.000878048	0.000448257
0.55467	-0.315163	0.158536	-8.6448e-05	0.00118079	-0.000276919
0.554672	-0.315165	0.15854	0.00052122	9.68172e-05	0.00115264
0.554673	-0.315165	0.15854	0.0005407	3.52049e-05	0.000540752
0.554672	-0.31517	0.158544	0.000199357	-0.00164883	0.00194865
0.554673	-0.315168	0.158542	0.000254665	-0.000562176	0.000643461
0.554675	-0.315165	0.158543	0.000689569	0.000631791	0.000206341
0.554674	-0.315167	0.158544	0.000348442	-8.92744e-05	0.000788589
0.554673	-0.315171	0.158543	-0.000380258	-0.0016014	0.000434329
0.55467	-0.315171	0.158542	-0.000921619	-0.000923916	-0.000269852
0.554671	-0.315168	0.15854	-0.000421706	0.000490855	-0.00064594
0.554671	-0.315173	0.158544	-0.00028064	-0.00136937	0.000811646
0.554673	-0.315172	0.158549	0.000767202	-0.000574049	0.00201777
0.554672	-0.315172	0.158545	0.000161637	-0.000302743	0.000185508
0.554669	-0.315174	0.158543	-0.000912815	-0.00109919	-0.000548117
0.554668	-0.315174	0.158541	-0.00108146	-0.000590628	-0.00125331
0.554671	-0.315173	0.158547	0.000128411	-3.73903e-05	0.00126947
0.554671	-0.315178	0.158549	0.00021058	-0.0017527	0.00157173
0.554669	-0.315178	0.158546	-0.000329499	-0.00103989	0.000169768
0.554668	-0.315177	0.158543	-0.000561663	-0.000101044	-0.00105935
0.554667	-0.315175	0.15854	-0.00079572	7.26055e-05	-0.00145884
0.554668	-0.315179	0.158546	-5.05531e-05	-0.000664671	0.000929388
0.554668	-0.315178	0.158544	-0.000192029	-0.000397689	5.13077e-05
0.554666	-0.315177	0.158544	-0.00069218	-0.000146664	-0.00010235
0.554667	-0.315182	0.158547	-1.28374e-05	-0.00138859	0.000953606
0.554663	-0.315184	0.158543	-0.00146909	-0.00167134	-0.000900338
0.554665	-0.31518	0.158542	-0.000443054	-9.61966e-05	-0.000725659
0.554665	-0.31518	0.158545	3.31243e-05	0.00048124	0.000349554
0.554665	-0.315181	0.158545	-0.000333068	-0.000199115	0.000181199
0.554663	-0.31518	0.158539	-0.000732324	-5.06102e-05	-0.00158596
0.554664	-0.31518	0.15854	-0.000230955	0.000448783	-0.0012491
0.554662	-0.315182	0.158539	-0.000722569	-9.30169e-05	-0.000954315
0.554663	-0.315182	0.158545	-8.73419e-05	-0.000183739	0.000901505
0.554664	-0.315179	0.158541	0.000223466	0.00097697	-0.00060192
0.554659	-0.315181	0.158537	-0.00144974	-0.000133768	-0.00130821
0.554661	-0.315181	0.158539	-0.000274929	-0.000168155	-0.000467349
0.554661	-0.31518	0.158536	-0.000147635	0.000396063	-0.00111625
0.55466	-0.315178	0.158533	-0.000358081	0.000885306	-0.00177125
0.554656	-0.315182	0.15853	-0.00274828	-0.000519523	-0.00312473
0.554658	-0.315179	0.158528	-0.0013493	0.000651459	-0.00297179
0.554659	-0.315183	0.158534	-0.000687504	-0.00073028	8.7984e-05
0.554656	-0.31518	0.158529	-0.00122801	0.000277803	-0.0017992
0.554657	-0.315179	0.158528	-0.000616247	0.000698951	-0.00136582
0.554659	-0.315178	0.158529	0.000111867	0.0008505	-0.000735228
0.554659	-0.315176	0.158528	3.32858e-05	0.00119971	-0.000837388
0.554661	-0.315174	0.158527	0.000714056	0.00121263	-0.00093932
0.55466	-0.315174	0.158527	0.000149262	0.000832642	-0.000641242
0.554663	-0.31517	0.158527	0.000981131	0.00209555	-0.000510801
0.554663	-0.315167	0.158523	0.000836897	0.00240855	-0.00145479
0.554662	-0.315167	0.158522	0.000270848	0.00170772	-0.00126822
0.554664	-0.315169	0.158527	0.000894471	0.000407573	0.000995335
0.554663	-0.315165	0.15852	0.000290514	0.00145669	-0.00145619
0.554664	-0.315167	0.158525	0.000299486	0.000431674	0.000290806
0.554668	-0.315161	0.158528	0.00160109	0.00224592	0.00104272
0.554668	-0.315161	0.158526	0.000891952	0.00152745	3.09922e-05
0.554668	-0.315159	0.158524	0.000323591	0.000993388	-0.000567749
0.554667	-0.315159	0.158522	1.263e-05	0.000803504	-0.000535515
0.55467	-0.315154	0.158523	0.00108845	0.00195972	-0.000211599
0.554669	-0.315157	0.158524	0.000218415	0.000290576	8.55913e-06
0.554673	-0.31515	0.158522	0.00199592	0.00256139	-0.000224395
0.554671	-0.315154	0.158524	0.000472757	0.000309432	0.000461555
0.554671	-0.315151	0.158522	0.000506717	0.00131148	-0.000158497
0.554671	-0.315151	0.158523	0.000187985	0.000324581	0.000402761
0.554675	-0.315145	0.158521	0.00155487	0.00261261	-0.000297406
0.554675	-0.315145	0.158523	0.0012277	0.00171196	0.000438739
0.554675	-0.315144	0.158522	0.000507337	0.00123888	-2.45459e-05
0.554677	-0.315144	0.158524	-0.00084073	-0.00264231	0.00167654
0.554676	-0.31514	0.158519	-0.00106784	-0.00139663	-0.000314731
0.554679	-0.315139	0.158521	0.000132362	-0.000784607	0.000485253
0.554681	-0.315136	0.158523	0.000689339	0.000287919	0.00075253
0.55468	-0.315136	0.15852	5.82639e-05	0.000149009	0.000196917
0.554681	-0.315134	0.158522	0.000320733	0.000522454	0.000183356
0.554683	-0.315134	0.158525	0.00136811	0.0014876	0.00179808
0.554685	-0.315133	0.158529	0.00183236	0.00153577	0.00214367
0.554688	-0.315129	0.158527	0.00176733	0.00206612	0.000490378
0.554682	-0.315132	0.158522	-0.000413215	0.000121153	-0.000658001
0.554686	-0.315125	0.158525	0.00170864	0.00400824	0.000487618
0.554685	-0.315134	0.158528	0.000845933	5.08429e-05	0.00153932
0.554685	-0.315128	0.158524	0.000742191	0.0017803	-0.000757716
0.554689	-0.315124	0.158526	0.00145479	0.00225422	0.000619135
0.55469	-0.315123	0.15853	0.00122962	0.00209891	0.00107409
0.554688	-0.315129	0.158531	0.000108765	-0.00125706	0.00158442
0.55469	-0.315122	0.158527	0.00069978	0.00134206	-5.76174e-05
0.554691	-0.315123	0.15853	0.000709883	0.000313656	0.000955292
0.554689	-0.315126	0.158531	9.24767e-05	-0.000208528	0.00101007
0.55469	-0.315125	0.158533	0.00047399	0.000336636	0.00111663
0.554692	-0.315121	0.15853	0.000734382	0.00129708	8.18585e-05
0.554691	-0.315122	0.158532	0.000347248	0.000320794	0.000696654
0.554693	-0.315121	0.158533	0.000560743	0.000158481	0.00068672
0.554692	-0.315122	0.158534	-1.73058e-05	-0.000329992	0.00083063
0.554694	-0.31512	0.158536	0.00070283	0.000156508	0.00130688
0.554696	-0.315119	0.158535	0.000929218	0.000556579	0.000550065
0.554693	-0.315122	0.158536	0.00126481	0.00287442	-0.000321833
0.554693	-0.315126	0.15854	0.000723731	-2.48816e-05	0.00117134
0.554694	-0.315123	0.158538	0.000911696	0.00183921	-0.000294341
0.554694	-0.315122	0.158539	0.000945233	0.00189588	-0.000261766
0.554692	-0.315125	0.15854	-0.000180415	-0.000137026	0.000608318
0.554696	-0.315122	0.158543	0.000685122	0.00101042	0.000912272
0.554695	-0.315124	0.158542	0.000101387	-0.000337359	0.000418011
0.554696	-0.31512	0.158541	0.000658618	0.000756591	0.00048985
0.554696	-0.315122	0.158544	0.000534482	7.97121e-05	0.0012848
0.554692	-0.315126	0.15854	-0.000948563	-0.00135772	-0.00067972
0.554694	-0.315124	0.158542	0.00016733	5.68496e-05	0.000360455
0.554693	-0.315125	0.15854	-2.36569e-05	8.15998e-05	-0.000268534
0.554694	-0.315123	0.158543	-1.82909e-05	7.88743e-05	0.000581132
0.554695	-0.315122	0.15854	0.00032227	0.000559601	-0.000350129
0.554693	-0.315126	0.158542	-0.000530179	-0.00118706	0.000343986
0.554693	-0.315124	0.15854	-0.000560601	-0.000184134	-0.000705206
0.55469	-0.315131	0.158542	-0.000988285	-0.0021763	0.000272224
0.554694	-0.315123	0.158542	0.000553112	0.00105924	0.000506613
0.554692	-0.315126	0.158541	-0.000161153	0.000278081	-0.000687272
0.554692	-0.315128	0.158545	-0.000211449	-0.000922569	0.0012693
0.554693	-0.315125	0.158541	-0.000150576	-3.53405e-05	-0.000174915
0.554694	-0.315126	0.158547	0.000249208	-0.000161926	0.00130174
0.554693	-0.315128	0.158546	0.000103876	-0.00064158	0.000755952
0.55469	-0.315127	0.158541	-0.000869515	-0.000189586	-0.00124181
0.55469	-0.315127	0.158539	-0.00186463	-0.000370743	-0.00250024
0.554691	-0.315127	0.158539	-0.00108206	-0.00039203	-0.00163367
0.55469	-0.315129	0.158541	-0.00090406	-0.000824828	-0.000472334
0.554692	-0.315126	0.158539	-4.07176e-05	0.000451198	-0.00113739
0.554689	-0.315129	0.158541	-0.00096926	-0.000620605	-0.000214361
0.554691	-0.315127	0.158542	-0.000253607	4.93306e-05	0.000248249
0.554687	-0.315131	0.15854	-0.00148968	-0.00136858	-0.000478093
0.554686	-0.315132	0.158537	-0.00121657	-0.00091224	-0.00100878
0.554685	-0.315133	0.158537	-0.00103254	-0.0010973	-0.000535206
0.554688	-0.315126	0.158537	0.00015586	0.00133322	-0.000409662
0.554686	-0.31513	0.158534	-0.000427009	-0.000150398	-0.00103916
0.554686	-0.315128	0.158533	-0.000238711	0.00040743	-0.00139905
0.554685	-0.31513	0.158535	-0.00059244	-0.000183809	-0.000585788
0.554683	-0.315134	0.158533	-0.00114963	-0.00163385	-0.000941177
0.554685	-0.315131	0.158535	-1.06122e-05	-9.74425e-05	-0.000141429
0.554684	-0.315131	0.158531	-0.000245966	-5.53256e-05	-0.000802829
0.554684	-0.315135	0.158535	-0.000197884	-0.00117325	0.000491045
0.554684	-0.315133	0.158533	-0.000344101	-0.000156981	-0.000571287
0.554681	-0.315135	0.158531	-0.000924666	-0.00107754	-0.000824171
0.554681	-0.315133	0.158528	-0.000288864	0.000304426	-0.00135445
0.554683	-0.315134	0.158533	0.000283611	0.000103027	0.000783541
0.554683	-0.315135	0.158533	8.22343e-05	-0.000495154	0.000298108
0.554682	-0.315134	0.158532	-0.000191749	-0.000198373	9.79854e-05
0.554684	-0.315135	0.158531	0.000160791	-0.000273963	-0.000521099
0.55468	-0.315137	0.158531	-0.000766891	-0.00107778	0.000242448
0.554684	-0.315135	0.158533	0.00028645	0.000168727	0.000238567
0.554684	-0.315136	0.158533	0.000215702	-0.000403411	0.000202164
0.554681	-0.315136	0.15853	-0.000579098	-0.00011245	-0.000566465
0.554682	-0.315137	0.158533	0.000101917	-0.000201204	0.000425794
0.554685	-0.315134	0.158534	0.00107388	0.000748257	0.00104008
0.554679	-0.315137	0.15853	-0.000857646	-0.000307111	-0.000998275
0.554682	-0.315136	0.158531	-0.000134243	-0.00026284	-0.000259328
0.554682	-0.315137	0.158533	0.000384507	-0.000295214	0.000704155
0.55468	-0.31514	0.158533	-7.28274e-05	-0.000593681	0.000139815
0.554681	-0.31514	0.158534	4.18051e-06	-0.000490889	0.000513783
0.554683	-0.315137	0.158532	0.000480146	0.000157656	0.000108012
0.554682	-0.315139	0.158535	0.000429804	4.82773e-05	0.000514867
0.554685	-0.315135	0.158536	0.000966285	0.000989348	0.000870535
0.554685	-0.315137	0.15854	0.000518458	0.000130652	0.00195696
0.554684	-0.315137	0.158534	-0.000208678	-0.000348405	-0.000595643
0.554682	-0.315137	0.158534	-0.00018966	0.000364952	-0.000734486
0.554682	-0.315138	0.158534	-0.000662975	-0.000782012	-0.000360622
0.554686	-0.315134	0.158535	0.000888646	0.000898161	0.000532607
0.554687	-0.315132	0.158536	0.00120519	0.00155683	0.00064529
0.554681	-0.315136	0.158531	-0.000948806	-0.000249018	-0.00109184
0.554684	-0.315135	0.158535	-0.00018114	0.000317892	-0.000166843
0.554685	-0.315132	0.158531	0.000491075	0.0012233	-0.000896339
0.554684	-0.31513	0.158529	-5.182e-05	0.00088494	-0.00113716
0.554684	-0.315128	0.158529	4.22555e-05	0.00114443	-0.000555037
0.554683	-0.315129	0.158528	-0.00205326	-0.0030581	-1.32431e-05
0.554687	-0.315125	0.158528	-7.40676e-06	-0.000361725	0.000305798
0.554685	-0.315128	0.158531	-0.000704165	-0.0014538	0.00113862
0.554683	-0.315126	0.158527	-0.0012917	-0.000405716	-0.00101629
0.554687	-0.315119	0.158529	4.29465e-05	0.00160774	-0.000245272
0.554684	-0.315118	0.158524	-0.000845019	0.00116265	-0.00126568
0.554686	-0.315115	0.158524	-4.65308e-05	0.00169885	-0.00101566
0.554686	-0.315116	0.158523	-3.2952e-05	0.000601046	-0.00064192
0.55468	-0.315118	0.15852	-0.00345656	-0.00365363	-0.000804534
0.554683	-0.315116	0.158523	-0.00155625	-0.00186792	0.000707233
0.554682	-0.315117	0.158521	-0.00125509	-0.00198277	0.000275688
0.554682	-0.315114	0.158517	-0.000674766	-0.000434915	-0.000985758
0.554682	-0.315108	0.158513	-0.00185335	0.000875278	-0.00413082
0.554683	-0.315105	0.15851	-0.00319275	0.00052747	-0.00578163
0.55468	-0.315108	0.158508	-0.0046154	-0.000310528	-0.00664887
0.554682	-0.315106	0.158509	-0.00263731	0.00212835	-0.00664094
0.554679	-0.315107	0.158504	-0.00353414	6.41027e-05	-0.00720105
0.554679	-0.315101	0.158494	-0.00252267	0.000895174	-0.00704017
0.554679	-0.315096	0.158486	-0.0007454	0.00278407	-0.0068326
0.554679	-0.315088	0.158475	-0.000877376	0.00370307	-0.00741451
0.55468	-0.31509	0.158471	-0.000224486	0.00233935	-0.0067564
0.554678	-0.315084	0.15846	-0.00142252	0.00377078	-0.00960318
0.554677	-0.315084	0.158453	-0.00169597	0.00141249	-0.00740453
0.554676	-0.315074	0.158441	-0.00123909	0.00468492	-0.00883881
0.554674	-0.315074	0.158434	-0.0017477	0.00227614	-0.00801269
0.554678	-0.315067	0.158429	0.00113976	0.00471766	-0.00538618
0.554676	-0.315065	0.158423	0.000375125	0.00279367	-0.00332448
0.554672	-0.315062	0.158412	-0.00317642	0.00426486	-0.00961966
0.554672	-0.315055	0.158402	-0.00350105	0.0040907	-0.0119411
0.554671	-0.315049	0.158391	-0.00427204	0.0061084	-0.014936
0.554669	-0.315044	0.15838	-0.00260121	0.00613057	-0.0118078
0.554669	-0.315039	0.158376	-0.00265852	0.00498062	-0.00997218
0.554667	-0.315033	0.158365	-0.00376217	0.00457078	-0.0106562
0.554664	-0.315029	0.158354	-0.00212973	0.0049969	-0.0098549
0.554663	-0.315019	0.15834	-0.00105264	0.007249	-0.0111032
0.554661	-0.315014	0.15833	-0.0016711	0.00724838	-0.0125362
0.554658	-0.315007	0.158319	-0.000509259	0.00619438	-0.00867589
0.554656	-0.315	0.158304	-0.000537371	0.00687946	-0.00994928
0.554654	-0.314998	0.158298	-0.000395418	0.00579276	-0.00849417
0.554652	-0.314987	0.158286	-0.000347388	0.00852878	-0.00920884
0.554653	-0.314979	0.158277	-0.000543423	0.00748308	-0.010493
0.554651	-0.314973	0.158262	-0.000357886	0.00803881	-0.0116743
0.554648	-0.314967	0.158252	-0.000102199	0.00801817	-0.0107963
0.55465	-0.314954	0.158241	0.00118599	0.00981451	-0.0104156
0.554646	-0.314954	0.158231	0.00114738	0.00799971	-0.00906329
0.554647	-0.314945	0.158221	0.00160681	0.00726028	-0.00812738
0.554643	-0.314939	0.158206	-0.000266688	0.00751433	-0.0102078
0.554645	-0.314927	0.158195	0.000160117	0.00988481	-0.0108536
0.554646	-0.314914	0.158181	0.000742193	0.0113952	-0.0110701
0.554646	-0.31491	0.158171	0.000773475	0.0071642	-0.00902867
0.554643	-0.314901	0.158157	0.000609132	0.00821834	-0.00865258
0.554642	-0.314898	0.158142	0.00164578	0.006751	-0.00865289
0.554643	-0.314888	0.158135	0.00241198	0.0080999	-0.00627427
0.554642	-0.314878	0.158114	7.99195e-06	0.00767863	-0.0101744
0.554646	-0.314868	0.158105	0.00318121	0.00936564	-0.00870173
0.554646	-0.314861	0.158093	0.00289097	0.00872714	-0.00889663
0.554645	-0.314851	0.158074	0.0009118	0.00827424	-0.0135572
0.554646	-0.314838	0.158054	0.00186681	0.0101189	-0.0133256
0.554648	-0.31483	0.158042	0.00303229	0.00941282	-0.0112052
0.554648	-0.314822	0.158024	0.00262208	0.00925161	-0.0128421
0.55465	-0.314813	0.158011	0.00456087	0.00949844	-0.00916322
0.554653	-0.314801	0.157996	0.0052115	0.0110117	-0.0100303
0.554652	-0.314791	0.157976	0.00263655	0.0115215	-0.0163438
0.554653	-0.314785	0.15796	0.0022052	0.00806602	-0.0145935
0.554654	-0.314775	0.157945	0.00258309	0.0089313	-0.0140548
0.554658	-0.314759	0.157928	0.00426039	0.011991	-0.01358
0.55466	-0.314751	0.157912	0.00594733	0.0128428	-0.014109
0.554661	-0.314741	0.157895	0.00447448	0.0101145	-0.0145168
0.554663	-0.314727	0.157876	0.00348062	0.0132314	-0.0177309
0.554665	-0.314716	0.157859	0.00283558	0.0130594	-0.0183283
0.554667	-0.314704	0.15784	0.00374677	0.0128237	-0.0169177
0.554666	-0.314694	0.157818	0.00311323	0.0121417	-0.0170377
0.554672	-0.314679	0.157803	0.004026	0.0133837	-0.0181589
0.554671	-0.314667	0.157782	0.00203985	0.0115252	-0.0193528
0.554677	-0.314651	0.157765	0.00222159	0.0129196	-0.0198396
0.554676	-0.314644	0.157745	0.00148587	0.0114708	-0.0189939
0.554679	-0.314627	0.157725	0.0022086	0.0143836	-0.0188073
0.554681	-0.314614	0.157707	0.00330998	0.0161119	-0.0180767
0.554681	-0.314603	0.157683	0.00244395	0.0145679	-0.018752
0.554685	-0.314588	0.157665	0.00228981	0.0148173	-0.018259
0.554688	-0.314573	0.157647	0.0022939	0.0147913	-0.0172887
0.55469	-0.314557	0.157628	0.00220648	0.0155316	-0.018539
0.554692	-0.314544	0.157607	0.00344997	0.0143134	-0.016754
0.554696	-0.314527	0.157586	0.00413209	0.0154165	-0.0177825
0.554697	-0.314515	0.157569	0.00324886	0.0140182	-0.0161527
0.554699	-0.3145	0.157548	0.00366626	0.0147007	-0.0172224
0.5547	-0.314487	0.157527	0.00331917	0.0141794	-0.0181838
0.5547	-0.314471	0.1575	0.00239548	0.0145094	-0.0210966
0.554703	-0.314451	0.157479	0.00217709	0.0165275	-0.0216469
0.554702	-0.314442	0.157456	0.00352308	0.0175335	-0.0224108
0.554703	-0.314424	0.157434	0.00101048	0.0159767	-0.0245638
0.554705	-0.314406	0.157412	0.00209198	0.0184667	-0.0247308
0.554706	-0.314393	0.157389	0.00203626	0.016406	-0.023845
0.554707	-0.314372	0.157364	0.00176013	0.0179504	-0.0255973
0.554704	-0.314361	0.157336	0.000538591	0.0175577	-0.0266273
0.554711	-0.314336	0.157312	0.0023859	0.0196582	-0.0246814
0.55471	-0.314319	0.157286	0.00208943	0.0201372	-0.024914
0.554713	-0.314303	0.157266	0.00206504	0.0189873	-0.0235047
0.554712	-0.314286	0.157237	0.00132349	0.0184023	-0.0246336
0.554715	-0.314269	0.157213	0.000621623	0.0179423	-0.0252289
0.554719	-0.31425	0.157192	0.00107718	0.0161544	-0.0220197
0.554719	-0.314232	0.157165	0.00204483	0.016429	-0.0220568
0.554721	-0.314207	0.157134	0.00225273	0.0186864	-0.0235745
0.554723	-0.31419	0.157112	0.00272638	0.0182923	-0.0237868
0.55473	-0.314168	0.15709	0.00564178	0.0243965	-0.0257788
0.554732	-0.314154	0.157068	0.00417843	0.0212602	-0.0257676
0.554736	-0.314131	0.157043	0.005439	0.023682	-0.0252702
0.554739	-0.31411	0.157015	0.00535565	0.024211	-0.0273429
0.554744	-0.31409	0.156994	0.00624505	0.0227283	-0.0228083
0.554745	-0.314064	0.156962	0.00529013	0.0249712	-0.0254678
0.554749	-0.314046	0.156939	0.00530614	0.0219472	-0.0221629
0.554752	-0.314027	0.15692	0.0038913	0.0209	-0.021136
0.554759	-0.314001	0.156894	0.0055382	0.0217888	-0.0213775
0.554763	-0.31398	0.156867	0.00380478	0.0209384	-0.0238529
0.554767	-0.31396	0.156844	0.00330391	0.0198458	-0.024504
0.55477	-0.313935	0.156815	0.00403312	0.0223893	-0.026431
0.55478	-0.313911	0.156793	0.0057492	0.0223357	-0.0229414
0.55478	-0.313891	0.156766	0.00507278	0.0217752	-0.022946
0.554788	-0.313868	0.156744	0.00527072	0.021253	-0.0229644
0.554793	-0.313838	0.156712	0.0052895	0.0243434	-0.026551
0.554798	-0.313819	0.156691	0.00504399	0.0221769	-0.024051
0.554807	-0.313792	0.156667	0.00599052	0.0223444	-0.023561
0.554811	-0.31377	0.156644	0.00598432	0.022586	-0.0220639
0.554817	-0.313743	0.156614	0.00523765	0.0243979	-0.0267428
0.554827	-0.313717	0.156591	0.00739712	0.0259255	-0.024784
0.55483	-0.313694	0.156563	0.00667518	0.0250551	-0.0246899
0.554839	-0.313664	0.156535	0.00889045	0.026744	-0.0235693
0.554844	-0.313638	0.156508	0.00950774	0.0266815	-0.0221012
0.554853	-0.313612	0.156486	0.00937022	0.0267918	-0.0217971
0.554862	-0.313584	0.156463	0.0097766	0.0273618	-0.0209459
0.554866	-0.313558	0.156434	0.00734013	0.0261693	-0.0240707
0.554872	-0.313531	0.156408	0.00648904	0.0267988	-0.0258515
0.554881	-0.313503	0.156383	0.00823886	0.026697	-0.022509
0.554891	-0.313475	0.156363	0.00801366	0.0275517	-0.0234707
0.554896	-0.313445	0.156329	0.00767391	0.0292016	-0.0259918
0.554906	-0.313415	0.156306	0.00850187	0.0291993	-0.0239323
0.554914	-0.313389	0.15628	0.00823899	0.0280848	-0.02509
0.554921	-0.313359	0.156251	0.00864689	0.0307788	-0.027684
0.554929	-0.313329	0.156226	0.00772868	0.0298689	-0.0264478
0.554932	-0.313301	0.156194	0.00502372	0.0286834	-0.0286714
0.554945	-0.313266	0.156174	0.00771868	0.0303384	-0.0248999
0.554953	-0.31324	0.156151	0.00584302	0.0284446	-0.025492
0.55496	-0.313211	0.156124	0.00525534	0.025988	-0.0260049
0.554972	-0.313175	0.156099	0.00659338	0.0283235	-0.0248988
0.554979	-0.313147	0.156072	0.00701431	0.0290846	-0.025045
0.554987	-0.313118	0.156049	0.00826576	0.030351	-0.0253143
0.554995	-0.313086	0.156022	0.00862189	0.0312715	-0.023767
0.555007	-0.31305	0.155995	0.00944545	0.0320914	-0.0241127
0.555012	-0.313023	0.155967	0.00665332	0.0297515	-0.0253593
0.555025	-0.312991	0.155948	0.0083141	0.0292591	-0.0227089
0.555035	-0.312958	0.155921	0.00839078	0.0296953	-0.0231454
0.555046	-0.312925	0.155898	0.00783688	0.0311408	-0.0253531
0.555055	-0.312894	0.155873	0.00668244	0.0295848	-0.0265904
0.555064	-0.312861	0.155847	0.00715518	0.0294184	-0.0253289
0.555076	-0.312821	0.155817	0.0101051	0.0327956	-0.0251019
0.555086	-0.312789	0.15579	0.00950886	0.0332591	-0.0270847
0.555098	-0.312757	0.155769	0.00817098	0.0308387	-0.0267109
0.555111	-0.312717	0.155744	0.0104971	0.0334056	-0.0267393
0.555125	-0.312684	0.155722	0.0111868	0.0324519	-0.0248615
0.555137	-0.312649	0.155699	0.011159	0.0329029	-0.0243217
0.555148	-0.312611	0.15567	0.0100622	0.0332502	-0.0273116
0.555158	-0.31258	0.155645	0.00980372	0.0322215	-0.0271972
0.555167	-0.312547	0.155621	0.0111279	0.0345507	-0.0257323
0.555176	-0.312512	0.155593	0.00929347	0.032542	-0.0273506
0.555193	-0.312473	0.155573	0.0120815	0.0360847	-0.0261846
0.555205	-0.312438	0.15555	0.011764	0.035439	-0.0261788
0.555217	-0.312401	0.155523	0.0119396	0.0355068	-0.0259076
0.555231	-0.312366	0.155502	0.0133962	0.0365042	-0.0237573
0.555247	-0.312323	0.155477	0.0149757	0.0385456	-0.0231419
0.555261	-0.312284	0.155452	0.0130962	0.0378166	-0.0242511
0.555276	-0.312247	0.155431	0.0142851	0.0364476	-0.021324
0.555284	-0.312213	0.155401	0.0128348	0.0368261	-0.0247451
0.555304	-0.312174	0.155386	0.0164477	0.03909	-0.021142
0.555316	-0.312135	0.155355	0.0149963	0.0386388	-0.0232602
0.555333	-0.312096	0.15533	0.0150977	0.0398763	-0.0242045
0.55535	-0.312057	0.155311	0.0147786	0.0385898	-0.0235766
0.555367	-0.312016	0.155286	0.0144545	0.0381325	-0.0235825
0.555386	-0.311975	0.155265	0.0155306	0.0398347	-0.0245418
0.555403	-0.311937	0.155246	0.0157686	0.0402024	-0.0246099
0.555418	-0.311896	0.155218	0.0159151	0.0390779	-0.0247642
0.555437	-0.311855	0.155196	0.0153399	0.0393882	-0.0271504
0.555454	-0.311815	0.155175	0.0169313	0.0406702	-0.0245426
0.555476	-0.311776	0.155158	0.0161344	0.0400189	-0.0266067
0.555492	-0.311738	0.155141	0.0142351	0.0388068	-0.0248176
0.555513	-0.311695	0.155119	0.0156068	0.0394058	-0.024229
0.555533	-0.311655	0.155098	0.0155692	0.0385848	-0.0246708
0.555553	-0.311612	0.155077	0.0174333	0.040413	-0.0235041
0.555575	-0.311571	0.15506	0.0179204	0.0405418	-0.0220269
0.555595	-0.311527	0.15504	0.0184901	0.0430219	-0.0233165
0.555616	-0.311486	0.155022	0.0196557	0.0427823	-0.0215602
0.555641	-0.311442	0.155007	0.0220974	0.0452888	-0.0198266
0.555661	-0.3114	0.154986	0.0238719	0.0472943	-0.0182342
0.555684	-0.311354	0.154966	0.0226623	0.0474544	-0.0195573
0.555704	-0.311316	0.154951	0.0204958	0.0454821	-0.0205797
0.555747	-0.31123	0.154914	0.0215457	0.0451564	-0.0202835
0.555771	-0.311182	0.154897	0.0220616	0.045103	-0.0192111
0.555793	-0.311135	0.154873	0.0228618	0.0461387	-0.0203199
0.555814	-0.311096	0.154858	0.0221812	0.0442415	-0.0187549
0.555836	-0.311051	0.154839	0.0218609	0.0436189	-0.0185344
0.55586	-0.311011	0.154827	0.0212145	0.0408384	-0.0164356
0.555885	-0.310967	0.154812	0.0217448	0.0433442	-0.0170753
0.555905	-0.310921	0.154791	0.021371	0.0448098	-0.0199889
0.555932	-0.310874	0.154773	0.0209104	0.0435678	-0.0201727
0.555955	-0.310833	0.15476	0.021658	0.042704	-0.0180217
0.555975	-0.310788	0.154739	0.02162	0.0436967	-0.019697
0.556004	-0.310739	0.154723	0.0236537	0.0455684	-0.0190446
0.556024	-0.310698	0.154705	0.0205031	0.0423901	-0.0199726
0.556051	-0.310651	0.154689	0.0228605	0.0430342	-0.0180167
0.556078	-0.310604	0.154676	0.0233241	0.0439472	-0.0165531
0.556105	-0.310559	0.154662	0.0230101	0.0420477	-0.0163283
0.556131	-0.310507	0.154641	0.0226164	0.0443015	-0.0181992
0.556156	-0.310457	0.154625	0.0226557	0.04501	-0.0181508
0.556179	-0.31041	0.154607	0.0220906	0.0449223	-0.0179368
0.556203	-0.310371	0.154594	0.0238489	0.0459259	-0.0168824
0.556227	-0.310322	0.15458	0.0227733	0.0458528	-0.014689
0.556257	-0.310269	0.15456	0.0252156	0.0475605	-0.016296
0.556276	-0.310229	0.154544	0.0241872	0.0445112	-0.0150858
0.556305	-0.310179	0.154532	0.0268265	0.0475519	-0.0132878
0.556329	-0.310129	0.154513	0.0261411	0.0467565	-0.0147157
0.556351	-0.310088	0.154502	0.0255746	0.0450859	-0.0131713
0.556379	-0.310035	0.154484	0.0269221	0.0480197	-0.0146094
0.556399	-0.309994	0.154469	0.0253041	0.0466525	-0.0155935
0.556428	-0.309941	0.154455	0.0265197	0.0472569	-0.0151327
0.55645	-0.309893	0.154435	0.0258363	0.0479007	-0.0170636
0.556475	-0.309845	0.15442	0.0274076	0.0481127	-0.0139782
0.556498	-0.309799	0.154409	0.0257457	0.0473638	-0.0144497
0.556526	-0.309749	0.154395	0.0261079	0.0472677	-0.0136019
0.556549	-0.309701	0.15438	0.0244253	0.0466197	-0.0149204
0.556573	-0.309654	0.154368	0.0240121	0.0456893	-0.0145679
0.556596	-0.309608	0.154356	0.0246357	0.0461788	-0.0128465
0.556618	-0.30956	0.154341	0.0228015	0.0455075	-0.0148587
0.556643	-0.309513	0.154331	0.0244194	0.0457905	-0.0137385
0.55667	-0.309466	0.154322	0.0258716	0.0464218	-0.0112005
0.556693	-0.309414	0.154302	0.0237029	0.0463212	-0.0142424
0.556712	-0.309374	0.154292	0.0226346	0.043961	-0.0127557
0.55674	-0.309321	0.15428	0.023259	0.0447435	-0.0119399
0.556769	-0.309268	0.154267	0.0252724	0.0485223	-0.012792
0.556786	-0.309227	0.154253	0.0241418	0.0475335	-0.0133625
0.556815	-0.30917	0.154237	0.0253304	0.0504987	-0.0144321
0.556838	-0.309122	0.154227	0.0257248	0.0490331	-0.0118026
0.556866	-0.309073	0.154219	0.0269997	0.0487158	-0.00992024
0.556887	-0.309025	0.154201	0.0234872	0.0488465	-0.0140509
0.556913	-0.308979	0.154194	0.0256152	0.0488625	-0.0104658
0.556942	-0.308926	0.154183	0.0271936	0.0496626	-0.0100523
0.556967	-0.308877	0.15417	0.0263172	0.050499	-0.0119291
0.556992	-0.308828	0.15416	0.0269494	0.0495831	-0.0101237
0.557021	-0.308774	0.154148	0.0283495	0.052815	-0.0110009
0.557044	-0.30873	0.154138	0.0267376	0.0504538	-0.0104502
0.557073	-0.308674	0.154128	0.0278482	0.0517869	-0.00987567
0.557096	-0.308625	0.154112	0.0249024	0.0501737	-0.0140214
0.557125	-0.308576	0.154107	0.0257715	0.0492287	-0.00999043
0.557154	-0.308521	0.154096	0.0258313	0.0521057	-0.0120664
0.557182	-0.308471	0.154087	0.0271734	0.0514296	-0.0105267
0.55721	-0.308421	0.154082	0.0271001	0.0492858	-0.00823333
0.557235	-0.30837	0.154067	0.0258679	0.0497751	-0.0107857
0.557262	-0.308319	0.154055	0.025794	0.0492393	-0.0123186
0.55729	-0.308265	0.154044	0.0261575	0.051211	-0.0124352
0.557317	-0.308217	0.154036	0.0252112	0.0478923	-0.0108742
0.557344	-0.308166	0.154027	0.0254758	0.0478397	-0.00978331
0.557375	-0.308113	0.154019	0.0257935	0.048675	-0.00981657
0.557402	-0.308057	0.154005	0.0259081	0.0507056	-0.0114194
0.557431	-0.308007	0.154004	0.0262695	0.0500416	-0.00879954
0.55746	-0.307952	0.153987	0.0273017	0.0526325	-0.0116866
0.557487	-0.307899	0.153979	0.0263336	0.0531615	-0.0134034
0.557511	-0.307849	0.153968	0.0261996	0.0527511	-0.0129165
0.557541	-0.307793	0.153957	0.0276503	0.0533225	-0.0118479
0.557567	-0.307741	0.153948	0.0258322	0.0521006	-0.0125246
0.557592	-0.307693	0.153939	0.0253979	0.0519615	-0.011227
0.557617	-0.307638	0.153925	0.025904	0.0531154	-0.0121112
0.557646	-0.307587	0.153921	0.0260618	0.0512755	-0.00988134
0.557671	-0.307534	0.15391	0.0237189	0.049719	-0.0116057
0.557694	-0.307484	0.153897	0.0240352	0.0502723	-0.0124306
0.557722	-0.307429	0.153891	0.0255902	0.0516831	-0.0114175
0.557747	-0.307378	0.153881	0.025703	0.051479	-0.0109865
0.557774	-0.307327	0.153872	0.0243589	0.049861	-0.0119269
0.557797	-0.307273	0.153858	0.0238706	0.0505264	-0.0133079
0.557822	-0.307219	0.15385	0.0238719	0.0509202	-0.011161
0.557847	-0.307168	0.153838	0.021949	0.0502046	-0.0141329
0.557867	-0.307123	0.153827	0.0213818	0.0501947	-0.0135797
0.557894	-0.307065	0.153818	0.0238283	0.0526642	-0.010906
0.557919	-0.307015	0.153814	0.0247389	0.0533225	-0.0103662
0.55794	-0.306966	0.153799	0.0230928	0.0530537	-0.0136723
0.557966	-0.306914	0.153794	0.0230994	0.0520915	-0.0107908
0.557989	-0.306859	0.153782	0.0236637	0.0544188	-0.0112504
0.55801	-0.306809	0.153776	0.0214962	0.0516091	-0.0104401
0.558035	-0.306756	0.153766	0.0211275	0.0526939	-0.0131607
0.558057	-0.306702	0.15375	0.0220017	0.0517519	-0.0122993
0.558081	-0.306648	0.15374	0.0215125	0.0520487	-0.0122437
0.558103	-0.306596	0.153733	0.0221688	0.0536427	-0.0110686
0.558126	-0.30654	0.153718	0.0228719	0.0547275	-0.0119277
0.558146	-0.30649	0.153711	0.0221184	0.0524931	-0.0111394
0.558165	-0.306438	0.153695	0.0209009	0.0539772	-0.0134855
0.55819	-0.306382	0.153685	0.0225538	0.0540372	-0.0132022
0.558209	-0.306331	0.153674	0.0221879	0.0543475	-0.0113275
0.558226	-0.306279	0.153659	0.0195365	0.0532249	-0.0132271
0.558246	-0.306228	0.153649	0.0207537	0.0534198	-0.0120958
0.558262	-0.306177	0.153634	0.0179346	0.0507084	-0.013367
0.558282	-0.306124	0.153622	0.0192891	0.0515541	-0.0122974
0.558321	-0.306021	0.153599	0.0204118	0.0526139	-0.0107035
0.558334	-0.305969	0.15358	0.0194987	0.0515283	-0.0109793
0.55835	-0.305919	0.153566	0.0181796	0.0513173	-0.0122251
0.558365	-0.305867	0.153549	0.0165099	0.0503874	-0.0123835
0.558381	-0.305817	0.153537	0.0166102	0.0495171	-0.0118556
0.558398	-0.305767	0.153525	0.0185122	0.0512477	-0.0101962
0.558412	-0.305714	0.153507	0.016583	0.0523193	-0.0136254
0.558427	-0.305662	0.153495	0.0165107	0.0538118	-0.0136232
0.558443	-0.305609	0.153478	0.0167778	0.0523756	-0.0136727
0.558456	-0.305558	0.153461	0.0159917	0.053626	-0.0160214
0.558473	-0.305505	0.153451	0.0165328	0.0543848	-0.0149572
0.558484	-0.305457	0.153437	0.0139816	0.0527389	-0.0157232
0.558497	-0.305407	0.153418	0.0137703	0.052264	-0.0161036
0.558508	-0.305357	0.153401	0.0133523	0.0526269	-0.0155169
0.558519	-0.305309	0.153384	0.0115325	0.0503884	-0.0184098
0.558532	-0.305257	0.153371	0.0126077	0.0526209	-0.0178155
0.558545	-0.305203	0.153357	0.0128441	0.0529679	-0.0159776
0.558557	-0.305153	0.15334	0.0142347	0.0527016	-0.0157769
0.558569	-0.305103	0.153326	0.0126641	0.0536129	-0.0176427
0.558579	-0.305052	0.153311	0.0109996	0.050645	-0.0163545
0.558589	-0.305003	0.153292	0.0113456	0.0512767	-0.0170364
0.558594	-0.304959	0.153278	0.00941281	0.0486754	-0.0153459
0.558608	-0.304907	0.153263	0.0110676	0.0482207	-0.0140613
0.558614	-0.304859	0.153246	0.00758954	0.0476004	-0.016468
0.558623	-0.304811	0.153229	0.00691922	0.0491049	-0.0191748
0.558633	-0.304759	0.153213	0.00881186	0.0522168	-0.0184815
0.558638	-0.304711	0.153193	0.00840998	0.0517168	-0.0181924
0.558646	-0.304662	0.153177	0.00840301	0.0513361	-0.017957
0.558655	-0.304609	0.15316	0.00893804	0.0524028	-0.0176462
0.558664	-0.304557	0.153146	0.00677865	0.050308	-0.0174558
0.558669	-0.304515	0.153132	0.00783475	0.0502537	-0.0162865
0.558674	-0.304465	0.15311	0.00784487	0.0491972	-0.0170682
0.55868	-0.304417	0.153093	0.00768926	0.0489161	-0.0162854
0.558688	-0.304369	0.153079	0.00690841	0.0483654	-0.0162563
0.558692	-0.30432	0.153061	0.00705077	0.0497331	-0.016574
0.558697	-0.304269	0.153043	0.00661236	0.051317	-0.0175545
0.558699	-0.304216	0.153016	0.0053402	0.0506627	-0.0197715
0.558706	-0.304169	0.153003	0.00546201	0.0474874	-0.0170162
0.558711	-0.304117	0.152982	0.00431934	0.0478557	-0.0183763
0.558714	-0.30407	0.152961	0.00482911	0.0480999	-0.0185004
0.558718	-0.304016	0.152939	0.00545994	0.0509043	-0.019252
0.558725	-0.303969	0.152925	0.00337595	0.0459154	-0.0176962
0.558727	-0.303921	0.152905	0.00287433	0.044735	-0.0176727
0.558731	-0.303873	0.152886	0.00285785	0.046375	-0.0185292
0.558739	-0.303822	0.152869	0.00506562	0.0481945	-0.0173916
0.558742	-0.303775	0.15285	0.00465461	0.0472454	-0.0177996
0.558749	-0.303724	0.152834	0.00690249	0.0504394	-0.0169789
0.558752	-0.303674	0.152812	0.00436065	0.0503349	-0.019568
0.558758	-0.303622	0.152793	0.00321505	0.0514526	-0.0210606
0.558762	-0.303575	0.152776	0.00311579	0.0502889	-0.0204231
0.558771	-0.303518	0.152757	0.00528561	0.0514134	-0.0193938
0.558773	-0.30347	0.152738	0.00342487	0.0496899	-0.0193224
0.558776	-0.30342	0.152715	0.00284633	0.0496691	-0.0206769
0.558781	-0.303371	0.152698	0.00415955	0.049703	-0.0192823
0.558783	-0.303322	0.152676	0.00170666	0.0494819	-0.0215546
0.558791	-0.303268	0.152661	0.00175596	0.0472228	-0.019078
0.558793	-0.303218	0.152635	0.00160348	0.0481451	-0.0207193
0.558796	-0.303167	0.152616	0.00155162	0.0484695	-0.0205988
0.558802	-0.303115	0.152599	0.00196488	0.0505712	-0.0210146
0.558804	-0.303066	0.15258	0.00174344	0.0494852	-0.0204039
0.558806	-0.303021	0.152561	0.00132721	0.0479034	-0.0203157
0.558807	-0.302966	0.152532	0.000931434	0.0495068	-0.0227999
0.558808	-0.302921	0.152517	0.00235867	0.049303	-0.0198169
0.558811	-0.302869	0.152496	0.00157783	0.0502385	-0.0209689
0.558813	-0.302818	0.152471	0.00204275	0.0479829	-0.0177805
0.558812	-0.302763	0.152448	0.00122277	0.0488162	-0.0190876
0.558814	-0.302712	0.15243	0.00151441	0.0506465	-0.0193872
0.558817	-0.30266	0.152407	0.00162833	0.0513657	-0.0207669
0.558819	-0.302603	0.152381	0.000955283	0.052921	-0.0227186
0.558817	-0.302555	0.152358	0.000996598	0.0509864	-0.0213939
0.558816	-0.302505	0.152334	-0.00169855	0.0471788	-0.0220855
0.558821	-0.302447	0.152312	0.000558522	0.0498984	-0.0214407
0.55882	-0.302398	0.152288	0.00047405	0.0508295	-0.0228359
0.55882	-0.302344	0.152263	-0.000735652	0.0509367	-0.0238019
0.558822	-0.302291	0.152241	0.00223161	0.0526789	-0.0218613
0.55882	-0.302238	0.152213	0.000231647	0.0518346	-0.0240018
0.55882	-0.302187	0.152191	-7.81666e-05	0.0514793	-0.0232157
0.558818	-0.302134	0.152163	0.000355851	0.051755	-0.023822
0.558814	-0.302086	0.152139	0.000738722	0.0519361	-0.0229362
0.558819	-0.302031	0.152119	0.00212063	0.0526656	-0.0218288
0.558814	-0.301978	0.15209	0.000142262	0.0528409	-0.0238428
0.558812	-0.301927	0.152063	0.000819582	0.0525162	-0.023593
0.558811	-0.301876	0.152043	0.00122873	0.0525608	-0.0217747
0.558812	-0.301817	0.152012	0.00147762	0.0554136	-0.0250646
0.558812	-0.301762	0.15199	0.00200725	0.0550984	-0.0232318
0.558807	-0.301708	0.151959	0.000897094	0.0552106	-0.0251246
0.558802	-0.301654	0.15193	-0.000731465	0.0559073	-0.026298
0.5588	-0.301599	0.151903	-0.000601538	0.057628	-0.0270529
0.558797	-0.301545	0.151876	0.000122768	0.0578568	-0.0265553
0.558792	-0.301493	0.151847	-0.00295596	0.0555049	-0.0283291
0.558786	-0.301435	0.151813	-0.00330738	0.0571548	-0.0297135
0.558784	-0.301379	0.151784	-0.00272013	0.056779	-0.0292498
0.558782	-0.301321	0.151757	-0.00204573	0.0583042	-0.028825
0.558779	-0.301267	0.151731	-0.00293929	0.0583331	-0.0290507
0.558776	-0.301209	0.1517	-0.00441505	0.0577897	-0.0307466
0.55877	-0.301156	0.151674	-0.00448775	0.0560054	-0.0287876
0.558761	-0.301104	0.15164	-0.00627599	0.0535033	-0.0301601
0.558757	-0.301044	0.151606	-0.00530625	0.0555981	-0.031031
0.558756	-0.30099	0.151585	-0.00228849	0.0569559	-0.0273371
0.558752	-0.300932	0.151556	-0.00179353	0.0582564	-0.0276903
0.558749	-0.300873	0.151526	-0.00310593	0.05897	-0.0295657
0.55874	-0.300815	0.151489	-0.00478432	0.0575951	-0.0312249
0.558738	-0.300756	0.151462	-0.00589184	0.0564051	-0.030488
0.558731	-0.300699	0.151432	-0.00545225	0.0553288	-0.029079
0.558726	-0.300636	0.151395	-0.0064767	0.0564566	-0.0315686
0.558717	-0.300582	0.151363	-0.00649261	0.0547322	-0.0305454
0.558713	-0.300519	0.151331	-0.00535211	0.0558562	-0.0300139
0.558707	-0.300463	0.151301	-0.00538766	0.0550755	-0.0295462
0.558699	-0.300407	0.151267	-0.00540764	0.0552535	-0.0302344
0.558695	-0.300344	0.151234	-0.0058297	0.0569531	-0.0316707
0.558689	-0.300287	0.151201	-0.00748248	0.0555055	-0.0323294
0.558684	-0.300231	0.151174	-0.00712226	0.0560921	-0.0315125
0.558676	-0.300172	0.151139	-0.00685671	0.0564207	-0.0314116
0.558668	-0.300115	0.151105	-0.00673544	0.0557709	-0.031382
0.558662	-0.300053	0.151068	-0.00595147	0.0570566	-0.0319952
0.558659	-0.299994	0.151039	-0.0047959	0.0586872	-0.0309049
0.558652	-0.299936	0.151006	-0.00511315	0.0569708	-0.0307243
0.558648	-0.299874	0.150971	-0.00584567	0.057644	-0.0321409
0.558643	-0.299814	0.150942	-0.00441364	0.0579586	-0.0300257
0.558635	-0.299757	0.150909	-0.00460673	0.0564339	-0.0291739
0.558631	-0.299693	0.150875	-0.00447737	0.0580379	-0.0300223
0.558619	-0.299634	0.150835	-0.00818767	0.0566118	-0.0336141
0.558614	-0.299577	0.150809	-0.00856973	0.0555424	-0.0310762
0.558607	-0.299511	0.150773	-0.00741142	0.0590196	-0.0321583
0.558601	-0.299448	0.150738	-0.00611755	0.060646	-0.0321103
0.558593	-0.299391	0.150706	-0.00640165	0.0602211	-0.0321863
0.55859	-0.299325	0.150674	-0.00506533	0.0620796	-0.0318709
0.558581	-0.299266	0.150638	-0.00714682	0.0602949	-0.0332544
0.558573	-0.299208	0.150604	-0.00698806	0.060637	-0.0338476
0.558567	-0.299148	0.150577	-0.00540166	0.0613922	-0.0313458
0.558559	-0.299086	0.150539	-0.00567677	0.0625173	-0.0329526
0.558555	-0.299022	0.150506	-0.00546141	0.062321	-0.0330713
0.558551	-0.298955	0.150473	-0.00476252	0.0643779	-0.0329565
0.558545	-0.298892	0.150436	-0.00575737	0.0621142	-0.0334804
0.558538	-0.298828	0.1504	-0.00696259	0.0611917	-0.0340967
0.558537	-0.298763	0.150369	-0.00449647	0.0631444	-0.0328462
0.558531	-0.298698	0.150335	-0.00563891	0.0636828	-0.0336159
0.558522	-0.298638	0.150303	-0.00685786	0.063057	-0.0327309
0.558516	-0.298574	0.150266	-0.00742719	0.0604936	-0.0333878
0.558507	-0.298511	0.150229	-0.00957754	0.0596129	-0.0350416
0.558504	-0.298443	0.150197	-0.00745423	0.0612136	-0.0331747
0.558496	-0.298375	0.150156	-0.0078892	0.0635261	-0.035762
0.558491	-0.298314	0.150125	-0.00764275	0.063129	-0.0345739
0.558484	-0.29825	0.150089	-0.0083508	0.061533	-0.0345782
0.558476	-0.298188	0.150054	-0.00929352	0.0602737	-0.0364989
0.558475	-0.298124	0.150026	-0.00765763	0.0616997	-0.0342743
0.558466	-0.298058	0.149989	-0.0087016	0.0621964	-0.0355204
0.558463	-0.297995	0.149958	-0.0075194	0.0616133	-0.0342
0.55846	-0.297923	0.149919	-0.00656419	0.0643632	-0.0356247
0.558456	-0.297861	0.149888	-0.0063981	0.0632461	-0.0340719
0.558452	-0.297798	0.149858	-0.00604061	0.0629915	-0.0329541
0.558447	-0.297731	0.149822	-0.00679607	0.0634826	-0.0339949
0.558443	-0.297662	0.149784	-0.00508618	0.0665911	-0.0349657
0.558438	-0.297594	0.149748	-0.006157	0.0655244	-0.0363348
0.558434	-0.297528	0.149716	-0.0060491	0.0658	-0.035128
0.558424	-0.297461	0.149672	-0.00828325	0.0638056	-0.0374406
0.558421	-0.297396	0.149642	-0.00695246	0.0624652	-0.0338278
0.558418	-0.297328	0.149605	-0.00693862	0.0651125	-0.0368341
0.558414	-0.297261	0.149569	-0.00645088	0.064652	-0.0362682
0.558412	-0.297195	0.149536	-0.00532441	0.0652799	-0.0350543
0.558412	-0.29712	0.149499	-0.00319825	0.0683628	-0.0347681
0.55841	-0.29705	0.149466	-0.0040983	0.0685411	-0.034675
0.558405	-0.296981	0.149427	-0.00492828	0.066516	-0.0346288
0.558401	-0.296915	0.149394	-0.0035308	0.0656645	-0.0331963
0.5584	-0.296846	0.149363	-0.0018856	0.0667601	-0.0312653
0.558397	-0.296776	0.149324	-0.00339904	0.0670057	-0.0358835
0.558393	-0.296705	0.149289	-0.00408186	0.0680985	-0.0371489
0.558393	-0.296634	0.149256	-0.00413013	0.0670275	-0.0364328
0.558391	-0.296567	0.14922	-0.00349525	0.067572	-0.0375114
0.558389	-0.296498	0.149188	-0.00136568	0.0680579	-0.0343691
0.558384	-0.296428	0.14915	-0.00183241	0.0681338	-0.0354486
0.558379	-0.29636	0.149111	-0.00438182	0.0668002	-0.0369004
0.558381	-0.296285	0.149083	-0.00115106	0.0696331	-0.0331305
0.558377	-0.296218	0.149046	-0.00299116	0.0664662	-0.0337209
0.55838	-0.296142	0.149014	-0.00133803	0.0679888	-0.0321425
0.558383	-0.296068	0.148983	-0.000712213	0.0674028	-0.0310515
0.558381	-0.295996	0.148943	-0.000204538	0.0684545	-0.0326369
0.558382	-0.295922	0.148911	0.00150566	0.0709694	-0.03116
0.558384	-0.29585	0.148883	0.00149167	0.0710746	-0.0296998
0.558386	-0.295781	0.148851	0.00299934	0.0705172	-0.0290697
0.558388	-0.295702	0.148816	0.00455953	0.0753139	-0.0301495
0.558389	-0.295628	0.14878	0.00366819	0.0736945	-0.0307772
0.558396	-0.295552	0.148752	0.00448457	0.0744762	-0.029403
0.558395	-0.295488	0.148723	0.00291186	0.0721454	-0.0289324
0.558397	-0.295413	0.148689	0.00252536	0.071817	-0.0311529
0.558395	-0.29534	0.148655	0.00230071	0.0745969	-0.0316797
0.558399	-0.295264	0.148623	0.00299999	0.0747387	-0.0310087
0.558401	-0.295185	0.148589	0.0034413	0.0743017	-0.0302157
0.558399	-0.295114	0.148555	0.00191971	0.0722079	-0.0304006
0.558401	-0.295034	0.14852	-0.000360562	0.0736444	-0.034464
0.5584	-0.294961	0.148486	-0.00133766	0.0736498	-0.0360153
0.558404	-0.294884	0.148454	0.00154044	0.0752651	-0.0337809
0.558404	-0.294809	0.148419	-9.32765e-05	0.0745011	-0.0346288
0.558408	-0.29473	0.148387	0.0012708	0.0766696	-0.0337363
0.558412	-0.294655	0.14836	0.00216618	0.0760346	-0.0316071
0.558409	-0.294583	0.14832	-0.000889124	0.0737674	-0.0356786
0.55841	-0.294512	0.148293	-6.4668e-05	0.0723725	-0.0338447
0.558411	-0.294435	0.148254	-0.000637935	0.073654	-0.0357323
0.558412	-0.294362	0.148223	-0.000103753	0.073992	-0.035386
0.558413	-0.294279	0.148183	-0.000964225	0.0749263	-0.0368717
0.558418	-0.294199	0.14815	0.00210707	0.0764292	-0.0340383
0.558421	-0.29412	0.14812	0.00256298	0.0768065	-0.0324572
0.558421	-0.294043	0.148084	0.00191958	0.0771759	-0.0346083
0.55842	-0.293966	0.148048	0.00100219	0.0769561	-0.0359987
0.558423	-0.293885	0.148017	0.00271055	0.0784471	-0.033697
0.558424	-0.293804	0.14798	0.00130392	0.0786911	-0.0346147
0.558422	-0.293728	0.147942	-0.000494346	0.0780952	-0.0363699
0.558421	-0.293653	0.147911	0.00035236	0.0774731	-0.0335045
0.558427	-0.293568	0.147876	0.000963263	0.0798726	-0.0347987
0.558426	-0.293488	0.147839	0.00120647	0.0812252	-0.0354019
0.558428	-0.293409	0.14781	0.00224172	0.0808813	-0.0327287
0.558433	-0.293324	0.147775	0.00315133	0.0820285	-0.0332222
0.558439	-0.29324	0.147745	0.00417326	0.0824574	-0.0320583
0.558443	-0.293156	0.147713	0.00452366	0.0839887	-0.032285
0.558445	-0.293074	0.147678	0.0032639	0.0822881	-0.0327918
0.558453	-0.292989	0.147646	0.00410661	0.0817109	-0.0323471
0.558453	-0.29291	0.147611	0.000628545	0.0801882	-0.0350753
0.558459	-0.292825	0.147581	0.00352732	0.0825147	-0.0327458
0.558464	-0.29274	0.147547	0.00398295	0.0830584	-0.0328803
0.558463	-0.292657	0.147508	0.00462708	0.0836527	-0.0331487
0.558469	-0.292577	0.147479	0.00550506	0.08352	-0.0315621
0.558476	-0.292481	0.147445	0.00699442	0.0883943	-0.0323616
0.558484	-0.292395	0.147413	0.005877	0.0871774	-0.0331344
0.558488	-0.292311	0.147379	0.00440578	0.0857376	-0.0335022
0.558493	-0.292223	0.147345	0.00590629	0.08688	-0.0327537
0.558502	-0.292131	0.147313	0.00716877	0.0884071	-0.032536
0.558507	-0.292043	0.147277	0.00616636	0.0876705	-0.0333945
0.558515	-0.29196	0.147248	0.00686955	0.0848295	-0.0311265
0.558522	-0.29187	0.147216	0.00613645	0.0847741	-0.0310534
0.558529	-0.29179	0.147191	0.00682644	0.0835317	-0.028828
0.558533	-0.291701	0.147151	0.00729906	0.085073	-0.0314188
0.558539	-0.291609	0.147114	0.00661723	0.0862313	-0.0326612
0.558549	-0.291521	0.147086	0.00743531	0.0870066	-0.0315318
0.558559	-0.291428	0.147058	0.00663665	0.0880917	-0.031523
0.558566	-0.291341	0.147025	0.00768518	0.0891291	-0.0318382
0.558576	-0.291246	0.146995	0.00845727	0.0908165	-0.0309003
0.558582	-0.291157	0.146958	0.00883296	0.0913199	-0.0324288
0.558588	-0.291069	0.146926	0.00807932	0.0884263	-0.0315978
0.558596	-0.290976	0.14689	0.00724072	0.0887812	-0.0328893
0.558601	-0.290887	0.146858	0.00747793	0.0887883	-0.0320106
0.55861	-0.290799	0.146825	0.00830958	0.0884487	-0.0316737
0.558624	-0.290706	0.146798	0.0102762	0.089627	-0.0300019
0.558636	-0.290612	0.146767	0.010099	0.0906701	-0.0307056
0.558647	-0.290515	0.146734	0.0101734	0.0912013	-0.0309415
0.558659	-0.290422	0.146706	0.0107552	0.0909048	-0.0296949
0.558671	-0.290329	0.146673	0.0114943	0.0918617	-0.030535
0.558685	-0.290234	0.146644	0.0126325	0.0920326	-0.0290626
0.558694	-0.290145	0.146612	0.0133157	0.0936244	-0.0298004
0.558712	-0.290043	0.146584	0.0140456	0.0932152	-0.0280876
0.558722	-0.289953	0.146553	0.0136668	0.0912301	-0.0280328
0.558732	-0.289864	0.146527	0.0144809	0.0918793	-0.0265771
0.558746	-0.289764	0.14649	0.01314	0.0953176	-0.0309214
0.55876	-0.289668	0.146462	0.0135789	0.0968033	-0.0303154
0.558771	-0.289572	0.146431	0.0121615	0.0959423	-0.0311019
0.55878	-0.28948	0.146399	0.0100692	0.0937214	-0.0317715
0.558797	-0.28938	0.146372	0.0133071	0.0966464	-0.029628
0.558808	-0.289285	0.146339	0.0135806	0.0948999	-0.0292774
0.55882	-0.289189	0.146306	0.0128299	0.0943799	-0.0304963
0.558837	-0.289099	0.146285	0.0135758	0.0918058	-0.0269019
0.558846	-0.289003	0.146249	0.0111205	0.0917033	-0.0305402
0.558864	-0.288911	0.146226	0.0124904	0.0909525	-0.0281041
0.558877	-0.288818	0.146198	0.0111398	0.0914951	-0.029191
0.558893	-0.288718	0.146166	0.0126439	0.094438	-0.0302959
0.558908	-0.288625	0.14614	0.0129517	0.0954544	-0.0301666
0.558928	-0.288522	0.146109	0.0137886	0.0967636	-0.0310359
0.558941	-0.288429	0.146079	0.0155222	0.097804	-0.0299711
0.558956	-0.288334	0.146054	0.016737	0.0972063	-0.0274417
0.558976	-0.288234	0.146026	0.0175079	0.0972317	-0.0272392
0.558991	-0.288135	0.145993	0.0177323	0.0983783	-0.0284306
0.559005	-0.28804	0.145964	0.0163791	0.0977581	-0.0287763
0.559021	-0.287946	0.145938	0.016431	0.0968524	-0.0275572
0.559038	-0.287846	0.145909	0.0184277	0.100418	-0.02742
0.559056	-0.287739	0.145875	0.0178802	0.10092	-0.0290586
0.559075	-0.287637	0.14585	0.016431	0.10008	-0.028687
0.559088	-0.287539	0.145819	0.0145858	0.0978348	-0.0294522
0.559107	-0.287436	0.14579	0.0170237	0.0978786	-0.0275168
0.559133	-0.287329	0.145769	0.0197234	0.100908	-0.0253249
0.559151	-0.287232	0.14574	0.0186155	0.0976346	-0.0259571
0.55917	-0.287127	0.145713	0.0191297	0.10154	-0.0268253
0.559189	-0.287027	0.145686	0.0179057	0.0998256	-0.0286649
0.559211	-0.286921	0.145658	0.0199958	0.101778	-0.0273561
0.559232	-0.286815	0.145633	0.0188928	0.100858	-0.0268803
0.559255	-0.286712	0.145609	0.0197839	0.102405	-0.0269014
0.559273	-0.286606	0.145575	0.0208343	0.104894	-0.0284206
0.559295	-0.286502	0.145549	0.0214394	0.105304	-0.0273066
0.559315	-0.286398	0.145521	0.0201799	0.104695	-0.0283109
0.559335	-0.286298	0.145494	0.0201017	0.105095	-0.0286003
0.559357	-0.286188	0.145467	0.0207894	0.105991	-0.0275043
0.559378	-0.286089	0.145441	0.0215409	0.103697	-0.0262027
0.559402	-0.28598	0.145415	0.021496	0.104523	-0.0261673
0.559424	-0.285872	0.145387	0.0216343	0.104638	-0.026555
0.559444	-0.285768	0.145358	0.0208086	0.102756	-0.0266511
0.559466	-0.285657	0.145331	0.0212874	0.104899	-0.0272866
0.559487	-0.285547	0.145297	0.0194994	0.104752	-0.0302739
0.559509	-0.285443	0.145271	0.0203579	0.10348	-0.0280847
0.559533	-0.285336	0.145245	0.0206892	0.103513	-0.0270871
0.559556	-0.285226	0.145216	0.0232116	0.10774	-0.027023
0.559578	-0.285119	0.14519	0.0232269	0.107116	-0.0255567
0.559604	-0.285007	0.145167	0.023012	0.107368	-0.0251227
0.559623	-0.284901	0.145133	0.0211917	0.107202	-0.0283184
0.559655	-0.284783	0.14511	0.0237948	0.110607	-0.0282348
0.559676	-0.284674	0.145081	0.0233915	0.108654	-0.0270605
0.5597	-0.284566	0.145055	0.022878	0.107026	-0.0275567
0.559723	-0.284456	0.145029	0.0212431	0.106454	-0.0278351
0.559748	-0.284345	0.145	0.0214467	0.103397	-0.0261869
0.559774	-0.284235	0.144978	0.023562	0.105219	-0.0242087
0.559798	-0.284117	0.144945	0.0220601	0.107617	-0.0274967
0.559823	-0.284008	0.144922	0.0233569	0.107772	-0.0257053
0.559851	-0.283894	0.144899	0.0248415	0.107696	-0.0234143
0.55987	-0.283782	0.144865	0.0222387	0.109051	-0.0275323
0.559895	-0.28367	0.144838	0.0244284	0.109826	-0.025985
0.559917	-0.283562	0.144814	0.0230124	0.108659	-0.0258301
0.559941	-0.283449	0.144786	0.0231506	0.108954	-0.0260913
0.559966	-0.283338	0.144762	0.0245719	0.10903	-0.0245831
0.559989	-0.283226	0.144732	0.0238046	0.107729	-0.0255417
0.560011	-0.283116	0.144707	0.0230014	0.106711	-0.024776
0.560036	-0.283002	0.14468	0.0246605	0.108469	-0.0247095
0.56006	-0.282889	0.144649	0.0247253	0.109176	-0.0258264
0.560088	-0.282778	0.144629	0.0260415	0.108227	-0.0227308
0.560109	-0.282669	0.144601	0.0256881	0.108117	-0.0234915
0.560131	-0.282554	0.144569	0.0264044	0.109855	-0.0244241
0.560155	-0.282443	0.144545	0.0277074	0.112408	-0.0234775
0.560181	-0.282327	0.144515	0.0258633	0.111515	-0.025107
0.560207	-0.282211	0.144488	0.0262177	0.112711	-0.0252011
0.560233	-0.282095	0.144465	0.0265668	0.111719	-0.023434
0.560256	-0.281983	0.144435	0.0270098	0.113001	-0.0246573
0.560283	-0.281864	0.14441	0.0258143	0.113167	-0.0254127
0.560305	-0.281755	0.144383	0.0270645	0.114263	-0.0244288
0.560332	-0.281637	0.144357	0.0259631	0.114933	-0.0257387
0.560352	-0.281526	0.144328	0.0246063	0.113942	-0.0263674
0.560376	-0.28141	0.144298	0.0240457	0.113376	-0.0271822
0.560398	-0.281295	0.144272	0.0230558	0.11258	-0.0267992
0.56042	-0.281184	0.144245	0.0239351	0.111822	-0.0257484
0.560444	-0.281066	0.144215	0.0251488	0.114701	-0.0265865
0.56047	-0.280946	0.144188	0.0249508	0.115141	-0.0266558
0.560488	-0.280833	0.144157	0.0220386	0.113318	-0.0280057
0.560514	-0.280721	0.144129	0.0232805	0.111644	-0.027096
0.560537	-0.280608	0.144105	0.0230542	0.1124	-0.0265037
0.560561	-0.28049	0.144073	0.0231165	0.112253	-0.0279096
0.560585	-0.280366	0.144041	0.0220158	0.114341	-0.0296507
0.560609	-0.280257	0.14402	0.0225041	0.113376	-0.0271957
0.56063	-0.280144	0.143989	0.02281	0.112475	-0.0273716
0.560652	-0.280029	0.14396	0.0215471	0.111906	-0.0282614
0.560675	-0.27992	0.143937	0.0223497	0.110962	-0.0263844
0.560694	-0.279807	0.143904	0.0216588	0.110419	-0.0275331
0.560717	-0.279692	0.143875	0.0238062	0.112485	-0.0265658
0.560737	-0.279578	0.143846	0.0234447	0.11306	-0.0267275
0.56076	-0.279462	0.143816	0.0235645	0.115629	-0.028437
0.560777	-0.279348	0.143782	0.0223718	0.115532	-0.0290731
0.560797	-0.279236	0.143755	0.0204541	0.114032	-0.0297467
0.560815	-0.279122	0.143724	0.0206247	0.114399	-0.029272
0.560833	-0.279009	0.143692	0.0191668	0.113427	-0.030718
0.560851	-0.278895	0.143658	0.0183171	0.113721	-0.0323239
0.56087	-0.278786	0.143632	0.020573	0.113429	-0.0287796
0.560893	-0.278673	0.143604	0.0215862	0.114763	-0.0285376
0.560915	-0.278549	0.143571	0.0221385	0.118156	-0.0299747
0.560932	-0.278435	0.14354	0.0203274	0.116851	-0.0307219
0.560951	-0.278321	0.143508	0.0215874	0.117911	-0.0305097
0.560976	-0.278204	0.143483	0.0227505	0.116601	-0.0282064
0.560995	-0.27809	0.143452	0.0208754	0.114158	-0.0288309
0.561014	-0.277973	0.14342	0.02043	0.113377	-0.0293115
0.561034	-0.27786	0.143391	0.020081	0.11403	-0.0296187
0.561061	-0.277738	0.143367	0.0212152	0.115405	-0.0281848
0.561079	-0.27762	0.143333	0.0217148	0.118178	-0.0297341
0.5611	-0.277504	0.143304	0.0200594	0.116984	-0.0301421
0.561121	-0.277384	0.143271	0.0196591	0.116474	-0.0311761
0.561143	-0.277265	0.143241	0.0212772	0.117594	-0.030232
0.561158	-0.277151	0.143208	0.0184215	0.116062	-0.0315475
0.56118	-0.277032	0.143175	0.0198341	0.117257	-0.0320162
0.561197	-0.276917	0.143142	0.0181795	0.116236	-0.0328014
0.561219	-0.276792	0.143107	0.0203242	0.119183	-0.0326702
0.561243	-0.276674	0.143079	0.022795	0.11984	-0.0301382
0.561262	-0.276556	0.143048	0.0226749	0.11947	-0.0295917
0.561279	-0.276441	0.143013	0.0202426	0.116737	-0.0314318
0.5613	-0.276323	0.142983	0.0206762	0.117833	-0.0308601
0.561316	-0.276209	0.142952	0.0199026	0.117396	-0.0307507
0.561336	-0.276093	0.14292	0.0209654	0.119514	-0.0311674
0.561356	-0.275971	0.142886	0.0197247	0.120953	-0.0331255
0.561372	-0.275855	0.142853	0.0198101	0.118624	-0.0317391
0.561391	-0.275737	0.142822	0.0199254	0.118969	-0.0313647
0.56141	-0.275618	0.14279	0.019154	0.120903	-0.0321025
0.561429	-0.275497	0.142755	0.0191763	0.120668	-0.0334055
0.561443	-0.275383	0.14272	0.0184214	0.119217	-0.0329854
0.561458	-0.275264	0.142689	0.0188421	0.120692	-0.0319056
0.561474	-0.275145	0.142652	0.0192774	0.121552	-0.0330662
0.56149	-0.275026	0.142617	0.0192646	0.121455	-0.0329143
0.56151	-0.274903	0.142583	0.0192878	0.120983	-0.0327438
0.561524	-0.274785	0.142547	0.0176342	0.119772	-0.033536
0.561543	-0.274667	0.142515	0.0170895	0.118537	-0.0338287
0.561558	-0.274555	0.142482	0.0163112	0.115325	-0.0331982
0.561571	-0.274438	0.142445	0.0163482	0.116355	-0.0333648
0.561589	-0.274322	0.142413	0.0187054	0.116515	-0.0313986
0.561608	-0.274203	0.14238	0.0188913	0.116982	-0.0314059
0.561627	-0.274082	0.142345	0.0184414	0.11767	-0.0325481
0.56164	-0.273967	0.142307	0.0174972	0.118371	-0.0335124
0.561661	-0.273848	0.142278	0.0202578	0.118759	-0.0302572
0.561676	-0.273725	0.142238	0.018922	0.119513	-0.0323349
0.561686	-0.273615	0.142198	0.0160296	0.115667	-0.0350756
0.561703	-0.273494	0.142161	0.0183765	0.121071	-0.0354285
0.561716	-0.273381	0.142129	0.0164995	0.119027	-0.0353673
0.561729	-0.273261	0.14209	0.0167041	0.119728	-0.0349713
0.561746	-0.273138	0.142052	0.0174471	0.120379	-0.0342413
0.561758	-0.273023	0.142017	0.0157563	0.119671	-0.0346297
0.561774	-0.272902	0.14198	0.0162482	0.120949	-0.0361155
0.561791	-0.272778	0.141942	0.0147681	0.120702	-0.0371125
0.561803	-0.272661	0.141903	0.0137227	0.120019	-0.0372537
0.561817	-0.272545	0.141869	0.0136842	0.117731	-0.036933
0.561832	-0.272423	0.141832	0.0158447	0.122006	-0.0362233
0.561849	-0.272297	0.141794	0.0163896	0.121736	-0.0359383
0.561861	-0.272181	0.141754	0.0158738	0.121019	-0.0372865
0.561876	-0.272063	0.141718	0.01591	0.120891	-0.0365519
0.561892	-0.27194	0.141681	0.0142478	0.12113	-0.0389744
0.561905	-0.271819	0.141644	0.0147488	0.124182	-0.0396663
0.561917	-0.271699	0.141602	0.0140544	0.123718	-0.0404881
0.561927	-0.271579	0.141561	0.0122819	0.122229	-0.0400962
0.561941	-0.271455	0.141521	0.0135224	0.123431	-0.0392225
0.561953	-0.271332	0.141482	0.0109673	0.122458	-0.041263
0.561963	-0.27121	0.141439	0.00964607	0.120437	-0.0411632
0.561975	-0.27109	0.141401	0.0113562	0.121456	-0.0404443
0.561988	-0.270969	0.141359	0.00985681	0.119739	-0.042426
0.561997	-0.270852	0.141322	0.00873533	0.11804	-0.0421653
0.562006	-0.270731	0.141278	0.00892431	0.119576	-0.0436532
0.562021	-0.270602	0.141237	0.0118913	0.122617	-0.0427313
0.562032	-0.270479	0.141193	0.0113009	0.122698	-0.0442676
0.562044	-0.270358	0.141155	0.00976373	0.121343	-0.0445139
0.562056	-0.270234	0.141115	0.011446	0.125463	-0.0446593
0.562068	-0.270105	0.141073	0.00997628	0.124884	-0.0451764
0.562076	-0.269986	0.141029	0.00771716	0.122913	-0.0476053
0.562088	-0.269864	0.14099	0.00813631	0.122313	-0.0462134
0.562094	-0.269736	0.140939	0.00728514	0.123712	-0.047808
0.562105	-0.269612	0.140898	0.00803753	0.121297	-0.0444385
0.562111	-0.269486	0.140851	0.00778209	0.122677	-0.0455359
0.562126	-0.269359	0.140813	0.00971133	0.12251	-0.0425331
0.562134	-0.269242	0.140774	0.00877122	0.119452	-0.0417318
0.562136	-0.269122	0.14072	0.0063866	0.119145	-0.0465412
0.562144	-0.269001	0.140674	0.00687925	0.117213	-0.0443054
0.562154	-0.268882	0.140637	0.00795619	0.118217	-0.0423682
0.562161	-0.268757	0.140589	0.00607014	0.119781	-0.0456161
0.562165	-0.268637	0.140541	0.00548673	0.11989	-0.0455203
0.56217	-0.268514	0.140496	0.00573432	0.121202	-0.0468424
0.562178	-0.268395	0.140451	0.00729762	0.123095	-0.0469263
0.562181	-0.268273	0.140403	0.00582715	0.122417	-0.0474885
0.562184	-0.268155	0.140359	0.0038059	0.119194	-0.0473609
0.562181	-0.268039	0.140307	0.00430687	0.120373	-0.046512
0.562187	-0.267911	0.140257	0.0053668	0.124237	-0.0482937
0.562193	-0.267791	0.140212	0.00579765	0.120333	-0.0455381
0.562198	-0.267671	0.14017	0.00580358	0.119116	-0.0442357
0.562204	-0.267548	0.140126	0.00503499	0.119645	-0.0435764
0.562206	-0.267424	0.140072	0.00510202	0.11935	-0.0461287
0.562211	-0.267306	0.140031	0.00531532	0.117218	-0.0444714
0.562215	-0.267185	0.139979	0.00453263	0.117687	-0.0460744
0.562219	-0.267069	0.139938	0.00425293	0.117152	-0.045303
0.562224	-0.266946	0.139893	0.00403676	0.117217	-0.0450214
0.562229	-0.266821	0.139844	0.00328959	0.118834	-0.0478352
0.562229	-0.266707	0.1398	0.0031525	0.117063	-0.0463341
0.562235	-0.26658	0.139752	0.00366725	0.120576	-0.0478166
0.562235	-0.266461	0.139702	0.00301337	0.120851	-0.0477366
0.562232	-0.266344	0.139654	0.000967051	0.119503	-0.0476919
0.562233	-0.266231	0.139608	0.00140604	0.116804	-0.0462598
0.562236	-0.266109	0.13956	0.00358213	0.121283	-0.0469377
0.56224	-0.265988	0.139512	0.00170357	0.119693	-0.0472964
0.562243	-0.265866	0.139465	0.00111982	0.119661	-0.0465706
0.562243	-0.265755	0.139423	-0.000993821	0.115548	-0.045389
0.562248	-0.265637	0.139383	0.00109795	0.116314	-0.0425769
0.562248	-0.265521	0.139331	0.000210751	0.115738	-0.0450847
0.562247	-0.265407	0.139285	-0.00131937	0.115898	-0.0473866
0.562246	-0.265293	0.139237	-0.00202501	0.116216	-0.0491952
0.562248	-0.265173	0.139189	0.000253999	0.118141	-0.0488673
0.562247	-0.265058	0.139142	-0.000840318	0.114561	-0.0485393
0.562248	-0.264938	0.139091	0.00146504	0.117487	-0.0486527
0.562246	-0.264821	0.139045	0.00200947	0.118164	-0.0465592
0.562249	-0.264703	0.139	0.00142936	0.117135	-0.0467382
0.562246	-0.264593	0.138951	-0.00101744	0.113866	-0.048385
0.562247	-0.264483	0.13891	-0.000386552	0.113069	-0.0453283
0.562246	-0.264361	0.138858	0.00124863	0.117959	-0.0463976
0.562247	-0.264252	0.138816	-0.000185987	0.114119	-0.0462006
0.562248	-0.26413	0.138766	-0.000538316	0.115271	-0.047011
0.562248	-0.264018	0.138721	-0.000319736	0.115133	-0.045457
0.562249	-0.263899	0.138674	-0.000676312	0.117643	-0.0466099
0.562249	-0.263783	0.138632	-0.000324928	0.116611	-0.0438846
0.562243	-0.263668	0.138577	-0.00296414	0.114113	-0.0477403
0.562244	-0.263549	0.138533	-0.00175887	0.116276	-0.0476726
0.562236	-0.263439	0.138481	-0.00270209	0.116515	-0.048542
0.562239	-0.263318	0.138436	-0.000353918	0.118133	-0.0477558
0.562242	-0.263193	0.138387	0.000197946	0.119583	-0.0479931
0.562241	-0.263077	0.138343	6.16425e-05	0.118688	-0.0464658
0.562243	-0.262959	0.138297	0.000987131	0.119314	-0.0454189
0.562241	-0.262842	0.138252	-0.000543941	0.116021	-0.0441422
0.562241	-0.262725	0.138204	-0.00197567	0.115125	-0.0468527
0.562242	-0.262611	0.138166	0.000273014	0.116842	-0.043287
0.562242	-0.262489	0.138116	-0.000956873	0.11874	-0.0473673
0.562239	-0.262369	0.138067	-0.00326598	0.118767	-0.0485268
0.562237	-0.262247	0.138019	-0.00262731	0.118833	-0.0475111
0.562235	-0.262132	0.137973	-0.00197588	0.116611	-0.0460788
0.562235	-0.262015	0.13793	-0.00132209	0.11622	-0.0455306
0.562235	-0.261898	0.137885	-0.00166787	0.115311	-0.0457333
0.562235	-0.261783	0.137839	-0.00172059	0.115335	-0.0459782
0.562233	-0.261669	0.137794	-0.00129836	0.113862	-0.0447284
0.562232	-0.261552	0.137747	-0.000449083	0.114969	-0.0446147
0.562233	-0.261431	0.137702	-0.00179002	0.114816	-0.0450842
0.562235	-0.261313	0.137661	-0.00100915	0.116782	-0.0451245
0.562235	-0.261197	0.13761	-0.00298984	0.113736	-0.0486386
0.562234	-0.261082	0.137566	-0.00509031	0.111806	-0.0479897
0.562231	-0.260965	0.137518	-0.00618433	0.112744	-0.0497958
0.56223	-0.260852	0.137471	-0.00478207	0.113084	-0.0493749
0.562224	-0.260736	0.137421	-0.00372539	0.115869	-0.0482039
0.562228	-0.260499	0.13733	-0.000946197	0.11523	-0.0464209
0.562227	-0.26038	0.137283	-0.0023677	0.115103	-0.0478025
0.562226	-0.260269	0.137236	-0.00189642	0.114823	-0.0471148
0.562227	-0.260153	0.137193	-0.000984779	0.114843	-0.0459761
0.562225	-0.26004	0.137148	-0.00215807	0.114738	-0.0468668
0.562224	-0.259925	0.137095	-0.000915326	0.114301	-0.0471117
0.562225	-0.259812	0.137051	-0.000424073	0.1139	-0.0462959
0.562224	-0.259699	0.137005	0.000526028	0.11372	-0.0459017
0.562223	-0.259579	0.136958	-0.00119864	0.114895	-0.0471429
0.562223	-0.259466	0.136913	-0.00116811	0.115901	-0.0465242
0.56222	-0.259351	0.136862	-0.00301664	0.114925	-0.048934
0.562218	-0.259236	0.136816	-0.00162012	0.114289	-0.0456264
0.562218	-0.259125	0.136772	-0.000245691	0.112598	-0.0429836
0.562216	-0.259008	0.136721	-0.000335993	0.113585	-0.0439086
0.562214	-0.258896	0.136676	0.00144632	0.114553	-0.0413925
0.562216	-0.25878	0.13663	0.0033752	0.114084	-0.041335
0.56222	-0.258661	0.136587	0.00444474	0.115967	-0.0413985
0.562219	-0.258544	0.136539	0.00299998	0.117167	-0.0423728
0.56222	-0.258431	0.136494	0.00185664	0.114934	-0.043568
0.562226	-0.258311	0.136452	0.00332922	0.116293	-0.0412869
0.562224	-0.258198	0.136406	0.000656575	0.115831	-0.0429061
0.562225	-0.258079	0.136359	0.00102357	0.116572	-0.0439261
0.562222	-0.257962	0.136309	0.00109663	0.118222	-0.0455726
0.562227	-0.257844	0.136268	0.00205409	0.118761	-0.0436348
0.562229	-0.257724	0.13622	0.00290972	0.119989	-0.0438984
0.562229	-0.257612	0.136176	0.00101445	0.116124	-0.0439952
0.562236	-0.257489	0.136131	0.00110335	0.115857	-0.0448373
0.562237	-0.257379	0.13609	0.00100144	0.110765	-0.0424273
0.562234	-0.257263	0.136036	-0.00103181	0.111329	-0.0465831
0.562237	-0.257147	0.135991	0.00210154	0.115032	-0.0451573
0.562247	-0.257029	0.135955	0.00448132	0.115809	-0.0422508
0.562248	-0.256911	0.135904	0.0023129	0.11415	-0.0437059
0.562253	-0.256791	0.135859	0.00473995	0.115554	-0.0414721
0.562256	-0.256672	0.135813	0.00283657	0.116511	-0.0433217
0.562256	-0.256554	0.135763	0.00198173	0.115781	-0.0445943
0.562259	-0.256439	0.135723	0.00197469	0.114329	-0.0425531
0.562258	-0.256326	0.135672	0.00132162	0.112374	-0.0441364
0.562259	-0.256206	0.135625	0.00267305	0.116352	-0.0456813
0.562266	-0.256085	0.135581	0.00249665	0.11641	-0.045421
0.56227	-0.255967	0.135536	0.00229904	0.113558	-0.0443557
0.562272	-0.25585	0.13549	0.00186812	0.114266	-0.0444435
0.562278	-0.255733	0.135448	0.00220381	0.112842	-0.0427081
0.562281	-0.255615	0.135401	0.0027534	0.112658	-0.0425139
0.562285	-0.255497	0.135354	0.0044533	0.114801	-0.0422776
0.562287	-0.25538	0.135303	0.00343804	0.115579	-0.0447648
0.562291	-0.255261	0.135259	0.00518065	0.116425	-0.0428625
0.562299	-0.255141	0.135219	0.00682584	0.116089	-0.0402474
0.562296	-0.255029	0.135169	0.00563346	0.117388	-0.0422456
0.562299	-0.254901	0.135116	0.00481438	0.119451	-0.0448732
0.562302	-0.254786	0.135072	0.00372284	0.117276	-0.0453554
0.562299	-0.254673	0.135023	0.000760638	0.113534	-0.0461725
0.562306	-0.254553	0.134979	0.00134395	0.114545	-0.0469241
0.562307	-0.25444	0.134937	0.00145291	0.114896	-0.0464795
0.562309	-0.254326	0.13489	0.00186453	0.114471	-0.0465004
0.562314	-0.254208	0.134848	0.000496288	0.11345	-0.0476016
0.562317	-0.25409	0.1348	0.000185781	0.11373	-0.0495779
0.562319	-0.253978	0.134754	-0.00123375	0.112459	-0.0495562
0.562328	-0.253855	0.134713	0.000625582	0.11476	-0.0489822
0.562325	-0.253742	0.134663	-0.000628791	0.113337	-0.0489418
0.56233	-0.253629	0.134617	0.00173776	0.111518	-0.0463291
0.562333	-0.253516	0.134577	0.00267984	0.112638	-0.0443371
0.562336	-0.253394	0.134528	0.00277117	0.113858	-0.046164
0.562336	-0.253276	0.134481	0.000588802	0.112874	-0.0468211
0.562337	-0.253162	0.134435	0.00157269	0.1126	-0.0452198
0.562343	-0.253039	0.134388	0.00138602	0.114198	-0.0474721
0.562347	-0.25292	0.134343	0.00354104	0.116028	-0.0453201
0.562346	-0.252806	0.134293	0.00154911	0.116935	-0.0487699
0.562349	-0.252692	0.134248	0.00234797	0.116153	-0.0466345
0.56235	-0.25258	0.134203	0.00363516	0.115703	-0.0442293
0.562355	-0.252459	0.134156	0.00376543	0.119247	-0.046655
0.56236	-0.252345	0.134113	0.00416442	0.116182	-0.045516
0.562363	-0.252228	0.134067	0.003429	0.116188	-0.0464513
0.562367	-0.252115	0.134022	0.00310274	0.115803	-0.0475611
0.562371	-0.251997	0.133977	0.00264954	0.115578	-0.0475123
0.562369	-0.251889	0.133926	0.00137204	0.11297	-0.0477632
0.562374	-0.251771	0.133883	0.00130167	0.113469	-0.0472145
0.562374	-0.251655	0.133833	0.00278774	0.116442	-0.0457003
0.56238	-0.251539	0.133788	0.00230721	0.113709	-0.0459419
0.56238	-0.251429	0.133742	0.00306937	0.114145	-0.0453441
0.562378	-0.251312	0.133687	0.0020134	0.113629	-0.0478333
0.562383	-0.251202	0.133645	0.00166517	0.11241	-0.0473008
0.562383	-0.251095	0.133599	0.00188128	0.109787	-0.046706
0.562387	-0.250978	0.133551	0.00121447	0.110398	-0.0461609
0.562386	-0.250871	0.133504	-0.000708332	0.108027	-0.0488961
0.562387	-0.250767	0.133461	0.000347559	0.109293	-0.0473814
0.56239	-0.250649	0.133409	0.00160588	0.110085	-0.0483603
0.562395	-0.250531	0.133366	0.00291632	0.113408	-0.0471453
0.562399	-0.250422	0.133324	0.00304689	0.112716	-0.0462104
0.562399	-0.250312	0.133274	0.00128058	0.111109	-0.0478315
0.562401	-0.2502	0.133227	0.000885079	0.108743	-0.0456224
0.562402	-0.250089	0.13318	0.0012391	0.110704	-0.0465474
0.562401	-0.249984	0.133135	0.000697282	0.108347	-0.0460207
0.562403	-0.249872	0.13309	-0.000284994	0.109893	-0.0487092
0.562405	-0.249754	0.133039	-0.000623453	0.110992	-0.0518058
0.56241	-0.249646	0.132997	-0.000689716	0.110792	-0.0510353
0.562413	-0.249535	0.132951	0.000601822	0.110236	-0.0497922
0.562418	-0.249427	0.132907	0.00359767	0.112616	-0.0485558
0.562423	-0.24931	0.132861	0.00414894	0.115317	-0.0489129
0.562428	-0.249201	0.132817	0.00453234	0.113618	-0.0462513
0.562431	-0.249095	0.132776	0.00471026	0.111011	-0.0444937
0.562443	-0.248976	0.132734	0.0072681	0.114078	-0.0422038
0.562452	-0.248865	0.132692	0.00914295	0.114319	-0.0402444
0.562461	-0.248753	0.132652	0.010722	0.115173	-0.0391124
0.562466	-0.248641	0.132607	0.00773963	0.112086	-0.0417764
0.562474	-0.248528	0.132563	0.00883401	0.112183	-0.0417276
0.562483	-0.248417	0.132522	0.00829201	0.112068	-0.0421834
0.562493	-0.2483	0.132478	0.00866197	0.111982	-0.0414941
0.562496	-0.248196	0.132433	0.00769318	0.109558	-0.0418346
0.562505	-0.248076	0.132386	0.0081431	0.115329	-0.0441485
0.562513	-0.247966	0.132344	0.00980097	0.116539	-0.0430185
0.562519	-0.247858	0.1323	0.00783865	0.113157	-0.0432932
0.562528	-0.247742	0.132255	0.00922882	0.114624	-0.0448917
0.562537	-0.247631	0.132213	0.00999966	0.113095	-0.0426861
0.562548	-0.247519	0.132169	0.00755907	0.111336	-0.0454521
0.562558	-0.247403	0.132124	0.00683777	0.113573	-0.0476599
0.562569	-0.2473	0.132087	0.00729469	0.110548	-0.0440892
0.562576	-0.247189	0.132041	0.00776718	0.111936	-0.045615
0.562588	-0.247077	0.132	0.00995488	0.112107	-0.0432223
0.562598	-0.246967	0.131961	0.00960943	0.110199	-0.04248
0.562609	-0.246861	0.131922	0.0100179	0.108877	-0.0419848
0.562619	-0.246747	0.131873	0.010007	0.10948	-0.0443657
0.562629	-0.246634	0.131831	0.00976298	0.110414	-0.0439557
0.562641	-0.246525	0.131786	0.0107731	0.110326	-0.045082
0.562654	-0.246415	0.131749	0.0106438	0.110714	-0.0437053
0.562658	-0.246309	0.1317	0.00840803	0.109191	-0.0457053
0.562671	-0.246195	0.131657	0.00887079	0.110286	-0.0450558
0.562682	-0.246082	0.131613	0.00964354	0.109024	-0.0430263
0.562694	-0.245974	0.131574	0.0109903	0.10982	-0.0423125
0.562705	-0.245861	0.131531	0.00934953	0.109527	-0.0437472
0.562718	-0.245751	0.13149	0.00841921	0.109892	-0.0454392
0.562722	-0.245647	0.131444	0.00653531	0.10756	-0.0466159
0.562736	-0.245535	0.131402	0.00844922	0.10891	-0.0462119
0.562744	-0.245435	0.131363	0.00886313	0.105795	-0.0425193
0.562756	-0.245324	0.131323	0.011292	0.108995	-0.0415799
0.562771	-0.245215	0.131282	0.0137341	0.108892	-0.039262
0.562783	-0.245103	0.13124	0.0129188	0.10778	-0.0403138
0.562794	-0.244994	0.131197	0.0131192	0.108904	-0.0411916
0.562808	-0.244889	0.131159	0.0137018	0.107272	-0.0400634
0.56282	-0.244783	0.131116	0.0134103	0.107553	-0.0398131
0.562833	-0.244674	0.131078	0.01283	0.105534	-0.0388596
0.562845	-0.24456	0.131031	0.0140397	0.110579	-0.0399887
0.562857	-0.244458	0.130991	0.0133363	0.107611	-0.0402272
0.562874	-0.244343	0.130948	0.0148845	0.111041	-0.0413902
0.562887	-0.244234	0.130911	0.0136245	0.109069	-0.0404308
0.562902	-0.244126	0.13087	0.0128051	0.106638	-0.0409998
0.562918	-0.244011	0.130827	0.0147033	0.111525	-0.0413008
0.562933	-0.243903	0.130789	0.0148743	0.111119	-0.040739
0.562948	-0.243793	0.130748	0.0151033	0.109073	-0.0404685
0.562964	-0.243685	0.130706	0.0136513	0.108425	-0.0417204
0.56298	-0.243574	0.130667	0.0135476	0.10809	-0.0409988
0.562994	-0.243463	0.130622	0.0139551	0.110061	-0.0425073
0.563008	-0.243351	0.130578	0.0138835	0.110878	-0.0438732
0.563026	-0.243238	0.13054	0.0138389	0.111818	-0.0441633
0.563039	-0.243126	0.130494	0.0139794	0.113337	-0.0450159
0.563055	-0.243017	0.130453	0.0155088	0.11318	-0.0431888
0.563067	-0.242908	0.130408	0.0140208	0.111018	-0.0427427
0.563082	-0.242801	0.130365	0.0132106	0.11077	-0.0457546
0.563098	-0.242692	0.130323	0.0142518	0.109547	-0.0450107
0.563114	-0.242581	0.130281	0.0165742	0.112925	-0.0440193
0.563131	-0.242472	0.13024	0.0162411	0.111106	-0.0443746
0.563148	-0.24236	0.130199	0.0167853	0.111869	-0.0438595
0.563166	-0.242244	0.130157	0.0186385	0.114633	-0.0420146
0.563187	-0.242134	0.130115	0.0181252	0.1133	-0.043452
0.563203	-0.24202	0.130069	0.0170795	0.113815	-0.0452843
0.563219	-0.241917	0.130035	0.0168844	0.10961	-0.0405362
0.563236	-0.241809	0.129989	0.0177773	0.109653	-0.0411391
0.563256	-0.241698	0.129952	0.0186422	0.110371	-0.0392369
0.563271	-0.241588	0.129907	0.0175496	0.109535	-0.0402611
0.563291	-0.241475	0.129868	0.017882	0.109575	-0.0386981
0.563308	-0.241364	0.129827	0.0163345	0.109237	-0.0395114
0.563327	-0.24125	0.129784	0.016547	0.110622	-0.0417687
0.563345	-0.241145	0.129746	0.016229	0.10943	-0.0420736
0.563364	-0.241033	0.129707	0.0172572	0.108436	-0.0411793
0.563379	-0.240926	0.129662	0.0166134	0.106848	-0.0427231
0.563396	-0.240817	0.129622	0.0157907	0.107457	-0.043509
0.563416	-0.240706	0.12958	0.0158252	0.106828	-0.0425282
0.563435	-0.240589	0.129536	0.0189839	0.111509	-0.0424667
0.563449	-0.240482	0.129493	0.0163708	0.109164	-0.0436669
0.563467	-0.24037	0.129451	0.0158197	0.109038	-0.0441599
0.563486	-0.240265	0.129411	0.0162117	0.107376	-0.0436768
0.563498	-0.240158	0.129365	0.0149052	0.106368	-0.044765
0.563514	-0.240053	0.129322	0.0171103	0.106858	-0.043138
0.56353	-0.239944	0.129282	0.0167464	0.108294	-0.0426556
0.563543	-0.239838	0.129233	0.0176247	0.10917	-0.043286
0.563554	-0.239733	0.129187	0.0153925	0.10717	-0.0445441
0.563573	-0.239623	0.129147	0.0157069	0.107729	-0.043838
0.563587	-0.239515	0.129097	0.0133893	0.105978	-0.0468146
0.563602	-0.23941	0.129054	0.0112371	0.10501	-0.0473968
0.563618	-0.239305	0.129013	0.0138276	0.105929	-0.0449714
0.563633	-0.239197	0.128968	0.0144852	0.107125	-0.0452188
0.563642	-0.239097	0.128924	0.013862	0.104192	-0.0435837
0.563656	-0.238989	0.128876	0.0133159	0.105747	-0.0467491
0.563672	-0.238883	0.128833	0.0137458	0.106447	-0.0471638
0.563687	-0.238774	0.12879	0.014831	0.106619	-0.044146
0.563701	-0.238667	0.128742	0.0147968	0.107006	-0.0452137
0.563716	-0.238562	0.128701	0.0142979	0.106685	-0.0441324
0.563733	-0.238455	0.128657	0.0148527	0.107326	-0.0448722
0.563744	-0.238352	0.12861	0.0140346	0.1076	-0.0453654
0.563783	-0.238041	0.128472	0.0128249	0.106057	-0.0472528
0.563797	-0.237941	0.128431	0.0115979	0.102329	-0.0456993
0.563809	-0.237833	0.128381	0.0119972	0.104535	-0.0471557
0.563822	-0.237732	0.128336	0.0134328	0.103646	-0.04559
0.563837	-0.237627	0.128296	0.0129412	0.103906	-0.044882
0.56385	-0.237525	0.128253	0.0131823	0.10404	-0.0441411
0.563865	-0.237418	0.128208	0.0137963	0.103327	-0.044026
0.563874	-0.237321	0.128159	0.0121893	0.10231	-0.0466429
0.563884	-0.23722	0.128115	0.00949417	0.101298	-0.0469945
0.563898	-0.23712	0.128074	0.0118992	0.101198	-0.0445458
0.563908	-0.237017	0.128026	0.0135533	0.103983	-0.0449523
0.563922	-0.236914	0.12798	0.0119902	0.0997832	-0.0454853
0.56393	-0.236812	0.127934	0.0112156	0.101349	-0.0442571
0.56394	-0.236715	0.12789	0.00955581	0.0994516	-0.0452372
0.563946	-0.236618	0.127843	0.00820362	0.0971583	-0.0452618
0.563954	-0.236515	0.127794	0.00754861	0.0985396	-0.046477
0.56396	-0.236419	0.127747	0.00725505	0.0973816	-0.0466577
0.563966	-0.236323	0.127701	0.00680154	0.0981114	-0.0483579
0.563969	-0.23623	0.127651	0.00522499	0.0964085	-0.0487397
0.56398	-0.236129	0.127608	0.00589937	0.0963148	-0.0467969
0.563985	-0.236034	0.12756	0.0050947	0.094421	-0.0460985
0.563993	-0.235926	0.127512	0.00667774	0.0978616	-0.0463239
0.563999	-0.235833	0.127465	0.00690484	0.0976532	-0.0454057
0.564005	-0.235738	0.127416	0.00601551	0.0986937	-0.0489242
0.564008	-0.235639	0.127366	0.00565951	0.0998207	-0.0476279
0.564012	-0.235548	0.12732	0.00581514	0.0982848	-0.0464185
0.564018	-0.23545	0.127268	0.00530669	0.0984281	-0.0480912
0.564022	-0.235359	0.127226	0.00496688	0.0959341	-0.0452956
0.564026	-0.235268	0.127178	0.0055749	0.0971991	-0.0462592
0.564029	-0.235166	0.127126	0.00398929	0.0985711	-0.0475863
0.564036	-0.235068	0.127079	0.00525477	0.0966272	-0.0463429
0.564039	-0.234972	0.127025	0.00614534	0.0971394	-0.0468851
0.564044	-0.234877	0.126982	0.00622248	0.0966836	-0.0455309
0.564048	-0.234784	0.126935	0.00541706	0.0962061	-0.045687
0.564055	-0.234687	0.126889	0.0064675	0.0968492	-0.045785
0.564055	-0.234593	0.126837	0.00317036	0.0949416	-0.0484225
0.56406	-0.234497	0.12679	0.00347932	0.0964122	-0.0496759
0.564061	-0.234401	0.126739	0.00223005	0.0949104	-0.0501709
0.564068	-0.234305	0.126697	0.00436858	0.0964471	-0.0479467
0.56407	-0.234208	0.126644	0.00283618	0.0934241	-0.0480166
0.564075	-0.234116	0.126602	0.00129938	0.0912738	-0.0472136
0.564075	-0.234019	0.126547	-0.000683397	0.0921644	-0.0509342
0.564079	-0.233921	0.126498	-0.00069176	0.0947528	-0.0517148
0.564077	-0.233826	0.126448	0.000133353	0.0960537	-0.0505758
0.564081	-0.233729	0.126402	0.00253889	0.0959224	-0.047263
0.564079	-0.233636	0.126348	-0.000576035	0.0958509	-0.050079
0.564083	-0.23354	0.126301	0.00152633	0.0957629	-0.0485204
0.564083	-0.233447	0.126253	0.0011761	0.0959993	-0.0492152
0.564083	-0.233351	0.126203	0.000148666	0.0960273	-0.0511371
0.564083	-0.233254	0.126152	-0.000107193	0.0964735	-0.0516173
0.564083	-0.233163	0.126105	-0.00167333	0.0926809	-0.0509891
0.564082	-0.23307	0.126054	-0.000371344	0.0934984	-0.0495533
0.564083	-0.232978	0.126007	4.34821e-05	0.0936144	-0.0478354
0.564081	-0.232887	0.125957	-0.00125011	0.0935072	-0.049839
0.564084	-0.232791	0.125911	0.00202022	0.0952071	-0.0462177
0.564079	-0.232705	0.125859	-0.000938992	0.091528	-0.0490476
0.564076	-0.232617	0.12581	-5.78445e-06	0.0918103	-0.0486485
0.564075	-0.232519	0.125759	0.00225613	0.0952453	-0.04714
0.564077	-0.232422	0.125711	0.00188857	0.0949535	-0.0464554
0.564076	-0.232335	0.125666	0.000297259	0.0916286	-0.0462635
0.564071	-0.232244	0.125611	-0.00142674	0.0913042	-0.0482682
0.564069	-0.232152	0.125563	-0.00197376	0.0904699	-0.0476589
0.564071	-0.232056	0.125516	-0.0016117	0.0919796	-0.0483573
0.564065	-0.231969	0.125463	-0.00295235	0.0909051	-0.0492994
0.564062	-0.23188	0.125417	-0.00120069	0.0936978	-0.0479763
0.564054	-0.231787	0.12536	-0.0036414	0.0936028	-0.0514251
0.56405	-0.231697	0.125312	-0.00342775	0.0919931	-0.0501284
0.564045	-0.231607	0.125263	-0.00290169	0.0931348	-0.0499592
0.564043	-0.231512	0.125209	-0.00114173	0.0924079	-0.0491046
0.564034	-0.231428	0.125158	-0.0025077	0.0894676	-0.0484023
0.564029	-0.231334	0.125108	-0.00261874	0.0903015	-0.0487934
0.564025	-0.231243	0.125054	-0.00389684	0.0895525	-0.05134
0.564021	-0.231157	0.12501	-0.00354566	0.0889192	-0.0496064
0.564015	-0.231066	0.124957	-0.00445494	0.0883689	-0.051492
0.564009	-0.230979	0.124908	-0.00262096	0.0898072	-0.0488047
0.564001	-0.230893	0.124856	-0.00432064	0.0890558	-0.049033
0.56399	-0.230811	0.124806	-0.00571124	0.0862466	-0.0494893
0.563983	-0.230722	0.124753	-0.00568761	0.0869023	-0.0491287
0.56397	-0.230634	0.124694	-0.0094503	0.0858973	-0.0533359
0.563964	-0.230546	0.124647	-0.00918172	0.0853561	-0.0523975
0.563954	-0.23046	0.124597	-0.00994314	0.0857625	-0.0529339
0.563946	-0.230371	0.124544	-0.00954442	0.0860596	-0.0523037
0.563934	-0.230286	0.124491	-0.0100531	0.0852673	-0.0518752
0.563926	-0.230199	0.124442	-0.00851436	0.0875118	-0.0512517
0.563915	-0.230111	0.124385	-0.00910264	0.0868536	-0.051908
0.563902	-0.230027	0.124332	-0.0109737	0.0852579	-0.0518223
0.563893	-0.229934	0.124279	-0.0100912	0.0881196	-0.0527008
0.563876	-0.229857	0.124225	-0.0113099	0.0864689	-0.0525592
0.563869	-0.229766	0.124174	-0.00841211	0.0895886	-0.0510238
0.563854	-0.229672	0.124113	-0.0110336	0.0895923	-0.0551233
0.563848	-0.229583	0.124063	-0.00776893	0.0891362	-0.0514551
0.563837	-0.229494	0.124011	-0.00888852	0.0866737	-0.0510813
0.563826	-0.229408	0.123957	-0.00843595	0.0871692	-0.0503884
0.563815	-0.229318	0.123904	-0.00997021	0.088367	-0.0524047
0.563805	-0.229226	0.12385	-0.0104236	0.088965	-0.0535768
0.563792	-0.22914	0.123793	-0.0123657	0.0885868	-0.0562266
0.56378	-0.229057	0.123739	-0.0131871	0.0849109	-0.0549514
0.563768	-0.228969	0.123686	-0.0122398	0.0861153	-0.0534836
0.563756	-0.22888	0.12363	-0.0123775	0.0871909	-0.0547035
0.563744	-0.228791	0.123574	-0.0101667	0.0871395	-0.0527129
0.563728	-0.228706	0.123517	-0.011092	0.0854533	-0.0524226
0.56372	-0.228617	0.123465	-0.010157	0.08649	-0.0513179
0.563704	-0.228529	0.123407	-0.0117847	0.087147	-0.052385
0.563688	-0.228446	0.123356	-0.0125407	0.086523	-0.0511765
0.563674	-0.228357	0.123299	-0.0130431	0.087369	-0.0530613
0.563658	-0.228271	0.123242	-0.0126157	0.088243	-0.0542431
0.56364	-0.228186	0.123184	-0.0118439	0.0885548	-0.0528619
0.563614	-0.228019	0.123077	-0.0113549	0.0862257	-0.0515529
0.563603	-0.22793	0.123025	-0.0113368	0.0870451	-0.0512915
0.563591	-0.227838	0.122968	-0.0122391	0.0881475	-0.0529683
0.563575	-0.227754	0.122911	-0.015087	0.0849981	-0.0551672
0.563562	-0.227667	0.122859	-0.0163011	0.0838173	-0.0570466
0.563549	-0.227583	0.122808	-0.014387	0.0847912	-0.0554391
0.56354	-0.227496	0.122755	-0.0141637	0.0839483	-0.0530354
0.563525	-0.227409	0.122699	-0.015193	0.0835662	-0.0547332
0.563511	-0.227327	0.122644	-0.0160119	0.0833151	-0.0563867
0.563497	-0.227247	0.122593	-0.0151374	0.0806295	-0.053012
0.563483	-0.227159	0.122535	-0.0140967	0.083723	-0.0544718
0.563469	-0.227071	0.122479	-0.015465	0.0830188	-0.0561992
0.563458	-0.22698	0.122425	-0.0153079	0.0833932	-0.0553391
0.563445	-0.226893	0.122371	-0.0157108	0.0832371	-0.0556339
0.563428	-0.226808	0.12231	-0.0154655	0.0834416	-0.0555025
0.563413	-0.226724	0.122255	-0.0139477	0.085233	-0.0552634
0.5634	-0.226635	0.122199	-0.0141676	0.0871203	-0.0565915
0.563393	-0.226547	0.122151	-0.0113142	0.0861613	-0.0518741
0.563377	-0.226462	0.122093	-0.0123085	0.087758	-0.0544639
0.563365	-0.226378	0.12204	-0.0117427	0.0881175	-0.0530707
0.563352	-0.226292	0.121985	-0.0115912	0.0869751	-0.053523
0.56334	-0.226207	0.121931	-0.0105206	0.0871517	-0.0528813
0.563324	-0.226121	0.121875	-0.0118747	0.0859221	-0.0537435
0.563312	-0.226036	0.121822	-0.0112484	0.0855975	-0.0515793
0.563301	-0.22595	0.121766	-0.0119012	0.085832	-0.0537764
0.563289	-0.225863	0.121712	-0.0122791	0.0854892	-0.0540564
0.56327	-0.225784	0.121652	-0.0150302	0.0835889	-0.0567624
0.563264	-0.225693	0.121605	-0.0129703	0.0835029	-0.0531557
0.563248	-0.225613	0.12155	-0.0138377	0.0827438	-0.0539008
0.563235	-0.225527	0.121494	-0.0118947	0.0836555	-0.0533053
0.563221	-0.225448	0.121442	-0.0136375	0.0819617	-0.0543259
0.563202	-0.225365	0.121382	-0.0151029	0.0819915	-0.0548757
0.563191	-0.225279	0.121327	-0.0137338	0.0836307	-0.0538233
0.563174	-0.225192	0.121266	-0.0149827	0.0842398	-0.0563426
0.563166	-0.225106	0.121219	-0.0101027	0.0862852	-0.0519253
0.56315	-0.22502	0.121161	-0.0112397	0.0876268	-0.0535842
0.563136	-0.224944	0.12111	-0.0136681	0.0841115	-0.0544588
0.56312	-0.224856	0.121048	-0.0134836	0.0844057	-0.0549924
0.563111	-0.224772	0.120998	-0.0115403	0.0845352	-0.0513258
0.563097	-0.224693	0.120945	-0.0113742	0.0829836	-0.0501077
0.563083	-0.224603	0.120885	-0.0131421	0.0807939	-0.0516774
0.56307	-0.224523	0.120833	-0.013914	0.0804094	-0.0524494
0.563057	-0.224441	0.120781	-0.0155904	0.0801018	-0.0534724
0.563043	-0.224353	0.120721	-0.0158729	0.0803831	-0.055575
0.563033	-0.224265	0.120665	-0.0139842	0.0807886	-0.0533929
0.563016	-0.224185	0.120611	-0.0154281	0.079487	-0.0538904
0.563006	-0.224099	0.120558	-0.0146027	0.0823794	-0.0545518
0.562991	-0.224021	0.120503	-0.0146263	0.0809465	-0.0543779
0.562981	-0.223931	0.120449	-0.0146314	0.0832665	-0.0554699
0.562964	-0.223849	0.120395	-0.0149958	0.0815748	-0.0533259
0.56295	-0.223765	0.120338	-0.0161567	0.0807088	-0.0538841
0.562939	-0.223682	0.120286	-0.0149381	0.0808881	-0.0524899
0.562921	-0.223604	0.120228	-0.0142347	0.0808658	-0.0534595
0.562911	-0.223516	0.120177	-0.013042	0.0839258	-0.0538244
0.562899	-0.223435	0.120121	-0.0132361	0.0835372	-0.0550674
0.562886	-0.223349	0.120069	-0.0133303	0.0844268	-0.0545941
0.562874	-0.223266	0.120014	-0.0148514	0.0840588	-0.0568843
0.562861	-0.223186	0.119961	-0.0146707	0.0829595	-0.0570557
0.562847	-0.223102	0.119906	-0.0153573	0.0833417	-0.0585244
0.562835	-0.223022	0.119854	-0.014053	0.0825604	-0.0567792
0.562823	-0.222941	0.119803	-0.0132266	0.0814409	-0.0538095
0.56281	-0.222859	0.11975	-0.0155914	0.0795314	-0.0551293
0.562795	-0.22278	0.119698	-0.0145954	0.0797703	-0.0529787
0.562787	-0.222695	0.119647	-0.0123972	0.0802528	-0.0509677
0.562774	-0.22261	0.119597	-0.0124771	0.0847718	-0.0510735
0.562762	-0.222527	0.119545	-0.0118443	0.0843755	-0.0513278
0.562745	-0.222448	0.119489	-0.0142796	0.0827273	-0.0531349
0.562734	-0.222368	0.119443	-0.0123324	0.0821896	-0.049147
0.562719	-0.222283	0.119386	-0.0138088	0.0830155	-0.051433
0.562707	-0.222201	0.119337	-0.0145011	0.0825044	-0.0520357
0.562688	-0.222125	0.119284	-0.0148488	0.081003	-0.0502935
0.562675	-0.222046	0.119231	-0.0147887	0.0808534	-0.0521919
0.562661	-0.221971	0.119183	-0.014291	0.0791656	-0.0499804
0.562644	-0.221896	0.119129	-0.0136811	0.0795212	-0.0497965
0.562633	-0.221815	0.11908	-0.0131794	0.0804805	-0.0508806
0.562619	-0.221741	0.119031	-0.0119427	0.0781524	-0.04814
0.562607	-0.221656	0.118979	-0.0123061	0.079737	-0.05007
0.562595	-0.221578	0.118929	-0.0107658	0.0805877	-0.0489244
0.562582	-0.221496	0.118875	-0.00933867	0.0825809	-0.0487869
0.562568	-0.221421	0.118825	-0.0102011	0.0800408	-0.0470453
0.562554	-0.221344	0.118776	-0.0104687	0.0790714	-0.045014
0.562541	-0.221259	0.118722	-0.00956425	0.0813553	-0.0460376
0.562531	-0.22118	0.118674	-0.00865597	0.0789703	-0.0442691
0.562515	-0.221102	0.118621	-0.0095102	0.0800539	-0.0449958
0.562503	-0.221025	0.118575	-0.0103153	0.083928	-0.0475704
0.562484	-0.220951	0.11852	-0.0106069	0.0803482	-0.0469772
0.562476	-0.220866	0.118474	-0.0095468	0.0803955	-0.0448914
0.562458	-0.220786	0.118419	-0.0115336	0.0791953	-0.0469594
0.562446	-0.220708	0.118371	-0.0121353	0.0789354	-0.0468571
0.562431	-0.22063	0.118318	-0.0135064	0.0798875	-0.0485252
0.562416	-0.220547	0.118266	-0.0137077	0.0798793	-0.0487684
0.562404	-0.220474	0.118223	-0.0111533	0.0776327	-0.0451012
0.562396	-0.220386	0.118173	-0.0107924	0.08005	-0.046408
0.562384	-0.220304	0.118123	-0.0109801	0.0786685	-0.0471192
0.562372	-0.220226	0.118077	-0.0123579	0.0783503	-0.047428
0.562358	-0.220146	0.118027	-0.0124742	0.0815125	-0.0495792
0.562346	-0.220066	0.11798	-0.0132207	0.0814297	-0.0506541
0.562338	-0.219982	0.117933	-0.0119835	0.0810635	-0.0495471
0.562316	-0.219823	0.117842	-0.0114908	0.0806917	-0.0478824
0.56231	-0.219744	0.117802	-0.00888789	0.0798254	-0.0437357
0.562299	-0.219664	0.117755	-0.0090157	0.0793146	-0.0440402
0.562289	-0.219583	0.117709	-0.0104396	0.0799858	-0.0458659
0.562281	-0.2195	0.117661	-0.00926159	0.0813767	-0.0466861
0.562269	-0.219426	0.117617	-0.0107499	0.0810669	-0.0485075
0.562261	-0.219344	0.117571	-0.0107529	0.0825086	-0.0487273
0.562251	-0.219268	0.117529	-0.0107297	0.0819014	-0.047239
0.562241	-0.219188	0.117487	-0.0110339	0.0787428	-0.045099
0.56223	-0.219107	0.117439	-0.0112645	0.0831734	-0.0488861
0.562225	-0.219025	0.117396	-0.00910269	0.0823673	-0.0467548
0.562217	-0.218945	0.117353	-0.00952099	0.0810237	-0.0460605
0.562211	-0.218866	0.117312	-0.00817969	0.0803406	-0.0445173
0.562204	-0.218786	0.117267	-0.00776218	0.0812049	-0.0448363
0.562198	-0.218701	0.117222	-0.00602094	0.0811399	-0.043109
0.562189	-0.218626	0.117181	-0.00801689	0.0796018	-0.0430554
0.562185	-0.218542	0.117137	-0.00698781	0.0778755	-0.0411766
0.562178	-0.218464	0.117097	-0.0069976	0.0774286	-0.0404121
0.562173	-0.218383	0.117053	-0.00750784	0.076971	-0.0420078
0.562164	-0.218309	0.117012	-0.00711813	0.0757876	-0.0410898
0.562156	-0.218229	0.116968	-0.006775	0.0760794	-0.0415323
0.562154	-0.218144	0.116927	-0.00487913	0.0778301	-0.0407003
0.56215	-0.218066	0.116889	-0.00504268	0.0777024	-0.0400152
0.562142	-0.217982	0.116842	-0.00659433	0.0799036	-0.0433803
0.562142	-0.217897	0.116805	-0.00543328	0.0825781	-0.0424157
0.562137	-0.217819	0.116768	-0.00607204	0.0811471	-0.0416771
0.562132	-0.217736	0.116726	-0.00544896	0.0809838	-0.0415105
0.562127	-0.217659	0.116685	-0.0049193	0.0806159	-0.0402498
0.562121	-0.217582	0.116647	-0.00465094	0.0793843	-0.039215
0.562117	-0.217497	0.116605	-0.00397924	0.0815443	-0.0403609
0.562113	-0.217424	0.116569	-0.00287208	0.0793062	-0.0374005
0.562108	-0.217343	0.116524	-0.00485795	0.07954	-0.0406491
0.562105	-0.217258	0.116484	-0.00402915	0.0805664	-0.0402303
0.562102	-0.217181	0.116448	-0.00511149	0.0787266	-0.0398166
0.562095	-0.217102	0.116402	-0.00665356	0.0771683	-0.0423419
0.562097	-0.217019	0.116369	-0.00378015	0.0784464	-0.0385207
0.562091	-0.216944	0.116325	-0.00447596	0.0752752	-0.0395808
0.562093	-0.216862	0.116291	-0.00333142	0.0766938	-0.0383416
0.562089	-0.216788	0.11625	-0.00405788	0.0755049	-0.0394056
0.562087	-0.216705	0.11621	-0.00474556	0.0777228	-0.0408103
0.562082	-0.216633	0.116171	-0.00612602	0.0756283	-0.0421148
0.562084	-0.216553	0.116139	-0.00340694	0.0765589	-0.039985
0.562081	-0.216474	0.116098	-0.00402071	0.0773636	-0.0413073
0.562079	-0.216398	0.11606	-0.00357552	0.0776877	-0.0407029
0.56208	-0.21632	0.116026	-0.00263515	0.078201	-0.0393236
0.56208	-0.216235	0.115986	0.000292147	0.0821186	-0.0372323
0.562081	-0.216157	0.115951	0.000328903	0.0816148	-0.0367791
0.562079	-0.216078	0.115911	-0.00151089	0.0794313	-0.0384693
0.562082	-0.215997	0.115877	0.000131528	0.0799628	-0.0357623
0.562081	-0.215917	0.115838	0.000702062	0.0801641	-0.0346851
0.562082	-0.215836	0.115802	0.000839889	0.078628	-0.0343993
0.562085	-0.215758	0.115768	0.00225297	0.0791527	-0.034039
0.562086	-0.215675	0.11573	0.00142788	0.0794885	-0.0367822
0.562086	-0.2156	0.115696	0.00175858	0.0788798	-0.0355712
0.56209	-0.215515	0.115661	0.000570851	0.0772577	-0.0357961
0.562093	-0.215429	0.115623	-0.000985077	0.0788825	-0.0397484
0.562093	-0.215351	0.115588	0.000631817	0.0796538	-0.0366832
0.562099	-0.215269	0.115559	0.00187618	0.0805297	-0.035205
0.562101	-0.21519	0.115522	0.00221701	0.0811289	-0.034846
0.562107	-0.215099	0.115485	0.00508877	0.084672	-0.0333149
0.56211	-0.215022	0.115452	0.00273837	0.0783872	-0.0335808
0.562115	-0.214944	0.115418	0.00470699	0.0779936	-0.0313113
0.562121	-0.214863	0.11539	0.00539936	0.0794566	-0.0302818
0.562127	-0.214783	0.115357	0.00740765	0.082491	-0.0306754
0.562132	-0.214697	0.115321	0.00713931	0.0849968	-0.0311079
0.562141	-0.214614	0.115294	0.00899969	0.0841472	-0.0273835
0.562148	-0.21454	0.115263	0.00880609	0.0815841	-0.0282053
0.562152	-0.214453	0.115224	0.00777718	0.0841787	-0.0302591
0.562165	-0.214373	0.115201	0.00984882	0.0833265	-0.0278894
0.562167	-0.214295	0.11516	0.00826489	0.0806556	-0.0306625
0.562176	-0.214212	0.11513	0.00890597	0.0812238	-0.0298203
0.562182	-0.214136	0.115099	0.00796257	0.0789201	-0.03017
0.56219	-0.214053	0.115065	0.00778528	0.080666	-0.0331632
0.562196	-0.213975	0.115033	0.00723035	0.0808649	-0.0330377
0.562206	-0.213892	0.115004	0.00806859	0.0798923	-0.0302785
0.562217	-0.213812	0.114977	0.00926559	0.0812708	-0.029541
0.562223	-0.213728	0.114942	0.00693708	0.0822804	-0.0323354
0.562233	-0.21365	0.114915	0.00853786	0.0810774	-0.0312918
0.562244	-0.21357	0.114885	0.00828687	0.080194	-0.0315419
0.562253	-0.213489	0.114854	0.0105398	0.0823947	-0.0291687
0.562264	-0.213404	0.114824	0.0107878	0.0842732	-0.0296641
0.562277	-0.213316	0.114796	0.0119438	0.0838102	-0.0283827
0.562285	-0.21324	0.114764	0.0113227	0.0805283	-0.0290155
0.562297	-0.213156	0.114739	0.0113513	0.0809801	-0.0268715
0.562307	-0.21308	0.114711	0.0109156	0.0785391	-0.0256328
0.562313	-0.212995	0.114674	0.0103501	0.0808866	-0.0286122
0.562328	-0.21291	0.114648	0.0112302	0.0819836	-0.0283738
0.562336	-0.212829	0.114615	0.0108167	0.0809499	-0.029292
0.562345	-0.212749	0.114584	0.0108032	0.0791507	-0.0290381
0.562357	-0.212667	0.11456	0.0117895	0.0813158	-0.0263036
0.562367	-0.212587	0.11453	0.0115835	0.0824464	-0.0268945
0.562376	-0.212501	0.114497	0.0107754	0.0845681	-0.0290447
0.562387	-0.212425	0.114472	0.0105362	0.0823048	-0.028268
0.562397	-0.212342	0.11444	0.0102158	0.0824857	-0.029485
0.562405	-0.212263	0.114412	0.0102266	0.0842587	-0.0306048
0.562416	-0.212182	0.114385	0.0119035	0.0859071	-0.028209
0.562426	-0.2121	0.114354	0.0110655	0.0855164	-0.0294526
0.562437	-0.212022	0.114329	0.0121438	0.0833868	-0.0274311
0.562445	-0.21194	0.114296	0.0103521	0.0816769	-0.0300057
0.562452	-0.211861	0.114266	0.00939483	0.0788543	-0.0296181
0.562468	-0.211777	0.114243	0.0110236	0.081075	-0.028115
0.562476	-0.211694	0.11421	0.00998339	0.0812573	-0.0299327
0.562486	-0.211615	0.114182	0.0101569	0.0824316	-0.0296906
0.562495	-0.211539	0.114154	0.0101915	0.0805327	-0.0278454
0.562503	-0.21146	0.114125	0.01063	0.0801909	-0.0281938
0.562512	-0.211381	0.114097	0.0115622	0.0811702	-0.0278622
0.562523	-0.211304	0.114073	0.0117333	0.0799245	-0.0256191
0.562534	-0.211222	0.114044	0.0116486	0.082955	-0.0274483
0.562546	-0.211142	0.114019	0.0118403	0.0815012	-0.0269192
0.562555	-0.211057	0.113987	0.0119287	0.0817969	-0.0269033
0.562568	-0.21098	0.113964	0.0128419	0.0800414	-0.0255954
0.562575	-0.210903	0.113933	0.0109004	0.0777469	-0.0272047
0.562585	-0.210822	0.113905	0.0117308	0.078167	-0.0263525
0.562598	-0.210743	0.113881	0.012248	0.0785286	-0.02588
0.562611	-0.210667	0.113858	0.0120618	0.0762316	-0.0253181
0.562621	-0.210592	0.113833	0.0106857	0.0759842	-0.0264148
0.562632	-0.210512	0.113807	0.0102344	0.0763275	-0.0261475
0.562642	-0.210435	0.113779	0.00999226	0.0779891	-0.0262301
0.562655	-0.210351	0.113752	0.0103803	0.0778563	-0.0266535
0.562669	-0.210272	0.113727	0.00952182	0.0763902	-0.027647
0.562678	-0.210192	0.113698	0.0100078	0.0784369	-0.0280184
0.562691	-0.210115	0.113674	0.0105476	0.07654	-0.0275281
0.562701	-0.210035	0.113648	0.0106054	0.0779796	-0.0276387
0.56271	-0.20996	0.113622	0.00997705	0.0775546	-0.0281204
0.562727	-0.209876	0.1136	0.0130235	0.0799678	-0.0250182
0.562735	-0.209801	0.11357	0.0133066	0.0813639	-0.0252065
0.562747	-0.209728	0.113548	0.0117806	0.0787182	-0.0252667
0.562759	-0.209651	0.113523	0.011573	0.0781766	-0.0258777
0.562772	-0.209574	0.113497	0.0120124	0.0790615	-0.0267884
0.562785	-0.209495	0.113474	0.011949	0.0793209	-0.0265949
0.562802	-0.20941	0.113453	0.0133521	0.0802258	-0.024142
0.562813	-0.209333	0.113425	0.0134717	0.0798324	-0.0237472
0.562824	-0.20926	0.113401	0.0124398	0.078136	-0.0248893
0.562839	-0.20918	0.113375	0.0128483	0.0796027	-0.0261158
0.562852	-0.209103	0.113352	0.0124695	0.0793527	-0.0261047
0.562868	-0.209023	0.113331	0.0121635	0.0771412	-0.0255232
0.562878	-0.20895	0.113303	0.0117372	0.0769365	-0.0255175
0.562891	-0.208875	0.113282	0.011685	0.0769774	-0.0251319
0.562905	-0.2088	0.113258	0.0125196	0.0788621	-0.0258511
0.562918	-0.208725	0.113236	0.0120124	0.0781964	-0.0259447
0.562935	-0.208648	0.113216	0.0134281	0.0766629	-0.024249
0.562947	-0.208568	0.113189	0.0145805	0.0779305	-0.0233851
0.562961	-0.20849	0.113163	0.0136668	0.0780944	-0.0249137
0.562976	-0.208416	0.113147	0.014684	0.0781203	-0.021521
0.562987	-0.208343	0.113117	0.0127462	0.0752602	-0.0233772
0.563004	-0.208268	0.113099	0.0140774	0.0737312	-0.0212844
0.563016	-0.208191	0.113073	0.0139102	0.0741937	-0.0228215
0.563027	-0.208126	0.113052	0.0130908	0.0714609	-0.0216819
0.563043	-0.20805	0.113033	0.0140451	0.0719534	-0.020971
0.563058	-0.207976	0.11301	0.0142908	0.0720815	-0.0221033
0.56307	-0.207906	0.11299	0.0156723	0.0704987	-0.0186392
0.563086	-0.207833	0.112967	0.0148596	0.071626	-0.0211038
0.563098	-0.207759	0.112943	0.0132749	0.0728243	-0.0233368
0.563108	-0.207688	0.112922	0.0122899	0.0710436	-0.0231068
0.563126	-0.207613	0.1129	0.0153202	0.0739523	-0.0217462
0.56314	-0.207542	0.112879	0.0140476	0.071952	-0.02101
0.563151	-0.20747	0.112855	0.0147236	0.0756017	-0.0221336
0.563168	-0.207393	0.112836	0.0172882	0.0798466	-0.0215397
0.563183	-0.20732	0.112815	0.0172227	0.0758943	-0.0193443
0.563194	-0.207248	0.112791	0.0157088	0.0720687	-0.019054
0.563207	-0.207177	0.112766	0.0149165	0.0713619	-0.0207533
0.563221	-0.207107	0.112749	0.0155153	0.0704248	-0.0193404
0.563235	-0.207034	0.112727	0.0158145	0.0729697	-0.0203879
0.563253	-0.206958	0.112707	0.0153366	0.0726262	-0.0211873
0.563265	-0.206884	0.112683	0.012741	0.0724083	-0.0235325
0.563278	-0.20681	0.112662	0.0123049	0.0718884	-0.0223626
0.563294	-0.206737	0.112642	0.0129267	0.0690395	-0.0214676
0.563306	-0.206664	0.112618	0.0132638	0.0684783	-0.0199979
0.563323	-0.20659	0.112597	0.0105091	0.067533	-0.0226344
0.563336	-0.206518	0.112578	0.0113605	0.0680307	-0.0216998
0.563349	-0.206451	0.112557	0.0111544	0.0660526	-0.0219395
0.563362	-0.206378	0.112533	0.0111142	0.0660237	-0.0229708
0.563377	-0.206303	0.112512	0.0129442	0.0677662	-0.0209464
0.563393	-0.206236	0.112496	0.0145689	0.069572	-0.0203208
0.563408	-0.20616	0.112473	0.0157858	0.0758844	-0.0221711
0.563423	-0.206081	0.112452	0.0164992	0.0767384	-0.0207829
0.563439	-0.206013	0.112434	0.0159193	0.0722044	-0.0191962
0.563451	-0.205939	0.11241	0.0143821	0.073114	-0.020754
0.563469	-0.205867	0.112395	0.0145079	0.073148	-0.0191536
0.563484	-0.205789	0.112372	0.0142471	0.0741858	-0.0212329
0.563501	-0.205717	0.112353	0.0154106	0.0718906	-0.0188277
0.563516	-0.205648	0.112335	0.0139351	0.0696543	-0.020733
0.563531	-0.205578	0.112315	0.0162994	0.0716131	-0.020103
0.563544	-0.205509	0.112296	0.0141203	0.0704773	-0.0207226
0.563558	-0.205439	0.112277	0.0127504	0.0707472	-0.0218117
0.563573	-0.205371	0.112259	0.0141732	0.0721311	-0.0212369
0.563591	-0.205293	0.11224	0.0157199	0.076175	-0.0215557
0.563605	-0.205224	0.112218	0.0154801	0.0760654	-0.0231654
0.563621	-0.20515	0.112197	0.0157285	0.0755992	-0.022178
0.563634	-0.205082	0.112178	0.016583	0.0723849	-0.0194419
0.563647	-0.205014	0.112159	0.0169929	0.074494	-0.0191818
0.563664	-0.204944	0.112143	0.0171881	0.0722965	-0.0166468
0.563679	-0.204868	0.112121	0.0156448	0.0722807	-0.0195664
0.563691	-0.204806	0.112103	0.0143555	0.0672137	-0.0184056
0.563707	-0.204737	0.112088	0.0147973	0.0667998	-0.0161377
0.563723	-0.204666	0.112071	0.0152975	0.0683446	-0.01738
0.563737	-0.204603	0.112055	0.0148768	0.0660606	-0.0162106
0.563754	-0.20453	0.112038	0.0166911	0.0677042	-0.0161571
0.563768	-0.204459	0.112019	0.0152697	0.0685606	-0.0172804
0.563783	-0.204389	0.112002	0.0148153	0.0696632	-0.0185482
0.563814	-0.204248	0.11197	0.0153517	0.0687938	-0.0175592
0.563827	-0.204181	0.111949	0.0143068	0.0673192	-0.0185754
0.563842	-0.204115	0.111938	0.0161275	0.0653391	-0.0145823
0.563857	-0.204046	0.111919	0.0154234	0.0655717	-0.0141467
0.563871	-0.203981	0.111907	0.0150759	0.0667399	-0.0128257
0.563885	-0.20391	0.111886	0.0147957	0.0664416	-0.0146369
0.563895	-0.203846	0.111867	0.0126217	0.0653232	-0.0162946
0.563911	-0.20378	0.111855	0.015156	0.0649393	-0.013822
0.563926	-0.203711	0.111839	0.0143065	0.0649249	-0.0134509
0.563939	-0.203642	0.111823	0.0127906	0.0642971	-0.0135417
0.563951	-0.203578	0.111806	0.0142205	0.0667124	-0.0135249
0.563967	-0.203514	0.111796	0.0153599	0.0658423	-0.0117085
0.563978	-0.203449	0.111776	0.011326	0.0636026	-0.0156362
0.563991	-0.203384	0.11176	0.0108489	0.0642872	-0.0167567
0.564003	-0.203315	0.11174	0.0102291	0.0665858	-0.0188116
0.564018	-0.203252	0.111729	0.0118754	0.065027	-0.0162064
0.56403	-0.203189	0.111714	0.0124105	0.0639339	-0.0152105
0.564041	-0.203128	0.1117	0.0137767	0.0639422	-0.0128239
0.564051	-0.203064	0.111681	0.0116391	0.063109	-0.0150518
0.564063	-0.202999	0.111666	0.0118737	0.0625331	-0.0146961
0.564078	-0.202933	0.111652	0.0137233	0.0637147	-0.0138133
0.564092	-0.202868	0.111636	0.0147521	0.0635451	-0.0136223
0.564104	-0.202801	0.11162	0.014639	0.0666346	-0.013075
0.56412	-0.202735	0.111607	0.0159216	0.0670315	-0.0124054
0.564131	-0.202667	0.111591	0.0134865	0.0678105	-0.0147474
0.564141	-0.202608	0.111576	0.0113855	0.0653013	-0.016119
0.564155	-0.202536	0.111557	0.0120107	0.0695971	-0.0187466
0.56417	-0.202473	0.111549	0.0115218	0.0672962	-0.0179158
0.564181	-0.202406	0.11153	0.0108116	0.0694396	-0.0201077
0.564194	-0.202348	0.111519	0.0109878	0.0681716	-0.0188803
0.564204	-0.20228	0.111499	0.0102338	0.0691437	-0.0205028
0.564212	-0.20222	0.111481	0.00868971	0.0647198	-0.0188118
0.564229	-0.202152	0.11147	0.0112834	0.0665786	-0.0155685
0.564244	-0.202084	0.111458	0.0135766	0.0661209	-0.0123231
0.564255	-0.202019	0.111445	0.0109155	0.0622014	-0.0130266
0.564269	-0.201952	0.111431	0.0133012	0.0652077	-0.0119148
0.564281	-0.201888	0.111419	0.0130231	0.0650678	-0.0117466
0.564293	-0.201822	0.111401	0.0126969	0.0648559	-0.0141318
0.564304	-0.20176	0.11139	0.0138775	0.0648286	-0.0116577
0.564318	-0.201697	0.111377	0.0133205	0.0611726	-0.0123614
0.564329	-0.20163	0.111362	0.0115784	0.0616037	-0.0141768
0.564343	-0.201567	0.111351	0.011678	0.0605411	-0.012621
0.564353	-0.201503	0.111338	0.0118894	0.0585232	-0.0106858
0.564364	-0.201442	0.111325	0.00927598	0.0585441	-0.0134618
0.564376	-0.201371	0.111308	0.0102822	0.0626563	-0.0143516
0.564387	-0.201311	0.111296	0.0116366	0.0620017	-0.0122092
0.564399	-0.201244	0.111284	0.0117854	0.0630918	-0.0113983
0.564407	-0.201184	0.111269	0.00834117	0.0599045	-0.0143545
0.564418	-0.201118	0.111254	0.00907003	0.061512	-0.0142444
0.56443	-0.20105	0.11124	0.00835717	0.0637117	-0.0166281
0.56444	-0.200983	0.111223	0.00720141	0.0650788	-0.0175039
0.56445	-0.200921	0.111211	0.00784555	0.0618884	-0.0152804
0.56446	-0.200856	0.111198	0.00930354	0.0632292	-0.0137262
0.564471	-0.200794	0.111187	0.0100659	0.0619231	-0.0119703
0.564481	-0.20073	0.111174	0.0102247	0.0611376	-0.01102
0.564489	-0.200669	0.111159	0.00973609	0.0609216	-0.0122273
0.564501	-0.200599	0.111147	0.00840188	0.0615908	-0.0140579
0.56451	-0.200533	0.11113	0.00944427	0.0624023	-0.0129157
0.564522	-0.200466	0.11112	0.00956802	0.060102	-0.0109628
0.564529	-0.200402	0.111104	0.00913732	0.0619702	-0.0133299
0.564541	-0.200338	0.111093	0.0103885	0.0625228	-0.0124439
0.56455	-0.200277	0.111083	0.0100392	0.0646584	-0.0119708
0.564565	-0.200203	0.111072	0.00996339	0.0658173	-0.012451
0.564572	-0.200143	0.111056	0.00812814	0.0645421	-0.0143862
0.564579	-0.200085	0.111042	0.00742683	0.0620886	-0.0158142
0.564589	-0.200021	0.111032	0.00736727	0.0600786	-0.0134384
0.5646	-0.199953	0.111016	0.00999641	0.0648048	-0.0136379
0.564612	-0.199891	0.11101	0.0112387	0.0644969	-0.0113301
0.564621	-0.199822	0.110991	0.0100599	0.0634391	-0.0135943
0.564631	-0.199757	0.110979	0.00972644	0.0628844	-0.0130375
0.564642	-0.199689	0.110967	0.00930368	0.0616208	-0.0122134
0.564652	-0.199623	0.110956	0.0103278	0.0627368	-0.0103939
0.564662	-0.199561	0.110944	0.0114294	0.0626883	-0.0114914
0.564674	-0.199496	0.110932	0.0127543	0.0656138	-0.0102355
0.564685	-0.199428	0.11092	0.0130219	0.0673033	-0.0095882
0.564694	-0.199364	0.110907	0.00915682	0.0651071	-0.0142313
0.564705	-0.199295	0.110893	0.010201	0.0681542	-0.0141972
0.564713	-0.199236	0.110886	0.00866045	0.0655231	-0.0131811
0.564724	-0.19917	0.110873	0.00939753	0.0670195	-0.0125077
0.56473	-0.199111	0.11086	0.0103721	0.065555	-0.0109323
0.564748	-0.199038	0.110857	0.0127367	0.0685959	-0.00750269
0.564757	-0.19897	0.110843	0.011115	0.0674504	-0.00981239
0.564764	-0.198906	0.110827	0.0108879	0.067566	-0.011534
0.564773	-0.198844	0.110816	0.0102192	0.0649023	-0.0113832
0.564784	-0.198776	0.110804	0.0127178	0.0670013	-0.00887604
0.564791	-0.198713	0.110793	0.0104451	0.0669546	-0.0107454
0.564802	-0.198646	0.110783	0.0119418	0.067261	-0.00909947
0.564814	-0.198582	0.110773	0.0108243	0.0656137	-0.0101109
0.564824	-0.198514	0.110765	0.0112455	0.0680851	-0.0101574
0.564832	-0.198452	0.110751	0.0117412	0.067972	-0.0102496
0.564843	-0.198386	0.11074	0.0104845	0.0658365	-0.0111343
0.564848	-0.198325	0.110727	0.00853257	0.064532	-0.0114133
0.564858	-0.198258	0.110716	0.0083999	0.0659446	-0.0121996
0.564867	-0.198192	0.110704	0.00766709	0.066594	-0.0138698
0.564878	-0.198118	0.11069	0.0070491	0.0671357	-0.0153131
0.564888	-0.198056	0.110685	0.00660979	0.0646689	-0.0137605
0.564898	-0.197991	0.110672	0.0083958	0.0654186	-0.0129216
0.56491	-0.197921	0.110664	0.00952305	0.0665135	-0.0120533
0.564916	-0.197857	0.110649	0.00695768	0.0648246	-0.014789
0.564926	-0.197789	0.11064	0.00731737	0.0640943	-0.0123812
0.564933	-0.197727	0.110628	0.0079814	0.0612998	-0.0101346
0.564943	-0.197656	0.110618	0.00822712	0.0630262	-0.00984328
0.564952	-0.197588	0.110604	0.00869292	0.06496	-0.0102143
0.564957	-0.197527	0.110591	0.00586136	0.0629251	-0.0130482
0.564968	-0.197455	0.110582	0.00748591	0.0659924	-0.0113327
0.564975	-0.197389	0.110568	0.00795792	0.0680946	-0.0118681
0.564983	-0.19732	0.110558	0.00730784	0.0676203	-0.0124456
0.564995	-0.19725	0.110549	0.00697209	0.0690569	-0.0135846
0.565	-0.19718	0.110531	0.00466271	0.0686361	-0.0159121
0.565009	-0.197115	0.110521	0.00525797	0.0685242	-0.0153305
0.565015	-0.197048	0.110509	0.00669627	0.0707197	-0.0143956
0.565024	-0.19698	0.110496	0.00623577	0.0711364	-0.0145927
0.565032	-0.19691	0.110486	0.00668241	0.0704783	-0.0129107
0.565037	-0.196842	0.110467	0.00603373	0.0700872	-0.0149117
0.565043	-0.196777	0.110456	0.00565338	0.0661054	-0.0123254
0.565048	-0.196716	0.110443	0.00612439	0.0642411	-0.0131518
0.565055	-0.196648	0.110429	0.00642408	0.0667163	-0.0142007
0.565063	-0.196577	0.110414	0.00726557	0.0689924	-0.0138521
0.565071	-0.19651	0.110402	0.00731546	0.0685036	-0.0139307
0.565078	-0.19644	0.110387	0.00570038	0.0668649	-0.0154832
0.565087	-0.196371	0.110379	0.00556228	0.0655478	-0.0146337
0.565096	-0.1963	0.110364	0.0060596	0.0668112	-0.0143332
0.565103	-0.196233	0.110352	0.00790031	0.0665919	-0.0126809
0.565109	-0.196167	0.110339	0.00679837	0.0651508	-0.011713
0.56512	-0.196097	0.110329	0.00922329	0.0687113	-0.010705
0.565127	-0.196029	0.110316	0.00793404	0.0666846	-0.0111753
0.56513	-0.195959	0.110296	0.00708687	0.0691856	-0.0135584
0.565133	-0.195898	0.110282	0.0056898	0.0654089	-0.0130691
0.565142	-0.195831	0.110271	0.00589758	0.0631785	-0.0114672
0.565151	-0.19576	0.110261	0.00609732	0.0661208	-0.011869
0.56516	-0.195686	0.110248	0.00444801	0.0677301	-0.0144451
0.565167	-0.195619	0.110237	0.00477067	0.0677829	-0.0149999
0.565171	-0.195553	0.110221	0.00209847	0.0642938	-0.0163558
0.56518	-0.195486	0.110211	0.0035411	0.0673207	-0.0151984
0.565185	-0.195418	0.110195	0.00440647	0.0686541	-0.0154992
0.565193	-0.19535	0.110185	0.00839141	0.0696458	-0.0120139
0.565199	-0.195285	0.110172	0.00825325	0.069784	-0.0120431
0.565206	-0.195213	0.110159	0.00643991	0.0679149	-0.0126052
0.56521	-0.195151	0.110146	0.00418405	0.0654192	-0.0148507
0.565214	-0.195089	0.110133	0.00386812	0.0636698	-0.0140218
0.56522	-0.195018	0.11012	0.00415765	0.0683401	-0.0147374
0.565223	-0.194962	0.110109	0.00390427	0.0652465	-0.0150316
0.56523	-0.194891	0.110093	0.00465668	0.0677411	-0.0166854
0.565233	-0.194829	0.110078	0.00454597	0.0644913	-0.0150763
0.56524	-0.194763	0.110067	0.00442387	0.0627678	-0.0146933
0.565244	-0.194695	0.110052	0.00243255	0.0624112	-0.0167762
0.56525	-0.194626	0.110039	0.00243933	0.0627069	-0.0167151
0.565254	-0.194558	0.110023	0.00350223	0.0640811	-0.0157533
0.565259	-0.194491	0.110007	0.00475514	0.0657693	-0.0153917
0.565264	-0.194421	0.109994	0.0054814	0.0670131	-0.0139249
0.565269	-0.194353	0.109976	0.00562837	0.0660721	-0.01388
0.565274	-0.194285	0.109964	0.00578254	0.0673987	-0.0144169
0.565279	-0.194221	0.109951	0.00674241	0.067393	-0.0127763
0.56528	-0.194152	0.109932	0.00517798	0.0666841	-0.0138107
0.565287	-0.194084	0.109919	0.00517138	0.0660436	-0.0130723
0.565292	-0.194016	0.109902	0.0051996	0.0651228	-0.0133273
0.565299	-0.193943	0.109888	0.00806137	0.069442	-0.0117338
0.565306	-0.193872	0.109874	0.00745986	0.0696091	-0.0121854
0.56531	-0.193805	0.109859	0.00658352	0.0686432	-0.0120199
0.565313	-0.193737	0.109841	0.00583871	0.0668384	-0.0126135
0.56532	-0.193669	0.109829	0.00639556	0.0671897	-0.0118893
0.565326	-0.193599	0.109816	0.00640976	0.0680771	-0.0129771
0.56533	-0.193531	0.1098	0.00481614	0.0675387	-0.0140948
0.565338	-0.193458	0.10979	0.00588989	0.0674022	-0.0113276
0.565341	-0.193387	0.109769	0.0042123	0.0682032	-0.014478
0.565346	-0.193318	0.109757	0.00385528	0.0673869	-0.0149044
0.565352	-0.193251	0.109743	0.00518314	0.0674453	-0.0136795
0.565353	-0.19318	0.109723	0.00491633	0.0692984	-0.0151662
0.565362	-0.19311	0.109711	0.00585418	0.0680351	-0.0146921
0.565365	-0.193038	0.109693	0.00536356	0.0693714	-0.0145938
0.565373	-0.192964	0.10968	0.00670243	0.0700257	-0.0130126
0.565378	-0.192893	0.109666	0.0062016	0.0680805	-0.0121691
0.565381	-0.192825	0.109646	0.00600396	0.0680241	-0.0137655
0.565388	-0.19275	0.109632	0.00620518	0.0702019	-0.0131793
0.565391	-0.192679	0.109617	0.00580732	0.0701724	-0.0139489
0.565395	-0.192608	0.109598	0.00549616	0.07119	-0.0164144
0.565399	-0.192536	0.10958	0.00406451	0.0712864	-0.0179727
0.5654	-0.192468	0.109563	0.00472057	0.0704197	-0.0159403
0.565406	-0.192394	0.109545	0.005472	0.0723441	-0.017373
0.565409	-0.192326	0.109529	0.00607399	0.0713603	-0.0156262
0.56541	-0.192257	0.109507	0.00467107	0.0691808	-0.0177311
0.565417	-0.192183	0.109497	0.00605066	0.0713364	-0.0154453
0.565419	-0.19211	0.109476	0.00475894	0.0733037	-0.0182188
0.56542	-0.192039	0.109454	0.00362435	0.0728768	-0.0199414
0.565423	-0.19197	0.109439	0.00224595	0.0702808	-0.0196961
0.565424	-0.191893	0.109413	0.000868266	0.0720737	-0.022869
0.565427	-0.191819	0.109395	0.00132116	0.0728195	-0.0222173
0.565427	-0.191748	0.109372	-0.000172577	0.0701724	-0.0231715
0.565429	-0.191677	0.109355	0.0011364	0.0711123	-0.0202569
0.565431	-0.191605	0.109336	0.000878119	0.0710745	-0.0204565
0.565434	-0.191532	0.109316	0.00136264	0.0699384	-0.0194647
0.565432	-0.191463	0.109294	-0.000430693	0.0676663	-0.0206255
0.565433	-0.191388	0.109271	0.000685096	0.0697275	-0.021139
0.565437	-0.191316	0.109254	0.00178667	0.0707633	-0.0203387
0.565439	-0.191245	0.109234	0.00153988	0.0709103	-0.020359
0.56544	-0.191169	0.109211	0.00273692	0.0747581	-0.0196955
0.565444	-0.191092	0.109192	0.00309023	0.0762794	-0.0203883
0.565445	-0.191018	0.109172	0.00236968	0.0746138	-0.0195833
0.565448	-0.190946	0.109151	0.00116159	0.0753025	-0.0214524
0.565453	-0.190869	0.109133	0.00217764	0.0767518	-0.0211172
0.565448	-0.190798	0.109107	-0.0015373	0.0741243	-0.0241087
0.565451	-0.190726	0.109093	-0.000572311	0.0750906	-0.0209844
0.565456	-0.19065	0.109073	0.000215131	0.0742249	-0.0211193
0.565457	-0.190574	0.10905	-0.00107554	0.0738358	-0.0229189
0.56546	-0.190506	0.109034	-0.000541447	0.0713751	-0.0213109
0.565459	-0.19043	0.109011	-0.00117469	0.0723314	-0.0226966
0.565457	-0.190361	0.108988	-0.00160554	0.0708769	-0.0234055
0.565459	-0.190286	0.108967	-0.000745125	0.0725688	-0.0224879
0.565459	-0.190215	0.108945	-0.000970969	0.0732904	-0.0241813
0.565459	-0.190136	0.108921	-0.00212573	0.0754848	-0.0255167
0.565461	-0.190062	0.1089	-0.00186837	0.0729156	-0.024771
0.565464	-0.18999	0.108883	0.000265972	0.0750317	-0.0227305
0.565461	-0.189919	0.108856	-0.000846297	0.0743526	-0.0243342
0.565464	-0.189842	0.108838	-8.0028e-05	0.0772962	-0.0252535
0.565463	-0.189768	0.108812	-0.000517187	0.0747232	-0.0236999
0.565463	-0.189693	0.108786	-0.000784684	0.0730961	-0.0244229
0.565461	-0.18962	0.108762	-0.0022072	0.0733125	-0.0251498
0.565459	-0.189551	0.10874	-0.00431687	0.0708556	-0.0255138
0.565458	-0.189475	0.108714	-0.00324394	0.0727188	-0.0253817
0.565454	-0.189406	0.108688	-0.00340658	0.0754693	-0.0270992
0.565451	-0.189334	0.108664	-0.00237374	0.0761988	-0.0258634
0.565451	-0.189256	0.108637	0.000361291	0.0783305	-0.0247673
0.56545	-0.189178	0.10861	0.000491595	0.0789434	-0.0246616
0.565447	-0.189105	0.108584	0.000216659	0.076475	-0.0239557
0.565449	-0.189029	0.10856	0.00139257	0.0781641	-0.0234357
0.565445	-0.188956	0.108533	0.000625414	0.076459	-0.0238748
0.565444	-0.188877	0.108503	0.000693615	0.0783922	-0.0245517
0.565446	-0.188806	0.108485	0.00171254	0.0762978	-0.0220009
0.565446	-0.188729	0.10846	0.00194604	0.0752092	-0.0225825
0.565446	-0.188653	0.108435	0.00122084	0.0739776	-0.0227221
0.565446	-0.188579	0.108412	0.000201461	0.0734273	-0.0241386
0.565448	-0.188496	0.108384	0.00154516	0.077834	-0.0247622
0.565446	-0.188424	0.108358	-0.000310998	0.0763094	-0.0261518
0.565449	-0.188344	0.108336	0.000983859	0.0781621	-0.0243389
0.56545	-0.188264	0.108313	0.00179903	0.079748	-0.0235671
0.56545	-0.188189	0.108287	0.00140596	0.0799451	-0.0240644
0.565449	-0.188108	0.108259	0.000316599	0.0799113	-0.0263458
0.565454	-0.188029	0.10824	0.00340064	0.0816146	-0.0228769
0.565455	-0.187951	0.108213	0.00335995	0.0796825	-0.023952
0.565455	-0.187869	0.108184	0.0027686	0.0802284	-0.0248973
0.565456	-0.187792	0.10816	0.00209264	0.0790462	-0.0239151
0.565458	-0.187712	0.108133	0.00140167	0.0777855	-0.0255003
0.565458	-0.187636	0.108107	0.00279978	0.0776432	-0.0234938
0.565458	-0.187557	0.108078	0.00149571	0.0779358	-0.025814
0.565458	-0.18748	0.108053	0.00144401	0.0783501	-0.0246138
0.565457	-0.187404	0.108027	0.00103092	0.077489	-0.0237473
0.565462	-0.187318	0.107999	0.00142412	0.0792312	-0.0254674
0.56546	-0.18724	0.107968	0.0017357	0.0772755	-0.0249267
0.56546	-0.187161	0.107943	0.00219141	0.0780911	-0.0234349
0.565463	-0.187077	0.107914	0.0014788	0.0797169	-0.0270992
0.565461	-0.187002	0.107886	0.00100841	0.0788677	-0.0260189
0.565458	-0.186919	0.107855	-0.000315991	0.0803473	-0.0279442
0.565458	-0.186842	0.107825	0.00166683	0.0832758	-0.0286721
0.565461	-0.186766	0.1078	0.0015519	0.0797602	-0.0276173
0.565462	-0.186678	0.107772	0.000773528	0.0832502	-0.0284061
0.565458	-0.186607	0.107741	-0.000706378	0.0806182	-0.0301607
0.56546	-0.186527	0.107714	-0.000902023	0.0804228	-0.0305824
0.565459	-0.186447	0.107683	-0.000605459	0.0811162	-0.0320933
0.565462	-0.186363	0.107654	0.000401519	0.0827843	-0.0310996
0.565461	-0.186282	0.107624	-0.00126421	0.0798527	-0.0309577
0.565465	-0.186196	0.107593	-0.000122233	0.0809368	-0.03068
0.565468	-0.186114	0.107565	0.00100166	0.080075	-0.0288651
0.565468	-0.186031	0.107534	0.00185578	0.0839461	-0.0305366
0.565469	-0.185952	0.107502	0.000193111	0.0828028	-0.0326928
0.565473	-0.18587	0.107478	0.000322945	0.0825714	-0.0312595
0.565474	-0.185789	0.107446	0.000930806	0.082976	-0.0318545
0.565477	-0.185707	0.107415	0.00148335	0.0802418	-0.030388
0.565476	-0.185625	0.107386	0.00154721	0.0824883	-0.0305878
0.565479	-0.185543	0.107354	-0.000419155	0.0811624	-0.0316503
0.565482	-0.185459	0.107325	0.0010702	0.0810419	-0.0297473
0.565485	-0.18538	0.1073	0.00143018	0.0784016	-0.0286137
0.565487	-0.185293	0.107267	0.000895068	0.0797836	-0.0303523
0.565489	-0.185211	0.107233	-0.000665283	0.0785913	-0.0327779
0.565494	-0.18513	0.107207	-1.24166e-05	0.0781845	-0.031184
0.565495	-0.185044	0.107171	-7.21362e-06	0.0804838	-0.0331555
0.565498	-0.184965	0.107141	0.000587469	0.0832909	-0.0333485
0.565497	-0.184883	0.107105	-0.000475332	0.0828964	-0.0344498
0.565502	-0.184799	0.107074	-0.000730308	0.0810806	-0.0348831
0.565505	-0.18472	0.107044	0.000487341	0.0799956	-0.0318072
0.565508	-0.184638	0.107011	0.000419042	0.0812272	-0.0337731
0.565509	-0.184553	0.106976	0.00124613	0.0810258	-0.0341205
0.565514	-0.184469	0.106945	0.00213707	0.0807928	-0.0339741
0.565518	-0.184384	0.10691	0.00265337	0.0828027	-0.0344558
0.565519	-0.18431	0.10688	0.00166781	0.0813203	-0.0342403
0.565526	-0.184225	0.106848	0.00323728	0.0816539	-0.0342533
0.565528	-0.184135	0.106809	0.00262271	0.0827841	-0.0364796
0.565531	-0.184052	0.106778	0.00351369	0.0809673	-0.0334411
0.565538	-0.183974	0.106745	0.0054682	0.079365	-0.0318606
0.56554	-0.183887	0.10671	0.00438164	0.0812456	-0.0336683
0.565544	-0.18381	0.106678	0.00503118	0.0792148	-0.032201
0.565547	-0.183727	0.106643	0.00410133	0.0812688	-0.0330738
0.565553	-0.183644	0.106613	0.00449139	0.081813	-0.0318375
0.565554	-0.18356	0.106574	0.00110143	0.0802568	-0.0358774
0.565558	-0.183475	0.10654	0.00182698	0.0829424	-0.0350095
0.565563	-0.183385	0.106502	0.00299678	0.0855962	-0.0364127
0.565568	-0.183305	0.106469	0.00438047	0.0837014	-0.0339077
0.565572	-0.183226	0.106438	0.00298016	0.0813705	-0.0340245
0.565576	-0.183142	0.106402	0.00302307	0.0818444	-0.0348429
0.565581	-0.183053	0.106366	0.00297437	0.0849383	-0.0367796
0.565584	-0.182979	0.106338	0.00286295	0.0806084	-0.0342487
0.565589	-0.182891	0.106301	0.0035646	0.0819836	-0.035396
0.565587	-0.182811	0.10626	0.00269796	0.0804636	-0.0354502
0.565594	-0.182724	0.106225	0.0019577	0.082964	-0.0368697
0.565601	-0.182637	0.106193	0.00332637	0.0834863	-0.0359183
0.565604	-0.182556	0.106159	0.00190753	0.0812954	-0.0362402
0.565607	-0.182468	0.106117	0.00170719	0.0837333	-0.0372542
0.565612	-0.182382	0.106083	0.00370493	0.0864287	-0.0360548
0.565618	-0.1823	0.106052	0.00470419	0.0849093	-0.0343679
0.565624	-0.182212	0.106018	0.00399623	0.0842587	-0.0337724
0.565625	-0.182136	0.105979	0.00298074	0.0815874	-0.0353127
0.565631	-0.182048	0.105944	0.00405724	0.0827392	-0.0337357
0.565632	-0.181967	0.105905	0.00343825	0.0821955	-0.0348804
0.565636	-0.181882	0.105866	0.00478889	0.0844645	-0.0349567
0.565637	-0.181797	0.105826	0.00376866	0.0843947	-0.0363258
0.565644	-0.181711	0.105788	0.00394527	0.0849155	-0.0384497
0.565647	-0.181624	0.105749	0.00269084	0.0841227	-0.0386232
0.565651	-0.181536	0.105709	0.0021853	0.0829787	-0.038739
0.565657	-0.181448	0.105673	0.00324333	0.0844015	-0.0388585
0.565661	-0.18136	0.105634	0.00295265	0.0841462	-0.0397201
0.565666	-0.181273	0.105596	0.00158713	0.0837928	-0.0407571
0.565667	-0.181186	0.105553	0.000780608	0.0841727	-0.0399323
0.565672	-0.181101	0.105517	0.00103029	0.0833218	-0.038547
0.565673	-0.181021	0.105475	0.0010362	0.0815111	-0.0386295
0.565677	-0.180933	0.105437	0.00205196	0.0855621	-0.0379248
0.565681	-0.180846	0.1054	0.00364624	0.0888358	-0.0371942
0.565684	-0.180756	0.105354	0.00127307	0.0876063	-0.0410528
0.565686	-0.180674	0.105317	0.00218784	0.0844947	-0.0379645
0.565692	-0.180586	0.105275	0.00277293	0.084742	-0.0393728
0.565694	-0.180505	0.105237	0.00021774	0.0839444	-0.040764
0.565698	-0.180416	0.105197	-1.07198e-05	0.0858961	-0.0419413
0.565703	-0.180331	0.105158	0.00183748	0.0855273	-0.0396132
0.565702	-0.180248	0.105115	0.00101907	0.0844015	-0.0410527
0.565703	-0.180167	0.105071	0.00118256	0.0840443	-0.0421222
0.565706	-0.180081	0.10503	0.00189044	0.0855244	-0.0419674
0.56571	-0.179995	0.104991	0.0019202	0.0836375	-0.0408793
0.565715	-0.179905	0.104951	0.00272538	0.0860469	-0.041034
0.565713	-0.179821	0.104903	-4.96627e-05	0.0841258	-0.0451987
0.56572	-0.179736	0.104868	0.00176453	0.0840292	-0.0426066
0.565722	-0.17965	0.104823	0.000379254	0.0849745	-0.0443124
0.565723	-0.179564	0.104778	0.000688196	0.0855135	-0.044535
0.565729	-0.17948	0.104741	0.0026814	0.0851548	-0.042838
0.565729	-0.179392	0.104694	0.00234281	0.0850047	-0.0438047
0.565732	-0.179312	0.104651	0.00374769	0.0854732	-0.0416628
0.565735	-0.179221	0.104608	0.00474402	0.0872448	-0.041312
0.565737	-0.179135	0.104561	0.00326224	0.0861779	-0.04317
0.565741	-0.179051	0.104524	0.00375177	0.0859946	-0.0406076
0.565747	-0.178957	0.104479	0.00502571	0.0879726	-0.0395215
0.565747	-0.178867	0.104432	0.00374021	0.0889584	-0.0415057
0.565752	-0.178781	0.104388	0.00320051	0.0867936	-0.0431331
0.565756	-0.178698	0.104349	0.00233008	0.084107	-0.0425736
0.565761	-0.178606	0.104305	0.00205062	0.0855885	-0.0438599
0.565762	-0.178521	0.10426	0.00174896	0.0832686	-0.0446494
0.565765	-0.17843	0.104213	0.00168175	0.0854736	-0.045153
0.565767	-0.178348	0.104169	0.00351549	0.0837317	-0.0428109
0.565771	-0.178257	0.104124	0.00348296	0.0847737	-0.0438846
0.565776	-0.178169	0.104081	0.00625138	0.0888224	-0.0418796
0.565781	-0.178077	0.104038	0.00540644	0.0891032	-0.0429723
0.565784	-0.177988	0.103993	0.00381144	0.0893033	-0.044936
0.565788	-0.177904	0.10395	0.00389814	0.0864494	-0.0437294
0.565791	-0.177811	0.103902	0.0034998	0.0887307	-0.0444765
0.565797	-0.177719	0.103855	0.00544423	0.0932584	-0.0456203
0.565803	-0.177633	0.103815	0.00666218	0.0899235	-0.0432428
0.565806	-0.177548	0.103771	0.00706213	0.0895908	-0.042048
0.565808	-0.17746	0.103723	0.00593785	0.0895322	-0.0442058
0.56581	-0.177372	0.103673	0.00592967	0.088722	-0.0438408
0.56582	-0.177281	0.103632	0.00881003	0.0916	-0.0411114
0.565821	-0.177194	0.103584	0.00709168	0.0907747	-0.0428801
0.565825	-0.177105	0.103536	0.00473863	0.08935	-0.045295
0.565828	-0.177018	0.103489	0.00415265	0.0884084	-0.0460302
0.565832	-0.176931	0.103445	0.00462388	0.0877792	-0.0451293
0.565837	-0.176843	0.103402	0.00505078	0.0873198	-0.0439681
0.565843	-0.17675	0.103353	0.00310108	0.0878846	-0.0478581
0.565845	-0.176666	0.103307	0.00282259	0.083965	-0.0463702
0.56585	-0.176581	0.103261	0.00291037	0.0875515	-0.0478089
0.565851	-0.176493	0.103212	0.0038009	0.0870489	-0.0468779
0.565856	-0.176408	0.103164	0.00381099	0.0868125	-0.0484415
0.565861	-0.176318	0.103117	0.00424333	0.089028	-0.0489707
0.565866	-0.176224	0.10307	0.00578995	0.0911119	-0.045968
0.56587	-0.17614	0.103024	0.00537882	0.0893489	-0.0458472
0.565871	-0.176049	0.102972	0.00497329	0.0902648	-0.0465897
0.565876	-0.175964	0.102927	0.0051776	0.0903661	-0.0473878
0.56588	-0.175875	0.102879	0.00612929	0.0905791	-0.0450399
0.565885	-0.175788	0.102833	0.00581173	0.0883993	-0.0448722
0.565889	-0.1757	0.102785	0.0053362	0.088579	-0.0459923
0.565892	-0.175617	0.10274	0.00536841	0.0882219	-0.0448389
0.565898	-0.175528	0.102696	0.00568981	0.0885685	-0.0450837
0.565901	-0.175442	0.102645	0.00383317	0.0874068	-0.046989
0.565904	-0.175349	0.102596	0.00304117	0.0877933	-0.0466424
0.565912	-0.175264	0.102553	0.0033285	0.0835493	-0.0465431
0.565913	-0.175178	0.102503	0.00267884	0.0822667	-0.0465715
0.56592	-0.175085	0.102456	0.00317927	0.0861999	-0.0466901
0.56592	-0.174997	0.102403	0.00245951	0.0870396	-0.0481031
0.565925	-0.174911	0.102356	0.00269771	0.0868704	-0.0489727
0.56593	-0.174828	0.102314	0.0048548	0.0871096	-0.0466812
0.565929	-0.174744	0.102259	0.00285729	0.0863334	-0.0500586
0.565935	-0.174656	0.102214	0.00275244	0.0848528	-0.0505638
0.565934	-0.174571	0.102162	0.0010017	0.0853644	-0.0523709
0.565938	-0.174481	0.102109	0.00220481	0.0853122	-0.0521675
0.565943	-0.174393	0.102064	0.00304694	0.0870462	-0.0511456
0.565946	-0.174306	0.102014	0.0024265	0.0880647	-0.0507008
0.565947	-0.174218	0.101964	-0.000175626	0.0865187	-0.0510664
0.56595	-0.174131	0.101917	0.000109969	0.086444	-0.0496616
0.565957	-0.174039	0.101868	0.00237146	0.0861396	-0.0478032
0.565957	-0.173954	0.101817	0.00199356	0.0860425	-0.0479382
0.565962	-0.173869	0.101769	0.0046561	0.0881191	-0.0477011
0.565963	-0.173783	0.101719	0.00412814	0.0889335	-0.048465
0.565969	-0.17369	0.101671	0.00360557	0.0903287	-0.0493248
0.565973	-0.173597	0.101623	0.00371727	0.0899488	-0.0489931
0.565973	-0.173512	0.101569	0.0021898	0.088583	-0.0513573
0.565981	-0.173414	0.101522	0.00350752	0.0903934	-0.0510624
0.565983	-0.17333	0.101474	0.00261212	0.0878776	-0.0506559
0.565986	-0.173235	0.101424	0.000956695	0.0900997	-0.0536472
0.565991	-0.173149	0.101377	0.00232266	0.0882981	-0.0504663
0.565991	-0.17306	0.101324	0.00232151	0.0894647	-0.0504324
0.565997	-0.172971	0.101276	0.00440945	0.0903315	-0.0479684
0.565997	-0.172886	0.101225	0.00319421	0.088647	-0.0493423
0.565995	-0.172795	0.10117	0.00194064	0.0893965	-0.0513779
0.566003	-0.172701	0.101123	0.00454577	0.0900402	-0.0483531
0.566005	-0.172612	0.101072	0.00274957	0.0895149	-0.0491085
0.56601	-0.172519	0.101023	0.00342117	0.0903629	-0.0495233
0.566008	-0.172436	0.10097	0.00124942	0.0889065	-0.0517695
0.566014	-0.172344	0.100925	0.00167361	0.0869074	-0.0500842
0.566016	-0.172262	0.100876	0.00124886	0.0852745	-0.0495535
0.566014	-0.172174	0.100822	-0.000463118	0.0854587	-0.0503513
0.566015	-0.172092	0.100774	-0.000846833	0.0843803	-0.0497033
0.566017	-0.172	0.100725	-0.000192217	0.0874619	-0.0518037
0.566019	-0.171919	0.100678	0.000718424	0.0842545	-0.0503483
0.566022	-0.171828	0.100627	0.0014876	0.084034	-0.0497848
0.566026	-0.171736	0.100577	0.00307651	0.0848883	-0.0473169
0.566027	-0.171649	0.10053	0.000785592	0.0845901	-0.0499555
0.566028	-0.171563	0.10048	0.00174152	0.0863721	-0.0498238
0.566031	-0.171472	0.10043	0.00216903	0.0872939	-0.0499893
0.566032	-0.171385	0.100381	0.00248584	0.0867707	-0.0486922
0.566034	-0.1713	0.100333	0.00270184	0.0858592	-0.0488466
0.566035	-0.171212	0.10028	0.00169004	0.0872947	-0.0509844
0.566034	-0.171128	0.100232	0.00224023	0.088141	-0.0495331
0.566038	-0.171036	0.100181	0.00355364	0.0893376	-0.0499987
0.566041	-0.170951	0.100137	0.00285931	0.0866969	-0.0468972
0.566043	-0.170862	0.100084	0.00339263	0.0893355	-0.0496783
0.566043	-0.170778	0.100033	0.0010114	0.0869691	-0.0508349
0.566046	-0.17069	0.0999874	0.00303934	0.0869328	-0.0485451
0.566049	-0.1706	0.0999396	0.00208346	0.0857279	-0.0471893
0.566053	-0.170514	0.0998917	0.00363405	0.0854984	-0.0457382
0.566051	-0.170438	0.0998414	0.00121763	0.0818875	-0.0462724
0.566053	-0.170352	0.099794	0.00316418	0.0853167	-0.044496
0.566055	-0.170261	0.0997412	0.00352782	0.0858598	-0.045907
0.566054	-0.170181	0.0996929	0.00379219	0.0848714	-0.0443536
0.566058	-0.170095	0.0996442	0.00547964	0.0856417	-0.0443269
0.566057	-0.17001	0.0995928	0.00579397	0.0873437	-0.0453709
0.566058	-0.169926	0.0995468	0.00555721	0.0877082	-0.0450086
0.56606	-0.169835	0.0994957	0.00446314	0.0886156	-0.0457357
0.566058	-0.169757	0.0994407	0.00251987	0.0841461	-0.0484079
0.566061	-0.169673	0.0993974	0.00154593	0.0808882	-0.0464079
0.566058	-0.16959	0.0993422	0.000837424	0.0822565	-0.0489571
0.566059	-0.169501	0.0992907	-0.000666967	0.0871207	-0.0521798
0.566062	-0.169414	0.0992427	0.00187329	0.086962	-0.0483642
0.566058	-0.169331	0.0991884	0.000606501	0.0854634	-0.0499534
0.56606	-0.169248	0.0991409	0.000400006	0.0841127	-0.0493332
0.56606	-0.169163	0.0990866	0.000569963	0.0837458	-0.0506499
0.56606	-0.16908	0.0990388	0.00117835	0.0848292	-0.0482456
0.566059	-0.168997	0.0989875	0.000754798	0.0829862	-0.0489504
0.566062	-0.168913	0.0989426	0.00225733	0.0834069	-0.0473134
0.566058	-0.168834	0.0988898	-0.000460655	0.0808775	-0.0492747
0.566058	-0.168752	0.0988406	-0.000685741	0.0807403	-0.049082
0.566056	-0.168666	0.098788	-0.000505249	0.0818654	-0.0495437
0.566054	-0.168584	0.0987345	-0.001014	0.0806113	-0.0497197
0.566054	-0.1685	0.098688	-0.00101172	0.080964	-0.0482616
0.56605	-0.168419	0.0986342	-0.00193077	0.0812159	-0.0500944
0.566051	-0.168331	0.0985848	-0.00119214	0.083893	-0.0504955
0.566047	-0.168257	0.0985345	-0.00124179	0.0805441	-0.0498512
0.566046	-0.168173	0.098484	-0.00207741	0.0801551	-0.0505341
0.566046	-0.16809	0.0984332	-0.00223234	0.083082	-0.0531214
0.566042	-0.16801	0.0983836	-0.00324822	0.0828691	-0.0539557
0.566039	-0.16793	0.0983291	-0.00289152	0.0857188	-0.0554903
0.566035	-0.167847	0.0982786	-0.00317682	0.0864219	-0.0548197
0.566035	-0.167763	0.0982274	-0.00325056	0.0836271	-0.054539
0.566032	-0.167684	0.0981771	-0.00447241	0.0835461	-0.0547349
0.56603	-0.1676	0.098129	-0.00272675	0.0857232	-0.0519956
0.566025	-0.167521	0.0980746	-0.00396594	0.0846812	-0.054877
0.566026	-0.167439	0.0980307	-0.00179982	0.0843991	-0.05028
0.56602	-0.167358	0.0979765	-0.00250386	0.083367	-0.0506311
0.566017	-0.167277	0.0979273	-0.00208646	0.0836806	-0.0503584
0.566014	-0.167204	0.0978814	-0.00232011	0.0808571	-0.0473987
0.566008	-0.167122	0.0978261	-0.00296457	0.080325	-0.0481068
0.566006	-0.167042	0.0977777	-0.00153984	0.0825482	-0.0481671
0.566003	-0.166963	0.0977241	-0.001441	0.0802738	-0.0490975
0.565997	-0.166884	0.0976723	-0.00248671	0.0797448	-0.0497806
0.565991	-0.166809	0.0976237	-0.00286026	0.0790241	-0.0490433
0.565986	-0.16673	0.0975727	-0.0028049	0.0788227	-0.0488824
0.56598	-0.166656	0.0975208	-0.00369952	0.0766423	-0.0500012
0.565972	-0.166578	0.097465	-0.00439025	0.0776778	-0.0513681
0.565964	-0.166512	0.0974148	-0.00526432	0.0741228	-0.0517997
0.565958	-0.166436	0.097363	-0.00373424	0.0751424	-0.0502386
0.56595	-0.166362	0.0973057	-0.00487989	0.0763691	-0.0525439
0.565942	-0.166277	0.09725	-0.00617473	0.0798176	-0.0532328
0.565937	-0.166203	0.0971972	-0.00507313	0.0785481	-0.0529922
0.565931	-0.16613	0.0971482	-0.00559845	0.0754544	-0.0514425
0.565925	-0.166056	0.0970974	-0.00547106	0.0774442	-0.0512468
0.565916	-0.16598	0.0970436	-0.00600964	0.0808611	-0.0524879
0.565908	-0.1659	0.0969859	-0.0065178	0.078973	-0.0535632
0.565902	-0.165829	0.0969356	-0.00661632	0.0788734	-0.0538072
0.565896	-0.165755	0.0968831	-0.00592518	0.0784281	-0.0539236
0.565887	-0.165678	0.0968273	-0.00630205	0.0794299	-0.0549953
0.565879	-0.165604	0.0967762	-0.00595825	0.0776249	-0.0526732
0.565872	-0.165531	0.0967234	-0.0074349	0.0769311	-0.0546506
0.565864	-0.165452	0.0966667	-0.00633947	0.0808419	-0.0559683
0.565853	-0.16538	0.0966101	-0.00838468	0.080904	-0.0575871
0.565848	-0.165298	0.0965585	-0.00639546	0.0813333	-0.0550648
0.565842	-0.165223	0.0965041	-0.00665054	0.0800574	-0.0560496
0.565832	-0.165147	0.096448	-0.00746864	0.0794194	-0.0562901
0.565822	-0.165075	0.096393	-0.00740951	0.0769868	-0.0543823
0.565806	-0.164918	0.0962855	-0.00810916	0.0766925	-0.0546356
0.565798	-0.164841	0.0962315	-0.00707611	0.0752336	-0.0528601
0.56579	-0.164763	0.0961772	-0.00813185	0.0746677	-0.0530953
0.565781	-0.164686	0.0961228	-0.00793936	0.0776773	-0.0534954
0.565774	-0.16461	0.0960723	-0.00615541	0.0777436	-0.0512755
0.565764	-0.164532	0.0960153	-0.0085514	0.0786083	-0.0553755
0.565751	-0.164462	0.0959623	-0.00995894	0.0745039	-0.0536501
0.565744	-0.164385	0.09591	-0.00952783	0.0746648	-0.0531557
0.565733	-0.164311	0.0958542	-0.00829831	0.0769341	-0.0532193
0.565724	-0.164234	0.0957997	-0.00668561	0.078501	-0.0524983
0.565714	-0.164162	0.0957477	-0.00766306	0.076682	-0.0522469
0.565702	-0.164085	0.0956916	-0.00861248	0.0774001	-0.0532706
0.565694	-0.164009	0.0956394	-0.00833358	0.0770416	-0.0527309
0.565683	-0.163932	0.0955863	-0.00971434	0.0769903	-0.053488
0.565669	-0.16386	0.095528	-0.0113996	0.0762375	-0.0555327
0.565659	-0.163785	0.0954742	-0.0116764	0.0738543	-0.0554624
0.565646	-0.163714	0.0954202	-0.0115593	0.0758182	-0.0555955
0.565633	-0.163645	0.0953674	-0.0110078	0.0735591	-0.0528546
0.565626	-0.163562	0.0953162	-0.00871576	0.0746354	-0.051373
0.565614	-0.16349	0.0952598	-0.00955431	0.0742074	-0.0529848
0.565608	-0.163407	0.0952109	-0.00866159	0.076652	-0.0516996
0.565595	-0.163338	0.0951547	-0.00995906	0.0749376	-0.0536514
0.565583	-0.163263	0.0951026	-0.00895225	0.0750948	-0.0523942
0.565574	-0.163187	0.0950525	-0.00965364	0.0740921	-0.0526053
0.565564	-0.163116	0.0950023	-0.0106315	0.0711288	-0.0507217
0.56555	-0.163042	0.0949459	-0.0123504	0.069278	-0.0534394
0.565539	-0.162969	0.0948932	-0.0115615	0.0692649	-0.0515189
0.565526	-0.162896	0.0948422	-0.0107802	0.0695758	-0.04858
0.565516	-0.162818	0.0947885	-0.0115252	0.070921	-0.05165
0.565504	-0.162748	0.0947359	-0.0112049	0.0685616	-0.050282
0.565493	-0.162673	0.0946825	-0.0110072	0.0708909	-0.051303
0.565482	-0.162599	0.0946333	-0.0104458	0.073798	-0.0509874
0.565467	-0.162527	0.0945763	-0.0117157	0.0699664	-0.0510348
0.565455	-0.162454	0.0945249	-0.0109735	0.0716536	-0.0508756
0.565441	-0.162383	0.0944704	-0.0110768	0.0728247	-0.0520278
0.56543	-0.162313	0.0944182	-0.0102228	0.0726099	-0.0514319
0.565416	-0.162236	0.0943598	-0.0118676	0.0749738	-0.0543684
0.5654	-0.162162	0.0943053	-0.0135959	0.0739348	-0.0546408
0.565387	-0.162082	0.0942486	-0.011478	0.0773635	-0.0531273
0.565375	-0.162007	0.0941955	-0.0117578	0.0773263	-0.0545337
0.565365	-0.161928	0.0941443	-0.0113505	0.0790057	-0.0541582
0.565352	-0.161848	0.0940908	-0.0125054	0.0795665	-0.0549348
0.565336	-0.161772	0.0940347	-0.0153167	0.0756181	-0.0571233
0.56532	-0.161697	0.0939768	-0.0157426	0.0760152	-0.0565285
0.56531	-0.161621	0.0939282	-0.0146281	0.0755171	-0.054715
0.565293	-0.161541	0.0938663	-0.0141075	0.0772971	-0.056449
0.565283	-0.161459	0.0938171	-0.0139534	0.0773653	-0.0558296
0.565269	-0.161378	0.0937624	-0.0161192	0.0778439	-0.0574839
0.565255	-0.161298	0.0937024	-0.0161627	0.0781756	-0.0592266
0.56524	-0.161221	0.093649	-0.0169011	0.0754975	-0.0576737
0.565225	-0.161142	0.0935929	-0.0168023	0.0758331	-0.0577387
0.565212	-0.16106	0.0935379	-0.0162882	0.0771796	-0.058303
0.565199	-0.16098	0.0934853	-0.0149002	0.0813732	-0.0575887
0.565182	-0.160902	0.0934254	-0.0162554	0.081602	-0.0584073
0.565167	-0.160821	0.0933702	-0.0142824	0.0840745	-0.057444
0.565153	-0.160742	0.0933154	-0.0131052	0.0846975	-0.0558751
0.565143	-0.160661	0.0932659	-0.011449	0.0824132	-0.0524069
0.565128	-0.16058	0.0932104	-0.012554	0.0804856	-0.052987
0.565114	-0.160502	0.0931586	-0.0133953	0.0777921	-0.0518988
0.565102	-0.160424	0.0931103	-0.0133527	0.0782096	-0.0518573
0.565088	-0.160341	0.0930529	-0.0135885	0.0808011	-0.053808
0.565073	-0.160259	0.093002	-0.0153441	0.0797088	-0.0535404
0.565059	-0.160179	0.092949	-0.0148788	0.0794327	-0.053555
0.565047	-0.160103	0.0928979	-0.0140617	0.0796785	-0.0543207
0.565029	-0.160021	0.092842	-0.0151736	0.081749	-0.0557446
0.565018	-0.159941	0.0927905	-0.0130085	0.081992	-0.0526873
0.565004	-0.15986	0.0927417	-0.013204	0.0800101	-0.0500257
0.564991	-0.159771	0.0926864	-0.013441	0.0829028	-0.052112
0.564977	-0.159696	0.0926366	-0.0150157	0.0803681	-0.0536105
0.564967	-0.159608	0.0925859	-0.0126735	0.0801386	-0.0512125
0.564951	-0.159522	0.0925313	-0.0152201	0.0802187	-0.0524774
0.564937	-0.159442	0.0924791	-0.0150785	0.0802827	-0.0528957
0.564922	-0.159363	0.0924262	-0.0153365	0.0786037	-0.0529338
0.564907	-0.159276	0.0923724	-0.0144697	0.0819885	-0.0529935
0.564894	-0.159193	0.0923213	-0.0147254	0.0807326	-0.0512436
0.56488	-0.159104	0.0922643	-0.015107	0.08343	-0.053783
0.564865	-0.159018	0.0922134	-0.0157771	0.0833032	-0.0530008
0.564851	-0.158937	0.0921622	-0.0148843	0.0819742	-0.0518261
0.564834	-0.158851	0.0921052	-0.0151384	0.0832765	-0.0537599
0.564817	-0.158769	0.0920535	-0.0150291	0.0831983	-0.052795
0.564802	-0.158682	0.0919997	-0.01572	0.0844672	-0.053942
0.564787	-0.158601	0.091947	-0.015922	0.0821735	-0.0533643
0.564771	-0.158517	0.0918936	-0.0163726	0.0825523	-0.0539208
0.564758	-0.158427	0.0918431	-0.0133084	0.0871184	-0.0508755
0.564743	-0.158341	0.0917891	-0.0140384	0.0885665	-0.0527189
0.564699	-0.158078	0.0916275	-0.0146783	0.0895469	-0.0543028
0.564685	-0.157994	0.091576	-0.0132716	0.0889995	-0.0522614
0.564665	-0.157911	0.0915186	-0.0147014	0.0861459	-0.0530357
0.564656	-0.157821	0.0914736	-0.0134547	0.0878597	-0.0510045
0.564636	-0.157739	0.0914147	-0.0164694	0.0879455	-0.0551786
0.564624	-0.157647	0.0913637	-0.0162265	0.0879418	-0.054517
0.56461	-0.157556	0.0913084	-0.0167626	0.087857	-0.055603
0.564594	-0.157466	0.0912566	-0.0158548	0.0896637	-0.054822
0.564583	-0.157379	0.0912072	-0.0154117	0.0880145	-0.0538741
0.564565	-0.15729	0.0911511	-0.0163855	0.0876493	-0.0548969
0.564551	-0.157204	0.091099	-0.0147432	0.0858378	-0.0520219
0.564534	-0.157115	0.0910437	-0.0162725	0.0860837	-0.0536041
0.564518	-0.157031	0.0909911	-0.014707	0.0869042	-0.0518972
0.564505	-0.156937	0.0909399	-0.0143279	0.0903243	-0.0514992
0.564492	-0.15685	0.0908895	-0.0141638	0.0902861	-0.050868
0.564478	-0.156757	0.0908346	-0.0137442	0.090049	-0.0509627
0.564468	-0.156668	0.0907918	-0.011581	0.0904738	-0.0475747
0.564449	-0.156579	0.0907334	-0.0149263	0.087993	-0.0509189
0.564434	-0.156492	0.0906806	-0.0142265	0.0886463	-0.0517981
0.564422	-0.156397	0.090632	-0.01354	0.0883102	-0.0500999
0.564408	-0.156313	0.0905838	-0.0126516	0.0864763	-0.0483045
0.564393	-0.156221	0.0905316	-0.01215	0.0864332	-0.0467487
0.564378	-0.156136	0.0904799	-0.0131466	0.0848829	-0.0485893
0.564365	-0.156047	0.0904322	-0.0134064	0.0869473	-0.0480397
0.564354	-0.155953	0.0903835	-0.0130686	0.0879311	-0.0467107
0.564338	-0.155858	0.0903271	-0.0135505	0.0876193	-0.048355
0.564325	-0.155771	0.0902777	-0.0135556	0.0886347	-0.0479042
0.564316	-0.155678	0.0902338	-0.011881	0.0937607	-0.047119
0.564306	-0.155582	0.0901877	-0.0112259	0.0947883	-0.046742
0.564296	-0.155491	0.0901385	-0.0110283	0.0924748	-0.0472567
0.564281	-0.155401	0.0900875	-0.0119634	0.0926066	-0.0487027
0.564269	-0.155312	0.0900377	-0.0112791	0.0917832	-0.0473499
0.564261	-0.155218	0.0899926	-0.00873509	0.0936218	-0.0446701
0.564252	-0.155123	0.0899481	-0.00829984	0.0956345	-0.0447093
0.564236	-0.155033	0.0898963	-0.0118233	0.0916527	-0.0482492
0.564229	-0.154941	0.0898539	-0.0133166	0.092388	-0.0498352
0.564217	-0.15485	0.0898062	-0.0132841	0.092445	-0.0497721
0.564207	-0.154756	0.0897592	-0.0129558	0.0906713	-0.0496274
0.564197	-0.154669	0.0897157	-0.0110093	0.0878776	-0.0462681
0.56419	-0.154578	0.0896737	-0.00943574	0.0855667	-0.0432618
0.564179	-0.154491	0.0896293	-0.0106649	0.0842478	-0.0439304
0.56417	-0.154395	0.089583	-0.00942937	0.0866156	-0.0445444
0.564161	-0.154302	0.08954	-0.00881765	0.0867274	-0.042424
0.564152	-0.154209	0.0894944	-0.0100033	0.086968	-0.04332
0.564141	-0.154118	0.0894476	-0.0107439	0.0871784	-0.0449463
0.564135	-0.154031	0.0894109	-0.00883816	0.0900536	-0.0434735
0.564126	-0.153933	0.0893658	-0.00836779	0.0934803	-0.0446745
0.564115	-0.153844	0.0893188	-0.0110155	0.0919623	-0.0472022
0.564107	-0.153756	0.0892793	-0.0107613	0.0886432	-0.0454183
0.564097	-0.153665	0.0892348	-0.0104551	0.0910316	-0.0451619
0.564089	-0.153564	0.0891885	-0.00663157	0.0957391	-0.043953
0.564082	-0.153477	0.0891487	-0.00737367	0.0929827	-0.0440639
0.564075	-0.153376	0.0891048	-0.00658719	0.0951905	-0.0441089
0.564067	-0.153284	0.0890651	-0.00762475	0.0937799	-0.0444882
0.564056	-0.153192	0.0890174	-0.00928824	0.0936052	-0.0459703
0.564055	-0.153094	0.0889828	-0.00720019	0.0927508	-0.0417951
0.564045	-0.153001	0.0889363	-0.00892944	0.0949504	-0.0452392
0.564039	-0.15291	0.0888976	-0.00768137	0.0943393	-0.0417216
0.564034	-0.152814	0.0888577	-0.00686124	0.0934997	-0.0420522
0.564028	-0.152722	0.0888178	-0.0063131	0.0911806	-0.0406375
0.564023	-0.152619	0.0887748	-0.0060537	0.0947461	-0.0402688
0.564019	-0.152521	0.0887343	-0.0048614	0.0960141	-0.0386493
0.564016	-0.152423	0.088695	-0.00451524	0.0962747	-0.0376245
0.564011	-0.152329	0.0886567	-0.00360476	0.0986203	-0.0377798
0.564006	-0.15223	0.0886156	-0.00430897	0.0990375	-0.0388866
0.564003	-0.152133	0.0885765	-0.00360411	0.0974675	-0.0385242
0.563998	-0.152037	0.0885349	-0.00221723	0.0986068	-0.0385229
0.563992	-0.151946	0.0884961	-0.00214094	0.0954751	-0.0363587
0.563989	-0.151848	0.0884568	-0.00181588	0.0948339	-0.0362799
0.563988	-0.151749	0.0884218	-0.000194901	0.0967108	-0.0337463
0.563984	-0.151654	0.0883853	-0.00143945	0.0942362	-0.0342666
0.563979	-0.151561	0.0883455	-0.00227811	0.0931816	-0.0357254
0.563978	-0.151465	0.0883105	-0.00163948	0.0935641	-0.0352993
0.563974	-0.151365	0.0882678	-0.00334263	0.0936904	-0.0367613
0.563972	-0.151264	0.0882334	-0.00370098	0.0966895	-0.0370029
0.563965	-0.151175	0.0881926	-0.00527698	0.0941123	-0.0373719
0.563964	-0.151083	0.0881609	-0.00406813	0.0925216	-0.0358421
0.563962	-0.150986	0.0881261	-0.00369126	0.0947722	-0.0364963
0.563962	-0.15089	0.0880936	-0.00282601	0.0942033	-0.0358656
0.563962	-0.150788	0.0880589	-0.00136345	0.0962131	-0.0348965
0.563959	-0.150697	0.0880273	-0.000689866	0.0944274	-0.0315443
0.563958	-0.150594	0.08799	-0.00035258	0.0964071	-0.0323444
0.563955	-0.150498	0.0879531	-0.000470827	0.0961444	-0.0326335
0.563954	-0.1504	0.087917	-0.00282625	0.0952832	-0.035426
0.563949	-0.150307	0.0878828	-0.0047906	0.0914084	-0.034725
0.563951	-0.150209	0.0878504	-0.00352095	0.0937711	-0.0339563
0.563949	-0.150116	0.0878165	-0.00265956	0.0932675	-0.0335535
0.563946	-0.150016	0.0877822	-0.00173001	0.0951883	-0.0325756
0.563946	-0.149923	0.0877517	-0.000961942	0.0935634	-0.0319022
0.563947	-0.149827	0.0877213	-0.000230787	0.0931508	-0.0307025
0.563942	-0.14973	0.0876819	-0.0024521	0.0945752	-0.0350984
0.563941	-0.149638	0.0876537	-0.00187836	0.0925264	-0.0322305
0.563939	-0.149538	0.0876168	-0.00257	0.0961294	-0.0345356
0.563939	-0.149444	0.0875859	-0.00104352	0.0936603	-0.0309244
0.563939	-0.149349	0.0875548	-0.000721322	0.0952147	-0.0306369
0.563935	-0.149259	0.0875218	-0.000421936	0.0951491	-0.0304234
0.563935	-0.149159	0.0874866	0.00036381	0.0982572	-0.0316477
0.563937	-0.149059	0.0874588	0.000779394	0.0973881	-0.0301373
0.563937	-0.14896	0.0874265	0.000629943	0.0982891	-0.0310545
0.563934	-0.148869	0.0873933	-0.00124902	0.0933524	-0.0318325
0.563937	-0.148768	0.0873636	-0.000477708	0.0964364	-0.0327673
0.563935	-0.148668	0.087329	-0.00253974	0.0962122	-0.0345916
0.56394	-0.148568	0.0873006	-9.57262e-05	0.0975425	-0.0325361
0.563938	-0.14847	0.0872687	-0.00127808	0.097446	-0.0331643
0.563939	-0.148374	0.0872414	-0.000758811	0.0964344	-0.0317176
0.56394	-0.148281	0.0872112	-5.48098e-05	0.0969847	-0.0316558
0.563942	-0.148171	0.0871767	0.00168327	0.10026	-0.0319886
0.563946	-0.148072	0.0871506	0.00264517	0.101823	-0.0308714
0.563942	-0.147975	0.0871207	0.00074505	0.100298	-0.0294658
0.563942	-0.147875	0.0870889	0.000133436	0.10045	-0.0312122
0.563947	-0.14777	0.0870618	0.00221683	0.102364	-0.0301444
0.56395	-0.147673	0.0870357	0.000974485	0.0995786	-0.0289473
0.563946	-0.147575	0.0869988	0.0017841	0.0982775	-0.0276837
0.56395	-0.147473	0.0869721	0.00120652	0.0994085	-0.0283334
0.563952	-0.147374	0.0869443	0.000772965	0.0990312	-0.029011
0.563957	-0.147272	0.0869187	0.0025967	0.100261	-0.0271923
0.563957	-0.14717	0.0868847	0.00215657	0.101795	-0.028515
0.563959	-0.147067	0.0868545	0.0017333	0.099441	-0.0284378
0.56396	-0.146968	0.0868265	0.000788045	0.101296	-0.0296274
0.563962	-0.146867	0.0867972	8.8012e-05	0.0999778	-0.030342
0.563965	-0.146768	0.0867687	0.000514076	0.0998521	-0.0305673
0.563969	-0.146672	0.086746	0.00161868	0.0986768	-0.0283957
0.563965	-0.146573	0.0867099	-0.000651283	0.098705	-0.0317256
0.56397	-0.146472	0.0866832	0.00182943	0.100689	-0.0292288
0.563978	-0.146367	0.0866597	0.00317221	0.102045	-0.0282427
0.563977	-0.146266	0.0866307	0.00213716	0.104748	-0.0296176
0.56398	-0.146164	0.0866016	0.00243367	0.104013	-0.0287295
0.563981	-0.146061	0.0865728	0.000214941	0.102361	-0.0304321
0.56398	-0.145963	0.0865391	-0.00189588	0.101671	-0.0333854
0.563982	-0.14586	0.086512	-0.00218265	0.10044	-0.0317322
0.563986	-0.145762	0.0864857	-0.000242093	0.098582	-0.0291765
0.563987	-0.145662	0.0864562	0.000215264	0.0982678	-0.0288245
0.563992	-0.145562	0.0864321	0.00161143	0.100454	-0.0279934
0.563993	-0.14546	0.0864016	-0.000461081	0.100021	-0.0311854
0.563996	-0.145356	0.0863771	0.000765842	0.100827	-0.0282876
0.563998	-0.145251	0.0863467	-0.000878116	0.100384	-0.0309737
0.563999	-0.145149	0.0863187	0.000944913	0.102077	-0.0280278
0.564001	-0.145053	0.0862916	0.00105138	0.0980663	-0.0269578
0.564003	-0.144952	0.0862662	0.0036437	0.0998215	-0.0247479
0.564004	-0.144852	0.0862376	0.00203755	0.0997906	-0.0260369
0.564007	-0.144751	0.0862127	0.00324385	0.0998072	-0.0249151
0.564009	-0.144652	0.0861861	0.00269631	0.101395	-0.0255614
0.564011	-0.14455	0.0861591	0.00156265	0.102065	-0.0263131
0.564011	-0.144447	0.0861301	0.00145415	0.104804	-0.028224
0.564014	-0.144347	0.0861039	0.00135035	0.102019	-0.0284326
0.564017	-0.144253	0.0860796	0.00243015	0.0993595	-0.0275838
0.56402	-0.144146	0.08605	0.0033492	0.103413	-0.0280754
0.564023	-0.144046	0.0860241	0.00225188	0.102147	-0.0278714
0.564025	-0.143951	0.0860014	0.00260431	0.100292	-0.0258604
0.564026	-0.143855	0.0859755	0.0021795	0.0989869	-0.0259183
0.564029	-0.143754	0.0859494	0.00278951	0.102252	-0.0271693
0.564031	-0.143652	0.0859242	0.00279679	0.103092	-0.0268057
0.56403	-0.143555	0.0858973	0.00173191	0.100458	-0.026502
0.564035	-0.143456	0.0858733	0.00242865	0.101072	-0.0269883
0.564033	-0.143359	0.0858438	0.00180356	0.100086	-0.0272136
0.564039	-0.143255	0.0858234	0.00284759	0.0999635	-0.0248878
0.564039	-0.143161	0.0857959	0.00116421	0.0999034	-0.0263824
0.564038	-0.143064	0.0857675	0.000541529	0.0986725	-0.0270853
0.564041	-0.142967	0.0857444	0.00113735	0.0972956	-0.0256792
0.564045	-0.142864	0.0857193	0.00254111	0.100458	-0.0254002
0.564046	-0.142764	0.0856924	0.00136814	0.0989867	-0.0245958
0.56405	-0.142664	0.0856678	0.00251886	0.0998155	-0.0245124
0.564047	-0.14257	0.0856402	0.00123622	0.0988009	-0.0249437
0.564052	-0.142472	0.0856186	0.00280554	0.0989473	-0.0236163
0.564054	-0.142372	0.0855929	0.00227372	0.0967104	-0.0235804
0.564055	-0.142276	0.0855684	0.00228061	0.0974241	-0.0236341
0.56406	-0.142177	0.085548	0.00177424	0.0964673	-0.0229534
0.564059	-0.142083	0.0855194	0.0010353	0.0949098	-0.0241657
0.564059	-0.141988	0.0854926	0.0013149	0.0963293	-0.0246745
0.564062	-0.14189	0.0854711	0.00302606	0.0989416	-0.0226121
0.564058	-0.141791	0.0854395	0.000733014	0.0987821	-0.0265112
0.564059	-0.141692	0.085414	0.00187947	0.0992945	-0.0254871
0.564059	-0.141599	0.0853897	0.00179216	0.0965047	-0.024333
0.564059	-0.141502	0.085361	0.000206114	0.0957493	-0.0259986
0.564057	-0.141409	0.0853369	0.0017668	0.0962934	-0.0240917
0.564057	-0.141315	0.0853118	0.00112518	0.0947607	-0.0248502
0.564057	-0.141222	0.0852841	0.000519564	0.0911382	-0.0250891
0.564055	-0.141128	0.0852574	-0.000164857	0.0941326	-0.0260268
0.564053	-0.141033	0.0852314	-0.000762179	0.0915933	-0.0256956
0.564051	-0.14094	0.085204	-0.00206998	0.0902462	-0.0260504
0.56405	-0.140845	0.0851775	-0.00247556	0.0914383	-0.0263579
0.56405	-0.140752	0.0851542	-0.00193339	0.0922518	-0.0273699
0.564048	-0.140662	0.0851313	-0.00220451	0.092484	-0.0263648
0.564046	-0.140569	0.0851052	-0.00375431	0.0898785	-0.0260046
0.564041	-0.140483	0.0850777	-0.0025675	0.0902501	-0.0246753
0.564035	-0.140396	0.0850498	-0.00366065	0.0885263	-0.0257772
0.564035	-0.140306	0.0850304	-0.00366227	0.0876763	-0.0254624
0.564029	-0.140217	0.0850022	-0.00524509	0.0881093	-0.0257302
0.564027	-0.140122	0.0849748	-0.00234075	0.0923619	-0.0252481
0.564023	-0.140031	0.0849499	-0.00267761	0.0928427	-0.0252493
0.564019	-0.139936	0.0849211	-0.0030473	0.0927369	-0.0261376
0.564013	-0.139849	0.0848962	-0.00425294	0.0892417	-0.0256506
0.564011	-0.139758	0.0848705	-0.00271413	0.0928826	-0.0259174
0.564005	-0.139673	0.0848457	-0.00434393	0.088554	-0.0258043
0.563998	-0.139583	0.0848174	-0.0047901	0.0878472	-0.0261681
0.563991	-0.139501	0.0847905	-0.00646554	0.0870843	-0.0277001
0.563986	-0.139408	0.0847654	-0.00564017	0.0907763	-0.0260527
0.563984	-0.139314	0.0847414	-0.00433897	0.0918742	-0.025653
0.563975	-0.139229	0.0847114	-0.00672682	0.0885466	-0.0275619
0.563967	-0.139135	0.0846829	-0.00674293	0.086876	-0.0256799
0.563959	-0.139047	0.0846559	-0.00884574	0.0856249	-0.0272962
0.563953	-0.138959	0.0846276	-0.00772772	0.0864625	-0.0275857
0.563946	-0.138868	0.0846011	-0.00714533	0.0867641	-0.0272109
0.563939	-0.138785	0.0845771	-0.00766579	0.0859425	-0.0268998
0.563928	-0.1387	0.084551	-0.00698705	0.0850342	-0.0248802
0.563918	-0.138603	0.0845198	-0.00702114	0.0931811	-0.0276618
0.563912	-0.138516	0.084494	-0.00744731	0.0882947	-0.0268442
0.56389	-0.138337	0.0844361	-0.0110646	0.0855102	-0.0299333
0.563879	-0.138249	0.0844071	-0.0113772	0.0842079	-0.029553
0.563871	-0.138159	0.0843786	-0.0094834	0.0840161	-0.0283299
0.563861	-0.138074	0.0843536	-0.00961277	0.0825203	-0.0267971
0.563847	-0.137989	0.0843187	-0.0114019	0.0821938	-0.0292991
0.563838	-0.137906	0.0842967	-0.0101832	0.0819374	-0.0267433
0.563829	-0.137824	0.0842699	-0.0110485	0.0804592	-0.0258866
0.563816	-0.137738	0.0842391	-0.0126252	0.081255	-0.0271341
0.563805	-0.137649	0.0842124	-0.0131117	0.0837813	-0.0280867
0.563794	-0.137567	0.0841841	-0.0117146	0.0818926	-0.0264288
0.563784	-0.137481	0.0841587	-0.00963139	0.0870104	-0.0248199
0.563773	-0.137398	0.0841336	-0.00790364	0.0868963	-0.0231718
0.563761	-0.137313	0.0841046	-0.00881808	0.0866811	-0.0241564
0.563747	-0.137235	0.084073	-0.00962357	0.084016	-0.0251879
0.563733	-0.13715	0.084044	-0.00926032	0.0854521	-0.0241989
0.563724	-0.137069	0.0840201	-0.00923901	0.0840166	-0.0239349
0.563707	-0.136987	0.0839894	-0.0118248	0.0813912	-0.0262011
0.5637	-0.1369	0.0839643	-0.0109126	0.0841593	-0.0266757
0.563684	-0.136825	0.0839373	-0.0125426	0.079016	-0.0263911
0.563672	-0.136739	0.0839092	-0.0128994	0.0803446	-0.0259292
0.56366	-0.136649	0.0838812	-0.0107965	0.0830534	-0.0243229
0.563645	-0.136572	0.083851	-0.0129737	0.0804471	-0.0266327
0.563628	-0.136492	0.0838215	-0.0147325	0.0808564	-0.0285895
0.563614	-0.136416	0.0837962	-0.0134106	0.0800315	-0.0271823
0.5636	-0.136336	0.0837665	-0.0149419	0.0779814	-0.0287535
0.563583	-0.136254	0.0837369	-0.0153839	0.0776443	-0.0290304
0.563569	-0.136176	0.0837106	-0.0136215	0.0772387	-0.0273635
0.563554	-0.136095	0.0836826	-0.0127815	0.0784054	-0.0265919
0.563541	-0.136017	0.0836567	-0.0110976	0.08068	-0.0251639
0.563524	-0.135943	0.0836299	-0.0119283	0.0787264	-0.0254266
0.563513	-0.135862	0.0836056	-0.0120753	0.0807934	-0.0248891
0.563497	-0.135782	0.0835756	-0.0150445	0.0812203	-0.0282858
0.563482	-0.135709	0.0835516	-0.016666	0.0777316	-0.0271755
0.563467	-0.135632	0.0835266	-0.0152435	0.0801688	-0.0256539
0.56345	-0.135561	0.0834987	-0.0152333	0.0759817	-0.0263296
0.563435	-0.135483	0.0834727	-0.0148755	0.076135	-0.0264272
0.563422	-0.135403	0.0834507	-0.0129082	0.0785606	-0.0239027
0.563405	-0.135328	0.0834207	-0.0155143	0.0770462	-0.0260733
0.563391	-0.135249	0.0833934	-0.0140919	0.0771575	-0.024919
0.563374	-0.135174	0.0833671	-0.0144585	0.0765351	-0.0240005
0.563365	-0.13509	0.0833427	-0.0138301	0.0788615	-0.0253813
0.563347	-0.135018	0.0833144	-0.0154482	0.0775667	-0.026038
0.563331	-0.134941	0.0832883	-0.0150733	0.0770112	-0.0246908
0.563317	-0.134863	0.0832653	-0.0156144	0.0756764	-0.0248468
0.563299	-0.134787	0.0832337	-0.0155384	0.0789222	-0.0261891
0.563288	-0.134701	0.0832123	-0.0146918	0.0803957	-0.0250799
0.56327	-0.134626	0.083183	-0.015706	0.0795254	-0.0261376
0.563254	-0.134544	0.0831541	-0.0161581	0.0804643	-0.0276551
0.563236	-0.134467	0.0831252	-0.0168928	0.0790674	-0.0272746
0.563222	-0.134387	0.0831035	-0.0141444	0.0793579	-0.0232862
0.563206	-0.134311	0.0830734	-0.0139135	0.080373	-0.0245154
0.563191	-0.134236	0.083049	-0.0135502	0.0779331	-0.0226951
0.563171	-0.13416	0.0830176	-0.0131015	0.0775538	-0.0240323
0.56316	-0.134081	0.082995	-0.013061	0.078154	-0.0241699
0.563144	-0.134007	0.0829694	-0.0128739	0.0766741	-0.0241843
0.563129	-0.133929	0.0829443	-0.0154059	0.0767526	-0.0257998
0.56311	-0.133856	0.0829167	-0.0182199	0.0749017	-0.0277673
0.563094	-0.133785	0.08289	-0.0188458	0.074871	-0.0287783
0.563081	-0.133704	0.0828664	-0.0180046	0.0767403	-0.0268225
0.563061	-0.133636	0.082839	-0.0190181	0.0778995	-0.0274493
0.563046	-0.133564	0.082819	-0.0162598	0.0771661	-0.0251433
0.563025	-0.13349	0.0827881	-0.0165005	0.07659	-0.0265395
0.563012	-0.133418	0.0827671	-0.0153437	0.0773571	-0.0256331
0.562997	-0.133343	0.0827433	-0.0164184	0.0745757	-0.0259288
0.56298	-0.133266	0.0827136	-0.0154027	0.0748769	-0.0258217
0.562956	-0.133193	0.0826829	-0.0196822	0.0738698	-0.0292791
0.562944	-0.133119	0.082664	-0.0179606	0.0726429	-0.0262556
0.562925	-0.133042	0.0826352	-0.0180591	0.0717745	-0.0258961
0.562906	-0.13298	0.0826101	-0.0189853	0.0681184	-0.0265909
0.562887	-0.132907	0.0825811	-0.0185253	0.068829	-0.0259586
0.562871	-0.132833	0.0825586	-0.016614	0.070254	-0.0226822
0.562858	-0.132757	0.0825379	-0.0167434	0.0696821	-0.0227446
0.562837	-0.132688	0.082507	-0.0181463	0.065194	-0.0231474
0.56282	-0.132616	0.082481	-0.0183103	0.0654408	-0.0238693
0.562803	-0.132543	0.0824556	-0.0185955	0.0660696	-0.0249226
0.562786	-0.132476	0.0824318	-0.019433	0.0664264	-0.0265969
0.562765	-0.132408	0.0824009	-0.0212792	0.0648962	-0.0295523
0.562751	-0.132338	0.0823786	-0.0185928	0.0702742	-0.02804
0.562731	-0.132273	0.0823503	-0.0192909	0.0674584	-0.0294818
0.562715	-0.132203	0.0823256	-0.0180055	0.0707077	-0.028538
0.562696	-0.132135	0.0822982	-0.0175726	0.0695937	-0.0275047
0.562683	-0.132068	0.0822744	-0.0171418	0.0684554	-0.027848
0.562665	-0.132002	0.0822532	-0.017376	0.0697028	-0.0265022
0.562646	-0.131934	0.0822239	-0.0177446	0.0714659	-0.0277122
0.56263	-0.131868	0.0822016	-0.0149115	0.0698694	-0.0232873
0.562609	-0.131803	0.0821724	-0.0145564	0.0677228	-0.0217037
0.562592	-0.13174	0.0821495	-0.0172854	0.0668889	-0.0243647
0.562573	-0.131672	0.082124	-0.0186334	0.0675663	-0.0252711
0.562553	-0.131609	0.0820997	-0.018384	0.0661154	-0.0242162
0.562533	-0.131539	0.0820701	-0.020168	0.0673942	-0.026327
0.562514	-0.131475	0.0820449	-0.0191526	0.0706444	-0.0264445
0.562495	-0.13141	0.0820182	-0.0192174	0.0684685	-0.0261205
0.562477	-0.131346	0.0819947	-0.0192147	0.0676063	-0.0261111
0.562456	-0.131275	0.0819654	-0.020165	0.0705658	-0.0288756
0.562437	-0.131211	0.0819378	-0.0202089	0.0681345	-0.0283835
0.562421	-0.13115	0.0819198	-0.0190384	0.0653043	-0.0246383
0.562402	-0.131087	0.0818918	-0.0180115	0.0645361	-0.0245457
0.562385	-0.131014	0.0818677	-0.0175699	0.0657313	-0.025277
0.562369	-0.130953	0.0818441	-0.0176072	0.0626313	-0.0245623
0.562352	-0.130892	0.0818212	-0.017672	0.0595879	-0.0233097
0.562333	-0.130826	0.0817969	-0.018385	0.0628415	-0.0241125
0.562312	-0.13076	0.0817699	-0.0192095	0.0644165	-0.0251451
0.562295	-0.130697	0.0817442	-0.0177651	0.0647817	-0.0249788
0.562276	-0.130642	0.0817214	-0.0183308	0.061198	-0.0239335
0.562259	-0.130581	0.0816946	-0.0189912	0.060775	-0.0262168
0.562238	-0.130515	0.0816695	-0.0198961	0.0609641	-0.025488
0.562224	-0.130451	0.0816477	-0.0193252	0.0611283	-0.0255989
0.562205	-0.130384	0.0816208	-0.0201343	0.05954	-0.0254849
0.562192	-0.130323	0.0816041	-0.0178563	0.0612906	-0.0223823
0.562171	-0.130259	0.0815764	-0.0187539	0.0642339	-0.0239694
0.562149	-0.130199	0.0815486	-0.0205708	0.0616688	-0.0261416
0.562131	-0.130135	0.0815224	-0.0192394	0.0634496	-0.0257079
0.562112	-0.130077	0.0814983	-0.0190624	0.0618917	-0.0248408
0.562096	-0.130017	0.081478	-0.0167256	0.0626129	-0.0226558
0.562072	-0.129953	0.0814493	-0.0188466	0.0626415	-0.0242331
0.562055	-0.129895	0.0814266	-0.0203983	0.0584904	-0.0252423
0.562035	-0.129835	0.0814024	-0.018982	0.0601139	-0.0241104
0.562015	-0.129777	0.0813812	-0.0208758	0.0596953	-0.0251515
0.561997	-0.129715	0.0813567	-0.0207973	0.0570452	-0.0243146
0.561978	-0.129663	0.0813348	-0.021413	0.0549287	-0.0246758
0.561958	-0.129611	0.0813131	-0.0208288	0.0531184	-0.0232297
0.56194	-0.129552	0.0812923	-0.0208142	0.0550837	-0.0239129
0.56192	-0.129495	0.0812704	-0.0214512	0.0534592	-0.0244419
0.561902	-0.129435	0.0812469	-0.0206045	0.054268	-0.0234822
0.561882	-0.129381	0.0812263	-0.0216537	0.0523015	-0.0240026
0.56186	-0.129326	0.0812015	-0.0220744	0.0508221	-0.0235431
0.561843	-0.129267	0.081177	-0.0213348	0.0546073	-0.0253049
0.561823	-0.129213	0.0811549	-0.0212518	0.0546329	-0.0241751
0.561803	-0.129159	0.0811333	-0.0223189	0.0507994	-0.0245765
0.561784	-0.129099	0.0811088	-0.0215841	0.0523167	-0.0238195
0.561764	-0.129041	0.0810845	-0.0225715	0.0523239	-0.0252189
0.561744	-0.128983	0.0810585	-0.0228086	0.0542024	-0.0267393
0.561723	-0.128922	0.0810353	-0.0218277	0.0562152	-0.0245139
0.561701	-0.128862	0.0810061	-0.0201024	0.0576067	-0.0242109
0.561683	-0.128806	0.0809861	-0.0198358	0.0564095	-0.0228195
0.561663	-0.128746	0.0809572	-0.0202749	0.0562571	-0.0249177
0.561643	-0.128691	0.0809355	-0.0207691	0.0552882	-0.0243262
0.561624	-0.128633	0.0809139	-0.0210416	0.0557318	-0.0241047
0.561604	-0.128579	0.0808909	-0.021477	0.0524666	-0.0241509
0.561578	-0.128522	0.0808615	-0.0226218	0.0555083	-0.0259686
0.561558	-0.128467	0.0808379	-0.0224917	0.0531477	-0.0249281
0.561542	-0.128407	0.0808175	-0.0186633	0.0549999	-0.0214986
0.561521	-0.128354	0.0807929	-0.0188166	0.0555998	-0.021275
0.561501	-0.128298	0.0807696	-0.0180413	0.0558189	-0.0211786
0.561479	-0.128242	0.0807426	-0.0178949	0.0572756	-0.0211482
0.561458	-0.128187	0.08072	-0.0197514	0.0574984	-0.0223786
0.561441	-0.128129	0.0806978	-0.0190148	0.0559354	-0.0210697
0.561418	-0.128073	0.0806732	-0.0188819	0.0555576	-0.0201519
0.561397	-0.128019	0.0806513	-0.0205681	0.0551526	-0.020378
0.561378	-0.127957	0.0806283	-0.0211089	0.0540812	-0.0215284
0.561354	-0.127909	0.0806035	-0.0223555	0.0512409	-0.02164
0.561334	-0.127854	0.080582	-0.021925	0.0521674	-0.0217372
0.561313	-0.127801	0.0805595	-0.0213726	0.055303	-0.0226223
0.561291	-0.127744	0.0805362	-0.022171	0.0574706	-0.0238722
0.561269	-0.127693	0.0805146	-0.0225956	0.0537902	-0.0237366
0.561248	-0.127638	0.0804929	-0.0216028	0.0553083	-0.0236185
0.561223	-0.12758	0.0804656	-0.0231234	0.0551726	-0.0258461
0.561199	-0.127528	0.0804422	-0.0225848	0.0545702	-0.0240998
0.561177	-0.127477	0.0804214	-0.0216303	0.0548539	-0.0234669
0.561154	-0.127424	0.0803962	-0.021243	0.0550117	-0.0234711
0.561131	-0.127369	0.0803729	-0.0207587	0.0553894	-0.0222028
0.56111	-0.127318	0.0803518	-0.0195063	0.0564997	-0.0207316
0.561091	-0.12726	0.0803309	-0.0213495	0.056737	-0.023049
0.561072	-0.127206	0.0803129	-0.0203245	0.0593346	-0.0229377
0.561051	-0.127147	0.0802907	-0.0209314	0.0595676	-0.0238729
0.56103	-0.127095	0.0802701	-0.01961	0.0581869	-0.0219285
0.561007	-0.127045	0.0802459	-0.0222827	0.0552118	-0.0242495
0.560986	-0.12699	0.0802254	-0.0210295	0.0579504	-0.0237999
0.560962	-0.126938	0.0802013	-0.0227131	0.0557196	-0.02363
0.560942	-0.126882	0.0801796	-0.0224638	0.0542767	-0.0245791
0.560921	-0.126825	0.0801569	-0.0229302	0.0544953	-0.0239254
0.560902	-0.126764	0.0801364	-0.0210494	0.0575988	-0.0217855
0.560879	-0.126711	0.0801114	-0.0219336	0.0526384	-0.0216814
0.560857	-0.126655	0.0800888	-0.0227921	0.0554783	-0.0235702
0.56084	-0.126596	0.0800713	-0.0207777	0.0556908	-0.0204118
0.560817	-0.126535	0.0800426	-0.0222593	0.0578746	-0.0236673
0.560795	-0.126478	0.0800237	-0.0207597	0.0604228	-0.0210097
0.560777	-0.126415	0.0800013	-0.0195583	0.0616074	-0.0204384
0.560757	-0.126355	0.079981	-0.0191096	0.0642017	-0.0211788
0.560737	-0.126294	0.0799588	-0.0207017	0.061916	-0.0210754
0.560713	-0.126234	0.0799352	-0.0217646	0.0594181	-0.0220021
0.560693	-0.126183	0.0799178	-0.0222087	0.0549091	-0.0197359
0.560678	-0.126119	0.0799019	-0.0210676	0.0582658	-0.0207398
0.560656	-0.126063	0.079879	-0.0223638	0.0560963	-0.0228326
0.560635	-0.126003	0.0798572	-0.0242937	0.0540786	-0.0238099
0.560615	-0.125946	0.0798372	-0.0228847	0.0541906	-0.0222275
0.560593	-0.12589	0.0798135	-0.0235818	0.0535422	-0.0225577
0.560574	-0.125832	0.0797957	-0.0217463	0.0528631	-0.0200281
0.560551	-0.125778	0.079776	-0.0201334	0.0570751	-0.0186891
0.560532	-0.125717	0.0797531	-0.0214216	0.0577634	-0.0211465
0.560516	-0.125653	0.0797375	-0.0207503	0.0584702	-0.0194288
0.560496	-0.125592	0.0797156	-0.0198273	0.0590961	-0.0186533
0.560477	-0.125533	0.0796959	-0.0191735	0.0589734	-0.0177715
0.560456	-0.125475	0.0796732	-0.0198093	0.0578634	-0.0197057
0.560435	-0.125419	0.0796547	-0.0204432	0.0558843	-0.0181012
0.560415	-0.125362	0.0796353	-0.0218797	0.0550694	-0.0195712
0.560395	-0.125305	0.0796155	-0.0224477	0.0549744	-0.0206544
0.560372	-0.125246	0.079594	-0.0237365	0.0530728	-0.0210831
0.560353	-0.125185	0.0795745	-0.0223644	0.0534574	-0.0209499
0.560332	-0.125124	0.0795569	-0.0223484	0.054058	-0.0199324
0.56031	-0.125068	0.0795331	-0.0251302	0.0498157	-0.0237687
0.560287	-0.125017	0.0795151	-0.0257336	0.0493082	-0.0234872
0.560265	-0.124954	0.0794928	-0.0248265	0.0527903	-0.0225399
0.560245	-0.124895	0.079473	-0.0229255	0.0548384	-0.0223231
0.560226	-0.124832	0.0794561	-0.0211312	0.0591987	-0.0210044
0.560205	-0.124775	0.0794385	-0.0226133	0.0578957	-0.0216822
0.560183	-0.12472	0.079419	-0.0208714	0.0565288	-0.0192226
0.560159	-0.124668	0.0793965	-0.0210814	0.0572509	-0.0193376
0.560137	-0.12461	0.0793793	-0.0203647	0.0579007	-0.017677
0.560117	-0.124552	0.0793618	-0.0191524	0.0574952	-0.0161574
0.560075	-0.124438	0.0793219	-0.0199276	0.0583069	-0.0182124
0.560054	-0.124378	0.0793033	-0.0220318	0.0603031	-0.0200866
0.560033	-0.124329	0.0792865	-0.023099	0.0561186	-0.0206795
0.560013	-0.124274	0.0792713	-0.0223059	0.056972	-0.0188884
0.559991	-0.124214	0.0792499	-0.0234543	0.0559567	-0.0202332
0.559967	-0.124153	0.0792285	-0.0234682	0.0568673	-0.01982
0.559942	-0.124102	0.0792075	-0.0243437	0.0558568	-0.020934
0.559922	-0.124044	0.07919	-0.0211939	0.0560466	-0.0176863
0.559899	-0.123993	0.0791712	-0.0213622	0.0578445	-0.0186449
0.559873	-0.123942	0.0791479	-0.0231231	0.0528567	-0.0181672
0.559852	-0.12388	0.0791311	-0.0207405	0.0571094	-0.016892
0.559827	-0.12383	0.0791096	-0.0221904	0.053823	-0.0173204
0.559809	-0.123771	0.0790933	-0.0215315	0.0543742	-0.0170571
0.559783	-0.123721	0.0790716	-0.0223561	0.0559371	-0.0181459
0.559762	-0.123666	0.0790551	-0.0201187	0.0546897	-0.0151119
0.559739	-0.123611	0.0790338	-0.0203204	0.05226	-0.0161046
0.559715	-0.123559	0.0790132	-0.0208968	0.0547763	-0.0177291
0.559693	-0.123507	0.0789942	-0.0213412	0.0549865	-0.0182148
0.559668	-0.123454	0.0789732	-0.0204624	0.0553693	-0.0168081
0.559649	-0.123406	0.0789602	-0.0199439	0.0543076	-0.0153412
0.559622	-0.123362	0.0789394	-0.0237851	0.0464623	-0.0179971
0.559598	-0.123317	0.0789203	-0.0245719	0.0457006	-0.0187338
0.559575	-0.123265	0.0789007	-0.024429	0.0499527	-0.0193997
0.559553	-0.12321	0.0788817	-0.0251741	0.050416	-0.0210047
0.559529	-0.123164	0.0788641	-0.0250862	0.0496496	-0.0203515
0.559505	-0.123113	0.0788414	-0.0265816	0.0478555	-0.0226767
0.559481	-0.123056	0.0788207	-0.0260294	0.0528085	-0.0225076
0.55946	-0.123013	0.0788045	-0.0251084	0.0505642	-0.0209391
0.559435	-0.122963	0.078782	-0.0264762	0.0512718	-0.0221235
0.55941	-0.122918	0.0787616	-0.0249902	0.0513501	-0.0211324
0.559393	-0.122869	0.0787476	-0.0234219	0.0480922	-0.0195483
0.559371	-0.122819	0.0787253	-0.0242721	0.0469148	-0.0219161
0.559349	-0.122771	0.0787061	-0.0223444	0.0484356	-0.0200302
0.559328	-0.12272	0.0786874	-0.0234138	0.04787	-0.0218655
0.559307	-0.122675	0.0786689	-0.0233057	0.0465936	-0.0218036
0.559288	-0.122615	0.0786488	-0.0238725	0.0499529	-0.0231629
0.55927	-0.122559	0.07863	-0.0227099	0.0523818	-0.0230269
0.559252	-0.122507	0.0786149	-0.0228708	0.0506008	-0.0224552
0.559231	-0.122454	0.0785923	-0.0219322	0.0512706	-0.0226555
0.559213	-0.122409	0.0785789	-0.0221104	0.047023	-0.0210853
0.559193	-0.122357	0.0785596	-0.0218285	0.0462244	-0.0194134
0.559179	-0.122303	0.0785449	-0.0186038	0.0476667	-0.0164077
0.55916	-0.122253	0.0785251	-0.0188559	0.0491105	-0.0169509
0.559146	-0.122199	0.0785111	-0.0173117	0.0473112	-0.0154514
0.559126	-0.122145	0.0784884	-0.0191976	0.0496459	-0.0186818
0.559108	-0.122096	0.0784742	-0.0185664	0.0496801	-0.016373
0.559092	-0.122048	0.0784603	-0.0168241	0.052279	-0.0159054
0.559073	-0.121993	0.0784406	-0.0167175	0.0545589	-0.01717
0.559057	-0.12194	0.0784229	-0.0167267	0.0535912	-0.0159968
0.559041	-0.121894	0.0784085	-0.0166702	0.0491485	-0.015491
0.559023	-0.121846	0.0783885	-0.0158085	0.0492286	-0.016544
0.559008	-0.1218	0.0783752	-0.0171204	0.046232	-0.01575
0.558992	-0.121746	0.0783556	-0.017147	0.049466	-0.0180094
0.558974	-0.121698	0.078337	-0.018273	0.0501986	-0.0191615
0.55896	-0.121642	0.0783186	-0.0181974	0.0498059	-0.0197393
0.558948	-0.121587	0.0783057	-0.0161052	0.0524879	-0.0187439
0.55894	-0.121533	0.0782906	-0.014425	0.0495487	-0.0177193
0.558925	-0.121482	0.078274	-0.0134055	0.0511072	-0.01676
0.558913	-0.121427	0.0782546	-0.0121702	0.0550729	-0.0176601
0.558898	-0.121377	0.0782397	-0.0126249	0.0530118	-0.016455
0.558886	-0.12132	0.0782228	-0.01289	0.0567774	-0.017611
0.558877	-0.12127	0.0782121	-0.0113852	0.0537987	-0.0148239
0.558866	-0.121207	0.0781954	-0.0106	0.0577284	-0.0150795
0.558855	-0.121156	0.0781795	-0.010049	0.0577491	-0.0153372
0.558849	-0.121097	0.0781647	-0.0084451	0.0586629	-0.0145349
0.558834	-0.12104	0.0781434	-0.0106495	0.0573525	-0.0165283
0.558829	-0.120974	0.078127	-0.00903554	0.0581765	-0.0156037
0.558821	-0.120914	0.0781157	-0.00853051	0.0591767	-0.0140694
0.558814	-0.120853	0.0781008	-0.00943518	0.0595366	-0.0161458
0.558807	-0.120796	0.0780868	-0.00987811	0.0574317	-0.016586
0.558802	-0.120735	0.0780774	-0.00755524	0.061603	-0.0154274
0.558794	-0.120671	0.078057	-0.00849104	0.0618993	-0.0171344
0.558791	-0.120606	0.0780473	-0.00849888	0.0612781	-0.0162575
0.558787	-0.12055	0.0780376	-0.00737618	0.0586162	-0.0148206
0.558778	-0.120492	0.0780181	-0.00658946	0.0565773	-0.0147878
0.558773	-0.120434	0.0780049	-0.005717	0.060966	-0.01566
0.558771	-0.120367	0.0779921	-0.00195817	0.0643658	-0.0127454
0.558765	-0.120301	0.0779767	-0.00384566	0.0624173	-0.0141308
0.558762	-0.120245	0.0779664	-0.00353236	0.060816	-0.0133468
0.558758	-0.120181	0.0779534	-0.00416732	0.0585584	-0.013455
0.558752	-0.12012	0.0779396	-0.00464706	0.059776	-0.0143536
0.558748	-0.120062	0.077923	-0.00420348	0.0605262	-0.0141783
0.558747	-0.119994	0.07791	-0.00362744	0.0631599	-0.0146368
0.558746	-0.119931	0.0778998	-0.0026705	0.0640105	-0.0125797
0.558746	-0.119869	0.0778845	-0.0019829	0.0606482	-0.0126647
0.55874	-0.119804	0.0778684	-0.00247341	0.0623248	-0.0137671
0.558737	-0.119745	0.0778551	-0.00203038	0.0607858	-0.0128533
0.558736	-0.119677	0.0778383	-0.00168942	0.0621109	-0.012445
0.558735	-0.119617	0.0778242	-0.00199446	0.0623445	-0.0130852
0.558739	-0.119547	0.0778185	-0.0011187	0.0636127	-0.0109136
0.558736	-0.119484	0.0778021	-0.00368521	0.0632221	-0.0150626
0.558735	-0.119425	0.0777877	-0.00291456	0.0615576	-0.0158012
0.558733	-0.119365	0.077772	-0.00271387	0.0624261	-0.0166309
0.558734	-0.119294	0.077758	-0.00137346	0.0664643	-0.0157146
0.558734	-0.119231	0.0777451	-0.000223847	0.0682331	-0.0148195
0.558735	-0.119112	0.0777211	0.0011656	0.0635063	-0.0126388
0.558735	-0.119044	0.077706	0.00087052	0.0639004	-0.0126072
0.558739	-0.118983	0.0776936	0.00260251	0.062856	-0.0117211
0.55874	-0.118922	0.0776826	0.00311135	0.0637379	-0.011764
0.558742	-0.118866	0.077674	0.00189393	0.0616574	-0.0123903
0.558744	-0.118799	0.0776584	0.00264132	0.0612475	-0.0119931
0.558746	-0.11874	0.0776477	0.00314315	0.0602299	-0.0108875
0.558752	-0.118676	0.077639	0.00539087	0.0619221	-0.00899806
0.558754	-0.118618	0.0776282	0.00319185	0.0597451	-0.0111376
0.558757	-0.118555	0.0776172	0.00226232	0.0604249	-0.0114043
0.558758	-0.118487	0.0775982	0.00420002	0.0677646	-0.0125208
0.55876	-0.118426	0.0775892	0.00331914	0.0644627	-0.011922
0.558762	-0.118374	0.0775777	0.00358603	0.0579372	-0.010805
0.558766	-0.118314	0.0775655	0.00409224	0.0593943	-0.0107818
0.558767	-0.118256	0.0775526	0.00163416	0.0577002	-0.013025
0.558768	-0.118199	0.0775395	0.00100852	0.0555638	-0.0138726
0.558771	-0.118142	0.0775255	0.00211377	0.0557774	-0.0130367
0.558774	-0.11809	0.0775182	0.00170287	0.0538917	-0.012205
0.558776	-0.11803	0.0775031	0.00174861	0.0535064	-0.0132149
0.558781	-0.117968	0.0774924	0.00368608	0.0533954	-0.0114253
0.558785	-0.117906	0.0774811	0.00353612	0.0539076	-0.0115006
0.558783	-0.117847	0.0774592	0.00235464	0.0539143	-0.0133999
0.558789	-0.117791	0.0774521	0.00369035	0.0543911	-0.0108385
0.558788	-0.117745	0.0774386	0.00275925	0.0528972	-0.0122395
0.558793	-0.11768	0.0774259	0.00255029	0.0596895	-0.0136884
0.558798	-0.117625	0.0774162	0.0032114	0.0596671	-0.0134882
0.558801	-0.117567	0.0774039	0.00182979	0.0577616	-0.0135795
0.558809	-0.117506	0.0773937	0.00437236	0.0551665	-0.0114233
0.558809	-0.117447	0.0773742	0.00287163	0.0570994	-0.0144552
0.558818	-0.117381	0.0773637	0.00486037	0.0623124	-0.0133592
0.558822	-0.11732	0.0773531	0.0042819	0.0607165	-0.0127477
0.558828	-0.117261	0.0773407	0.0057889	0.0625321	-0.0123562
0.55883	-0.1172	0.0773231	0.00671295	0.0636701	-0.0122621
0.558836	-0.117137	0.0773122	0.00754754	0.063806	-0.0110331
0.558837	-0.117084	0.0772964	0.00566407	0.0606206	-0.0118855
0.558845	-0.117019	0.0772842	0.00489515	0.0612742	-0.0142929
0.55885	-0.116953	0.0772686	0.0047343	0.0629633	-0.0146494
0.558854	-0.116894	0.0772518	0.00445847	0.0594111	-0.0150625
0.558858	-0.116827	0.0772363	0.00412958	0.0597002	-0.0159425
0.558863	-0.116771	0.0772209	0.00348576	0.0567651	-0.0158497
0.558869	-0.116709	0.0772082	0.00326964	0.0579971	-0.0158137
0.558873	-0.116649	0.0771918	0.00530701	0.0602161	-0.0146354
0.558876	-0.116589	0.0771748	0.00310786	0.056479	-0.0158196
0.558888	-0.116526	0.0771672	0.0062596	0.0600621	-0.0138774
0.558891	-0.116469	0.0771479	0.00455611	0.0607347	-0.0156326
0.558898	-0.116413	0.0771371	0.00489347	0.0568517	-0.0141911
0.558903	-0.116349	0.0771207	0.00463929	0.0597106	-0.0155941
0.55891	-0.116288	0.0771051	0.00576513	0.0607862	-0.0158943
0.558917	-0.11622	0.0770897	0.00631877	0.0646376	-0.0160309
0.558926	-0.11616	0.0770818	0.00710215	0.0635723	-0.0143176
0.558933	-0.116094	0.0770626	0.00693405	0.0633138	-0.0154875
0.558939	-0.116029	0.0770475	0.00746297	0.0663689	-0.0144636
0.558948	-0.115971	0.0770364	0.0084449	0.0643936	-0.0130734
0.558952	-0.115904	0.0770162	0.00620844	0.0647755	-0.0168475
0.558964	-0.115832	0.077002	0.00899454	0.0695997	-0.0146502
0.558972	-0.115761	0.0769833	0.00816615	0.0707998	-0.0173169
0.558979	-0.115694	0.0769659	0.00705454	0.0697717	-0.0188785
0.558985	-0.115625	0.076949	0.00696096	0.0685926	-0.0176904
0.558997	-0.115547	0.0769304	0.00783306	0.0694921	-0.0181707
0.559006	-0.115473	0.0769132	0.00935461	0.0755038	-0.0176308
0.559014	-0.115401	0.0768971	0.00894911	0.0723604	-0.0159346
0.559019	-0.115328	0.0768731	0.00841301	0.0743944	-0.0178701
0.559029	-0.115254	0.0768572	0.00887621	0.0735842	-0.0162049
0.559039	-0.115177	0.0768391	0.0086384	0.0738285	-0.017915
0.559048	-0.115098	0.0768219	0.00850778	0.0746696	-0.0175896
0.559057	-0.115034	0.0768114	0.00837598	0.0719424	-0.0157902
0.559065	-0.114953	0.0767883	0.00733728	0.0728254	-0.0185497
0.559074	-0.114873	0.0767714	0.00799812	0.0745472	-0.0179292
0.559085	-0.114791	0.0767562	0.00932391	0.0756065	-0.0155779
0.559094	-0.114716	0.0767386	0.00983733	0.0744692	-0.0145741
0.559101	-0.11464	0.0767196	0.00904238	0.0756141	-0.0159311
0.559112	-0.114562	0.0767025	0.0101536	0.0763429	-0.0153475
0.559119	-0.114484	0.0766846	0.0101821	0.0804221	-0.0152837
0.55913	-0.114408	0.0766694	0.00999887	0.0764475	-0.0148209
0.559139	-0.114325	0.0766493	0.00954336	0.0789896	-0.0168394
0.559146	-0.114255	0.0766338	0.00859271	0.073434	-0.0156669
0.559155	-0.11418	0.0766157	0.00918614	0.0751302	-0.0158326
0.559162	-0.114091	0.076593	0.00875482	0.0837303	-0.0193675
0.559171	-0.11402	0.0765765	0.00953374	0.0793684	-0.0173726
0.559176	-0.113935	0.0765531	0.00761459	0.0822718	-0.0206921
0.559186	-0.113855	0.0765356	0.00749416	0.0781472	-0.0203212
0.559195	-0.113772	0.0765132	0.00676795	0.0785786	-0.0220655
0.559201	-0.113692	0.0764902	0.00731928	0.082604	-0.0227681
0.559208	-0.11362	0.076473	0.0081156	0.0813884	-0.0199385
0.559215	-0.113541	0.0764536	0.00767406	0.0816892	-0.0206708
0.559227	-0.113464	0.0764385	0.00894495	0.07823	-0.0178816
0.559236	-0.11338	0.0764187	0.00890575	0.0789572	-0.0187791
0.55924	-0.113302	0.0763943	0.00627984	0.0797159	-0.023308
0.559249	-0.113218	0.0763724	0.00725074	0.0822573	-0.0231344
0.559256	-0.113136	0.0763488	0.00802511	0.0828403	-0.021606
0.559263	-0.11305	0.076324	0.00779569	0.0862421	-0.0229525
0.559271	-0.112972	0.0763031	0.00749506	0.0797527	-0.0214019
0.559278	-0.112887	0.0762778	0.00831287	0.0819459	-0.0211026
0.559285	-0.112806	0.0762533	0.00772245	0.0812899	-0.022398
0.559291	-0.112723	0.0762303	0.00712962	0.0780617	-0.0206153
0.559299	-0.11264	0.0762074	0.00678673	0.0779225	-0.0220806
0.559302	-0.112565	0.0761793	0.00524959	0.0781059	-0.0247756
0.559313	-0.112478	0.0761581	0.00751303	0.0814011	-0.0232846
0.559318	-0.1124	0.0761311	0.00765798	0.0814114	-0.0224778
0.559321	-0.112321	0.0761026	0.00534359	0.081979	-0.0260449
0.559329	-0.112244	0.0760811	0.00616844	0.0785188	-0.0242568
0.559334	-0.112173	0.0760584	0.00578262	0.0765166	-0.0238691
0.55934	-0.11209	0.0760315	0.00553468	0.0787217	-0.0250419
0.559344	-0.112006	0.0760047	0.00505305	0.0817513	-0.0260887
0.559352	-0.111922	0.0759813	0.00652974	0.0827433	-0.0247503
0.559354	-0.11184	0.0759522	0.00457067	0.0802136	-0.0258974
0.559363	-0.11177	0.0759318	0.00648033	0.0769996	-0.0234462
0.559368	-0.111688	0.0759078	0.00563905	0.0803013	-0.0249774
0.559373	-0.111615	0.0758816	0.00579114	0.0803247	-0.0252842
0.55938	-0.111534	0.0758555	0.00573281	0.0806485	-0.0259052
0.559386	-0.111438	0.0758257	0.00541515	0.0865646	-0.0281772
0.55939	-0.111363	0.0758005	0.00555428	0.0857965	-0.0274276
0.559393	-0.111281	0.0757706	0.00528099	0.086221	-0.027729
0.559404	-0.111191	0.0757492	0.00785181	0.0884366	-0.0245214
0.559411	-0.111106	0.0757213	0.00746036	0.0909311	-0.0268416
0.559414	-0.111021	0.0756932	0.00498062	0.0857242	-0.028191
0.559424	-0.110935	0.0756722	0.00632523	0.086494	-0.0264188
0.559428	-0.110852	0.0756441	0.0049832	0.0816293	-0.0265602
0.559437	-0.110768	0.0756228	0.00683458	0.0836697	-0.0241189
0.55944	-0.11068	0.075593	0.00583638	0.085875	-0.0263997
0.559448	-0.110592	0.0755687	0.00696193	0.0878761	-0.025106
0.559451	-0.110508	0.0755396	0.00446816	0.0852563	-0.0281131
0.559457	-0.110427	0.0755159	0.00507898	0.0838149	-0.0266787
0.559464	-0.110341	0.0754877	0.00469823	0.0844389	-0.0292589
0.559469	-0.110257	0.0754603	0.0049986	0.0852816	-0.0286947
0.559473	-0.110174	0.0754293	0.00493499	0.0859107	-0.0289898
0.55948	-0.110084	0.0754043	0.00616718	0.0891904	-0.0275991
0.559484	-0.11	0.075375	0.0051472	0.0875173	-0.0290004
0.559489	-0.109919	0.0753451	0.00588104	0.0881845	-0.0288192
0.55949	-0.109834	0.0753128	0.00382182	0.088393	-0.0311503
0.559501	-0.109744	0.0752895	0.00644817	0.0881036	-0.026979
0.559503	-0.109658	0.0752569	0.00452382	0.0874281	-0.0299416
0.559509	-0.109571	0.0752278	0.00544141	0.0901039	-0.029823
0.559517	-0.109481	0.0752025	0.00601117	0.0903106	-0.0290949
0.559523	-0.109391	0.0751736	0.00637411	0.0898898	-0.0276929
0.55953	-0.109299	0.0751464	0.00672846	0.0904334	-0.0269099
0.559539	-0.109202	0.0751198	0.00678789	0.0933451	-0.0285685
0.559545	-0.109109	0.0750904	0.00622181	0.0930314	-0.0286504
0.559553	-0.109021	0.0750631	0.00637315	0.0907095	-0.0285288
0.559559	-0.108914	0.0750299	0.00752443	0.0994109	-0.0286055
0.559567	-0.108814	0.0750011	0.00770706	0.0967818	-0.0276858
0.559576	-0.10871	0.0749709	0.0103146	0.100827	-0.0263091
0.559583	-0.108617	0.0749428	0.00770897	0.0987833	-0.0295354
0.559587	-0.108519	0.0749124	0.00671361	0.0989671	-0.0299234
0.559593	-0.108416	0.074881	0.00656386	0.100582	-0.0303388
0.559601	-0.108327	0.0748538	0.00712326	0.0993587	-0.0295171
0.559608	-0.108225	0.0748219	0.0066377	0.0998447	-0.0306465
0.559611	-0.108126	0.0747876	0.00504256	0.0969976	-0.0315438
0.55962	-0.10803	0.0747634	0.00624907	0.0945323	-0.028873
0.559628	-0.107929	0.0747348	0.00762357	0.0970637	-0.0275951
0.559633	-0.107831	0.0747041	0.00755346	0.0973311	-0.0269664
0.559642	-0.10773	0.0746776	0.00777574	0.0981976	-0.0269263
0.559648	-0.107631	0.0746496	0.00807314	0.0992461	-0.0259291
0.559653	-0.10753	0.0746182	0.00722485	0.0956243	-0.0252871
0.559663	-0.107436	0.0745938	0.00893629	0.095552	-0.0240241
0.55967	-0.107334	0.074563	0.00787976	0.0978562	-0.0270645
0.559678	-0.10723	0.0745349	0.00839971	0.0975701	-0.0255498
0.559685	-0.107127	0.074503	0.00892562	0.10206	-0.0261068
0.55969	-0.10703	0.0744742	0.0079086	0.0986608	-0.025504
0.559693	-0.10693	0.0744398	0.00722664	0.100202	-0.0273706
0.559701	-0.106825	0.0744091	0.00783818	0.100291	-0.0277289
0.559707	-0.106726	0.0743795	0.00650211	0.100014	-0.0297926
0.559713	-0.106623	0.0743486	0.00601953	0.0996549	-0.0300402
0.55972	-0.106523	0.074321	0.00743053	0.0994886	-0.0272226
0.559724	-0.106424	0.0742876	0.00651848	0.0972997	-0.0285701
0.559729	-0.106323	0.0742558	0.00688523	0.0979756	-0.0274846
0.559737	-0.106215	0.0742258	0.00759532	0.0988656	-0.026567
0.559742	-0.106125	0.0741991	0.00695361	0.0939121	-0.0255813
0.55975	-0.106021	0.0741702	0.00739908	0.0957667	-0.0262686
0.559755	-0.105929	0.074141	0.00708235	0.0923299	-0.0254142
0.559759	-0.105833	0.0741081	0.00658818	0.0950823	-0.0276452
0.559767	-0.105728	0.0740781	0.00742111	0.0962639	-0.0269768
0.559769	-0.105633	0.0740462	0.00635193	0.0945912	-0.0270456
0.559776	-0.105533	0.0740141	0.00614718	0.0941869	-0.0281218
0.559781	-0.105432	0.073981	0.00666436	0.0957086	-0.0276066
0.559785	-0.105337	0.0739507	0.00648159	0.0989601	-0.0286856
0.559789	-0.105236	0.0739185	0.00577206	0.0995949	-0.030607
0.559797	-0.10514	0.0738899	0.00639475	0.097112	-0.0295174
0.559797	-0.105048	0.0738552	0.00425767	0.0967456	-0.0302908
0.559801	-0.104946	0.0738216	0.0041287	0.0971399	-0.030827
0.559807	-0.104851	0.0737914	0.00394255	0.0944909	-0.032059
0.559812	-0.104754	0.0737586	0.00476051	0.0971364	-0.0320373
0.559818	-0.104652	0.0737288	0.00241264	0.0954821	-0.0337462
0.559822	-0.104556	0.073698	0.0027943	0.0942483	-0.032993
0.559827	-0.104461	0.0736666	0.00343062	0.0930136	-0.0322699
0.559827	-0.104369	0.073631	0.0012505	0.0889665	-0.0336144
0.559832	-0.104277	0.0735994	0.00253684	0.0890126	-0.0322395
0.559836	-0.104178	0.0735665	0.00283597	0.091744	-0.0329877
0.559837	-0.104082	0.0735323	0.00193864	0.0960171	-0.0340283
0.559842	-0.103987	0.0735015	0.0021572	0.0958775	-0.0344011
0.559846	-0.10389	0.0734707	0.00117822	0.0948238	-0.0344773
0.559849	-0.103804	0.0734383	0.000499519	0.0923616	-0.0346155
0.559849	-0.103708	0.0734001	-0.000707932	0.0949345	-0.036989
0.559855	-0.103603	0.0733683	0.00099602	0.0968012	-0.0366474
0.559851	-0.103514	0.0733301	0.00014181	0.0946311	-0.0364116
0.559852	-0.103415	0.0732948	-0.00138891	0.0943103	-0.0379533
0.559853	-0.103329	0.0732612	-0.00201838	0.0904654	-0.0376674
0.559856	-0.103232	0.0732268	-0.00159773	0.0915775	-0.0372151
0.559861	-0.103134	0.0731978	-0.000707335	0.0939498	-0.0360072
0.55986	-0.103038	0.0731605	-0.000294402	0.0960228	-0.0365993
0.559864	-0.102943	0.0731286	-0.000684614	0.095607	-0.0378395
0.559864	-0.10285	0.0730967	-0.000825423	0.0964923	-0.0366807
0.559864	-0.102753	0.0730581	-0.0011388	0.0965125	-0.0373354
0.559863	-0.102659	0.0730225	-0.000631253	0.0949417	-0.036442
0.559866	-0.102565	0.072994	0.00109741	0.0931859	-0.0333412
0.559862	-0.102465	0.0729505	-0.00114609	0.0922814	-0.0353886
0.559863	-0.102368	0.0729167	-0.000950367	0.0933604	-0.0353962
0.559867	-0.102271	0.0728862	-0.000426056	0.0931786	-0.0350349
0.559866	-0.102186	0.0728508	-0.0016697	0.0872415	-0.0350911
0.559861	-0.10209	0.0728094	-0.00121304	0.0910187	-0.0356186
0.559862	-0.101994	0.0727747	-0.00114552	0.0914076	-0.0349735
0.559867	-0.101896	0.0727439	-0.000727233	0.0922294	-0.0356096
0.559865	-0.101807	0.0727087	-0.00202518	0.092299	-0.0363016
0.559862	-0.101716	0.0726683	-0.00391098	0.0915588	-0.0395481
0.559864	-0.101627	0.0726372	-0.00284931	0.0905187	-0.0372927
0.559868	-0.101534	0.0726064	-0.000896647	0.0898281	-0.0357174
0.559869	-0.101434	0.0725698	-0.000931225	0.0898152	-0.0360165
0.559867	-0.101339	0.0725318	-0.00195905	0.0897058	-0.0362924
0.559865	-0.101245	0.0724924	-0.000737167	0.08798	-0.0337563
0.559869	-0.101154	0.0724627	0.00189712	0.0909189	-0.0312617
0.55987	-0.101058	0.072425	0.00242633	0.0936671	-0.032351
0.559867	-0.100962	0.072386	-0.00111652	0.0941199	-0.0364478
0.559869	-0.100864	0.0723485	-0.00024912	0.0941764	-0.0372212
0.55987	-0.100767	0.0723105	-4.31963e-05	0.0953896	-0.03838
0.559872	-0.100664	0.0722737	-9.43392e-05	0.0966747	-0.0392672
0.559873	-0.100565	0.072235	0.00136498	0.100535	-0.03835
0.559871	-0.10047	0.0721936	0.000201918	0.097548	-0.0398101
0.559873	-0.100367	0.0721573	7.82843e-05	0.0989295	-0.0392345
0.559872	-0.100266	0.0721145	0.000366597	0.0982045	-0.0401646
0.559873	-0.100155	0.0720736	0.00120402	0.101931	-0.0403841
0.559877	-0.10006	0.0720418	0.000673533	0.0962928	-0.0375259
0.559876	-0.0999646	0.0720034	-0.000577844	0.0936522	-0.0387282
0.559879	-0.0998621	0.0719638	0.000927367	0.0964486	-0.0381551
0.559882	-0.099758	0.0719271	0.00135812	0.0943676	-0.0361852
0.559883	-0.0996546	0.07189	0.00115123	0.0948844	-0.0360736
0.559884	-0.0995562	0.0718517	0.0010932	0.0981565	-0.0376158
0.559882	-0.0994579	0.0718105	-0.000621611	0.0958446	-0.0391589
0.559886	-0.0993521	0.0717736	0.00246864	0.101838	-0.0364781
0.559886	-0.0992526	0.0717334	0.00202509	0.100856	-0.0370112
0.559886	-0.0991505	0.0716934	0.000661289	0.0982908	-0.0382477
0.559887	-0.0990509	0.0716563	0.00134268	0.09722	-0.0366443
0.559886	-0.0989517	0.0716145	-0.000704447	0.0989221	-0.0390117
0.559885	-0.0988524	0.0715732	-0.000923394	0.0982828	-0.0399356
0.559886	-0.0987543	0.0715365	0.000270074	0.100893	-0.039428
0.559888	-0.0986495	0.071498	0.000437511	0.104103	-0.0404328
0.559888	-0.0985519	0.0714611	0.00069249	0.100684	-0.0382529
0.559886	-0.0984526	0.0714212	-0.000131031	0.0990754	-0.0376073
0.55989	-0.0983486	0.0713874	0.000415486	0.0983152	-0.0352428
0.559889	-0.0982544	0.0713489	-0.000784491	0.0943934	-0.0372211
0.559891	-0.0981567	0.0713145	0.00034622	0.0945959	-0.0361599
0.559891	-0.0980538	0.0712767	0.00194514	0.10158	-0.0350153
0.559891	-0.097955	0.0712387	0.000300469	0.0985453	-0.0362618
0.55989	-0.0978503	0.0711959	-0.000595083	0.0997133	-0.0371995
0.559889	-0.0977517	0.0711585	-0.00171625	0.0993023	-0.0377956
0.559888	-0.0976522	0.0711189	-0.00250614	0.0949389	-0.0393609
0.559889	-0.0975564	0.0710823	-0.00136355	0.0960739	-0.0389921
0.559889	-0.0974536	0.0710423	0.000232749	0.0990381	-0.0384517
0.559889	-0.0973542	0.0710029	5.62219e-05	0.0991734	-0.0394413
0.559888	-0.0972625	0.0709623	-0.000132581	0.0970317	-0.0394993
0.559886	-0.0971604	0.0709192	-0.000898214	0.0980975	-0.0406448
0.559887	-0.0970631	0.0708813	-0.000306991	0.0985006	-0.0394968
0.559886	-0.096966	0.0708389	0.0002666	0.100321	-0.0396965
0.559885	-0.0968633	0.0707976	-0.00127577	0.100191	-0.0428
0.559886	-0.0967655	0.0707593	-0.000593367	0.0996434	-0.0415916
0.559886	-0.0966638	0.0707221	-0.000148147	0.10065	-0.040181
0.559885	-0.0965671	0.0706763	-0.00152192	0.097524	-0.0431679
0.559882	-0.0964699	0.070635	-0.00209688	0.0985737	-0.0437008
0.559881	-0.0963737	0.0705932	-0.00166218	0.0980931	-0.042445
0.559882	-0.0962804	0.0705552	0.000111397	0.0998425	-0.0398957
0.559882	-0.0961802	0.0705149	0.000578872	0.100619	-0.0395589
0.559879	-0.0960836	0.0704696	-0.00119089	0.0976836	-0.0418028
0.559876	-0.0959814	0.0704246	-0.00299339	0.0975261	-0.044651
0.559877	-0.0958803	0.0703786	-0.00149677	0.0984301	-0.0437481
0.559874	-0.0957836	0.0703368	-0.00214919	0.0973442	-0.0434716
0.559871	-0.0956969	0.0702955	-0.00176767	0.095172	-0.0415903
0.559874	-0.0955957	0.0702564	-0.00147737	0.0969929	-0.0427209
0.55987	-0.0955018	0.0702114	-0.00289063	0.0984713	-0.0450178
0.559868	-0.0954095	0.0701693	-0.00301947	0.0992938	-0.0454591
0.559865	-0.0953121	0.0701266	-0.00383005	0.0967359	-0.0455397
0.559862	-0.0952225	0.070084	-0.00413533	0.0930694	-0.0455475
0.559859	-0.0951311	0.0700418	-0.00451262	0.0876479	-0.0436264
0.559856	-0.0950427	0.0700013	-0.00401772	0.0881639	-0.0428524
0.559852	-0.094952	0.0699542	-0.00495695	0.0881791	-0.0460085
0.559849	-0.0948535	0.0699124	-0.00405071	0.091974	-0.0444299
0.559843	-0.094764	0.0698672	-0.00551273	0.0930751	-0.046718
0.559839	-0.0946709	0.069823	-0.005687	0.0948647	-0.0475326
0.559837	-0.0945713	0.0697801	-0.00402361	0.0977639	-0.0459497
0.559832	-0.09449	0.069736	-0.00421041	0.0944522	-0.0451482
0.559829	-0.0943984	0.0696944	-0.00385667	0.0928648	-0.0439383
0.559824	-0.0943115	0.0696483	-0.00325495	0.0909035	-0.0425437
0.559821	-0.0942189	0.0696053	-0.00399053	0.0913483	-0.0440234
0.559818	-0.0941239	0.0695646	-0.00375307	0.0916448	-0.0428583
0.55981	-0.094037	0.0695192	-0.00484219	0.0914438	-0.0439913
0.559806	-0.0938475	0.0694359	-0.00658147	0.0916525	-0.0450026
0.559802	-0.0937536	0.0693927	-0.00583989	0.0930566	-0.044318
0.559799	-0.0936568	0.0693497	-0.00483456	0.0939432	-0.0434802
0.559795	-0.0935628	0.069306	-0.00501777	0.0959466	-0.0452403
0.55979	-0.0934721	0.0692629	-0.00499334	0.0938744	-0.0443206
0.559787	-0.0933826	0.0692207	-0.0031117	0.0974528	-0.0434713
0.559787	-0.0932852	0.0691814	-0.00284772	0.0979859	-0.0435979
0.55978	-0.0931953	0.0691351	-0.00422528	0.0978342	-0.0450177
0.559778	-0.0931103	0.0690945	-0.00289835	0.0962793	-0.0431863
0.559769	-0.0930172	0.0690439	-0.00418831	0.0954883	-0.0448201
0.559768	-0.0929222	0.0690037	-0.00367211	0.0932952	-0.0436672
0.559762	-0.0928311	0.0689568	-0.00430031	0.0925394	-0.0444305
0.55976	-0.0927371	0.0689169	-0.00286338	0.0955683	-0.0429269
0.559753	-0.0926503	0.0688703	-0.00441604	0.092568	-0.0443161
0.559749	-0.0925605	0.0688286	-0.0040416	0.0917802	-0.0432595
0.55975	-0.0924673	0.0687897	-0.00207483	0.0931586	-0.0414282
0.559744	-0.0923813	0.0687439	-0.00279007	0.0911545	-0.0416068
0.559739	-0.0922915	0.0686972	-0.00383549	0.0901724	-0.0435379
0.55973	-0.0922048	0.0686495	-0.00532025	0.0909145	-0.0444729
0.559728	-0.0921159	0.0686074	-0.00363708	0.0904935	-0.0427647
0.559722	-0.0920226	0.0685582	-0.0043706	0.0915052	-0.0450182
0.559723	-0.0919322	0.0685202	-0.00211653	0.090071	-0.041091
0.559715	-0.0918473	0.0684732	-0.00261928	0.0907289	-0.0415821
0.559709	-0.091758	0.0684254	-0.00329368	0.0932404	-0.0431601
0.559706	-0.0916733	0.0683811	-0.00352077	0.0909901	-0.0440629
0.559701	-0.0915803	0.0683338	-0.00559998	0.0883565	-0.046597
0.559695	-0.0914868	0.0682876	-0.00652498	0.0881191	-0.0471354
0.559688	-0.0913996	0.068241	-0.00672691	0.0875199	-0.0465496
0.559684	-0.0913059	0.0681931	-0.00555231	0.0911949	-0.046652
0.559678	-0.0912123	0.068145	-0.00626376	0.0927079	-0.048198
0.559675	-0.0911276	0.0681056	-0.00404444	0.0909121	-0.0455704
0.559675	-0.0910347	0.0680662	-0.00285511	0.0938191	-0.0445004
0.559669	-0.0909427	0.0680193	-0.00371864	0.0935112	-0.0452119
0.559666	-0.0908489	0.0679742	-0.00352848	0.0922718	-0.0450048
0.559664	-0.0907624	0.0679342	-0.00336428	0.0919984	-0.0442365
0.559661	-0.0906681	0.0678928	-0.00274792	0.0900402	-0.0414907
0.559657	-0.0905778	0.0678484	-0.00198505	0.0942894	-0.0422096
0.559656	-0.0904845	0.067806	-0.00195912	0.0927007	-0.0419866
0.559649	-0.0903902	0.067758	-0.00384439	0.0926573	-0.0442556
0.55965	-0.0903008	0.0677201	-0.00132428	0.091198	-0.0396725
0.559644	-0.0902049	0.0676719	-0.00252441	0.0904215	-0.0416048
0.559641	-0.0901029	0.067627	-0.00273695	0.0962621	-0.0440874
0.559637	-0.0900199	0.0675867	-0.00288175	0.092412	-0.0424016
0.559636	-0.0899166	0.0675436	-0.0035299	0.0948508	-0.0443249
0.559631	-0.0898261	0.0674994	-0.00578782	0.0946302	-0.0449604
0.559631	-0.0897331	0.0674617	-0.00493734	0.0934761	-0.0438199
0.559625	-0.0896429	0.0674175	-0.004708	0.0914724	-0.0427002
0.55962	-0.0895494	0.0673739	-0.00502728	0.0946126	-0.0438415
0.559621	-0.0894535	0.0673346	-0.00399989	0.0921436	-0.0437247
0.559616	-0.0893637	0.0672907	-0.00469864	0.0935526	-0.0457759
0.559613	-0.0892734	0.0672499	-0.0048663	0.0912965	-0.0446525
0.559607	-0.0891792	0.0672032	-0.0058072	0.091605	-0.0461647
0.559601	-0.0890928	0.0671617	-0.00656607	0.0894701	-0.0461352
0.559599	-0.0889993	0.0671192	-0.00615754	0.087325	-0.04579
0.559596	-0.0889144	0.0670766	-0.00499929	0.0851632	-0.0441018
0.55959	-0.0888233	0.0670323	-0.00484132	0.0889033	-0.0442624
0.559586	-0.0887307	0.0669882	-0.00462623	0.0886652	-0.0437425
0.55958	-0.088642	0.0669422	-0.00491959	0.087642	-0.0438899
0.559574	-0.0885502	0.0668948	-0.00547419	0.0858848	-0.0438571
0.559573	-0.0884586	0.0668528	-0.00446103	0.0867933	-0.0427011
0.559567	-0.0883708	0.0668065	-0.00424969	0.0858596	-0.0423794
0.559562	-0.088282	0.0667614	-0.00538314	0.086871	-0.0441746
0.559557	-0.0881934	0.0667169	-0.00519349	0.0858549	-0.0433853
0.559555	-0.0880986	0.0666742	-0.00365388	0.0888398	-0.0423982
0.559553	-0.0880058	0.0666308	-0.0022097	0.0886675	-0.0414488
0.559546	-0.0879128	0.0665836	-0.00314244	0.0895111	-0.0422148
0.559543	-0.0878205	0.0665419	-0.0028517	0.0909402	-0.0414867
0.559539	-0.0877291	0.0664962	-0.00292772	0.0904203	-0.0438351
0.559532	-0.0876422	0.0664492	-0.00377424	0.0894289	-0.0436898
0.559529	-0.0875533	0.0664075	-0.00226011	0.0901091	-0.0418103
0.559522	-0.0874642	0.0663592	-0.00404238	0.0892085	-0.0436983
0.559522	-0.0873682	0.0663225	-0.00219939	0.0926764	-0.04122
0.559518	-0.0872724	0.0662758	-0.00308332	0.0946012	-0.0431767
0.559511	-0.0871893	0.0662304	-0.00335837	0.0891725	-0.0428935
0.559508	-0.0870923	0.0661858	-0.00130971	0.0911357	-0.0412063
0.559503	-0.0870083	0.0661435	-0.00253757	0.0882471	-0.041744
0.559502	-0.086916	0.0661016	-0.00212786	0.0894118	-0.0414491
0.559495	-0.0868313	0.0660566	-0.00414064	0.0861862	-0.0430147
0.559489	-0.0867457	0.0660119	-0.00493165	0.0846291	-0.0424418
0.559487	-0.0866544	0.0659738	-0.00481205	0.0847347	-0.0413652
0.559482	-0.0865621	0.0659299	-0.00550332	0.0881445	-0.0434455
0.559476	-0.0864731	0.0658842	-0.00596295	0.0874776	-0.0438712
0.559476	-0.0863825	0.0658464	-0.00434323	0.0882542	-0.0423178
0.559471	-0.0862965	0.0658022	-0.00527871	0.0865459	-0.0433565
0.559465	-0.0862065	0.065758	-0.00555252	0.0866923	-0.0432546
0.559463	-0.0861178	0.0657186	-0.00211406	0.0888554	-0.039477
0.559456	-0.0860336	0.0656717	-0.00263046	0.0872786	-0.0414516
0.559453	-0.0859417	0.0656303	-0.00272017	0.0907792	-0.0410879
0.559449	-0.0858546	0.0655891	-0.00167802	0.0909128	-0.0397238
0.559444	-0.0857641	0.0655428	-0.00262604	0.0922782	-0.0420957
0.559437	-0.085677	0.0654967	-0.00362784	0.0907078	-0.0421328
0.559434	-0.0855887	0.0654555	-0.00390052	0.0898665	-0.041933
0.559427	-0.0855024	0.0654108	-0.0049404	0.0871876	-0.0439579
0.559425	-0.0854238	0.0653714	-0.00367193	0.0863868	-0.0419551
0.559414	-0.0853355	0.0653217	-0.00471482	0.0867966	-0.0436825
0.559415	-0.0852529	0.0652854	-0.00248851	0.0844496	-0.0401405
0.559409	-0.0851661	0.0652421	-0.00353556	0.084075	-0.0399058
0.559408	-0.0850794	0.0652033	-0.00190653	0.0838673	-0.0378675
0.559401	-0.0849964	0.065159	-0.00220143	0.0831552	-0.0388003
0.5594	-0.0849108	0.0651178	-0.00325689	0.0853197	-0.0417842
0.559396	-0.0848202	0.0650753	-0.00460952	0.0848891	-0.042557
0.559392	-0.0847346	0.0650329	-0.00455813	0.0851039	-0.0424431
0.559379	-0.0845693	0.0649444	-0.00710801	0.0824886	-0.0445503
0.559376	-0.0844844	0.0648999	-0.00545882	0.0826331	-0.0438629
0.559373	-0.0844005	0.0648578	-0.00464591	0.0808612	-0.0429667
0.55937	-0.0843178	0.0648148	-0.00385269	0.0795913	-0.0432098
0.559363	-0.0842357	0.0647688	-0.00500596	0.081148	-0.0444497
0.559358	-0.0841547	0.0647283	-0.00522605	0.0827563	-0.0442443
0.559354	-0.0840685	0.0646866	-0.00411956	0.0802662	-0.0418933
0.559348	-0.0839894	0.0646423	-0.00473851	0.0800743	-0.0441715
0.559342	-0.0839171	0.0645991	-0.00287103	0.0805153	-0.0431648
0.559339	-0.0838343	0.064561	-0.00207153	0.0823562	-0.0413707
0.559332	-0.0837514	0.0645164	-0.00428695	0.0825346	-0.0434938
0.559329	-0.083672	0.0644773	-0.0039896	0.0815297	-0.0419371
0.559323	-0.0835949	0.0644335	-0.00414719	0.0806135	-0.0427367
0.559318	-0.0835226	0.0643952	-0.00350749	0.0789719	-0.0416033
0.55931	-0.083443	0.0643492	-0.0047593	0.079271	-0.04214
0.559305	-0.0833575	0.0643055	-0.00469947	0.078118	-0.0413413
0.559299	-0.0832873	0.064265	-0.00565281	0.076251	-0.0418356
0.559293	-0.0832068	0.0642204	-0.00534639	0.0788946	-0.0418065
0.55929	-0.083129	0.0641826	-0.00421297	0.0824155	-0.0410969
0.559282	-0.0830504	0.0641386	-0.00652486	0.0825059	-0.0437423
0.559276	-0.0829648	0.0640948	-0.00584531	0.0817606	-0.0444942
0.55927	-0.0828847	0.064053	-0.00688981	0.0831605	-0.0448952
0.559262	-0.0828105	0.0640095	-0.00919304	0.0799456	-0.0470737
0.559258	-0.0827276	0.0639705	-0.00738364	0.0804425	-0.0454364
0.55925	-0.0826545	0.0639286	-0.00731816	0.0757519	-0.0442259
0.559244	-0.0825753	0.0638865	-0.00749975	0.0771923	-0.0444416
0.559238	-0.0825011	0.0638482	-0.0086513	0.0748453	-0.0442065
0.559237	-0.0824155	0.0638132	-0.00636384	0.0760558	-0.0418094
0.559226	-0.0823347	0.063766	-0.00932937	0.0750559	-0.0454118
0.559221	-0.0822612	0.0637289	-0.00785338	0.0748023	-0.0425808
0.559216	-0.0821824	0.0636882	-0.00686911	0.0748497	-0.0417477
0.559209	-0.0821085	0.0636495	-0.00686866	0.0749688	-0.040172
0.559201	-0.0820281	0.0636079	-0.00756619	0.0757331	-0.0411664
0.559197	-0.0819576	0.0635715	-0.00674006	0.0722615	-0.0391786
0.559186	-0.081887	0.0635274	-0.00749785	0.073416	-0.0400041
0.559179	-0.0818138	0.0634881	-0.00614127	0.075706	-0.0389015
0.559172	-0.0817388	0.0634482	-0.00633557	0.0752079	-0.0384882
0.559163	-0.0816627	0.0634052	-0.00555505	0.0768744	-0.03945
0.559158	-0.0815854	0.0633693	-0.00602933	0.0744522	-0.0388177
0.559151	-0.0815125	0.0633263	-0.00581736	0.0761569	-0.0398673
0.559148	-0.0814345	0.0632912	-0.00396568	0.0772435	-0.0378779
0.559136	-0.0813628	0.0632471	-0.00725721	0.0744476	-0.0411021
0.559129	-0.081293	0.0632071	-0.00689484	0.0731644	-0.040655
0.559124	-0.0812203	0.063168	-0.00659462	0.0728833	-0.0400774
0.559115	-0.0811515	0.0631292	-0.00748146	0.0715598	-0.0391436
0.559111	-0.0810808	0.0630941	-0.00655659	0.0728955	-0.0384495
0.559105	-0.0810022	0.0630526	-0.00751159	0.0745462	-0.0409122
0.559094	-0.080934	0.0630087	-0.00828343	0.073746	-0.042527
0.559087	-0.0808585	0.0629687	-0.00872042	0.0734446	-0.0426729
0.559079	-0.080791	0.0629256	-0.0063693	0.0739927	-0.0406332
0.559073	-0.0807189	0.0628862	-0.00712412	0.0737367	-0.0407926
0.559065	-0.0806524	0.0628467	-0.00747109	0.0711042	-0.0398712
0.559056	-0.0805827	0.0628035	-0.00776383	0.0695339	-0.0408142
0.55905	-0.0805156	0.0627651	-0.00800654	0.0703571	-0.0401531
0.559045	-0.0804407	0.062724	-0.00784154	0.0741686	-0.0416391
0.559035	-0.0803699	0.0626824	-0.00747306	0.0730917	-0.0400874
0.559032	-0.0802909	0.0626443	-0.0059054	0.073913	-0.0397473
0.559025	-0.080224	0.0626047	-0.00773657	0.0735465	-0.0415503
0.559019	-0.080151	0.0625636	-0.00829393	0.0751626	-0.0431848
0.559015	-0.0800781	0.0625269	-0.00653928	0.0743744	-0.0406914
0.559009	-0.0800093	0.0624898	-0.00638372	0.0709989	-0.040255
0.559002	-0.0799362	0.0624492	-0.00779702	0.0685154	-0.0404555
0.559	-0.0798727	0.0624164	-0.00617342	0.0674846	-0.0391238
0.558991	-0.0797967	0.0623734	-0.00732908	0.0706597	-0.0390568
0.558989	-0.0797196	0.0623377	-0.00746165	0.0676485	-0.0390814
0.558985	-0.0796496	0.0623024	-0.00615966	0.0662566	-0.0372154
0.558979	-0.0795788	0.0622644	-0.0057608	0.0675376	-0.0375311
0.558972	-0.0795096	0.0622256	-0.00725526	0.0684608	-0.0397651
0.558966	-0.0794389	0.0621868	-0.00787677	0.0711188	-0.0408366
0.558964	-0.0793643	0.0621538	-0.00657169	0.0713405	-0.038518
0.558953	-0.0792972	0.0621115	-0.0073101	0.0707332	-0.03974
0.55895	-0.0792274	0.0620782	-0.00577178	0.0717064	-0.0365785
0.558943	-0.0791526	0.0620358	-0.00766897	0.0702155	-0.0392818
0.558938	-0.0790867	0.0620011	-0.00616643	0.0677905	-0.0372954
0.558935	-0.0790092	0.0619676	-0.00491805	0.0700023	-0.036378
0.558931	-0.0789327	0.0619316	-0.00419905	0.0730147	-0.0366665
0.558923	-0.0788679	0.0618962	-0.00578844	0.0698721	-0.0367772
0.558919	-0.0787969	0.0618625	-0.00563258	0.0675884	-0.0347991
0.558915	-0.0787224	0.0618255	-0.00501773	0.0709757	-0.0349762
0.558908	-0.0786531	0.0617905	-0.00459383	0.0686841	-0.0332918
0.558909	-0.0785786	0.0617587	-0.00215751	0.070258	-0.031874
0.5589	-0.0785147	0.061724	-0.00493901	0.0696864	-0.0338515
0.558899	-0.0784447	0.0616915	-0.00356385	0.0702506	-0.0322265
0.55889	-0.0783741	0.06165	-0.00486878	0.0706706	-0.0348014
0.55889	-0.0782989	0.061619	-0.00336921	0.0708001	-0.034707
0.558882	-0.0782325	0.0615814	-0.0055551	0.0674597	-0.035788
0.558877	-0.0781649	0.0615465	-0.00462403	0.067999	-0.0348437
0.558871	-0.0780976	0.0615088	-0.00358935	0.070844	-0.0362625
0.558865	-0.0780353	0.061474	-0.00399332	0.0679193	-0.0354295
0.55886	-0.0779645	0.061436	-0.00385214	0.0679012	-0.0358007
0.558855	-0.0779054	0.0614024	-0.00483283	0.063207	-0.0351085
0.558845	-0.0778394	0.0613617	-0.00606642	0.0648051	-0.036152
0.558843	-0.0777746	0.0613281	-0.00530937	0.0660003	-0.0356835
0.558837	-0.0777082	0.0612919	-0.00633229	0.0659958	-0.0363243
0.558831	-0.0776406	0.0612543	-0.00637692	0.0643175	-0.0361581
0.558828	-0.0775715	0.0612203	-0.00604879	0.0629601	-0.0353509
0.558819	-0.0775104	0.0611841	-0.00610531	0.0637046	-0.0353633
0.558815	-0.0774411	0.0611466	-0.00535945	0.0663478	-0.0361416
0.558811	-0.0773685	0.0611127	-0.00605058	0.0695119	-0.036367
0.558805	-0.0773081	0.0610756	-0.00527024	0.0649755	-0.0357154
0.5588	-0.0772416	0.0610422	-0.0061561	0.0626768	-0.034769
0.558791	-0.0771775	0.0610014	-0.00763464	0.0597077	-0.0374825
0.558775	-0.0769774	0.0608975	-0.00648017	0.0634549	-0.0359364
0.558771	-0.0769103	0.0608599	-0.00749777	0.0648405	-0.0385776
0.558766	-0.0768453	0.060828	-0.00647043	0.064784	-0.0366556
0.558759	-0.0767825	0.0607903	-0.00677117	0.0655817	-0.0378332
0.558755	-0.0767141	0.060758	-0.00686666	0.0679136	-0.0374704
0.558747	-0.0766545	0.0607212	-0.00762952	0.060926	-0.0361844
0.55874	-0.0765922	0.0606844	-0.0079156	0.0598875	-0.0357224
0.558735	-0.0765272	0.0606525	-0.00702457	0.0635145	-0.0343011
0.558728	-0.0764698	0.0606198	-0.00587837	0.0643859	-0.0332009
0.558724	-0.0764045	0.0605904	-0.00404596	0.0665859	-0.0316708
0.558718	-0.0763453	0.0605575	-0.0033361	0.0642015	-0.0310786
0.558711	-0.0762793	0.0605203	-0.00441711	0.062282	-0.03119
0.558704	-0.0762198	0.0604892	-0.00482287	0.0606754	-0.0306424
0.558699	-0.0761599	0.0604591	-0.00410164	0.061994	-0.0293669
0.558692	-0.0761017	0.0604295	-0.00521694	0.0595784	-0.0301524
0.558687	-0.07604	0.060399	-0.00492641	0.0559333	-0.0278859
0.558681	-0.075977	0.0603664	-0.00569855	0.0559607	-0.029575
0.558674	-0.0759199	0.0603324	-0.00563199	0.0574536	-0.030519
0.558666	-0.0758627	0.0603012	-0.00639342	0.0587632	-0.030568
0.558661	-0.0758031	0.0602692	-0.00583409	0.059232	-0.0311566
0.558656	-0.0757407	0.0602385	-0.00591564	0.0601568	-0.0308571
0.558648	-0.0756871	0.0602083	-0.0070434	0.0587112	-0.0310917
0.558644	-0.0756243	0.0601758	-0.00676584	0.0589787	-0.0317535
0.558638	-0.0755643	0.0601457	-0.00586433	0.0590367	-0.0303518
0.558632	-0.0755043	0.0601127	-0.0048248	0.0587181	-0.0301776
0.558627	-0.0754471	0.0600846	-0.00464312	0.0576358	-0.0279599
0.558619	-0.0753926	0.0600516	-0.00594395	0.0561147	-0.02904
0.558615	-0.0753313	0.0600186	-0.00544018	0.0575018	-0.0300411
0.558607	-0.0752795	0.0599882	-0.00698836	0.0538475	-0.0301502
0.558604	-0.0752174	0.0599597	-0.00710254	0.0530802	-0.0305948
0.558599	-0.0751607	0.0599293	-0.00575503	0.0533189	-0.0298251
0.558594	-0.0751063	0.0599011	-0.00499591	0.0534389	-0.0289407
0.558585	-0.0750521	0.0598661	-0.00651286	0.0532008	-0.0325619
0.558587	-0.0749928	0.0598435	-0.00479805	0.0538448	-0.0301107
0.558582	-0.0749358	0.0598121	-0.00352466	0.0557715	-0.0287153
0.558579	-0.0748759	0.0597834	-0.00436269	0.0573248	-0.0294006
0.558574	-0.0748267	0.0597557	-0.00413408	0.0540651	-0.028287
0.558568	-0.074769	0.0597222	-0.00363143	0.0534729	-0.0278066
0.558566	-0.0747197	0.0596958	-0.00244244	0.053334	-0.0265887
0.558561	-0.0746627	0.0596662	-0.00345032	0.0538776	-0.0270126
0.558558	-0.074612	0.0596412	-0.00281093	0.0526199	-0.0254692
0.558555	-0.0745601	0.0596113	-0.00243314	0.0533977	-0.0269271
0.55855	-0.0745058	0.0595827	-0.00258763	0.0527339	-0.0253437
0.558546	-0.0744504	0.059551	-0.00246588	0.0541328	-0.0267991
0.558545	-0.0743987	0.0595229	-0.00383282	0.054411	-0.0291296
0.558539	-0.0743436	0.0594931	-0.00487246	0.0542193	-0.0304305
0.558537	-0.0742894	0.0594653	-0.00270323	0.055572	-0.0298537
0.558535	-0.0742308	0.0594358	-0.00247915	0.0577954	-0.0298646
0.558532	-0.0741802	0.0594053	-0.00296348	0.0543689	-0.0303182
0.558528	-0.0741307	0.0593785	-0.00363762	0.054791	-0.0301562
0.55853	-0.0740765	0.0593525	-0.000929328	0.0546362	-0.0270405
0.558525	-0.0740246	0.0593217	-0.0024504	0.0529577	-0.0283939
0.558522	-0.0739716	0.0592953	-0.0027739	0.0521448	-0.0279815
0.558523	-0.0739215	0.0592717	-0.00203336	0.0483255	-0.0260996
0.558521	-0.0738663	0.0592428	-0.00232205	0.0509941	-0.0272975
0.558524	-0.0738112	0.0592209	-0.000340511	0.051118	-0.0256999
0.558522	-0.07376	0.0591963	-0.00210226	0.0521728	-0.0268848
0.558522	-0.0737088	0.0591707	-0.00374423	0.0538818	-0.0288071
0.558523	-0.0736623	0.0591464	-0.00313139	0.0503038	-0.028352
0.558522	-0.073612	0.0591199	-0.00227536	0.0492941	-0.0275946
0.558522	-0.073558	0.0590968	-0.00230931	0.0497488	-0.0267162
0.558522	-0.0735114	0.0590718	-0.00332603	0.0498021	-0.0281459
0.558521	-0.0734637	0.0590455	-0.00190441	0.0480164	-0.0274352
0.558524	-0.0734189	0.0590252	-0.00138461	0.0471121	-0.0260563
0.55852	-0.0733726	0.0589958	-0.00334449	0.0473954	-0.0282774
0.558522	-0.073318	0.0589727	-0.000815098	0.0515244	-0.0266214
0.558522	-0.0732655	0.0589461	-0.00175417	0.052763	-0.0282562
0.558518	-0.0732211	0.0589186	-0.00206067	0.0504491	-0.0284483
0.55852	-0.0731689	0.058896	0.000494469	0.0500948	-0.0258913
0.55852	-0.0731217	0.0588704	0.00098328	0.049128	-0.0252115
0.558521	-0.0730771	0.0588466	0.000323975	0.0463737	-0.0248934
0.558522	-0.0730264	0.0588242	0.00211779	0.0471831	-0.022218
0.558521	-0.0729739	0.0587953	0.00033951	0.0521866	-0.0257712
0.55852	-0.0729281	0.0587731	0.000701682	0.0499892	-0.0245302
0.558521	-0.0728779	0.0587452	0.00199868	0.052331	-0.0252928
0.558521	-0.0728278	0.0587186	0.00250289	0.051835	-0.0248849
0.558521	-0.0727849	0.0586973	0.000290378	0.0475738	-0.0244028
0.558524	-0.0727348	0.0586731	0.00176761	0.0490786	-0.0227844
0.558527	-0.0726834	0.0586524	0.00230315	0.0479125	-0.0205972
0.55853	-0.0726257	0.0586285	0.00215506	0.0479601	-0.0202253
0.558524	-0.0725866	0.0585995	-0.000642198	0.046203	-0.0234796
0.558527	-0.0725403	0.0585777	0.00147785	0.0468847	-0.0221581
0.558529	-0.0724883	0.0585523	0.00155736	0.0511876	-0.0252476
0.558526	-0.0724432	0.0585257	-0.000144529	0.049345	-0.025817
0.558528	-0.072392	0.0585026	0.00106188	0.0499262	-0.0238732
0.558527	-0.0723491	0.0584753	0.00103894	0.0486023	-0.024994
0.558529	-0.0723024	0.0584539	0.000477447	0.045962	-0.0238871
0.558526	-0.0722591	0.0584261	-3.93709e-05	0.04706	-0.0249265
0.558524	-0.0722093	0.0583979	-1.06517e-05	0.0502328	-0.0262102
0.558525	-0.0721647	0.058375	0.00181216	0.0489615	-0.023716
0.558522	-0.0721178	0.0583483	0.000110517	0.0477534	-0.0240422
0.558524	-0.0720689	0.0583243	0.000232873	0.0481765	-0.0242682
0.558523	-0.0720196	0.0582978	-0.000411774	0.0466134	-0.0245955
0.55852	-0.0719716	0.0582707	-0.00221687	0.0441183	-0.025461
0.55852	-0.0719313	0.0582484	-0.00185681	0.043001	-0.0255888
0.558517	-0.0718865	0.0582246	-0.00327135	0.0440186	-0.0274585
0.558515	-0.0718392	0.0581956	-0.00260644	0.0435243	-0.0270127
0.558514	-0.0717894	0.0581699	-0.00245289	0.0424466	-0.0264164
0.558513	-0.0717498	0.0581478	-0.000374477	0.0411897	-0.0239856
0.55851	-0.0717108	0.0581239	-0.000386118	0.0414586	-0.0240687
0.558512	-0.0716656	0.0581013	0.00222805	0.0449628	-0.0224785
0.558508	-0.0716242	0.058079	6.38551e-05	0.0426769	-0.0230291
0.558506	-0.0715829	0.0580539	-0.000741015	0.0436328	-0.0245994
0.558504	-0.0715403	0.0580317	-0.000410982	0.0431647	-0.0228972
0.558501	-0.0714926	0.0580017	-0.000102908	0.0457872	-0.0247281
0.558502	-0.0714424	0.0579802	0.00034544	0.0464594	-0.0241136
0.558496	-0.0714055	0.0579512	-0.00335521	0.0449448	-0.0274153
0.558495	-0.0713655	0.0579297	-0.0026319	0.042404	-0.0243989
0.558495	-0.07132	0.0579048	-0.000130142	0.0438466	-0.0228826
0.558491	-0.0712807	0.0578788	-0.00037784	0.0433462	-0.0237665
0.558487	-0.0711908	0.0578301	-0.000957988	0.0432366	-0.0227051
0.558485	-0.0711537	0.0578035	-0.00200473	0.0409052	-0.024521
0.558484	-0.0711085	0.0577782	-0.00223634	0.041519	-0.025323
0.558482	-0.0710668	0.0577522	-0.00192987	0.0405014	-0.025332
0.55848	-0.0710251	0.0577275	-0.00209928	0.0416552	-0.0252497
0.558478	-0.0709825	0.0577028	-0.0028374	0.0412129	-0.025448
0.558477	-0.0709362	0.0576747	-0.00264329	0.0408013	-0.0258241
0.558476	-0.070898	0.0576529	-0.00105169	0.0407657	-0.023433
0.558476	-0.0708544	0.0576289	-0.00190548	0.0427653	-0.0251331
0.558474	-0.0708077	0.0576037	-0.00325773	0.0445265	-0.0271463
0.558473	-0.070767	0.0575798	-0.00221288	0.0414587	-0.0253571
0.558475	-0.0707294	0.0575598	-0.00123135	0.0409645	-0.0241423
0.558475	-0.0706832	0.0575381	-0.00107062	0.0429619	-0.0249003
0.558476	-0.0706416	0.0575185	-0.00091654	0.0420192	-0.0235912
0.558476	-0.0705981	0.0574948	-0.000451513	0.0423771	-0.022557
0.558476	-0.070559	0.0574746	-5.67109e-05	0.0416475	-0.0207034
0.558475	-0.0705143	0.0574529	-0.000541766	0.0409122	-0.0198735
0.558477	-0.0704772	0.0574326	0.000292892	0.0370037	-0.0198567
0.558477	-0.0704295	0.0574088	-2.42091e-05	0.0422994	-0.0217041
0.558477	-0.070386	0.0573878	-0.000884559	0.0415237	-0.0218608
0.558478	-0.0703425	0.0573693	-0.000725307	0.0405305	-0.0204539
0.558477	-0.070299	0.0573463	-0.000563043	0.0431356	-0.0205691
0.558478	-0.0702524	0.0573254	0.00017358	0.0421083	-0.0192926
0.558479	-0.0702134	0.0573066	-3.25699e-05	0.0411313	-0.0196719
0.558476	-0.070164	0.0572805	-0.000533759	0.0428964	-0.0204474
0.558478	-0.0701267	0.0572618	0.0010892	0.0389087	-0.0191759
0.558475	-0.0700854	0.0572406	-0.00061644	0.0392802	-0.0205472
0.558476	-0.0700408	0.0572201	0.00139686	0.0400903	-0.0188114
0.558476	-0.069993	0.0571978	-0.000234705	0.0451688	-0.020605
0.558476	-0.0699527	0.0571758	-0.00104722	0.0429085	-0.0220197
0.558474	-0.06991	0.0571526	-0.00243743	0.0411467	-0.0234356
0.558476	-0.0698613	0.0571313	2.83102e-05	0.0452068	-0.0222594
0.558474	-0.0698202	0.0571074	0.000148865	0.043539	-0.0225854
0.558475	-0.0697795	0.0570891	-0.00134824	0.0438114	-0.022854
0.558475	-0.0697353	0.057067	-7.48636e-05	0.0428451	-0.0223452
0.55848	-0.0696864	0.0570487	-0.000326879	0.0453826	-0.0231642
0.558475	-0.0696403	0.0570243	-0.00152614	0.0464986	-0.0232789
0.558477	-0.0695997	0.0570032	-0.000233872	0.0437289	-0.0230746
0.558476	-0.0695523	0.0569794	-0.00148408	0.0443628	-0.0245011
0.558477	-0.0695035	0.0569602	0.0005847	0.044619	-0.0223739
0.558477	-0.0694635	0.0569396	0.00174668	0.0420642	-0.0203306
0.558481	-0.0694135	0.0569215	0.0016084	0.0424429	-0.0205002
0.558479	-0.0693675	0.0568989	0.00104477	0.0421379	-0.0189822
0.558479	-0.0693213	0.0568797	0.00128182	0.0442858	-0.019321
0.558479	-0.0692728	0.0568567	0.00113074	0.0459799	-0.0199603
0.558481	-0.0692287	0.0568357	0.00100487	0.0439546	-0.0201708
0.558478	-0.0691844	0.0568106	0.00108657	0.0431286	-0.0203711
0.558482	-0.0691363	0.0567949	0.00217666	0.0440292	-0.0193029
0.558482	-0.0690936	0.0567726	0.00180852	0.0455406	-0.0212874
0.558482	-0.069048	0.0567534	0.00142389	0.0461163	-0.0203224
0.558485	-0.068999	0.0567315	-0.00046939	0.0451356	-0.0227762
0.558483	-0.068951	0.0567105	-0.000802505	0.0467791	-0.0219077
0.558484	-0.0689036	0.0566878	0.00166185	0.0490726	-0.0206731
0.558483	-0.0688525	0.0566678	0.000716911	0.0494661	-0.0204404
0.558486	-0.0688058	0.0566468	0.00247369	0.047567	-0.019795
0.558484	-0.0687638	0.0566267	0.000410102	0.0463328	-0.021245
0.558487	-0.0687138	0.0566054	0.00104373	0.0496859	-0.0214539
0.558488	-0.0686676	0.056586	7.58757e-05	0.0487115	-0.022417
0.558488	-0.0686236	0.0565684	0.00170812	0.0480352	-0.0201186
0.558485	-0.0685727	0.0565426	-0.00149401	0.049794	-0.023065
0.558487	-0.0685284	0.0565225	-0.00191085	0.047987	-0.0227158
0.558487	-0.068478	0.0565012	-0.00156862	0.0486271	-0.0219027
0.558487	-0.0684317	0.0564807	-0.00147302	0.0469445	-0.0215786
0.558486	-0.0683888	0.0564601	-0.000494178	0.0464198	-0.0217426
0.558486	-0.0683413	0.0564395	-0.000872674	0.0467104	-0.0218138
0.558488	-0.0682967	0.0564205	0.00163006	0.0477909	-0.0201708
0.558487	-0.0682515	0.0564014	0.000466053	0.047338	-0.0202178
0.558488	-0.0682086	0.0563824	0.000238461	0.0455328	-0.0204283
0.55849	-0.0681567	0.0563625	0.000510964	0.0462225	-0.0202284
0.558488	-0.0681119	0.0563406	0.000475427	0.0462082	-0.0203385
0.558486	-0.0680672	0.0563193	0.000802913	0.046811	-0.0200186
0.558493	-0.0680149	0.0563082	0.00246625	0.0470848	-0.017343
0.558489	-0.0679741	0.0562824	-0.00159351	0.0446095	-0.0216911
0.55849	-0.0679223	0.0562631	-0.00122777	0.0459159	-0.0213868
0.558491	-0.0678799	0.0562469	-0.000453921	0.0436709	-0.0198619
0.558492	-0.0678344	0.0562281	-0.00031275	0.0454553	-0.0200506
0.558487	-0.0677909	0.0562048	-0.00219747	0.0444973	-0.0223956
0.558488	-0.0677457	0.0561855	-0.00230151	0.0458861	-0.0224494
0.558491	-0.0676983	0.0561677	-0.00148244	0.0455381	-0.0216184
0.558489	-0.0676549	0.056149	-0.000761428	0.044287	-0.0194342
0.558489	-0.0676099	0.0561273	0.00137993	0.0445583	-0.0179962
0.558489	-0.0675677	0.05611	0.00106049	0.0434954	-0.0179893
0.55849	-0.067521	0.056091	-3.82522e-05	0.0438293	-0.0190899
0.558487	-0.0674805	0.0560674	-0.00189583	0.0419009	-0.0224261
0.558489	-0.0674336	0.056053	-1.24837e-05	0.0429089	-0.0198841
0.558485	-0.0673908	0.0560298	-0.000270806	0.0444256	-0.0198452
0.55849	-0.067344	0.0560149	0.000224189	0.0452884	-0.0182663
0.55849	-0.0672958	0.0559966	0.000293996	0.0476705	-0.0186977
0.558488	-0.0672481	0.0559736	0.000568193	0.0480748	-0.0196891
0.55849	-0.0672002	0.0559576	0.00173935	0.0472838	-0.0174231
0.55849	-0.0671555	0.0559373	0.00197116	0.0480155	-0.0174632
0.558488	-0.067113	0.0559175	0.000881126	0.0454364	-0.0173777
0.558487	-0.0670624	0.0558959	0.00114651	0.0473199	-0.0174995
0.55849	-0.0670174	0.05588	0.000791392	0.0468403	-0.0166201
0.55849	-0.0669701	0.0558615	0.000436481	0.0478359	-0.0178863
0.558493	-0.0669256	0.0558476	0.00210127	0.0476968	-0.0151938
0.558488	-0.0668824	0.0558222	-0.000345374	0.0465084	-0.0187314
0.558491	-0.0668348	0.0558063	0.000349165	0.0455488	-0.016063
0.558493	-0.0666965	0.0557548	0.000644204	0.0460963	-0.0169515
0.558488	-0.0666528	0.0557315	-0.00119285	0.0442483	-0.0192927
0.558491	-0.0666038	0.0557162	-0.00163677	0.0438671	-0.0192263
0.558491	-0.0665534	0.0556983	-0.00258745	0.0454985	-0.0201828
0.558489	-0.0665055	0.0556759	-0.00169569	0.0461786	-0.0195575
0.558494	-0.066455	0.0556648	0.00172492	0.0508044	-0.0157563
0.558492	-0.0664133	0.0556457	0.00117417	0.0471899	-0.016989
0.558492	-0.0663634	0.0556257	0.00197506	0.0491589	-0.0164347
0.558494	-0.0663151	0.05561	0.0017255	0.0480124	-0.0169948
0.558492	-0.066266	0.0555886	0.000339906	0.0484513	-0.0191358
0.558492	-0.0662235	0.0555703	-0.00020866	0.0470452	-0.0196925
0.558493	-0.0661723	0.0555525	0.000606436	0.0490934	-0.0191292
0.558488	-0.06613	0.0555275	-0.00133244	0.0475739	-0.0213798
0.558489	-0.0660801	0.0555106	0.000743426	0.0498245	-0.0185538
0.558492	-0.0660311	0.0554947	0.00291213	0.0489965	-0.0157444
0.558487	-0.0659856	0.0554702	-0.00106718	0.0469893	-0.019504
0.558488	-0.0659422	0.055456	0.00026202	0.047507	-0.0175573
0.558486	-0.065895	0.0554327	-0.000651324	0.0466309	-0.0187753
0.558487	-0.0658496	0.0554156	-5.48511e-05	0.0441313	-0.0186197
0.558485	-0.0658006	0.055395	8.62309e-05	0.0461427	-0.0181735
0.558481	-0.0657543	0.0553741	-0.00108133	0.0463749	-0.0194833
0.558483	-0.0657008	0.0553549	0.00106042	0.0500461	-0.0181295
0.558479	-0.065652	0.0553302	-0.000379529	0.0481974	-0.0203162
0.558477	-0.0656118	0.0553131	-0.000518627	0.0460573	-0.0195216
0.558473	-0.0655609	0.055291	-0.00195941	0.0460523	-0.0206753
0.558474	-0.0655155	0.0552753	7.67534e-05	0.0464484	-0.0177846
0.558473	-0.0654642	0.0552554	-0.000325957	0.0477751	-0.0190706
0.55847	-0.0654229	0.0552344	-0.000322508	0.0448421	-0.0193242
0.558468	-0.0653754	0.0552181	-0.000925599	0.046305	-0.0190011
0.558465	-0.0653268	0.0551969	-0.000786382	0.047859	-0.0187591
0.558464	-0.0652811	0.0551786	-0.00150083	0.0475446	-0.0193499
0.558458	-0.0652332	0.0551537	-0.00260116	0.0485268	-0.020544
0.558456	-0.0651837	0.0551334	-0.00264995	0.0485189	-0.0209335
0.558452	-0.0651451	0.0551156	-0.00254978	0.0459697	-0.0191411
0.558451	-0.0650984	0.0550962	-0.000595295	0.0463874	-0.0176582
0.558449	-0.0650522	0.055078	-0.000902707	0.0472726	-0.0171456
0.558445	-0.0650093	0.055059	-0.00204085	0.0470815	-0.0176796
0.558444	-0.0649587	0.0550423	-0.00124255	0.0478486	-0.0174157
0.558438	-0.0649125	0.0550202	-0.00307062	0.047124	-0.0187347
0.558437	-0.0648668	0.055003	-0.0017071	0.0458696	-0.0172174
0.558433	-0.0648169	0.0549793	-0.00250225	0.0461063	-0.0187073
0.558429	-0.0647731	0.0549599	-0.00390019	0.0454493	-0.0199243
0.558427	-0.0647233	0.0549394	-0.00422533	0.0477785	-0.0214075
0.558422	-0.0646756	0.0549217	-0.00505487	0.04669	-0.019966
0.558421	-0.0646304	0.0549017	-0.0025954	0.0459706	-0.0190119
0.558415	-0.0645895	0.0548813	-0.00435325	0.0431657	-0.0205595
0.558415	-0.0645413	0.054864	-0.00279796	0.0456424	-0.0188906
0.558412	-0.0644902	0.0548417	-0.00276279	0.0478993	-0.0192036
0.558406	-0.0644492	0.0548207	-0.00406012	0.044745	-0.0192061
0.558402	-0.0644016	0.0548001	-0.0040074	0.046613	-0.0201245
0.558402	-0.0643565	0.0547823	-0.00169098	0.0462961	-0.0181326
0.558395	-0.0643101	0.0547607	-0.00273216	0.0459755	-0.0183665
0.558393	-0.0642624	0.0547402	-0.00335197	0.046059	-0.0196546
0.558388	-0.0642195	0.054719	-0.00384529	0.0457406	-0.0195048
0.558384	-0.0641769	0.0546982	-0.0046426	0.0456137	-0.020783
0.558381	-0.0641294	0.0546808	-0.00498315	0.0471955	-0.020944
0.558378	-0.0640814	0.0546588	-0.00447873	0.0464344	-0.0204317
0.558374	-0.0640338	0.0546385	-0.00444865	0.0459089	-0.0200163
0.55837	-0.0639913	0.0546187	-0.00431344	0.0438757	-0.0211955
0.558366	-0.0639508	0.0545962	-0.00490873	0.0436288	-0.0217705
0.558363	-0.063898	0.0545768	-0.00415897	0.0466122	-0.021189
0.55836	-0.0638571	0.0545567	-0.0037948	0.0443258	-0.0212192
0.558356	-0.0638126	0.0545363	-0.00323055	0.0429179	-0.0209101
0.558352	-0.0637711	0.0545143	-0.00399004	0.0421757	-0.0217865
0.558348	-0.0637262	0.0544933	-0.00495593	0.0425936	-0.0227419
0.558345	-0.0636838	0.0544756	-0.00294551	0.0445002	-0.0202529
0.558337	-0.0636341	0.0544465	-0.00521173	0.0472145	-0.0237328
0.558334	-0.0635901	0.0544262	-0.00450611	0.046812	-0.0217759
0.55833	-0.0635494	0.0544067	-0.00401811	0.0447324	-0.0197855
0.558329	-0.0635043	0.0543868	-0.00234287	0.0471748	-0.0197886
0.558324	-0.0634613	0.0543619	-0.00266778	0.0481759	-0.0214791
0.55832	-0.0634208	0.054343	-0.00221464	0.0464426	-0.0201584
0.558316	-0.0633781	0.0543218	-0.00193823	0.043556	-0.0189904
0.558312	-0.0633298	0.0542983	-0.000817435	0.0452073	-0.0183183
0.558308	-0.0632893	0.0542795	-0.00249008	0.044851	-0.020045
0.558304	-0.0632403	0.0542582	-0.00393965	0.0449397	-0.0213114
0.558304	-0.0631966	0.0542388	-0.00135582	0.0443728	-0.0190666
0.558302	-0.0631542	0.0542206	-0.0012328	0.0429289	-0.018776
0.558296	-0.0631064	0.0541942	-0.00379507	0.0422643	-0.0220097
0.558295	-0.0630606	0.0541772	-0.00254328	0.0424947	-0.0203004
0.558293	-0.0630209	0.0541594	-0.00293283	0.0407955	-0.0192301
0.55829	-0.0629777	0.0541384	-0.0020321	0.0428872	-0.0187109
0.558288	-0.0629277	0.0541178	-0.00339892	0.0443423	-0.0205285
0.558282	-0.0628853	0.0540928	-0.00334381	0.0448694	-0.0209852
0.55828	-0.0628421	0.054075	-0.00320209	0.042695	-0.019311
0.558281	-0.0627964	0.0540571	-0.00244299	0.0428148	-0.0181493
0.558273	-0.0627562	0.0540316	-0.00423338	0.0413716	-0.0207046
0.558275	-0.0627107	0.0540187	-0.00262934	0.0425477	-0.0178347
0.558267	-0.0626704	0.0539914	-0.00443872	0.0398216	-0.0212873
0.558265	-0.0626229	0.0539726	-0.00278559	0.0397778	-0.0187327
0.558268	-0.0625807	0.0539596	-0.00208404	0.0392282	-0.0181015
0.558261	-0.062532	0.0539343	-0.0045622	0.0410327	-0.0214911
0.558258	-0.0624912	0.053916	-0.00496322	0.0405169	-0.0208889
0.558258	-0.0624448	0.0538988	-0.00441259	0.0428342	-0.0209764
0.558254	-0.0623997	0.0538751	-0.00514427	0.0418513	-0.021544
0.558253	-0.0623538	0.0538579	-0.00419215	0.0416105	-0.0196694
0.558251	-0.0623123	0.0538401	-0.00257949	0.0412023	-0.0178438
0.558245	-0.0622691	0.0538184	-0.00286252	0.0408826	-0.0189376
0.558244	-0.0622257	0.0538019	-0.00366711	0.041158	-0.0196118
0.558243	-0.0621877	0.0537825	-0.00435489	0.0379491	-0.021248
0.558239	-0.0621331	0.0537609	-0.00441207	0.0426051	-0.0219911
0.558237	-0.0620891	0.0537429	-0.00393827	0.0421841	-0.0200453
0.558232	-0.0620529	0.0537205	-0.00389958	0.0394055	-0.0205609
0.558229	-0.0620053	0.0537011	-0.00324134	0.0430432	-0.020414
0.558225	-0.0619652	0.0536806	-0.00192332	0.0446587	-0.0196879
0.558221	-0.0619282	0.0536596	-0.00231132	0.0410976	-0.0201205
0.558218	-0.0618858	0.0536398	-0.00113917	0.0425358	-0.0183889
0.558213	-0.0618481	0.0536181	-0.00111013	0.0397167	-0.0180812
0.558212	-0.0618025	0.0535993	-0.000903541	0.0401494	-0.0184763
0.558209	-0.0617663	0.0535806	-0.00303427	0.0387082	-0.0210091
0.558205	-0.0617123	0.0535579	-0.00325843	0.0426723	-0.0219855
0.558202	-0.0616764	0.0535387	-0.00440562	0.0410173	-0.0223743
0.558197	-0.0616287	0.0535182	-0.00674497	0.0424578	-0.0245992
0.558197	-0.061583	0.0534989	-0.00559425	0.04299	-0.0233182
0.558194	-0.0615422	0.0534817	-0.00604481	0.0415446	-0.0226243
0.558189	-0.0614972	0.0534578	-0.00679634	0.0433036	-0.0241382
0.55819	-0.0614516	0.0534442	-0.00481866	0.0455665	-0.0218109
0.55819	-0.061411	0.0534274	-0.00441775	0.0437808	-0.0205521
0.558185	-0.0613659	0.0534048	-0.00592742	0.0451295	-0.0227112
0.558184	-0.0613165	0.0533876	-0.00482026	0.0450425	-0.0204284
0.55818	-0.0612749	0.0533666	-0.00350821	0.0444495	-0.0194976
0.558182	-0.0612245	0.053352	-0.000178476	0.0463913	-0.0155498
0.558178	-0.0611819	0.0533337	-0.0012654	0.0442135	-0.0166875
0.558173	-0.0611468	0.0533114	-0.00325076	0.0402415	-0.0194116
0.558172	-0.0611028	0.0532941	-0.00283675	0.042361	-0.0193037
0.558167	-0.0610525	0.0532728	-0.00437945	0.0437695	-0.0209949
0.558167	-0.0610114	0.0532572	-0.00447141	0.0427828	-0.021005
0.558166	-0.0609664	0.0532407	-0.00246755	0.0438747	-0.0197313
0.558161	-0.0609148	0.0532197	-0.00283779	0.0455244	-0.0207283
0.558159	-0.0608732	0.0532019	-0.00218514	0.0465434	-0.0197351
0.558156	-0.0608281	0.0531836	-0.00359263	0.0447163	-0.0203216
0.558156	-0.0607848	0.0531683	-0.00229226	0.0458516	-0.0182348
0.558152	-0.0607359	0.0531488	-0.00111849	0.0468139	-0.0174222
0.558149	-0.0606948	0.0531296	-0.00217178	0.0449376	-0.0190955
0.558147	-0.0606463	0.0531107	-0.00207296	0.0464002	-0.0186644
0.558144	-0.0606074	0.0530957	-0.00208945	0.0446725	-0.0172534
0.55814	-0.060565	0.0530763	-0.00217285	0.0421953	-0.0175444
0.55814	-0.0605152	0.0530597	0.000788182	0.0458811	-0.0144893
0.558137	-0.0604673	0.0530402	-0.00163936	0.0468967	-0.0174424
0.558135	-0.0604227	0.0530231	-0.00208032	0.0440059	-0.0172509
0.558133	-0.0603857	0.0530086	-0.00155135	0.0413125	-0.0153245
0.558126	-0.0603445	0.0529849	-0.00211411	0.0405705	-0.0168493
0.558122	-0.0602963	0.0529671	-0.00211487	0.0441516	-0.0161303
0.558124	-0.0602528	0.0529548	-0.00191938	0.0421766	-0.0159963
0.558119	-0.0602114	0.0529328	-0.00252861	0.0423931	-0.0173536
0.558119	-0.0601632	0.0529172	-0.00189792	0.0461971	-0.0165936
0.558115	-0.0601113	0.0528986	-0.00104399	0.0482293	-0.0160668
0.558113	-0.0600665	0.0528801	-0.00162717	0.0460774	-0.017699
0.55811	-0.0600223	0.0528623	-0.00245519	0.0461729	-0.0175703
0.558104	-0.0599802	0.052842	-0.00443813	0.0436005	-0.0196967
0.558105	-0.0599345	0.0528286	-0.00310613	0.0446079	-0.0187546
0.558105	-0.0598911	0.0528132	-0.00283226	0.0446762	-0.0186063
0.558099	-0.0598498	0.0527945	-0.0034825	0.044324	-0.0197623
0.558099	-0.0598054	0.0527789	-0.00218017	0.0451835	-0.0177997
0.558096	-0.0597615	0.0527618	-0.0035072	0.0429165	-0.0189426
0.558093	-0.0597134	0.0527411	-0.00216777	0.0456714	-0.0186054
0.55809	-0.059672	0.0527244	-0.00383788	0.0467598	-0.0205398
0.558086	-0.0596294	0.0527046	-0.00526364	0.0427584	-0.0218111
0.558082	-0.0595856	0.0526865	-0.0050136	0.0421546	-0.0202253
0.558083	-0.0595381	0.0526715	-0.003631	0.0455026	-0.0197502
0.558078	-0.0595015	0.052652	-0.00386669	0.0421923	-0.0189765
0.558075	-0.059455	0.0526341	-0.00309526	0.0424377	-0.0180047
0.558074	-0.0594042	0.0526172	-0.00378715	0.0432134	-0.0188114
0.55807	-0.0593631	0.0526004	-0.00450476	0.0406141	-0.0180382
0.558066	-0.0593149	0.0525783	-0.00328786	0.0424895	-0.0193479
0.55806	-0.0592692	0.0525541	-0.00495091	0.0439354	-0.0221574
0.558057	-0.0592245	0.0525373	-0.00433055	0.0444407	-0.0198344
0.558057	-0.0591841	0.0525224	-0.00346904	0.0421315	-0.018989
0.558052	-0.0591437	0.0525015	-0.00341281	0.0415923	-0.0185919
0.558049	-0.059096	0.0524831	-0.00430456	0.0422558	-0.0196476
0.558048	-0.0590523	0.0524662	-0.00345607	0.0409177	-0.018325
0.558047	-0.0590067	0.0524497	-0.00272807	0.0423322	-0.0171987
0.558041	-0.0589618	0.0524281	-0.00254795	0.042203	-0.0174954
0.558038	-0.0589178	0.0524093	-0.00319637	0.0412855	-0.0184616
0.558031	-0.0588747	0.0523864	-0.00467309	0.0406362	-0.0204818
0.558033	-0.0588345	0.0523751	-0.00222177	0.0409679	-0.0169465
0.55803	-0.0587926	0.0523555	-0.00234564	0.0416984	-0.0169849
0.558025	-0.0587462	0.0523373	-0.00344612	0.043607	-0.0180801
0.558022	-0.0587056	0.0523187	-0.00254539	0.0443626	-0.0173244
0.558017	-0.0586602	0.052297	-0.00383065	0.0444912	-0.0193441
0.558015	-0.0586101	0.0522772	-0.00247441	0.0464002	-0.0183608
0.558013	-0.0585679	0.0522609	-0.0014624	0.0459075	-0.0164943
0.558009	-0.0585219	0.0522398	-0.00259825	0.0445614	-0.017469
0.558006	-0.0584763	0.0522192	-0.00244902	0.0469391	-0.0189277
0.558004	-0.0584322	0.0522041	-0.00184989	0.0471036	-0.0167556
0.558005	-0.0583906	0.052189	-0.000775214	0.0461804	-0.0167367
0.558002	-0.0583502	0.0521735	-0.00144343	0.042739	-0.0165078
0.557997	-0.0583017	0.052151	-0.00228776	0.0443628	-0.0188372
0.557997	-0.0582581	0.0521346	-0.00123876	0.0445649	-0.0174074
0.557994	-0.0582081	0.0521164	-0.000497672	0.0469889	-0.0163472
0.55799	-0.0581696	0.0520965	-0.00300916	0.0440445	-0.019914
0.557984	-0.0580344	0.0520429	-0.00295127	0.044636	-0.0190795
0.557983	-0.0579935	0.0520263	-0.00297216	0.0420644	-0.0190079
0.557983	-0.0578996	0.0519918	-0.00115328	0.0476515	-0.0180287
0.557977	-0.0578479	0.0519712	-0.00316598	0.0500019	-0.0191375
0.557973	-0.0578097	0.0519518	-0.00211255	0.0471258	-0.0186476
0.557974	-0.0577619	0.0519353	-0.00157102	0.0478044	-0.0184564
0.557972	-0.0577144	0.0519158	-0.00200323	0.0481782	-0.019349
0.55797	-0.0576656	0.0518979	-0.0025173	0.0486304	-0.0198101
0.557969	-0.0576229	0.0518801	0.000396522	0.0463816	-0.0160424
0.557965	-0.0575775	0.0518577	-0.00211677	0.0438902	-0.0187684
0.557967	-0.0575304	0.0518434	0.000685611	0.046904	-0.0156225
0.557964	-0.0574813	0.0518218	-0.000702118	0.0459228	-0.0175166
0.557962	-0.0574354	0.0518025	-0.00125599	0.0457561	-0.0181645
0.557961	-0.0574021	0.0517876	-0.000937675	0.0418623	-0.0158024
0.557957	-0.0573496	0.0517637	-0.000875128	0.0443397	-0.0174598
0.557953	-0.0573127	0.0517434	-0.00193444	0.0407917	-0.01726
0.557951	-0.0572615	0.0517239	-0.00237344	0.0425771	-0.0181774
0.55795	-0.0572158	0.0517057	-0.000804393	0.0436332	-0.0174297
0.55795	-0.0571686	0.0516867	-0.00166797	0.0445965	-0.0183116
0.557948	-0.0571227	0.0516662	-0.00199439	0.0459267	-0.019102
0.557945	-0.0570746	0.0516419	-0.00340872	0.0455456	-0.0215294
0.557946	-0.0570259	0.0516271	-0.00217061	0.0468769	-0.0192537
0.557944	-0.0569825	0.0516069	-0.00274327	0.0454136	-0.0200324
0.557945	-0.0569358	0.0515903	-0.00104204	0.0461237	-0.0184973
0.55794	-0.0568884	0.0515668	-0.00191773	0.0464005	-0.0199744
0.557942	-0.056841	0.0515522	0.00134283	0.0474896	-0.0157941
0.55794	-0.0567895	0.0515319	0.000218444	0.0481392	-0.0173238
0.557936	-0.0567404	0.0515082	-0.00193045	0.0471173	-0.0194725
0.557937	-0.0566998	0.0514937	-0.00142548	0.0449349	-0.0183126
0.557937	-0.0566529	0.0514744	-0.00145204	0.0449761	-0.018633
0.557935	-0.0566017	0.0514546	-0.00238691	0.0452337	-0.019559
0.557935	-0.0565617	0.0514368	-0.00212766	0.042859	-0.0190831
0.557933	-0.056513	0.0514161	-0.00213793	0.0443034	-0.0198332
0.557935	-0.0564659	0.0514001	-2.03698e-05	0.0462693	-0.01746
0.557935	-0.05642	0.0513851	0.000854168	0.0467462	-0.0163574
0.557935	-0.0563677	0.0513661	0.000994316	0.049364	-0.0158356
0.557936	-0.0563215	0.0513477	0.000945946	0.0489952	-0.0165038
0.557936	-0.056269	0.0513296	0.000228752	0.0496642	-0.0171409
0.557931	-0.0562216	0.051306	-0.000897879	0.049597	-0.017604
0.557933	-0.0561735	0.0512888	-0.000910959	0.0506547	-0.0176638
0.557933	-0.0561307	0.0512718	-0.00254394	0.0469443	-0.0193757
0.557935	-0.0560805	0.0512531	-0.001385	0.0495357	-0.0194846
0.557931	-0.0560336	0.0512324	-0.0019148	0.0487319	-0.0187259
0.557933	-0.0559871	0.0512168	-0.000993335	0.0489758	-0.018966
0.557931	-0.0559394	0.051193	-0.00177662	0.0489182	-0.0205452
0.557932	-0.0558911	0.051177	-0.00125233	0.048591	-0.0188116
0.55793	-0.0558448	0.0511557	-0.000380137	0.0487575	-0.0187245
0.55793	-0.0557991	0.0511384	-0.000764864	0.049466	-0.0183918
0.557932	-0.0557538	0.0511206	0.000573641	0.0486309	-0.0175493
0.557931	-0.0557047	0.0511001	0.000480397	0.0492397	-0.0189286
0.557932	-0.0556608	0.0510806	-7.79508e-05	0.0472531	-0.0189046
0.557934	-0.0556083	0.0510621	0.00073383	0.0513226	-0.0194324
0.557932	-0.0555623	0.0510399	-0.000279287	0.0497288	-0.0210013
0.557929	-0.055518	0.0510174	-0.00104749	0.0491428	-0.0223552
0.557933	-0.0554747	0.051001	0.000129606	0.0458509	-0.0197817
0.557931	-0.0554249	0.0509763	-0.00118076	0.0471571	-0.0224447
0.557927	-0.0553795	0.0509519	-0.00231949	0.0454414	-0.0236928
0.557928	-0.0553347	0.050934	-0.00167687	0.0445607	-0.0224758
0.55793	-0.0552895	0.0509139	-0.000430165	0.0467462	-0.0222257
0.557931	-0.055239	0.0508941	-0.00140122	0.0474186	-0.0229935
0.557933	-0.0551923	0.0508753	-0.00187677	0.0468598	-0.0230694
0.557933	-0.0551416	0.0508531	-0.000776979	0.0484913	-0.0219453
0.557932	-0.0551012	0.0508324	-0.000453315	0.0468343	-0.0210199
0.557938	-0.0550543	0.0508164	0.00106151	0.0472071	-0.0204426
0.557935	-0.0550121	0.0507935	0.00102822	0.0466391	-0.0210676
0.557936	-0.0549653	0.0507734	0.00183059	0.0467778	-0.0197707
0.557936	-0.054915	0.0507502	0.000925136	0.0493047	-0.0218512
0.557936	-0.0548722	0.0507306	0.001442	0.0490044	-0.0199582
0.557941	-0.0548206	0.0507131	0.00336154	0.0496015	-0.0181203
0.557941	-0.0547743	0.0506911	0.00284147	0.0499288	-0.0184508
0.557941	-0.0547305	0.0506727	0.00173397	0.0479577	-0.0187696
0.557941	-0.0546796	0.05065	-5.94187e-05	0.0470861	-0.0221478
0.557945	-0.0546322	0.0506331	0.00143285	0.0474403	-0.0197646
0.557947	-0.0545902	0.0506135	0.00121377	0.0456991	-0.0204469
0.557947	-0.0545416	0.0505915	0.0020424	0.0445497	-0.0208679
0.557947	-0.0544955	0.0505702	0.00038941	0.0440351	-0.021944
0.557949	-0.0544466	0.05055	0.000643274	0.0452945	-0.0214068
0.557951	-0.0543994	0.0505303	0.0006246	0.0457223	-0.0218279
0.557954	-0.0543538	0.0505132	0.000385109	0.0455951	-0.021494
0.557958	-0.0543081	0.0504932	0.00121227	0.0458034	-0.0217538
0.557959	-0.0542627	0.0504729	0.000208541	0.0458497	-0.0224212
0.55796	-0.0542116	0.0504495	-0.00123782	0.0464507	-0.0252028
0.557965	-0.054165	0.0504326	-0.000264687	0.0474231	-0.0237673
0.557969	-0.0541186	0.0504155	0.000356195	0.046346	-0.0225404
0.557971	-0.0540663	0.0503907	-0.000861953	0.0485892	-0.0250769
0.557974	-0.054017	0.050374	-0.000936755	0.0479467	-0.0241163
0.557975	-0.0539748	0.0503555	-0.00274236	0.0454044	-0.0234873
0.55798	-0.053927	0.0503362	-0.00116353	0.0459793	-0.0221856
0.557987	-0.0538774	0.0503206	0.00173593	0.0477935	-0.0191752
0.55799	-0.0538278	0.0502995	0.00066832	0.049475	-0.0219201
0.557995	-0.0537858	0.0502839	0.000461065	0.0458808	-0.0213077
0.557999	-0.0537365	0.0502641	0.00191269	0.047209	-0.0216477
0.558002	-0.0536864	0.0502439	0.00201892	0.0483516	-0.020738
0.558007	-0.0536416	0.0502262	0.00252616	0.0460427	-0.0205395
0.558013	-0.0535917	0.050211	0.00434564	0.0467982	-0.0175765
0.558018	-0.0535494	0.0501905	0.00554122	0.0448437	-0.0180546
0.558022	-0.0535029	0.0501722	0.00492249	0.0460081	-0.0182856
0.558026	-0.0534596	0.0501528	0.00593541	0.0444797	-0.0171354
0.55803	-0.053414	0.0501329	0.00485274	0.0457868	-0.018826
0.558037	-0.0533651	0.0501148	0.00405421	0.0457773	-0.0199682
0.558039	-0.0533172	0.0500938	0.00235159	0.0458547	-0.0210938
0.558045	-0.0532716	0.0500754	0.00375081	0.04618	-0.0200847
0.558052	-0.0532215	0.0500584	0.00499777	0.0455635	-0.019215
0.558055	-0.0531742	0.0500364	0.00433905	0.0448615	-0.0203911
0.558063	-0.0531286	0.0500203	0.00604136	0.0451608	-0.0184682
0.558068	-0.0530832	0.0500005	0.00616006	0.0458155	-0.0180306
0.558075	-0.0530347	0.0499818	0.00729034	0.0477491	-0.0167455
0.558083	-0.0529888	0.0499681	0.00619593	0.0468887	-0.0170159
0.558088	-0.0529391	0.0499469	0.00521194	0.0479699	-0.0178648
0.558094	-0.0528921	0.0499287	0.00640597	0.0498838	-0.0162148
0.5581	-0.0528455	0.0499081	0.00673996	0.0474948	-0.0168055
0.558106	-0.052801	0.04989	0.0060533	0.0468508	-0.0185888
0.558113	-0.0527536	0.0498726	0.0084327	0.0481723	-0.016411
0.558123	-0.052704	0.0498583	0.0112361	0.0510806	-0.0147026
0.558127	-0.0526595	0.0498377	0.00944439	0.0509136	-0.0166947
0.558135	-0.0526093	0.0498204	0.00853062	0.0535148	-0.016353
0.558142	-0.0525694	0.0498041	0.00748776	0.0491178	-0.0176226
0.55815	-0.0525177	0.0497877	0.00917866	0.0518623	-0.0155838
0.558155	-0.0524685	0.0497677	0.00837163	0.0511725	-0.0167743
0.558163	-0.0524189	0.0497486	0.00888589	0.0518062	-0.0162778
0.558176	-0.0523778	0.0497392	0.00921131	0.0482646	-0.0156731
0.558182	-0.052329	0.0497197	0.00837545	0.0493485	-0.0170756
0.558191	-0.0522845	0.0497039	0.00929863	0.0501316	-0.0151936
0.5582	-0.0522367	0.0496868	0.00818496	0.0493942	-0.0176367
0.55821	-0.05219	0.0496711	0.00862258	0.0489806	-0.0169635
0.558217	-0.0521383	0.0496511	0.00710446	0.0492424	-0.0195615
0.558229	-0.0520991	0.0496384	0.00773307	0.046526	-0.0193221
0.558239	-0.052052	0.0496208	0.00922856	0.0452585	-0.0180095
0.558248	-0.0520028	0.0496023	0.00873278	0.0458898	-0.0186096
0.55826	-0.0519568	0.049587	0.0112437	0.0449355	-0.0161561
0.558268	-0.0519119	0.0495674	0.0100824	0.0438489	-0.0170351
0.558277	-0.0518692	0.0495503	0.0108816	0.0459057	-0.0163674
0.558288	-0.0518212	0.0495325	0.0115867	0.0473695	-0.0161601
0.558299	-0.0517805	0.0495193	0.0102583	0.0438211	-0.0164645
0.558313	-0.0517254	0.0495019	0.0109539	0.0494026	-0.0167694
0.55832	-0.0516858	0.0494795	0.0096194	0.0472616	-0.0182002
0.558334	-0.0516343	0.0494667	0.0115002	0.0500135	-0.0161131
0.558345	-0.0515935	0.0494497	0.0109649	0.0487154	-0.01606
0.558358	-0.0515451	0.0494328	0.0115499	0.0484312	-0.0171713
0.55837	-0.0514992	0.0494173	0.0125408	0.0476001	-0.0157293
0.558382	-0.0514569	0.0494036	0.015701	0.0463947	-0.0117166
0.558396	-0.0514134	0.049387	0.0149701	0.0456153	-0.014151
0.558409	-0.0513689	0.0493711	0.0152176	0.0460429	-0.0139912
0.558424	-0.0513235	0.0493575	0.0146366	0.0452654	-0.0137826
0.558438	-0.0512795	0.0493437	0.0150422	0.0457436	-0.0133786
0.558452	-0.0512328	0.0493273	0.0144891	0.044308	-0.0142922
0.558465	-0.0511918	0.0493122	0.0126293	0.0412968	-0.0149754
0.558482	-0.0511491	0.0493018	0.0133408	0.0420816	-0.01451
0.558495	-0.0511046	0.0492833	0.0133867	0.0427425	-0.0152691
0.558508	-0.051065	0.0492672	0.013231	0.0432022	-0.0157421
0.558525	-0.0510173	0.0492555	0.0147913	0.0453359	-0.0142176
0.558541	-0.0509781	0.0492434	0.0165223	0.0430019	-0.0125838
0.558559	-0.0509328	0.0492319	0.0166381	0.0424585	-0.0132826
0.558574	-0.050889	0.0492137	0.0177258	0.0433069	-0.013708
0.558594	-0.0508439	0.0492043	0.0194788	0.0426095	-0.0101458
0.558609	-0.0508014	0.0491891	0.0187204	0.0432332	-0.011086
0.558626	-0.0507577	0.0491752	0.0183586	0.0421521	-0.012408
0.558645	-0.0507134	0.0491637	0.0164567	0.0423854	-0.0143508
0.558662	-0.0506683	0.0491484	0.0177086	0.0438453	-0.0137555
0.558681	-0.0506262	0.0491384	0.0190073	0.0423968	-0.0116532
0.558703	-0.0505838	0.0491281	0.0194146	0.0425825	-0.0121904
0.558718	-0.0505398	0.0491113	0.0184666	0.0433688	-0.0131873
0.558743	-0.0504982	0.0491056	0.0202779	0.0424857	-0.0109814
0.558759	-0.0504527	0.0490934	0.0189402	0.0445909	-0.0111075
0.55878	-0.0504093	0.0490823	0.0192199	0.0454275	-0.0115504
0.558802	-0.0503717	0.0490753	0.0206108	0.0426848	-0.00835727
0.558822	-0.0503298	0.0490622	0.0209676	0.043405	-0.00906728
0.558842	-0.0502852	0.0490526	0.0207548	0.0446081	-0.00881678
0.558864	-0.0502477	0.0490437	0.0228413	0.0445579	-0.00775275
0.558884	-0.0502069	0.0490352	0.020975	0.0426719	-0.00948514
0.558909	-0.0501633	0.0490267	0.0231179	0.0440123	-0.0087556
0.558931	-0.0501248	0.0490161	0.0235773	0.0414858	-0.00859855
0.558954	-0.0500769	0.0490074	0.0233365	0.0423768	-0.00847328
0.55898	-0.0500319	0.0490005	0.023473	0.0439548	-0.00904301
0.559003	-0.0499912	0.0489911	0.0222586	0.0417282	-0.010627
0.559026	-0.0499544	0.0489856	0.0211582	0.0398237	-0.00971383
0.559051	-0.0499184	0.0489775	0.0216416	0.0383387	-0.0106725
0.559075	-0.0498751	0.0489668	0.021806	0.0397324	-0.0107417
0.559103	-0.0498335	0.048963	0.0230296	0.0405202	-0.00841183
0.559126	-0.0497937	0.0489526	0.0215996	0.038383	-0.0103021
0.559152	-0.0497546	0.0489448	0.0222574	0.0383587	-0.00954757
0.559179	-0.0497178	0.0489398	0.0249674	0.0371958	-0.00686379
0.559201	-0.0496761	0.0489276	0.0235408	0.0372049	-0.00823645
0.559228	-0.0496369	0.0489226	0.023244	0.0358449	-0.00827435
0.559252	-0.0495988	0.0489122	0.023077	0.0359772	-0.00822114
0.559276	-0.0495654	0.0489043	0.024781	0.0362426	-0.00542545
0.559299	-0.0495279	0.0488946	0.0230904	0.0370214	-0.00788521
0.559321	-0.0494912	0.0488828	0.021472	0.0361415	-0.0101878
0.559349	-0.0494537	0.0488787	0.023495	0.0362381	-0.00747048
0.559374	-0.0494182	0.04887	0.0235094	0.0346938	-0.00694956
0.5594	-0.0493774	0.0488626	0.025279	0.0357232	-0.00600242
0.559429	-0.0493361	0.0488568	0.0285789	0.0387099	-0.00370064
0.55945	-0.0493	0.0488449	0.0258105	0.0370782	-0.00579414
0.559474	-0.0492646	0.0488374	0.0251072	0.0371791	-0.00611979
0.559502	-0.0492265	0.0488315	0.0263104	0.0381477	-0.00445253
0.559528	-0.0491863	0.0488257	0.0244384	0.0385352	-0.00664633
0.559556	-0.0491483	0.0488207	0.0269447	0.0394608	-0.00462953
0.559581	-0.0491069	0.048812	0.0265405	0.0386965	-0.00473416
0.559607	-0.0490698	0.0488045	0.0272636	0.0366997	-0.0042923
0.559637	-0.0490319	0.0488014	0.0280179	0.0379929	-0.00333658
0.559661	-0.0489941	0.0487926	0.0254595	0.0398908	-0.00661994
0.55969	-0.0489518	0.0487845	0.0251551	0.0407845	-0.00837881
0.559719	-0.0489103	0.0487793	0.0279442	0.0423277	-0.00585339
0.559743	-0.0488782	0.0487724	0.0255394	0.0375993	-0.00666871
0.55977	-0.0488377	0.0487664	0.0259529	0.0388331	-0.00694626
0.559796	-0.0487969	0.0487599	0.0258913	0.0414317	-0.00630355
0.559851	-0.048724	0.0487456	0.0255108	0.0373341	-0.00776287
0.55988	-0.0486823	0.0487434	0.0272206	0.0397125	-0.00426445
0.559903	-0.0486504	0.0487326	0.0255938	0.0364504	-0.00700523
0.55993	-0.0486149	0.0487247	0.026029	0.0351315	-0.00762619
0.559959	-0.0485763	0.0487232	0.0260181	0.0367271	-0.00626708
0.559986	-0.0485397	0.0487139	0.0261313	0.0375707	-0.00744381
0.560014	-0.048505	0.0487144	0.0257915	0.0349629	-0.00556611
0.56004	-0.0484654	0.0487056	0.0264631	0.038198	-0.00501076
0.560067	-0.0484287	0.0486992	0.0274142	0.0369862	-0.00444833
0.560096	-0.0483953	0.0486954	0.0270146	0.034997	-0.00464715
0.560121	-0.0483591	0.04869	0.0242105	0.033162	-0.00705703
0.560149	-0.0483215	0.0486866	0.0240408	0.0324383	-0.00768553
0.560174	-0.0482865	0.0486827	0.0235437	0.0316724	-0.00696475
0.560199	-0.0482486	0.0486746	0.0236534	0.0326609	-0.00645155
0.560226	-0.0482153	0.0486709	0.0241098	0.0320995	-0.0057243
0.56025	-0.0481789	0.0486637	0.0238389	0.030817	-0.00616865
0.560274	-0.0481485	0.0486576	0.0231181	0.0298544	-0.00645118
0.560296	-0.0481143	0.0486484	0.0229965	0.0271154	-0.00583744
0.560318	-0.0480805	0.0486424	0.0217148	0.0277305	-0.0087229
0.56034	-0.0480467	0.0486352	0.0210938	0.0299333	-0.00955679
0.560363	-0.0480106	0.0486271	0.0202851	0.0311641	-0.0108691
0.560387	-0.047979	0.0486207	0.019974	0.0297894	-0.0111573
0.560406	-0.0479458	0.0486106	0.0189407	0.0313713	-0.0116116
0.560429	-0.0479054	0.048603	0.018792	0.0326474	-0.0120505
0.560453	-0.0478761	0.0485965	0.0181982	0.0310122	-0.0134702
0.560472	-0.0478442	0.0485876	0.0181207	0.0304198	-0.0121179
0.560495	-0.0478114	0.0485788	0.0182415	0.0318526	-0.0128892
0.560514	-0.0477812	0.0485708	0.0190412	0.0308623	-0.0109863
0.560533	-0.0477482	0.0485593	0.0182078	0.0319314	-0.0115195
0.560555	-0.0477168	0.0485515	0.0187121	0.0310858	-0.0102241
0.560573	-0.0476844	0.0485414	0.0188344	0.031756	-0.00911855
0.560595	-0.0476472	0.0485324	0.0199717	0.0311852	-0.00840757
0.560611	-0.0476215	0.0485212	0.0203284	0.0306666	-0.00804764
0.560632	-0.0475883	0.048513	0.0201919	0.0309328	-0.00790536
0.560649	-0.0475581	0.0485006	0.0197023	0.0319392	-0.00861107
0.560669	-0.0475304	0.0484945	0.0197401	0.0319887	-0.00760531
0.560685	-0.0474951	0.0484831	0.018042	0.032473	-0.0090971
0.560703	-0.0474638	0.0484724	0.0185524	0.0335257	-0.00918172
0.560722	-0.0474273	0.0484622	0.0184666	0.0339599	-0.00933479
0.56074	-0.0473951	0.0484499	0.017972	0.0337333	-0.0103626
0.56076	-0.0473695	0.0484446	0.0177607	0.0293015	-0.00869254
0.560777	-0.047339	0.0484299	0.016725	0.029435	-0.0116491
0.560791	-0.0473052	0.0484169	0.0155114	0.0304027	-0.0131807
0.560811	-0.047277	0.048411	0.0170081	0.0298282	-0.0106259
0.560829	-0.0472446	0.0483982	0.0168255	0.0301972	-0.0118485
0.560845	-0.047213	0.048389	0.0165761	0.0288343	-0.0107919
0.560863	-0.0471822	0.0483794	0.0178084	0.0298072	-0.0084734
0.560878	-0.047151	0.0483655	0.0172084	0.0306122	-0.0101004
0.560893	-0.0471216	0.0483527	0.0183658	0.031239	-0.00966223
0.560912	-0.0470901	0.0483431	0.0186938	0.0297638	-0.00929992
0.560927	-0.0470561	0.0483286	0.0176743	0.030984	-0.0108497
0.560941	-0.047032	0.0483185	0.0173904	0.0292339	-0.00992513
0.560959	-0.0469987	0.0483072	0.0168686	0.0290155	-0.0110939
0.560971	-0.046967	0.0482915	0.0147692	0.0314953	-0.0125442
0.560986	-0.0469429	0.0482809	0.0129247	0.0291358	-0.0136543
0.561	-0.0469139	0.0482673	0.0140153	0.0299216	-0.0131842
0.561018	-0.0468812	0.048257	0.0151357	0.0315651	-0.012253
0.561032	-0.0468521	0.0482422	0.0146317	0.0312391	-0.0139263
0.561043	-0.0468205	0.0482267	0.0138793	0.0318498	-0.0142792
0.561057	-0.0467944	0.0482136	0.0127556	0.0291428	-0.0145476
0.56107	-0.0467654	0.048199	0.0144151	0.0302115	-0.0141075
0.561086	-0.0467374	0.0481884	0.0143606	0.0285271	-0.0144165
0.5611	-0.046706	0.0481763	0.0115574	0.0292787	-0.0164055
0.561111	-0.0466792	0.0481606	0.0101421	0.0285347	-0.0168872
0.561126	-0.0466466	0.0481483	0.00969599	0.0282446	-0.0165861
0.561141	-0.0466216	0.0481371	0.0108555	0.0260134	-0.0147811
0.56115	-0.0465927	0.0481158	0.00885388	0.0261188	-0.0167894
0.561165	-0.0465641	0.0481054	0.01142	0.0267687	-0.0142712
0.561176	-0.0465357	0.04809	0.0114417	0.0278254	-0.0146727
0.561185	-0.0465072	0.0480709	0.00986993	0.0256042	-0.0169483
0.5612	-0.0464782	0.048061	0.0112051	0.0258613	-0.0144733
0.561211	-0.0464553	0.0480425	0.0112585	0.0255555	-0.0156871
0.561219	-0.0464272	0.0480241	0.00973879	0.0271027	-0.0167626
0.561233	-0.0464006	0.0480131	0.011354	0.0279761	-0.0147043
0.561239	-0.0463741	0.0479917	0.00926028	0.0267915	-0.0169128
0.561249	-0.0463459	0.0479756	0.0098239	0.0269735	-0.0164567
0.56126	-0.0463164	0.0479583	0.0113412	0.0272322	-0.0159017
0.561272	-0.046292	0.0479454	0.0110443	0.0268103	-0.0155056
0.561283	-0.0462672	0.0479307	0.0109227	0.0260108	-0.0149161
0.561289	-0.046239	0.0479103	0.00673679	0.0267102	-0.0198445
0.561298	-0.0462135	0.0478921	0.00686205	0.0260362	-0.0184927
0.56131	-0.0461845	0.0478798	0.00881472	0.0288994	-0.0157694
0.561316	-0.0461632	0.0478606	0.00786638	0.0264101	-0.0171282
0.561325	-0.0461352	0.0478416	0.00668887	0.0248832	-0.0183345
0.561336	-0.0461126	0.0478287	0.00775371	0.0254624	-0.0169217
0.561345	-0.0460844	0.0478113	0.00734118	0.0273199	-0.0185536
0.561353	-0.04606	0.0477929	0.00766972	0.0284477	-0.0191314
0.56136	-0.0460374	0.047777	0.00796026	0.0264697	-0.0167234
0.56137	-0.0460127	0.0477598	0.00862647	0.0279806	-0.0173398
0.561382	-0.0459866	0.0477468	0.00804322	0.0271329	-0.01661
0.561389	-0.045962	0.0477273	0.00773664	0.0247006	-0.0171933
0.561396	-0.0459348	0.0477105	0.0068939	0.0254291	-0.0174379
0.561398	-0.0459165	0.047686	0.00386498	0.0230106	-0.0201122
0.561407	-0.0458863	0.0476688	0.00543609	0.0255188	-0.0189558
0.561412	-0.0458644	0.0476479	0.00516547	0.0258034	-0.020081
0.561419	-0.0458368	0.0476296	0.00434089	0.0245244	-0.0212206
0.561424	-0.0458145	0.0476114	0.00474401	0.0214927	-0.0198061
0.561429	-0.0457893	0.0475906	0.00446081	0.0206914	-0.0187507
0.561435	-0.0457636	0.0475719	0.00503461	0.0236915	-0.018816
0.561439	-0.0457419	0.047551	0.00401496	0.0211828	-0.0186501
0.561442	-0.0457233	0.0475273	0.00568727	0.0189549	-0.017326
0.561448	-0.0456923	0.047508	0.00752574	0.024871	-0.0156909
0.561447	-0.0456709	0.0474827	0.00544368	0.0255237	-0.0182996
0.561451	-0.0456483	0.0474644	0.00542205	0.0228327	-0.0173564
0.561448	-0.0456249	0.0474379	0.00326096	0.024628	-0.0203179
0.56145	-0.0456074	0.0474164	0.00458086	0.0231162	-0.0181825
0.561452	-0.0455819	0.0473945	0.00446625	0.024565	-0.0177938
0.561451	-0.045557	0.0473692	0.00342917	0.0243792	-0.0193307
0.56145	-0.0455413	0.0473472	0.00133448	0.0196282	-0.0203571
0.561453	-0.0455157	0.0473263	0.0030651	0.0221063	-0.0198328
0.561449	-0.0454955	0.0472987	0.00207927	0.0205066	-0.021389
0.561445	-0.0454757	0.0472733	0.00296008	0.0209057	-0.0197981
0.561442	-0.0454516	0.0472512	0.0022235	0.0201954	-0.0194458
0.56144	-0.0454351	0.0472269	0.00120231	0.0190173	-0.0211587
0.561437	-0.0454099	0.0472021	-0.00113566	0.0209181	-0.0227587
0.561433	-0.0453912	0.0471773	-0.00229648	0.0201092	-0.0223996
0.561429	-0.045368	0.0471525	-0.00379568	0.0209596	-0.0237227
0.561423	-0.0453497	0.0471255	-0.00412251	0.0204511	-0.0248022
0.561418	-0.0453289	0.0470993	-0.00542587	0.0219001	-0.0260892
0.561405	-0.0452898	0.047046	-0.00625657	0.0188953	-0.0258408
0.561401	-0.0452747	0.0470204	-0.00663952	0.0156099	-0.0264111
0.561395	-0.0452531	0.0469934	-0.00527001	0.0165539	-0.0255201
0.561386	-0.045238	0.0469652	-0.00609278	0.0146392	-0.0262204
0.561379	-0.0452173	0.0469375	-0.00772796	0.0161274	-0.0273906
0.561374	-0.0451971	0.0469123	-0.00487306	0.0180912	-0.0246485
0.561367	-0.0451773	0.0468856	-0.00454496	0.0180111	-0.0245954
0.561359	-0.0451639	0.0468584	-0.00596668	0.0167281	-0.0257955
0.561347	-0.0451466	0.0468246	-0.00879311	0.0138268	-0.0285948
0.56134	-0.0451313	0.0467996	-0.0068449	0.0142427	-0.0263477
0.561332	-0.0451089	0.0467698	-0.00726254	0.0176684	-0.0276142
0.561323	-0.0450951	0.0467446	-0.00758426	0.0152527	-0.0265181
0.561311	-0.0450797	0.0467137	-0.00960618	0.0131626	-0.0290518
0.561301	-0.0450597	0.0466834	-0.00920541	0.0157396	-0.0287209
0.561295	-0.0450436	0.0466562	-0.00744258	0.0166852	-0.0283671
0.561286	-0.0450239	0.0466277	-0.00836769	0.0181712	-0.0299056
0.561277	-0.0450101	0.0466023	-0.00884159	0.0157985	-0.0288908
0.561265	-0.0449922	0.0465687	-0.00955376	0.0182759	-0.0307837
0.561257	-0.0449682	0.0465398	-0.00851302	0.0230389	-0.0294494
0.561245	-0.04496	0.0465139	-0.00736782	0.0175428	-0.0260516
0.561233	-0.0449397	0.0464787	-0.00868059	0.0172701	-0.0288427
0.561225	-0.0449235	0.0464526	-0.00813934	0.015977	-0.0277499
0.561214	-0.0449026	0.0464239	-0.00891703	0.0199451	-0.0289314
0.561203	-0.0448882	0.0463923	-0.00856794	0.0178493	-0.0277161
0.561192	-0.0448737	0.0463614	-0.00777938	0.0178564	-0.0278277
0.56118	-0.0448612	0.0463323	-0.00701462	0.0174577	-0.0275869
0.561167	-0.0448447	0.0463015	-0.00738431	0.0147651	-0.0258811
0.561157	-0.044826	0.0462734	-0.00778606	0.0171243	-0.0265129
0.561148	-0.0448122	0.0462463	-0.00770068	0.0174561	-0.0274067
0.561133	-0.044794	0.0462102	-0.00870286	0.0189363	-0.0283226
0.56112	-0.04478	0.0461784	-0.010387	0.0146194	-0.0287401
0.561105	-0.0447637	0.0461469	-0.0105303	0.0172755	-0.0294027
0.561092	-0.0447464	0.0461124	-0.0114789	0.0177119	-0.0308958
0.561079	-0.0447308	0.0460824	-0.0123431	0.0160466	-0.0320762
0.561065	-0.0447185	0.0460513	-0.0134548	0.0156964	-0.0322111
0.561057	-0.0447056	0.0460271	-0.0123242	0.0157102	-0.030756
0.56104	-0.0446878	0.0459913	-0.0124381	0.0159284	-0.0305206
0.561026	-0.0446739	0.0459594	-0.0124591	0.0163931	-0.0296522
0.561013	-0.0446634	0.0459286	-0.0135859	0.0127121	-0.0316376
0.561	-0.044644	0.0458997	-0.0131219	0.0159805	-0.029785
0.560985	-0.0446304	0.045867	-0.0119617	0.0152005	-0.0287855
0.560973	-0.0446178	0.045838	-0.0118517	0.015812	-0.0283933
0.560957	-0.0446052	0.0458052	-0.0134617	0.0141684	-0.0304102
0.560942	-0.0445908	0.045776	-0.0143816	0.0173313	-0.0311247
0.560929	-0.044573	0.0457432	-0.0130581	0.018767	-0.032141
0.560915	-0.0445608	0.0457115	-0.0134217	0.0178748	-0.0316118
0.560899	-0.0445455	0.0456831	-0.0140094	0.0167765	-0.0300891
0.560888	-0.0445355	0.0456551	-0.014016	0.0161689	-0.0311744
0.560875	-0.0445168	0.0456257	-0.0133338	0.0171444	-0.0301872
0.560859	-0.0445025	0.0455926	-0.0139199	0.0172168	-0.0307888
0.560841	-0.044495	0.0455613	-0.015919	0.013817	-0.0316062
0.56083	-0.044478	0.0455338	-0.0160395	0.0146367	-0.032846
0.560816	-0.0444681	0.0455047	-0.0155935	0.012623	-0.0322652
0.560799	-0.0444548	0.0454707	-0.0161078	0.0132261	-0.032144
0.560785	-0.0444412	0.0454413	-0.0149826	0.0133197	-0.0308294
0.560773	-0.0444298	0.0454138	-0.0139524	0.0126608	-0.0289102
0.560754	-0.044422	0.0453784	-0.0138228	0.0118543	-0.0297203
0.560739	-0.0444087	0.0453466	-0.0136961	0.0124631	-0.029275
0.560725	-0.0444052	0.0453183	-0.0138597	0.00802374	-0.0293606
0.56071	-0.0443828	0.0452855	-0.0142948	0.0105145	-0.0301996
0.560696	-0.0443741	0.045257	-0.0139021	0.011827	-0.0293142
0.560679	-0.0443657	0.0452263	-0.014265	0.0109437	-0.0286563
0.560666	-0.0443563	0.0451975	-0.0144678	0.0118903	-0.030037
0.560653	-0.044338	0.0451675	-0.0143496	0.0160856	-0.0309667
0.560634	-0.0443331	0.0451354	-0.0161166	0.0112006	-0.0317233
0.560621	-0.0443199	0.0451057	-0.0153308	0.0104374	-0.0316063
0.560603	-0.0443092	0.0450703	-0.0152209	0.0110486	-0.0314348
0.560591	-0.0443001	0.0450446	-0.014144	0.00901364	-0.028943
0.560578	-0.0442888	0.0450147	-0.0144167	0.0115535	-0.0303253
0.560563	-0.0442749	0.0449822	-0.0141069	0.0142239	-0.0305092
0.560545	-0.0442682	0.0449504	-0.015004	0.0114093	-0.0302839
0.560516	-0.0442481	0.0448915	-0.013416	0.010894	-0.027664
0.560501	-0.0442367	0.0448612	-0.0142022	0.0121864	-0.0293699
0.560488	-0.0442275	0.044833	-0.0142887	0.0116502	-0.0294387
0.560473	-0.0442152	0.0448011	-0.0150065	0.0121379	-0.0313777
0.560459	-0.044205	0.0447729	-0.0153737	0.0120042	-0.0319011
0.560447	-0.0441932	0.0447455	-0.0141883	0.0111782	-0.0299505
0.560432	-0.0441849	0.0447152	-0.0144722	0.00971597	-0.0294806
0.560416	-0.0441746	0.0446854	-0.0147562	0.0108043	-0.0290338
0.560403	-0.0441645	0.044656	-0.014438	0.0112616	-0.0304936
0.560388	-0.0441576	0.0446267	-0.0142966	0.012769	-0.0301514
0.560374	-0.0441487	0.0445961	-0.0146229	0.0139356	-0.0314139
0.56036	-0.0441333	0.0445688	-0.0146642	0.0159213	-0.0303319
0.560347	-0.0441285	0.0445418	-0.0140289	0.0130724	-0.0287229
0.560333	-0.0441192	0.044513	-0.0135569	0.0150421	-0.0288564
0.560317	-0.0441073	0.0444794	-0.0140576	0.0154683	-0.0298064
0.560304	-0.0440999	0.0444521	-0.0129904	0.0142696	-0.0279439
0.56029	-0.044088	0.0444228	-0.0133499	0.0150662	-0.0285258
0.560277	-0.0440813	0.044393	-0.0135208	0.0116819	-0.0287355
0.560262	-0.044068	0.0443657	-0.0136474	0.0132506	-0.0278276
0.560246	-0.0440612	0.0443334	-0.0139772	0.0108987	-0.0288494
0.560232	-0.0440543	0.044305	-0.01519	0.00877923	-0.0302203
0.560218	-0.0440453	0.044276	-0.0145815	0.0105679	-0.0295068
0.560204	-0.0440352	0.0442481	-0.0134057	0.00862901	-0.0276104
0.56019	-0.0440284	0.0442197	-0.0134774	0.00707863	-0.0273391
0.560174	-0.0440167	0.0441889	-0.0145035	0.00829314	-0.0283559
0.560162	-0.0440092	0.0441634	-0.0134158	0.00749818	-0.0269086
0.56015	-0.0440029	0.0441366	-0.0131817	0.00467661	-0.0267012
0.560136	-0.0439971	0.0441098	-0.012299	0.00630123	-0.0250164
0.560124	-0.043989	0.0440831	-0.0111313	0.00512786	-0.0242949
0.56011	-0.043978	0.0440556	-0.0119168	0.00387435	-0.0245511
0.560096	-0.043973	0.0440269	-0.0117512	0.00529218	-0.0253817
0.560081	-0.0439688	0.043999	-0.0135462	0.00626358	-0.0273552
0.560068	-0.0439568	0.0439712	-0.0126253	0.00788599	-0.0257917
0.560057	-0.043949	0.0439469	-0.0121735	0.00842538	-0.0254991
0.560043	-0.0439437	0.0439217	-0.012886	0.00871587	-0.026228
0.560033	-0.0439298	0.0438983	-0.0113929	0.0125035	-0.0244534
0.560022	-0.0439249	0.0438729	-0.0120097	0.0116248	-0.025869
0.560006	-0.0439174	0.043843	-0.0133454	0.0107979	-0.027555
0.559993	-0.0439144	0.0438175	-0.0136259	0.0116959	-0.0280382
0.559981	-0.0439056	0.0437933	-0.0127863	0.0115838	-0.0259404
0.559972	-0.0438951	0.0437704	-0.0118496	0.00972599	-0.0252027
0.559957	-0.043888	0.0437394	-0.0116524	0.0112363	-0.0265435
0.559946	-0.0438833	0.0437181	-0.0120625	0.0113688	-0.0262254
0.559935	-0.0438776	0.0436955	-0.0121151	0.0100688	-0.0258417
0.559925	-0.0438671	0.0436707	-0.0102473	0.0114595	-0.0233268
0.559911	-0.0438592	0.0436435	-0.0107998	0.0128341	-0.0234716
0.5599	-0.043856	0.0436221	-0.0114715	0.00883452	-0.0234289
0.559889	-0.0438509	0.0435988	-0.0103632	0.00697625	-0.021695
0.559875	-0.0438428	0.0435715	-0.0107874	0.00515372	-0.0214745
0.559861	-0.0438357	0.043544	-0.0114948	0.00396147	-0.0221289
0.559853	-0.0438298	0.0435229	-0.0103133	0.00481346	-0.0219416
0.559844	-0.0438251	0.0435012	-0.00962242	0.00547559	-0.0207181
0.559826	-0.0438227	0.0434719	-0.0122095	0.00518685	-0.0230951
0.559818	-0.0438178	0.0434523	-0.0105534	0.00619989	-0.0209973
0.559807	-0.0438076	0.0434284	-0.00877123	0.00878919	-0.0204796
0.559798	-0.043799	0.0434076	-0.00877228	0.00998619	-0.0201435
0.559787	-0.0437986	0.0433854	-0.00877414	0.00580081	-0.0208647
0.559775	-0.0437951	0.0433604	-0.00973975	0.00653481	-0.0221049
0.559767	-0.0437845	0.0433388	-0.00855334	0.00924867	-0.0220634
0.559756	-0.043783	0.0433174	-0.00894027	0.00525418	-0.0205631
0.559742	-0.0437738	0.0432909	-0.0121369	0.0049807	-0.0255491
0.559731	-0.0437741	0.0432706	-0.0126576	0.00237805	-0.0253185
0.559723	-0.0437708	0.0432505	-0.0111969	0.00342483	-0.0236415
0.559712	-0.0437632	0.0432269	-0.0107993	0.00622892	-0.0223691
0.559704	-0.0437576	0.0432079	-0.00880947	0.00765537	-0.0210342
0.559694	-0.0437555	0.0431878	-0.00806924	0.00637333	-0.0200599
0.559687	-0.0437478	0.0431685	-0.00784942	0.00786471	-0.0201106
0.559677	-0.0437453	0.0431485	-0.00879486	0.00684117	-0.0202004
0.559667	-0.0437442	0.0431291	-0.00882697	0.00496496	-0.0189089
0.559662	-0.0437345	0.0431121	-0.00780819	0.00481029	-0.0178305
0.559651	-0.0437304	0.0430912	-0.00965024	0.00417992	-0.0195636
0.559644	-0.043731	0.0430748	-0.00904108	0.00413561	-0.0189498
0.559634	-0.0437201	0.0430535	-0.00746697	0.0070227	-0.0178551
0.559625	-0.0437201	0.043035	-0.00761357	0.00677902	-0.0170216
0.55962	-0.0437178	0.043024	-0.00671115	0.00577353	-0.0153521
0.559612	-0.0437131	0.0430036	-0.0076097	0.0078382	-0.0169953
0.559603	-0.0437097	0.0429858	-0.00735157	0.0073806	-0.0160607
0.559599	-0.0437067	0.0429756	-0.0060819	0.0081556	-0.0136462
0.559591	-0.0437065	0.0429543	-0.00738186	0.00432239	-0.0164628
0.559581	-0.043705	0.0429391	-0.00842714	0.00735943	-0.0167476
0.559574	-0.0436982	0.0429213	-0.00843175	0.0073662	-0.0181338
0.559567	-0.0437019	0.0429089	-0.00817735	0.00444229	-0.015825
0.559561	-0.0436938	0.042892	-0.00791992	0.00527448	-0.0168147
0.559552	-0.0436961	0.042872	-0.00847687	0.00531047	-0.0188877
0.559547	-0.043693	0.0428603	-0.00758698	0.00512839	-0.0173528
0.559538	-0.043693	0.0428419	-0.00912647	0.00607	-0.0193023
0.55953	-0.0436865	0.0428265	-0.00857784	0.00544613	-0.0174983
0.559523	-0.043689	0.042809	-0.00894709	0.00356221	-0.0185022
0.559521	-0.0436854	0.0428002	-0.00718558	0.00409566	-0.0155875
0.559511	-0.04369	0.0427833	-0.00801489	0.00269095	-0.016767
0.559506	-0.0436859	0.0427699	-0.00789133	0.00234565	-0.0168659
0.559499	-0.0436847	0.0427529	-0.00627244	0.0029857	-0.0159778
0.559494	-0.0436831	0.0427403	-0.00571716	0.00351621	-0.0140966
0.559488	-0.0436808	0.0427284	-0.00631862	0.00174781	-0.0142559
0.559479	-0.0436851	0.0427098	-0.00812253	0.000630352	-0.0165843
0.55947	-0.0436837	0.0426929	-0.00852933	0.000566317	-0.0173976
0.559467	-0.0436805	0.0426825	-0.00642043	0.00254723	-0.0145122
0.55946	-0.0436814	0.0426687	-0.00700894	0.00260312	-0.0151735
0.559455	-0.0436843	0.0426543	-0.00541243	0.00224692	-0.0142893
0.559448	-0.0436864	0.0426426	-0.00589866	0.000593499	-0.0129202
0.559444	-0.0436866	0.0426308	-0.00479654	0.000162048	-0.0120296
0.559437	-0.043691	0.042618	-0.0056563	-0.00166987	-0.0119888
0.55943	-0.0436845	0.0425996	-0.00512259	0.000993331	-0.0128663
0.559427	-0.0436868	0.04259	-0.00510784	-0.00104249	-0.0118399
0.55942	-0.043688	0.0425758	-0.00456396	-0.00172441	-0.0114876
0.559413	-0.0436883	0.0425601	-0.00506665	0.000247622	-0.0126064
0.559407	-0.0436886	0.0425464	-0.00430693	-0.000215468	-0.0117498
0.5594	-0.0436863	0.0425307	-0.00519505	7.3974e-05	-0.0127036
0.559396	-0.0436939	0.0425184	-0.00384575	-0.00182412	-0.0116063
0.559392	-0.0436966	0.0425093	-0.00266462	-0.000644994	-0.00980308
0.559385	-0.0436966	0.0424925	-0.00301196	-0.00045927	-0.0111512
0.559379	-0.0436968	0.0424814	-0.00227426	7.6869e-05	-0.00987768
0.559374	-0.0437036	0.0424688	-0.00255759	-0.00189453	-0.00932968
0.559372	-0.0436996	0.0424595	-0.00390494	-0.00116178	-0.010891
0.559368	-0.043702	0.0424492	-0.00267532	-0.00145858	-0.010042
0.559361	-0.0437047	0.0424347	-0.00513965	-0.00182095	-0.0129297
0.559357	-0.0437041	0.042423	-0.00547875	-0.00106133	-0.0128367
0.559351	-0.0437128	0.0424139	-0.00421309	-0.00358575	-0.0106057
0.559346	-0.0437135	0.0423985	-0.00406012	-0.00211065	-0.0118673
0.559344	-0.0437196	0.0423915	-0.0022408	-0.00300989	-0.00968564
0.559338	-0.0437176	0.0423772	-0.0036238	-0.00137651	-0.0111127
0.559336	-0.0437218	0.0423694	-0.00263889	-0.00177686	-0.010542
0.559334	-0.0437266	0.0423581	-0.00187639	-0.00246809	-0.01045
0.559327	-0.0437286	0.0423433	-0.00328666	-0.00212524	-0.0118841
0.559323	-0.0437307	0.0423312	-0.00166144	-0.00152071	-0.0100479
0.559322	-0.0437364	0.0423243	0.000650473	-0.00225294	-0.00796991
0.55932	-0.0437346	0.0423158	0.00027298	-0.000790035	-0.00816276
0.559312	-0.0437425	0.0423028	-0.00233902	-0.00651001	-0.00971362
0.55931	-0.0437408	0.0422915	-0.0022689	-0.00421356	-0.0116708
0.559305	-0.0437409	0.0422796	-0.00240482	-0.00256593	-0.0115615
0.559305	-0.0437453	0.0422738	-0.000132398	-0.00256616	-0.00781755
0.559299	-0.0437525	0.042261	-0.00272752	-0.00399572	-0.0099995
0.559296	-0.0437498	0.0422501	-0.00311861	-0.00178933	-0.0103025
0.559293	-0.043758	0.042241	-0.00439062	-0.00431763	-0.0106916
0.559286	-0.0437606	0.0422273	-0.00559103	-0.00351554	-0.0118766
0.559286	-0.0437658	0.0422206	-0.0035045	-0.00305334	-0.0100553
0.559284	-0.0437683	0.0422129	-0.00222734	-0.00277967	-0.00873157
0.559277	-0.0437712	0.0421974	-0.00275071	-0.00260546	-0.0104297
0.559276	-0.0437703	0.0421894	-0.00264948	-0.00125252	-0.010921
0.559274	-0.0437762	0.0421808	-0.00156336	-0.00204436	-0.00975819
0.559269	-0.0437822	0.0421681	-0.00207905	-0.00254153	-0.0102481
0.559268	-0.0437834	0.0421596	-0.00215603	-0.0016826	-0.00994387
0.559263	-0.0437906	0.0421486	-0.00283267	-0.00285677	-0.0101889
0.559262	-0.043792	0.0421389	-0.00206928	-0.00170501	-0.00997787
0.559259	-0.0437973	0.0421266	-0.00211054	-0.00389021	-0.0105547
0.559252	-0.0438009	0.0421112	-0.00421562	-0.00391539	-0.012178
0.559255	-0.0438025	0.0421083	-0.00190154	-0.00313583	-0.00909589
0.559247	-0.0438049	0.0420921	-0.00351649	-0.00212068	-0.011512
0.559247	-0.0438093	0.042085	-0.00202632	-0.00219432	-0.00984217
0.559244	-0.0438164	0.0420739	-0.0036728	-0.00362893	-0.0111442
0.559239	-0.0438157	0.0420616	-0.00329762	-0.0032334	-0.0106537
0.55924	-0.0438198	0.0420558	-0.00152158	-0.0033636	-0.00890923
0.559233	-0.0438196	0.0420402	-0.00465377	-0.00220286	-0.0117635
0.559233	-0.0438235	0.0420324	-0.0025011	-0.00216615	-0.009908
0.559228	-0.0438307	0.0420212	-0.00387826	-0.00346174	-0.0103826
0.559226	-0.0438308	0.0420126	-0.00151356	-0.00122947	-0.00863273
0.559223	-0.0438343	0.0419986	-0.00178638	-0.00268202	-0.00986376
0.559219	-0.0438436	0.0419894	-0.00188706	-0.00448439	-0.0088342
0.559216	-0.0438416	0.0419776	-0.00203817	-0.00157832	-0.00992113
0.559214	-0.0438501	0.041969	-0.00147638	-0.00300163	-0.00892986
0.559213	-0.043851	0.0419595	-5.05211e-05	-0.000909068	-0.00743972
0.559209	-0.0438526	0.0419464	-0.000745207	-0.000608107	-0.00877798
0.559205	-0.0438562	0.0419355	-0.00242406	-0.00135468	-0.00996782
0.559203	-0.0438639	0.0419256	-0.00189103	-0.00276804	-0.00976501
0.559202	-0.0438645	0.0419166	-0.00137235	-0.00215854	-0.00911138
0.5592	-0.0438682	0.0419071	-0.000868395	-0.00180759	-0.00903536
0.559194	-0.0438707	0.0418936	-0.00202997	-0.00131203	-0.0101877
0.559195	-0.0438749	0.0418869	-0.00060487	-0.00155571	-0.00876922
0.559188	-0.0438767	0.0418712	-0.00151247	-0.000496123	-0.00936293
0.559188	-0.0438752	0.0418625	-0.000658918	0.000565283	-0.00869464
0.559184	-0.0438847	0.0418526	-0.00264446	-0.00432593	-0.00937545
0.559179	-0.0438845	0.0418377	-0.00166149	-0.00219408	-0.00910334
0.559174	-0.043888	0.0418249	-0.00253627	-0.00212858	-0.00869974
0.559174	-0.0438906	0.0418192	-0.00270985	-0.0020246	-0.00800627
0.55917	-0.0438942	0.0418071	-0.00357096	-0.00398674	-0.0105346
0.559168	-0.0438979	0.0417964	-0.00390699	-0.00412382	-0.0106117
0.559166	-0.0439026	0.0417865	-0.00327007	-0.00390048	-0.0102157
0.559157	-0.0439052	0.0417699	-0.00464245	-0.00330248	-0.0120864
0.559158	-0.0439036	0.0417634	-0.00291815	-0.00143283	-0.0113225
0.559152	-0.0439125	0.0417504	-0.00402058	-0.00468311	-0.0109028
0.559151	-0.0439126	0.0417411	-0.00394711	-0.00503432	-0.0108782
0.559145	-0.0439155	0.0417283	-0.00407576	-0.0043549	-0.0108261
0.559144	-0.0439166	0.0417175	-0.00429684	-0.00510324	-0.011375
0.559141	-0.0439185	0.041708	-0.00370058	-0.00409573	-0.00938809
0.559141	-0.0439236	0.0417014	-0.00231008	-0.00363276	-0.00786879
0.559137	-0.0439293	0.0416908	-7.34329e-05	-0.00508049	-0.00592676
0.559135	-0.0439293	0.0416802	-0.000311453	-0.00293845	-0.00703974
0.559131	-0.0439312	0.041668	-0.000617941	-0.00202509	-0.00787376
0.559131	-0.0439312	0.0416604	-0.00196005	-0.00175361	-0.00936523
0.559127	-0.0439365	0.0416473	-0.00223233	-0.00285725	-0.00998784
0.559122	-0.0439419	0.041633	-0.00208978	-0.00316242	-0.0119468
0.559118	-0.0439391	0.0416242	-0.00329711	-0.000887286	-0.0112956
0.559117	-0.0439439	0.0416146	-0.0018912	-0.00186232	-0.0102004
0.559115	-0.0439453	0.0416024	-0.00205002	-0.00343138	-0.0108503
0.559112	-0.0439487	0.0415922	-0.00190475	-0.00342681	-0.01048
0.559106	-0.043947	0.041579	-0.00333208	-0.00354809	-0.0114042
0.559107	-0.0439534	0.0415717	-0.00119769	-0.00409517	-0.00955738
0.559103	-0.0439515	0.0415598	-0.00277803	-0.00270645	-0.0102489
0.559099	-0.0439574	0.0415477	-0.00494729	-0.00386772	-0.012944
0.559098	-0.0439593	0.0415396	-0.00590373	-0.00428963	-0.0136601
0.559095	-0.0439578	0.0415273	-0.00502733	-0.00253152	-0.0133123
0.559094	-0.0439648	0.0415179	-0.00443943	-0.0035644	-0.0135815
0.559089	-0.0439655	0.0415061	-0.00420774	-0.00306541	-0.0125307
0.559088	-0.0439636	0.0414967	-0.00267415	-0.000695676	-0.0113287
0.559082	-0.0439686	0.0414826	-0.00601587	-0.0027265	-0.0146746
0.55908	-0.0439701	0.0414729	-0.0041395	-0.0021643	-0.0129521
0.559077	-0.043968	0.0414598	-0.00384533	-0.00111793	-0.0131143
0.559076	-0.0439745	0.0414545	-0.00229117	-0.0029457	-0.010191
0.559073	-0.0439699	0.0414423	-0.00133309	4.34675e-06	-0.00893995
0.55907	-0.0439705	0.0414323	-0.00306465	-0.000939618	-0.0100554
0.559069	-0.0439771	0.0414251	-0.00240219	-0.00296844	-0.00803178
0.559064	-0.0439732	0.0414115	-0.00287226	-0.000596625	-0.00966754
0.559063	-0.0439743	0.041403	-0.00210499	-0.000672545	-0.0091002
0.559058	-0.043975	0.0413897	-0.00228	-0.000534599	-0.0100996
0.559054	-0.0439758	0.0413779	-0.00226281	-0.000867832	-0.0103566
0.559053	-0.0439782	0.0413676	-0.00318472	-0.00186646	-0.011116
0.559051	-0.0439721	0.0413575	-0.00256902	0.000422133	-0.0107856
0.559045	-0.0439762	0.0413437	-0.00303053	-0.0014932	-0.0112897
0.559045	-0.0439763	0.0413374	-0.00170843	-0.00110231	-0.00912055
0.559041	-0.0439748	0.0413268	-0.00179029	-0.000130748	-0.00912783
0.55904	-0.0439732	0.0413157	-0.00109133	0.000664896	-0.00911046
0.559036	-0.0439753	0.0413023	-0.00140253	-0.000484766	-0.0101381
0.559033	-0.0439747	0.0412939	-0.0019703	0.00296302	-0.0112009
0.559028	-0.0439747	0.0412796	-0.00367094	0.00117881	-0.0124436
0.559027	-0.0439782	0.041274	-0.00246855	-0.000336037	-0.00991213
0.559024	-0.0439752	0.0412618	-0.00348163	0.000153441	-0.0112478
0.559022	-0.0439746	0.0412528	-0.00349386	-0.00028296	-0.0105957
0.559017	-0.0439738	0.0412385	-0.00389525	0.00134563	-0.0124188
0.559016	-0.0439728	0.0412317	-0.00275835	0.00265621	-0.010571
0.559014	-0.0439694	0.0412219	-0.00192241	0.00278481	-0.0101532
0.559011	-0.0439727	0.041209	-0.00216896	0.00230808	-0.0113614
0.559008	-0.0439709	0.041199	-0.00435552	0.00118579	-0.0130882
0.559005	-0.0439707	0.0411888	-0.00340854	0.000596976	-0.0120351
0.559001	-0.043968	0.0411774	-0.00315037	0.00057742	-0.011576
0.558999	-0.0439675	0.041165	-0.00287161	0.00174196	-0.012442
0.558996	-0.0439667	0.0411553	-0.00243804	0.00502413	-0.0122234
0.558991	-0.043963	0.0411451	-0.0038192	0.00399535	-0.0118982
0.558989	-0.0439629	0.0411345	-0.00493806	0.00133567	-0.0133136
0.558987	-0.0439636	0.0411222	-0.00465502	1.03577e-05	-0.0126894
0.558984	-0.0439614	0.0411126	-0.00406951	0.00030205	-0.0115577
0.558981	-0.0439556	0.041101	-0.00433845	0.00106654	-0.0118614
0.558982	-0.0439596	0.0410964	-0.00165692	-0.000494457	-0.00806686
0.55898	-0.0439613	0.0410875	-0.00149828	-2.67766e-06	-0.00833136
0.558976	-0.0439553	0.041077	-0.0017634	0.0024598	-0.00907989
0.558976	-0.0439546	0.041069	-0.00211242	0.00136598	-0.00942232
0.558969	-0.0439503	0.0410529	-0.00381132	0.0029108	-0.012176
0.558968	-0.0439504	0.041047	-0.00261948	0.00283157	-0.00893232
0.558969	-0.0439519	0.0410394	-0.0012952	0.00104231	-0.00826354
0.558967	-0.0439483	0.0410311	-0.00110698	0.00118793	-0.00824126
0.558965	-0.0439489	0.0410217	-0.00132509	0.00137493	-0.00896317
0.558961	-0.0439444	0.0410018	-0.0036786	0.00264011	-0.0131331
0.558961	-0.043938	0.0409946	-0.00307029	0.00469944	-0.0108154
0.558956	-0.0439411	0.0409833	-0.00512219	0.00132654	-0.0119784
0.558958	-0.0439347	0.0409788	-0.0039102	0.00187618	-0.0105115
0.558954	-0.0439332	0.0409662	-0.00316247	0.00240942	-0.0102811
0.558954	-0.043933	0.0409594	-0.00151437	0.000967871	-0.00781262
0.558949	-0.0439296	0.0409481	-0.00240709	0.00122238	-0.00916768
0.558952	-0.0439242	0.0409426	-0.0024061	0.00104613	-0.00923066
0.55895	-0.0439251	0.0409327	-0.00325703	-0.000965976	-0.00998883
0.558951	-0.0439171	0.0409268	-0.00186368	0.0022707	-0.0092771
0.558948	-0.0439195	0.040916	-0.00283337	-0.00059796	-0.00938369
0.55895	-0.0439139	0.0409107	-0.00018725	0.000702275	-0.00645993
0.558949	-0.0439083	0.040903	0.000365294	0.00113242	-0.0053523
0.558948	-0.0439051	0.0408946	0.000184115	0.00240832	-0.00687868
0.558949	-0.043906	0.0408885	0.000720206	0.000653846	-0.00674597
0.558946	-0.0439031	0.0408777	-0.000919366	-9.98055e-05	-0.00842136
0.558945	-0.0438952	0.0408681	-0.000399967	0.00330941	-0.00818422
0.558948	-0.0438956	0.040864	0.000533033	0.000930843	-0.00715764
0.558945	-0.0438922	0.0408535	-0.000142077	0.00282159	-0.00735741
0.558945	-0.0438816	0.0408462	-0.000415664	0.00517935	-0.00841696
0.558944	-0.0438831	0.0408368	-0.00287956	0.00286555	-0.0110971
0.558947	-0.0438781	0.0408326	-0.00031879	0.00501854	-0.00830268
0.558945	-0.0438747	0.0408221	-0.000602901	0.00578079	-0.008407
0.558948	-0.0438698	0.0408164	0.00145279	0.00424442	-0.00622507
0.558948	-0.0438659	0.0408101	0.00115391	0.00473635	-0.00678152
0.558948	-0.0438608	0.040802	0.00139173	0.00588008	-0.00684605
0.558949	-0.0438564	0.0407947	0.00108163	0.00543517	-0.00765999
0.558948	-0.0438514	0.0407838	-0.00120399	0.00547387	-0.0104687
0.558951	-0.0438411	0.0407787	-0.000419027	0.00747653	-0.00990043
0.558949	-0.0438417	0.0407697	-0.000461327	0.00359004	-0.00950012
0.558954	-0.0438385	0.0407679	0.000909337	0.00498843	-0.00826333
0.558956	-0.0438277	0.0407608	0.000449562	0.00584994	-0.00760813
0.558953	-0.0438231	0.0407498	-0.000948376	0.00491135	-0.00957839
0.558956	-0.0438151	0.0407414	-0.000501419	0.00593011	-0.00903226
0.558957	-0.0438109	0.0407357	-0.000393545	0.0037891	-0.0072955
0.55896	-0.0438051	0.0407291	0.000809406	0.00254347	-0.00703526
0.558961	-0.0437984	0.0407235	0.000914853	0.00715832	-0.00736162
0.558961	-0.0437928	0.0407114	0.000178645	0.00735777	-0.00863204
0.558966	-0.043783	0.0407082	0.00144747	0.00738606	-0.00623631
0.558968	-0.0437783	0.0407008	0.00206383	0.00724033	-0.00626968
0.558967	-0.043772	0.040692	0.0005877	0.00246023	-0.00672406
0.558966	-0.0437683	0.0406839	-0.00158964	0.0031905	-0.00970134
0.558965	-0.0437574	0.040675	-0.0030215	0.00462062	-0.0115147
0.558964	-0.0437585	0.0406684	-0.0031439	0.00286661	-0.0110334
0.558961	-0.0437504	0.0406628	-0.00373158	0.00417456	-0.00985126
0.558962	-0.0437428	0.0406568	-0.00171672	0.00471542	-0.00775666
0.558959	-0.0437318	0.040649	-0.00152443	0.00566983	-0.00646854
0.558958	-0.0437277	0.0406459	-0.00128273	0.00608249	-0.00540504
0.558955	-0.0437219	0.0406407	-0.00215775	0.00531102	-0.00619708
0.558948	-0.0437168	0.0406322	-0.00441082	0.00460923	-0.00787912
0.558946	-0.0437125	0.0406285	-0.00340239	0.00407512	-0.00632396
0.558942	-0.043707	0.0406232	-0.00288995	0.00599087	-0.00596375
0.55894	-0.0437028	0.0406205	-0.00318443	0.00481843	-0.00538358
0.558939	-0.0436982	0.0406162	-0.00261414	0.00464101	-0.00530529
0.558934	-0.0436902	0.040612	-0.00283865	0.00556078	-0.00444
0.558928	-0.0436885	0.0406046	-0.00397826	0.00309613	-0.00518158
0.558928	-0.0436807	0.0406009	-0.00245773	0.00422513	-0.00450907
0.558922	-0.0436779	0.0405953	-0.0037345	0.00331282	-0.00485523
0.558918	-0.0436731	0.040591	-0.00350757	0.00471732	-0.00450152
0.558919	-0.0436687	0.0405923	-0.00321992	0.00359375	-0.00347011
0.558915	-0.0436605	0.0405871	-0.00345036	0.00468994	-0.00390163
0.558911	-0.0436571	0.0405787	-0.00388634	0.0054631	-0.00583731
0.558911	-0.0436533	0.0405798	-0.00214563	0.00459833	-0.00321123
0.558905	-0.0436541	0.0405711	-0.00355945	0.00191138	-0.00484136
0.558906	-0.043647	0.0405702	-0.0022506	0.00300133	-0.00320475
0.558904	-0.0436485	0.0405691	-0.00208359	0.00314649	-0.00283826
0.558901	-0.0436403	0.040564	-0.0022154	0.00591387	-0.00405086
0.5589	-0.0436403	0.0405605	-0.00177825	0.00354637	-0.00374785
0.558898	-0.0436344	0.0405577	-0.00187837	0.00401165	-0.00295523
0.558896	-0.0436346	0.0405564	-0.0017374	0.00219617	-0.00226535
0.558896	-0.0436283	0.040554	-0.00247515	0.00290175	-0.00284939
0.558895	-0.0436279	0.040554	-0.00148896	0.00163302	-0.0013784
0.558894	-0.0436263	0.0405526	-0.00207985	0.00138542	-0.00181771
0.558892	-0.0436223	0.0405503	-0.00163427	0.00189652	-0.00173606
0.558893	-0.0436232	0.0405518	-0.00100505	0.00212504	-0.00113065
0.558895	-0.043622	0.0405533	-0.000230535	0.00131057	-0.000360378
0.558893	-0.0436205	0.040552	-0.000575753	0.0014017	-0.000537049
0.558895	-0.0436213	0.0405534	8.5875e-05	0.000640887	2.81676e-05
0.558897	-0.0436205	0.0405558	0.000597932	0.000746885	0.00102678
0.558898	-0.0436263	0.0405588	0.000660028	-0.0014155	0.00148558
0.558898	-0.0436215	0.0405599	0.000380117	0.00063144	0.00120307
0.558898	-0.0436217	0.0405597	0.000522537	7.19412e-05	0.000827601
0.5589	-0.0436248	0.0405622	0.00108705	-0.000720605	0.00146018
0.558904	-0.0436179	0.0405673	0.00158899	0.00142936	0.00234431
0.558908	-0.0436204	0.0405751	0.00179126	0.000236487	0.00282628
0.558916	-0.0436245	0.0405839	0.0034449	-0.00171316	0.00470575
0.558914	-0.0436287	0.0405831	0.00141969	-0.00189889	0.00267367
0.558918	-0.0436267	0.0405864	0.00248206	-0.000789612	0.00296021
0.558922	-0.0436282	0.0405913	0.00308322	-0.000861604	0.00364169
0.558922	-0.0436284	0.0405899	0.00177003	-0.000671241	0.0019359
0.558925	-0.0436273	0.0405929	0.00222339	-4.93213e-05	0.0025237
0.558927	-0.0436329	0.0405971	0.00188864	-0.00199394	0.00271601
0.55893	-0.043636	0.0406009	0.00258089	-0.00183573	0.0033475
0.558931	-0.0436376	0.0406021	0.0017737	-0.00170953	0.00229442
0.558933	-0.0436416	0.0406072	0.00142494	0.000907908	0.00164741
0.558939	-0.0436425	0.0406127	0.002599	0.00088919	0.0025252
0.55894	-0.0436407	0.0406146	0.00207137	0.00150106	0.0021546
0.558941	-0.0436454	0.040617	0.00182547	-0.000686128	0.00261423
0.558947	-0.0436458	0.0406236	0.00310557	-0.00024284	0.00356125
0.55895	-0.0436497	0.0406288	0.00280262	-0.000899025	0.00384414
0.55895	-0.0436562	0.0406296	0.00212408	-0.00209087	0.00266148
0.558952	-0.043654	0.0406344	0.00197341	-0.000587366	0.00326526
0.558957	-0.0436584	0.040644	0.00188916	-0.000765996	0.00353897
0.558958	-0.0436656	0.0406461	0.00140666	-0.0024579	0.0029706
0.558962	-0.043665	0.0406517	0.00228292	-0.00163324	0.00396106
0.558964	-0.0436684	0.0406542	0.00213755	-0.00188632	0.00335253
0.558965	-0.0436724	0.0406569	0.00185726	-0.00216801	0.00275694
0.558966	-0.0436745	0.0406601	0.00139975	-0.0023819	0.00276147
0.558967	-0.0436757	0.0406588	0.000903307	-0.00215606	0.00120773
0.558971	-0.0436768	0.040665	0.00218621	-0.00130873	0.00331978
0.558971	-0.0436771	0.0406661	0.0015233	-0.000880032	0.0023756
0.55897	-0.0436824	0.0406646	0.00083474	-0.00223147	0.00137337
0.558971	-0.0436819	0.040667	0.00103053	-0.00127434	0.00178931
0.558977	-0.0436832	0.0406714	0.0022088	-0.00137336	0.00253321
0.558975	-0.0436807	0.0406688	0.000593723	-0.000221334	0.000412892
0.558976	-0.0436876	0.0406706	0.00097666	-0.00196225	0.00110808
0.558979	-0.043683	0.0406731	0.00303025	0.000424337	0.00245304
0.558982	-0.043689	0.0406762	0.00274879	-0.00147434	0.00257895
0.558983	-0.0436869	0.0406782	0.00206887	0.0001435	0.00188098
0.558982	-0.0436894	0.0406774	0.00147235	-0.000467282	0.00138988
0.558982	-0.0436896	0.0406759	0.000950616	-0.000296496	0.000206078
0.558985	-0.0436904	0.0406791	0.00156558	-0.000847219	0.00145513
0.558982	-0.0436914	0.0406766	2.90738e-05	-0.00105006	0.000164801
0.558982	-0.0436894	0.0406767	0.000172354	-4.19151e-05	0.000234358
0.558984	-0.0436887	0.0406784	0.00090171	0.000210792	0.000579405
0.558981	-0.0436898	0.0406764	-0.000343707	-0.000218388	-0.000318394
0.558985	-0.0436867	0.0406792	0.000809153	0.000727097	0.000531756
0.55898	-0.0436867	0.0406758	-0.000818442	0.000602297	-0.000660196
0.558984	-0.0436838	0.0406797	0.000417127	0.00125897	0.000716102
0.558982	-0.043686	0.0406784	-0.000239109	0.00016709	0.000209743
0.55898	-0.0436839	0.0406735	-0.000657328	0.000843638	-0.00147459
0.558981	-0.0436816	0.0406758	7.199e-05	0.00131494	-0.000198319
0.558984	-0.0436842	0.0406762	0.000488398	-2.2045e-05	-0.000182684
0.558975	-0.043684	0.0406679	-0.00201945	0.000203116	-0.00240103
0.558976	-0.0436854	0.0406676	-0.00141829	-0.000360977	-0.00174091
0.558973	-0.0436846	0.0406642	-0.00143317	3.97191e-05	-0.00209891
0.558976	-0.043679	0.0406657	5.71284e-05	0.00196658	-0.000854549
0.558975	-0.0436752	0.0406639	-0.000750647	0.00205655	-0.00116502
0.558968	-0.0436789	0.0406554	-0.00262623	4.07743e-05	-0.00342791
0.558967	-0.0436714	0.0406523	-0.00172675	0.00261343	-0.00321554
0.558965	-0.0436709	0.0406484	-0.00203797	0.00141389	-0.00327619
0.558966	-0.0436714	0.0406493	-0.00138863	0.000933945	-0.0022048
0.558962	-0.0436715	0.0406437	-0.00183043	0.000748657	-0.00325472
0.558962	-0.0436701	0.0406431	-0.00127496	0.00100261	-0.00234827
0.55896	-0.0436692	0.04064	-0.00118525	0.00106639	-0.00222974
0.558958	-0.0436685	0.040637	-0.00151423	0.00102052	-0.00236874
0.558952	-0.043666	0.0406305	-0.00365232	0.000843384	-0.00433009
0.558952	-0.0436598	0.0406266	-0.00267622	0.00204688	-0.00413005
0.558953	-0.0436606	0.0406284	-0.00157166	0.000910527	-0.00216777
0.55895	-0.0436572	0.0406234	-0.00220519	0.00168818	-0.0031376
0.558951	-0.0436577	0.0406268	-0.00120757	0.000802778	-0.00142449
0.558946	-0.043657	0.0406184	-0.00243402	0.000411584	-0.00346448
0.558942	-0.0436504	0.0406102	-0.00215653	0.00157451	-0.00343807
0.558941	-0.043649	0.0406118	-0.00177717	0.0015677	-0.00187137
0.558942	-0.0436469	0.0406115	-0.000903773	0.00178477	-0.00139991
0.55894	-0.0436477	0.0406084	-0.0013615	0.000906994	-0.00233553
0.558939	-0.0436451	0.0406066	-0.00101871	0.00157601	-0.00187586
0.558935	-0.0436461	0.0406012	-0.00172448	0.001283	-0.00276691
0.558935	-0.0436421	0.0406028	-0.000905863	0.00155922	-0.000894738
0.558932	-0.0436412	0.0405953	-0.0014967	0.0011929	-0.00287513
0.558935	-0.043643	0.0405991	-0.000286801	-5.15454e-06	-0.00102129
0.558935	-0.0436398	0.0405981	-0.000208901	0.00105558	-0.000872475
0.558935	-0.0436368	0.0405976	-0.000339666	0.00163275	-0.00106707
0.558933	-0.0436422	0.0405978	-0.000900918	-0.00063195	-0.00056858
0.558933	-0.0436437	0.0405971	-0.000348127	-0.000911105	-0.000408036
0.558931	-0.0436443	0.0405952	-0.000712931	-0.000707458	-0.000667002
0.558931	-0.0436429	0.0405942	-0.000202286	5.89141e-05	-0.000624793
0.558929	-0.0436451	0.0405937	-0.00124178	-0.000760524	-0.000689133
0.558932	-0.043641	0.0405942	0.000575337	0.000933898	-0.000190597
0.558931	-0.043646	0.0405951	-0.000349118	-0.0011922	-0.000192281
0.55893	-0.0436415	0.0405944	-0.000655578	0.000639436	-0.000565913
0.558932	-0.0436394	0.0405949	-1.24425e-05	0.00110378	-0.000292539
0.558932	-0.043644	0.0405965	0.000151914	-0.00072631	0.000404258
0.55893	-0.0436447	0.0405945	-0.000500779	-0.000717446	-0.0003709
0.558933	-0.0436482	0.0405972	0.000578382	-0.00128037	0.000556986
0.558937	-0.0436467	0.0406029	0.00221141	-0.00322395	0.003665
0.558934	-0.0436501	0.0406009	0.000309475	-0.00384033	0.00160399
0.558932	-0.0436552	0.0405989	-0.000545372	-0.00415894	0.000386009
0.558932	-0.043653	0.0405991	0.000291281	-0.00271993	0.00098779
0.558934	-0.0436557	0.0406018	0.000792772	-0.00273152	0.00138962
0.558934	-0.0436546	0.0406023	0.000914716	-0.00180128	0.00162618
0.558934	-0.0436569	0.0406031	0.00015989	-0.0019225	0.000882088
0.55894	-0.0436555	0.0406073	0.00161362	-0.000848981	0.0017554
0.558936	-0.0436614	0.0406068	0.00168516	-0.00178175	0.00416566
0.558939	-0.043654	0.0406093	0.00200089	0.0012271	0.0035043
0.558939	-0.0436615	0.0406114	0.00174963	-0.00110519	0.00349356
0.55894	-0.0436636	0.0406125	0.0017765	-0.00163801	0.00308027
0.558942	-0.0436638	0.0406164	0.00171644	-0.0043364	0.00406938
0.558943	-0.0436661	0.040618	0.00187981	-0.00342905	0.00360914
0.558947	-0.0436615	0.0406222	0.00239569	-0.00158439	0.00405264
0.558946	-0.0436639	0.0406218	0.00155856	-0.00224528	0.00280561
0.558948	-0.0436664	0.0406242	0.00121537	-0.0026266	0.00233492
0.55895	-0.0436687	0.0406275	0.00186177	-0.00253196	0.00302421
0.55895	-0.043673	0.0406308	0.00112531	-0.00273685	0.00312547
0.558951	-0.0436729	0.040631	0.00134866	-0.00173607	0.00211593
0.558955	-0.0436726	0.0406369	0.0021095	-0.000730771	0.00307064
0.558955	-0.0436748	0.0406384	0.00126921	-0.00107698	0.00246346
0.558957	-0.0436802	0.0406416	0.00151729	-0.00248319	0.00267435
0.558958	-0.0436798	0.0406442	0.00119378	-0.00157882	0.00256003
0.558958	-0.0436829	0.0406437	0.000917578	-0.00210291	0.00162218
0.558963	-0.0436812	0.0406495	0.00219665	-0.000856924	0.00301999
0.558963	-0.0436792	0.0406503	0.00126035	0.000447434	0.00193159
0.558967	-0.0436804	0.0406548	0.00227903	-0.000280698	0.00304007
0.558966	-0.0436845	0.0406549	0.000988817	-0.0013742	0.00178014
0.558965	-0.0436867	0.0406546	0.000685083	-0.00143971	0.00134928
0.558967	-0.0436842	0.0406587	0.00105527	-0.000112042	0.00237577
0.558969	-0.0436866	0.0406591	0.00127009	-0.000442486	0.00160212
0.558971	-0.0436855	0.0406605	0.00129112	-0.000721401	0.0014688
0.55897	-0.0436864	0.040662	0.000838549	-0.000923866	0.00162748
0.55897	-0.0436859	0.0406614	0.000350414	-0.000213484	0.000626687
0.558973	-0.0436888	0.0406655	0.0006593	-0.00106352	0.00129391
0.558976	-0.0436921	0.0406685	0.00156597	-0.00136264	0.00209024
0.558976	-0.0436839	0.0406676	0.0013706	0.00124945	0.001111
0.558975	-0.0436875	0.0406683	0.000418478	0.000183721	0.000949464
0.558977	-0.043689	0.0406683	0.000853013	-0.00024111	0.000649901
0.558979	-0.0436872	0.0406713	0.00153365	0.000662374	0.00168123
0.558976	-0.0436894	0.0406689	1.88411e-05	-0.000303713	0.000337145
0.558977	-0.0436894	0.0406699	0.000110128	-0.00022645	0.00041638
0.558978	-0.0436886	0.0406713	0.000715898	0.000601152	0.000918006
0.558977	-0.0436953	0.040671	0.000195389	-0.00177358	0.000358027
0.55898	-0.0436932	0.0406713	0.000717429	-0.000545273	0.000243706
0.558978	-0.0436933	0.0406716	0.000326008	0.000134259	0.000345906
0.558977	-0.043691	0.040669	-0.000625368	-0.000543651	-0.00091377
0.558976	-0.0436939	0.0406695	-0.00056103	-0.000935414	-0.000207905
0.558975	-0.0436917	0.0406692	-0.000242093	-6.63985e-05	3.11096e-05
0.558977	-0.0436925	0.0406695	6.0777e-05	-0.000451899	-8.4713e-05
0.558975	-0.0436898	0.040668	-0.000330035	0.000610529	-0.000312297
0.558976	-0.0436882	0.0406684	-0.000178885	0.000915604	-0.000204807
0.558975	-0.0436886	0.0406659	-0.000648043	0.000370377	-0.00107475
0.558975	-0.0436867	0.0406668	0.000178662	0.001011	-0.000213455
0.558973	-0.043692	0.0406653	-0.000573867	-0.00110725	-0.000652124
0.558974	-0.0436883	0.0406638	-0.000255127	0.000834188	-0.00100985
0.558975	-0.0436885	0.0406629	-0.000129321	0.000571595	-0.0011118
0.558973	-0.0436876	0.0406613	-0.000682195	0.000676611	-0.00130187
0.558972	-0.0436887	0.040658	-0.00109099	-0.000285243	-0.00197357
0.558966	-0.0436891	0.0406533	-0.0024452	-0.00082178	-0.00277971
0.55897	-0.0436859	0.0406559	-0.00047517	0.000337221	-0.000912104
0.55897	-0.0436869	0.0406566	-0.000267737	-0.000203252	-0.000374809
0.558968	-0.043685	0.0406505	-0.000943999	9.59122e-05	-0.00226299
0.558966	-0.0436821	0.0406513	-0.0012692	0.00093277	-0.00124755
0.558965	-0.0436821	0.0406491	-0.000959554	0.000538338	-0.00155098
0.558965	-0.0436838	0.0406486	-0.000745429	-0.000229809	-0.00122442
0.558966	-0.0436814	0.0406494	-0.000447057	0.00095784	-0.00081064
0.558964	-0.0436815	0.0406458	-0.00128799	0.000283762	-0.00171494
0.558965	-0.0436779	0.0406462	-0.000575067	0.00307538	-0.00165676
0.558963	-0.04368	0.0406434	-0.00262807	0.000754519	-0.00520261
0.558961	-0.0436825	0.0406434	-0.00244627	-0.000613888	-0.00345314
0.558961	-0.0436816	0.0406402	-0.00212391	0.00048085	-0.00389264
0.558961	-0.0436841	0.0406411	-0.00113203	-0.000604629	-0.00238677
0.558962	-0.043678	0.0406386	-0.000784807	0.00118267	-0.00247236
0.558962	-0.0436758	0.0406396	-0.00063416	0.00132115	-0.00146578
0.55896	-0.0436809	0.0406385	-0.00109006	-0.000868797	-0.00140561
0.55896	-0.0436761	0.0406378	-0.000789891	0.000959854	-0.00132407
0.558958	-0.0436799	0.0406365	-0.00117199	-0.000595831	-0.0013068
0.558959	-0.0436752	0.0406343	-0.00052601	0.00113112	-0.00170865
0.558959	-0.0436799	0.0406356	-0.000384761	0.00095986	-0.000726692
0.558959	-0.0436754	0.0406332	-0.000313593	0.00412187	-0.00158937
0.558957	-0.0436778	0.040631	-0.000865029	0.00225338	-0.00176418
0.558957	-0.0436807	0.0406322	-0.000669347	0.000626192	-0.00110691
0.558955	-0.0436815	0.0406287	-0.000954336	0.000361481	-0.00170169
0.558955	-0.0436769	0.0406302	7.69824e-05	0.00163224	-8.41599e-05
0.558957	-0.0436771	0.0406326	0.000494633	0.00138674	0.000696303
0.558956	-0.0436792	0.0406314	0.000132038	0.000399391	4.99501e-05
0.558956	-0.0436798	0.0406313	-2.59566e-05	-0.00029017	-8.88645e-05
0.55896	-0.043678	0.0406351	0.0013335	0.000309438	0.00132719
0.558956	-0.0436808	0.0406315	-0.000343173	-0.000739724	-0.000286435
0.558959	-0.0436826	0.040635	0.0001759	-0.000796961	0.000691479
0.558959	-0.0436759	0.0406339	0.000441389	0.00112306	0.000313941
0.558958	-0.0436796	0.0406336	6.63312e-05	-0.000353481	-0.000184146
0.558963	-0.0436756	0.0406382	0.00125572	0.00073514	0.00149364
0.55896	-0.0436796	0.0406343	-0.000254147	-0.000957876	-0.00028779
0.558959	-0.0436762	0.0406337	-0.000233386	0.00088804	-0.000545819
0.558959	-0.043678	0.0406338	0.000192603	0.000194662	-0.000155136
0.558963	-0.0436783	0.0406366	0.000827491	0.000362889	0.000612209
0.558963	-0.0436807	0.0406392	0.000798736	-0.00115381	0.00152204
0.558963	-0.0436801	0.0406376	0.000569575	-0.000742989	0.000570308
0.558962	-0.0436843	0.0406397	7.88761e-05	-0.00117064	0.0009654
0.558964	-0.0436846	0.0406402	0.000397234	-0.00115007	0.00073205
0.558968	-0.0436845	0.040644	0.0017995	-0.000313045	0.00178113
0.558966	-0.0436826	0.0406415	0.000443643	6.26566e-05	0.00029152
0.558966	-0.0436842	0.0406421	0.000345097	-0.000989134	0.000402516
0.558968	-0.0436801	0.0406436	0.000590223	0.00051141	0.000744942
0.558966	-0.0436809	0.0406448	0.00101578	0.00112482	0.00147226
0.558968	-0.043682	0.0406445	0.00126812	-0.00012587	0.00104084
0.558968	-0.0436859	0.0406475	0.000815448	-0.00116455	0.0017863
0.558972	-0.0436828	0.0406523	0.00209533	0.000328478	0.00283474
0.558969	-0.0436854	0.0406489	0.000469768	-0.000605486	0.000780915
0.558969	-0.0436857	0.040649	0.00204119	0.00019537	0.00362912
0.558972	-0.0436893	0.0406511	0.00193657	-0.00111619	0.00317114
0.558972	-0.0436908	0.0406514	0.00135558	-0.000816416	0.00223065
0.558977	-0.0436926	0.0406592	0.00305728	-0.00124626	0.00455743
0.558971	-0.0436867	0.0406521	1.47789e-05	0.00106527	0.000564147
0.55897	-0.0436902	0.0406518	-0.000317454	-0.000936512	0.000462856
0.558977	-0.0436916	0.0406601	0.00184513	-0.000935526	0.00270833
0.558978	-0.0436903	0.04066	0.00124249	-0.000132141	0.0017115
0.558979	-0.0436889	0.0406603	0.00135846	8.52024e-05	0.00157651
0.558975	-0.0436935	0.0406578	-0.000139025	-0.000794573	0.000202266
0.558976	-0.0436926	0.040658	0.000302159	-0.000398349	0.000357862
0.558978	-0.0436914	0.0406616	0.000630065	0.000410575	0.000991263
0.558981	-0.0436943	0.0406647	0.00122145	-0.00100781	0.00187338
0.55898	-0.043694	0.0406637	0.000283947	-0.000260146	0.000682253
0.558979	-0.0436961	0.0406627	2.96387e-05	-0.000799748	0.000207679
0.558978	-0.043697	0.0406612	-0.000650555	-0.0012827	-0.00052116
0.558981	-0.0436985	0.0406634	0.000547095	-0.00101497	0.000526205
0.558979	-0.043693	0.0406625	-0.00033877	0.00117907	-0.000248764
0.55898	-0.043699	0.0406645	-8.13397e-05	-0.00467287	0.00041789
0.558979	-0.0436981	0.040661	-0.000508685	-0.00298397	-0.000575236
0.558981	-0.0436989	0.0406649	0.000326147	-0.00250229	0.00092889
0.558981	-0.0436982	0.0406655	0.00169315	-0.000853236	0.00129513
0.558981	-0.043698	0.0406644	0.00108143	-0.00125135	0.000670987
0.558976	-0.0437014	0.0406597	-0.000560387	-0.00139102	-0.000900432
0.558978	-0.0436999	0.0406633	0.000189278	-0.00074369	0.000355637
0.55898	-0.0437021	0.040663	0.000558783	-0.00143632	0.000102417
0.558979	-0.0437029	0.0406629	0.000232318	-0.00153854	0.000351541
0.558979	-0.0437013	0.0406631	0.000194477	-0.000571196	0.000241672
0.558975	-0.0437038	0.0406563	-0.000856086	-0.000804291	-0.00176342
0.558977	-0.0437021	0.0406602	0.00013689	-0.000275674	0.00015849
0.558976	-0.0437019	0.040658	-0.000649735	7.91463e-05	-0.000780705
0.558976	-0.0437028	0.0406572	-0.000593851	-0.000568755	-0.000747168
0.558975	-0.0437055	0.0406567	-0.000199359	-0.000911666	-0.000560426
0.558974	-0.0437035	0.0406543	-0.000818073	-0.000295013	-0.0012287
0.558975	-0.0437089	0.0406558	-0.0004404	-0.00175747	-0.000425489
0.558975	-0.0437075	0.0406563	-0.000190114	-0.000585637	-6.52928e-05
0.558972	-0.0437154	0.0406525	-0.00135013	-0.0030194	-0.00151736
0.55897	-0.0437111	0.0406498	-0.00151697	-0.000584298	-0.00181703
0.558969	-0.0437112	0.0406495	-0.00126005	-0.000496964	-0.00167243
0.55897	-0.043711	0.0406491	-0.000671898	-0.000312202	-0.00134721
0.558967	-0.043712	0.0406464	-0.00156288	-0.000555229	-0.00184536
0.558969	-0.0437113	0.0406495	-0.000261446	-4.57299e-05	0.000177296
0.558965	-0.0437095	0.0406431	-0.00118898	0.000587911	-0.00191475
0.558964	-0.043713	0.0406424	-0.00124956	-0.00074927	-0.00148581
0.558962	-0.0437133	0.0406394	-0.00138797	-0.000198702	-0.002096
0.558961	-0.0437141	0.0406394	-0.00124536	-0.000272553	-0.00143807
0.558958	-0.043717	0.0406369	-0.00151453	-0.00142261	-0.00149928
0.558959	-0.0437179	0.0406354	-0.00061884	-0.000908537	-0.00139178
0.558957	-0.0437168	0.0406353	-0.00134193	-0.000247373	-0.00111001
0.558956	-0.0437146	0.040634	-0.00140156	0.000159536	-0.00121029
0.558956	-0.0437159	0.0406331	-0.000837789	-0.000400571	-0.0010606
0.558953	-0.0437151	0.0406297	-0.00146945	-8.65486e-05	-0.00188656
0.558952	-0.0437129	0.0406284	-0.00143519	0.00140968	-0.00183982
0.55895	-0.0437134	0.0406242	-0.00125879	0.000747781	-0.00235965
0.558948	-0.0437112	0.0406235	-0.00147504	0.00084231	-0.00174221
0.558945	-0.0437114	0.0406193	-0.00195692	0.000756903	-0.00250291
0.558944	-0.0437109	0.0406178	-0.00161858	0.000380601	-0.00217476
0.558943	-0.04371	0.0406182	-0.00140592	0.000763608	-0.00112788
0.558942	-0.0437124	0.040615	-0.00134129	-0.000198692	-0.00193328
0.558938	-0.043708	0.0406108	-0.00192428	0.00109716	-0.0023794
0.558938	-0.0437079	0.0406101	-0.00156295	0.000617218	-0.00206909
0.558937	-0.0437051	0.0406074	-0.00115676	0.000879675	-0.00221991
0.558934	-0.0437085	0.0406034	-0.00197846	0.000118143	-0.00265327
0.558932	-0.043711	0.0406005	-0.00138284	-0.000442916	-0.00225149
0.558931	-0.0437109	0.0405987	-0.00139918	-0.000493218	-0.0019459
0.55893	-0.043708	0.0405976	-0.00236973	9.69661e-05	-0.00355654
0.558929	-0.0437079	0.0405967	-0.00168273	5.64391e-05	-0.00253317
0.558929	-0.0437076	0.0405968	-0.00132699	0.00415718	-0.00273008
0.558922	-0.0437085	0.0405884	-0.00300739	0.00289262	-0.00472156
0.558921	-0.0437113	0.0405895	-0.00217851	0.000459973	-0.00275113
0.558923	-0.0437084	0.0405889	-0.000802471	0.00172963	-0.00186236
0.558921	-0.0437076	0.0405861	-0.0012543	0.00157078	-0.00216929
0.558922	-0.0437104	0.0405881	-0.000148637	-9.86797e-05	-0.000430193
0.558923	-0.0437073	0.0405856	0.000144443	0.00102842	-0.00100717
0.558921	-0.0437083	0.0405865	-0.000545635	6.18469e-05	-0.00023266
0.558917	-0.0437106	0.0405827	-0.0010781	-0.000691408	-0.000860639
0.558921	-0.0437088	0.0405858	0.000400305	0.000446442	0.000329605
0.558917	-0.043712	0.0405813	-0.000790755	-0.000549075	-0.00112489
0.55892	-0.0437082	0.0405863	0.000476511	0.000576756	0.00106753
0.558918	-0.0437083	0.0405809	-0.000169631	0.000728731	-0.000820775
0.558922	-0.0437135	0.0405874	0.000311435	-0.0015274	1.63344e-05
0.558917	-0.043715	0.0405826	-0.00129324	-0.000999147	-0.00125188
0.558919	-0.0437138	0.0405844	-0.000290147	-0.000982538	-0.000242814
0.558919	-0.0437142	0.0405825	0.00025316	-0.000519189	-0.000427749
0.558921	-0.0437186	0.0405852	0.000840943	-0.00167815	0.000687684
0.558921	-0.0437141	0.0405853	0.0004293	0.000422092	0.000486687
0.558917	-0.0437184	0.0405841	-0.000717066	-0.00104851	0.000255161
0.558921	-0.043713	0.0405836	0.000817228	0.000719518	0.000236918
0.558919	-0.0437177	0.040585	0.000116874	-0.00121702	0.000691344
0.558919	-0.0437216	0.040584	6.80796e-05	-0.00133851	1.27764e-05
0.558924	-0.0437218	0.0405872	0.00165257	-0.00144505	0.00151364
0.558923	-0.0437193	0.0405899	0.00109487	0.000126902	0.00193295
0.558923	-0.0437243	0.0405883	0.00061252	-0.00149882	0.000750666
0.558923	-0.0437242	0.0405878	0.000474036	-0.00090788	0.000613816
0.558922	-0.043725	0.0405891	-9.36871e-05	-0.00126829	0.000784449
0.558925	-0.0437234	0.0405908	0.000998744	2.09223e-05	0.0012849
0.558924	-0.0437213	0.0405881	0.000625015	0.000406681	0.000173199
0.558924	-0.0437282	0.0405901	0.000276501	-0.00170731	0.000691515
0.558925	-0.0437284	0.0405912	0.000623532	-0.00150983	0.000947538
0.558923	-0.0437272	0.040588	-0.000361617	-0.000227349	-0.000418565
0.558926	-0.0437297	0.040592	0.000985687	-0.000845138	0.00103595
0.558924	-0.0437337	0.0405878	0.00233289	-0.0011295	0.00069269
0.558925	-0.0437304	0.0405911	0.00217423	0.00046182	0.0017367
0.558928	-0.0437337	0.0405946	0.00301148	-0.000711462	0.0025291
0.55893	-0.0437347	0.0405979	0.00273665	-0.000745282	0.00286888
0.558925	-0.0437319	0.0405892	0.00021125	0.000457807	-0.000896718
0.558931	-0.0437327	0.0405989	0.00212433	2.09274e-05	0.00258846
0.558929	-0.043738	0.0405951	0.00102671	-0.00130255	0.000554237
0.558931	-0.0437347	0.0405985	0.0013961	-2.97487e-05	0.00154875
0.55893	-0.0437376	0.0405977	0.000769	-0.00065016	0.000776652
0.558932	-0.0437375	0.0405984	0.000953763	-0.000301617	0.000760327
0.558931	-0.0437391	0.0405994	0.000479231	-0.000716057	0.000770007
0.558933	-0.0437399	0.0406033	0.00100952	-0.000704886	0.00189017
0.558934	-0.0437366	0.040601	0.00092319	0.00103393	0.00036097
0.558937	-0.0437376	0.0406069	0.0016032	8.12548e-05	0.00224848
0.558936	-0.0437419	0.0406046	0.000878707	-0.00105494	0.000669695
0.558937	-0.043739	0.0406051	0.000856641	0.000432368	0.000863505
0.558937	-0.043739	0.0406053	0.000608162	0.000298786	0.000600804
0.558938	-0.0437445	0.0406082	-0.000316102	-0.00155949	0.000514124
0.558939	-0.0437407	0.0406094	-4.33217e-06	-0.000458969	0.00075219
0.558941	-0.0437421	0.0406114	0.00159355	-0.000304589	0.00185769
0.55894	-0.0437438	0.0406088	0.000469149	-0.000388962	0.000125536
0.558942	-0.0437434	0.0406118	0.00126178	8.88584e-05	0.00114884
0.558942	-0.0437484	0.040612	0.000746217	-0.00161689	0.000849669
0.558944	-0.0437415	0.0406129	0.00118315	0.001269	0.000916035
0.558945	-0.043744	0.040616	0.000907238	0.000373341	0.00148529
0.558944	-0.0437443	0.040615	0.000390398	0.000260216	0.000602649
0.558946	-0.0437438	0.0406154	0.00104036	0.000860343	0.000626253
0.558944	-0.0437435	0.0406145	0.000323703	0.000452878	0.000217753
0.558945	-0.0437481	0.0406137	0.000101647	-0.00136772	-0.000247574
0.558945	-0.0437456	0.0406154	0.000180421	0.000218952	0.000373041
0.558946	-0.0437488	0.0406166	0.000482491	-0.000781004	0.000617501
0.558946	-0.0437476	0.0406149	0.000111605	-7.62417e-05	-0.000169345
0.558947	-0.0437489	0.0406161	0.00051901	-0.000464158	0.000283982
0.558947	-0.0437487	0.0406168	0.000221479	0.000168697	0.000429764
0.558948	-0.0437531	0.0406185	0.000629244	-0.00124344	0.000857517
0.558949	-0.0437488	0.0406189	0.000595195	0.000258975	0.000709994
0.558949	-0.0437541	0.0406196	0.000335475	-0.00133331	0.000615806
0.558946	-0.0437509	0.0406155	-0.000632631	0.000299053	-0.000891027
0.558945	-0.0437511	0.0406148	-0.000580826	0.000165742	-0.000816461
0.558948	-0.0437519	0.0406177	0.000335331	-0.000170082	0.000328389
0.558948	-0.0437547	0.0406181	-0.000329304	-0.00079656	-0.000261737
0.558948	-0.0437517	0.0406177	0.000277863	0.000651319	4.83323e-05
0.558943	-0.0437568	0.040615	-0.00117482	-0.00152513	-0.000643038
0.558947	-0.0437551	0.040617	8.02506e-05	-0.000249859	2.72815e-05
0.558946	-0.0437539	0.0406166	-0.000218573	0.000299243	-7.70027e-05
0.558948	-0.0437552	0.0406171	0.000512922	-0.000138787	0.000248833
0.558945	-0.0437604	0.0406157	-0.000309447	-0.00137528	-0.000337029
0.558947	-0.0437619	0.0406173	-0.000246302	-0.00144572	-0.000221286
0.558943	-0.0437616	0.040615	-0.000886158	-0.000675889	-0.000561978
0.558946	-0.0437625	0.0406144	7.79645e-05	-0.000804655	-0.00063797
0.558946	-0.0437608	0.0406156	4.82478e-05	7.2357e-05	6.08735e-05
0.558943	-0.0437616	0.0406148	-0.000664635	-0.000186163	-0.000212695
0.558946	-0.0437608	0.0406162	0.000286718	7.80602e-05	0.00025564
0.558943	-0.0437663	0.0406122	-0.000855132	-0.00140053	-0.0011931
0.558944	-0.0437672	0.0406158	8.40604e-05	-0.000623674	0.000409438
0.558945	-0.0437648	0.0406144	-0.000158101	-8.05804e-07	-0.000653235
0.558945	-0.0437663	0.0406141	-4.96155e-05	-0.000522874	-0.000250661
0.558943	-0.0437652	0.0406111	-0.000681648	-1.51155e-05	-0.00100363
0.558941	-0.0437667	0.0406114	-0.000590351	-4.22231e-05	-0.000408523
0.558944	-0.0437661	0.0406139	0.000243514	0.000194717	0.00039806
0.558941	-0.0437648	0.0406093	-0.000966041	0.000258176	-0.00128648
0.558942	-0.0437685	0.0406104	-0.000273817	-0.00081358	-0.000551308
0.558944	-0.0437712	0.040614	0.000395987	-0.0013438	0.00078215
0.558941	-0.0437707	0.0406101	-0.000460177	-0.00234777	-0.000604127
0.558942	-0.0437729	0.0406115	-0.000139444	-0.00212134	3.52131e-05
0.558941	-0.0437665	0.0406092	-0.000889194	0.00026924	-0.00120027
0.558944	-0.0437711	0.0406127	0.000668103	-0.00103278	0.000670392
0.558942	-0.0437731	0.040613	-0.000199366	-0.00092179	0.000409817
0.558942	-0.0437727	0.0406105	-0.000155259	-0.000726756	-0.000377855
0.558942	-0.0437755	0.0406106	-0.000187441	-0.00155619	-0.000251904
0.558943	-0.0437732	0.0406109	0.000299056	8.91504e-05	1.40833e-05
0.558943	-0.0437775	0.0406143	0.000367607	-0.000894621	0.000932994
0.558943	-0.0437726	0.0406118	-0.000229376	0.000717556	-0.000480238
0.558942	-0.0437708	0.040611	-0.000113149	0.000986235	-0.000320158
0.558941	-0.0437727	0.0406087	-5.43066e-05	0.000162121	-0.000634276
0.558941	-0.0437742	0.0406091	-0.000379764	-3.3537e-05	-0.000488228
0.558939	-0.0437796	0.0406089	-0.000664927	-0.00172434	-0.000342185
0.558942	-0.0437722	0.0406098	0.000422272	0.00172604	-0.000125307
0.558939	-0.0437772	0.0406069	-0.00065803	-0.00075415	-0.00102349
0.558941	-0.0437764	0.0406091	3.55532e-05	-0.000294071	0.000192249
0.558945	-0.0437733	0.0406133	0.00132677	0.00076302	0.00146682
0.558941	-0.0437749	0.0406085	-0.000497246	-4.37372e-05	-0.000611307
0.558942	-0.043777	0.0406111	-3.08364e-06	-0.000333646	0.000305092
0.558941	-0.0437746	0.040609	-0.000266654	0.00070234	-0.000440135
0.558943	-0.0437754	0.0406125	0.000489653	-0.00150565	0.000819563
0.558942	-0.0437745	0.0406107	-0.000240412	-0.000832189	-0.000104518
0.558943	-0.0437773	0.0406123	0.000253541	-0.00160462	0.000458674
0.558943	-0.0437723	0.0406135	0.000280692	0.000516824	0.000701617
0.558941	-0.0437748	0.0406091	-0.000575035	-0.000532798	-0.000898592
0.558943	-0.0437743	0.0406126	0.000446967	-0.000637988	0.000652095
0.558942	-0.0437788	0.0406116	-0.000251689	-0.00169159	-8.00233e-06
0.558939	-0.0437747	0.0406095	-0.000814696	0.000772948	-0.000391737
0.558943	-0.0437729	0.0406118	0.000575016	0.000802415	0.000240135
0.558945	-0.0437702	0.0406154	0.00104371	0.00130725	0.00127136
0.55894	-0.043778	0.0406078	-0.00108248	-0.00134534	-0.00168976
0.558942	-0.0437714	0.0406116	0.000116503	0.0010215	0.000189253
0.558941	-0.0437718	0.0406098	-0.000231184	0.000476813	-0.000435146
0.558938	-0.0437743	0.0406064	-0.0010822	-0.000533866	-0.00142258
0.558942	-0.0437728	0.0406117	0.000536866	0.000121619	0.000836665
0.558943	-0.0437724	0.0406133	0.000577575	0.000175285	0.000999134
0.558944	-0.0437736	0.0406148	0.000624372	-0.000289626	0.00114892
0.558946	-0.0437702	0.0406143	0.000949857	0.000918065	0.000576104
0.558943	-0.043774	0.0406132	-0.000150561	-0.000607192	0.00011182
0.558944	-0.0437722	0.0406143	9.9348e-05	0.00016999	0.000370296
0.558946	-0.0437713	0.0406173	0.000848163	0.0003781	0.00124216
0.558946	-0.043767	0.0406137	0.000320876	0.0016814	-0.000403031
0.558943	-0.0437693	0.040613	-0.000492908	0.000367456	-0.000498325
0.558945	-0.0437733	0.0406159	0.000396084	-0.00103773	0.000710528
0.558945	-0.043772	0.0406146	2.08008e-05	-0.000288586	-1.17366e-05
0.558946	-0.0437744	0.0406151	0.000390441	-0.000585215	0.00022123
0.558945	-0.0437708	0.0406141	-0.000107494	0.000533062	-0.000218941
0.558948	-0.043771	0.0406174	0.0010378	0.000192008	0.000934952
0.558948	-0.0437724	0.0406175	0.00065124	-0.000390774	0.000623301
0.558945	-0.0437746	0.0406144	-0.000232443	-0.00050226	-0.000272227
0.558946	-0.0437702	0.0406174	-0.000213462	0.00079339	0.000581376
0.558948	-0.0437726	0.0406169	0.000517094	-0.000355513	0.000151784
0.558946	-0.0437724	0.0406168	-0.000278803	0.000586391	-7.85192e-05
0.558948	-0.0437703	0.0406187	0.000531518	0.000152352	0.000805154
0.558945	-0.0437666	0.0406151	-0.000748153	0.00179698	-0.00074181
0.558943	-0.0437699	0.040613	0.000548272	-8.69342e-05	-0.000251052
0.558945	-0.0437693	0.0406163	0.00115628	0.000788036	0.00097958
0.558947	-0.0437719	0.0406156	0.00148513	-0.000912488	0.000517846
0.558947	-0.0437692	0.040617	0.00100617	0.000481384	0.000706576
0.558945	-0.0437688	0.0406137	-0.000123595	0.00052699	-0.000632876
0.558945	-0.0437712	0.0406155	0.000192255	-9.77353e-06	0.000180507
0.558943	-0.0437755	0.0406136	-0.000483491	-0.00126604	-0.000477588
0.558945	-0.0437736	0.0406135	0.00025108	-0.000162947	-0.000364133
0.558945	-0.0437738	0.0406163	0.000101089	-0.000555459	0.00072076
0.558945	-0.043772	0.0406155	-3.32124e-05	4.30024e-05	0.000210025
0.558944	-0.0437708	0.0406123	-0.000284557	0.000417762	-0.000927499
0.558944	-0.0437763	0.0406149	-8.81317e-05	-0.00114964	0.000276648
0.558945	-0.0437751	0.0406134	0.000245337	-0.00021731	-0.000328412
0.558941	-0.0437796	0.0406105	-0.00098038	-0.00161893	-0.00118657
0.558942	-0.0437792	0.0406113	-0.000497068	-0.00096926	-0.000512179
0.558945	-0.0437757	0.0406137	0.000721445	0.000188097	0.000540499
0.558942	-0.0437778	0.0406112	-0.000601891	-0.000717481	-0.000542832
0.558943	-0.0437758	0.0406112	-0.000144897	0.000149519	-0.000387348
0.558942	-0.0437788	0.0406113	-0.000350204	-0.000537659	-0.000228193
0.558943	-0.0437817	0.0406141	0.000220412	-0.00118502	0.000799156
0.558939	-0.0437804	0.0406086	-0.00132615	-0.000302188	-0.00129396
0.558943	-0.043779	0.0406113	0.000415803	0.000254836	3.50108e-05
0.55894	-0.0437785	0.040608	-0.00052288	0.000363855	-0.00108011
0.55894	-0.0437801	0.0406082	-0.000328251	-0.00025901	-0.000568617
0.55894	-0.0437846	0.0406091	-0.000180169	-0.00171392	-0.000150091
0.558941	-0.043783	0.0406088	0.000107405	-0.000564412	-0.000133311
0.55894	-0.0437851	0.0406088	-0.000417749	-0.00285231	-0.00015973
0.558939	-0.0437791	0.0406066	-0.000770342	-5.89137e-05	-0.000849321
0.55894	-0.04378	0.040608	-1.62971e-05	-0.000452763	-0.000102698
0.55894	-0.0437819	0.0406059	-0.000190659	-0.00100945	-0.000760211
0.558939	-0.0437804	0.0406077	-0.000343284	-0.000256865	9.66937e-05
0.558937	-0.0437871	0.0406069	-0.000815459	-0.00249141	-0.000196825
0.558941	-0.0437843	0.0406097	-0.000786614	-0.00142155	-0.00226404
0.558939	-0.0437835	0.0406084	-0.00141638	-0.000752568	-0.00219938
0.55894	-0.04378	0.0406079	-0.00077739	0.000596136	-0.00182134
0.558937	-0.043787	0.0406064	-0.00158488	-0.00157044	-0.00185848
0.558941	-0.0437894	0.0406095	0.000205861	-0.00176163	-0.000312598
0.558939	-0.0437895	0.0406087	-0.000282232	-0.00119047	-0.000479872
0.55894	-0.043786	0.0406111	3.79866e-05	0.000315626	0.00038632
0.558939	-0.0437839	0.0406059	-0.000601997	0.000932194	-0.00156309
0.558938	-0.0437824	0.0406067	0.00250253	0.00206728	0.00111547
0.558937	-0.0437874	0.040608	0.00125252	-0.000273268	0.001017
0.558942	-0.0437875	0.0406114	0.00268607	-0.000165354	0.00183509
0.55894	-0.0437845	0.0406082	0.00112285	0.00129389	5.30887e-05
0.558937	-0.0437879	0.040607	-7.72343e-06	-0.000516075	-0.000236284
0.558937	-0.0437874	0.0406076	0.000194381	-0.000225358	0.000106828
0.558938	-0.0437888	0.0406077	0.000462088	-0.000638049	0.000121716
0.558939	-0.0437817	0.0406072	0.000812103	0.00238306	1.71909e-05
0.558939	-0.0437853	0.0406083	0.000355898	0.00048524	0.00032908
0.558937	-0.0437894	0.0406089	-0.000349047	-0.00139675	0.000425532
0.558941	-0.0437864	0.0406104	0.000949307	-2.45076e-05	0.00076978
0.558938	-0.0437853	0.0406067	-3.56586e-05	0.00077644	-0.000350075
0.558939	-0.0437885	0.0406089	0.000376751	-0.000400017	0.000620161
0.558938	-0.0437859	0.0406066	-0.000261374	0.000557071	-0.000663369
0.558941	-0.0437864	0.0406102	0.000681455	0.000200986	0.000660491
0.558937	-0.0437905	0.0406078	-0.000444428	-0.00072957	-9.09618e-05
0.55894	-0.0437866	0.0406117	0.000579249	0.000873721	0.000891805
0.558937	-0.0437896	0.0406068	-0.000890228	-0.000374115	-0.00115495
0.558939	-0.0437877	0.0406098	9.11497e-06	-3.32595e-05	0.000310967
0.558941	-0.0437853	0.0406106	0.000435667	0.000604085	0.000419608
0.558939	-0.0437823	0.0406076	8.28487e-05	0.00146145	-0.000277697
0.558941	-0.0437842	0.040611	0.000842916	0.000702155	0.000735239
0.55894	-0.0437834	0.0406124	0.000130153	0.000398986	0.000889096
0.558941	-0.0437845	0.0406112	0.00044498	-0.000193107	0.000170903
0.558943	-0.0437807	0.040614	0.000878187	0.00111978	0.00103826
0.55894	-0.043782	0.0406094	-0.000361621	0.000400852	-0.000481689
0.558943	-0.0437838	0.0406127	0.000637086	3.24413e-06	0.000316327
0.558941	-0.0437835	0.040612	-0.000243195	-0.000157115	3.90511e-05
0.558942	-0.0437856	0.0406152	0.000351883	-0.000914445	0.00112831
0.558941	-0.0437816	0.0406126	-0.000110927	0.000703573	-0.000137644
0.558943	-0.0437836	0.0406143	0.000391088	0.000187373	0.000363731
0.558942	-0.043781	0.0406128	-0.000138896	0.00107002	-0.000154826
0.558942	-0.0437795	0.0406127	0.000332579	0.00132802	0.0001093
0.558941	-0.0437832	0.040613	-0.00018708	-0.000790663	5.19831e-05
0.558944	-0.0437806	0.0406153	0.000612647	0.00024198	0.000743156
0.558943	-0.0437835	0.040615	0.000215416	-0.000486828	0.000224962
0.558943	-0.0437782	0.0406132	1.57586e-05	0.0012	-0.000362695
0.558943	-0.0437807	0.040616	0.000100773	-0.000125527	0.000733727
0.558944	-0.0437835	0.0406142	0.000479088	-0.00054897	0.000225676
0.558942	-0.0437828	0.0406144	-0.000286435	-0.000476375	1.24524e-05
0.558943	-0.0437834	0.0406164	-4.36948e-06	-0.000240686	0.00042972
0.558945	-0.0437804	0.0406181	0.000735621	0.000588321	0.00100176
0.558941	-0.0437833	0.0406137	-0.000942386	-0.000692181	-0.000810265
0.558944	-0.0437769	0.0406169	0.000356464	0.00200768	0.00038443
0.558944	-0.0437808	0.0406167	0.000115765	-0.000217679	0.000256288
0.558945	-0.0437846	0.0406171	0.000258108	-0.00121926	0.000166453
0.558945	-0.0437803	0.0406169	0.000497986	0.000456244	0.000503998
0.558945	-0.0437788	0.0406151	0.000184141	0.000706835	-0.000426108
0.558942	-0.0437793	0.0406141	-0.000639826	0.000240449	-0.000698535
0.558944	-0.043782	0.0406146	0.000131899	-0.000756953	-0.000304364
0.558944	-0.0437801	0.0406177	8.5817e-05	9.1139e-05	0.000748168
0.558943	-0.0437773	0.0406134	-0.00034088	0.00138142	-0.00100962
0.558942	-0.0437815	0.0406143	-0.00071247	-0.000726986	-0.000294588
0.558945	-0.043783	0.0406175	0.000664602	-0.000639279	0.000905248
0.558939	-0.0437795	0.0406093	-0.00149611	0.000453329	-0.00209595
0.558942	-0.0437829	0.0406139	-8.70339e-06	-0.000934266	0.000128977
0.558944	-0.04378	0.0406158	0.000895646	0.000765403	0.00105101
0.558942	-0.0437875	0.0406146	-0.000255348	-0.00190925	-5.61845e-05
0.558942	-0.0437843	0.0406131	-0.00014842	-0.000217409	-0.000663489
0.558943	-0.0437782	0.0406144	4.25845e-05	0.00151973	8.79175e-05
0.558942	-0.0437849	0.0406115	-0.000146968	-0.00126453	-0.000519989
0.558943	-0.0437833	0.0406142	0.000259749	0.000414137	0.000183732
0.558941	-0.0437819	0.0406118	-0.000584281	0.000567275	-0.000780202
0.55894	-0.0437871	0.0406113	-0.000608649	-0.00181957	-0.000609171
0.558942	-0.0437869	0.0406137	0.00030326	-0.00048311	0.000291807
0.558941	-0.0437865	0.0406107	-0.0001337	8.6073e-05	-0.000473121
0.558939	-0.0437872	0.040609	-0.000789345	-0.000141913	-0.00115071
0.558942	-0.0437912	0.0406124	0.000211868	-0.00142646	0.000293664
0.558941	-0.0437916	0.0406129	-8.31603e-05	-0.00108426	0.000336396
0.558942	-0.043785	0.0406129	0.000410581	0.00106594	0.00033758
0.558941	-0.0437892	0.0406122	7.56125e-06	-0.000424305	-7.97246e-05
0.558941	-0.0437855	0.0406087	-0.00020028	0.000662748	-0.00111672
0.558941	-0.0437903	0.040611	-0.000132357	-0.00165181	6.59613e-05
0.558937	-0.0437847	0.0406049	-0.00113783	0.000659486	-0.00164166
0.558938	-0.0437874	0.040608	-0.000717739	-0.000567174	-0.000273846
0.558939	-0.0437869	0.0406085	-9.36842e-05	-0.000230004	-9.42822e-05
0.558938	-0.0437884	0.040609	-0.000319274	-0.00026454	-6.3008e-05
0.55894	-0.0437909	0.0406101	0.000676159	-0.000426337	0.000594144
0.558942	-0.0437868	0.040613	0.000927984	0.00041689	0.0012796
0.558937	-0.0437877	0.0406045	-0.00120582	0.000152194	-0.00203061
0.55894	-0.0437884	0.0406076	0.000164315	-8.20532e-05	-0.000479795
0.558939	-0.0437903	0.0406074	-0.00014619	-0.000672009	-0.00029711
0.558938	-0.0437864	0.0406067	-0.000398336	0.000452839	-0.00039701
0.558939	-0.0437928	0.0406093	-5.33078e-06	-0.00114584	0.000487374
0.558939	-0.0437915	0.0406103	0.000191267	-0.000146203	0.00060556
0.558935	-0.0437962	0.0406068	-0.00119751	-0.00158955	-0.000771634
0.558939	-0.0437941	0.0406092	0.000326279	-0.000714551	0.000410387
0.558936	-0.0437894	0.0406058	-0.00061535	0.00136991	-0.000969891
0.558938	-0.0437893	0.0406063	0.000508896	0.000671984	1.02824e-05
0.558936	-0.04379	0.0406035	-0.000577948	0.000110945	-0.00114636
0.558937	-0.0437907	0.0406063	-0.000238527	0.000177408	-2.50504e-05
0.558938	-0.043789	0.0406096	0.000388419	0.00082551	0.000998642
0.558939	-0.043791	0.0406069	0.000538305	-0.00045579	0.000252669
0.55894	-0.0437884	0.0406086	0.000538618	0.000823457	0.000378759
0.55894	-0.043789	0.0406091	0.000445555	2.51645e-05	0.000461465
0.558938	-0.0437921	0.0406076	-0.000385813	-0.000722912	-0.000337282
0.558938	-0.0437865	0.0406064	-0.000103709	0.00118655	-0.000182028
0.558938	-0.0437862	0.0406064	2.6671e-05	0.000797554	6.0088e-05
0.558939	-0.0437901	0.0406073	0.000289729	-0.000398137	0.000225041
0.558938	-0.0437877	0.0406069	-0.00030379	0.000569457	-0.000450834
0.558938	-0.0437893	0.040607	-0.000273278	-0.000147752	-0.000321292
0.558938	-0.0437876	0.0406085	-0.000179589	0.00048812	0.000253285
0.558939	-0.0437901	0.0406084	0.000382845	-0.000555302	0.000161473
0.558936	-0.0437896	0.0406049	-0.000692811	0.000328885	-0.000745584
0.55894	-0.0437891	0.0406087	0.000903909	0.000139283	0.00102723
0.558939	-0.0437936	0.0406092	0.000266209	-0.00107638	0.000801311
0.558939	-0.0437897	0.0406063	0.000260785	0.000255472	-0.000531367
0.558941	-0.0437865	0.0406093	0.00075718	0.00151228	0.000595418
0.55894	-0.0437892	0.040609	0.000173949	-0.000127447	0.000392977
0.558941	-0.0437866	0.040609	0.000445616	0.00107098	0.000259171
0.558939	-0.0437819	0.0406079	-0.00147637	0.00116262	-0.0010915
0.558939	-0.0437854	0.0406066	-0.00116901	0.000157034	-0.00143606
0.55894	-0.0437812	0.04061	-0.000519086	0.00128491	6.49763e-05
0.558941	-0.0437863	0.040613	0.000235261	-0.000449233	0.00133268
0.55894	-0.043786	0.0406091	0.000611306	-0.000243622	4.80416e-05
0.55894	-0.0437824	0.0406105	-0.000563727	0.000642236	-0.000246675
0.558939	-0.0437873	0.0406097	-0.000721623	-0.00127803	-0.000484158
0.558942	-0.0437859	0.0406132	0.000445706	-5.22014e-06	0.000809083
0.558941	-0.0437834	0.0406106	0.00010284	0.000952485	-5.87627e-05
0.558941	-0.0437859	0.0406117	-0.000133166	-0.000461997	0.000459987
0.558941	-0.0437833	0.0406113	0.000268982	0.000857077	0.000207874
0.558942	-0.0437836	0.0406128	-5.0699e-06	4.92454e-05	0.0003848
0.558943	-0.0437847	0.0406132	0.000649668	-0.000360927	0.000567512
0.558943	-0.0437813	0.0406126	0.000349924	0.000812235	2.82048e-05
0.558944	-0.0437844	0.0406155	0.000277698	-0.000525696	0.000803061
0.558942	-0.0437806	0.0406112	-0.000275908	0.000591434	-0.000483349
0.558944	-0.0437825	0.0406154	0.000549311	-0.000349751	0.00122992
0.558941	-0.0437802	0.0406119	-0.000408067	0.000495312	-0.000293816
0.55894	-0.0437819	0.0406108	-0.000723778	-0.000319363	-0.000884373
0.558944	-0.0437803	0.0406151	0.000503837	0.000661399	0.000580324
0.558944	-0.0437764	0.0406145	0.000360054	0.00142915	0.00024675
0.558943	-0.0437807	0.0406152	-7.23513e-05	-0.00015571	0.000282849
0.558943	-0.0437814	0.0406138	1.28473e-05	-0.000610109	-0.000202072
0.558942	-0.0437831	0.0406126	-9.13441e-05	-0.00100784	-0.000237529
0.558943	-0.0437812	0.0406132	-5.50472e-05	-0.000108242	-0.000117322
0.558945	-0.0437815	0.0406158	0.000616937	0.000185865	0.000600475
0.55894	-0.0437854	0.0406101	-0.00107515	-0.000964595	-0.00123302
0.558944	-0.0437797	0.040615	0.000655044	0.00093733	0.00104977
0.558944	-0.0437792	0.0406139	0.000343441	0.000515656	9.27296e-06
0.558945	-0.0437789	0.040615	0.000420762	0.000430732	0.000318444
0.558943	-0.043778	0.0406142	-0.000414072	0.000595077	-7.65291e-05
0.55894	-0.0437853	0.0406111	-0.00110019	-0.00198366	-0.000797319
0.558942	-0.0437831	0.0406123	0.000265646	-0.000461385	0.000186448
0.558945	-0.0437849	0.0406178	0.000829807	-0.000632702	0.00142153
0.558943	-0.0437831	0.0406132	-0.000100728	-7.63912e-05	-0.000356343
0.558942	-0.0437812	0.0406135	-0.0004364	0.000840533	-0.000486558
0.558942	-0.0437848	0.0406133	-0.000114736	-0.000979263	-0.000345867
0.558942	-0.0437861	0.0406136	9.95701e-05	-0.00108597	0.000211571
0.558942	-0.0437826	0.040613	-0.00042968	0.000224745	-0.000441117
0.558941	-0.0437812	0.0406121	-0.000656291	0.00105144	-0.00054646
0.558942	-0.0437828	0.0406125	0.000106278	0.000328806	-0.000368298
0.558942	-0.043785	0.0406133	0.000152868	-0.00084431	0.000106783
0.558942	-0.0437854	0.0406137	-0.00012049	-7.12115e-05	0.000122786
0.558942	-0.0437821	0.0406123	9.39333e-05	0.000534148	-0.000298728
0.558942	-0.0437847	0.0406126	1.43578e-05	-0.000713558	-5.49977e-05
0.558942	-0.0437845	0.0406133	9.49727e-06	2.75385e-05	0.000401942
0.55894	-0.0437825	0.0406105	-0.000484832	0.000337979	-0.000793594
0.558942	-0.0437815	0.0406114	0.000118997	0.000433732	-0.000114271
0.558945	-0.0437821	0.0406137	0.000961683	1.60425e-05	0.000567179
0.558941	-0.0437871	0.0406129	-0.000449628	-0.000848517	-6.06257e-05
0.558939	-0.0437843	0.0406121	-0.000940553	-0.000179735	-0.000224647
0.558945	-0.0437864	0.040617	0.00120181	-0.000592472	0.00134979
0.558938	-0.043788	0.0406082	-0.00134468	-0.00116403	-0.00156867
0.558942	-0.043786	0.0406119	0.000683764	-0.000215822	0.000337866
0.558943	-0.0437853	0.0406142	0.000369785	0.000387217	0.00047441
0.55894	-0.0437869	0.0406097	-0.000885002	-0.000205096	-0.00126555
0.55894	-0.0437868	0.0406108	-0.000340603	-2.10683e-05	-0.000385
0.558939	-0.0437903	0.0406101	-0.000275937	-0.00107354	-0.000115899
0.558941	-0.0437853	0.0406109	0.000323349	0.000978385	1.44064e-05
0.558938	-0.0437876	0.040608	-0.00052675	-9.76028e-05	-0.00070825
0.558939	-0.043788	0.0406083	-0.000295398	-0.000587406	-0.000287335
0.55894	-0.0437897	0.0406115	0.000296884	-0.000699682	0.000759339
0.558939	-0.0437893	0.0406085	-0.000491307	-0.000765915	-0.000728702
0.55894	-0.0437852	0.0406092	0.000132916	0.000748924	-0.000342379
0.558939	-0.0437883	0.0406096	-0.000207141	-0.000151244	-0.000111766
0.558942	-0.0437911	0.040612	0.000670333	-0.000912578	0.000548908
0.558936	-0.0437882	0.040605	-0.00121541	0.000426343	-0.00148451
0.558937	-0.0437879	0.0406067	-0.000679981	0.000362202	-0.00064199
0.55894	-0.0437902	0.0406093	0.000645128	-0.000431555	0.00056377
0.558938	-0.0437905	0.0406076	-0.000268427	-0.00050761	-0.000342807
0.558938	-0.0437875	0.0406076	-0.000227368	0.000682712	-0.000433306
0.558936	-0.0437881	0.0406055	-0.000599506	0.000330584	-0.000542041
0.558939	-0.0437892	0.0406084	0.000451609	-9.58216e-05	0.000730342
0.558939	-0.0437875	0.0406075	0.000446406	0.000488748	9.23496e-05
0.55894	-0.043787	0.0406116	0.000554064	1.83063e-05	0.00118529
0.55894	-0.0437898	0.0406114	0.000420164	-0.00104953	0.00100852
0.55894	-0.0437881	0.0406099	1.43968e-05	0.000246005	2.20373e-05
0.558938	-0.0437906	0.0406091	-0.000415847	-0.000502814	-7.3588e-05
0.558938	-0.0437848	0.0406067	-0.000431503	0.00115333	-0.00111724
0.558938	-0.0437845	0.0406078	-0.000424181	0.000746901	-0.000487658
0.558938	-0.0437877	0.040608	-0.000171247	-0.00054674	4.45574e-05
0.558938	-0.0437889	0.0406079	5.24647e-05	-0.00033382	-0.000206725
0.558939	-0.0437885	0.0406096	0.00043915	-1.80566e-05	0.000604919
0.558939	-0.043786	0.0406079	-0.000125949	0.00081436	-0.000520898
0.558939	-0.0437841	0.0406087	0.000110254	0.00117075	-7.00064e-05
0.558938	-0.0437906	0.040608	-0.00033415	-0.00091581	-6.07789e-05
0.558943	-0.0437912	0.0406136	0.00159688	-0.00104827	0.00190741
0.55894	-0.0437916	0.0406111	6.37189e-05	-0.0005454	0.000381096
0.55894	-0.0437917	0.0406117	0.000160998	-0.000243928	0.00050121
0.55894	-0.0437909	0.0406104	-0.000295651	-0.000387415	-0.000401812
0.558939	-0.043788	0.040608	-8.56475e-05	0.00028458	-0.00068575
0.558941	-0.0437908	0.0406108	0.000401655	-0.000107821	0.000463622
0.55894	-0.0437921	0.0406095	4.28341e-05	-0.000698255	7.69886e-06
0.558941	-0.0437893	0.0406118	0.000328601	0.000679196	0.000333235
0.55894	-0.0437875	0.0406106	-0.00017484	0.000429768	6.22119e-05
0.55894	-0.0437896	0.0406094	-0.000332673	0.000190777	-0.000397289
0.558941	-0.0437855	0.0406105	0.000372509	0.00129715	0.00014563
0.558941	-0.04379	0.0406103	7.66035e-05	-0.000305337	-1.52715e-05
0.55894	-0.0437903	0.04061	-0.000275679	-0.000196895	-0.00012687
0.558941	-0.0437866	0.0406112	0.00040548	0.00110255	0.000384447
0.558939	-0.0437912	0.040609	-0.000416176	-0.00114041	-0.000301756
0.558941	-0.0437867	0.0406101	0.000254862	0.00101619	7.62352e-05
0.558939	-0.0437876	0.0406112	-0.000203988	9.74044e-05	0.000523685
0.558942	-0.0437864	0.0406129	0.000696653	0.00034745	0.000797055
0.558942	-0.0437863	0.0406124	0.00014816	0.000138441	-9.48144e-05
0.55894	-0.0437856	0.0406101	-0.000616798	0.000278629	-0.000984153
0.558942	-0.0437819	0.0406123	0.000356112	0.001018	0.000247498
0.558938	-0.043786	0.040609	-0.000800572	-0.000731567	-0.00054284
0.558941	-0.0437849	0.0406115	0.000395931	-0.000218977	0.000274254
0.558941	-0.0437858	0.04061	0.000111188	0.000390136	-0.000190216
0.558942	-0.0437829	0.0406148	0.000794487	0.00106102	0.00168073
0.558941	-0.0437848	0.0406098	0.000184782	1.9844e-05	-0.000480908
0.558938	-0.0437889	0.0406097	-0.000851137	-0.00130662	-0.00035527
0.558942	-0.0437853	0.0406117	0.000467447	-7.53415e-05	0.000446757
0.558941	-0.0437835	0.0406119	8.92305e-05	0.000441434	0.000349437
0.558941	-0.0437877	0.0406103	-0.000199765	-0.000844789	-0.000640223
0.55894	-0.0437911	0.0406108	-0.000529105	-0.00121117	-0.000497752
0.558944	-0.0437826	0.0406148	0.00128935	0.00184691	0.00132476
0.55894	-0.0437901	0.0406102	-0.000675602	-0.00091669	-0.000609313
0.55894	-0.0437859	0.0406101	-0.00056253	0.0004437	-0.000779263
0.55894	-0.0437843	0.0406104	-9.43207e-05	0.000399838	-3.32921e-05
0.558943	-0.0437856	0.0406149	0.000755895	-1.77176e-05	0.00103522
0.558941	-0.0437894	0.0406105	8.88187e-05	-0.000733617	-0.00048998
0.55894	-0.0437887	0.0406112	-0.000483504	-0.000623022	-0.000299758
0.558941	-0.0437882	0.0406134	0.000212115	-0.00020472	0.000751059
0.558941	-0.0437863	0.0406122	-0.000158778	0.000809597	-0.000176324
0.558941	-0.0437867	0.0406134	0.000104096	0.000116375	0.000347933
0.558943	-0.0437876	0.0406137	0.000572072	-0.000317336	0.000208453
0.558938	-0.0437872	0.0406088	-0.00397062	-0.000499779	-0.00275887
0.558944	-0.0437857	0.040614	-0.000984431	0.000205321	-0.000134823
0.55894	-0.0437906	0.0406115	-0.0020855	-0.00194953	-0.00119459
0.558942	-0.0437894	0.0406126	-0.000912306	-0.000586122	-0.000363337
0.558939	-0.0437918	0.0406103	-0.00141671	-0.00116106	-0.000991681
0.558941	-0.0437887	0.0406121	-0.000574707	-7.35116e-05	4.04138e-05
0.558941	-0.0437913	0.040611	-0.000500306	-0.000683103	-0.000537585
0.558938	-0.043788	0.0406081	-0.000934619	0.000441812	-0.00100101
0.558938	-0.0437867	0.0406089	-0.000784443	0.000168668	-0.000475913
0.558941	-0.0437878	0.040611	0.000119975	-0.000156278	-8.11745e-05
0.558939	-0.0437872	0.0406083	-0.000564993	0.000187762	-0.000758421
0.55894	-0.0437894	0.0406131	8.869e-05	-0.000130177	0.00106569
0.558939	-0.0437875	0.0406092	-0.000179016	0.000256859	-0.000408196
0.558939	-0.0437885	0.0406096	-0.000126856	0.00016897	-0.000276255
0.558938	-0.0437912	0.040609	-0.000526176	-0.00106589	-0.000254806
0.558939	-0.0437886	0.0406087	-0.000266032	0.000373245	-0.000754957
0.558942	-0.0437895	0.0406123	0.000792438	6.25708e-05	0.000833018
0.558938	-0.0437884	0.040607	-0.00076311	8.79472e-06	-0.00131565
0.55894	-0.0437851	0.0406117	0.000186274	0.00143081	0.000790836
0.558938	-0.0437911	0.0406071	-0.00048482	-0.000912437	-0.000904595
0.558941	-0.0437918	0.0406107	0.000432044	-0.000879477	0.000292293
0.558943	-0.0437881	0.0406153	0.00117428	0.000245054	0.00176556
0.558938	-0.0437907	0.0406076	-0.000795286	-0.000399681	-0.00112957
0.558942	-0.0437867	0.0406117	0.000736427	0.000714906	0.000441996
0.558938	-0.0437888	0.0406088	-0.000969282	5.52379e-06	-0.00083184
0.55894	-0.0437885	0.04061	-0.000166445	0.000190173	-0.000214729
0.558942	-0.0437885	0.0406123	0.000798462	-0.000108951	0.00108051
0.558938	-0.0437896	0.0406065	-0.000731425	-0.00051159	-0.00107988
0.558942	-0.0437879	0.0406114	0.000775457	9.05328e-05	0.000622051
0.558942	-0.0437893	0.0406123	0.000602182	-0.000443168	0.000616837
0.558939	-0.0437905	0.0406084	-0.000439606	-0.000620282	-0.00069241
0.558938	-0.0437872	0.0406078	-0.00056571	0.00112971	-0.000624969
0.558936	-0.0437884	0.0406054	-0.00129831	0.000397644	-0.00153762
0.55894	-0.0437835	0.0406088	0.000290434	0.00118565	0.000421723
0.55894	-0.043787	0.0406087	0.0002168	-0.000287001	-6.2815e-05
0.558941	-0.0437895	0.0406091	0.000381783	-0.000572686	-2.73525e-05
0.558939	-0.043792	0.0406092	-0.000384843	-0.00116752	-7.69847e-05
0.558942	-0.0437894	0.0406139	0.000916183	0.000193441	0.00153388
0.558941	-0.043787	0.0406115	-7.09562e-05	0.000928319	0.000150002
0.558941	-0.0437888	0.0406089	0.000239254	0.000128225	-0.00036227
0.558938	-0.0437895	0.0406091	-0.000614436	-8.74356e-05	-2.56392e-05
0.55894	-0.0437903	0.0406106	0.000183941	-0.000313229	0.000529888
0.558939	-0.0437893	0.0406081	-1.11619e-05	0.000112517	-0.000461015
0.558942	-0.0437912	0.0406143	0.000528493	-0.000666794	0.00133868
0.558938	-0.0437909	0.0406095	-0.00062063	-0.000259224	-0.000445604
0.55894	-0.0437905	0.0406091	0.000170092	-1.61181e-05	-0.000304454
0.558942	-0.0437883	0.0406124	0.000751007	0.000705195	0.000909435
0.558938	-0.0437869	0.0406059	-0.000852579	0.000543774	-0.00140201
0.558939	-0.0437889	0.0406084	-0.000263214	-4.41587e-05	-0.000291149
0.558939	-0.0437905	0.0406111	2.76446e-05	-0.000458488	0.000733315
0.558939	-0.0437863	0.0406097	-0.000277402	0.000631346	-0.000182169
0.558941	-0.04379	0.0406115	0.000720985	-0.000900584	0.000709708
0.558942	-0.0437909	0.0406128	0.000696764	-0.000504655	0.000911901
0.558941	-0.043789	0.0406098	-5.79507e-05	-5.18719e-06	-0.000481141
0.558941	-0.0437894	0.0406124	0.000134319	0.000162054	0.000610955
0.558939	-0.0437876	0.0406093	-0.000306399	0.00044434	-0.000476202
0.558939	-0.0437917	0.0406111	-0.00035577	-0.00077549	0.000103794
0.558942	-0.0437882	0.0406133	0.000887875	0.000359272	0.000989389
0.558939	-0.0437935	0.04061	-0.000497618	-0.00125747	-0.00060938
0.55894	-0.0437885	0.0406112	-6.3649e-05	0.000931407	-8.40326e-05
0.558939	-0.0437874	0.0406092	-0.000283606	0.00104607	-0.000655486
0.55894	-0.0437937	0.0406101	0.00010481	-0.00136782	-0.000115532
0.55894	-0.0437907	0.040611	-0.000214449	-0.00041697	-0.000183539
0.558941	-0.0437879	0.0406128	0.000402626	0.000991139	0.000768322
0.55894	-0.043787	0.0406108	2.72482e-05	0.00108589	-8.72506e-05
0.558939	-0.0437873	0.0406096	-0.00023072	0.000607957	-0.000407007
0.558938	-0.0437876	0.0406086	-0.000636725	0.00028144	-0.000661089
0.558941	-0.0437886	0.0406104	0.000466309	-9.28107e-05	0.000205592
0.55894	-0.0437871	0.0406098	0.000255699	0.00045031	-4.43799e-05
0.558941	-0.0437856	0.0406098	0.000211693	0.000808762	-2.61964e-05
0.558941	-0.0437845	0.04061	-1.30534e-05	0.000440191	-0.000298112
0.558942	-0.0437859	0.0406131	0.000603042	0.000115207	0.000995923
0.558941	-0.0437899	0.040612	-0.000153051	-0.00120956	0.000345859
0.558941	-0.0437852	0.0406121	0.000112124	0.000851982	0.00035311
0.55894	-0.0437893	0.0406086	-0.000319178	-0.00116157	-0.000770483
0.558942	-0.043788	0.0406131	0.000634184	-0.000471644	0.00106084
0.558939	-0.0437888	0.0406085	-0.000733283	-0.000257109	-0.000925433
0.558938	-0.0437876	0.040609	-0.000618925	0.000377858	-0.000510728
0.55894	-0.0437859	0.0406096	-0.000233687	0.00076214	-0.000587483
0.558937	-0.0437913	0.0406086	-0.000926734	-0.00120286	-0.000435113
0.558942	-0.0437867	0.0406117	0.00123366	0.000326112	0.000901219
0.55894	-0.0437867	0.040612	3.28307e-05	0.000492441	0.00060342
0.558941	-0.0437885	0.0406105	0.0003157	-0.000149373	-6.38004e-05
0.558942	-0.043788	0.0406131	0.000676566	0.000101659	0.000858322
0.558941	-0.0437918	0.040611	6.61992e-07	-0.00118467	-0.000140416
0.558941	-0.0437867	0.0406113	0.000209652	0.000887796	1.95537e-05
0.558941	-0.0437831	0.0406099	-3.83738e-05	0.00100329	-0.000315069
0.558937	-0.0437861	0.0406072	-0.0014288	0.000225113	-0.00121486
0.558941	-0.0437819	0.0406122	0.000365266	0.00162234	0.000504975
0.558941	-0.0437855	0.0406114	0.000197362	1.18328e-05	0.000293128
0.558941	-0.0437873	0.0406123	8.27118e-05	-0.00105161	0.000336186
0.55894	-0.0437827	0.0406081	0.000124626	0.000852681	-0.000500861
0.558939	-0.0437855	0.0406081	-0.000409236	-7.58968e-05	-0.000589673
0.558941	-0.0437896	0.0406121	0.000589982	-0.00132408	0.000857364
0.55894	-0.0437857	0.0406094	-3.33835e-05	5.83057e-05	-0.000311024
0.558942	-0.0437864	0.0406122	0.000451843	0.000125498	0.000651922
0.558943	-0.0437876	0.0406139	0.000761335	-0.000251635	0.000907458
0.558942	-0.0437879	0.0406127	9.72841e-05	-0.000218481	0.000244498
0.558937	-0.0437881	0.0406072	-0.00154292	-0.000213975	-0.00172542
0.558939	-0.0437892	0.0406106	-0.000626442	-0.00056311	-0.000318533
0.558939	-0.0437895	0.0406081	-0.000435809	-0.000452095	-0.000860026
0.558941	-0.0437851	0.0406113	0.000701115	0.00116738	0.00062824
0.558942	-0.0437878	0.0406141	0.000629298	-0.000159361	0.00134285
0.55894	-0.043789	0.0406103	-0.000267317	-0.000446311	-0.000326139
0.558942	-0.0437867	0.0406105	0.000495016	0.000497957	-0.000135349
0.558941	-0.0437905	0.0406107	-8.46811e-06	-0.00135461	4.99575e-05
0.55894	-0.0437885	0.0406084	-0.000332697	3.57147e-05	-0.000771729
0.558942	-0.0437878	0.0406126	0.000527582	0.000350479	0.000868399
0.558938	-0.0437878	0.0406079	-0.000962302	0.000190902	-0.00133697
0.558939	-0.0437906	0.0406106	-0.000639447	-0.000835306	-0.000192796
0.558942	-0.04379	0.0406111	0.00069633	-0.000312842	0.000422555
0.558939	-0.0437866	0.040608	-0.000409319	0.000595188	-0.000499029
0.558939	-0.0437905	0.0406097	-0.000426159	-0.000644462	7.84059e-05
0.558941	-0.0437872	0.0406092	0.000619465	0.000362821	6.61996e-05
0.558938	-0.043792	0.0406091	0.00224063	-0.000209597	0.00142309
0.55894	-0.0437886	0.0406111	0.0024812	0.00120141	0.00177107
0.558941	-0.0437868	0.0406111	0.00216588	0.00147445	0.00130938
0.558941	-0.0437867	0.0406124	0.00153585	0.00103857	0.00137515
0.558941	-0.0437882	0.0406122	0.00102156	0.00021752	0.000810616
0.558942	-0.0437868	0.0406118	0.00102882	0.000663227	0.000520553
0.558939	-0.0437909	0.0406099	8.19702e-05	-0.00129178	-0.000114982
0.55894	-0.0437868	0.0406117	0.000206046	0.000786248	0.000460383
0.558937	-0.043793	0.0406071	-0.00082381	-0.00147006	-0.0011983
0.558939	-0.043789	0.04061	-7.28304e-05	0.000301328	-0.000187168
0.558938	-0.0437896	0.0406087	-0.000217484	7.72425e-05	-0.00041212
0.558939	-0.0437935	0.0406103	0.000382451	-0.00125741	0.00039626
0.558937	-0.0437898	0.0406076	-0.000375448	0.000472689	-0.000599472
0.55894	-0.0437906	0.0406103	0.000543054	6.53714e-05	0.000517759
0.55894	-0.0437886	0.0406094	0.000350074	0.000561706	-0.000270961
0.55894	-0.0437859	0.0406104	0.000360449	0.000989605	0.00051344
0.558939	-0.0437906	0.0406109	-3.71328e-05	-0.00103087	0.000645364
0.55894	-0.0437925	0.0406114	0.000328564	-0.000548183	0.000496511
0.55894	-0.0437875	0.04061	-0.000128975	0.00106397	-0.000513713
0.558941	-0.0437915	0.0406125	0.000299055	-0.000709395	0.000527301
0.55894	-0.043789	0.0406106	3.28547e-05	0.000438978	-0.00010322
0.558938	-0.043787	0.0406073	-0.000700914	0.000593833	-0.000947752
0.558942	-0.0437895	0.0406128	0.000978645	-0.000175388	0.00111703
0.55894	-0.0437888	0.0406097	6.44176e-05	0.000164449	-0.000380642
0.55894	-0.0437857	0.04061	-7.69244e-05	0.00120094	-9.78504e-05
0.55894	-0.0437902	0.0406125	-5.71405e-05	-0.000724446	0.000700553
0.558938	-0.0437909	0.0406093	-0.000633113	-0.000710597	-0.000635092
0.55894	-0.0437906	0.0406102	6.0378e-05	-0.000339673	-3.69573e-05
0.558941	-0.0437852	0.0406121	0.000499545	0.00155666	0.000550674
0.55894	-0.0437879	0.0406099	-0.000193225	-0.00201347	-0.00018058
0.558941	-0.043788	0.040611	0.000303341	-0.00124998	0.000176996
0.55894	-0.0437933	0.0406123	-0.000256589	-0.00262558	0.000532346
0.558942	-0.0437886	0.040612	0.000423592	-0.000657933	0.000303471
0.558939	-0.0437885	0.0406106	-0.000193671	-0.000135176	-0.000201383
0.55894	-0.0437875	0.0406105	-0.000103241	-0.000118082	-0.000116899
0.558941	-0.0437882	0.0406103	0.00015906	-6.46958e-05	-0.000270292
0.558941	-0.0437886	0.0406104	-0.000376035	-0.000234247	-0.000446522
0.558942	-0.0437895	0.0406131	0.00017581	-0.000471985	0.000598987
0.558941	-0.0437897	0.0406129	0.000116052	-0.000329465	0.000399327
0.558942	-0.0437883	0.0406129	0.000182321	0.000286106	0.000317066
0.558942	-0.0437855	0.0406117	0.000295469	0.000701714	-4.15995e-05
0.55894	-0.0437885	0.0406097	-0.000478656	-0.000258603	-0.000702322
0.558939	-0.0437873	0.0406089	-0.000466065	0.000296648	-0.000819391
0.55894	-0.0437871	0.0406102	-0.00025463	0.000243237	-0.000406632
0.558943	-0.0437848	0.0406135	0.000918146	0.00102142	0.00109031
0.558941	-0.043787	0.0406108	7.19267e-05	-6.09104e-05	-0.000193922
0.558941	-0.0437884	0.0406125	5.60845e-05	-0.000485583	0.000542521
0.55894	-0.0437874	0.0406094	-0.000518446	-1.35084e-05	-0.000747328
0.558941	-0.043787	0.0406107	0.000201803	0.000122329	-6.10106e-05
0.558939	-0.0437844	0.0406086	-0.000673159	0.000842215	-0.00110971
0.558938	-0.0437866	0.0406062	-0.000769556	-7.18909e-05	-0.00122263
0.558942	-0.0437851	0.0406114	0.00099816	0.000435545	0.000922985
0.558939	-0.0437847	0.0406089	-0.000189809	6.40425e-05	1.8625e-05
0.558942	-0.0437852	0.0406105	0.000721327	-0.000230233	0.000629052
0.558943	-0.0437862	0.0406121	0.000690227	-0.000566843	0.000881462
0.558939	-0.0437903	0.0406082	-0.000873192	-0.00134717	-0.00077173
0.558942	-0.0437846	0.0406128	0.000610555	0.0011041	0.000916004
0.558939	-0.043789	0.0406097	4.74178e-05	-0.000406904	0.000116944
0.55894	-0.0437886	0.0406098	0.000319136	-0.000161564	0.000102243
0.558942	-0.0437896	0.0406126	0.000678313	-0.000499582	0.000940592
0.558942	-0.043788	0.0406132	0.00058303	0.000266165	0.000863647
0.558939	-0.0437874	0.0406103	-0.000655098	0.000338579	-0.000344424
0.558941	-0.0437869	0.0406101	8.39945e-05	0.000405968	-0.000401892
0.558941	-0.0437904	0.0406106	-3.3935e-06	-0.00129889	-0.000106425
0.558939	-0.0437887	0.0406095	-0.00055372	-6.04306e-05	-0.000735368
0.558939	-0.0437877	0.0406064	-0.00051776	0.000418146	-0.00135411
0.558943	-0.0437862	0.0406136	0.00101066	0.000791734	0.00157306
0.558941	-0.0437884	0.0406115	9.92795e-05	-0.000211672	0.000101193
0.558941	-0.0437885	0.0406112	0.000133069	-0.000163583	0.000234949
0.558942	-0.0437911	0.0406123	0.00050204	-0.000923536	0.000613319
0.558941	-0.0437901	0.0406105	-0.000216865	-0.000295985	-0.000239419
0.558942	-0.0437894	0.040613	0.000324183	1.546e-05	0.000630587
0.558941	-0.0437913	0.0406118	-1.25778e-05	-0.000617152	0.00011641
0.558941	-0.043787	0.0406104	-0.000102588	0.00104895	-0.000361155
0.55894	-0.0437907	0.0406106	-0.000686274	-0.000625823	-0.00059613
0.558941	-0.0437869	0.0406106	9.46718e-05	0.000910071	-0.00020276
0.558941	-0.0437902	0.0406115	0.000223603	-0.000865992	0.000467684
0.558942	-0.0437893	0.0406144	0.000403342	2.23526e-05	0.00121847
0.55894	-0.0437845	0.040609	-0.000551981	0.00126176	-0.000943617
0.558943	-0.0437906	0.0406139	0.000579469	-0.000903879	0.000893816
0.558943	-0.0437893	0.040614	0.000392478	-8.34914e-05	0.000569159
0.558942	-0.0437927	0.0406134	-7.02116e-05	-0.00118843	-8.60424e-05
0.55894	-0.0437887	0.040611	-0.000468032	0.000622602	-0.000488588
0.558938	-0.0437879	0.040608	-0.000741259	0.00073144	-0.00122916
0.558944	-0.0437923	0.0406138	0.0010594	-0.00109487	0.000717235
0.558938	-0.0437908	0.0406092	-0.00109521	-0.000215497	-0.000822084
0.558942	-0.0437852	0.0406102	0.000383747	0.00173443	-0.000259118
0.558941	-0.0437916	0.0406133	-3.92811e-05	-0.00100609	0.000595728
0.558939	-0.043786	0.0406083	-0.000652245	0.00119382	-0.00107813
0.55894	-0.0437902	0.04061	-0.000242237	-0.000636584	-0.000102741
0.558939	-0.0437876	0.0406088	-0.000234913	0.000514348	-0.000459001
0.558943	-0.043791	0.040613	0.00108105	-0.000785235	0.00122086
0.558941	-0.0437902	0.0406119	-6.58426e-05	-0.000243844	0.000351992
0.558942	-0.0437865	0.0406131	0.000544774	0.00108141	0.000700298
0.558938	-0.0437896	0.0406063	-0.00112705	-0.000323737	-0.0017513
0.558941	-0.0437899	0.0406118	0.00050488	-0.000275696	0.000652548
0.558941	-0.0437885	0.040612	-0.000105173	0.000210739	0.000155136
0.55894	-0.043789	0.0406101	-0.000254924	3.31329e-05	-0.000307819
0.558941	-0.0437856	0.0406091	0.000324344	0.00117716	-0.000436881
0.558939	-0.0437925	0.0406088	-0.000578119	-0.00151499	-0.000387684
0.558938	-0.0437926	0.040609	-0.00061774	-0.0010385	-0.000182732
0.558941	-0.0437927	0.0406129	0.000351782	-0.00046444	0.000754148
0.558938	-0.0437913	0.0406099	-0.000392637	-1.22961e-05	-0.000191761
0.558941	-0.0437918	0.0406099	0.000442016	-0.000372825	-0.000361061
0.558942	-0.0437912	0.0406145	0.000501926	-6.59797e-05	0.00117246
0.558939	-0.0437865	0.0406079	-0.000549656	0.00117427	-0.00101496
0.558938	-0.043792	0.0406096	-0.000434429	-0.000761906	-6.33735e-05
0.55894	-0.0437902	0.0406116	0.000419413	0.000221993	0.000655668
0.55894	-0.0437906	0.0406095	0.00016732	4.41713e-05	-0.000275363
0.558939	-0.0437892	0.0406073	-0.00022722	0.000478517	-0.000974655
0.558939	-0.0437925	0.0406089	-0.00024105	-0.000755952	-7.03912e-05
0.55894	-0.043789	0.0406084	0.000145578	0.000656579	-0.000184154
0.55894	-0.0437871	0.0406104	0.000190339	0.00103273	0.000551627
0.55894	-0.0437901	0.0406097	0.000195111	9.78401e-05	3.55049e-05
0.558941	-0.0437901	0.040612	0.00032409	-0.000238748	0.00087942
0.558937	-0.0437928	0.0406078	-0.000959962	-0.00113234	-0.000891656
0.558939	-0.0437922	0.0406106	-0.000169509	-0.000562721	0.00031239
0.558939	-0.0437862	0.040609	7.97217e-05	0.00120512	-0.000209611
0.558939	-0.0437902	0.0406096	6.88745e-05	-0.000247783	4.84807e-05
0.55894	-0.0437903	0.0406103	0.000141727	-0.000158665	0.000213763
0.558941	-0.0437883	0.0406122	0.000352108	0.000550676	0.000460441
0.558939	-0.0437893	0.0406086	-0.000328646	0.000127494	-0.000657891
0.558942	-0.0437914	0.0406127	0.000777813	-0.000610712	0.000946923
0.55894	-0.0437902	0.0406104	-6.79778e-05	0.000408897	-6.32483e-05
0.55894	-0.043794	0.0406108	-7.02431e-05	-0.00129731	0.000146059
0.55894	-0.043789	0.0406099	0.000224387	0.000306213	-6.99616e-05
0.558941	-0.0437896	0.0406112	0.000119476	0.000195457	-6.73771e-05
0.558943	-0.0437876	0.0406142	0.000774444	0.000959003	0.00115992
0.558941	-0.0437866	0.0406118	0.000182876	0.000962244	5.12713e-05
0.558942	-0.0437898	0.0406124	0.000170928	-0.00038978	0.000242342
0.558941	-0.0437886	0.0406106	-0.000225684	0.000147208	-0.00050869
0.558938	-0.0437895	0.04061	-0.00127182	-0.000273804	-0.000818105
0.558939	-0.0437921	0.0406105	-0.000158723	-0.000986349	-0.000131374
0.558943	-0.0437907	0.0406155	0.00115547	-0.000187894	0.00159255
0.558942	-0.0437898	0.0406127	0.000282051	0.000153448	0.000123557
0.558939	-0.043786	0.0406097	-0.000808125	0.00136502	-0.000911732
0.558941	-0.0437854	0.0406095	7.34263e-05	0.00110586	-0.000604641
0.55894	-0.0437846	0.0406089	0.00249817	0.00147846	0.00105519
0.558941	-0.0437879	0.0406126	0.00241709	0.000227046	0.00194234
0.558942	-0.0437895	0.040615	0.00219094	-0.000215508	0.00222405
0.558939	-0.0437875	0.0406104	0.000565555	0.000594	3.62321e-05
0.558938	-0.0437895	0.0406095	0.000282602	-0.000201702	-0.000198318
0.558938	-0.0437879	0.0406089	0.000176171	0.000422099	-0.000303474
0.55894	-0.0437886	0.0406116	0.000961139	1.58533e-05	0.000751925
0.558942	-0.0437863	0.0406132	0.00132322	0.000806149	0.00104467
0.55894	-0.0437889	0.0406092	5.97102e-05	-0.000316867	-0.000713172
0.55894	-0.0437886	0.0406099	0.000252143	-0.000105493	-0.000155079
0.55894	-0.0437884	0.0406127	0.000163919	-1.38991e-05	0.000996037
0.558939	-0.0437876	0.0406082	-0.000356114	0.000246072	-0.000907295
0.558942	-0.0437864	0.0406131	0.000811776	0.000572706	0.000927814
0.558938	-0.0437865	0.040607	-0.000729997	0.000382936	-0.00138736
0.55894	-0.0437872	0.0406102	7.78416e-06	-1.00901e-05	9.33327e-05
0.55894	-0.0437918	0.0406111	7.35261e-05	-0.0014963	0.000408931
0.558942	-0.0437852	0.0406119	0.000654662	0.000735951	0.000617718
0.55894	-0.0437839	0.0406091	-0.000272416	0.0012501	-0.000550446
0.558941	-0.0437883	0.0406113	4.40659e-05	-0.000610155	0.000277542
0.558939	-0.0437858	0.0406092	-0.000234414	0.00052917	-0.00046116
0.558942	-0.043788	0.0406137	0.000874044	-0.000364705	0.0012194
0.558941	-0.0437918	0.040611	2.78139e-06	-0.00150149	-0.000107448
0.55894	-0.043787	0.0406111	-0.000139891	0.000548561	-2.6506e-05
0.558941	-0.0437902	0.0406118	-0.000111589	-0.00068498	0.000144065
0.558941	-0.0437899	0.0406117	0.00021662	-0.000335588	0.000119699
0.558939	-0.0437902	0.0406095	-0.000515205	4.35991e-05	-0.000631146
0.55894	-0.0437848	0.0406081	-0.000157923	0.00111061	-0.000818602
0.55894	-0.0437857	0.0406096	-0.000283481	0.000220057	-0.000295273
0.558942	-0.0437893	0.0406125	0.000624322	-0.000666793	0.000890728
0.55894	-0.0437882	0.0406104	-0.000396326	0.000358868	-0.000490271
0.55894	-0.043789	0.0406124	-0.000125036	-0.000208243	0.000556533
0.55894	-0.0437906	0.0406097	5.57209e-05	-0.000705312	-0.000379071
0.558939	-0.0437874	0.0406091	-0.000240392	0.000533649	-0.000382538
0.558943	-0.0437922	0.0406145	0.00116269	-0.00127587	0.00147403
0.558941	-0.0437897	0.0406106	-0.000105516	0.000386222	-0.000356591
0.558939	-0.0437908	0.0406097	-0.00049807	-0.000378563	-0.000446031
0.55894	-0.0437841	0.0406112	0.000192849	0.00152855	0.000438612
0.558939	-0.0437871	0.0406103	-0.00048286	0.000265161	-0.000213897
0.558939	-0.0437874	0.040609	-0.000280603	0.000182088	-0.000577812
0.558942	-0.0437883	0.0406109	0.000660817	-0.000151339	0.000231429
0.558939	-0.0437907	0.0406095	-0.000425493	-0.000889125	-0.000297452
0.558941	-0.0437869	0.04061	0.000182421	0.000592776	-0.000110019
0.55894	-0.0437843	0.0406077	-0.000234344	0.00128212	-0.000886611
0.558941	-0.0437837	0.0406102	-0.0025426	0.000151832	-0.00132322
0.558941	-0.0437886	0.0406104	-0.00199316	-0.00153007	-0.000854762
0.558939	-0.0437863	0.0406065	-0.00211273	-0.000302722	-0.00193984
0.558942	-0.0437892	0.0406124	-0.000278306	-0.000774693	0.000593368
0.55894	-0.0437925	0.040611	-0.00125045	-0.00195636	-0.000207121
0.558942	-0.0437884	0.0406125	-0.000192904	-3.59665e-05	0.000370922
0.558938	-0.0437894	0.0406092	-0.00142993	-0.00041343	-0.000932818
0.558939	-0.0437929	0.040609	-0.000787674	-0.00183996	-0.000529255
0.558939	-0.0437874	0.0406091	-0.000723672	0.000823849	-0.000482785
0.558939	-0.0437905	0.0406096	-0.000201647	-0.00035773	-0.000133414
0.558941	-0.0437873	0.0406092	0.00049563	0.000417066	-7.82012e-05
0.558942	-0.0437891	0.0406131	-0.000265185	-0.000419673	-0.000498383
0.558942	-0.043788	0.0406115	-0.000499614	0.000122501	-0.00107188
0.558936	-0.0437914	0.0406068	-0.00215664	-0.00103204	-0.00241112
0.558942	-0.0437865	0.0406127	0.000536739	0.000986656	0.000351778
0.558942	-0.0437899	0.0406111	0.000247557	-0.000474865	-0.000336449
0.558938	-0.0437881	0.0406084	-0.00117673	0.000226	-0.00123239
0.558941	-0.0437927	0.0406117	0.000282255	-0.000955273	0.000322655
0.55894	-0.0437873	0.0406098	1.32561e-05	0.000829982	-0.000412096
0.558939	-0.043789	0.040609	-0.000493714	-0.000105587	-0.000545362
0.558938	-0.0437894	0.040609	-0.000624191	-0.000193584	-0.000398154
0.558938	-0.0437937	0.0406097	-0.000440971	-0.00118234	-0.0001142
0.558939	-0.0437878	0.0406097	-0.000150155	0.000880267	-1.55361e-05
0.558939	-0.0437894	0.0406085	0.000246049	-0.000414554	-0.000297386
0.558939	-0.0437889	0.0406092	6.61823e-05	0.000209149	5.79686e-05
0.55894	-0.0437856	0.0406085	0.000227567	0.00122014	-0.000362538
0.558938	-0.0437893	0.0406079	-0.000251814	-0.000354234	-0.000288345
0.558938	-0.0437905	0.0406076	-0.000299244	-0.000242735	-0.000402217
0.55894	-0.0437877	0.0406098	0.000187912	0.000438121	0.000384185
0.558941	-0.0437906	0.0406092	0.000544281	-0.00111004	0.000221418
0.558941	-0.0437864	0.0406112	0.000482277	0.000908446	0.000659313
0.558941	-0.0437927	0.0406112	0.00020607	-0.00104495	0.000390601
0.558938	-0.0437901	0.0406082	-0.000899901	-2.66532e-05	-0.00068354
0.55894	-0.0437876	0.0406103	0.00012486	0.000316302	0.000330934
0.558942	-0.0437893	0.0406124	0.000651883	-0.000178979	0.000815701
0.55894	-0.0437845	0.040609	-0.000303037	0.00120233	-0.000513793
0.55894	-0.0437912	0.0406115	7.69585e-05	-0.00115475	0.000482304
0.558939	-0.0437901	0.0406084	-0.000463273	5.0017e-05	-0.000784185
0.558941	-0.0437917	0.0406122	0.000593907	-0.000689522	0.000797848
0.558938	-0.0437898	0.0406078	-0.000547539	-0.000255555	-0.000788872
0.558941	-0.0437896	0.0406121	0.000649143	0.000152875	0.000815492
0.55894	-0.0437856	0.0406102	-0.000146199	0.00149066	-0.000221427
0.558942	-0.0437901	0.040609	9.97909e-06	-0.000584296	-0.000750935
0.558942	-0.0437903	0.0406114	0.000539091	-0.00080385	0.000539284
0.558943	-0.0437885	0.0406126	0.000616954	0.000723793	0.000702474
0.558941	-0.0437904	0.0406111	-0.000575041	-0.000394921	-0.00024076
0.558943	-0.0437911	0.0406139	0.000243199	-0.000550462	0.000530627
0.558941	-0.0437883	0.0406129	-5.03381e-05	0.000644867	0.000381217
0.558942	-0.0437899	0.0406124	0.00018943	-7.19066e-05	0.000205932
0.55894	-0.0437889	0.0406075	-0.000369666	0.000273465	-0.00138838
0.558939	-0.0437901	0.0406095	-0.000473471	0.000151711	-0.000275895
0.55894	-0.0437886	0.0406107	-9.0714e-05	0.000727515	0.000117454
0.558941	-0.0437923	0.040611	0.000210923	-0.00103793	0.000234862
0.558941	-0.0437885	0.0406131	-0.00213512	-0.000295319	-0.000499732
0.558943	-0.0437881	0.040613	-0.0014999	-0.000260724	-0.000692728
0.558941	-0.0437884	0.0406103	-0.00188524	5.80337e-05	-0.00142804
0.55894	-0.0437893	0.0406099	-0.00181724	-0.000606435	-0.00124237
0.558942	-0.0437907	0.0406128	-0.000527724	-0.000642446	9.64265e-05
0.558939	-0.0437893	0.0406094	-0.0013026	-0.000258711	-0.00113275
0.558943	-0.0437896	0.0406133	0.0031248	0.000481466	0.00205114
0.55894	-0.0437928	0.0406124	0.00112063	-0.000391535	0.000930104
0.558939	-0.0437866	0.0406099	0.000701075	0.00123593	0.00018797
0.558941	-0.0437895	0.0406129	0.00135426	7.49365e-05	0.00112672
0.558939	-0.0437877	0.0406084	0.000287448	0.000777036	-0.000607001
0.558939	-0.0437903	0.0406104	0.000261413	0.000103452	0.000297847
0.558942	-0.0437916	0.0406137	0.001321	-0.000610606	0.00133256
0.55894	-0.0437887	0.0406084	9.47417e-05	0.000850353	-0.000848381
0.558942	-0.0437905	0.040612	0.000659651	-0.000767401	0.000739256
0.558942	-0.043786	0.0406128	0.000702509	0.00118168	0.000640126
0.558942	-0.0437852	0.0406104	-3.96686e-05	0.00107133	-0.000530016
0.558942	-0.0437867	0.040612	0.000226376	0.000282274	0.000255583
0.558942	-0.0437879	0.0406127	0.000334969	-0.000180127	0.000489488
0.558942	-0.0437899	0.0406123	0.000132897	-0.000769984	0.000244092
0.558942	-0.0437892	0.0406126	0.00022437	0.000139481	0.000277656
0.558939	-0.043785	0.0406089	-0.000717327	0.000794802	-0.000992923
0.55894	-0.0437869	0.0406104	-0.000265047	9.71541e-05	-0.000191639
0.55894	-0.0437901	0.0406109	-0.000190312	-0.000974211	3.40254e-05
0.55894	-0.0437844	0.04061	-6.97818e-05	0.000919408	-0.0001406
0.558942	-0.0437878	0.0406131	0.000453815	-0.000324211	0.000488242
0.558941	-0.0437863	0.0406104	4.06053e-06	0.000772194	-0.00047191
0.558939	-0.0437884	0.0406082	-0.000711555	-0.000796357	-0.000857853
0.558942	-0.043791	0.0406119	0.000391538	-0.00121231	0.000598929
0.558942	-0.0437892	0.040612	0.000343246	0.000219166	0.000402868
0.558941	-0.0437888	0.0406104	-2.14909e-05	5.08379e-05	-0.000196758
0.55894	-0.043789	0.0406092	-0.000263529	-8.17094e-05	-0.000589763
0.558942	-0.0437882	0.0406106	0.000449947	0.000164502	0.000275141
0.558937	-0.0437855	0.040606	-0.00126581	0.000631157	-0.00129401
0.558939	-0.043787	0.0406104	-0.0001978	0.00016823	0.000409331
0.558939	-0.0437887	0.0406077	-2.5225e-05	-0.000410466	-0.000544338
0.558938	-0.0437892	0.0406091	-0.000413384	-0.000385358	-4.30365e-06
0.55894	-0.0437901	0.040609	0.000308885	-0.000110349	-6.84298e-06
0.558938	-0.0437897	0.0406092	-0.000377896	-0.000230257	2.8361e-06
0.558943	-0.0437897	0.0406131	0.00129764	-0.000195085	0.0013364
0.55894	-0.0437888	0.0406105	-0.000113049	0.000136543	6.61435e-05
0.558941	-0.0437883	0.0406117	6.10904e-05	0.000616263	0.000225542
0.558939	-0.0437892	0.0406094	-0.000627065	0.000189464	-0.00054416
0.558938	-0.0437916	0.0406086	-0.000619024	-0.00101047	-0.000616694
0.558941	-0.0437902	0.0406108	0.000575342	-0.000312458	0.000324225
0.558942	-0.0437895	0.0406131	-0.000765308	-0.000713979	-0.00190289
0.558941	-0.0437916	0.0406107	-0.000871209	-0.00124277	-0.00233999
0.55894	-0.0437904	0.0406099	-0.00137882	-0.000480015	-0.00209338
0.55894	-0.043789	0.0406098	-0.000955329	0.000155898	-0.00153517
0.558942	-0.043791	0.0406134	0.000140434	-0.000610776	1.91688e-05
0.558941	-0.0437868	0.0406121	-0.000404992	0.000979577	-0.000522196
0.55894	-0.0437843	0.0406105	-0.000448586	0.00108109	-0.00082986
0.558942	-0.0437882	0.0406107	0.000159806	-0.000725182	-0.000463872
0.558942	-0.0437921	0.0406113	-0.000260476	-0.00115595	-0.000378441
0.558942	-0.0437896	0.0406113	0.000172357	0.000388179	-0.000259817
0.55894	-0.0437863	0.0406085	-0.000536637	0.00108669	-0.00104875
0.55894	-0.0437875	0.0406083	-0.000405542	0.000192334	-0.000710089
0.558942	-0.0437898	0.0406106	0.000297565	-0.000673878	0.000201454
0.558942	-0.0437938	0.0406149	0.000359197	-0.00142233	0.00163182
0.558942	-0.0437917	0.0406114	0.000193067	-0.000513011	-7.48e-05
0.558939	-0.0437875	0.0406106	-0.00077805	0.000965423	-0.000420643
0.558942	-0.0437865	0.0406119	0.000593574	0.0010018	0.00019898
0.558941	-0.04379	0.0406122	9.967e-05	-0.000489348	0.000269496
0.558941	-0.0437902	0.040611	-0.000120582	-0.00041372	-0.000240271
0.558939	-0.0437845	0.0406088	-0.00068288	0.00160271	-0.000967344
0.558942	-0.043793	0.0406135	0.000473508	-0.00175956	0.000968196
0.558942	-0.0437905	0.0406131	0.000336601	0.000492382	0.000397528
0.55894	-0.0437928	0.040609	-0.000591908	-0.000631805	-0.0010769
0.558939	-0.0437928	0.0406103	-0.000417826	-0.000863018	-0.000180575
0.55894	-0.0437904	0.0406099	-0.000324569	0.00046709	-0.000329682
0.558942	-0.0437918	0.0406122	0.000494741	-0.00046919	0.000669885
0.55894	-0.0437874	0.040611	-6.0796e-05	0.00110058	3.92972e-05
0.55894	-0.0437914	0.0406112	-0.00015259	-0.000302255	1.92809e-06
0.558943	-0.0437896	0.0406145	0.000844333	0.000164495	0.00116837
0.558941	-0.043788	0.0406128	7.47477e-05	0.000965527	0.000228716
0.558938	-0.0437929	0.0406093	-0.00105208	-0.00131002	-0.00111172
0.558941	-0.0437926	0.0406133	0.000277716	-0.000539568	0.000570145
0.55894	-0.0437922	0.0406098	-0.00011997	-0.000456282	-0.000702077
0.558941	-0.0437918	0.0406105	0.000334128	-0.000297011	-0.000172913
0.558941	-0.0437919	0.04061	0.00012693	-0.000204537	-0.000296739
0.558942	-0.0437882	0.0406112	0.000382874	0.0010388	0.000120093
0.558942	-0.0437929	0.0406126	0.000478158	-0.00437323	0.00175885
0.55894	-0.0437916	0.0406095	-0.000132111	-0.00241004	0.000311163
0.55894	-0.043789	0.0406112	-3.70713e-05	-0.00122879	0.000798704
0.55894	-0.0437898	0.0406113	-7.16115e-06	-0.000983646	0.000590656
0.558936	-0.0437903	0.0406071	-0.00132603	-0.00124217	-0.000944849
0.558942	-0.0437879	0.0406121	0.000947644	0.000206026	0.00103149
0.558939	-0.0437926	0.0406111	-0.000186898	-0.00173406	0.000462271
0.558938	-0.043788	0.0406085	-0.000439333	0.000239646	-0.000501769
0.558938	-0.0437921	0.0406095	-0.000177785	-0.00091378	4.55698e-05
0.558939	-0.0437847	0.04061	7.04447e-05	0.00153937	0.000109832
0.558941	-0.0437897	0.0406112	0.000732311	-0.000318617	0.000521743
0.55894	-0.0437861	0.0406101	0.000156712	0.000671206	1.9668e-05
0.558939	-0.0437924	0.0406096	-0.000213042	-0.00173753	-0.00015484
0.558941	-0.0437915	0.0406107	0.000665839	-0.000523689	0.000266951
0.558938	-0.0437868	0.0406073	-0.000671393	0.000924736	-0.00102646
0.558941	-0.0437912	0.0406119	0.000182259	-0.000670402	0.00063696
0.55894	-0.0437917	0.040611	2.55207e-05	-0.000447211	0.000241191
0.55894	-0.0437861	0.0406106	0.000138639	0.00126521	0.000158441
0.558942	-0.0437916	0.0406131	0.000638316	-0.00114888	0.000900126
0.558937	-0.043791	0.0406071	-0.00114734	-0.000180856	-0.00136023
0.55894	-0.0437891	0.0406113	0.000279552	0.00021013	0.0004558
0.558939	-0.0437921	0.0406098	0.00241896	0.000265002	0.00135305
0.55894	-0.0437892	0.0406107	0.00237106	0.000920943	0.00130217
0.55894	-0.0437844	0.0406092	0.00162486	0.00219178	0.000558973
0.558941	-0.0437872	0.0406105	0.00167054	0.000138028	0.000967419
0.558941	-0.0437865	0.0406116	0.00108716	0.000620128	0.000933003
0.55894	-0.04379	0.04061	0.000480303	-0.000239116	0.000113587
0.558942	-0.0437911	0.0406131	0.00118904	-0.000342713	0.00121584
0.55894	-0.0437895	0.0406082	0.000281186	2.94446e-06	-0.000787713
0.558941	-0.0437882	0.0406103	0.000258318	0.000612519	8.12514e-06
0.55894	-0.0437894	0.0406091	3.12526e-05	-0.00019356	-0.00024144
0.558941	-0.0437838	0.0406112	0.000563524	0.00165721	0.000584792
0.55894	-0.0437884	0.0406115	-0.000241004	-9.58558e-05	0.000434694
0.55894	-0.0437888	0.0406111	7.85015e-05	-4.36348e-05	0.000220376
0.558937	-0.0437946	0.0406082	-0.000882878	-0.00192363	-0.000817336
0.558939	-0.0437924	0.040611	-0.000108097	-0.00053901	0.000328143
0.558939	-0.0437862	0.0406089	1.39538e-05	0.00167524	-0.000514464
0.558944	-0.0437878	0.0406128	0.00151205	0.000608627	0.000972197
0.558941	-0.0437891	0.0406103	2.28896e-05	-0.000450677	-6.64145e-05
0.55894	-0.0437875	0.0406094	-0.00042206	0.000106163	-0.000433847
0.558942	-0.0437893	0.0406137	0.000755445	-0.000127523	0.00121107
0.558942	-0.0437871	0.0406114	0.000102476	0.000335746	-2.38219e-05
0.55894	-0.0437886	0.040609	-0.000333917	-7.42338e-07	-0.000751425
0.55894	-0.0437858	0.0406096	-9.30075e-05	0.000629371	-0.000274227
0.558939	-0.0437874	0.0406079	-0.000664202	0.000196473	-0.000826267
0.558941	-0.0437902	0.0406103	0.000397765	-0.0006926	0.000210123
0.558939	-0.0437914	0.0406077	-0.00043253	-0.00118737	-0.000665398
0.558941	-0.0437887	0.0406097	2.45912e-06	-0.000167313	1.8588e-05
0.558941	-0.043787	0.0406115	9.44659e-05	0.000493662	0.000683469
0.558942	-0.0437865	0.0406101	0.000489316	0.000945502	9.83664e-05
0.558939	-0.0437897	0.0406094	-0.000337108	-0.00110179	2.56672e-05
0.55894	-0.0437884	0.0406104	-6.0571e-05	-0.000115349	0.000273665
0.558941	-0.0437868	0.0406116	0.000449919	0.000545765	0.000552283
0.55894	-0.0437883	0.0406098	-1.68941e-05	0.000280813	-0.000261369
0.558941	-0.0437874	0.0406103	8.69457e-05	0.000153125	2.07691e-05
0.55894	-0.0437903	0.0406096	-0.00010355	-0.000495678	-0.000246851
0.558942	-0.0437903	0.0406123	0.000389727	-0.000627991	0.000756228
0.558941	-0.043787	0.0406117	0.000211413	0.000602466	0.000299388
0.55894	-0.0437867	0.040611	-0.00023563	0.000794326	-2.94537e-05
0.558939	-0.0437889	0.0406108	-0.000740856	-0.000130386	-0.000450857
0.558938	-0.0437869	0.0406082	-0.000794679	0.000287827	-0.000932392
0.55894	-0.0437888	0.0406114	0.000492185	-0.00044321	0.00087603
0.558938	-0.0437929	0.0406066	-0.000879939	-0.00188396	-0.0014852
0.558944	-0.0437891	0.0406147	0.0015012	3.80014e-05	0.00172665
0.55894	-0.0437887	0.0406122	-0.000230409	0.000181814	0.000328735
0.558942	-0.0437897	0.0406125	0.000422012	-0.000262882	0.000352545
0.558939	-0.0437903	0.0406083	0.00102285	0.000729591	0.00203108
0.558941	-0.0437887	0.0406127	0.00157222	0.000862145	0.00299978
0.558939	-0.0437907	0.0406099	0.000677395	-0.000102224	0.00131771
0.558938	-0.0437849	0.0406081	-6.06107e-06	0.00185202	0.000376
0.558941	-0.0437901	0.0406107	0.000978287	-0.000499682	0.00121346
0.558941	-0.0437884	0.0406114	0.000569421	0.000193965	0.00112072
0.55894	-0.0437905	0.0406118	0.000115185	-0.000538702	0.00093278
0.55894	-0.0437908	0.0406093	0.000234589	-0.000830931	-3.03389e-05
0.558939	-0.0437917	0.0406102	7.18991e-05	-0.000548112	0.000291511
0.558942	-0.0437894	0.0406123	0.000844937	0.000909088	0.000938175
0.55894	-0.0437909	0.0406105	-0.000134011	-0.000139735	-4.62092e-05
0.558938	-0.0437913	0.0406071	-0.00074242	-0.000305503	-0.00117266
0.55894	-0.0437874	0.040609	0.00309173	0.00193366	0.00147215
0.558939	-0.0437885	0.04061	0.00190154	0.0013234	0.00142464
0.55894	-0.0437874	0.040611	0.0017123	0.000943899	0.00100831
0.558941	-0.0437902	0.0406117	0.00141542	-0.000270169	0.00119108
0.558942	-0.0437867	0.0406105	0.00157267	0.00102576	0.000640474
0.558939	-0.0437877	0.0406085	0.000177659	0.00036856	-0.000245255
0.558941	-0.0437898	0.0406127	0.000844804	-0.000467981	0.00125886
0.558941	-0.0437865	0.0406107	0.000708552	0.00120079	0.000209315
0.558942	-0.0437883	0.040615	0.000723259	-6.67126e-05	0.00129862
0.558941	-0.0437886	0.0406105	0.000110976	-0.000214237	-0.000439184
0.558941	-0.0437856	0.0406105	0.000205127	0.000888157	-0.000145064
0.558941	-0.0437896	0.0406117	0.000319015	-0.000335686	0.000373142
0.55894	-0.0437902	0.0406114	-0.000130979	-0.000318116	6.62066e-05
0.55894	-0.0437907	0.0406114	-0.000120339	-0.000728467	4.85034e-05
0.558939	-0.0437908	0.0406086	-0.000574498	-0.000694917	-0.000888567
0.558939	-0.0437875	0.0406106	-0.000278072	0.000631816	6.4532e-05
0.558942	-0.0437866	0.0406119	0.000716255	0.000692701	0.000547028
0.55894	-0.0437906	0.0406108	-7.63491e-05	-0.000803521	4.12053e-05
0.55894	-0.0437886	0.0406099	-0.000194506	0.000499773	-0.000364489
0.558942	-0.0437853	0.0406124	0.000642286	0.00114437	0.000559846
0.558939	-0.0437865	0.0406081	-0.000590794	-0.000163216	-0.000886941
0.558942	-0.0437889	0.0406118	0.000452159	-0.000278623	0.000534855
0.558942	-0.04379	0.0406121	0.000326554	-0.000706138	0.000407744
0.55894	-0.043789	0.0406092	-0.000305802	-0.000171232	-0.00069956
0.558943	-0.0437904	0.0406144	0.0010072	-0.000187618	0.00132841
0.558941	-0.04379	0.0406106	-0.000258934	6.27463e-05	-0.000426026
0.55894	-0.043788	0.0406107	-0.000339072	1.12118e-05	-4.74824e-05
0.55894	-0.0437919	0.0406095	-0.00026027	-0.00109859	-0.000521936
0.558937	-0.0437877	0.0406072	-0.00110151	0.00106906	-0.00121633
0.558937	-0.0437912	0.0406081	-0.000623318	-0.000321789	-0.000444566
0.558937	-0.0437899	0.0406077	-0.000704768	0.000299628	-0.00041223
0.558942	-0.0437873	0.040612	0.00112942	0.000659413	0.00106605
0.55894	-0.0437907	0.0406105	0.000198185	-0.000794582	0.000268415
0.558941	-0.0437933	0.0406132	0.000299381	-0.00149348	0.000758487
0.558941	-0.0437894	0.0406108	0.000239583	0.00112075	-0.000285258
0.558941	-0.0437939	0.0406132	2.33502e-05	-0.0013656	0.00041593
0.55894	-0.0437902	0.0406092	-0.000139266	0.000588312	-0.000794282
0.558942	-0.0437903	0.0406132	0.000720305	8.19294e-05	0.000996618
0.558939	-0.0437925	0.0406086	-0.000734433	-0.000812318	-0.000902542
0.55894	-0.0437903	0.0406079	-0.000207238	0.000526157	-0.000811407
0.558939	-0.0437925	0.0406098	-0.000617281	-0.000756286	-0.000115528
0.558938	-0.0437865	0.0406076	-0.000530783	0.00147705	-0.00067648
0.558941	-0.0437887	0.0406105	0.00108961	-0.00323792	0.00187999
0.558939	-0.0437904	0.0406083	0.000124663	-0.00267618	0.000690194
0.558939	-0.0437939	0.0406103	5.16805e-05	-0.00308132	0.00114474
0.558941	-0.0437857	0.0406112	0.000975514	0.000223059	0.00116101
0.558939	-0.0437922	0.0406085	-0.000278453	-0.00188303	-0.000146842
0.558938	-0.0437929	0.0406086	-8.71863e-05	-0.00184121	0.000136608
0.558939	-0.0437938	0.0406104	0.000126025	-0.00174095	0.000561451
0.558939	-0.0437901	0.0406092	5.14443e-05	0.000380181	3.98142e-05
0.558942	-0.0437898	0.0406131	0.00101147	2.86641e-05	0.00137858
0.558942	-0.0437892	0.0406135	0.000420605	0.000481543	0.000954415
0.558939	-0.0437897	0.0406099	-0.000656536	-0.000161525	-0.000571407
0.558939	-0.0437924	0.0406116	-0.000170797	-0.00105988	0.000271878
0.558939	-0.0437909	0.0406092	-0.000250469	-0.000291882	-0.000690898
0.55894	-0.0437858	0.0406082	5.44361e-05	0.00144739	-0.000794355
0.558941	-0.0437883	0.0406135	0.000308532	0.000135425	0.00121436
0.55894	-0.0437904	0.040608	-0.000174803	-0.00019085	-0.0010142
0.558942	-0.0437901	0.0406122	0.000622745	-0.00031454	0.000728887
0.558941	-0.04379	0.0406104	0.000112612	0.000163253	-3.65289e-05
0.558942	-0.0437917	0.0406126	0.000405015	-0.000820629	0.000670813
0.558939	-0.0437921	0.0406112	-0.000598716	-0.000800417	-3.70192e-05
0.558937	-0.0437897	0.0406083	-0.00111206	0.000276115	-0.000924324
0.55894	-0.0437897	0.0406113	0.00037505	0.000518921	0.000335205
0.55894	-0.0437909	0.0406098	0.000192398	-0.00026061	-0.000310705
0.55894	-0.0437916	0.0406111	0.000144207	-6.6814e-05	0.000320693
0.558941	-0.0437874	0.0406096	0.000247679	0.00102678	-0.000207325
0.558941	-0.0437888	0.0406125	0.000212373	0.000106071	0.000592715
0.558938	-0.0437909	0.0406093	-0.000759059	-0.000672391	-0.000665614
0.55894	-0.0437887	0.0406111	0.000201222	0.000312037	0.000244037
0.558941	-0.0437854	0.04061	0.000257315	0.00124053	-0.000269111
0.558942	-0.0437851	0.040611	0.000486331	0.000900473	-0.000118852
0.55894	-0.0437913	0.0406125	-0.000257	-0.00103673	0.000572565
0.558944	-0.0437891	0.0406155	0.000986722	0.000152844	0.00144608
0.558941	-0.0437933	0.0406116	-0.000494833	-0.00137156	-0.000469819
0.558943	-0.04379	0.0406126	0.00053053	-5.21557e-05	0.000193677
0.558941	-0.0437903	0.0406114	-7.89863e-05	-0.000260969	-0.000169446
0.55894	-0.0437903	0.0406116	-0.000286764	-0.000172042	-4.74092e-05
0.558942	-0.0437899	0.040612	0.000130824	-5.35438e-06	1.93957e-05
0.558942	-0.0437862	0.0406114	8.14152e-05	0.0015678	-0.000199414
0.558943	-0.043791	0.0406151	0.000614624	-0.000817205	0.00118164
0.558941	-0.0437882	0.0406115	-0.000166688	0.000278325	-0.000475974
0.558939	-0.0437904	0.0406086	-0.000965804	-0.000164892	-0.00130904
0.558941	-0.0437868	0.0406121	6.02645e-05	0.0012491	0.00030462
0.558942	-0.043787	0.0406125	0.000448652	0.000418275	0.000463041
0.558942	-0.0437914	0.040613	0.000214624	-0.00136321	0.000390929
0.558941	-0.0437913	0.0406106	-0.000259077	-0.000488344	-0.000571137
0.558941	-0.0437883	0.0406123	-7.06053e-05	0.000800084	0.000156262
0.558942	-0.0437931	0.0406126	-0.00156385	-0.00173114	-0.00293107
0.558939	-0.0437907	0.0406097	-0.00186517	-0.000414189	-0.00308699
0.55894	-0.0437895	0.0406098	-0.00135028	-0.000300407	-0.00226005
0.558938	-0.043788	0.0406087	-0.00145122	0.000142289	-0.00206025
0.55894	-0.0437889	0.0406089	-0.000421172	-0.000305627	-0.00132923
0.558939	-0.0437891	0.0406084	-0.000708687	-0.000338819	-0.00117425
0.55894	-0.0437901	0.0406109	-1.58287e-05	-0.00054915	0.000103684
0.558941	-0.0437899	0.040611	0.000226818	-0.000339482	-3.22058e-05
0.558942	-0.043791	0.0406126	0.000383586	-0.000149059	0.000412646
0.558939	-0.0437906	0.0406108	-0.000614693	0.000174733	-0.000370571
0.558941	-0.0437874	0.04061	4.43033e-05	0.000762454	-0.000499484
0.55894	-0.0437903	0.0406112	-0.000381143	-0.000148721	4.33494e-05
0.55894	-0.0437905	0.0406093	-2.20022e-05	-5.69883e-05	-0.000633011
0.558941	-0.0437903	0.0406115	9.75179e-05	5.48804e-05	0.000288204
0.558944	-0.0437925	0.0406146	0.00105608	-0.000689534	0.0012274
0.558941	-0.0437924	0.04061	-0.000833953	0.00262752	-0.00205032
0.558942	-0.043788	0.0406114	0.000126419	0.00383103	-0.000943229
0.558941	-0.0437905	0.040613	-0.000282189	0.00168535	-7.9478e-05
0.558939	-0.0437896	0.0406107	-0.000840712	0.00107641	-0.00078449
0.558944	-0.0437904	0.040615	0.000971911	0.000788117	0.000767075
0.558942	-0.0437864	0.040612	-5.95351e-05	0.00197253	-0.000563832
0.55894	-0.0437888	0.0406099	-0.000784926	0.000615313	-0.00110981
0.55894	-0.0437886	0.0406098	-0.000208971	0.000602054	-0.00071813
0.558938	-0.0437936	0.0406102	-0.00219859	-0.00127757	-0.00132193
0.558942	-0.0437898	0.0406143	-0.000122986	0.000236911	0.000526317
0.558941	-0.0437898	0.0406108	-0.000441678	0.000489345	-0.000859205
0.558939	-0.0437911	0.0406081	-0.000946645	9.49199e-05	-0.00114287
0.558941	-0.0437915	0.0406124	-2.60553e-05	-0.000124803	0.00043052
0.558939	-0.0437894	0.040608	-0.00077651	0.000642285	-0.00127967
0.558941	-0.0437871	0.0406112	3.2194e-05	0.00116729	0.000184937
0.55894	-0.0437883	0.0406096	-0.000293938	-0.000385746	-0.000320435
0.55894	-0.04379	0.0406104	-0.000110987	-0.000270381	-3.48082e-05
0.558938	-0.043794	0.0406096	-0.000583293	-0.0013128	-0.000269479
0.558941	-0.0437916	0.0406132	0.000562804	-2.92978e-05	0.000971673
0.558941	-0.0437938	0.0406123	0.000399485	-0.0011591	0.000321745
0.558942	-0.0437877	0.0406128	0.000509916	0.00150897	0.00037903
0.558941	-0.0437897	0.0406114	0.000260796	0.000508094	0.000216953
0.55894	-0.043792	0.0406115	-0.000278133	-0.00042052	-0.000127672
0.55894	-0.0437891	0.0406111	-0.000272908	0.000233381	-0.000291939
0.558938	-0.0437892	0.0406065	-0.000988896	0.000361459	-0.00176666
0.558939	-0.043792	0.0406099	-0.000145643	-0.00057886	-7.28643e-05
0.55894	-0.0437907	0.0406098	0.000597289	-0.00376174	0.00123555
0.558941	-0.0437902	0.0406106	0.000589867	-0.00279525	0.00115896
0.558941	-0.0437868	0.0406117	0.000419306	-0.000964851	0.00131271
0.558939	-0.0437904	0.0406085	-0.000367893	-0.00162756	-0.000251022
0.558941	-0.043789	0.0406105	0.000370896	-0.000995191	0.000523166
0.55894	-0.0437918	0.0406105	-0.00108461	-0.00168689	-0.000337735
0.558939	-0.0437907	0.0406098	-0.000857973	-0.000706816	-0.000442074
0.558942	-0.0437884	0.0406112	-0.000174517	0.000112869	-9.5667e-05
0.55894	-0.0437881	0.0406081	-0.000659991	-0.000209183	-0.00100113
0.55894	-0.0437888	0.04061	-0.000420382	-0.000113134	-4.60297e-06
0.558941	-0.0437868	0.0406122	0.000167659	0.000657048	0.000739012
0.558941	-0.0437905	0.0406108	8.15739e-05	-0.0012429	0.000162178
0.55894	-0.0437889	0.0406085	-0.000330748	-0.000426715	-0.000595962
0.558942	-0.0437898	0.0406123	-0.00261471	-0.0015066	-0.000903652
0.558941	-0.0437913	0.0406098	-0.00218254	-0.0011822	-0.00161663
0.558939	-0.0437897	0.0406098	-0.00246824	-0.000585469	-0.00120199
0.558941	-0.0437913	0.0406127	-0.00104092	-0.000635212	6.94663e-05
0.558939	-0.0437894	0.0406079	-0.00156638	0.000275995	-0.00158641
0.558942	-0.0437897	0.0406128	3.61426e-05	9.11954e-05	0.000537358
0.558939	-0.04379	0.0406088	-0.00104361	-0.000428739	-0.000940107
0.558939	-0.0437919	0.0406105	-0.000795038	-0.000730762	-0.000141015
0.558939	-0.0437864	0.0406095	-0.00059464	0.00101245	-0.000436894
0.558939	-0.0437903	0.0406105	-0.000381571	-0.000313824	-8.14248e-06
0.55894	-0.043789	0.0406108	0.000142141	-6.88417e-05	9.66157e-05
0.55894	-0.0437842	0.040609	-9.71786e-05	0.00185997	-0.00056841
0.558942	-0.0437899	0.040612	0.000586311	-0.000570554	0.000636812
0.558939	-0.0437879	0.0406083	-0.000333355	0.00041673	-0.00047913
0.55894	-0.0437872	0.0406104	5.50313e-05	0.000401268	0.000159327
0.558941	-0.043792	0.0406128	0.000342532	-0.00170188	0.000956248
0.558939	-0.0437888	0.0406092	-0.000376012	0.000207988	-0.000678924
0.55894	-0.0437891	0.0406089	0.000388802	-0.00338938	0.000751889
0.558942	-0.0437882	0.0406125	0.000942391	-0.00223542	0.00180616
0.558939	-0.0437907	0.0406105	-0.000377582	-0.0026023	0.000549745
0.558941	-0.0437902	0.0406116	0.000588851	-0.00215933	0.000903532
0.55894	-0.0437853	0.0406105	-9.99527e-06	0.000369571	0.00018806
0.558941	-0.0437902	0.0406117	0.000387064	-0.00177978	0.000591932
0.558941	-0.043789	0.0406088	0.000213121	-0.000857409	-0.000267952
0.558941	-0.0437898	0.0406105	-0.00024081	-0.000375934	-0.00044368
0.558942	-0.0437865	0.0406141	0.000257043	0.000937502	0.000875183
0.558942	-0.0437913	0.0406141	2.09656e-05	-0.00095188	0.000567097
0.558941	-0.0437888	0.0406116	-2.7073e-05	-0.000207375	-0.00031463
0.55894	-0.0437857	0.0406109	-0.000616369	0.000743748	-0.000386221
0.558943	-0.0437892	0.0406147	0.000679643	-0.000717215	0.000874949
0.558938	-0.0437925	0.0406111	-0.00111237	-0.0015803	-0.000635962
0.558943	-0.0437919	0.040614	0.000879271	-0.000473007	0.000519525
0.558941	-0.0437874	0.0406106	-0.000166393	0.000902249	-0.000779208
0.558944	-0.0437857	0.0406148	0.000917829	0.00104226	0.000885773
0.558942	-0.0437867	0.0406115	-0.000262766	0.000358025	-0.000535651
0.55894	-0.0437873	0.0406098	-0.000562705	0.000129825	-0.000568219
0.558941	-0.0437897	0.0406102	-0.000181543	-0.000435356	-0.000443931
0.558944	-0.0437864	0.0406139	0.00117356	-0.00298756	0.00208738
0.558939	-0.0437935	0.0406112	-0.000670835	-0.00432909	0.0005584
0.558942	-0.0437911	0.0406131	0.000604582	-0.00221841	0.00118292
0.558939	-0.0437923	0.0406106	-0.000662377	-0.00202358	-6.57783e-05
0.55894	-0.0437895	0.0406104	-0.000157836	-0.000948321	-7.11221e-05
0.558941	-0.04379	0.0406118	0.000154186	-0.000610371	0.00044448
0.558937	-0.0437932	0.040607	-0.00109813	-0.00142838	-0.00129747
0.558941	-0.0437892	0.0406114	0.000449565	-3.18409e-05	0.00063162
0.55894	-0.043789	0.040609	0.000255046	-0.000136022	-0.000236718
0.558939	-0.0437905	0.0406085	-0.000277896	-0.000256162	-0.000399684
0.558942	-0.0437914	0.0406124	0.00072489	-0.000376487	0.00102864
0.55894	-0.0437908	0.0406124	-3.42154e-05	-0.000416086	0.0007465
0.558942	-0.0437881	0.0406134	0.000756595	0.000494629	0.000771982
0.55894	-0.0437854	0.0406093	-7.15948e-05	-0.00202685	0.000392345
0.558939	-0.0437906	0.0406106	-0.000174934	-0.00321373	0.000806293
0.558943	-0.0437884	0.0406126	0.0011175	-0.00200363	0.00128197
0.558942	-0.0437864	0.0406115	0.000623904	-0.000533197	0.000543665
0.55894	-0.0437906	0.0406113	-0.000264565	-0.00221361	0.000343473
0.55894	-0.0437903	0.0406105	-0.000279115	-0.00116177	-1.44405e-05
0.558942	-0.0437883	0.0406121	0.000463725	-9.38153e-05	0.000546177
0.558941	-0.0437843	0.0406087	-0.000204185	0.00438557	-0.00177868
0.558939	-0.0437906	0.0406098	-0.00106537	0.000930948	-0.00103355
0.558939	-0.0437935	0.0406092	-0.000597893	0.000229799	-0.0010416
0.55894	-0.0437888	0.0406085	-0.000165488	0.00195802	-0.000953234
0.558938	-0.0437899	0.0406093	-0.0005535	0.000730407	-0.000296563
0.558942	-0.043791	0.0406111	0.000758658	0.000446739	0.000293788
0.558936	-0.0437887	0.0406066	-0.00139238	0.000792306	-0.00136239
0.55894	-0.043792	0.0406104	0.000191511	-0.000630701	0.00034137
0.558942	-0.0437878	0.0406116	0.000686465	0.00139876	0.000513672
0.558937	-0.0437897	0.0406081	-0.00101285	0.00048426	-0.000792503
0.558941	-0.0437903	0.0406109	0.000847436	0.000273181	0.000782397
0.558942	-0.043787	0.0406117	0.000708091	0.00126253	0.000557185
0.558939	-0.0437899	0.0406091	0.00126109	0.000178177	0.0025295
0.558939	-0.043789	0.0406092	0.000757247	0.000698339	0.00198886
0.558938	-0.0437884	0.0406075	0.00074643	0.000538239	0.00126202
0.558941	-0.0437901	0.0406129	0.00134152	-0.000327692	0.00255742
0.558941	-0.043791	0.0406115	0.000992464	-0.000153876	0.00125842
0.55894	-0.0437904	0.0406124	0.000320501	0.000284091	0.00126742
0.558936	-0.0437891	0.0406078	-0.00117279	0.000245863	-0.00067834
0.558942	-0.0437885	0.0406111	0.00118221	0.000266462	0.000668521
0.558937	-0.0437923	0.0406078	-0.000629723	-0.000784569	-0.000602184
0.55894	-0.0437889	0.0406101	0.000406691	0.000771119	0.000359544
0.558941	-0.0437861	0.0406105	0.000740087	0.00115374	0.000491486
0.55894	-0.0437906	0.0406102	0.00014756	-0.000811981	0.000527755
0.55894	-0.0437876	0.0406109	-0.000104538	0.000367822	0.000342631
0.55894	-0.0437856	0.0406082	0.000116423	0.000824519	-0.000602551
0.558938	-0.0437876	0.040609	-0.000477245	-0.00013644	-0.000224099
0.558943	-0.0437874	0.0406138	0.00111514	0.000369684	0.00142231
0.558941	-0.0437916	0.0406107	9.77552e-05	-0.000988758	-0.000136631
0.558939	-0.0437909	0.0406107	-0.000484578	-0.000785113	-6.45744e-05
0.558941	-0.043788	0.0406114	0.000433308	0.000751741	0.000188093
0.558941	-0.0437918	0.0406113	0.000181911	-0.000650109	5.8548e-05
0.558939	-0.0437923	0.0406113	-0.000462575	-0.000579664	4.41124e-05
0.558941	-0.043792	0.0406124	0.000141686	-0.000282287	0.000400044
0.558938	-0.0437885	0.0406065	-0.000863726	0.000553905	-0.00167684
0.558941	-0.0437899	0.0406101	0.000364997	0.000206178	7.98564e-05
0.558941	-0.0437918	0.0406106	0.000269168	-0.000393481	0.000217677
0.558941	-0.0437845	0.0406091	0.000155487	0.00175745	-0.000202408
0.558941	-0.0437883	0.0406105	0.000239842	0.000187929	0.000237168
0.558941	-0.0437886	0.0406121	0.000105107	-0.000294616	0.000665168
0.558941	-0.0437856	0.0406114	-2.18747e-06	0.000731899	0.000166294
0.558942	-0.0437894	0.0406124	0.000366937	-0.000445519	0.000480763
0.558942	-0.0437879	0.040613	0.000440353	0.000362699	0.000480395
0.558941	-0.0437872	0.0406092	-4.02533e-05	0.000557427	-0.000859822
0.55894	-0.0437891	0.0406091	-0.000444416	-0.000292361	-0.000661883
0.558941	-0.0437909	0.0406109	3.92218e-06	-0.00114098	0.000235802
0.55894	-0.0437918	0.0406116	-0.000545351	0.00278988	-0.000873175
0.55894	-0.0437904	0.0406118	-0.000354606	0.00267537	-0.000687106
0.558941	-0.0437889	0.0406127	-0.000107166	0.00212543	-0.000262938
0.55894	-0.04379	0.0406113	-0.000338655	0.00146821	-0.000693049
0.55894	-0.0437903	0.0406113	-0.000273011	0.00109423	-0.000529653
0.55894	-0.0437937	0.0406098	-0.000226387	-0.00028273	-0.000876683
0.558938	-0.0437944	0.0406084	-0.000992283	-0.000380269	-0.00106407
0.558939	-0.0437881	0.0406079	-0.000321435	0.00149886	-0.000872072
0.55894	-0.0437915	0.0406113	0.000296005	0.00021897	0.000510224
0.55894	-0.0437909	0.0406088	0.000111991	8.05493e-05	-0.000362103
0.558941	-0.0437901	0.0406113	0.000668668	0.000283363	0.000859728
0.558942	-0.0437884	0.0406116	0.000388821	0.000717804	0.000385799
0.558939	-0.0437903	0.0406105	-0.000576553	0.000239017	-0.000205333
0.558941	-0.0437921	0.0406118	0.000340713	-0.000720699	0.000246198
0.558941	-0.0437914	0.0406099	0.000198534	8.0775e-05	-0.000470757
0.55894	-0.0437901	0.0406113	-0.000119702	0.000539254	0.000176669
0.558939	-0.0437909	0.0406085	-0.00349171	-0.000726589	-0.00241038
0.558941	-0.0437903	0.0406123	-0.00165786	-0.000222607	-0.000124648
0.558939	-0.0437898	0.0406063	-0.00218237	-8.91244e-05	-0.00242269
0.55894	-0.0437919	0.0406112	-0.00114438	-0.000849026	-0.000140909
0.55894	-0.0437906	0.0406099	-0.00107252	-0.000202469	-0.000605302
0.558942	-0.0437903	0.0406112	4.57548e-05	-0.000592854	8.396e-05
0.55894	-0.0437872	0.0406108	-0.000506425	0.000465779	4.26727e-05
0.55894	-0.0437898	0.0406116	-0.000640688	-0.000214435	7.88602e-05
0.55894	-0.0437846	0.0406095	-0.000382542	0.00134005	-0.000638513
0.55894	-0.04379	0.0406103	2.51171e-05	-0.000582874	-8.31824e-05
0.558941	-0.0437873	0.04061	1.14336e-05	0.000148293	-0.000203704
0.558941	-0.0437915	0.0406119	0.00101578	-0.000669882	0.0012038
0.55894	-0.0437922	0.0406119	0.000685753	-0.000951114	0.00083745
0.558941	-0.0437868	0.04061	0.000619153	0.00148607	-2.93809e-05
0.55894	-0.0437906	0.0406099	8.91869e-05	-0.000153723	-9.17028e-06
0.55894	-0.043791	0.0406106	0.000213277	-0.000606871	0.000249655
0.558941	-0.0437915	0.0406106	0.000423506	-0.000275992	0.000180808
0.55894	-0.0437877	0.0406104	5.86923e-05	0.000791886	3.97386e-05
0.558941	-0.0437884	0.0406107	0.000378771	0.000568497	0.000140578
0.558938	-0.0437909	0.0406087	-0.000710152	-0.000354614	-0.000551949
0.558943	-0.0437902	0.040614	0.00102346	-0.000337644	0.00140311
0.558944	-0.0437875	0.0406154	0.000877818	0.00409245	0.000158742
0.558936	-0.0437915	0.0406062	-0.00203826	0.00210992	-0.00271306
0.558941	-0.0437893	0.0406098	-0.00266769	0.00126809	-0.00214461
0.55894	-0.0437901	0.0406108	-0.00236052	0.000883991	-0.00160782
0.558941	-0.0437901	0.0406113	-0.00176658	0.000680314	-0.00122041
0.558941	-0.0437885	0.040611	-0.00101641	0.00110593	-0.00101533
0.558942	-0.0437866	0.0406124	-0.000464118	0.00139979	-0.000270401
0.558942	-0.0437898	0.0406126	-0.000438517	-0.000128416	-0.000169543
0.558941	-0.0437857	0.0406127	-0.000564293	0.000928283	-0.000123628
0.558941	-0.0437896	0.0406115	-0.000402619	-0.000358799	-0.000516581
0.558941	-0.0437889	0.0406114	-0.000623346	-0.000356276	-0.000413835
0.55894	-0.0437917	0.0406105	-0.000635383	-0.000855925	-0.000572066
0.558941	-0.0437889	0.0406113	0.000131165	-0.00349238	0.00114023
0.558941	-0.043784	0.0406095	0.000142609	-0.00110612	0.0002261
0.558941	-0.0437894	0.0406127	0.000289962	-0.00237212	0.00129105
0.558942	-0.0437866	0.0406118	0.000605101	-0.000578075	0.000957927
0.558941	-0.0437884	0.0406118	-4.77691e-05	-0.00114277	0.000445931
0.558941	-0.0437918	0.0406119	-6.95578e-05	-0.00199729	0.000306264
0.558943	-0.0437866	0.0406134	0.000449403	-0.000142852	0.000503952
0.55894	-0.0437847	0.0406087	-0.000220077	0.000132045	-0.000612119
0.558943	-0.0437875	0.0406135	0.000499198	-0.000744254	0.000911504
0.558942	-0.043794	0.0406131	0.000124192	-0.00219243	0.000390694
0.558942	-0.043787	0.0406107	4.78728e-05	0.000620706	-0.000573015
0.558942	-0.0437898	0.0406126	2.01047e-05	-0.00067549	0.000255687
0.558942	-0.0437923	0.0406143	0.000318693	-0.000859146	0.000814582
0.558939	-0.0437882	0.0406091	-0.000928075	0.000525063	-0.00125072
0.558943	-0.0437889	0.040614	-0.00214671	-0.000491509	-0.000813011
0.558937	-0.0437899	0.0406069	-0.00356195	-0.000560553	-0.00270288
0.55894	-0.043789	0.0406096	-0.00188864	-0.000200868	-0.00120916
0.558942	-0.0437888	0.0406111	-0.000673057	-0.000465882	-0.000465428
0.558942	-0.0437881	0.0406115	0.00217215	0.00103729	0.0013071
0.55894	-0.0437925	0.0406106	0.0013921	-0.0045902	0.00189054
0.558941	-0.0437899	0.04061	0.00185876	-0.00202834	0.00167902
0.558939	-0.0437883	0.0406095	0.000316037	-0.00139715	0.000795427
0.55894	-0.0437917	0.0406104	0.000598597	-0.00198805	0.00082919
0.558939	-0.043791	0.0406093	-0.000113119	-0.00158557	0.000170668
0.558939	-0.0437889	0.0406082	0.000223187	-4.91657e-05	-0.000182378
0.55894	-0.043789	0.04061	0.000498373	-1.22524e-05	0.000546142
0.55894	-0.0437888	0.0406109	0.000546475	7.4819e-05	0.000691849
0.558941	-0.043787	0.0406117	0.000549565	0.000601473	0.000749788
0.55894	-0.0437876	0.0406082	5.07819e-05	0.000154114	-0.000630007
0.558942	-0.0437896	0.0406135	0.000900131	-0.000572314	0.00132356
0.558938	-0.0437917	0.0406084	-0.000919303	-0.00149718	-0.000764094
0.55894	-0.04379	0.0406113	0.000224942	-0.000158361	0.000445508
0.558939	-0.0437876	0.040608	0.00135816	0.00143749	0.00233489
0.558942	-0.0437899	0.0406137	0.00228725	-9.91451e-05	0.00380234
0.558942	-0.0437877	0.0406127	0.00149145	0.00100982	0.00234261
0.558942	-0.0437878	0.0406128	0.0010749	0.000713304	0.00170693
0.558942	-0.0437881	0.0406128	0.000779275	0.00046753	0.00125956
0.55894	-0.0437859	0.0406102	7.62502e-05	0.00112063	0.000420357
0.558941	-0.0437869	0.0406112	0.000393598	0.000409813	0.000397705
0.558943	-0.0437895	0.0406145	0.000803784	-0.000557514	0.00142455
0.558942	-0.0437873	0.040612	9.57858e-05	-5.68689e-05	6.07774e-05
0.558941	-0.0437854	0.0406097	-0.00024436	0.000874276	-0.000726368
0.558941	-0.04379	0.0406118	0.000130551	-0.000848876	0.000332309
0.558941	-0.0437892	0.0406114	9.08001e-05	-0.00422885	0.00128676
0.558942	-0.0437896	0.0406126	0.00057676	-0.00297986	0.00135745
0.558942	-0.0437914	0.0406126	0.000371524	-0.0027153	0.000988447
0.558943	-0.0437851	0.0406138	0.000669631	-0.000240076	0.00126807
0.55894	-0.0437902	0.0406098	-0.000660221	-0.00174864	-0.000518897
0.55894	-0.0437942	0.0406108	-0.000357348	-0.00282203	6.03904e-05
0.55894	-0.0437901	0.0406124	-0.000216815	-0.000312801	0.000396596
0.558943	-0.043788	0.0406133	0.00051993	0.000434553	0.000297572
0.55894	-0.0437889	0.0406111	-0.000482779	-1.53746e-06	-0.000244257
0.558942	-0.0437902	0.0406109	0.000664331	-0.000312703	0.000215807
0.558941	-0.0437933	0.040613	7.22975e-05	-0.00130652	0.000644943
0.558942	-0.0437885	0.0406129	0.000388109	0.000323386	0.000309034
0.558942	-0.0437881	0.0406115	1.82845e-05	0.000586319	-0.000267726
0.558941	-0.0437891	0.0406116	-0.00012819	-0.000169962	0.00022232
0.55894	-0.0437899	0.0406109	-0.000334556	-0.000225788	-0.000311124
0.55894	-0.0437886	0.0406112	-0.000182322	0.000373105	-0.000208743
0.558942	-0.04379	0.0406111	0.000347749	-0.000159874	-0.000184448
0.558939	-0.0437836	0.0406069	-0.000868198	0.00160761	-0.00151442
0.55894	-0.0437885	0.0406094	-0.000711113	-0.000460663	-0.000448651
0.55894	-0.043792	0.0406101	-7.36233e-05	-0.00126401	0.000102275
0.558942	-0.0437918	0.0406126	0.000707924	-0.00112496	0.000967976
0.558938	-0.0437908	0.0406099	-0.000829175	-8.75466e-05	-0.000253013
0.55894	-0.0437912	0.0406084	3.86225e-05	-0.000510072	-0.00065936
0.558943	-0.0437853	0.0406117	0.00106927	0.00115289	0.000800739
0.558942	-0.0437845	0.0406126	0.00040445	0.00120948	0.000883344
0.558941	-0.0437877	0.040611	-0.000277991	9.66846e-05	-0.000236222
0.558941	-0.0437922	0.0406115	4.53955e-05	-0.00147417	0.000437781
0.558942	-0.0437871	0.0406099	0.000127207	0.000590806	-0.000307399
0.558942	-0.0437855	0.0406114	0.000421392	0.000941203	0.000275279
0.558939	-0.0437893	0.0406098	-0.000692541	-0.000764685	-0.000370364
0.558941	-0.0437871	0.04061	0.000157764	0.000229417	-0.000195741
0.558938	-0.043791	0.0406083	-0.00061625	-0.00111196	-0.000336349
0.558941	-0.0437864	0.0406112	0.000665218	0.0011662	0.000487808
0.55894	-0.043789	0.0406107	-5.50036e-05	-0.000385997	9.61635e-05
0.558941	-0.0437902	0.0406111	0.000251423	-0.000751171	0.000173223
0.558943	-0.043786	0.0406142	0.000837351	0.000848775	0.00115962
0.55894	-0.0437933	0.040611	-0.000471769	-0.0014524	-0.000308476
0.558942	-0.043788	0.0406133	0.000467795	0.000913695	0.000533851
0.55894	-0.0437877	0.0406094	-0.000188712	0.000408264	-0.000571669
0.558938	-0.0437925	0.0406077	-0.000713302	-0.000992104	-0.000839955
0.55894	-0.0437889	0.0406116	-0.000158495	0.000580285	0.000409022
0.558938	-0.0437929	0.0406073	-0.000519112	-0.000851203	-0.000881143
0.558939	-0.0437939	0.0406092	-0.000220146	-0.000552264	-0.000385248
0.558941	-0.0437921	0.0406133	0.000573091	-6.03468e-05	0.0011087
0.558942	-0.0437886	0.0406113	0.000690368	0.00102779	8.9443e-05
0.558941	-0.0437888	0.0406127	0.000126288	0.000148196	0.000545224
0.55894	-0.0437885	0.0406115	-0.000418309	0.000476272	-6.77423e-05
0.558939	-0.0437929	0.0406082	-0.000373524	-0.00141584	-0.00106575
0.55894	-0.0437869	0.0406114	-8.48088e-05	0.00133716	0.000324048
0.558941	-0.0437936	0.0406106	0.000375046	-0.00117208	0.000287105
0.558941	-0.0437871	0.0406103	0.00037336	0.00140984	9.89962e-05
0.558942	-0.0437916	0.0406128	0.00044632	-0.000618433	0.000641233
0.558937	-0.0437949	0.0406096	-0.00128419	-0.00195359	-0.000714958
0.558941	-0.0437854	0.0406104	0.000558297	0.00180593	0.000111317
0.55894	-0.0437918	0.0406101	-0.000253629	-0.000609805	-0.00026461
0.558942	-0.0437879	0.0406134	0.000469353	0.000954654	0.000840206
0.558943	-0.0437896	0.0406146	0.000792096	0.000155974	0.000922268
0.55894	-0.0437891	0.04061	-0.00020049	-0.00322179	0.00030906
0.558942	-0.0437896	0.0406134	0.000775348	-0.00264277	0.0014697
0.55894	-0.0437892	0.0406099	-0.000366313	-0.00180855	-0.000116424
0.558939	-0.0437909	0.0406094	-0.000170853	-0.0018928	0.000165526
0.558943	-0.0437878	0.0406139	0.000943231	-0.00038795	0.00141369
0.55894	-0.0437922	0.0406123	-0.000332398	-0.001784	0.000434899
0.558941	-0.0437916	0.0406136	0.000485719	-0.000997243	0.00102222
0.558941	-0.0437921	0.0406129	5.46309e-06	-0.0013611	0.000217898
0.558941	-0.0437903	0.0406118	-0.000202126	-0.000523143	-0.000306378
0.558942	-0.0437866	0.0406115	0.000208533	0.000792231	-0.000307769
0.558939	-0.0437889	0.0406085	-0.000743421	0.000147032	-0.00120986
0.55894	-0.0437919	0.04061	-0.00026233	-0.000811617	-0.000301362
0.55894	-0.0437905	0.0406093	2.19809e-06	-5.44547e-05	-0.000442729
0.55894	-0.0437871	0.0406107	3.9977e-05	0.00107177	0.000197695
0.55894	-0.0437901	0.040612	0.000228463	-0.00337127	0.0016436
0.558942	-0.043786	0.0406113	0.000625233	-0.00199083	0.000896846
0.558942	-0.0437884	0.0406113	0.000543336	-0.00247251	0.000975744
0.558941	-0.0437886	0.0406114	-5.69709e-06	-0.0019454	0.000615328
0.558941	-0.0437916	0.0406099	4.73369e-05	-0.0020229	-7.69687e-06
0.55894	-0.043789	0.0406108	0.000985092	-0.000540803	0.00105138
0.558942	-0.0437894	0.0406112	0.00139038	-0.000276562	0.000943968
0.558941	-0.0437902	0.0406119	0.000581617	-0.000348023	0.000925608
0.55894	-0.0437888	0.0406105	-0.000191866	0.000113249	2.55579e-05
0.55894	-0.0437874	0.0406099	-0.000628821	0.000402371	-0.000402656
0.55894	-0.0437894	0.0406102	-0.000615041	-0.00090112	-0.000399992
0.558943	-0.0437857	0.0406133	0.000728986	0.000864775	0.000698792
0.558939	-0.0437905	0.0406105	-0.000990396	-0.000957722	-0.000493842
0.558941	-0.0437853	0.0406123	7.3331e-05	0.00114444	0.000210886
0.55894	-0.043789	0.0406091	-0.000166807	-0.000381705	-0.000588106
0.558941	-0.0437877	0.0406103	-5.8247e-05	-0.000276156	-0.000235652
0.558941	-0.0437896	0.0406131	8.9105e-05	-0.000618331	0.000713712
0.558942	-0.0437863	0.0406136	0.000254948	0.00074099	0.000611376
0.55894	-0.0437904	0.0406092	-0.00043716	-0.000856774	-0.00105346
0.55894	-0.0437888	0.0406113	-0.000202366	2.08617e-05	-3.03451e-05
0.558943	-0.0437841	0.0406119	0.00069297	0.000800615	0.000293118
0.558942	-0.0437908	0.0406119	-5.38814e-06	-0.00115956	0.000128664
0.558941	-0.0437905	0.0406102	-0.000125078	-0.000873656	-0.000169177
0.558943	-0.0437875	0.0406116	0.000658976	0.000687355	0.000113482
0.55894	-0.043789	0.0406098	-0.00080172	8.33675e-05	-0.000609901
0.558941	-0.0437869	0.0406112	0.000105728	0.00082776	0.000116621
0.55894	-0.0437919	0.0406113	-0.000371617	-0.00115464	3.99845e-05
0.558945	-0.043789	0.040616	0.00118096	0.000205633	0.00156724
0.558942	-0.0437916	0.0406112	-0.000130133	-0.000703414	-0.000547202
0.558939	-0.0437906	0.0406093	-0.000935468	-0.000186217	-0.00098496
0.558942	-0.0437888	0.0406126	0.000266899	9.85328e-05	0.000428186
0.558941	-0.0437851	0.0406116	-0.000181269	0.00155117	-3.83217e-05
0.55894	-0.0437869	0.0406108	-0.000291817	0.000487423	-0.000307395
0.558942	-0.0437864	0.0406129	0.00050765	0.000545892	0.000516279
0.558942	-0.0437884	0.0406134	7.21456e-05	-0.000267797	0.000477984
0.55894	-0.043788	0.0406095	-0.000643547	-0.000402622	-0.000968429
0.55894	-0.0437858	0.0406092	-0.000574721	0.00383341	-0.0014643
0.558938	-0.0437879	0.0406087	-0.00102553	0.00209136	-0.00158502
0.558942	-0.043789	0.040614	0.00048306	0.00156391	0.000522438
0.558941	-0.0437915	0.0406111	-5.64392e-06	0.000472775	-0.000701702
0.558941	-0.0437901	0.0406098	2.33932e-05	0.000948789	-0.000969172
0.558941	-0.0437934	0.0406113	-4.05766e-05	-0.000306342	-0.000193706
0.55894	-0.0437886	0.0406109	0.00140794	0.00212699	0.00281382
0.558942	-0.0437913	0.0406136	0.00143412	0.000599639	0.00294494
0.558941	-0.0437918	0.0406117	0.000897814	0.000447629	0.0019217
0.558941	-0.0437871	0.0406104	0.000776783	0.00186043	0.000762069
0.558939	-0.0437907	0.0406112	0.000126731	0.00017813	0.00116898
0.55894	-0.0437923	0.0406102	9.8368e-05	-0.000432938	0.000228541
0.55894	-0.0437911	0.0406099	1.70539e-06	-0.000268886	2.80372e-05
0.558939	-0.0437923	0.0406098	-0.000296317	-0.000279062	1.39243e-05
0.558942	-0.0437879	0.0406128	0.00101437	0.00130748	0.00104008
0.558942	-0.0437947	0.040613	0.00017809	-0.00140553	0.000594792
0.558941	-0.0437871	0.040611	4.28123e-05	0.00167572	-0.000139894
0.558938	-0.0437926	0.0406076	-0.000455496	-0.000637615	-0.000795727
0.558942	-0.0437887	0.0406109	0.000751481	0.000433491	0.000353636
0.55894	-0.0437917	0.0406093	-9.62852e-05	-0.000436838	-0.000377399
0.55894	-0.0437876	0.0406087	-0.000140118	0.000733994	-0.000474777
0.558941	-0.0437934	0.040612	5.58802e-05	-0.00149603	0.000775893
0.55894	-0.0437862	0.0406096	-0.000161913	0.00153692	-8.21917e-05
0.55894	-0.0437871	0.04061	-8.47565e-05	0.0005455	-1.57003e-05
0.558939	-0.0437932	0.0406096	-0.000360182	-0.00132996	-0.000300324
0.558939	-0.043792	0.0406106	-0.000336019	-0.000379298	5.4578e-05
0.55894	-0.0437938	0.0406105	5.87676e-07	-0.000774641	-4.27757e-06
0.55894	-0.043792	0.0406113	0.000163638	0.000123302	0.000247461
0.558941	-0.0437891	0.04061	-0.000132431	0.000517686	-0.000437453
0.55894	-0.043794	0.0406099	-0.000204686	-0.00133702	-0.000222228
0.558942	-0.0437897	0.0406127	0.00180881	0.000777324	0.00154169
0.558941	-0.0437974	0.0406117	0.000592166	-0.00173657	0.000598032
0.55894	-0.043789	0.0406098	9.2321e-05	0.00499867	-0.00117766
0.558943	-0.0437905	0.0406139	0.00101682	0.0034674	0.000452005
0.558941	-0.0437919	0.0406105	2.49566e-05	0.0017888	-0.000874767
0.558939	-0.0437873	0.0406078	-0.000385394	0.00327926	-0.00118251
0.558938	-0.043791	0.0406074	-0.000513934	0.00112967	-0.00118646
0.558941	-0.0437898	0.040612	0.000436156	0.00127062	0.000641987
0.558938	-0.0437897	0.0406064	-0.000504094	0.00105386	-0.00113466
0.558942	-0.0437934	0.0406107	0.000750557	-0.000491186	0.000403541
0.558937	-0.0437929	0.0406086	-0.000995922	-0.000147607	-0.000517165
0.558942	-0.0437886	0.0406101	0.00111031	-0.00219917	0.00128696
0.55894	-0.0437939	0.0406119	0.00013399	-0.00345628	0.00158685
0.55894	-0.0437904	0.040611	0.000358331	-0.00134464	0.000837009
0.558939	-0.0437896	0.0406088	3.86055e-05	-0.00115689	0.000285746
0.558941	-0.043793	0.0406104	0.000877542	-0.00167906	0.000873143
0.558938	-0.043788	0.0406071	-0.000567766	0.000472843	-0.000816399
0.558944	-0.0437925	0.0406145	0.00129304	-0.00122692	0.00183678
0.55894	-0.0437906	0.0406102	-0.000221244	-0.000158695	0.000132546
0.55894	-0.0437906	0.0406122	-0.000212745	-0.000186604	0.000526266
0.55894	-0.0437878	0.0406089	7.32579e-05	0.000434181	-0.000457616
0.558939	-0.0437918	0.0406096	-0.000350783	-0.000898063	-0.00034184
0.55894	-0.043792	0.0406095	0.000185804	-0.000498174	1.01358e-05
0.558938	-0.043788	0.0406066	-0.000483205	0.0010263	-0.000771448
0.558939	-0.043794	0.0406098	-0.00013868	-0.001351	0.000179578
0.558944	-0.0437923	0.0406149	0.00123548	-0.000457073	0.00150818
0.558939	-0.0437913	0.0406091	-0.000494093	-0.000229	-0.000516253
0.55894	-0.0437901	0.0406114	-3.54387e-05	0.000426986	0.000242668
0.55894	-0.0437908	0.0406098	-0.000346929	-0.000310047	-0.000443473
0.558943	-0.0437873	0.040612	0.00070511	0.00113881	0.000247822
0.558939	-0.0437912	0.0406101	-0.000346701	-0.00422302	0.000869171
0.55894	-0.0437918	0.04061	5.71488e-05	-0.0029988	0.000683867
0.558942	-0.0437894	0.0406134	0.00104965	-0.00135576	0.00170809
0.55894	-0.0437888	0.0406115	-0.00017272	-0.000799289	0.000554441
0.558939	-0.0437893	0.0406092	-0.000214158	-0.000760988	-0.000298856
0.55894	-0.043792	0.0406119	0.000258225	-0.00152088	0.000682858
0.558942	-0.0437915	0.0406115	0.000472979	0.00265201	-0.000528993
0.558942	-0.0437915	0.0406109	4.11458e-05	0.00187985	-0.000892067
