Xl_x	Xl_y	Xl_z	Vl_x	Vl_y	Vl_z
0.548396	-0.318721	0.191413	0.000307852	-0.000100185	0.000330006
0.563814	-0.0256695	0.292591	-0.000116815	-0.000155659	0.00064388
0.563814	-0.0256699	0.292592	-7.66255e-05	-7.66978e-05	0.000428709
0.563815	-0.0256701	0.292592	0.000167031	-5.94612e-05	0.000599037
0.563815	-0.0256687	0.292593	0.000230568	0.000448804	0.000968635
0.563815	-0.0256686	0.292588	0.000314465	0.00034793	-0.00103328
0.563813	-0.0256669	0.292589	-0.000579169	0.000820312	-0.000766633
0.563815	-0.0256686	0.292592	0.000209898	-2.18545e-05	0.000754374
0.563815	-0.0256732	0.29259	3.05926e-05	-0.00156589	-3.78462e-05
0.563816	-0.0256658	0.292591	-0.000135377	0.00107351	-0.00354148
0.563814	-0.02567	0.292588	-0.000526062	-0.00081371	-0.00358121
0.563814	-0.0256638	0.292588	-0.000244678	0.00149897	-0.00257347
0.563814	-0.0256667	0.292589	-0.000211769	7.06601e-06	-0.00139477
0.563813	-0.0256694	0.292589	-0.000473758	-0.000501756	-0.000943192
0.563815	-0.0256684	0.292592	0.000312432	0.0001414	5.43776e-05
0.563815	-0.0256716	0.292594	-7.99951e-05	-0.000928247	0.000553834
0.563814	-0.0256657	0.292589	-0.000120664	0.00095476	-0.00120022
0.563815	-0.025667	0.292591	0.00123132	0.00013958	0.000434488
0.563815	-0.0256669	0.292595	0.00103758	8.24778e-05	0.00143964
0.563815	-0.025668	0.292591	0.000618486	6.63075e-05	-0.000103581
0.563815	-0.0256672	0.292592	0.000494904	4.86004e-05	0.000466734
0.563815	-0.0256684	0.29259	0.000335257	-0.000482877	-0.000164452
0.563815	-0.025664	0.292589	0.000298007	0.000715485	-7.50646e-05
0.563814	-0.0256665	0.292592	-7.24629e-05	-7.15457e-05	0.000561821
0.563817	-0.025668	0.292594	0.000908448	-6.42192e-05	0.00108289
0.563816	-0.0256684	0.292591	0.00024529	-1.24134e-05	-0.000212086
0.563816	-0.0256689	0.292592	0.000176182	-0.00052895	-0.000112376
0.563815	-0.0256681	0.292589	-0.000194536	0.000193625	-0.000966057
0.563815	-0.0256673	0.292593	-7.37266e-05	0.000109877	0.000871279
0.563815	-0.0256653	0.29259	-3.608e-05	0.000611092	-0.00040842
0.563816	-0.0256653	0.292596	5.85334e-05	0.000384741	0.00122796
0.563815	-0.0256638	0.29259	-4.59168e-05	0.000749114	-0.000703873
0.563814	-0.0256679	0.292592	-0.000305871	-0.000476577	0.000181587
0.563815	-0.0256672	0.292592	6.53191e-05	-0.000337584	-1.69941e-05
0.563814	-0.0256653	0.292589	-0.000305101	0.000314483	-0.000922679
0.563815	-0.0256668	0.292592	8.65059e-05	-0.000331277	0.000244499
0.563814	-0.0256667	0.292586	-0.000298523	-0.000179505	-0.00173263
0.563816	-0.0256665	0.292593	0.000270753	0.000362732	0.000828455
0.563814	-0.0256683	0.292591	-0.000176617	-0.000262669	0.000144802
0.563814	-0.0256642	0.292588	-0.00011835	0.000832172	-0.000922246
0.563814	-0.0256653	0.292591	-2.58159e-05	7.09006e-05	0.000428853
0.563815	-0.0256622	0.292591	3.35177e-07	0.0010361	0.000271634
0.563814	-0.0256651	0.292588	-0.000119807	-0.000287273	-0.000872801
0.563815	-0.0256684	0.292595	0.000322266	-0.00127516	0.00182566
0.563814	-0.0256667	0.29259	-0.000206201	-0.000290824	-0.000706779
0.563815	-0.0256652	0.29259	0.000224019	0.000303607	-4.99815e-05
0.563816	-0.0256653	0.292593	0.000520131	0.000175685	0.000896189
0.563814	-0.0256664	0.292587	-0.000674593	0.000144448	-0.00163017
0.563816	-0.0256627	0.292593	0.000283812	0.0010797	0.000743525
0.563815	-0.0256651	0.292592	-8.02059e-05	0.000225078	0.000154771
0.563814	-0.0256668	0.292589	-0.000181098	-0.000311186	-0.000968129
0.563814	-0.0256688	0.292591	-9.45426e-05	-0.00125873	0.000387695
0.563815	-0.0256638	0.29259	0.000217412	0.00069985	8.80924e-05
0.563815	-0.0256684	0.292589	6.71458e-05	-0.00108653	-0.000456041
0.563815	-0.0256637	0.292589	0.000145541	0.000837197	-0.00025858
0.563812	-0.0256693	0.292584	-0.000956251	-0.00093789	-0.00187822
0.563817	-0.0256689	0.292594	0.00106053	-0.000747237	0.00228066
0.563814	-0.0256649	0.292589	-0.000173467	0.00113089	-0.000129546
0.563814	-0.0256668	0.292589	-0.000200653	0.000239546	-0.000159651
0.563813	-0.0256684	0.292589	-0.000458066	-0.00034177	-5.90023e-06
0.563814	-0.0256673	0.292589	-4.8875e-06	-0.000250612	-0.000104433
0.563815	-0.0256685	0.292594	1.48795e-05	-0.000695424	0.000935683
0.563817	-0.0256701	0.292594	0.000591333	-0.00102535	0.000895883
0.563815	-0.0256684	0.29259	6.5782e-06	-0.000128771	-0.000857082
0.563816	-0.0256669	0.292596	0.000510762	0.000393202	0.00188461
0.563815	-0.0256699	0.29259	-0.000158372	-0.000732682	-0.00118224
0.563816	-0.0256654	0.292595	0.000103826	0.00100896	0.000812216
0.563815	-0.0256679	0.292589	-0.000123892	0.000215228	-0.00107628
0.563814	-0.0256639	0.292591	-0.00047813	0.00121622	-0.000338987
0.563815	-0.0256665	0.292592	0.000235605	0.000248648	0.000501841
0.563814	-0.0256668	0.292591	-0.000175991	0.000180342	-6.27164e-05
0.563816	-0.0256686	0.292593	0.000468897	-0.000442643	0.000713865
0.563814	-0.0256685	0.292591	-0.000237798	-0.000247835	-0.000237698
0.563816	-0.025669	0.292594	0.000404695	-0.000735545	0.0010665
0.563816	-0.0256733	0.292594	0.000226105	-0.00205274	0.000725263
0.563815	-0.0256699	0.29259	-0.000209029	-0.000295475	-0.000957345
0.563815	-0.0256668	0.292592	-5.40337e-05	0.000839339	-0.000106082
0.563815	-0.0256699	0.29259	-0.000398294	-0.00045471	-0.000961165
0.563815	-0.0256652	0.292591	0.00027698	0.00475897	-0.000176746
0.563816	-0.0256684	0.292595	0.000529371	0.00239892	0.00129376
0.563815	-0.0256667	0.292591	-0.000287939	0.00237978	-0.00042477
0.563815	-0.0256664	0.292589	9.88513e-05	0.00226396	-0.000915671
0.563816	-0.0256731	0.292594	0.000119268	-0.000468385	0.000974676
0.563816	-0.0256701	0.292591	0.000992001	0.000880459	0.000413392
0.563816	-0.0256686	0.292593	0.00111432	0.00115117	0.00126451
0.563815	-0.0256717	0.29259	0.000513282	-0.000804348	-0.000151683
0.563815	-0.0256731	0.292593	0.000244106	-0.00101081	0.00069537
0.563815	-0.0256714	0.29259	0.000139523	-0.000118577	-0.000556563
0.563815	-0.0256711	0.292592	0.000120136	0.000442607	0.000620122
0.563814	-0.025669	0.292586	-0.000289502	0.000346223	-0.00149396
0.563814	-0.0256676	0.292587	-0.000128018	0.00127557	-0.000481757
0.563815	-0.0256686	0.292592	0.000310415	0.000309054	0.00113011
0.563815	-0.0256685	0.292591	0.000143891	0.000220353	0.000199023
0.563814	-0.0256679	0.292591	-8.2832e-05	0.000688463	0.000338427
0.563814	-0.0256652	0.292588	-0.000137437	0.00150672	-0.000846476
0.563813	-0.0256668	0.292588	0.000648951	0.000501607	0.000475712
0.563815	-0.0256686	0.292593	0.00117787	-0.000230471	0.00218025
0.563817	-0.0256675	0.292593	0.00138592	-0.000156354	0.00125123
0.563814	-0.0256728	0.292591	1.966e-05	-0.00158725	0.000206949
0.563815	-0.0256689	0.292596	0.000474105	-5.72768e-05	0.00157485
0.563813	-0.0256715	0.292588	-0.000400061	-0.00104815	-0.0016842
0.563814	-0.0256695	0.292591	0.000120647	0.000310874	0.000268998
0.563815	-0.0256687	0.29259	0.000392005	0.000192395	7.84969e-05
0.563814	-0.0256699	0.29259	-0.000324443	-0.000360003	-0.000181888
0.563814	-0.025668	0.292589	8.02028e-05	0.000781606	-0.000266783
0.563816	-0.0256672	0.292592	0.000698717	0.000478977	0.000618438
0.563813	-0.025673	0.292588	-0.000289326	-0.00173079	0.00278686
0.563815	-0.0256656	0.292591	0.000510777	0.000875568	0.00292862
0.563814	-0.0256707	0.292591	1.08665e-05	-0.000443301	0.00227657
0.563814	-0.0256701	0.292591	5.24558e-05	-0.000292814	0.00170288
0.563815	-0.0256668	0.292589	0.000292087	0.000836724	0.000572782
0.563813	-0.0256694	0.292588	-0.000302176	7.2033e-05	0.000322515
0.563814	-0.0256699	0.29259	-5.03705e-05	-0.0034855	0.00108195
0.563814	-0.0256669	0.292587	-0.000106305	-0.00155843	-0.000786437
0.563815	-0.0256686	0.29259	0.00024077	-0.00181185	0.000415981
0.563814	-0.0256669	0.292585	-0.000200581	-0.000814619	-0.00112275
0.563814	-0.0256716	0.292588	-0.000135286	-0.00224322	0.000304588
0.563815	-0.0256705	0.29259	0.000249316	-0.00161708	0.00112283
0.563815	-0.0256701	0.292592	0.000173333	-0.00115689	0.00126715
0.563813	-0.0256651	0.292585	-0.000499529	0.000799038	-0.000956335
0.563814	-0.0256652	0.29259	7.41696e-05	0.000457718	0.000830345
0.563815	-0.0256683	0.29259	0.000300837	-0.000787261	0.000447362
0.563816	-0.0256668	0.292597	0.000238391	-2.95197e-05	0.00171378
0.563815	-0.0256668	0.292593	0.000148463	-2.94006e-05	0.000216702
0.563815	-0.0256711	0.29259	1.27574e-05	-0.00106415	-0.000396049
0.563815	-0.0256652	0.292589	-0.000937462	0.00132354	-0.0016298
0.563815	-0.0256704	0.29259	-0.000773934	-0.00120419	-0.00116188
0.563815	-0.0256697	0.292592	-0.000512145	-0.000302784	0.000197555
0.563814	-0.0256699	0.292589	-0.000791259	-0.000185293	-0.000865921
0.563815	-0.0256686	0.292592	-0.000223969	0.000356965	0.000293243
0.563814	-0.0256716	0.292592	-0.000432491	-0.00078309	0.000343175
0.563814	-0.02567	0.292585	-0.000470321	2.56413e-05	-0.00239712
0.563815	-0.0256686	0.292592	0.000149792	0.00049148	0.000869544
0.563812	-0.02567	0.292588	-0.000823183	-0.000125965	-0.000564628
0.563815	-0.025667	0.292589	0.000364276	0.000902883	-0.000239943
0.563815	-0.0256674	0.292593	0.000203926	5.60165e-05	0.00129504
0.563814	-0.0256697	0.292587	1.88723e-05	-0.00046306	-0.00117528
0.563814	-0.0256656	0.292589	0.000859337	0.000792601	0.000775251
0.563814	-0.0256696	0.292589	0.000578067	-0.000517123	0.000562956
0.563815	-0.0256715	0.292589	0.000717772	-0.000870093	0.000293514
0.563815	-0.0256657	0.29259	0.000300218	0.000995818	0.000370361
0.563815	-0.0256697	0.29259	0.000491489	-0.000398016	0.000649389
0.563815	-0.02567	0.292592	0.000418812	-0.000269191	0.0010018
0.563815	-0.0256704	0.29259	0.000209134	-0.000696124	0.00013815
0.563815	-0.0256697	0.292592	0.000215358	4.95603e-05	0.000636846
0.563815	-0.0256673	0.292593	0.000215383	0.000551702	0.000955766
0.563814	-0.0256684	0.29259	-0.000284077	-0.000119404	-0.000820431
0.563816	-0.0256669	0.292592	0.000511753	0.00039638	0.000287287
0.563814	-0.0256695	0.292592	-0.000214296	-0.000224984	0.00047298
0.563815	-0.0256715	0.29259	6.99434e-06	-0.000681321	-0.00040507
0.563813	-0.0256691	0.292589	-0.000534297	-0.000414004	-0.000484311
0.563814	-0.0256665	0.292588	-1.50154e-05	0.000754916	-0.00091879
0.563814	-0.0256741	0.292592	-9.06934e-05	-0.00159272	0.000359022
0.563816	-0.0256712	0.292593	0.000623648	0.000454821	0.00102709
0.563814	-0.025666	0.292588	-0.000192373	0.00140563	-0.00109945
0.563814	-0.0256698	0.292592	-9.25929e-05	-0.000120311	0.000797738
0.563814	-0.0256668	0.292589	-8.74574e-05	0.000971087	-0.000500886
0.563814	-0.0256716	0.292594	6.15359e-06	-0.00093043	0.00119375
0.563815	-0.025666	0.292593	0.000345274	0.000878684	0.000709535
0.563815	-0.0256666	0.29259	0.000130613	0.000642778	-0.000584643
0.563814	-0.0256716	0.292591	-0.000321868	-0.00111643	-0.000810789
0.563814	-0.0256673	0.292591	-0.00037375	0.000311246	-0.000328443
0.563816	-0.0256682	0.292592	0.000628544	0.000157111	0.000387619
0.563816	-0.0256689	0.292593	0.000404113	-0.000423632	0.0007555
0.563813	-0.025665	0.292588	-0.000613931	0.00129846	-0.00115663
0.563815	-0.0256657	0.292588	0.000134331	0.000357925	-0.00101349
0.563813	-0.0256695	0.292585	-0.000537779	-0.000753439	-0.00143464
0.563814	-0.0256668	0.29259	4.67766e-05	0.000495543	0.000960153
0.563815	-0.025667	0.292593	0.000128011	0.000332998	0.00120394
0.563814	-0.0256749	0.292589	-0.000436799	-0.00281495	-0.000664363
0.563816	-0.0256666	0.292595	0.00050435	0.00113812	0.00137931
0.563816	-0.0256669	0.29259	0.000502227	0.000744493	-0.000276959
0.563817	-0.0256674	0.292593	0.000680731	-4.23128e-05	0.000724037
0.563814	-0.0256649	0.292588	-0.000418162	0.00107577	-0.00112918
0.563814	-0.0256683	0.292589	-0.000290758	-0.000319808	-0.000262187
0.563815	-0.0256704	0.292589	-3.40487e-05	-0.00127389	-0.000376383
0.563814	-0.0256669	0.292589	-0.000279331	0.000210795	-0.000613214
0.563814	-0.0256699	0.292589	-0.000234861	-0.000897627	-0.000429531
0.563816	-0.0256696	0.292587	0.000404466	-0.000118314	-0.000543074
0.563814	-0.0256656	0.292593	-4.67466e-05	0.000982756	0.00154358
0.563814	-0.0256653	0.292589	-0.000166167	0.00066783	-7.73117e-05
0.563814	-0.0256683	0.292594	8.99977e-06	-0.000607075	0.00150358
0.563815	-0.0256695	0.292592	0.000208809	-0.000418446	0.000366298
0.563816	-0.0256669	0.292591	0.000455984	0.000739278	0.000126287
0.563815	-0.0256642	0.292589	-4.2949e-05	0.0010418	-0.000845268
0.563814	-0.025668	0.292589	-0.000659564	-0.000293657	-0.00132575
0.563814	-0.0256688	0.292594	-4.15969e-05	-0.000763507	0.0015094
0.563815	-0.0256681	0.292592	0.000259582	-3.19471e-06	0.000433072
0.563816	-0.0256716	0.292593	0.000462017	-0.00106403	0.000689114
0.563816	-0.0256717	0.292591	0.000210662	-0.000704828	-0.000114876
0.563815	-0.0256713	0.292592	-0.000237428	-0.00337797	1.77399e-05
0.563814	-0.0256705	0.292591	-0.000505847	-0.00251523	-0.000411973
0.563814	-0.0256686	0.292589	-0.000391545	-0.00137382	-0.000807774
0.563813	-0.0256658	0.292587	-0.000281446	-0.000555417	-0.00105308
0.563815	-0.025667	0.292592	-5.8678e-05	-0.00100624	-0.00280502
0.563815	-0.0256652	0.292589	-8.66712e-05	-0.000222535	-0.0031861
0.563813	-0.0256663	0.292586	-0.000687315	-0.000171626	-0.00311295
0.563816	-0.0256669	0.292591	0.000481079	-0.000240789	-0.000561244
0.563815	-0.0256673	0.292591	-2.00709e-05	-0.00068871	-0.000903348
0.563815	-0.0256685	0.292592	-3.63771e-05	-0.00101438	-0.000199268
0.563813	-0.0256648	0.29259	-0.000540007	0.000906174	-0.000923891
0.563815	-0.0256672	0.292592	-7.55319e-05	-0.000473454	-0.000268427
0.563815	-0.0256728	0.292594	0.000216194	-0.00191266	0.000665329
0.563812	-0.0256698	0.292588	-0.000822862	-0.000181563	-0.00128861
0.563816	-0.0256689	0.292593	0.000609428	-0.000206391	0.000577397
0.563814	-0.0256669	0.292589	-0.000135375	0.000434214	-0.00132603
0.563815	-0.0256623	0.292591	0.000229199	0.00176217	-5.12458e-05
0.563814	-0.0256698	0.292591	-0.000202016	-0.00136131	0.000102074
0.563816	-0.0256712	0.292593	0.00043812	-0.00095045	0.000305339
0.563814	-0.0256687	0.292593	-0.000192437	-7.79925e-05	0.000500456
0.563814	-0.0256681	0.292591	-0.000169277	0.000464577	-0.000196018
0.563815	-0.0256684	0.292592	0.000159286	0.000296948	0.000200762
0.563816	-0.0256729	0.292593	0.000424305	-0.000874752	0.000577518
0.563814	-0.0256708	0.292591	-0.000327827	-0.000538865	-0.000382734
0.563814	-0.025664	0.292589	-0.00113795	0.001644	-0.00162837
0.563815	-0.0256684	0.29259	-0.000675947	-0.000438144	-0.0013366
0.563814	-0.0256711	0.292589	-0.000842745	-0.000794208	-0.00132973
0.563816	-0.0256732	0.292593	1.43277e-05	-0.00110043	0.000349282
0.563814	-0.0256688	0.29259	-0.000556442	0.000353224	-0.000526345
0.563816	-0.0256684	0.292596	0.000309859	0.000650821	0.00186661
0.563815	-0.02567	0.292592	-0.000237978	-1.70115e-05	-0.000151466
0.563817	-0.0256629	0.292593	0.00055283	0.00199127	0.000182611
0.563816	-0.0256667	0.292595	2.15154e-05	0.000336169	0.000730304
0.563813	-0.025673	0.292588	-0.00111241	-0.0017835	-0.0017617
0.563814	-0.0256688	0.292592	0.000707103	-0.000134586	0.00114278
0.563814	-0.0256727	0.292589	0.000454944	-0.00110955	-0.000209626
0.563813	-0.0256698	0.292588	0.000105396	0.000319739	-0.000450796
0.563813	-0.0256715	0.292591	0.00016431	-0.000314955	0.000771003
0.563814	-0.0256716	0.292591	0.000382342	-0.000225835	0.00037932
0.563813	-0.0256669	0.292592	-0.000219654	0.00144385	0.000492733
0.563815	-0.0256674	0.292589	0.000679318	0.000398326	-0.000488718
0.563816	-0.0256686	0.292593	0.000761467	-0.000247204	0.00104868
0.563815	-0.025668	0.292589	0.000194625	0.000390212	-0.000680246
0.563815	-0.0256656	0.292587	0.000185382	0.000783339	-0.000895252
0.563815	-0.0256653	0.29259	0.000170923	0.000522375	0.000403197
0.563815	-0.025668	0.292595	0.000168823	-0.000181357	0.00131603
0.563815	-0.0256637	0.292591	2.55246e-05	0.00144501	-0.000219633
0.563815	-0.0256669	0.29259	2.21457e-05	-6.43084e-05	-0.00060965
0.563814	-0.0256704	0.292591	-0.000286822	-0.00158866	0.000234834
0.563816	-0.0256682	0.292592	0.00043223	-6.22587e-05	0.000422862
0.563814	-0.0256715	0.292592	-0.000323995	-0.00104462	0.000514801
0.563815	-0.0256689	0.292592	0.000105524	-0.000192802	0.00024019
0.563813	-0.0256649	0.292591	-0.00045828	0.0014687	-8.7548e-05
0.563814	-0.0256656	0.292588	-0.000107333	0.000455442	-0.00122593
0.563815	-0.025665	0.29259	0.000295559	0.000793941	9.81952e-05
0.563813	-0.0256699	0.292592	-0.000406281	-0.00100082	0.000767211
0.563815	-0.0256654	0.292589	0.000267937	0.000860728	-0.000725912
0.563814	-0.0256655	0.292589	-6.4468e-05	0.000552932	-0.000341289
0.563815	-0.025667	0.292589	0.000204316	-0.000125315	-0.000355744
0.563814	-0.0256655	0.292589	-7.90406e-05	0.000410761	-8.09797e-05
0.563814	-0.0256673	0.292591	-6.0724e-05	-0.000725262	0.000467817
0.563815	-0.025667	0.29259	0.000195841	-0.000503713	0.000145474
0.563814	-0.0256664	0.292586	-0.00025303	0.000214993	-0.00134387
0.563815	-0.0256672	0.29259	-0.000118637	-0.000385714	0.000137251
0.563815	-0.0256653	0.29259	0.00018099	0.000248885	-7.50274e-05
0.563814	-0.0256649	0.292591	-8.54144e-05	0.000689769	0.000631307
0.563816	-0.0256672	0.29259	0.000462435	-0.000605808	0.00015029
0.563816	-0.0256668	0.292595	0.000440752	5.42321e-05	0.00165517
0.563816	-0.0256669	0.292593	0.000228243	8.08452e-05	0.000574748
0.563814	-0.0256623	0.292586	-0.000528648	0.0016247	-0.00196244
0.563813	-0.0256684	0.292589	-0.00058046	-0.000931591	-0.000104813
0.563815	-0.0256686	0.292592	0.000224096	-0.00067101	0.000706591
0.563815	-0.0256642	0.29259	0.00018336	0.00060741	-0.000509621
0.563816	-0.0256682	0.292593	0.000393537	-0.000670701	0.00102392
0.563815	-0.0256688	0.292593	-9.90814e-05	-0.000945623	0.000261462
0.563815	-0.0256638	0.29259	-3.07331e-05	0.000932952	-0.00032662
0.563815	-0.0256668	0.292589	-0.00010635	-0.00040619	-0.000760392
0.563815	-0.0256668	0.29259	-0.00030662	-0.00025974	-0.000329954
0.563815	-0.0256668	0.292595	0.000236932	-0.000207348	0.00170079
0.563814	-0.0256679	0.292588	-0.000320071	-0.000103207	-0.00129829
0.563814	-0.0256683	0.292592	-0.000408156	-5.25609e-05	0.000295958
0.563813	-0.0256672	0.292587	-0.000415455	-2.23918e-05	-0.00139569
0.563814	-0.0256681	0.292592	0.000199948	-4.7308e-05	0.00107021
0.563814	-0.0256703	0.292594	9.02913e-05	-0.0010795	0.001148
0.563814	-0.0256684	0.292588	-6.04514e-05	-0.000180137	-0.00125918
0.563816	-0.0256665	0.29259	0.000313147	0.000897316	-0.000445972
0.563815	-0.0256672	0.292594	0.000324753	6.11826e-05	0.00129264
0.563813	-0.0256696	0.292588	-0.000521012	-0.000425687	-0.00098283
0.563816	-0.0256736	0.292592	0.00083006	-0.00193376	0.00089111
0.563816	-0.0256698	0.292593	0.000357775	0.000286123	0.000753633
0.563815	-0.0256641	0.29259	-6.0286e-05	0.00178201	-0.000416676
0.563814	-0.0256696	0.292589	-0.000380261	-0.00035962	-0.000149443
0.563814	-0.0256699	0.29259	-0.000225208	-0.000237583	-7.4975e-05
0.563814	-0.0256715	0.292587	-0.000249314	-0.00066234	-0.00111424
0.563814	-0.0256712	0.292592	-0.000526591	0.00233989	0.000476477
0.563816	-0.0256732	0.292589	0.000490507	0.0012211	-0.000549223
0.563814	-0.0256673	0.292588	-0.000193432	0.0025623	-0.000590124
0.563816	-0.0256683	0.29259	0.000511255	0.00175926	0.000358129
0.563815	-0.0256688	0.292593	0.000102157	0.000796103	0.00140853
0.563813	-0.025668	0.292589	-0.000551994	0.00116499	-0.000336915
0.563814	-0.0256687	0.292587	-0.000158438	0.00029356	-0.000884053
0.563814	-0.0256696	0.292592	-2.94649e-05	0.000225779	0.000454885
0.563815	-0.0256657	0.292592	0.000266146	0.00120189	0.000147765
0.563814	-0.02567	0.292587	3.32899e-06	-0.000727351	-0.000990036
0.563815	-0.0256712	0.292593	0.000211819	-0.000485908	0.00147978
0.563815	-0.0256672	0.292588	0.000315198	0.000722314	-0.000724245
0.563814	-0.0256727	0.292589	-0.000398631	-0.0010306	-0.000236321
0.563814	-0.025675	0.29259	2.35404e-05	-0.00174302	0.000243023
0.563814	-0.0256668	0.292589	-0.000168715	0.00146779	-0.00018978
0.563813	-0.025671	0.29259	-0.000399715	-4.69586e-05	3.70152e-05
0.563814	-0.025673	0.292589	0.000216204	-0.000571124	-0.000308609
0.563815	-0.0256689	0.292592	0.00020708	0.000645166	0.00080614
0.563813	-0.0256696	0.292591	-0.000375076	0.000472027	0.000345672
0.563814	-0.02567	0.292589	0.000218186	0.000278482	-0.000575836
0.563815	-0.0256689	0.292592	0.00027902	0.000185517	0.000691438
0.563814	-0.0256697	0.292587	-0.000198401	0.000159241	-0.0014492
0.563814	-0.0256731	0.292588	-0.000235739	-0.000939228	-0.00054536
0.563814	-0.0256763	0.292592	-3.36612e-05	-0.00167856	0.00124373
0.563814	-0.0256748	0.29259	0.000205074	-0.000620774	0.000164832
0.563814	-0.0256736	0.292589	6.71981e-05	-0.000404792	-0.00045003
0.563814	-0.0256744	0.292588	-0.000200308	-0.000245333	-0.000630571
0.563814	-0.0256782	0.292587	6.25695e-05	-0.00174488	-0.000569511
0.563815	-0.025676	0.292593	0.000173079	-0.000137973	0.0011713
0.563813	-0.0256777	0.292589	-0.000587992	-0.000568664	-0.000534661
0.563816	-0.0256733	0.292593	0.000632968	0.0011158	0.00132473
0.563815	-0.0256748	0.292594	0.000221538	0.000247373	0.0010917
0.563815	-0.025681	0.292591	0.000252382	-0.00187581	9.45767e-06
0.563813	-0.0256794	0.292592	-0.000679129	-0.000733826	-0.000104216
0.563814	-0.0256809	0.292591	0.000149998	-0.000983814	-0.000279215
0.563814	-0.0256811	0.292592	4.67831e-05	-0.000722439	0.000267849
0.563815	-0.025681	0.292594	0.000375557	-0.000452401	0.00107402
0.563814	-0.0256811	0.292587	-0.000205502	-0.000316708	-0.00174467
0.563813	-0.025681	0.29259	-0.000362613	-0.000205496	-8.64366e-06
0.563814	-0.0256825	0.292588	-0.00033798	-0.000594291	-0.00105859
0.563814	-0.0256857	0.292593	0.000143765	-0.00147851	0.00124252
0.563814	-0.0256808	0.292594	0.000189756	0.00104599	0.000848066
0.563812	-0.025684	0.29259	-0.00155103	-0.000280369	-0.00159982
0.563814	-0.0256861	0.292589	-0.000627974	-0.0012644	-0.00142593
0.563812	-0.0256884	0.292586	-0.00108267	-0.00132356	-0.00174248
0.563813	-0.025686	0.292589	-0.000401607	-0.000387068	-0.000297122
0.563815	-0.025689	0.292591	0.000191019	-0.00134089	-2.21237e-05
0.563813	-0.0256872	0.292591	-0.000379086	-0.000338482	0.000267945
0.563813	-0.0256872	0.292592	-0.00020569	-0.000239584	0.000728862
0.563813	-0.0256887	0.292589	-0.000279198	-0.000666432	-0.000615727
0.563814	-0.02569	0.292591	0.000817222	-0.000413881	0.00096375
0.563814	-0.0256923	0.292593	0.000914363	-0.00133486	0.00159259
0.563813	-0.0256947	0.29259	0.000300191	-0.00138592	0.000206615
0.563813	-0.0256946	0.292587	0.000224105	-0.000384828	-0.000840889
0.563814	-0.0256968	0.292592	0.000565475	-0.000810058	0.000918553
0.563814	-0.025697	0.292592	0.000372668	-0.000540215	0.000608604
0.563814	-0.0256923	0.29259	0.000269503	0.00124455	-0.00010869
0.563813	-0.0256942	0.292587	-0.000166166	-0.000175228	-0.000958556
0.563813	-0.025697	0.29259	0.000194043	-0.0011854	0.000274414
0.563813	-0.0256953	0.292588	-0.000181663	-0.000237951	-0.000715271
0.563813	-0.0256952	0.292589	0.00193519	-0.000303288	0.0025652
0.563814	-0.025698	0.29259	0.00174122	-0.000756977	0.00230436
0.563814	-0.0256956	0.292592	0.0013203	6.74734e-06	0.00218145
0.563814	-0.0257001	0.292589	0.000797417	-0.00155836	0.00049148
0.563814	-0.0257012	0.292592	0.000709355	-0.00105021	0.001488
0.563813	-0.0256983	0.29259	0.000269024	0.000364866	0.000675819
0.563814	-0.025697	0.29259	0.000781223	0.000712777	0.000254442
0.563813	-0.025697	0.29259	0.0002829	0.000491216	0.000345929
0.563812	-0.0256997	0.292589	-0.000342682	-0.000134197	-0.00365577
0.563816	-0.0257019	0.292594	0.000635968	-0.000679828	-0.00110355
0.563812	-0.0257003	0.292587	-0.000544889	0.000142747	-0.00312364
0.563812	-0.0256975	0.292586	-0.000347016	0.000624814	-0.00273069
0.563815	-0.0257001	0.292594	0.00152571	-0.000126968	0.00180929
0.563813	-0.0257005	0.292592	0.000426197	-0.000543805	-0.000116907
0.563815	-0.0256985	0.292596	0.00104744	0.000615968	0.0016751
0.563815	-0.0256988	0.292595	0.000678398	0.00042221	0.000600801
0.563814	-0.0256992	0.292593	0.000484846	-0.000223335	-9.56232e-05
0.563815	-0.0256969	0.292594	0.000406131	0.000886664	0.000439156
0.563814	-0.0256975	0.29259	-8.50158e-05	0.000101857	-0.00111251
0.563814	-0.0256952	0.292591	-0.0002297	0.00112384	-0.000556983
0.563815	-0.025696	0.292591	0.000346635	0.000189528	-0.000191801
0.563813	-0.0256968	0.292588	-0.00010369	0.000158798	-0.00104448
0.563814	-0.0256987	0.292594	5.81021e-05	-0.000436515	0.00133743
0.563811	-0.0256954	0.29259	-0.000829939	0.000827898	-0.000703165
0.563813	-0.0256926	0.292591	0.000340853	0.00152735	-0.000332666
0.563814	-0.0256914	0.292592	0.000201519	0.00101634	-0.000246895
0.563814	-0.0256925	0.292592	0.000176901	0.000160905	0.000360716
0.563815	-0.0256905	0.292595	0.000510003	0.00112262	0.00115536
0.563814	-0.025694	0.292592	-7.73476e-05	-0.000271262	-0.000159451
0.563814	-0.0256909	0.29259	-1.24088e-05	0.000875097	-0.000613842
0.563813	-0.0256909	0.292587	-0.000349086	0.000600011	-0.00129332
0.563814	-0.0256926	0.292591	6.28261e-05	-0.000151529	0.000501345
0.563815	-0.0256895	0.292593	0.000455373	0.000923153	0.000769747
0.563815	-0.0256854	0.292591	0.000285117	0.00159947	-3.21553e-06
0.563815	-0.0256926	0.292592	7.14652e-05	-0.00147741	-4.27133e-05
0.563814	-0.0256849	0.292587	-0.00121009	0.00109151	-0.00228421
0.563815	-0.0256838	0.292591	-0.000462399	0.00173369	-0.000158792
0.563814	-0.0256863	0.29259	-0.000784459	0.000129497	-0.000606346
0.563814	-0.0256844	0.29259	-0.000523689	0.00107062	-0.000425553
0.563815	-0.0256831	0.292591	6.85141e-06	0.00127306	0.000111667
0.563814	-0.0256817	0.292591	-0.000333541	0.00133664	-0.000347041
0.563815	-0.0256852	0.292593	3.0723e-05	-0.000652203	0.000646854
0.563814	-0.0256831	0.292592	-0.000307668	0.000109279	7.43924e-06
0.563815	-0.0256789	0.292591	0.000129426	0.00104729	-0.000106413
0.563813	-0.0256806	0.292589	-0.000590844	0.000795145	-0.000906055
0.563816	-0.025676	0.292593	0.000293277	0.00147056	0.000687633
0.563817	-0.0256782	0.292594	0.00129114	0.000496963	0.00144462
0.563815	-0.0256768	0.29259	0.000797826	0.00086918	-0.000101239
0.563814	-0.0256817	0.292589	-0.000774272	-0.00147178	-0.00125122
0.563815	-0.0256761	0.292591	-0.000103114	0.00155241	-0.000440105
0.563813	-0.0256758	0.292588	-0.000760609	0.000557319	-0.00111949
0.563814	-0.0256706	0.292592	-0.000344079	0.00190993	0.000831356
0.563814	-0.0256763	0.292592	-0.000110572	-0.000300976	0.00031779
0.563814	-0.0256751	0.292589	-7.56427e-05	0.000328507	-0.000779313
0.563814	-0.0256724	0.292587	-0.000312666	0.000766783	-0.000885844
0.563813	-0.025672	0.292591	-0.000506323	0.000518506	1.15899e-05
0.563815	-0.0256751	0.29259	0.000206056	-0.000731499	-0.000221764
0.563816	-0.0256718	0.292593	0.000582248	0.000996824	0.00127538
0.563815	-0.0256739	0.29259	0.000237375	-0.00032004	-0.00022048
0.563814	-0.0256689	0.292588	-0.000381447	0.00138371	-0.000883679
0.563815	-0.0256678	0.292595	0.00019089	0.00083992	0.00180651
0.563815	-0.0256672	0.292589	-1.59976e-05	0.000625648	-0.000821133
0.563818	-0.0256687	0.292598	0.00104627	0.000284769	0.0026253
0.563816	-0.0256714	0.292593	-5.75579e-06	-0.000226971	-7.80203e-06
0.563814	-0.0256722	0.292588	-0.000713052	-0.000621659	-0.00181516
0.563815	-0.0256689	0.29259	-8.51599e-05	0.000600828	-0.000295304
0.563815	-0.0256677	0.292592	-5.17437e-05	0.000394249	0.000296859
0.563817	-0.0256689	0.292594	0.000611657	-0.000296578	0.00100583
0.563814	-0.025667	0.292592	-0.000506879	0.000379588	1.00408e-06
0.563816	-0.0256669	0.292591	0.000251469	0.000690447	-0.000249099
0.563817	-0.0256677	0.292594	0.0004538	-8.49647e-05	0.000700427
0.563815	-0.0256687	0.29259	-0.000306513	-0.000477316	-0.000768403
0.563815	-0.0256715	0.292589	-0.000297104	-0.000879631	-0.00107954
0.563815	-0.0256674	0.292593	-9.52314e-05	0.000481482	0.000824185
0.563815	-0.0256685	0.292591	-0.000112397	0.000282084	-0.000479686
0.563815	-0.0256661	0.292592	9.5354e-06	0.000708597	-0.000256952
0.563816	-0.0256703	0.292592	0.000242011	-0.00106086	0.000201279
0.563816	-0.0256658	0.292592	0.000202617	0.000802962	0.000119911
0.563815	-0.025667	0.292591	-0.000191152	8.30006e-05	-0.000292752
0.563816	-0.0256656	0.292593	-0.000101686	0.000528399	0.000278078
0.563814	-0.025664	0.292591	-0.000348233	0.000887079	-0.000176847
0.563816	-0.0256672	0.292594	0.00012178	-0.00046918	0.000818544
0.563813	-0.02567	0.292588	-0.000649497	-0.00124614	-0.0012743
0.563815	-0.0256672	0.292593	-7.59587e-06	0.000124491	0.000587442
0.563815	-0.0256686	0.29259	-0.000129149	-0.000379103	-0.000676568
0.563815	-0.0256655	0.292592	0.000304998	0.000756538	0.000474516
0.563815	-0.0256686	0.29259	0.000118014	-0.000531965	-0.000215806
0.563814	-0.0256671	0.292587	-7.10973e-06	0.000136101	-0.00123597
0.563816	-0.0256659	0.292593	0.000447289	9.72022e-05	0.00117286
0.563815	-0.0256666	0.292589	-5.31166e-05	9.883e-05	-0.000619963
0.563814	-0.0256685	0.292588	-0.000367911	-0.000477462	-0.000817114
0.563816	-0.0256656	0.292591	0.000422802	0.000666908	0.000739181
0.563815	-0.0256701	0.29259	-6.46973e-05	-0.00104355	0.000124028
0.563815	-0.0256686	0.292591	-4.70874e-05	-0.00018065	6.84551e-05
0.563814	-0.0256685	0.292591	-0.000271697	-9.72081e-05	0.000198665
0.563814	-0.0256701	0.292589	-0.00118528	-0.000621703	-0.00121179
0.563816	-0.0256688	0.292594	-0.000501572	2.51415e-05	0.000510669
0.563814	-0.0256704	0.292588	-0.000919806	-0.000940403	-0.00172537
0.563815	-0.0256713	0.29259	-0.000288467	-0.000664035	-0.000241041
0.563816	-0.0256701	0.292593	0.000138687	5.13544e-05	0.000713348
0.563814	-0.0256684	0.292589	-0.000831327	0.000629219	-0.00119056
0.563815	-0.0256686	0.292593	1.88221e-05	0.000360275	0.000918322
0.563816	-0.0256686	0.292593	0.000325933	0.00022513	0.000512966
0.563816	-0.0256702	0.292593	0.000122147	-0.000376069	0.000279782
0.563815	-0.0256698	0.292591	-0.000213207	0.000296068	-0.00068741
0.563816	-0.0256706	0.292592	0.000132014	-0.000337697	-0.00010152
0.563814	-0.0256702	0.292589	-0.000498937	-0.000180371	-0.000813131
0.563814	-0.0256748	0.292589	-0.000408159	-0.00168392	-0.000555594
0.563816	-0.0256718	0.292594	0.000153024	-0.00011429	0.00106425
0.563815	-0.0256733	0.292594	7.62051e-05	-0.000599507	0.000707766
0.563814	-0.0256701	0.292589	-0.000310949	0.000676577	-0.000980638
0.563814	-0.0256685	0.292589	-0.000183586	0.000964787	-0.000633971
0.563815	-0.025667	0.292589	0.000168694	0.00114948	-0.000562116
0.563813	-0.0256704	0.292591	-0.000467519	-0.000769277	-7.31036e-05
0.563816	-0.0256698	0.292595	0.000603967	-5.67638e-05	0.00155878
0.563814	-0.0256715	0.29259	-0.000246247	-0.000504859	-0.000718205
0.563815	-0.0256748	0.292591	6.43775e-05	-0.00140181	-0.000131071
0.563815	-0.0256686	0.292594	0.000273524	0.00114056	0.00102921
0.563814	-0.0256733	0.29259	3.52853e-06	-0.000790349	-0.000406064
0.563814	-0.0256729	0.292593	-0.000172536	6.26598e-06	0.000427787
0.563817	-0.025675	0.292594	0.000946669	-0.000591699	0.000700533
0.563815	-0.0256707	0.292592	-0.000170639	0.000705414	-0.000114921
0.563816	-0.025672	0.292593	0.000107471	-7.63158e-05	0.000253867
0.563814	-0.0256701	0.292587	-0.000557595	0.000526419	-0.00161252
0.563815	-0.0256733	0.292592	2.03785e-05	-0.00072578	0.000403979
0.563816	-0.0256718	0.292593	0.000310824	1.51722e-05	0.000624581
0.563815	-0.0256733	0.292592	-0.000122417	-0.000485062	2.2927e-05
0.563815	-0.0256717	0.292595	1.33237e-05	0.000185229	0.001017
0.563815	-0.0256705	0.29259	2.44827e-06	0.00368296	-0.000887554
0.563814	-0.0256697	0.292594	-0.000126736	0.0032829	0.000566131
0.563813	-0.025673	0.292584	-0.000314053	0.00140374	-0.00269699
0.563813	-0.02567	0.292588	-0.000375194	0.00214304	-0.000619618
0.563816	-0.0256733	0.292596	0.000697002	0.000443606	0.00175863
0.563815	-0.0256748	0.292589	0.000116793	-9.26203e-05	-0.000698746
0.563815	-0.0256714	0.292593	0.000204874	0.00155137	0.00106772
0.563815	-0.0256706	0.292591	6.46653e-05	0.00109497	-0.000331631
0.563814	-0.0256702	0.292589	-0.000260369	0.000791337	-0.000604104
0.563815	-0.0256686	0.292592	0.000165717	0.00105234	0.000477346
0.563814	-0.0256701	0.29259	-0.000249464	0.000221978	-9.25905e-05
0.563815	-0.0256702	0.292593	0.000547131	-0.000273154	0.000948928
0.563815	-0.0256686	0.292592	5.48979e-05	0.000377387	0.000214483
0.563815	-0.0256717	0.292595	8.7683e-05	-0.000791005	0.00114862
0.563816	-0.0256686	0.29259	0.000267195	0.000514925	-0.000875624
0.563815	-0.0256687	0.292592	-5.55412e-05	0.000313852	6.62844e-05
0.563814	-0.0256667	0.292591	-0.000321818	0.00126908	-0.000342726
0.563816	-0.0256706	0.292591	0.000317155	-0.000697432	1.97294e-05
0.563816	-0.0256672	0.292593	0.000231875	0.000570847	9.28419e-06
0.563815	-0.0256686	0.292594	-7.18207e-05	-0.000127473	0.000691337
0.563814	-0.0256685	0.292589	-0.000456246	-5.00458e-05	-0.00100065
0.563815	-0.025667	0.292592	5.42827e-05	0.000460529	-0.000238639
0.563816	-0.0256714	0.292593	0.000102961	-0.00419108	0.000109439
0.563814	-0.0256705	0.292591	-0.000458005	-0.00304	-0.000124578
0.563814	-0.0256717	0.292587	-0.000719389	-0.00272653	-0.00152431
0.563815	-0.0256671	0.292593	-5.80287e-05	-0.00045963	0.000897191
0.563815	-0.0256702	0.292592	0.000143743	-0.00148669	0.000418798
0.563815	-0.0256667	0.292592	0.000187042	0.000486148	-0.000171157
0.563817	-0.0256677	0.292595	0.000713665	-0.000358143	0.00112682
0.563815	-0.0256672	0.292591	-0.00020328	-0.000195066	-0.000554983
0.563814	-0.0256671	0.292589	-0.000446004	-0.000187366	-0.000774595
0.563817	-0.0256687	0.292594	0.000388293	-0.000678805	0.000833772
0.563815	-0.0256671	0.292594	-1.42439e-05	6.08022e-05	0.000679823
0.563813	-0.0256685	0.292586	-0.00082566	-0.000432231	-0.00243828
0.563816	-0.0256683	0.29259	0.000426814	0.000143867	6.57615e-05
0.563815	-0.025669	0.29259	2.3008e-05	-0.000406858	0.000189345
0.563814	-0.025673	0.292593	-0.000262474	-0.00131421	0.00121803
0.563816	-0.0256645	0.292593	0.000269703	0.00165762	0.000315053
0.563816	-0.0256703	0.292593	0.000390466	-0.000945785	0.000561793
0.563814	-0.0256674	0.292592	-0.00233725	6.36225e-05	-0.00240646
0.563815	-0.0256693	0.292589	-0.0015019	4.72352e-05	-0.00296981
0.563814	-0.0256658	0.292592	-0.00130196	0.000998751	-0.000976922
0.563814	-0.0256686	0.292589	-0.00102064	-0.000312712	-0.0017592
0.563815	-0.0256671	0.292592	-0.000475538	0.000277689	-0.000425411
0.563815	-0.0256717	0.292592	-0.000410101	-0.00137174	-0.000342348
0.563815	-0.0256655	0.29259	-0.000253082	0.00116885	-0.000768093
0.563816	-0.0256702	0.292594	-0.000196895	-0.000782422	0.000463226
0.563814	-0.0256701	0.292591	-0.000495325	-0.000498375	-0.000613321
0.563816	-0.0256672	0.292593	0.000308997	0.000618482	0.00033636
0.563814	-0.0256686	0.292591	-0.000412989	-6.23824e-05	-0.000543036
0.563816	-0.0256617	0.292592	0.000421868	0.00147552	-4.57577e-05
0.563814	-0.0256724	0.292589	-0.000566862	-0.00204659	-0.000913682
0.563814	-0.025673	0.292589	-0.000146904	-0.00138249	-0.000782212
0.563815	-0.0256685	0.292591	6.74272e-05	0.000641309	5.81716e-05
0.563814	-0.0256716	0.292588	-0.000348092	-0.000591971	-0.000869689
0.563816	-0.0256659	0.292592	0.000517269	0.00112161	0.000743418
0.563815	-0.0256666	0.292591	-0.000157518	0.00429068	0.00023935
0.563814	-0.0256668	0.292588	-0.000106702	0.00316431	-0.000827143
0.563816	-0.0256701	0.292592	0.000569127	0.00124599	0.00074654
0.563816	-0.0256702	0.292591	0.000354589	0.000993759	0.000472339
0.563816	-0.0256702	0.292592	0.000213868	0.000778637	0.000302444
0.563816	-0.0256686	0.292593	-9.77692e-05	0.00115257	0.000341697
0.563815	-0.0256701	0.29259	-0.000428968	0.000344682	-0.000686284
0.563814	-0.0256655	0.292586	-0.000288024	0.00179984	-0.0014795
0.563814	-0.0256716	0.292591	-0.000144449	-0.000805178	0.000583394
0.563814	-0.0256701	0.292592	-6.18612e-05	4.40565e-06	0.000896819
0.563815	-0.0256686	0.292592	0.000279945	0.000531362	0.00048419
0.563815	-0.0256702	0.29259	0.000366117	-0.000163754	-0.000362207
0.563815	-0.0256687	0.292591	-0.000270676	0.000413058	2.57887e-05
0.563816	-0.0256702	0.292593	0.000104297	-0.000214188	0.000410771
0.563816	-0.0256718	0.292595	0.000388436	-0.000685963	0.00117872
0.563815	-0.0256702	0.292594	6.54517e-06	8.98926e-05	0.000437927
0.563816	-0.025673	0.292594	-1.9795e-05	-0.000455102	0.000281643
0.563815	-0.0256705	0.29259	-0.000152053	0.000229106	-0.000932853
0.563815	-0.0256703	0.292595	6.61216e-05	0.000150963	0.000933188
0.563815	-0.0256686	0.292591	-1.0956e-05	0.000633119	-0.000855758
0.563814	-0.0256748	0.292591	-0.00039949	-0.00164784	-0.000466862
0.563816	-0.0256718	0.29259	0.000346419	-9.08538e-05	-0.000553556
0.563814	-0.02567	0.292586	-0.000421262	0.00051284	-0.00168156
0.563815	-0.0256701	0.29259	6.645e-05	0.000313536	0.000267349
0.563814	-0.0256729	0.29259	2.04928e-05	-0.000313816	0.000178238
0.563815	-0.0256674	0.292592	9.55131e-05	0.00134003	0.000647052
0.563815	-0.0256703	0.292591	6.67748e-06	-0.000141592	-7.60896e-05
0.563815	-0.0256761	0.292592	9.57902e-07	-0.00165629	0.000477982
0.563815	-0.0256737	0.292592	2.4486e-05	-0.000581842	0.00031869
0.563814	-0.0256734	0.292588	-0.000229381	0.00315668	-0.00116089
0.563816	-0.0256703	0.292595	0.000662387	0.00338572	0.00159107
0.563814	-0.0256733	0.29259	-3.54888e-05	0.00146101	-0.0004139
0.563816	-0.0256702	0.292593	0.000434325	0.00216101	0.000684611
0.563813	-0.0256716	0.292587	-0.000473507	0.00109245	-0.00140311
0.563815	-0.0256702	0.292589	0.000106267	0.00132504	-0.000473348
0.563815	-0.0256717	0.292594	0.000132978	0.000417896	0.00121604
0.563815	-0.0256733	0.292593	7.13151e-06	-0.000195912	0.000759311
0.563815	-0.0256717	0.29259	-1.56177e-05	0.000443901	-0.000511861
0.563814	-0.0256669	0.292586	-0.00028434	0.00191871	-0.00171863
0.563816	-0.0256734	0.292592	0.000704816	-0.000851968	0.00101606
0.563815	-0.0256733	0.292591	-7.87095e-05	-0.000515515	-1.50808e-05
0.563814	-0.0256716	0.292588	-0.000431173	0.000220653	-0.000977402
0.563815	-0.0256733	0.292594	6.87706e-05	-0.000398709	0.000775109
0.563814	-0.0256701	0.292589	-0.000285277	0.000814335	-0.00089925
0.563816	-0.0256718	0.292593	0.000462239	-2.08723e-05	0.000713021
0.563814	-0.0256717	0.292589	-0.00036234	2.94702e-05	-0.00034301
0.563815	-0.0256733	0.292591	1.17059e-05	-0.000522843	0.000129686
0.563815	-0.0256686	0.292588	0.000154673	0.00123009	-0.000806636
0.563816	-0.0256718	0.292592	0.000374012	-0.000251638	0.000815646
0.563815	-0.0256733	0.292591	0.000196742	-0.000684753	0.000508672
0.563816	-0.0256702	0.292591	0.000148035	0.000578274	0.000332183
0.563814	-0.0256716	0.292589	-0.000504841	-7.97471e-05	-0.000537643
0.563815	-0.0256733	0.292591	-8.6948e-05	-0.000598071	-3.20941e-06
0.563815	-0.0256749	0.292591	-5.04239e-05	-0.000916097	1.52821e-05
0.563815	-0.0256686	0.292589	-0.000137951	-0.00203602	-0.000540267
0.563815	-0.0256749	0.292591	0.000139418	-0.00374909	0.000497197
0.563815	-0.0256749	0.292591	-0.000110735	-0.00628245	0.000309665
0.563813	-0.0256716	0.292586	-0.000732247	-0.00354955	-0.00160636
0.563815	-0.0256717	0.292592	-5.49165e-05	-0.00275355	0.000913104
0.563813	-0.0256716	0.292589	-0.000659609	-0.00204485	-0.000169578
0.563814	-0.0256732	0.292589	-0.000204421	-0.00209684	-0.000253206
0.563814	-0.0256744	0.29259	-0.000137655	-0.0015518	0.000324196
0.563815	-0.025675	0.29259	0.000209047	-0.0016194	0.000109327
0.563816	-0.0256719	0.292591	0.000755207	-0.000216047	0.000336329
0.563814	-0.0256733	0.292594	-0.000498323	0.00277026	0.000742864
0.563815	-0.0256702	0.292591	0.00026186	0.0030991	-0.000208195
0.563815	-0.0256717	0.292592	-4.87093e-05	0.00174209	5.64572e-05
0.563815	-0.0256702	0.292592	0.000271663	0.00178918	0.000406388
0.563815	-0.0256701	0.292589	5.08477e-05	0.00130863	-0.000833226
0.563815	-0.0256686	0.292592	0.00016748	0.00146288	0.000517508
0.563816	-0.0256703	0.292591	0.000627216	0.000471821	7.91492e-05
0.563815	-0.0256686	0.29259	-6.92081e-05	0.000918871	-0.000137994
0.563815	-0.0256717	0.292592	-5.66591e-05	-0.000389525	0.000399234
0.563814	-0.0256716	0.292589	-0.000438711	-0.000218272	-0.000680078
0.563814	-0.0256701	0.292591	-0.000202334	0.000392901	9.34273e-05
0.563815	-0.0256703	0.292589	9.3791e-05	0.000216348	-0.000608296
0.563815	-0.0256713	0.29259	7.52563e-05	0.000191089	0.000112524
0.563814	-0.025672	0.292591	-0.000241911	-0.000366175	0.000203529
0.563814	-0.0256702	0.292591	-0.000108361	0.000280817	0.000170897
0.563816	-0.0256703	0.292592	0.000473037	0.000150658	0.000333651
0.563815	-0.0256729	0.29259	-1.46178e-05	-0.000386522	-0.000181329
0.563814	-0.0256705	0.29259	-0.000321922	0.000279239	-0.000510868
0.563814	-0.0256702	0.292591	-0.000205651	0.000179953	0.00015659
0.563817	-0.0256688	0.292594	0.000951723	0.000580663	0.00139346
0.563814	-0.0256732	0.292588	-0.000243671	-0.00111727	-0.00101666
0.563816	-0.0256686	0.292593	0.000321545	0.000783874	0.000797364
0.563816	-0.0256686	0.292593	-9.08909e-05	0.000545908	0.000148541
0.563816	-0.0256702	0.292595	0.000226178	-0.000186049	0.000976003
0.563813	-0.0256684	0.292588	-0.000815526	0.000474174	-0.00154184
0.563814	-0.0256685	0.292587	-0.000303869	0.000297427	-0.00119129
0.563816	-0.0256671	0.292595	0.000604462	0.000655966	0.00161034
0.563814	-0.0256701	0.29259	-0.000302747	-0.00053949	-0.000742453
0.563813	-0.02567	0.29259	-0.000469432	-0.000346942	-0.000345864
0.563815	-0.0256656	0.29259	0.000361851	0.0012445	5.1842e-05
0.563814	-0.0256701	0.292589	-0.000193774	-0.000664064	-0.000411278
0.563814	-0.0256701	0.292591	-9.20124e-05	-0.000447653	0.000247568
0.563815	-0.0256671	0.29259	-0.000789501	0.000636142	-0.000881944
0.563816	-0.0256687	0.292596	-0.000219938	-8.68122e-05	0.000803385
0.563814	-0.0256717	0.292587	-0.000712349	-0.00105475	-0.00201026
0.563814	-0.0256671	0.292589	-0.000660575	0.000826489	-0.00117985
0.563815	-0.0256686	0.292592	-0.000148546	3.60203e-05	0.000601989
0.563815	-0.0256701	0.292589	-0.000285492	-0.00047819	-0.000749015
0.563814	-0.0256669	0.292588	-0.000435069	0.000740607	-0.000851235
0.563815	-0.0256656	0.292592	0.000124344	0.000932472	0.000870691
0.563815	-0.0256717	0.29259	-8.77389e-05	-0.00140528	3.43553e-06
0.563816	-0.0256714	0.292596	9.35021e-05	-0.000432415	0.00154312
0.563815	-0.0256717	0.29259	-0.000385866	-0.000247325	-0.000907981
0.563815	-0.0256676	0.292594	0.000134436	0.000837905	0.000810088
0.563817	-0.0256689	0.292594	0.000666975	2.0226e-06	0.000798654
0.563815	-0.0256686	0.292591	-0.000177424	5.20358e-05	-0.000733022
0.563815	-0.025667	0.292592	-5.87747e-05	0.00054684	4.17535e-05
0.563815	-0.0256686	0.292591	-0.00010218	-0.000148592	-0.000505621
0.563816	-0.025664	0.292593	1.25841e-05	0.00144984	0.000190163
0.563815	-0.0256655	0.292594	4.86953e-05	0.000444622	0.000662086
0.563815	-0.025667	0.292592	-8.93126e-05	-0.000224323	-0.000133377
0.563815	-0.0256701	0.292592	-0.000213302	-0.00469164	-0.000128053
0.563815	-0.0256701	0.29259	-0.000193957	-0.00341086	-0.000623663
0.563815	-0.0256686	0.292595	-7.75357e-06	-0.00198957	0.00110307
0.563816	-0.0256718	0.292596	0.000182241	-0.00254987	0.000610241
0.563816	-0.0256687	0.292592	5.80656e-05	-0.000780302	-0.000646213
0.563814	-0.0256717	0.292591	-0.00055546	-0.00161204	-0.000659727
0.563814	-0.0256685	0.29259	-0.000363137	-9.5498e-05	-0.000962939
0.563815	-0.0256701	0.292592	3.68417e-05	-0.000659827	-0.000260076
0.563814	-0.025667	0.292593	-0.000131809	0.000576482	0.000521329
0.563816	-0.0256734	0.292593	0.000655371	-0.00177813	0.0004213
0.563814	-0.0256701	0.292589	-0.000431302	-0.000104669	-0.00084789
0.563813	-0.0256684	0.292588	-0.000597574	0.000451706	-0.000962886
0.563815	-0.0256702	0.29259	0.000455335	-0.00028913	-2.53142e-05
0.563815	-0.0256686	0.292592	6.41445e-05	0.000331837	0.000615645
0.563814	-0.0256716	0.292591	-0.000279152	-0.000803827	4.4645e-05
0.563814	-0.0256732	0.29259	2.55767e-05	-0.00107825	-0.000147222
0.563815	-0.0256655	0.292593	-6.10963e-05	0.00188689	0.000631583
0.563815	-0.0256686	0.292592	0.00014674	0.000199767	0.000233723
0.563813	-0.0256669	0.292591	-0.000456658	0.00069501	-0.000572126
0.563815	-0.0256749	0.292591	0.000481762	-0.00219654	0.000239284
0.563815	-0.0256718	0.292591	0.000309145	-0.000428757	0.000117496
0.563814	-0.0256716	0.292589	-0.000344314	-0.000242369	-0.000635198
0.563813	-0.0256747	0.292586	-0.000648004	-0.001182	-0.00135297
0.563814	-0.0256713	0.29259	-1.7582e-05	0.000748123	1.3206e-05
0.563815	-0.0256736	0.292591	0.000273662	-0.000561824	0.000406044
0.563815	-0.0256718	0.292589	0.000140273	0.00015651	-0.000286118
0.563815	-0.0256749	0.292591	8.30196e-05	-0.00094733	0.000331005
0.563816	-0.0256687	0.29259	0.000420256	0.0014297	0.000113086
0.563814	-0.0256701	0.292591	-0.000340026	0.000461129	0.000300397
0.563813	-0.02567	0.292589	-0.000481195	0.000344994	-0.000637818
0.563814	-0.0256748	0.29259	0.000157623	-0.00138288	0.000278031
0.563815	-0.0256764	0.292593	0.000215249	-0.00144942	0.00127099
0.563813	-0.0256731	0.292588	-0.000521041	0.000124307	-0.000966173
0.563814	-0.0256762	0.292591	-5.16702e-05	-0.000923231	0.000230509
0.563814	-0.0256748	0.292591	1.67879e-05	-0.000158391	0.000208504
0.563815	-0.0256764	0.292592	0.000291614	-0.000640431	0.000501232
0.563813	-0.0256763	0.292592	-0.00040728	-0.000389313	6.51824e-05
0.563814	-0.0256736	0.292591	8.10708e-05	0.000245079	-3.24571e-05
0.563814	-0.0256758	0.292592	0.000244386	-0.000318247	0.000251001
0.563815	-0.0256759	0.292591	0.000485814	0.000227177	8.6548e-05
0.563813	-0.0256735	0.292586	-0.000308341	0.000721587	-0.00171666
0.563814	-0.0256749	0.292591	-8.65576e-05	-4.8668e-05	0.000438129
0.563813	-0.025676	0.292589	-0.000155554	-2.39117e-05	-0.000292552
0.563815	-0.0256799	0.292589	-0.000884092	-0.00164157	-0.00118578
0.563814	-0.0256749	0.292592	-0.000855088	0.000470196	0.00027663
0.563815	-0.0256748	0.292589	-0.000378962	0.000306414	-0.00100015
0.563814	-0.0256778	0.292588	-0.000374312	-0.000784018	-0.000752267
0.563814	-0.0256778	0.292589	-0.000256572	-0.000522968	-0.000507644
0.563816	-0.0256718	0.292592	0.000239272	0.0016499	0.000573343
0.563813	-0.0256775	0.29259	-0.000871674	-0.00040202	-0.000335657
0.563813	-0.0256778	0.292587	-0.0006661	-0.000972599	-0.000942401
0.563813	-0.0256775	0.292588	-0.000393398	-0.000185599	-0.000104537
0.563815	-0.0256737	0.29259	0.000450324	0.000875125	0.000753743
0.563815	-0.0256718	0.29259	0.000287993	0.00109899	0.000481036
0.563815	-0.0256749	0.292591	0.000445547	-0.000328828	0.000690166
0.563816	-0.0256718	0.292593	0.000350881	0.000820993	0.000954864
0.563814	-0.0256748	0.292589	-0.000194819	-0.000472501	-0.00078129
0.563814	-0.0256748	0.292589	-0.000371156	-0.000297849	-0.000358708
0.563815	-0.0256733	0.292593	0.000126552	0.000292449	0.00116169
0.563815	-0.0256733	0.29259	8.69626e-06	0.000209198	-0.000280144
0.563813	-0.0256732	0.292589	-0.000605382	0.000183235	-0.000953344
0.563815	-0.0256718	0.292591	0.000199461	0.000591822	0.000123012
0.563815	-0.0256732	0.292589	-0.000174487	-9.09025e-05	-0.000791337
0.563814	-0.0256717	0.292593	1.92574e-05	0.000441503	0.0010479
0.563814	-0.0256747	0.292589	-0.000383804	-0.000707646	-0.000721145
0.563814	-0.0256733	0.29259	0.000319717	-9.40601e-06	0.000263833
0.563814	-0.0256733	0.292589	0.000203685	3.16306e-06	-0.000331608
0.563814	-0.0256764	0.29259	8.7008e-05	-0.00103218	-0.000241996
0.563816	-0.0256734	0.292593	0.000457421	0.000318291	0.00125091
0.563815	-0.0256733	0.29259	0.00103	0.000279503	0.000869971
0.563814	-0.02567	0.292588	0.000443876	0.00126282	-0.00027946
0.563814	-0.0256716	0.292592	0.000112951	0.000324138	0.0010262
0.563814	-0.0256685	0.292588	0.000424537	0.00125672	-0.000394174
0.563816	-0.0256702	0.292593	0.000918794	0.00026496	0.00151476
0.563814	-0.0256733	0.29259	0.000216643	-0.000839868	9.01032e-05
0.563815	-0.0256764	0.292591	0.000453262	-0.00161914	0.000477761
0.563815	-0.0256748	0.292592	7.33464e-05	-0.000544683	0.000480684
0.563816	-0.0256745	0.292593	0.00139607	0.000179925	0.0015913
0.563815	-0.0256798	0.292593	0.000661001	-0.00189017	0.00126034
0.563814	-0.0256737	0.292589	0.000200367	0.000282173	-0.000506181
0.563816	-0.025673	0.292592	0.000788009	0.000669235	0.000446057
0.563815	-0.025676	0.292595	0.000342969	-6.8901e-05	0.00146143
0.563814	-0.0256779	0.29259	-0.000147692	-0.000525151	-0.00087897
0.563813	-0.0256798	0.292591	-8.51291e-05	-0.00134369	-5.44801e-05
0.563814	-0.0256797	0.29259	0.000254157	-0.000966977	-0.000126717
0.563816	-0.0256765	0.29259	0.000826286	0.000366802	-0.000288386
0.563816	-0.0256795	0.292596	0.00032896	-0.000741502	0.00147547
0.563813	-0.0256778	0.292588	-0.000802167	4.54254e-05	-0.00124598
0.563813	-0.025684	0.292589	-0.000378425	-0.0020218	-0.000515411
0.563814	-0.0256764	0.29259	0.000235816	0.00117658	0.00013581
0.563816	-0.0256826	0.292591	0.00060726	-0.00128313	0.000279514
0.563815	-0.0256794	0.292594	0.000321081	0.000200542	0.00142297
0.563814	-0.0256811	0.292592	-0.000120652	-0.000417382	8.24039e-05
0.563817	-0.0256842	0.292595	0.000453749	-0.00131368	0.000784953
0.563814	-0.0256841	0.292589	-0.000410264	-0.000818973	-0.00132049
0.563814	-0.0256868	0.292592	-0.00022234	-0.00107729	0.000163726
0.563817	-0.0256846	0.292595	0.000515512	-0.000244609	0.00091079
0.563814	-0.0256854	0.292589	-0.000369137	-0.000109432	-0.00122673
0.563816	-0.0256873	0.292593	0.00016961	-0.000619574	0.000651
0.563813	-0.0256877	0.292593	-0.000542495	-0.000904698	0.000579213
0.563815	-0.0256901	0.292587	0.000852582	-0.00105776	-0.00451663
0.563815	-0.0256964	0.292594	0.000936028	-0.00233247	0.00283907
0.563816	-0.0256941	0.292592	0.000974762	-0.00103447	0.00137323
0.563813	-0.0256933	0.29259	-0.000153871	-0.000101395	0.000383143
0.563813	-0.0256956	0.292592	-0.000103067	-0.00112014	0.000823822
0.563812	-0.0257012	0.292589	-0.000126702	-0.00229376	-0.000409114
0.563814	-0.0256957	0.292593	0.000356915	2.77549e-06	0.00117651
0.563814	-0.0256985	0.292591	0.000103778	-0.00103535	-0.000253784
0.563815	-0.0256954	0.292594	0.000440098	0.000324073	0.000740734
0.563814	-0.0257028	0.292593	0.000237929	-0.00186587	0.000517759
0.563813	-0.0257015	0.29259	-0.00012483	-0.000692436	-0.000522224
0.563812	-0.025702	0.29259	-0.00042971	-0.000975402	-0.000241965
0.563814	-0.0257013	0.29259	0.000129122	-0.000132918	-0.000198407
0.563813	-0.0257031	0.29259	-2.38637e-05	-0.000611088	-0.000214431
0.563813	-0.0257091	0.292592	1.14774e-05	-0.00197353	0.000424858
0.563813	-0.0257036	0.292589	8.03616e-06	0.000248557	-0.000726083
0.563814	-0.0257066	0.292591	-6.515e-05	-0.000877862	-3.32896e-05
0.563814	-0.0257077	0.29259	0.00022559	-0.000603003	-0.000159209
0.563813	-0.025711	0.292592	-6.50377e-05	-0.00138172	0.000608087
0.563813	-0.0257086	0.292596	1.73776e-05	-0.000460142	0.00136988
0.563814	-0.0257094	0.292591	0.000181162	-0.000316222	-0.000240767
0.563813	-0.0257096	0.292588	-0.000221381	-0.000183903	-0.00106475
0.563814	-0.0257125	0.292589	0.000133521	-0.000661728	-0.000336834
0.563815	-0.0257099	0.292593	0.000508162	0.000573557	0.000715631
0.563814	-0.0257133	0.292593	-2.76945e-05	-0.00110857	0.00057159
0.563814	-0.0257096	0.292591	-0.000229965	0.000791878	-0.000440918
0.563813	-0.0257126	0.29259	-0.000178097	1.29947e-05	-0.000314533
0.563814	-0.0257132	0.292594	0.000229556	-2.76779e-05	0.00119949
0.563815	-0.0257121	0.292595	0.000424065	1.2647e-05	0.000671357
0.563814	-0.0257118	0.292596	4.36084e-05	-2.23656e-05	0.000603806
0.563815	-0.0257114	0.292593	0.000284405	0.000491224	-0.000247524
0.563814	-0.0257074	0.292593	-2.45117e-06	0.00139103	-1.52664e-06
0.563816	-0.0257072	0.292598	0.000314068	0.000895512	0.00132083
0.563819	-0.025703	0.292598	0.00110278	0.00158292	0.00104867
0.563817	-0.025702	0.292598	0.000217543	0.00161679	0.000482673
0.563817	-0.0257039	0.292598	0.000149506	0.000554783	0.000346514
0.563818	-0.0256993	0.292598	0.00145355	0.00195447	0.00147601
0.563819	-0.0256979	0.292602	0.00148081	0.00179742	0.00245617
0.563821	-0.0256933	0.292604	0.00148795	0.00274182	0.00214848
0.563818	-0.0256931	0.292604	0.000108611	0.00188809	0.00128025
0.56382	-0.0256932	0.292603	0.000704119	0.00122779	0.000659347
0.563821	-0.0256918	0.292606	0.00086318	0.00130565	0.00138825
0.563821	-0.0256841	0.29261	0.000824507	0.00341137	0.00252783
0.563821	-0.0256841	0.292609	0.000281829	0.00230836	0.000835533
0.563824	-0.025678	0.292609	0.00116148	0.00269319	0.00111908
0.563822	-0.0256779	0.29261	0.000305024	0.00182971	0.00109176
0.563822	-0.0256763	0.292612	0.000245524	0.00173511	0.00171265
0.563822	-0.0256748	0.292611	0.000183261	0.00167294	0.000668667
0.563822	-0.0256706	0.29261	0.000164792	0.00211484	-4.58595e-05
0.563822	-0.0256658	0.292613	-4.26781e-05	0.00246539	0.000666702
0.563823	-0.0256619	0.292613	0.000284794	0.00318914	0.00029278
0.563824	-0.0256578	0.292616	0.000342193	0.0031545	0.00128513
0.563823	-0.0256571	0.292615	0.00018679	0.00263726	0.000300573
0.563822	-0.0256518	0.292608	0.000551968	0.00283698	-0.000659616
0.563823	-0.0256466	0.292618	0.000983231	0.00341225	0.00260815
0.563824	-0.0256491	0.292615	0.000859887	0.00175124	0.000576534
0.563824	-0.0256456	0.29262	0.000816546	0.00167304	0.0020539
0.563825	-0.0256402	0.292619	0.000583286	0.00268191	0.000871453
0.563824	-0.0256384	0.292619	0.0001712	0.00232817	0.000742973
0.563825	-0.0256336	0.292618	0.0004736	0.00310476	0.000374059
0.563824	-0.0256351	0.292623	0.00022559	0.00328855	0.00191428
0.563825	-0.0256308	0.292621	0.000511623	0.00336597	0.000750879
0.563825	-0.0256289	0.292621	0.000399909	0.00461638	0.000490554
0.563825	-0.025624	0.292623	0.000152431	0.00488302	0.000981951
0.563826	-0.0256232	0.292624	9.0459e-05	0.00290348	0.000660928
0.563826	-0.0256161	0.292623	0.000405857	0.00412638	0.000351872
0.563828	-0.0256134	0.292628	0.000706725	0.00328566	0.00164037
0.563828	-0.0256084	0.292625	0.000504079	0.00378255	0.000149285
0.563829	-0.0256082	0.292628	0.000350445	0.00256367	0.0010404
0.563828	-0.0256026	0.292628	0.000344319	0.00279564	0.000747668
0.563829	-0.025605	0.292628	0.000392214	0.0008301	0.000308321
0.563828	-0.0255987	0.292626	-0.000215408	0.00218691	-0.00049682
0.56383	-0.0255984	0.292631	0.000623918	0.00320141	0.00148939
0.563831	-0.0255955	0.292632	0.000691951	0.00280084	0.00131355
0.563831	-0.0255954	0.292637	0.000360891	0.00317167	0.00212022
0.56383	-0.0255968	0.292632	0.000200345	0.00309616	-0.000144773
0.56383	-0.0255915	0.29263	0.000184085	0.00394722	-0.000584811
0.56383	-0.0255897	0.29263	0.000129353	0.00339395	-0.000412781
0.563831	-0.02559	0.292631	0.000135796	0.00192279	0.000262143
0.563833	-0.0255858	0.292638	0.000856731	0.0035884	0.0019949
0.563832	-0.0255844	0.292629	-0.000124995	0.00321954	-0.00191593
0.563832	-0.0255883	0.29263	-0.000169722	0.000244898	-0.00086396
0.563831	-0.0255875	0.292633	-0.000300621	0.000308317	0.000608255
0.563832	-0.0255818	0.292631	5.50575e-05	0.00133566	-0.000267721
0.563831	-0.0255821	0.292634	-0.000161879	0.000976478	0.000518192
0.56383	-0.0255828	0.292629	-0.000533248	-0.000294528	-0.00110108
0.563832	-0.0255763	0.292631	0.000329271	0.00136075	5.3534e-05
0.563832	-0.025585	0.292633	8.58505e-05	-0.00218843	0.000501973
0.563829	-0.0255818	0.292627	-0.000939728	-0.000838104	-0.00188538
0.563833	-0.0255848	0.292634	0.000584997	-0.00167931	0.000797279
0.563831	-0.0255814	0.292632	-9.1424e-05	0.00175067	-0.000223932
0.563831	-0.0255789	0.292628	-9.24948e-05	0.00133688	-0.00111274
0.56383	-0.0255871	0.292631	-0.000333395	-0.00199405	0.000400232
0.563831	-0.0255808	0.292628	4.10989e-05	0.000782122	-0.000870175
0.563829	-0.0255867	0.292628	-0.000639746	-0.0014092	-0.000886912
0.563828	-0.0255809	0.292628	-0.000651248	0.000635469	-0.000466696
0.563829	-0.0255854	0.292626	-0.000323258	-0.00158089	-0.000968042
0.56383	-0.0255822	0.292631	-5.04488e-05	-0.000519844	0.000905914
0.563828	-0.0255846	0.292622	-0.000567887	-0.00132156	-0.00234606
0.563828	-0.0255907	0.292626	-0.000399626	-0.00295683	-0.000541341
0.563827	-0.0255858	0.292622	-0.00056835	-0.000370267	-0.00128302
0.563826	-0.0255884	0.292618	-0.000749955	-0.000727061	-0.00225414
0.563828	-0.0255897	0.292621	0.000160648	-0.00157074	-0.000162463
0.563825	-0.0255889	0.292616	-0.000638144	-0.000985798	-0.00198075
0.563825	-0.0255879	0.292615	-0.000409116	0.000387573	-0.00133791
0.563825	-0.025598	0.292613	-0.000421444	-0.00286364	-0.00140665
0.563826	-0.025594	0.292614	3.52383e-05	-0.000879533	-0.00106619
0.563826	-0.0255936	0.292614	-8.78295e-06	-0.000581926	-0.000748936
0.563823	-0.025598	0.292608	-0.000998667	-0.00188046	-0.00215272
0.563825	-0.0255997	0.292612	-4.18078e-05	-0.00182569	-0.000147298
0.563824	-0.0256028	0.29261	-8.47316e-05	-0.00225064	-0.000605699
0.563823	-0.0256039	0.292606	-0.00046383	-0.00147542	-0.0018446
0.563822	-0.0256062	0.292606	-0.000625388	-0.00200466	-0.0011015
0.563823	-0.0256028	0.292606	-0.000101763	-0.000303416	-0.000883394
0.563824	-0.0256055	0.292605	0.000177	-0.000745339	-0.00071733
0.563823	-0.025609	0.292604	-0.00023528	-0.0015182	-0.000871576
0.563823	-0.0256108	0.292603	-0.000239628	-0.00199654	-0.00111217
0.563822	-0.0256132	0.292602	-0.000452143	-0.00183213	-0.000613109
0.56382	-0.0256162	0.292601	-0.000690654	-0.00172318	-0.000844294
0.563819	-0.0256185	0.292596	-0.000893227	-0.00215357	-0.00244464
0.563819	-0.0256135	0.292598	-0.00078663	0.000141112	-0.00103578
0.563816	-0.025616	0.292591	-0.0012382	-0.000371779	-0.00294487
0.563816	-0.0256223	0.292591	-0.000926149	-0.00180737	-0.00200876
0.563815	-0.0256231	0.29259	-0.00294687	-0.00154784	-0.00427559
0.563815	-0.0256213	0.292587	-0.00221701	-0.000490526	-0.00412659
0.563814	-0.0256223	0.292583	-0.00201113	-0.000296273	-0.00387193
0.563816	-0.0256228	0.292584	-0.000865276	-0.000227251	-0.0024599
0.563811	-0.0256287	0.292577	-0.00200236	-0.00208703	-0.00380651
0.563811	-0.0256287	0.292576	-0.00139836	-0.0013844	-0.00309348
0.563809	-0.025624	0.292569	-0.00158955	0.000650104	-0.00392358
0.563807	-0.0256281	0.292566	-0.00147564	-0.000539126	-0.00353534
0.563808	-0.0256317	0.292568	-0.000743605	-0.00142058	-0.00154033
0.563807	-0.0256286	0.292563	-0.000819414	0.000131813	-0.00287144
0.563808	-0.0256284	0.292567	-0.000249784	0.000576253	-0.000636772
0.563808	-0.0256303	0.292564	-0.000211125	-0.000121256	-0.00138606
0.563805	-0.0256334	0.292559	-0.000873637	-0.00107651	-0.00224559
0.563805	-0.0256335	0.292562	-0.000485898	-0.000722301	-0.000495225
0.563806	-0.0256274	0.292556	-4.57802e-05	0.00154977	-0.00194172
0.563803	-0.0256288	0.292556	-0.000959048	0.000561362	-0.00145626
0.563802	-0.0256299	0.29255	-0.000998457	0.000413726	-0.0028695
0.563804	-0.0256293	0.292554	0.000188375	0.000207835	-0.000818673
0.563806	-0.0256302	0.292556	-0.000395112	0.00022771	-0.000740157
0.563803	-0.025635	0.29255	-0.00112669	-0.00135453	-0.00243591
0.563803	-0.0256317	0.292551	-0.000703488	0.000614527	-0.00117568
0.563801	-0.0256335	0.292547	-0.000635651	-0.000359331	-0.00137878
0.563802	-0.0256303	0.292546	-0.00043707	0.000802341	-0.00145108
0.563801	-0.0256334	0.292547	-0.000321292	-0.000504906	-0.000489684
0.563804	-0.0256317	0.292552	0.000496626	0.000653946	0.000989293
0.563803	-0.025631	0.292548	0.000252258	0.000393366	8.96296e-05
0.563805	-0.0256261	0.29255	0.000566329	0.00180246	0.000478396
0.563803	-0.0256306	0.29255	-0.000435658	-0.00387394	4.65663e-05
0.563804	-0.0256259	0.292548	0.000270967	-0.0013448	-0.00027662
0.563802	-0.0256286	0.292543	-0.000535211	-0.00160352	-0.00148327
0.563804	-0.0256244	0.292547	0.000413001	0.000282784	0.000358629
0.563806	-0.0256246	0.292548	0.000782362	2.59546e-05	0.000418016
0.563805	-0.0256215	0.292552	0.00016055	0.000990897	0.00166097
0.563804	-0.0256218	0.292548	-0.0002913	8.87156e-05	0.000186949
0.563805	-0.0256199	0.292547	0.000122274	0.000521135	-8.79331e-07
0.563805	-0.0256182	0.292552	0.000177838	0.00081502	0.00105259
0.563807	-0.0256183	0.292553	0.000696334	0.000477316	0.00141847
0.563808	-0.0256152	0.292555	0.000825133	0.00130827	0.00183572
0.563807	-0.0256167	0.292552	0.000210589	0.000367471	0.000332982
0.563807	-0.0256169	0.292554	0.000147135	0.000163221	0.000738607
0.563808	-0.0256136	0.292552	0.000443405	0.00118613	0.000368841
0.563807	-0.0256106	0.29255	0.000275778	0.00177289	-0.000280937
0.563807	-0.0256094	0.292555	1.81575e-05	0.00118372	0.00101956
0.563806	-0.0256101	0.292553	-0.000359473	0.00081704	-0.000260223
0.563807	-0.0256093	0.292553	0.00011726	0.00052333	-0.000224739
0.563807	-0.0256039	0.292554	0.000159532	0.0024198	0.000826908
0.563806	-0.0256076	0.292554	-0.000205354	6.70575e-05	0.000704203
0.563808	-0.0256039	0.292552	0.000433828	0.0015782	-0.000319356
0.563807	-0.025601	0.292551	-5.31319e-06	0.00211835	-0.00110722
0.563807	-0.0255999	0.292553	-0.000233982	0.00141927	-6.7303e-05
0.563811	-0.0255983	0.292559	0.00115797	0.00137875	0.0020366
0.563807	-0.0255995	0.292553	-0.000237251	0.000468961	-0.000351154
0.563808	-0.0255979	0.292554	0.000142573	0.000811539	0.000124235
0.563807	-0.0255939	0.292553	-0.00042581	0.00109978	-0.000126375
0.563809	-0.0255975	0.292557	0.000347229	-0.000349528	0.00121042
0.563808	-0.025596	0.292557	0.000256884	0.000282279	0.00124881
0.563807	-0.0255897	0.292552	-0.000441324	0.00231342	-0.000907873
0.563807	-0.025596	0.292556	-0.000320082	-0.000543703	0.000354814
0.56381	-0.0255931	0.292561	0.000816037	0.000608369	0.00194241
0.563807	-0.0255883	0.292557	-0.000327412	0.00202418	0.000152461
0.563808	-0.025593	0.292562	0.00019557	0.00148019	0.001532
0.563808	-0.0255934	0.292558	9.42289e-06	0.000625053	-6.76055e-05
0.56381	-0.0255915	0.292561	0.000614169	0.000997282	0.000703557
0.56381	-0.0255867	0.292566	0.000388974	0.00231028	0.00224624
0.563808	-0.0255865	0.29256	-0.000183124	0.00163632	-0.00047542
0.563809	-0.0255819	0.292564	2.65881e-05	0.00268665	0.000747308
0.56381	-0.0255913	0.292565	0.000207863	-0.00131017	0.000853919
0.563809	-0.0255854	0.292563	-6.09235e-05	0.00072846	0.000245289
0.56381	-0.0255838	0.292568	0.000485285	0.00223167	0.00213638
0.563809	-0.0255848	0.292566	-9.55392e-05	0.00114898	0.000467079
0.563812	-0.025586	0.292568	0.00078328	0.000832191	0.000416875
0.563812	-0.0255852	0.292574	0.000706368	0.000631921	0.00238228
0.563812	-0.0255876	0.29257	0.000344025	-2.4339e-05	0.000516883
0.563812	-0.0255864	0.292575	0.00036699	0.000540005	0.00190993
0.563814	-0.0255835	0.292575	0.000839445	0.00140165	0.00150321
0.563815	-0.0255883	0.292576	0.000822819	-0.000625145	0.00139953
0.563812	-0.0255866	0.292576	-0.000333235	0.000184243	0.000291388
0.563815	-0.0255856	0.292578	0.000657764	7.32141e-05	0.000831944
0.563815	-0.0255868	0.292582	0.000554637	-0.000470961	0.00213416
0.563815	-0.0255851	0.29258	0.000351424	0.000228602	0.000407085
0.563817	-0.0255914	0.292585	0.000791616	-0.00197741	0.00203231
0.563816	-0.0255898	0.292584	0.000315983	-0.000776907	0.00153178
0.563815	-0.0255885	0.292582	-0.000163474	-0.000488579	8.86516e-05
0.563818	-0.0255884	0.292589	0.000877613	-0.000398891	0.00219951
0.563818	-0.0255909	0.292586	0.000521606	-0.00076392	0.000481916
0.563818	-0.0255913	0.292587	0.000353668	-0.000521119	0.000825723
0.563818	-0.025593	0.292589	0.000222007	-0.000874215	0.00147888
0.563819	-0.0255943	0.292588	0.000719849	-0.000616853	0.000788467
0.56382	-0.025594	0.292592	0.000518958	-0.000947423	0.00104072
0.563819	-0.0255965	0.292591	-3.61223e-05	-0.00164657	0.000265302
0.56382	-0.0255975	0.292593	0.000280696	-0.00111404	0.000549487
0.56382	-0.0255997	0.292595	-6.30085e-05	-0.00177581	0.0010515
0.56382	-0.0256006	0.29259	-0.000117967	-0.00116489	-0.000784411
0.563819	-0.025602	0.292592	-0.00031326	-0.000767045	8.54728e-05
0.56382	-0.0256062	0.292594	0.000306389	-0.00212082	0.00127148
0.563819	-0.02561	0.292591	-0.000155478	-0.00237629	-4.17564e-05
0.563819	-0.025615	0.292594	-0.000166644	-0.00315381	0.000458796
0.563819	-0.0256108	0.292591	-0.000109056	-0.00105005	-0.000702556
0.563818	-0.0256113	0.292589	-0.000389583	-0.000207368	-0.0013116
0.563818	-0.0256169	0.292592	-0.000311096	-0.00217966	7.24801e-05
0.563817	-0.0256198	0.292588	-0.000603568	-0.00245674	-0.00132213
0.563818	-0.0256183	0.292589	-7.23108e-05	-0.00114576	-0.000477643
0.563819	-0.025621	0.29259	0.000204467	-0.00130494	2.95015e-05
0.563816	-0.0256248	0.292589	-0.000513156	-0.00239008	-0.000297584
0.563816	-0.0256257	0.292588	-0.000647372	-0.0015725	-0.000581371
0.563816	-0.025629	0.292585	-0.000279304	-0.00204989	-0.00151765
0.563815	-0.0256292	0.292586	-0.000420522	-0.0013977	-0.000372034
0.563816	-0.0256304	0.292588	8.7965e-05	-0.000903033	0.000197818
0.563818	-0.0256372	0.292591	0.000606978	-0.00274005	0.00135717
0.563815	-0.0256339	0.292588	-0.000790851	-0.00070847	-0.000137277
0.563817	-0.0256388	0.29259	0.000306804	-0.00208504	0.000529246
0.563815	-0.0256415	0.292585	-0.000528747	-0.00186218	-0.00142918
0.563814	-0.025645	0.292583	-0.000409482	-0.00227661	-0.00146025
0.563814	-0.0256463	0.292583	-0.00024113	-0.00151744	-0.000945691
0.563816	-0.0256467	0.292592	0.000105364	-0.00447666	0.00217758
0.563815	-0.0256499	0.292586	-1.56058e-05	-0.00429605	-0.000484007
0.563813	-0.0256495	0.292583	-0.00072767	-0.0025191	-0.00119798
0.563814	-0.0256502	0.292586	-0.000203929	-0.00368245	0.000136856
0.563815	-0.0256521	0.292586	7.35778e-05	-0.00372791	-6.96017e-05
0.563815	-0.0256573	0.292592	0.000109232	-0.00375701	0.00197224
0.563815	-0.0256552	0.292586	-5.52937e-05	-0.00211313	-0.00072139
0.563813	-0.0256577	0.292585	-0.000334017	-0.00202843	-0.000343222
0.563814	-0.0256581	0.292584	3.16158e-05	-0.00143775	-0.000886184
0.563814	-0.0256642	0.292587	-7.76804e-06	-0.00260094	0.000417155
0.563814	-0.0256707	0.292587	-3.1402e-05	-0.00360147	0.000381723
0.563814	-0.0256697	0.292589	-3.17371e-06	-0.00205041	0.000696069
0.563816	-0.0256716	0.292588	0.000540089	-0.0020491	0.000266382
0.563814	-0.0256738	0.292583	-0.000361496	-0.00140488	-0.00167015
0.563814	-0.0256782	0.292586	-0.000242395	-0.00257676	-9.0794e-05
0.563816	-0.0256775	0.292591	0.000565825	-0.00078808	0.00171757
0.563816	-0.0256767	0.292593	0.000468738	-4.98243e-05	0.0017049
0.563816	-0.0256801	0.292589	0.000428074	-0.00110699	-4.21077e-05
0.563817	-0.0256771	0.29259	-0.000632305	0.000228688	-0.000359775
0.563815	-0.0256817	0.292586	-0.000926659	-0.00138781	-0.00174269
0.563816	-0.0256829	0.292587	-0.000712844	-0.000942688	-0.00124419
0.563817	-0.0256803	0.292592	-6.08942e-05	0.000358952	0.00104648
0.563816	-0.0256816	0.292588	-0.000151605	0.000242379	-0.000808047
0.563817	-0.0256821	0.29259	0.000213687	0.000137605	0.000322264
0.563817	-0.0256838	0.292592	-0.000135552	-0.000427017	0.000816194
0.563816	-0.0256822	0.292588	-0.00054943	0.000261558	-0.000923396
0.563817	-0.0256804	0.292593	0.000106683	0.00118407	0.000811885
0.563817	-0.0256804	0.29259	0.00029287	0.001296	-9.90124e-05
0.563817	-0.0256826	0.292593	0.000263999	0.000331936	0.000944513
0.563818	-0.0256875	0.292593	6.57905e-05	-0.00134091	0.000145631
0.563818	-0.025686	0.292595	0.000403365	-0.000403108	0.000957007
0.563818	-0.0256871	0.292595	2.89396e-05	-0.000238839	0.000781353
0.563819	-0.0256833	0.292594	0.000605408	0.000846273	0.000304299
0.563817	-0.0256841	0.29259	-0.000582194	0.000626049	-0.00148656
0.563819	-0.025683	0.292596	0.00038472	0.000885378	0.00131483
0.563819	-0.0256847	0.292597	0.000231278	7.29728e-05	0.000865397
0.56382	-0.0256801	0.292595	0.000428888	0.00159316	-3.889e-05
0.563819	-0.02568	0.292594	1.20531e-05	0.00108319	-0.000381516
0.563819	-0.0256788	0.292596	-0.000198682	0.000736631	0.000378321
0.563822	-0.0256783	0.292601	0.000783896	0.000941115	0.00187036
0.563821	-0.02568	0.292599	0.000187475	0.000138472	0.000359291
0.563822	-0.025677	0.2926	0.000478252	0.0011127	0.000632782
0.56382	-0.0256757	0.292594	-0.00039374	0.000786575	-0.00135294
0.56382	-0.0256781	0.292595	-0.000195429	1.62126e-05	-0.00084262
0.56382	-0.0256768	0.292596	-0.000164559	0.000519613	-0.000162028
0.563821	-0.025677	0.292597	0.000467334	0.000307087	0.000188401
0.563822	-0.0256775	0.292603	0.000464436	-0.000335654	0.00218818
0.56382	-0.0256723	0.292601	-0.000260789	0.00138327	0.00067533
0.563821	-0.0256718	0.292597	7.60989e-05	0.00143362	-0.000693847
0.563821	-0.0256722	0.292602	0.000129836	0.000944638	0.00106453
0.56382	-0.0256665	0.292599	-0.000185838	0.00216422	-0.000175355
0.563822	-0.0256689	0.292604	0.00020495	0.000949681	0.00126516
0.563822	-0.0256723	0.292604	0.000149651	-0.000416049	0.000906294
0.563822	-0.0256662	0.292602	0.000156472	0.00175845	0.000102183
0.563822	-0.0256647	0.292605	0.000142276	0.0016831	0.00105917
0.563821	-0.0256647	0.292601	-1.6633e-05	0.00113802	-0.000859199
0.563823	-0.0256678	0.292603	0.000613406	-0.000270004	0.000226065
0.563823	-0.0256678	0.292608	0.000192103	-0.000178503	0.0018022
0.563824	-0.0256609	0.292601	0.000406076	0.00139324	-0.000927346
0.563823	-0.0256626	0.292605	2.62026e-05	0.000474493	0.000519553
0.563823	-0.025661	0.292603	-3.30977e-05	0.00129604	-0.000197643
0.563826	-0.025662	0.292609	0.000698563	0.000296669	0.00171983
0.563825	-0.0256617	0.292607	0.000336543	0.000199993	0.00054451
0.563824	-0.0256619	0.292607	-0.000312639	-0.000350652	0.000171243
0.563823	-0.0256626	0.292605	-0.000246114	-0.000221621	-0.000418061
0.563826	-0.02566	0.292609	0.000532251	0.000838652	0.00102994
0.563827	-0.0256608	0.292611	0.000643787	-0.000501806	0.00108701
0.563825	-0.025658	0.29261	-0.000127874	0.000743276	0.000463023
0.563825	-0.0256582	0.29261	-5.34014e-05	0.000496823	0.000336458
0.563826	-0.0256583	0.29261	0.000200659	0.000313003	5.77974e-05
0.563825	-0.0256566	0.292608	-0.000429944	0.000784139	-0.00119686
0.563824	-0.0256597	0.292606	-0.000395419	-0.000516874	-0.000871125
0.563826	-0.0256586	0.292613	0.000125292	-0.000387739	0.00135327
0.563827	-0.0256623	0.292608	0.000581775	-0.000802118	-0.000366382
0.563823	-0.0256572	0.292605	-0.000719596	0.000590316	-0.00121952
0.563826	-0.0256565	0.292613	0.000543001	0.000834011	0.00187671
0.563825	-0.0256597	0.29261	-6.03799e-05	-0.000459754	0.000308174
0.563827	-0.025663	0.292616	0.000628245	-0.00140027	0.00203243
0.563824	-0.0256597	0.292609	-0.000523113	0.000185454	-0.000827344
0.563827	-0.0256603	0.292614	0.000579873	-0.000467104	0.00110897
0.563826	-0.0256626	0.292613	2.08745e-05	-0.000812931	-0.000155089
0.563824	-0.0256631	0.292611	-0.000615623	-0.00102254	-0.000385863
0.563825	-0.0256641	0.292612	-4.4481e-05	-0.00070728	0.000188683
0.563824	-0.0256643	0.292604	-0.000511856	-0.000429849	-0.00236901
0.563827	-0.025663	0.292611	0.000335561	0.000181617	0.000202467
0.563827	-0.0256704	0.292611	0.000495245	-0.0019292	0.000550726
0.563824	-0.025668	0.292609	-0.000563718	-0.000753167	-0.00077262
0.563826	-0.025669	0.292613	0.000183382	-0.00055451	0.00069559
0.563823	-0.0256694	0.292605	-0.000593314	-0.000776045	-0.00185228
0.563824	-0.025675	0.292607	-0.000162773	-0.00209967	-0.000872583
0.563825	-0.025674	0.292611	-1.1312e-05	-0.000951783	0.00049188
0.563824	-0.025677	0.292608	-3.12783e-05	-0.00160727	-0.000171487
0.563825	-0.0256802	0.29261	0.000273387	-0.00214073	0.000780111
0.563824	-0.0256727	0.292608	-0.000392077	0.000696824	-0.000277664
0.563824	-0.025677	0.292607	-0.000102447	-0.00110994	-0.000856068
0.563822	-0.02568	0.292608	-0.000652166	-0.0017536	-0.000293211
0.563822	-0.0256826	0.292605	-0.000496792	-0.00167701	-0.00073802
0.563822	-0.0256814	0.292602	-0.000380646	-0.000596113	-0.00151471
0.563823	-0.0256824	0.292605	3.9981e-05	-0.00146146	-0.000125775
0.56382	-0.0256842	0.292604	-0.000844001	-0.00143251	-0.000683495
0.56382	-0.0256852	0.292607	-0.000495343	-0.000454357	0.000580899
0.563819	-0.0256883	0.2926	-0.000611559	-0.00184482	-0.00177302
0.56382	-0.0256933	0.2926	-0.00015117	-0.00228694	-0.000819808
0.56382	-0.0256892	0.292602	-0.000227316	4.70034e-05	0.00016255
0.56382	-0.0256883	0.292598	5.09122e-06	2.83702e-05	-0.00159561
0.563819	-0.0256921	0.292598	-0.000552724	-0.000985394	-0.000772041
0.563819	-0.0256925	0.292599	-0.000123376	-0.0006813	-0.000184135
0.563818	-0.025697	0.292596	-0.000344816	-0.000311527	-0.000653434
0.563817	-0.0256973	0.292596	-0.000535156	-0.000184773	-0.000818678
0.563817	-0.0256991	0.292593	-0.000413512	-0.00109559	-0.00150441
0.563817	-0.0256972	0.292594	-0.000277566	-0.000223908	-0.000566072
0.563819	-0.0256953	0.292596	0.000196872	0.000829426	2.30211e-05
0.563817	-0.0257028	0.292594	-0.000296972	-0.00140909	-0.000404835
0.563817	-0.0257015	0.292592	-0.000214423	5.80798e-05	-0.00076416
0.563819	-0.0257022	0.292594	0.000223461	8.47155e-06	-5.41777e-05
0.563816	-0.0257011	0.29259	-0.000530077	4.8e-05	-0.00134129
0.563817	-0.0257023	0.292593	-0.0002758	-0.000488091	0.000104097
0.563818	-0.0257034	0.292592	0.000295909	-0.000363208	-0.000208333
0.563816	-0.0257021	0.292588	-0.000427051	0.000334545	-0.00143603
0.563817	-0.0256994	0.292595	0.000211799	0.00116602	0.00148026
0.563815	-0.0256992	0.292588	-0.00055415	0.000844078	-0.00176162
0.563817	-0.0256994	0.292595	0.000326417	0.000490831	0.00158444
0.563816	-0.0257035	0.292591	-0.000182074	-0.000613136	-0.000817496
0.563817	-0.0256979	0.292591	0.000148692	0.00160137	-0.000744228
0.563816	-0.0256995	0.29259	-0.000160973	0.00056257	-0.000329638
0.563815	-0.0257026	0.292589	-0.000371821	-0.000645883	-0.000525625
0.563816	-0.0256918	0.292593	0.000207961	0.00318257	0.000977934
0.563817	-0.0256965	0.292592	0.000367284	0.000532743	0.000590185
0.563817	-0.0256949	0.292589	0.000193808	0.000897537	-0.000660588
0.563816	-0.0256933	0.292589	-0.000174705	0.00113089	-0.000343721
0.563815	-0.0256948	0.292588	-0.000446596	0.000261911	-0.000632916
0.563816	-0.0256918	0.292591	0.000185423	0.00118764	0.000583853
0.563817	-0.0256902	0.292591	0.00041557	0.00129707	0.000250531
0.563816	-0.0256874	0.29259	-3.57419e-05	0.00140439	-0.000233411
0.563817	-0.0256868	0.292592	0.000236096	-0.000245095	0.000701341
0.563815	-0.0256884	0.292587	-0.000558896	-0.000761816	-0.00136557
0.563814	-0.0256853	0.292586	-0.000569103	0.000446041	-0.000738617
0.563817	-0.0256808	0.29259	0.000299447	0.00174176	0.000282376
0.563818	-0.0256809	0.292593	0.000539329	0.00107352	0.00109192
0.563817	-0.0256824	0.292594	7.07045e-05	0.000157641	0.00131076
0.563817	-0.0256796	0.29259	-3.84027e-05	0.000612743	-0.00064002
0.563815	-0.0256834	0.29259	-0.000614869	-0.000623272	-0.000212271
0.563816	-0.0256745	0.292588	-3.4049e-05	0.00262358	-0.000719992
0.563818	-0.0256734	0.292591	0.000649259	0.00175175	0.000328835
0.563817	-0.0256728	0.292593	0.000187755	0.00163376	0.000808947
0.563815	-0.025675	0.292588	-0.00032068	-0.000397025	-0.000844668
0.563816	-0.0256676	0.292591	-2.97071e-05	0.00278892	0.000433629
0.563818	-0.0256656	0.292593	0.000334477	0.0023112	0.000686276
0.563817	-0.0256655	0.29259	-0.000165628	0.0010908	-0.000419802
0.563818	-0.0256667	0.292594	0.000241531	0.000170118	0.00109444
0.563818	-0.0256616	0.292591	0.000152367	0.00215002	-0.000268731
0.563817	-0.0256635	0.292592	0.000142478	0.000911693	0.000307742
0.563817	-0.0256593	0.292595	0.000217394	0.00163809	0.00125905
0.563817	-0.0256631	0.292589	6.36313e-05	0.00188774	-0.00117078
0.563817	-0.0256557	0.292592	-6.83856e-05	0.00397659	-0.000161816
0.563816	-0.0256592	0.292589	-0.000174268	0.00120009	-0.000612548
0.563817	-0.0256499	0.29259	8.63086e-06	0.00347829	-0.000366782
0.563819	-0.0256479	0.292594	0.00046789	0.00288138	0.00117186
0.563818	-0.0256508	0.292593	0.00022827	0.000935255	0.00023872
0.563819	-0.0256449	0.292596	0.000241354	0.00219604	0.00119175
0.563819	-0.0256476	0.292593	6.79805e-05	0.000458998	-0.00023469
0.563818	-0.0256486	0.292592	-0.000260081	0.000357817	-0.000560274
0.563816	-0.0256414	0.292593	-0.000640541	0.00236436	-8.95788e-05
0.563819	-0.0256448	0.292594	0.000380238	-3.89337e-05	0.000557222
0.563819	-0.0256443	0.292596	0.000282189	-1.75192e-05	0.000396203
0.563817	-0.0256472	0.292591	-0.000264439	-0.00100943	-0.00115577
0.563819	-0.0256452	0.292592	0.000206138	0.000346135	-0.000341978
0.563819	-0.0256403	0.292595	0.000254375	0.00120913	0.000783107
0.563819	-0.0256453	0.292593	6.20465e-05	-0.00068874	-2.98381e-05
0.563819	-0.0256396	0.292591	5.2113e-05	0.00110452	-0.000493331
0.56382	-0.0256409	0.292596	0.000414685	0.000190553	0.00105973
0.56382	-0.0256408	0.292594	0.000239344	0.000133125	0.000184728
0.563819	-0.0256407	0.292596	-9.96652e-05	0.000101334	0.000758919
0.563818	-0.0256406	0.292592	-0.000348668	9.55064e-05	-0.000346297
0.563819	-0.0256395	0.292594	4.09869e-05	4.19509e-05	0.000124346
0.563818	-0.0256406	0.292592	-0.000339405	-0.000462896	-0.000832273
0.563819	-0.0256389	0.292592	0.00010173	0.000192652	-0.000603204
0.563817	-0.0256416	0.292595	-0.000491101	-0.000360441	0.000306706
0.56382	-0.0256425	0.292596	0.000521607	-0.000810594	0.000327334
0.56382	-0.0256422	0.292593	0.000282992	-0.000545271	-0.000268636
0.563819	-0.025639	0.292598	4.81055e-05	0.000680171	0.00145841
0.563819	-0.0256405	0.292593	-7.48995e-05	-5.36122e-05	-0.000568303
0.56382	-0.0256421	0.292596	0.000239898	-0.000582806	0.000490855
0.563818	-0.0256404	0.292595	-0.00036085	0.000171525	0.000117968
0.56382	-0.0256452	0.292596	0.000260927	-0.00149096	0.000312603
0.56382	-0.0256436	0.292596	0.00016892	-0.000465722	0.000173282
0.563818	-0.025642	0.292593	-0.000504971	0.000245919	-0.000657531
0.563818	-0.0256435	0.292593	-0.000300296	-0.000355805	-0.000385925
0.563818	-0.0256466	0.292593	-0.000309491	-0.00127066	-0.000340937
0.563821	-0.0256425	0.292594	0.000859616	0.0018392	6.58491e-05
0.563819	-0.0256432	0.292596	0.000345058	0.00138377	0.000654968
0.563819	-0.0256482	0.292594	9.36243e-05	-0.000527544	-0.000131506
0.563821	-0.0256483	0.292595	0.000343628	-0.0002989	0.000282631
0.563818	-0.0256497	0.292593	-0.000400064	-0.000566406	-0.000576415
0.563817	-0.0256513	0.292589	-0.000667705	-0.000866491	-0.00177852
0.563818	-0.0256513	0.292594	0.000164214	0.00295184	0.000816103
0.563817	-0.0256497	0.292588	-0.000267345	0.00278977	-0.00134567
0.563819	-0.0256528	0.292592	0.000435376	0.00105366	0.000395429
0.563818	-0.0256512	0.292594	8.7704e-05	0.00141764	0.00087543
0.563818	-0.0256544	0.292593	-2.05422e-05	3.99111e-05	5.42074e-05
0.563817	-0.0256542	0.292592	-0.000245786	0.000150841	0.000194222
0.563818	-0.0256543	0.29259	6.33857e-06	0.000154406	-0.001006
0.563817	-0.0256574	0.292587	-0.000384229	-0.000850167	-0.0015951
0.563817	-0.0256543	0.292595	-5.17386e-05	0.000486922	0.00149011
0.563818	-0.025659	0.292591	0.000152166	-0.00120614	-0.000104427
0.563817	-0.025657	0.29259	-0.000348098	-0.00325727	-0.000479867
0.563818	-0.0256579	0.292591	3.67961e-05	-0.00299402	6.34634e-05
0.563818	-0.0256588	0.292589	-5.92471e-05	-0.00219509	-0.0010009
0.563817	-0.0256622	0.292592	-0.000515799	-0.00614849	0.000340396
0.563814	-0.0256604	0.292585	-0.00123345	-0.00390573	-0.00183886
0.563816	-0.0256579	0.292586	-0.00029947	-0.00242879	-0.00103833
0.563817	-0.0256606	0.292587	0.000111739	-0.00195046	-0.000258256
0.563817	-0.0256586	0.292589	0.000181599	-0.00038673	0.000372473
0.563815	-0.0256616	0.292586	-0.000278022	-0.000851128	-0.000682525
0.563817	-0.0256627	0.292588	0.000398021	-0.00120804	0.000310037
0.563816	-0.025664	0.292589	-2.96189e-05	-0.00136098	0.000334274
0.563816	-0.0256623	0.292586	2.56837e-05	-0.000423628	-0.000236582
0.563816	-0.0256623	0.292587	-1.61631e-05	-0.000313349	-0.000185956
0.563815	-0.0256653	0.292585	-0.000610885	-0.00122277	-0.000858616
0.563815	-0.0256653	0.292586	-0.000490695	-0.00084748	-0.000145427
0.563816	-0.0256622	0.292586	8.58495e-05	0.000443972	0.000348743
0.563814	-0.0256668	0.292583	-0.000423656	-0.00124038	-0.00123971
0.563819	-0.0256625	0.292593	0.00112232	0.000620664	0.00229163
0.563816	-0.0256623	0.292587	-0.000205034	0.00047999	-0.000143172
0.563815	-0.0256665	0.292584	-0.000231063	-0.00071427	-0.00112472
0.563817	-0.0256593	0.292592	0.000693621	0.00205606	0.00205756
0.563814	-0.0256627	0.292583	-0.00036567	-0.000127751	-0.00144999
0.563815	-0.0256593	0.292586	-0.000130248	0.000951593	-0.000409883
0.563816	-0.0256607	0.292584	-0.000148389	0.000120011	-0.000805423
0.563816	-0.0256588	0.292587	2.34955e-05	0.00111138	0.000516907
0.563815	-0.0256579	0.292587	1.56409e-05	0.000739187	0.000344628
0.563816	-0.0256608	0.292587	0.000169712	-0.000564284	1.77857e-05
0.563816	-0.025656	0.292586	-5.95536e-05	0.00120815	-0.000297943
0.563816	-0.0256607	0.292587	-0.000327801	-0.000726339	-0.00324628
0.563816	-0.0256587	0.292585	-0.000265348	0.000566504	-0.00348269
0.563816	-0.0256534	0.292588	-7.76049e-05	0.00188385	-0.0015247
0.563816	-0.0256531	0.292587	-3.52969e-05	0.00125952	-0.00115815
0.563815	-0.0256559	0.292582	-0.000189194	-0.000138403	-0.00246212
0.563815	-0.0256543	0.292585	-3.46236e-05	0.000420808	-0.000691442
0.563817	-0.025653	0.292587	0.000298607	0.000731179	-0.000148157
0.563816	-0.0256513	0.292588	-8.39824e-06	0.00106407	0.000529915
0.563816	-0.0256499	0.292586	-2.94846e-05	0.00119192	-0.000701929
0.563817	-0.02565	0.292589	0.000538481	0.000733209	0.00388379
0.563817	-0.0256483	0.292588	0.000373704	0.00100828	0.00283433
0.563818	-0.025653	0.292588	0.000462112	-0.000858885	0.00194279
0.563817	-0.0256452	0.29259	0.000265252	0.00199803	0.00217035
0.563817	-0.025644	0.292587	0.000110594	0.00134189	0.000517193
0.563819	-0.0256422	0.292591	0.000423537	0.00137954	0.00181457
0.563819	-0.0256375	0.29259	0.000380419	0.00242596	0.000834707
0.56382	-0.025636	0.292588	0.000511733	0.00213017	-5.60657e-05
0.563819	-0.0256358	0.292592	0.000396993	0.00145831	0.00150212
0.56382	-0.0256358	0.292593	0.000571334	0.000956226	0.00140101
0.563821	-0.0256346	0.292592	0.000345688	0.000636116	0.000442946
0.563819	-0.0256308	0.292595	-0.000172969	0.00196198	0.00110199
0.563818	-0.0256343	0.29259	-0.000560851	-0.000163203	-0.000658452
0.563819	-0.0256308	0.292593	6.72428e-05	0.00137264	0.000469742
0.563819	-0.0256283	0.292592	3.66254e-05	0.00143345	-0.000129243
0.563819	-0.0256292	0.292588	-8.24274e-05	0.000972551	-0.00117337
0.56382	-0.025628	0.292596	0.000488801	0.00112343	0.00219909
0.563819	-0.0256256	0.292591	0.000158126	0.00076091	-9.67917e-05
0.563819	-0.0256228	0.292589	-0.00046576	0.00159646	-0.00131513
0.563821	-0.0256188	0.292594	0.000390486	0.00205324	0.000867781
0.56382	-0.02562	0.29259	0.000166005	0.000856049	-0.000411707
0.563821	-0.0256153	0.292597	0.0004363	0.00388769	0.00179635
0.563819	-0.0256155	0.292594	-9.68906e-05	0.00224188	0.000268744
0.56382	-0.0256163	0.292593	0.000237402	0.00158443	7.5999e-05
0.563821	-0.025617	0.292594	0.000109474	0.000620093	1.59384e-05
0.56382	-0.0256138	0.29259	-0.000248485	0.00103557	-0.00134913
0.56382	-0.0256098	0.29259	-0.000119515	0.00229533	-0.000903105
0.56382	-0.0256104	0.292592	-3.63715e-05	0.0010392	-5.55101e-05
0.563819	-0.02561	0.292591	-0.000268162	0.000743414	-0.000367448
0.563819	-0.0256116	0.292595	-0.000182331	-2.6004e-05	0.00119105
0.563818	-0.0256083	0.292588	-0.000523593	0.00108622	-0.00162378
0.56382	-0.0256044	0.292594	0.00011711	0.00121615	0.000848781
0.563819	-0.0256079	0.292591	-8.3727e-06	-0.000209453	-0.000408135
0.563819	-0.0256084	0.292594	-0.000258915	-0.000645372	0.000819826
0.563822	-0.0256066	0.292598	0.000739375	2.57482e-05	0.00168135
0.563819	-0.0256123	0.292591	8.22522e-06	-0.00150857	-0.000785561
0.563819	-0.0256079	0.292595	-0.000120586	0.000574043	0.000606369
0.563819	-0.0256056	0.292593	-0.000342865	0.00216905	-0.000500484
0.563819	-0.0256048	0.292592	-0.000198877	0.00160252	-0.000802972
0.56382	-0.0256062	0.292593	0.000399086	0.000609928	0.000178265
0.56382	-0.025603	0.292594	0.00011043	0.0015454	0.000330846
0.563818	-0.0256091	0.292593	-0.000319574	-0.000974341	0.000310723
0.56382	-0.0256093	0.292596	0.000431468	-0.000645153	0.00100097
0.563817	-0.0256137	0.292592	-0.000699423	-0.0018836	-0.000512942
0.563818	-0.0256107	0.292593	-0.000203267	-0.00021788	-1.84151e-05
0.563816	-0.0256105	0.292587	-0.00106462	-4.84534e-05	-0.00215232
0.563816	-0.0256152	0.292589	-0.000467246	-0.00160689	-0.000575538
0.563818	-0.0256107	0.292594	0.00046818	0.00046431	0.000956527
0.563818	-0.0256185	0.292594	0.000161259	-0.00229345	0.000599478
0.563817	-0.0256169	0.292594	-0.000173729	-0.000975603	1.65653e-05
0.563818	-0.0256216	0.292591	1.56968e-05	-0.00222949	-0.000674098
0.563818	-0.0256231	0.292597	0.000442694	-0.00199189	0.00201131
0.563815	-0.0256227	0.29259	-0.000673024	-0.000784429	-0.000842294
0.563817	-0.0256204	0.292592	0.000209216	-3.71848e-05	-0.000254452
0.563817	-0.0256247	0.292591	-0.000267489	-0.00151233	-0.000600117
0.563817	-0.0256247	0.292596	-9.51041e-05	-0.00102222	0.00114046
0.563815	-0.0256261	0.29259	-0.000772029	-0.00115015	-0.00104923
0.563816	-0.0256232	0.292593	0.000178691	0.000175627	0.000597622
0.563816	-0.0256276	0.292591	-0.000325593	-0.00135932	-0.000564283
0.563814	-0.0256291	0.292589	-0.000790705	-0.00138902	-0.00107933
0.563813	-0.0256306	0.29259	-0.000461119	0.00025584	-0.0001777
0.563813	-0.0256352	0.292586	-0.000724903	-0.00120853	-0.00154858
0.563814	-0.0256307	0.292589	0.00021408	0.000805978	0.00026405
0.563813	-0.0256337	0.292586	-0.000244562	-0.000390459	-0.000747948
0.563813	-0.0256394	0.292586	-0.000262084	-0.00170829	-0.000545991
0.563814	-0.0256355	0.292586	0.000204789	-7.70045e-05	-0.000418166
0.563813	-0.025635	0.292588	-7.19168e-05	0.000470599	0.000371989
0.563811	-0.0256414	0.292586	-0.00051132	-0.00166637	-0.000701708
0.563812	-0.0256399	0.292587	-1.09195e-05	-0.000589463	-8.44426e-05
0.563811	-0.0256383	0.292584	-0.000592829	0.000180182	-0.000811534
0.563812	-0.0256443	0.292589	0.000217743	-0.00148024	0.00124786
0.563813	-0.0256479	0.292587	0.000328856	-0.00203614	0.000171548
0.563812	-0.0256452	0.292586	-3.41509e-05	-0.000799951	-0.000254237
0.56381	-0.0256443	0.292584	-0.000599943	2.69295e-05	-0.000427969
0.563811	-0.025649	0.292586	-0.00121987	-0.000970721	-0.00125438
0.563811	-0.0256484	0.292587	-0.000935294	-0.000634312	-0.000987059
0.563811	-0.0256524	0.292584	-0.000752096	-0.0014553	-0.00172315
0.563812	-0.0256512	0.292584	-0.000256208	-0.000460319	-0.00129865
0.563811	-0.0256544	0.292588	-0.00047826	-0.0013341	0.000654875
0.563811	-0.0256513	0.292587	-0.000243756	0.000159351	-1.98092e-05
0.563812	-0.0256545	0.292589	0.000138331	-0.000953494	0.000868729
0.563813	-0.0256546	0.292589	0.000316576	-0.000658285	0.000406113
0.563811	-0.0256513	0.292585	-0.00012711	0.000630217	-0.000666468
0.563811	-0.0256557	0.292588	-0.000372779	-0.000608338	0.000194499
0.563811	-0.0256545	0.292588	-0.000231445	0.000118343	0.000121209
0.563814	-0.0256565	0.292593	0.000802209	-0.000520335	0.00178351
0.563812	-0.0256536	0.292589	-0.000124758	0.000226183	-0.000131381
0.563813	-0.0256608	0.292595	0.000206677	-0.0019747	0.00182203
0.563814	-0.0256639	0.292596	0.000684707	-0.00187413	0.00144594
0.563812	-0.0256611	0.292595	-0.000338978	-0.000147094	0.000856394
0.563814	-0.0256596	0.292593	0.000325924	0.000453581	-0.000214424
0.563811	-0.0256626	0.292591	-0.000404639	-0.000704179	-0.000388395
0.56381	-0.0256595	0.292594	-0.000482059	0.000587828	0.000376013
0.563813	-0.0256614	0.292597	0.000596495	-0.000251763	0.00143311
0.563813	-0.0256614	0.292597	3.1878e-05	-0.000150385	0.000519516
0.563815	-0.0256614	0.292599	0.00069356	-8.25751e-05	0.00115507
0.563814	-0.0256631	0.292601	0.000473602	-0.000642214	0.00130096
0.563815	-0.0256657	0.292602	0.000362657	-0.000896069	0.00140721
0.563815	-0.0256634	0.292605	0.00027076	-7.94208e-05	0.00143194
0.563817	-0.0256646	0.292603	0.000715247	-0.000150882	0.00069687
0.563814	-0.0256665	0.292601	-0.000142858	-0.00104412	0.000200383
0.563814	-0.0256613	0.292604	3.57406e-05	0.00132774	0.000675094
0.563816	-0.0256635	0.292604	0.000277541	-0.000115783	0.000319347
0.563817	-0.0256676	0.292609	0.000516907	-0.00115451	0.00163937
0.563816	-0.0256691	0.292608	3.93221e-05	-0.000747777	0.000709857
0.563817	-0.0256657	0.292611	0.000356852	-1.96332e-06	0.00129802
0.563816	-0.0256693	0.292607	-0.000176758	-0.00102255	-1.19668e-05
0.563816	-0.0256711	0.292609	-0.000140572	-0.00120757	0.000423488
0.563818	-0.0256648	0.29261	0.000661192	0.00171317	0.000650974
0.563817	-0.0256697	0.292609	3.76996e-05	-0.000350897	1.69374e-05
0.563817	-0.02567	0.292609	5.14921e-05	-0.000287729	4.52631e-05
0.563816	-0.025673	0.292612	-0.000237752	-0.00116988	0.0011158
0.563817	-0.0256669	0.292609	0.000132898	0.00124345	-0.000366452
0.563818	-0.0256731	0.292609	0.000322986	-0.0012163	-0.000350316
0.563817	-0.0256746	0.292612	-3.83911e-05	-0.0013228	0.000858351
0.563816	-0.0256745	0.292609	-0.000396301	-0.000857149	-0.000357206
0.563816	-0.0256749	0.292609	-0.000287507	-0.00110082	-0.000227711
0.563816	-0.0256788	0.292609	-0.000212581	-0.00176171	-0.000158365
0.563817	-0.0256788	0.292612	0.000225536	-0.000688438	0.000819993
0.563817	-0.0256824	0.292614	0.00017066	-0.00149879	0.00107541
0.563814	-0.0256809	0.292611	-0.000504246	-0.000438622	-6.65033e-05
0.563816	-0.0256823	0.292613	8.81594e-05	-0.00376717	0.000673978
0.563815	-0.0256814	0.292612	-0.000292026	-0.00277208	2.53672e-05
0.563816	-0.0256871	0.29261	-1.43285e-05	-0.00363211	-0.00063867
0.563815	-0.0256889	0.292611	-0.000309457	-0.00308209	-0.000299044
0.563813	-0.0256904	0.292607	-0.000948166	-0.00265253	-0.00197527
0.563815	-0.0256933	0.29261	1.51593e-05	-0.00242372	-6.47153e-05
0.563814	-0.0256937	0.292611	-0.000232331	-0.00166961	0.000129969
0.563813	-0.0256983	0.292607	-0.00068446	-0.00442192	-0.00130896
0.563814	-0.0256994	0.292609	-0.000104702	-0.00268797	-2.0472e-05
0.563814	-0.0257004	0.292607	-0.000159391	-0.00240147	-0.000508128
0.563813	-0.0257003	0.292605	-0.000120374	-0.00169413	-0.000845413
0.563814	-0.0257015	0.292609	-3.62567e-05	-0.00122604	0.000896894
0.563814	-0.025705	0.292611	0.000261514	-0.00193414	0.000987871
0.563814	-0.0257082	0.29261	6.73205e-05	-0.00233445	0.000616384
0.563812	-0.0257076	0.292605	-0.000553758	-0.0010085	-0.00129413
0.563813	-0.0257128	0.292607	-0.000137635	-0.00228053	-0.000500493
0.563813	-0.0257158	0.292611	-8.25246e-06	-0.00208087	0.00118975
0.563814	-0.0257131	0.292609	0.000272538	-0.000365736	0.00013262
0.563814	-0.0257176	0.292611	0.000170128	-0.00130162	0.000599794
0.563812	-0.025721	0.292607	-0.000443473	-0.00367961	0.00261753
0.563812	-0.025724	0.292606	-6.20502e-05	-0.00315231	0.00192824
0.563811	-0.0257259	0.292604	-0.000430093	-0.00270315	0.000552882
0.563813	-0.0257274	0.292609	0.000462376	-0.00194094	0.00234406
0.563809	-0.0257295	0.292601	-0.000993838	-0.00230979	-0.000818891
0.56381	-0.0257321	0.292601	-0.000413933	-0.00212851	-0.000591533
0.563808	-0.0257335	0.292598	-0.00101225	-0.00141993	-0.00169221
0.563809	-0.0257369	0.2926	-4.85451e-05	-0.00154652	0.000212052
0.563808	-0.0257429	0.292596	-0.000973318	-0.00202766	-0.00252201
0.563809	-0.0257453	0.292596	0.000308478	-0.00328677	0.000174051
0.563808	-0.0257489	0.292593	0.000424532	-0.00268391	-0.00111986
0.563807	-0.0257505	0.292587	0.000305096	-0.000752485	-0.0020038
0.563811	-0.0257586	0.292594	0.000993969	2.05094e-05	0.00188148
0.563812	-0.0257642	0.292585	0.00140614	-0.00171023	-2.81711e-05
0.563811	-0.0257691	0.292581	0.000421882	-0.00131507	-0.00220496
0.563815	-0.025774	0.292578	0.00124394	0.000656469	-0.00337873
0.563816	-0.0257819	0.292574	0.000875959	-0.00286337	-0.00425911
0.563819	-0.0257838	0.292574	0.00130853	-0.00399942	-0.00312525
0.563821	-0.0257908	0.292564	0.00184708	-0.00283305	-0.00469154
0.563824	-0.0257968	0.292564	0.00182567	-0.00188487	-0.00378336
0.563827	-0.0258025	0.292564	0.00190483	-0.00112383	-0.00264216
0.563831	-0.0258056	0.292561	0.00259448	-0.00219566	-0.00474385
0.563832	-0.0258132	0.292557	0.00203777	-0.00569535	-0.00485946
0.563835	-0.025814	0.292554	0.00218475	-0.00270838	-0.00495348
0.56384	-0.0258228	0.292553	0.00302524	-0.00723015	-0.00393299
0.563846	-0.0258261	0.292557	0.00416802	-0.0065984	-0.00144816
0.56385	-0.0258355	0.292551	0.0050851	-0.00645411	-0.00231623
0.563855	-0.025836	0.292551	0.00529892	-0.00318787	4.1734e-05
0.563861	-0.0258424	0.292555	0.0054087	-0.00417905	0.00232916
0.563864	-0.0258537	0.292549	0.0042443	-0.00679253	-0.00222183
0.563872	-0.025856	0.292552	0.00592251	-0.00565642	-0.000281776
0.563877	-0.0258641	0.292547	0.00612932	-0.00688913	-0.000159197
0.563883	-0.0258706	0.292549	0.00618976	-0.00726391	0.000660363
0.56389	-0.0258747	0.292547	0.00632571	-0.00594622	0.00137443
0.563899	-0.0258796	0.29255	0.00645803	-0.00449014	0.00156847
0.563907	-0.0258872	0.292552	0.00711109	-0.00378447	0.00150072
0.563917	-0.0258925	0.292554	0.00873854	-0.00441621	0.00223604
0.563925	-0.0259015	0.292556	0.00869778	-0.00547051	0.00199323
0.563933	-0.0259087	0.292555	0.00803789	-0.00613069	0.000540596
0.56394	-0.0259209	0.292556	0.00754128	-0.00774429	0.00179951
0.563951	-0.0259249	0.292559	0.00886283	-0.00447317	0.00263113
0.563962	-0.0259271	0.292559	0.00944769	-0.00340012	0.00139947
0.563973	-0.0259385	0.292569	0.010204	-0.00581067	0.00439545
0.563982	-0.0259474	0.292565	0.00954024	-0.00578407	-3.22056e-05
0.563991	-0.0259518	0.292567	0.00907601	-0.00660918	3.13608e-05
0.564005	-0.025963	0.292575	0.00967065	-0.00943666	0.00226364
0.564016	-0.025976	0.292575	0.00980452	-0.0119812	0.00149889
0.564026	-0.0259812	0.292578	0.00979655	-0.00940697	0.00204429
0.56404	-0.0259898	0.292588	0.0109678	-0.00868922	0.00464136
0.564051	-0.0260005	0.292587	0.0115737	-0.00990562	0.00347801
0.564063	-0.0260127	0.292589	0.0113433	-0.0117159	0.00166712
0.564077	-0.0260191	0.292597	0.0120415	-0.0105452	0.00223051
0.56409	-0.0260295	0.292598	0.0120262	-0.00952498	0.000578207
0.564103	-0.0260383	0.292606	0.0122625	-0.00995008	0.00267307
0.564118	-0.0260514	0.292607	0.0137915	-0.00972107	0.00497261
0.564131	-0.026063	0.292608	0.0131275	-0.0122935	0.0035196
0.564145	-0.026072	0.292614	0.012941	-0.0102694	0.00425398
0.564158	-0.026085	0.292616	0.0126686	-0.00982764	0.00260537
0.564173	-0.0260968	0.292625	0.0133351	-0.00892838	0.00517005
0.564186	-0.0261101	0.292623	0.0134504	-0.0104821	0.00225383
0.564202	-0.0261188	0.292633	0.0139811	-0.00837825	0.00496469
0.564216	-0.0261322	0.292633	0.013706	-0.0101878	0.0039013
0.564233	-0.0261424	0.292639	0.0143009	-0.00826044	0.00497865
0.564248	-0.0261603	0.292643	0.0148032	-0.00937037	0.0058003
0.564264	-0.0261707	0.292651	0.0148886	-0.00926831	0.00752313
0.564279	-0.0261814	0.292653	0.0152847	-0.00754885	0.00655861
0.564292	-0.0261947	0.292656	0.0142388	-0.0091053	0.00650566
0.564309	-0.0262113	0.292657	0.0154664	-0.011219	0.00459597
0.564325	-0.0262221	0.292665	0.0155152	-0.00942456	0.00501881
0.564342	-0.0262369	0.292674	0.0159505	-0.0127275	0.00500897
0.564358	-0.0262472	0.292671	0.0160817	-0.0100265	0.00200601
0.564374	-0.0262641	0.292681	0.01626	-0.0124617	0.00574842
0.56439	-0.0262772	0.292684	0.0167099	-0.0108319	0.00564438
0.564407	-0.0262902	0.29269	0.0168009	-0.010868	0.00520539
0.564424	-0.0263029	0.292697	0.0163565	-0.0132842	0.00614533
0.564439	-0.0263188	0.292702	0.0154175	-0.0135652	0.0036728
0.564457	-0.0263311	0.292712	0.0161858	-0.0129734	0.00508873
0.564475	-0.0263459	0.292715	0.0168195	-0.014832	0.00451603
0.564491	-0.026361	0.292719	0.0165715	-0.0179128	0.00379045
0.564507	-0.0263747	0.292728	0.0164954	-0.0162321	0.00617952
0.564526	-0.0263923	0.292733	0.0179436	-0.0170678	0.0056339
0.564544	-0.026406	0.292744	0.0185119	-0.0184445	0.00824519
0.564561	-0.026422	0.292746	0.0174266	-0.0175893	0.00578038
0.564578	-0.0264381	0.292752	0.0176045	-0.0146407	0.0050445
0.564596	-0.0264552	0.292763	0.0177956	-0.0165525	0.00567557
0.564615	-0.0264674	0.292767	0.0182822	-0.016401	0.00399954
0.564633	-0.0264868	0.292778	0.0188142	-0.0165801	0.0073639
0.564656	-0.0265042	0.29279	0.0202078	-0.0163163	0.00773126
0.564674	-0.0265187	0.292798	0.0188779	-0.0143037	0.00655496
0.564693	-0.0265375	0.292808	0.0188391	-0.0162048	0.0080276
0.564713	-0.0265541	0.292815	0.0193008	-0.016723	0.00982764
0.564733	-0.0265739	0.292827	0.0184829	-0.0158544	0.00924686
0.564752	-0.0265913	0.292836	0.0188701	-0.0182292	0.0103905
0.564772	-0.0266148	0.292845	0.0192445	-0.0202678	0.0103006
0.564795	-0.026638	0.29286	0.0209487	-0.01954	0.0129103
0.564815	-0.0266522	0.292869	0.0201369	-0.0178595	0.0110029
0.564837	-0.0266738	0.292881	0.0213646	-0.0206956	0.0125369
0.564859	-0.0266953	0.292893	0.0215927	-0.020536	0.012805
0.564879	-0.026716	0.2929	0.0218181	-0.0221449	0.0138547
0.564901	-0.026741	0.292916	0.0222498	-0.0226959	0.0153386
0.564925	-0.0267647	0.29293	0.0215828	-0.0224538	0.0125883
0.564945	-0.0267841	0.292939	0.0203181	-0.0211427	0.0106767
0.564968	-0.0268059	0.292955	0.0221108	-0.0191539	0.0137462
0.56499	-0.0268283	0.292964	0.0223544	-0.0215896	0.0129066
0.565011	-0.0268501	0.292979	0.0225205	-0.0211474	0.01476
0.565036	-0.0268751	0.292995	0.023179	-0.0231394	0.015203
0.56506	-0.0268971	0.293007	0.0235784	-0.0211857	0.0132909
0.565082	-0.0269248	0.293019	0.0224121	-0.0242508	0.0110571
0.565105	-0.0269435	0.293028	0.0226441	-0.0227644	0.0110818
0.565126	-0.026969	0.293042	0.0223856	-0.0221552	0.0104609
0.565151	-0.0269972	0.293059	0.0231893	-0.0233587	0.0129042
0.565173	-0.0270207	0.293069	0.0229846	-0.0235422	0.0126225
0.565196	-0.0270492	0.293085	0.0234806	-0.0253092	0.0146188
0.565221	-0.0270716	0.293098	0.0244683	-0.0241463	0.0168685
0.565244	-0.0271022	0.293111	0.0245005	-0.0258467	0.017845
0.565267	-0.0271281	0.293127	0.0233422	-0.0286072	0.016018
0.565292	-0.0271539	0.29314	0.0236084	-0.0271689	0.0150864
0.565314	-0.0271847	0.293154	0.023641	-0.0277493	0.0151905
0.56534	-0.0272172	0.293171	0.0238707	-0.0304694	0.0157188
0.565362	-0.0272434	0.293181	0.0239254	-0.0301843	0.0147469
0.565386	-0.0272773	0.2932	0.0242733	-0.0286202	0.0168937
0.56541	-0.0273053	0.293212	0.0236788	-0.0288295	0.0164569
0.565433	-0.0273377	0.293232	0.0235765	-0.0319863	0.0195268
0.565457	-0.0273691	0.293247	0.0236816	-0.0338826	0.0182834
0.565478	-0.0274051	0.293256	0.0227705	-0.0349392	0.0152616
0.565502	-0.0274354	0.293275	0.0231514	-0.034125	0.01829
0.565524	-0.0274652	0.293288	0.0228932	-0.0336586	0.0167723
0.565549	-0.0275011	0.293307	0.0237151	-0.0366682	0.0176248
0.56557	-0.0275372	0.293322	0.0225364	-0.0371022	0.0165951
0.565592	-0.0275715	0.293336	0.0218847	-0.0344743	0.0166657
0.565613	-0.0276024	0.293352	0.0206273	-0.0337774	0.0134626
0.565634	-0.0276388	0.293367	0.020332	-0.0351788	0.0148295
0.565654	-0.0276773	0.293378	0.0199587	-0.0371959	0.0152807
0.565676	-0.0277187	0.293398	0.0206013	-0.0380428	0.0180553
0.565696	-0.027755	0.293412	0.0202005	-0.0358806	0.0163946
0.565716	-0.0277939	0.293428	0.0201571	-0.0388152	0.015518
0.565736	-0.0278342	0.29344	0.0205272	-0.0400305	0.0143764
0.565756	-0.0278728	0.293454	0.0198244	-0.0418994	0.0151571
0.565776	-0.0279154	0.293472	0.0197827	-0.0435125	0.0162217
0.565794	-0.0279562	0.293482	0.0192562	-0.0428088	0.0153393
0.565813	-0.0279977	0.293503	0.0192186	-0.0452819	0.0183105
0.56583	-0.0280376	0.293509	0.0182109	-0.044312	0.0141702
0.565848	-0.0280819	0.293524	0.0178518	-0.0436177	0.0149505
0.565866	-0.0281261	0.293542	0.0176365	-0.0446697	0.0169838
0.565882	-0.0281716	0.293547	0.0174766	-0.044287	0.0148092
0.5659	-0.0282186	0.293565	0.0175717	-0.0440068	0.0168312
0.565917	-0.0282631	0.293575	0.0170553	-0.0433626	0.0142505
0.565932	-0.0283068	0.293587	0.0169497	-0.0417629	0.0152086
0.565948	-0.0283548	0.293604	0.016355	-0.0426205	0.0152315
0.565965	-0.0284018	0.293612	0.0173145	-0.0424522	0.0141348
0.565982	-0.0284464	0.293626	0.0170262	-0.0429681	0.0153669
0.565998	-0.0284945	0.29364	0.0160864	-0.0445486	0.0141956
0.566013	-0.0285444	0.293652	0.0161939	-0.04537	0.014293
0.566028	-0.0285941	0.293663	0.0162436	-0.0443625	0.0126787
0.566043	-0.0286452	0.293674	0.0160659	-0.047753	0.0119779
0.566057	-0.0286974	0.293691	0.0155544	-0.049398	0.0140835
0.56607	-0.0287478	0.293699	0.0145881	-0.050771	0.0110351
0.566083	-0.0287972	0.293707	0.0143334	-0.0491058	0.0107407
0.566097	-0.028849	0.293718	0.0144706	-0.0490329	0.0115462
0.56611	-0.0289022	0.29373	0.014212	-0.0495988	0.0127558
0.566123	-0.0289549	0.293741	0.0141159	-0.0510403	0.0129548
0.566137	-0.0290048	0.293759	0.0127076	-0.0504215	0.0116196
0.566148	-0.0290596	0.293768	0.0120158	-0.0517444	0.0107137
0.56616	-0.0291131	0.293779	0.011198	-0.0521751	0.0102434
0.566172	-0.029168	0.293792	0.0113983	-0.0523514	0.00930133
0.566185	-0.0292257	0.293806	0.0110551	-0.0540455	0.00969506
0.566195	-0.0292833	0.293814	0.010046	-0.0565156	0.00761924
0.566208	-0.0293387	0.293832	0.0111855	-0.0559049	0.010875
0.566218	-0.0293952	0.293837	0.00987665	-0.0569115	0.0075875
0.566229	-0.0294508	0.293852	0.0102017	-0.0553385	0.0103656
0.566237	-0.0295125	0.293856	0.00847211	-0.0583401	0.00715825
0.566249	-0.0295728	0.293869	0.00943654	-0.0594006	0.00866136
0.566259	-0.0296365	0.293883	0.00965328	-0.0610657	0.0105966
0.56627	-0.0296937	0.293892	0.0106733	-0.0580414	0.0112053
0.566279	-0.0297556	0.293906	0.0101868	-0.0603846	0.0120095
0.566288	-0.0298215	0.293912	0.00966402	-0.0622466	0.00994795
0.566299	-0.0298842	0.293926	0.0101643	-0.0623144	0.0114764
0.56631	-0.0299445	0.293943	0.010401	-0.060818	0.0132387
0.566321	-0.030008	0.293953	0.0107435	-0.0617465	0.012405
0.566331	-0.0300699	0.293967	0.0103083	-0.0613031	0.0128539
0.56634	-0.0301324	0.293973	0.0101396	-0.0612363	0.0109771
0.566351	-0.0301999	0.293991	0.010492	-0.0625506	0.0132013
0.566359	-0.0302651	0.293999	0.00980414	-0.0650484	0.0117981
0.566368	-0.0303267	0.294009	0.00994878	-0.0644646	0.0117902
0.566378	-0.030393	0.294024	0.00941334	-0.0675536	0.0124256
0.566389	-0.0304624	0.294036	0.00975082	-0.0659802	0.0120856
0.566397	-0.0305279	0.294047	0.00923586	-0.0658296	0.0115097
0.566406	-0.0306009	0.294057	0.00868111	-0.0681534	0.0110395
0.566414	-0.030669	0.294066	0.00883913	-0.0685644	0.0106403
0.566422	-0.0307351	0.294074	0.00825155	-0.0677582	0.00963027
0.566431	-0.030808	0.294089	0.00811858	-0.0695776	0.0108558
0.566439	-0.0308778	0.294099	0.00820233	-0.0696619	0.010441
0.566445	-0.0309531	0.294112	0.0071516	-0.0722532	0.0112591
0.566456	-0.0310212	0.294118	0.00781623	-0.0747966	0.00933031
0.566461	-0.0310958	0.29413	0.00728604	-0.0739762	0.010457
0.566472	-0.0311687	0.294146	0.00808867	-0.0754639	0.0113855
0.566478	-0.031238	0.294151	0.0073181	-0.0744044	0.00971939
0.566486	-0.0313166	0.294169	0.00724644	-0.0751872	0.0118372
0.566495	-0.0313913	0.294177	0.00737916	-0.0757926	0.0105105
0.5665	-0.0314674	0.294183	0.00617982	-0.0740823	0.00803335
0.566508	-0.0315407	0.2942	0.00697604	-0.0760158	0.0111503
0.566518	-0.0316183	0.29421	0.00781205	-0.0750393	0.0108518
0.566522	-0.0316847	0.294217	0.00611232	-0.0728383	0.00915983
0.56653	-0.031766	0.294232	0.00609527	-0.0758826	0.0102595
0.566536	-0.031839	0.29424	0.00602138	-0.0728035	0.00965838
0.566543	-0.0319183	0.294253	0.00555294	-0.0748422	0.00962598
0.566549	-0.0319924	0.294261	0.00551084	-0.0750409	0.00871328
0.566554	-0.0320745	0.294269	0.00516847	-0.0783518	0.00847679
0.566559	-0.0321536	0.29428	0.00520157	-0.0781631	0.00944264
0.566562	-0.0322313	0.294289	0.00436487	-0.0778487	0.00870534
0.566569	-0.0323113	0.294301	0.00465813	-0.0793468	0.0093186
0.566571	-0.0323924	0.294305	0.00364926	-0.0799703	0.00850508
0.566578	-0.0324677	0.294318	0.00431175	-0.0771417	0.00975736
0.566581	-0.0325487	0.294329	0.00407674	-0.0789224	0.0116809
0.566582	-0.0326275	0.294332	0.0027349	-0.0775831	0.00849593
0.566586	-0.0327098	0.294344	0.00342013	-0.0805192	0.00982608
0.566588	-0.0327932	0.294347	0.00267626	-0.0805539	0.00733977
0.566589	-0.0328804	0.294355	0.0023973	-0.0813845	0.0072469
0.566592	-0.0329684	0.294366	0.00256415	-0.0837606	0.00836739
0.566591	-0.0330539	0.294366	0.00140966	-0.0854708	0.00724003
0.566591	-0.0331401	0.294374	0.000824131	-0.0850398	0.00670453
0.566594	-0.0332207	0.294384	0.00132268	-0.0818018	0.00760983
0.566593	-0.03331	0.294389	0.00171208	-0.0821995	0.00842349
0.566595	-0.0333926	0.294397	0.00192111	-0.0809189	0.0083824
0.566594	-0.0334785	0.294403	0.00113389	-0.0826263	0.00865722
0.566593	-0.0335652	0.294407	0.000523438	-0.084772	0.00837367
0.566591	-0.0336473	0.294415	-8.05936e-05	-0.0851272	0.00997058
0.56659	-0.0337437	0.294417	-0.000837788	-0.088591	0.00696311
0.566588	-0.0338267	0.294423	-0.00124012	-0.085714	0.00609262
0.566587	-0.0339174	0.294424	-0.00138013	-0.087462	0.00396327
0.566583	-0.0340069	0.294432	-0.00227362	-0.0882037	0.00438218
0.566581	-0.0340942	0.294438	-0.00269459	-0.0896978	0.00572699
0.566575	-0.0341863	0.294433	-0.00382239	-0.0924463	0.00274838
0.566572	-0.0342738	0.294436	-0.00334509	-0.0910412	0.00295774
0.566569	-0.0343671	0.294443	-0.00314639	-0.0924675	0.00402792
0.566567	-0.0344603	0.294449	-0.00296624	-0.0909357	0.00540574
0.566558	-0.0345524	0.29445	-0.00476005	-0.093423	0.00361272
0.566554	-0.0346443	0.294451	-0.00458523	-0.0958317	0.00168687
0.566548	-0.0347306	0.294452	-0.00613484	-0.0929434	0.00132759
0.566543	-0.0348279	0.294457	-0.00512563	-0.0959903	0.00267929
0.566538	-0.034919	0.294458	-0.00528274	-0.0944939	0.00130482
0.566534	-0.0350089	0.294462	-0.00487128	-0.0907497	0.00247336
0.566529	-0.0351011	0.294464	-0.00489592	-0.0909432	0.0015303
0.566521	-0.0351998	0.294465	-0.00577028	-0.0938153	0.000860289
0.566516	-0.0352874	0.294468	-0.00536095	-0.0899145	0.00287593
0.566512	-0.0353838	0.294469	-0.00459628	-0.0874175	0.00350399
0.566504	-0.0354819	0.294469	-0.00558014	-0.0926759	0.00149064
0.5665	-0.0355761	0.294473	-0.00502411	-0.0903647	0.00377864
0.566493	-0.0356715	0.294473	-0.00588087	-0.0922778	0.00358674
0.566487	-0.035769	0.294478	-0.00604356	-0.0963227	0.00358179
0.566481	-0.0358659	0.294473	-0.00585324	-0.0963412	0.000310267
0.566474	-0.0359665	0.294476	-0.00627691	-0.0972874	0.000757362
0.566467	-0.0360641	0.294475	-0.00671313	-0.0990639	-0.00042266
0.566463	-0.0361599	0.294479	-0.00585148	-0.0973761	0.000854332
0.566456	-0.0362641	0.29448	-0.00620156	-0.0991067	0.00237429
0.56645	-0.0363542	0.294475	-0.00611499	-0.0965454	0.00178846
0.566443	-0.0364527	0.294481	-0.00635908	-0.0967267	0.00288455
0.566437	-0.0365506	0.29448	-0.00593751	-0.0952351	0.00181624
0.566431	-0.0366528	0.294482	-0.00579316	-0.09679	0.00156057
0.566423	-0.03675	0.294479	-0.00659354	-0.0960337	8.6977e-05
0.566416	-0.0368507	0.294477	-0.00655361	-0.0967363	-0.000590655
0.566409	-0.0369542	0.29448	-0.00647766	-0.0993981	0.00226127
0.566403	-0.0370572	0.29448	-0.00682383	-0.104268	0.00140388
0.566398	-0.0371533	0.294481	-0.00644751	-0.102298	0.000725495
0.566392	-0.0372594	0.294481	-0.00634872	-0.102685	0.000167233
0.566385	-0.0373557	0.294481	-0.00652914	-0.100273	0.00188771
0.566378	-0.0374606	0.294481	-0.00670241	-0.102103	0.0011781
0.566372	-0.0375661	0.294488	-0.00648866	-0.104431	0.00263435
0.566362	-0.0376735	0.294481	-0.00761555	-0.107086	-0.000832331
0.566356	-0.0377803	0.294482	-0.00722055	-0.107592	-0.000838125
0.56635	-0.0378765	0.294486	-0.00694794	-0.103937	0.000291579
0.566343	-0.0379797	0.294485	-0.00722235	-0.106107	-0.000599084
0.566336	-0.0380838	0.294486	-0.0070813	-0.104022	-0.000621859
0.566326	-0.0381871	0.294485	-0.0079237	-0.105184	0.000506799
0.566322	-0.0382916	0.294491	-0.00692031	-0.104188	0.00128783
0.566314	-0.0383969	0.294493	-0.00769356	-0.106035	0.000960032
0.566306	-0.0385045	0.29449	-0.00734642	-0.106327	0.000984734
0.566299	-0.0386108	0.294493	-0.00740754	-0.107646	0.00110919
0.566292	-0.038719	0.294493	-0.00741122	-0.106397	5.68642e-05
0.566284	-0.0388233	0.294495	-0.00748996	-0.103727	7.57487e-05
0.566276	-0.038925	0.294496	-0.00763775	-0.104153	0.00175748
0.566269	-0.0390269	0.294497	-0.00694146	-0.102491	0.00285519
0.566262	-0.0391364	0.294497	-0.00707889	-0.103528	0.00147445
0.566256	-0.0392437	0.294502	-0.00666989	-0.103099	0.00361133
0.566248	-0.0393497	0.294504	-0.006933	-0.103632	0.00292517
0.566239	-0.039459	0.294506	-0.0076192	-0.108349	0.00205188
0.566232	-0.0395613	0.294504	-0.00737631	-0.10547	0.00152974
0.566225	-0.0396637	0.294507	-0.00718621	-0.102626	0.00157569
0.566217	-0.0397722	0.294509	-0.00768477	-0.105615	0.00159728
0.566212	-0.0398787	0.294514	-0.00646585	-0.103777	0.0034219
0.566202	-0.0399875	0.294508	-0.00758759	-0.10611	0.00163912
0.566197	-0.040092	0.294517	-0.006681	-0.106202	0.0053625
0.566188	-0.0401988	0.294515	-0.00732303	-0.105872	0.00229657
0.56618	-0.04031	0.294519	-0.00745298	-0.109656	0.00441699
0.566172	-0.0404179	0.294517	-0.00741424	-0.107171	0.00375973
0.566165	-0.0405268	0.294521	-0.00601813	-0.106529	0.00661226
0.566159	-0.0406337	0.294528	-0.00601133	-0.10699	0.00798609
0.566149	-0.0407485	0.294525	-0.00658794	-0.105746	0.00611293
0.566143	-0.0408564	0.294527	-0.00662665	-0.104782	0.00469893
0.566133	-0.0409664	0.294529	-0.00752789	-0.107438	0.00489516
0.566127	-0.0410743	0.294531	-0.00684857	-0.105927	0.00380981
0.566122	-0.0411806	0.294537	-0.00517709	-0.10404	0.00661876
0.566111	-0.0412898	0.294536	-0.00738938	-0.104926	0.003103
0.566107	-0.0413988	0.294545	-0.00604304	-0.1041	0.00488251
0.566098	-0.0415057	0.29454	-0.00707787	-0.106831	0.00311267
0.566091	-0.041622	0.294546	-0.00748977	-0.111173	0.00445844
0.566085	-0.0417301	0.294555	-0.00699345	-0.110788	0.00550115
0.566075	-0.0418369	0.294548	-0.00820906	-0.108151	0.0028135
0.566068	-0.0419558	0.294553	-0.00740747	-0.110961	0.00372042
0.566061	-0.0420631	0.294556	-0.00708497	-0.107301	0.00304958
0.566051	-0.0421803	0.294554	-0.00764043	-0.108052	0.00250905
0.566045	-0.0422962	0.294564	-0.00705219	-0.109353	0.00424034
0.566036	-0.0424039	0.29456	-0.00766827	-0.106869	0.00139763
0.566031	-0.0425114	0.294566	-0.00709318	-0.107404	0.00350101
0.566022	-0.0426234	0.294571	-0.00845028	-0.10813	0.00282158
0.566014	-0.0427355	0.294572	-0.00851852	-0.109266	0.00135504
0.566008	-0.0428477	0.294577	-0.00795362	-0.110026	0.00160105
0.566001	-0.0429529	0.294577	-0.00681075	-0.107968	0.00311043
0.565993	-0.0430644	0.294582	-0.0067215	-0.108603	0.00405771
0.565985	-0.0431755	0.294586	-0.00744444	-0.110389	0.00473443
0.56598	-0.0432856	0.294586	-0.00691529	-0.111041	0.00315662
0.565972	-0.0434071	0.294591	-0.00748321	-0.113949	0.00454238
0.565966	-0.0435158	0.294597	-0.00710088	-0.109595	0.00545815
0.56596	-0.0436248	0.294601	-0.00734369	-0.108443	0.00398818
0.565953	-0.0437287	0.294605	-0.00701481	-0.106406	0.00396464
0.565945	-0.0438387	0.294604	-0.00659838	-0.105298	0.0022182
0.565937	-0.043957	0.294606	-0.00702812	-0.109229	0.0021502
0.565932	-0.0440704	0.294617	-0.00732324	-0.110227	0.00321606
0.565927	-0.0441814	0.294619	-0.00633856	-0.109909	0.00338423
0.565915	-0.0444107	0.294626	-0.00670335	-0.112279	0.00179677
0.565897	-0.0447466	0.29464	-0.0048036	-0.108731	0.00464521
0.56589	-0.0448679	0.294642	-0.0041329	-0.112654	0.00535638
0.565883	-0.0449742	0.294643	-0.00485816	-0.108791	0.00550771
0.565878	-0.0450881	0.294649	-0.00490701	-0.110464	0.00594637
0.565872	-0.0452041	0.294657	-0.00502078	-0.111032	0.00614918
0.565866	-0.0453224	0.294662	-0.006667	-0.113292	0.00450983
0.565861	-0.045434	0.294665	-0.00652916	-0.112867	0.00334821
0.565856	-0.0455543	0.294678	-0.00603311	-0.115001	0.00601579
0.56585	-0.0456686	0.294679	-0.00621898	-0.114391	0.00357012
0.565844	-0.0457853	0.294685	-0.00663984	-0.11702	0.00349867
0.565838	-0.0459024	0.294693	-0.0068265	-0.117479	0.00389732
0.565833	-0.0460211	0.294701	-0.00702223	-0.117692	0.00410964
0.565829	-0.0461335	0.294712	-0.00642055	-0.115136	0.00706488
0.565824	-0.0462493	0.294719	-0.00518885	-0.114506	0.00706183
0.565821	-0.0463624	0.29473	-0.00420328	-0.113721	0.00995686
0.565816	-0.0464782	0.294734	-0.00542562	-0.114065	0.00666898
0.56581	-0.046597	0.294742	-0.00567054	-0.113071	0.00790692
0.565807	-0.0467043	0.294751	-0.00460181	-0.11172	0.00792036
0.565803	-0.0468193	0.294756	-0.00480305	-0.112352	0.00621207
0.5658	-0.0469403	0.294768	-0.00379197	-0.115574	0.00823133
0.565795	-0.0470564	0.294777	-0.00367021	-0.116487	0.0103253
0.565791	-0.0471702	0.294784	-0.00314765	-0.11512	0.0111901
0.565788	-0.0472891	0.294797	-0.00234066	-0.116401	0.013674
0.565786	-0.0474073	0.294807	-0.00204046	-0.114524	0.0124048
0.565783	-0.047524	0.294815	-0.00327316	-0.118074	0.00996684
0.565778	-0.0476406	0.294827	-0.00355507	-0.119237	0.0102916
0.565775	-0.0477598	0.294836	-0.00360334	-0.11679	0.00887461
0.565775	-0.047876	0.294852	-0.00243669	-0.118252	0.0123667
0.565771	-0.0479961	0.294854	-0.00290755	-0.119061	0.00868238
0.565771	-0.0481184	0.294875	-0.00278441	-0.117406	0.0113359
0.565769	-0.048237	0.294891	-0.00241833	-0.11645	0.0119581
0.565766	-0.0483571	0.2949	-0.00260838	-0.11635	0.00994984
0.565764	-0.0484783	0.294912	-0.0035187	-0.117901	0.0103813
0.565763	-0.0485916	0.29492	-0.00206477	-0.115946	0.0100331
0.565762	-0.0487156	0.294936	-0.001861	-0.119548	0.0116829
0.56576	-0.0488396	0.294948	-0.00207169	-0.12202	0.0130213
0.565759	-0.0489526	0.29496	-0.00232662	-0.121491	0.0131585
0.565758	-0.0490732	0.294976	-0.00196907	-0.119022	0.0147636
0.565759	-0.0491952	0.294988	-0.000769212	-0.120326	0.0155113
0.565757	-0.0493183	0.295002	-0.0015397	-0.12085	0.0143506
0.565757	-0.0494369	0.295021	-0.000719448	-0.122644	0.0162775
0.565758	-0.0495542	0.295033	0.000262884	-0.121063	0.0169912
0.565757	-0.0496669	0.295047	-0.000530273	-0.117574	0.0143398
0.565757	-0.0497874	0.295061	-5.3634e-05	-0.11863	0.0145755
0.565759	-0.0499096	0.295076	0.00216547	-0.116953	0.0159072
0.565758	-0.0500242	0.295096	0.00153051	-0.117369	0.0176243
0.565761	-0.0501465	0.295112	0.00227425	-0.11791	0.0184782
0.565759	-0.0502722	0.295125	0.00128602	-0.121815	0.0180873
0.565762	-0.0503947	0.295146	0.00159674	-0.122344	0.0188634
0.565764	-0.0505182	0.295162	0.00198272	-0.122642	0.0175912
0.565765	-0.0506402	0.295176	0.00149109	-0.121759	0.0160966
0.565766	-0.0507643	0.295198	0.00236348	-0.12404	0.0188022
0.565767	-0.0508936	0.295214	0.000572739	-0.124843	0.015758
0.565768	-0.0510184	0.295233	0.000496907	-0.126505	0.0161425
0.565769	-0.0511463	0.295247	-5.9731e-06	-0.128483	0.0143944
0.56577	-0.051272	0.295266	0.00145305	-0.126693	0.0161721
0.565769	-0.0514064	0.295284	0.00052719	-0.129898	0.0175698
0.565774	-0.0515335	0.295309	0.000540931	-0.129166	0.0179466
0.565774	-0.051658	0.295326	0.000530566	-0.127291	0.018663
0.565776	-0.0517843	0.295344	0.00146083	-0.127831	0.020296
0.565776	-0.051914	0.295362	0.000953158	-0.127697	0.0192354
0.565778	-0.0520377	0.29538	0.00107479	-0.125607	0.0178375
0.565778	-0.0521604	0.295394	0.000545415	-0.126861	0.0159022
0.56578	-0.0522934	0.295422	0.00108168	-0.129948	0.0188713
0.565779	-0.0524195	0.295438	0.000267281	-0.1298	0.0182812
0.56578	-0.0525454	0.295457	0.000454489	-0.127522	0.0175993
0.56578	-0.0526694	0.295478	0.000528628	-0.123604	0.0188619
0.565783	-0.0527952	0.295498	0.00136105	-0.126683	0.0185439
0.565784	-0.052918	0.295518	0.00130575	-0.124777	0.0178729
0.565783	-0.053047	0.295535	0.00113231	-0.12561	0.0185863
0.565785	-0.0531731	0.29556	0.001736	-0.125015	0.0230304
0.565785	-0.0532962	0.295581	0.00213402	-0.126743	0.0243536
0.565785	-0.053427	0.295597	0.00129269	-0.126246	0.021907
0.565785	-0.0535553	0.29562	0.00222817	-0.125334	0.0244285
0.565785	-0.0536829	0.295643	0.00190024	-0.12569	0.0244763
0.565787	-0.0538027	0.295662	0.00201386	-0.12402	0.0233184
0.565785	-0.0539333	0.295681	-0.000244089	-0.124093	0.0192507
0.565784	-0.0540613	0.2957	-0.00172826	-0.123103	0.0179733
0.565787	-0.0541881	0.295726	-0.000228677	-0.121872	0.018926
0.565787	-0.0543125	0.295749	-5.09996e-06	-0.122867	0.0203345
0.565787	-0.0544442	0.295767	0.00105684	-0.123672	0.0210768
0.565787	-0.054575	0.295791	-0.000683468	-0.126133	0.0203381
0.565787	-0.0546964	0.295815	-0.000715515	-0.126515	0.0214885
0.56579	-0.0548203	0.295836	7.49919e-06	-0.128423	0.0215165
0.56579	-0.0549466	0.29586	-0.000310406	-0.129277	0.0207809
0.56579	-0.0550771	0.295881	0.000263718	-0.130975	0.0215338
0.565793	-0.0551999	0.295909	0.000512254	-0.128833	0.0214617
0.565793	-0.0553301	0.29593	0.000329723	-0.130773	0.0215632
0.565793	-0.055457	0.295951	-0.00010754	-0.1277	0.0205496
0.565796	-0.0555827	0.295975	-0.000691704	-0.128023	0.020335
0.565799	-0.0557107	0.296003	-0.000236158	-0.128375	0.0218385
0.5658	-0.0558354	0.296025	0.00129625	-0.127506	0.0212209
0.565803	-0.0559589	0.296054	0.00227719	-0.126377	0.024596
0.565805	-0.0560944	0.296079	0.00235541	-0.128989	0.024829
0.565805	-0.0562258	0.296103	0.000789619	-0.132534	0.0239886
0.565811	-0.056355	0.296134	0.00259496	-0.131094	0.0256907
0.565811	-0.0564843	0.296153	0.00179834	-0.130519	0.0238696
0.565815	-0.0566107	0.296185	0.00202677	-0.129963	0.0255608
0.565817	-0.0567347	0.296205	0.0022489	-0.129373	0.0260195
0.565821	-0.0568657	0.29624	0.0027239	-0.129932	0.0287274
0.565825	-0.0569905	0.296271	0.00307994	-0.125048	0.0280362
0.565827	-0.0571174	0.296295	0.00211895	-0.125272	0.0256204
0.56583	-0.0572437	0.296326	0.00260022	-0.127369	0.0274612
0.565833	-0.057372	0.296351	0.00284135	-0.126578	0.0259146
0.565834	-0.0574997	0.296379	0.00209263	-0.126767	0.0273658
0.565838	-0.0576251	0.296409	0.00238767	-0.1284	0.0292223
0.56584	-0.0577495	0.296433	0.00158581	-0.12652	0.0279434
0.565845	-0.0578761	0.296471	0.0020644	-0.125726	0.030944
0.565849	-0.0580017	0.296502	0.00301302	-0.125074	0.0322801
0.565851	-0.0581275	0.29653	0.0020114	-0.12587	0.0293697
0.565853	-0.0582559	0.29656	0.00244314	-0.126301	0.0291016
0.565856	-0.0583829	0.296585	0.00358187	-0.12653	0.0284791
0.56586	-0.0585036	0.29662	0.00307553	-0.122924	0.0299444
0.565863	-0.0586293	0.296651	0.00287167	-0.127026	0.0293676
0.565868	-0.0587565	0.296684	0.00243607	-0.125687	0.0276259
0.565876	-0.0590075	0.296745	0.00192002	-0.126273	0.0283193
0.565878	-0.0591378	0.296779	0.00255734	-0.123975	0.0309836
0.565882	-0.0592605	0.296813	0.00319845	-0.122819	0.0305607
0.565885	-0.0593885	0.296844	0.00300557	-0.123324	0.0308603
0.565891	-0.0595103	0.296881	0.00379184	-0.125814	0.0355512
0.565893	-0.0596364	0.296908	0.00434212	-0.126041	0.0345998
0.565896	-0.0597669	0.296942	0.00471903	-0.127859	0.0366806
0.5659	-0.0598921	0.296976	0.00417147	-0.129063	0.0349551
0.565903	-0.0600224	0.297003	0.00375004	-0.127855	0.033004
0.565907	-0.0601502	0.297042	0.00336255	-0.126737	0.0335139
0.565912	-0.0602728	0.297068	0.00366372	-0.12518	0.0298068
0.565917	-0.0603975	0.297106	0.00480271	-0.123377	0.033869
0.565921	-0.0605224	0.29714	0.00397094	-0.125615	0.0320519
0.565925	-0.0606553	0.297174	0.00377073	-0.126478	0.0327417
0.565931	-0.0607785	0.297208	0.00530908	-0.125716	0.0331486
0.565934	-0.0609051	0.29724	0.00383243	-0.127819	0.0330599
0.565938	-0.0610373	0.297272	0.00365959	-0.130443	0.0335089
0.565944	-0.0611695	0.297311	0.00414839	-0.132148	0.0359453
0.565947	-0.0612903	0.297341	0.00450998	-0.12781	0.033854
0.56595	-0.0614186	0.297372	0.00410914	-0.128528	0.0336677
0.565955	-0.0615505	0.297409	0.00500691	-0.130233	0.0355969
0.565957	-0.0616883	0.297444	0.00384425	-0.13249	0.0341934
0.565963	-0.0618143	0.29748	0.00485191	-0.133221	0.0360576
0.565966	-0.0619495	0.297508	0.00414703	-0.135348	0.0322776
0.565971	-0.0620728	0.297541	0.0041945	-0.129453	0.0313118
0.565974	-0.0622032	0.297577	0.00365195	-0.128861	0.0329335
0.565977	-0.0623303	0.297608	0.00339942	-0.12673	0.0325703
0.565981	-0.0624585	0.297642	0.00371471	-0.125572	0.0331049
0.565984	-0.0625887	0.297675	0.00341693	-0.128045	0.0337176
0.565988	-0.062715	0.297712	0.00353005	-0.125959	0.0350511
0.565991	-0.0628455	0.297746	0.0029565	-0.126376	0.032851
0.565996	-0.0629801	0.29778	0.00312074	-0.127148	0.0326834
0.565998	-0.0631064	0.297813	0.00269834	-0.125567	0.0326808
0.566003	-0.0632363	0.297852	0.00408694	-0.126661	0.0339535
0.566007	-0.0633637	0.29789	0.00362477	-0.126668	0.0323921
0.566007	-0.0634903	0.297923	0.00235078	-0.129196	0.0341808
0.566012	-0.0636257	0.297955	0.00422061	-0.129565	0.0338131
0.566015	-0.0637512	0.297994	0.00384226	-0.125228	0.0331482
0.566018	-0.0638869	0.298037	0.00331422	-0.129161	0.0358261
0.566022	-0.0640154	0.298071	0.0032825	-0.127786	0.0357615
0.566027	-0.0641456	0.298109	0.00329411	-0.128169	0.0359538
0.56603	-0.0642815	0.29815	0.00265767	-0.132318	0.0367584
0.566032	-0.0644125	0.298179	0.00237754	-0.129946	0.0337793
0.566035	-0.0645479	0.298218	0.00245775	-0.132596	0.0352687
0.566038	-0.0646803	0.298251	0.00222959	-0.132174	0.034146
0.566041	-0.0648204	0.298289	0.00291867	-0.13395	0.0362473
0.566045	-0.0649528	0.298329	0.00419181	-0.133378	0.0400421
0.566049	-0.0650855	0.298363	0.00269027	-0.132119	0.0365374
0.566052	-0.0652081	0.2984	0.00224787	-0.131009	0.0346783
0.566054	-0.065347	0.298434	0.0028168	-0.130897	0.0355989
0.566059	-0.0654778	0.298471	0.00337626	-0.130425	0.0359378
0.56606	-0.0656082	0.298505	0.00199627	-0.131255	0.0351023
0.566064	-0.0657431	0.298541	0.00182598	-0.130782	0.0327704
0.566066	-0.065882	0.298579	0.00232301	-0.13445	0.0350682
0.566069	-0.0660166	0.298614	0.0017347	-0.134877	0.0341943
0.566073	-0.0661509	0.298648	0.00275305	-0.133505	0.0347923
0.566075	-0.0662881	0.298684	0.0027325	-0.13678	0.0341958
0.566078	-0.0664212	0.29872	0.00315756	-0.137632	0.0357884
0.566078	-0.0665601	0.298756	0.00268052	-0.138114	0.036349
0.566082	-0.0667053	0.298794	0.00316524	-0.141104	0.0378565
0.566083	-0.0668426	0.298826	0.00303134	-0.140641	0.0388589
0.566085	-0.0669777	0.298863	0.00237242	-0.137688	0.0368533
0.566088	-0.0671148	0.298898	0.00319365	-0.137971	0.0380224
0.566091	-0.0672587	0.298932	0.00274522	-0.141198	0.0354116
0.566092	-0.0673952	0.298969	0.00215457	-0.140685	0.0368207
0.566092	-0.0675383	0.299001	0.00256587	-0.139921	0.0385369
0.566094	-0.0676755	0.299036	0.00243985	-0.142565	0.0393419
0.566095	-0.0678162	0.299072	0.00301661	-0.139911	0.0377285
0.566098	-0.0679559	0.299106	0.00367781	-0.138497	0.0381173
0.5661	-0.0680986	0.299145	0.00228053	-0.143151	0.0378966
0.566104	-0.0682347	0.299184	0.00205952	-0.141098	0.0362493
0.566105	-0.068372	0.299218	0.00151278	-0.142788	0.0363439
0.566107	-0.06851	0.299254	0.00078923	-0.14342	0.0353849
0.566107	-0.0686533	0.299288	-5.11269e-05	-0.142316	0.0345109
0.56611	-0.0687935	0.299327	0.00127314	-0.141969	0.0382588
0.566111	-0.0689317	0.299365	0.000841905	-0.139131	0.0375244
0.566112	-0.0690711	0.299401	-8.41374e-05	-0.139993	0.0341886
0.56611	-0.0692095	0.299434	-0.000206149	-0.139053	0.0364486
0.56611	-0.0693525	0.299467	0.00022964	-0.140915	0.0360195
0.56611	-0.0694958	0.299502	-0.000262701	-0.142535	0.0358561
0.566109	-0.0696386	0.299536	-1.12457e-05	-0.140092	0.0336695
0.566108	-0.0697775	0.299569	-0.000589408	-0.137558	0.0315766
0.566108	-0.070192	0.29967	0.000367485	-0.138045	0.0322867
0.566106	-0.0703317	0.299699	-0.000838475	-0.137378	0.0312541
0.566104	-0.0704715	0.299737	-0.000406036	-0.136888	0.0330117
0.566105	-0.0706171	0.299773	0.00145294	-0.141143	0.0364433
0.566101	-0.0707564	0.2998	0.000150523	-0.139205	0.0343178
0.566101	-0.0708925	0.299833	-0.000554052	-0.13997	0.0324629
0.566101	-0.0710303	0.299867	-0.00120026	-0.140715	0.0326121
0.566099	-0.0711722	0.2999	-0.00159251	-0.140741	0.0322893
0.5661	-0.071306	0.299933	-0.00122496	-0.138497	0.0330874
0.566097	-0.0714503	0.299964	-0.00226732	-0.140229	0.0308924
0.566095	-0.071593	0.299996	-0.00178963	-0.139915	0.0324049
0.566092	-0.0717282	0.300027	-0.0016515	-0.138383	0.0314965
0.566091	-0.0718735	0.300063	-0.00215379	-0.140907	0.0303272
0.566089	-0.0720097	0.300093	-0.0025116	-0.138277	0.0302123
0.566088	-0.0721463	0.300124	-0.00236608	-0.136117	0.03091
0.566087	-0.0722893	0.300157	-0.000919628	-0.138674	0.0321963
0.566084	-0.0724299	0.300192	-0.00175266	-0.139806	0.0331458
0.566083	-0.0725699	0.300221	-0.00165848	-0.137613	0.030369
0.566082	-0.0727008	0.300255	-0.00113894	-0.135735	0.0323985
0.566081	-0.0728345	0.300286	-0.00168087	-0.137165	0.0326068
0.566081	-0.0729731	0.30032	-0.00213182	-0.134838	0.0300363
0.566078	-0.0731151	0.300353	-0.00361233	-0.13895	0.0288945
0.566076	-0.0732485	0.30038	-0.00230775	-0.137705	0.0280228
0.566076	-0.0733867	0.300418	0.000215472	-0.136446	0.033524
0.566075	-0.0735232	0.300452	-0.000401705	-0.136134	0.0344624
0.566074	-0.0736598	0.300482	-5.76394e-05	-0.136206	0.0347496
0.566073	-0.0737868	0.300516	-0.000518592	-0.135604	0.0342527
0.566068	-0.0739311	0.30054	-0.00168935	-0.138317	0.0302375
0.566068	-0.0740653	0.300573	-0.000392093	-0.137353	0.0314314
0.566065	-0.0742064	0.300604	-0.000556234	-0.140527	0.031962
0.566065	-0.0743425	0.300636	-0.000521841	-0.138052	0.0323369
0.566063	-0.0744796	0.300669	3.29549e-05	-0.139867	0.0336793
0.566061	-0.0746141	0.300695	-0.000989055	-0.138304	0.031653
0.56606	-0.0747507	0.300729	7.60028e-05	-0.136291	0.033092
0.566057	-0.0748986	0.300762	-0.00101132	-0.138809	0.0324772
0.566058	-0.0750289	0.300786	-0.000818233	-0.135465	0.0280622
0.566056	-0.0751711	0.300823	-0.0034401	-0.138225	0.0282874
0.566055	-0.075308	0.300851	-0.00255188	-0.136409	0.0275886
0.566055	-0.0754439	0.300883	-0.00250043	-0.134761	0.0295719
0.566054	-0.0755753	0.300915	-0.00268467	-0.134294	0.0280461
0.566049	-0.0757149	0.30094	-0.00282758	-0.136261	0.0269111
0.566047	-0.0758544	0.300967	-0.00304815	-0.135717	0.0283485
0.566045	-0.0759945	0.301	-0.00283798	-0.135952	0.0304417
0.566044	-0.0761334	0.301029	-0.00188893	-0.137935	0.0303517
0.566044	-0.0762708	0.301061	-0.00215536	-0.136033	0.0298443
0.56604	-0.0764074	0.301084	-0.00334723	-0.134487	0.0267281
0.566039	-0.0765507	0.301119	-0.00336741	-0.139273	0.0285508
0.566038	-0.0766895	0.301149	-0.00213771	-0.140061	0.0298178
0.566037	-0.0768296	0.301179	-0.00162476	-0.138862	0.0284737
0.566036	-0.07697	0.301208	-0.00152434	-0.137594	0.029054
0.566032	-0.0771178	0.301234	-0.00337744	-0.142362	0.0271121
0.566031	-0.0772557	0.301263	-0.00288598	-0.139416	0.0269366
0.566031	-0.0773947	0.301296	-0.000896501	-0.139175	0.0323244
0.566029	-0.0775344	0.30132	-0.00127465	-0.140652	0.0289525
0.566028	-0.0776755	0.301348	-0.000286689	-0.139715	0.0287692
0.566026	-0.0778081	0.301375	-0.0016049	-0.137782	0.0279605
0.566024	-0.0779519	0.301399	-0.000795288	-0.140314	0.0283062
0.56602	-0.0780946	0.30143	-0.00218318	-0.141501	0.0290857
0.566019	-0.0782363	0.301456	-0.00269065	-0.141291	0.0259806
0.566017	-0.078372	0.301485	-0.00293717	-0.137549	0.0268009
0.566015	-0.0785167	0.301509	-0.00317188	-0.141157	0.0263503
0.566014	-0.078655	0.30154	-0.00285609	-0.138969	0.0278276
0.566013	-0.0787932	0.301568	-0.00235448	-0.139399	0.0286141
0.566009	-0.0789366	0.30159	-0.00397188	-0.142571	0.0247107
0.566005	-0.0790832	0.301614	-0.00287099	-0.142123	0.0246378
0.566002	-0.0792207	0.301644	-0.00274663	-0.140147	0.0253775
0.565998	-0.0793621	0.301667	-0.00389672	-0.141156	0.0228885
0.565996	-0.0795118	0.301691	-0.00350645	-0.147768	0.0248344
0.565992	-0.0796558	0.301717	-0.0034435	-0.146711	0.0254074
0.565991	-0.0797997	0.301745	-0.00265976	-0.14571	0.0255026
0.565985	-0.0799441	0.301769	-0.00393858	-0.148309	0.0242135
0.565984	-0.0800877	0.301793	-0.00295319	-0.146624	0.0248595
0.565978	-0.080223	0.301812	-0.00347387	-0.142401	0.0243171
0.565975	-0.0803657	0.301839	-0.00217299	-0.140606	0.0273029
0.565973	-0.0805115	0.301868	-0.00188048	-0.140767	0.0277088
0.565968	-0.080651	0.301887	-0.00303428	-0.139922	0.0257191
0.565965	-0.0807988	0.301914	-0.00236044	-0.143511	0.0280645
0.565961	-0.0809454	0.301939	-0.00334938	-0.143754	0.0264293
0.565957	-0.081095	0.301967	-0.0042751	-0.147123	0.0254841
0.565955	-0.081232	0.301987	-0.0043474	-0.143206	0.0229083
0.565953	-0.0813775	0.302013	-0.0045981	-0.148147	0.02264
0.565948	-0.081526	0.302036	-0.00577923	-0.150035	0.0236834
0.565945	-0.0816786	0.302064	-0.0045732	-0.149583	0.0250797
0.565938	-0.0818283	0.302085	-0.00527108	-0.14966	0.0236368
0.565934	-0.0819812	0.302103	-0.00554917	-0.151998	0.0216788
0.565928	-0.0821253	0.302128	-0.00550649	-0.148754	0.0238519
0.565924	-0.0822768	0.302152	-0.00610636	-0.150338	0.0226384
0.565917	-0.0824251	0.302167	-0.00506643	-0.14563	0.0216728
0.565913	-0.082577	0.302197	-0.0043121	-0.147811	0.0251528
0.565907	-0.0827256	0.302211	-0.00501308	-0.148825	0.0212573
0.565901	-0.0828759	0.302232	-0.00552237	-0.147082	0.0210608
0.565893	-0.0830255	0.30225	-0.00585311	-0.147445	0.020745
0.56589	-0.0831752	0.302276	-0.00556691	-0.149167	0.0216266
0.565884	-0.0833239	0.302297	-0.00592002	-0.150854	0.0219567
0.565876	-0.0834739	0.302315	-0.00683797	-0.151729	0.0207825
0.565869	-0.0836238	0.302332	-0.00669706	-0.151294	0.019797
0.565861	-0.0837789	0.302351	-0.00643388	-0.150449	0.0202356
0.565853	-0.0839237	0.302369	-0.00768621	-0.150939	0.018823
0.565847	-0.0840712	0.302391	-0.00746656	-0.147598	0.0186292
0.565832	-0.0843695	0.302433	-0.007688	-0.148739	0.0197365
0.565826	-0.0845204	0.302452	-0.00649766	-0.149677	0.0207085
0.565817	-0.0846688	0.30247	-0.00775041	-0.149036	0.0190087
0.565805	-0.0848181	0.302483	-0.00859737	-0.147969	0.017743
0.565798	-0.0849657	0.302504	-0.00826545	-0.147706	0.0186334
0.56579	-0.0851116	0.30252	-0.00737349	-0.147141	0.0185743
0.56578	-0.0852599	0.302539	-0.0086643	-0.146942	0.0181165
0.565772	-0.0854086	0.302551	-0.00776501	-0.146617	0.0170743
0.565763	-0.0855568	0.302575	-0.0096407	-0.149359	0.0177354
0.565755	-0.0857012	0.30259	-0.009373	-0.147175	0.0164726
0.565744	-0.0858548	0.302608	-0.0105011	-0.148792	0.0160984
0.565736	-0.0860016	0.302627	-0.00937268	-0.14989	0.017713
0.565726	-0.0861527	0.302641	-0.0102822	-0.149482	0.0156152
0.565715	-0.086299	0.302656	-0.0106343	-0.148698	0.0152817
0.565705	-0.086448	0.302674	-0.011107	-0.15133	0.0153854
0.565695	-0.0865986	0.302689	-0.0119752	-0.151837	0.0140291
0.565686	-0.0867412	0.302705	-0.0103868	-0.149488	0.0159069
0.565675	-0.08689	0.302722	-0.0105336	-0.149605	0.0159367
0.565663	-0.0870361	0.302734	-0.01049	-0.148334	0.0160366
0.565651	-0.0871827	0.30275	-0.0105834	-0.148811	0.0165862
0.56564	-0.087331	0.302763	-0.0121744	-0.147695	0.0133959
0.565628	-0.08748	0.30278	-0.0117425	-0.149722	0.0150919
0.565616	-0.0876185	0.302791	-0.0122336	-0.144171	0.0135224
0.565606	-0.0877619	0.302809	-0.012221	-0.141636	0.0136519
0.565591	-0.0879074	0.302823	-0.0132205	-0.146221	0.014019
0.56558	-0.0880469	0.302831	-0.0117335	-0.141808	0.0125961
0.565566	-0.0881936	0.302842	-0.0124166	-0.142133	0.0121446
0.565554	-0.088337	0.30286	-0.0131575	-0.143605	0.0133782
0.565539	-0.0884822	0.302864	-0.013264	-0.142713	0.0108839
0.565528	-0.0886244	0.302885	-0.0130209	-0.144196	0.0138463
0.565512	-0.08876	0.302891	-0.0145107	-0.141459	0.0106401
0.565499	-0.0889075	0.3029	-0.0137419	-0.144148	0.0107343
0.565483	-0.0890463	0.302912	-0.0147532	-0.143283	0.0112643
0.56547	-0.089187	0.302922	-0.014242	-0.141384	0.0107486
0.565456	-0.0893347	0.302934	-0.0144082	-0.142951	0.0105172
0.565442	-0.0894762	0.302945	-0.0132455	-0.140874	0.01174
0.565428	-0.0896178	0.302959	-0.0141947	-0.141266	0.0114905
0.565411	-0.089757	0.302969	-0.0146107	-0.141886	0.012524
0.565398	-0.0899001	0.302977	-0.014485	-0.14252	0.013718
0.565383	-0.0900406	0.302989	-0.0142279	-0.14012	0.013923
0.565367	-0.090182	0.302993	-0.0147669	-0.141141	0.0110985
0.565351	-0.0903244	0.303002	-0.0149788	-0.141553	0.0107997
0.565336	-0.0904684	0.303011	-0.0149549	-0.143508	0.0111497
0.565321	-0.090607	0.303023	-0.0147261	-0.141721	0.0114796
0.565304	-0.0907556	0.303036	-0.0153674	-0.145643	0.0122068
0.56529	-0.0908927	0.303042	-0.0152206	-0.144621	0.0102071
0.565276	-0.0910399	0.303055	-0.0144923	-0.143997	0.0116888
0.565256	-0.0911884	0.303063	-0.0161008	-0.14464	0.010314
0.565241	-0.0913305	0.303069	-0.0156315	-0.141505	0.0092356
0.565225	-0.091473	0.303078	-0.0155056	-0.14167	0.00962207
0.56521	-0.0916115	0.303088	-0.015029	-0.141765	0.0108652
0.565194	-0.0917595	0.303095	-0.016191	-0.144358	0.00877737
0.565175	-0.0919022	0.303101	-0.016572	-0.143537	0.00839348
0.565158	-0.0920479	0.303108	-0.0181936	-0.143887	0.00622114
0.565142	-0.0921919	0.30312	-0.0167628	-0.14314	0.00870604
0.565126	-0.0923368	0.303133	-0.0164229	-0.142174	0.0101403
0.565108	-0.0924733	0.303132	-0.0169611	-0.139614	0.0062984
0.565092	-0.0926197	0.303144	-0.0170336	-0.14233	0.00794377
0.565076	-0.0927619	0.30315	-0.0177618	-0.142983	0.00685261
0.56506	-0.0928992	0.303156	-0.0180548	-0.139603	0.00567092
0.565041	-0.0930452	0.303167	-0.0187187	-0.144597	0.00763152
0.565025	-0.0931849	0.303172	-0.0177766	-0.144207	0.00706733
0.56501	-0.0933278	0.303181	-0.0179534	-0.143519	0.00701037
0.564991	-0.0934693	0.303186	-0.0184551	-0.145043	0.00537332
0.564973	-0.093615	0.303193	-0.0191626	-0.146852	0.00489935
0.564958	-0.0937492	0.303204	-0.0178521	-0.141044	0.00755119
0.564939	-0.0938902	0.303206	-0.0184308	-0.139382	0.00490636
0.56492	-0.0940398	0.303213	-0.019308	-0.142886	0.00326141
0.564904	-0.0941741	0.303222	-0.0180519	-0.140014	0.00570653
0.564885	-0.0943241	0.303229	-0.0185931	-0.143127	0.00598545
0.564867	-0.0944645	0.303235	-0.0200417	-0.14369	0.0029858
0.564848	-0.0946081	0.303238	-0.0191172	-0.143896	0.00384276
0.56483	-0.0947488	0.303247	-0.019665	-0.142612	0.00483655
0.564811	-0.0948945	0.303251	-0.0203151	-0.147907	0.00483909
0.564791	-0.0950417	0.303257	-0.0202821	-0.144978	0.00456539
0.564771	-0.0951838	0.303257	-0.0197524	-0.142244	0.00242074
0.564754	-0.0953273	0.30327	-0.0183956	-0.143921	0.0069407
0.564734	-0.0954655	0.303273	-0.0195403	-0.141045	0.00517727
0.564713	-0.0956127	0.303279	-0.0200521	-0.143391	0.00397817
0.564697	-0.0957501	0.303283	-0.0184177	-0.141281	0.00284761
0.564677	-0.0958913	0.30329	-0.0179898	-0.140764	0.00548773
0.564655	-0.0960354	0.30329	-0.0191435	-0.142938	0.00453472
0.564634	-0.0961812	0.303294	-0.0202479	-0.142972	0.00437669
0.564613	-0.0963233	0.303296	-0.0214664	-0.147794	0.00409327
0.564595	-0.0964704	0.303301	-0.0200708	-0.147301	0.00497983
0.564575	-0.0966145	0.303308	-0.0205847	-0.145696	0.00398814
0.564553	-0.0967563	0.303311	-0.0211105	-0.146035	0.00434619
0.564533	-0.09691	0.303314	-0.0211916	-0.147436	0.00387104
0.56451	-0.0970517	0.303315	-0.0221515	-0.14431	0.00302483
0.564488	-0.0971945	0.303317	-0.0212413	-0.143582	0.00270344
0.564466	-0.0973414	0.303319	-0.0217899	-0.144379	0.0023778
0.564442	-0.0974904	0.30332	-0.0228644	-0.149624	0.00147932
0.564421	-0.0976321	0.303323	-0.0206136	-0.146187	0.0037474
0.564398	-0.0977825	0.303326	-0.0213693	-0.146658	0.0037297
0.564376	-0.0979286	0.303331	-0.0217213	-0.147702	0.00510053
0.564353	-0.0980725	0.30333	-0.0219728	-0.14443	0.00369479
0.564329	-0.0982162	0.303333	-0.0224349	-0.144086	0.00427675
0.564305	-0.0983635	0.30333	-0.0225977	-0.144945	0.00256384
0.564282	-0.0985045	0.303334	-0.0222465	-0.142473	0.00273683
0.564258	-0.0986528	0.303334	-0.0240618	-0.1472	-0.000382957
0.564235	-0.0987956	0.303335	-0.0233545	-0.146388	0.000551596
0.56421	-0.0989413	0.303338	-0.0227476	-0.14444	0.00249125
0.564187	-0.0990795	0.303337	-0.0232395	-0.144845	0.00172725
0.564137	-0.0993686	0.303337	-0.0231773	-0.144603	0.0030851
0.564114	-0.0995124	0.303338	-0.0232228	-0.149059	0.00354826
0.564086	-0.0996603	0.303333	-0.0237789	-0.147395	0.00227384
0.564063	-0.0998054	0.303337	-0.0235977	-0.146865	0.00349264
0.564037	-0.0999457	0.303333	-0.0244449	-0.14358	0.00122765
0.564014	-0.100084	0.303337	-0.0238064	-0.142285	0.00279438
0.563987	-0.100231	0.303333	-0.0243826	-0.14255	0.000934278
0.563961	-0.100369	0.303333	-0.0247473	-0.138716	0.000396818
0.563935	-0.100512	0.303333	-0.0259713	-0.142327	0.000208753
0.56391	-0.100656	0.303329	-0.0255357	-0.141168	-0.0010452
0.563882	-0.100797	0.303327	-0.0256811	-0.138638	-0.00102937
0.563856	-0.100932	0.303322	-0.0262447	-0.138657	-0.00206767
0.56383	-0.101071	0.30332	-0.0260202	-0.136779	-0.00187668
0.563804	-0.101214	0.303322	-0.0263051	-0.139238	-0.00214356
0.563776	-0.101351	0.303317	-0.0263722	-0.139169	-0.00263246
0.563748	-0.1015	0.303311	-0.0263376	-0.139655	-0.00305236
0.563722	-0.101638	0.303313	-0.0262723	-0.137858	-0.00338868
0.563693	-0.101775	0.303304	-0.0262185	-0.135785	-0.00437978
0.563667	-0.101915	0.303306	-0.0272265	-0.140216	-0.00264895
0.56364	-0.102051	0.3033	-0.0267375	-0.139311	-0.00312779
0.563612	-0.10219	0.303297	-0.0266168	-0.137612	-0.00400478
0.563583	-0.102327	0.303291	-0.0278939	-0.139363	-0.00457901
0.563556	-0.102468	0.303287	-0.0270511	-0.136468	-0.00399079
0.563528	-0.102601	0.303285	-0.0270451	-0.135567	-0.00269115
0.5635	-0.102739	0.303274	-0.0278867	-0.138097	-0.00626597
0.563473	-0.102872	0.303274	-0.0272179	-0.134932	-0.0053054
0.563445	-0.103009	0.303266	-0.0285718	-0.13757	-0.00729353
0.563417	-0.103145	0.30326	-0.0280755	-0.136875	-0.0058273
0.56339	-0.103281	0.303259	-0.0279922	-0.1375	-0.00551198
0.56336	-0.103413	0.303247	-0.0292755	-0.135439	-0.00767843
0.563333	-0.103551	0.303242	-0.0294414	-0.140508	-0.00584354
0.563306	-0.103675	0.303239	-0.0294863	-0.137314	-0.00494642
0.563279	-0.103812	0.303232	-0.028411	-0.137287	-0.00671073
0.563251	-0.103946	0.303227	-0.0280363	-0.132375	-0.00640082
0.563223	-0.104078	0.303222	-0.0279228	-0.132934	-0.00717554
0.563196	-0.104215	0.303218	-0.0269175	-0.133361	-0.00676718
0.563167	-0.104349	0.303212	-0.0269025	-0.132032	-0.00540509
0.563141	-0.10448	0.303204	-0.0259939	-0.130396	-0.00541185
0.563111	-0.104616	0.3032	-0.0267611	-0.131865	-0.00566303
0.563083	-0.104749	0.30319	-0.0279075	-0.130534	-0.00747216
0.563056	-0.104882	0.30319	-0.0272805	-0.129094	-0.00440103
0.563028	-0.105014	0.303183	-0.0274995	-0.131216	-0.0039527
0.562999	-0.105149	0.303172	-0.0286846	-0.133047	-0.00603381
0.56297	-0.105285	0.303168	-0.0285824	-0.134689	-0.00557943
0.562943	-0.105413	0.303165	-0.0284713	-0.135284	-0.00417151
0.562915	-0.105543	0.303153	-0.0278474	-0.132644	-0.0057998
0.562884	-0.105677	0.303146	-0.0282381	-0.132195	-0.00444762
0.562858	-0.105807	0.303142	-0.0274641	-0.131743	-0.00334958
0.562828	-0.105945	0.303137	-0.0280347	-0.132313	-0.00478025
0.562799	-0.106079	0.303131	-0.0281824	-0.131805	-0.00629151
0.562768	-0.10621	0.30312	-0.0285117	-0.130617	-0.00715749
0.562741	-0.106341	0.303117	-0.028173	-0.130896	-0.00520594
0.562712	-0.106477	0.30311	-0.0290775	-0.135548	-0.00683453
0.562685	-0.106607	0.303105	-0.0281244	-0.131591	-0.0055643
0.562653	-0.106737	0.303095	-0.030393	-0.135092	-0.00671766
0.562625	-0.106873	0.303085	-0.0306173	-0.137772	-0.00881554
0.562595	-0.107013	0.303082	-0.0301123	-0.138965	-0.00743012
0.562567	-0.107139	0.303071	-0.0293014	-0.133916	-0.00754572
0.562537	-0.10727	0.303061	-0.0299726	-0.1327	-0.00912011
0.562508	-0.107404	0.303057	-0.0275891	-0.134302	-0.00341781
0.562477	-0.107532	0.303043	-0.0282925	-0.131288	-0.00717176
0.562449	-0.107665	0.303038	-0.0275428	-0.129744	-0.00488916
0.562418	-0.107794	0.303028	-0.0276472	-0.129139	-0.00581354
0.562389	-0.107931	0.303019	-0.0284155	-0.130407	-0.00765448
0.562356	-0.108065	0.303008	-0.0297522	-0.130242	-0.00920297
0.562329	-0.108192	0.302998	-0.028646	-0.129023	-0.00797061
0.5623	-0.108322	0.30299	-0.0298048	-0.129879	-0.0090532
0.562271	-0.108451	0.302983	-0.029532	-0.131527	-0.00671935
0.562242	-0.108579	0.302973	-0.0291948	-0.12903	-0.00656519
0.562212	-0.108711	0.302964	-0.0295989	-0.128494	-0.00940087
0.562179	-0.108846	0.30295	-0.0299047	-0.128924	-0.0112325
0.562149	-0.10898	0.302939	-0.0296696	-0.128658	-0.0110141
0.562116	-0.109107	0.302931	-0.0299994	-0.127071	-0.00989996
0.562088	-0.109238	0.302919	-0.0298451	-0.129482	-0.0110516
0.562057	-0.109368	0.302905	-0.0299843	-0.127555	-0.0120169
0.562025	-0.109497	0.302891	-0.0304826	-0.128601	-0.0106215
0.561995	-0.109632	0.302882	-0.0312937	-0.132266	-0.010966
0.561966	-0.109762	0.302874	-0.0302196	-0.131338	-0.0095645
0.561931	-0.109894	0.302853	-0.0318682	-0.131139	-0.0129807
0.561902	-0.110021	0.302846	-0.030157	-0.127207	-0.0107691
0.561873	-0.110148	0.302835	-0.0298894	-0.129672	-0.0105961
0.561842	-0.110278	0.302823	-0.0304632	-0.129247	-0.010893
0.56181	-0.110405	0.302812	-0.0309051	-0.12837	-0.0112556
0.56178	-0.110535	0.302797	-0.0306769	-0.129104	-0.0124528
0.561746	-0.110672	0.302781	-0.0313681	-0.130472	-0.0128066
0.561716	-0.110795	0.302768	-0.0309994	-0.128259	-0.0126075
0.561685	-0.110923	0.302758	-0.0312237	-0.126508	-0.0123459
0.561652	-0.111057	0.302741	-0.0315644	-0.128384	-0.0130073
0.561619	-0.111191	0.302728	-0.0315127	-0.130269	-0.0119461
0.561585	-0.111321	0.302707	-0.0317377	-0.128517	-0.0158636
0.561554	-0.111456	0.302703	-0.0316365	-0.132165	-0.0114527
0.561522	-0.111594	0.302685	-0.0322065	-0.134748	-0.0136147
0.561486	-0.111726	0.302666	-0.0332386	-0.132726	-0.0169823
0.561456	-0.111855	0.302657	-0.0323356	-0.131594	-0.0139414
0.561421	-0.111993	0.302639	-0.0330977	-0.134513	-0.0147652
0.561386	-0.112126	0.302626	-0.0332071	-0.130879	-0.0152297
0.561354	-0.112254	0.302606	-0.0323157	-0.129321	-0.0157763
0.561321	-0.112384	0.302592	-0.0321914	-0.130324	-0.01523
0.561286	-0.112525	0.302578	-0.0326852	-0.133113	-0.0139996
0.561252	-0.112652	0.302559	-0.0326541	-0.127619	-0.0152725
0.56122	-0.112785	0.302542	-0.032281	-0.128099	-0.0167588
0.561184	-0.11292	0.302524	-0.0336801	-0.13051	-0.0178751
0.561151	-0.113051	0.302509	-0.0329994	-0.129546	-0.0174065
0.561115	-0.113187	0.302494	-0.0337413	-0.130297	-0.0155692
0.561081	-0.113312	0.302473	-0.0340908	-0.12887	-0.0181064
0.561048	-0.11345	0.302456	-0.0334036	-0.130261	-0.0164559
0.561013	-0.113579	0.302437	-0.0328246	-0.127487	-0.0178922
0.560978	-0.113711	0.302424	-0.0338778	-0.129976	-0.015314
0.560943	-0.113844	0.302409	-0.0341591	-0.130304	-0.0159498
0.56091	-0.113976	0.302389	-0.0344653	-0.131724	-0.0182124
0.560876	-0.114106	0.30237	-0.0345165	-0.132005	-0.0192091
0.560841	-0.114239	0.302353	-0.03471	-0.131005	-0.0178488
0.560807	-0.114372	0.302336	-0.0341261	-0.130393	-0.0180142
0.56077	-0.114502	0.302313	-0.0327803	-0.129513	-0.0158892
0.560737	-0.114631	0.302295	-0.0331279	-0.129677	-0.0174355
0.560702	-0.114766	0.30228	-0.0337215	-0.13188	-0.0174886
0.560668	-0.114892	0.30226	-0.0343174	-0.132578	-0.0172895
0.560634	-0.115019	0.30224	-0.0343893	-0.130357	-0.0185506
0.560602	-0.115152	0.302224	-0.0337466	-0.13155	-0.0187917
0.560565	-0.115285	0.302201	-0.0352373	-0.13194	-0.0227437
0.560532	-0.115413	0.302188	-0.0343002	-0.129227	-0.0207583
0.560498	-0.115539	0.302171	-0.0338158	-0.125971	-0.018725
0.560463	-0.115667	0.302148	-0.035178	-0.127012	-0.0231447
0.560427	-0.115795	0.302126	-0.0351855	-0.125957	-0.0235863
0.560395	-0.115923	0.302114	-0.0345349	-0.127547	-0.0187726
0.560361	-0.116055	0.302094	-0.0343809	-0.12713	-0.0197933
0.560323	-0.116185	0.302073	-0.0356327	-0.126903	-0.0207506
0.56029	-0.116311	0.302052	-0.0348256	-0.125407	-0.0215511
0.560257	-0.116437	0.30203	-0.0336591	-0.122843	-0.0235812
0.560224	-0.116567	0.302016	-0.0336417	-0.126415	-0.020554
0.560189	-0.116692	0.301992	-0.0339972	-0.124818	-0.0218006
0.560157	-0.116815	0.301975	-0.0337056	-0.122856	-0.0211615
0.560123	-0.116943	0.301953	-0.0333649	-0.12594	-0.0228701
0.560088	-0.117072	0.301934	-0.0332312	-0.12482	-0.0201257
0.560055	-0.117192	0.301912	-0.0332246	-0.123478	-0.0221693
0.560022	-0.117316	0.301892	-0.0335167	-0.123136	-0.0237146
0.559989	-0.11744	0.301872	-0.0337791	-0.124709	-0.0246144
0.559958	-0.117564	0.301852	-0.033367	-0.124371	-0.0252867
0.559925	-0.117688	0.301833	-0.0332763	-0.125027	-0.0215875
0.559892	-0.117807	0.301817	-0.0331736	-0.123455	-0.0200581
0.55986	-0.117931	0.301793	-0.0328036	-0.123353	-0.0217809
0.559826	-0.118052	0.301771	-0.0328226	-0.119938	-0.0214498
0.559796	-0.118174	0.301757	-0.0326181	-0.121275	-0.0195329
0.559761	-0.118294	0.301732	-0.033246	-0.119625	-0.0209774
0.55973	-0.118412	0.301716	-0.0327347	-0.11838	-0.0201444
0.559698	-0.118533	0.30169	-0.0331564	-0.120741	-0.0217841
0.559663	-0.118659	0.30167	-0.0331673	-0.119778	-0.0191268
0.559632	-0.118778	0.30165	-0.0329796	-0.121782	-0.0193452
0.5596	-0.118905	0.301631	-0.0323542	-0.12301	-0.0167686
0.559568	-0.119023	0.301613	-0.0314503	-0.120379	-0.01606
0.559536	-0.119137	0.301591	-0.0317994	-0.118982	-0.019275
0.559502	-0.119257	0.301566	-0.032589	-0.120562	-0.0204214
0.559469	-0.119381	0.301546	-0.0334052	-0.122589	-0.020147
0.559438	-0.119503	0.301523	-0.0335336	-0.12406	-0.0224881
0.559404	-0.119618	0.301498	-0.0337947	-0.118832	-0.0234006
0.559373	-0.119744	0.301484	-0.0336152	-0.121117	-0.0209635
0.559342	-0.119863	0.301461	-0.0328406	-0.119627	-0.0226258
0.559309	-0.119983	0.301439	-0.0327907	-0.117991	-0.0223958
0.559275	-0.120099	0.301414	-0.032779	-0.116966	-0.0238536
0.559243	-0.120216	0.301396	-0.0330902	-0.116535	-0.0256549
0.559211	-0.120337	0.301374	-0.0324046	-0.118368	-0.0239734
0.559181	-0.120455	0.301353	-0.0319987	-0.118532	-0.0229346
0.559146	-0.120579	0.30133	-0.0329196	-0.120049	-0.024436
0.559114	-0.120696	0.30131	-0.032664	-0.118635	-0.0245142
0.55908	-0.12082	0.301287	-0.0335819	-0.11988	-0.0259845
0.559049	-0.120932	0.301265	-0.0329505	-0.119642	-0.0239813
0.559016	-0.121056	0.301242	-0.0331507	-0.121016	-0.0245801
0.558982	-0.121174	0.301218	-0.0331655	-0.119662	-0.0238151
0.558952	-0.121292	0.301196	-0.031932	-0.119077	-0.0205771
0.55892	-0.12141	0.301176	-0.0314117	-0.118942	-0.0203252
0.558886	-0.12153	0.301152	-0.0321422	-0.118368	-0.0199723
0.558854	-0.121652	0.301124	-0.0317987	-0.11874	-0.022982
0.558822	-0.121765	0.301105	-0.0316557	-0.114694	-0.0208019
0.558791	-0.121881	0.301077	-0.0315162	-0.115127	-0.0218077
0.55876	-0.121991	0.30105	-0.0307617	-0.112744	-0.0236207
0.558728	-0.122109	0.30103	-0.0310615	-0.113646	-0.0226761
0.558695	-0.122228	0.301002	-0.0311902	-0.113398	-0.0248494
0.558665	-0.122342	0.300979	-0.0309131	-0.112556	-0.0254163
0.558634	-0.122461	0.30096	-0.0310586	-0.115165	-0.0233985
0.558602	-0.122576	0.300934	-0.0315295	-0.114554	-0.0251888
0.55857	-0.122692	0.300907	-0.031607	-0.112886	-0.0247876
0.558538	-0.122805	0.300881	-0.031596	-0.111097	-0.0244405
0.55851	-0.122914	0.300861	-0.0310777	-0.112836	-0.0235611
0.558478	-0.123035	0.300842	-0.0310105	-0.115984	-0.0206865
0.558446	-0.123151	0.300811	-0.031814	-0.114534	-0.0246425
0.558415	-0.123265	0.300789	-0.0308818	-0.112606	-0.0223078
0.558382	-0.123385	0.300764	-0.0322708	-0.116345	-0.023817
0.558352	-0.123498	0.300743	-0.0309042	-0.113121	-0.0232058
0.558321	-0.123617	0.300719	-0.032762	-0.114311	-0.025987
0.558291	-0.123727	0.300691	-0.0317125	-0.112249	-0.0268325
0.558261	-0.123843	0.300671	-0.0313389	-0.112579	-0.0263356
0.558232	-0.12396	0.300646	-0.0308338	-0.112616	-0.0267784
0.558199	-0.124084	0.300621	-0.0315478	-0.116663	-0.0258201
0.558169	-0.124199	0.3006	-0.0309079	-0.115619	-0.0239741
0.558139	-0.124311	0.300569	-0.030988	-0.115664	-0.0263984
0.558111	-0.124434	0.30055	-0.0297508	-0.116542	-0.0238681
0.558081	-0.124549	0.300526	-0.0302465	-0.11696	-0.0237449
0.55805	-0.124662	0.300497	-0.0303889	-0.114971	-0.0272667
0.558022	-0.124774	0.300477	-0.029536	-0.114049	-0.0248138
0.557993	-0.124892	0.300451	-0.0299072	-0.115392	-0.0256392
0.557964	-0.125002	0.300426	-0.0295815	-0.113179	-0.0259606
0.557935	-0.125122	0.300408	-0.0291918	-0.115076	-0.0246746
0.557905	-0.125239	0.300381	-0.0291235	-0.115171	-0.0254289
0.557847	-0.12547	0.300335	-0.0298059	-0.11742	-0.0241724
0.55782	-0.125585	0.30031	-0.0292156	-0.116277	-0.0246035
0.557792	-0.125703	0.300288	-0.0292679	-0.117251	-0.0239138
0.557764	-0.125815	0.300264	-0.0284711	-0.11494	-0.023815
0.557734	-0.125931	0.300238	-0.0285126	-0.112636	-0.0257839
0.557704	-0.126052	0.300209	-0.0295654	-0.115591	-0.0270339
0.557679	-0.126169	0.300192	-0.0280084	-0.114536	-0.0235075
0.557648	-0.126286	0.300167	-0.028642	-0.114988	-0.02386
0.55762	-0.126401	0.300138	-0.0290757	-0.117239	-0.0266653
0.557593	-0.126519	0.300119	-0.0282293	-0.115913	-0.0251169
0.557564	-0.126639	0.300092	-0.0287635	-0.118223	-0.027083
0.557534	-0.126757	0.300065	-0.0292237	-0.119606	-0.0264738
0.557506	-0.126873	0.300042	-0.0287988	-0.118434	-0.0241693
0.557478	-0.126992	0.300013	-0.0291423	-0.120505	-0.0245353
0.557449	-0.127114	0.299992	-0.0285489	-0.119642	-0.0223153
0.557421	-0.12723	0.299966	-0.0285196	-0.119033	-0.0227361
0.557392	-0.127349	0.299938	-0.0288161	-0.118723	-0.0245344
0.557366	-0.127461	0.299914	-0.0281863	-0.116971	-0.0262378
0.557336	-0.127581	0.29988	-0.0283462	-0.116836	-0.0272874
0.557312	-0.127694	0.29986	-0.0270484	-0.114176	-0.0255983
0.557281	-0.127816	0.299834	-0.0284808	-0.116834	-0.0244489
0.557254	-0.127929	0.299803	-0.028255	-0.116831	-0.0266897
0.557227	-0.128048	0.299782	-0.0271458	-0.115084	-0.0229843
0.557196	-0.128165	0.299747	-0.0289437	-0.116842	-0.0278795
0.55717	-0.128276	0.299725	-0.027908	-0.114306	-0.02644
0.557141	-0.128397	0.299699	-0.0285037	-0.117032	-0.026443
0.557113	-0.128512	0.299672	-0.0284071	-0.11747	-0.0266653
0.557085	-0.128628	0.299646	-0.0277883	-0.114711	-0.0249299
0.557055	-0.128745	0.299616	-0.0280968	-0.114385	-0.0251009
0.557026	-0.128863	0.299587	-0.0286819	-0.115339	-0.0268697
0.556997	-0.128984	0.299561	-0.0291102	-0.117539	-0.0267667
0.556971	-0.129092	0.299534	-0.0278928	-0.114518	-0.0249796
0.556942	-0.129205	0.299504	-0.0282187	-0.114205	-0.0251348
0.556917	-0.12932	0.299484	-0.0273855	-0.11505	-0.0219922
0.556889	-0.129436	0.299457	-0.027591	-0.115279	-0.0218988
0.556863	-0.129546	0.299426	-0.0275366	-0.113568	-0.0247376
0.556834	-0.129658	0.299394	-0.0285782	-0.115309	-0.0267195
0.556806	-0.129776	0.299367	-0.0289351	-0.116658	-0.0271281
0.556778	-0.129889	0.299346	-0.0287535	-0.115325	-0.0256714
0.556751	-0.129999	0.299314	-0.0280909	-0.112636	-0.0263185
0.556722	-0.130116	0.299284	-0.0277174	-0.111987	-0.027078
0.556695	-0.130224	0.299256	-0.028364	-0.112073	-0.0276223
0.556669	-0.130335	0.29923	-0.0267141	-0.112466	-0.0262256
0.556642	-0.130448	0.299202	-0.0265809	-0.111557	-0.0264385
0.556616	-0.130561	0.299177	-0.0268132	-0.111735	-0.0279576
0.556587	-0.130675	0.299147	-0.0278152	-0.113145	-0.0286261
0.556557	-0.130791	0.299116	-0.0285055	-0.112648	-0.0299841
0.55653	-0.130901	0.299086	-0.027335	-0.112514	-0.02871
0.556504	-0.131011	0.299058	-0.0265093	-0.109416	-0.0286731
0.556478	-0.131119	0.299033	-0.0269071	-0.110915	-0.0290338
0.55645	-0.13123	0.299003	-0.0273607	-0.110196	-0.0305972
0.556424	-0.131347	0.298973	-0.0267504	-0.11012	-0.0319202
0.556396	-0.131453	0.29894	-0.0275636	-0.108814	-0.0341579
0.556368	-0.131567	0.298911	-0.0280774	-0.111194	-0.0320698
0.556339	-0.131678	0.298877	-0.0287579	-0.11128	-0.0324764
0.556313	-0.131784	0.298847	-0.0284594	-0.110402	-0.0331516
0.556288	-0.13189	0.29882	-0.0263382	-0.109523	-0.0293098
0.556262	-0.131995	0.298789	-0.0271914	-0.10955	-0.0313905
0.556235	-0.13211	0.298758	-0.0264025	-0.110165	-0.0331304
0.55621	-0.132218	0.298732	-0.0263235	-0.109257	-0.031927
0.556183	-0.132326	0.298701	-0.0255575	-0.108681	-0.0303864
0.556158	-0.132434	0.298673	-0.0248311	-0.107198	-0.0295285
0.556133	-0.13254	0.298641	-0.0253217	-0.107238	-0.0301755
0.556107	-0.132648	0.298612	-0.0247889	-0.105377	-0.0307087
0.55608	-0.132756	0.29858	-0.0247999	-0.105139	-0.0317421
0.556056	-0.132857	0.298547	-0.025088	-0.102225	-0.0334967
0.556031	-0.132969	0.298519	-0.024197	-0.103478	-0.0335049
0.556005	-0.133073	0.298487	-0.0243062	-0.102767	-0.0313996
0.555979	-0.133182	0.298457	-0.0240131	-0.103506	-0.0306018
0.555954	-0.133288	0.298424	-0.0242233	-0.105322	-0.031206
0.555929	-0.133397	0.298393	-0.0241545	-0.10618	-0.0313208
0.555903	-0.13351	0.298365	-0.0245306	-0.108676	-0.0300798
0.555879	-0.133613	0.298334	-0.023569	-0.106931	-0.0280085
0.555855	-0.133721	0.298301	-0.0244623	-0.106467	-0.0319828
0.555828	-0.133827	0.298269	-0.0251298	-0.106657	-0.0333186
0.555803	-0.133935	0.29823	-0.0250619	-0.108271	-0.0344591
0.555777	-0.134043	0.2982	-0.0254196	-0.106654	-0.0336865
0.555752	-0.134151	0.298171	-0.0248227	-0.106317	-0.0318101
0.555727	-0.134259	0.298137	-0.0259559	-0.108704	-0.0330226
0.555702	-0.134367	0.298102	-0.0253025	-0.106956	-0.0331131
0.555676	-0.134468	0.298064	-0.0257942	-0.103384	-0.0345683
0.555653	-0.13458	0.298037	-0.025191	-0.104805	-0.0327396
0.555629	-0.134683	0.298006	-0.0261819	-0.104796	-0.0335579
0.555604	-0.134789	0.297966	-0.026341	-0.106997	-0.0366973
0.555577	-0.134899	0.297935	-0.0266531	-0.109417	-0.0349899
0.555553	-0.135001	0.297902	-0.0265603	-0.105621	-0.0354914
0.555529	-0.135109	0.297871	-0.0264551	-0.106387	-0.0342498
0.555502	-0.135217	0.297837	-0.0266616	-0.107707	-0.0323208
0.555477	-0.135325	0.297802	-0.0257031	-0.105704	-0.033419
0.555452	-0.135431	0.29777	-0.0246412	-0.103619	-0.031997
0.555428	-0.135536	0.297737	-0.0245632	-0.105918	-0.0316715
0.555402	-0.135641	0.297701	-0.0265999	-0.108836	-0.0336006
0.555379	-0.135749	0.297672	-0.0253733	-0.107532	-0.0317805
0.555352	-0.135854	0.297631	-0.0260803	-0.108077	-0.0339267
0.555328	-0.135964	0.2976	-0.0239766	-0.10826	-0.0307562
0.555302	-0.13607	0.297569	-0.0243535	-0.107739	-0.0317099
0.555276	-0.136177	0.29753	-0.0245248	-0.107454	-0.0325511
0.555252	-0.136284	0.297501	-0.0248583	-0.106223	-0.0327902
0.555226	-0.136389	0.297461	-0.0263329	-0.106429	-0.0369436
0.555201	-0.136489	0.297425	-0.0267644	-0.10542	-0.0379659
0.555176	-0.1366	0.297389	-0.0262651	-0.107129	-0.0363416
0.555151	-0.136701	0.297353	-0.0253764	-0.103773	-0.0369281
0.555125	-0.13681	0.297321	-0.0258837	-0.104793	-0.0352288
0.5551	-0.136911	0.297283	-0.0258041	-0.104262	-0.0369194
0.555075	-0.137023	0.297246	-0.0255546	-0.107971	-0.0349646
0.555047	-0.13713	0.297211	-0.0253338	-0.107686	-0.0340537
0.555025	-0.13723	0.297172	-0.0249135	-0.104661	-0.0358184
0.554998	-0.137334	0.297138	-0.0249741	-0.103654	-0.0336095
0.554976	-0.137439	0.297104	-0.0241895	-0.105236	-0.0322995
0.554951	-0.137541	0.297065	-0.024543	-0.105733	-0.0341944
0.554924	-0.137644	0.297031	-0.0251137	-0.104841	-0.0361386
0.554901	-0.137744	0.296993	-0.0240845	-0.102334	-0.0367718
0.554876	-0.137849	0.296957	-0.0238227	-0.102082	-0.0372911
0.554848	-0.137957	0.296919	-0.0245897	-0.102294	-0.0398834
0.554822	-0.138066	0.296883	-0.0243544	-0.103007	-0.0389085
0.554795	-0.138171	0.296845	-0.0260134	-0.103289	-0.0404585
0.554772	-0.138274	0.296809	-0.0260485	-0.10212	-0.0406937
0.554747	-0.138377	0.296775	-0.025154	-0.103006	-0.0360743
0.554721	-0.138487	0.296738	-0.0253731	-0.104024	-0.0372976
0.554695	-0.138588	0.296696	-0.0254336	-0.103069	-0.0401768
0.55467	-0.138691	0.296654	-0.0248743	-0.10123	-0.0419166
0.554645	-0.138796	0.296621	-0.0254167	-0.105888	-0.0388644
0.554618	-0.138903	0.296578	-0.0262681	-0.104942	-0.0414991
0.554592	-0.13901	0.296541	-0.0256566	-0.103782	-0.0395412
0.554565	-0.139111	0.296497	-0.0261712	-0.103954	-0.0405282
0.554541	-0.139213	0.296461	-0.0240228	-0.103289	-0.0384891
0.554516	-0.139312	0.296416	-0.0242523	-0.103155	-0.0411855
0.55449	-0.139418	0.296376	-0.0240103	-0.10303	-0.0398394
0.554465	-0.139519	0.296339	-0.0244553	-0.103739	-0.0396757
0.554442	-0.139617	0.296294	-0.025097	-0.10282	-0.04174
0.554412	-0.139723	0.296251	-0.0264381	-0.10405	-0.0394691
0.554387	-0.139834	0.296215	-0.0266225	-0.105986	-0.0399329
0.554361	-0.139934	0.296169	-0.0267985	-0.103388	-0.0417557
0.554337	-0.140041	0.296133	-0.0258243	-0.103843	-0.0396258
0.554314	-0.140131	0.296088	-0.0246633	-0.0995434	-0.04025
0.554286	-0.14024	0.296049	-0.0258412	-0.103635	-0.0385803
0.554257	-0.14035	0.296004	-0.0250717	-0.103313	-0.0384133
0.554234	-0.140453	0.295964	-0.0242064	-0.10334	-0.0393009
0.554205	-0.140559	0.295919	-0.0245578	-0.101192	-0.0414679
0.554179	-0.140669	0.295883	-0.0250684	-0.105106	-0.0385013
0.554153	-0.140782	0.295843	-0.024569	-0.105289	-0.0375853
0.554125	-0.140886	0.295796	-0.0250376	-0.10289	-0.040371
0.554098	-0.140992	0.295748	-0.024232	-0.103435	-0.0417131
0.554072	-0.141095	0.295704	-0.0249951	-0.105224	-0.0424231
0.554044	-0.141208	0.295661	-0.0250185	-0.104299	-0.0430069
0.554018	-0.141313	0.295616	-0.0255083	-0.104694	-0.0456725
0.553992	-0.141419	0.295576	-0.0242308	-0.102048	-0.0444761
0.553965	-0.141524	0.295529	-0.024498	-0.102053	-0.04559
0.553936	-0.141637	0.295482	-0.0256248	-0.105666	-0.0447072
0.553911	-0.141741	0.295443	-0.0251148	-0.104949	-0.0419606
0.553883	-0.141844	0.295401	-0.0252379	-0.105171	-0.0409662
0.553857	-0.141953	0.295355	-0.0258594	-0.105619	-0.0417492
0.553831	-0.142054	0.295311	-0.0254564	-0.103802	-0.0412871
0.553805	-0.142158	0.295267	-0.0249647	-0.101936	-0.0407978
0.553778	-0.142264	0.295226	-0.0256074	-0.103208	-0.0410941
0.553753	-0.142369	0.295186	-0.0248115	-0.102974	-0.0394724
0.553725	-0.142477	0.295141	-0.025498	-0.103646	-0.0408227
0.553699	-0.142581	0.295097	-0.0263699	-0.103677	-0.0433101
0.55367	-0.142687	0.295052	-0.0262146	-0.104982	-0.0431712
0.553645	-0.142791	0.295009	-0.025425	-0.10301	-0.043246
0.553617	-0.142895	0.294963	-0.0271973	-0.103994	-0.0454362
0.553588	-0.143005	0.294914	-0.0281947	-0.104713	-0.0471539
0.553562	-0.143109	0.294868	-0.027422	-0.103589	-0.047037
0.553537	-0.143215	0.294828	-0.0266673	-0.104571	-0.0445542
0.553509	-0.143321	0.29478	-0.0265509	-0.102449	-0.0472052
0.553481	-0.14343	0.294731	-0.0271447	-0.105246	-0.0471569
0.553455	-0.143531	0.294685	-0.0265208	-0.103522	-0.0459538
0.553425	-0.143639	0.294637	-0.0271297	-0.103469	-0.046154
0.553401	-0.143742	0.294591	-0.026227	-0.103078	-0.046122
0.553375	-0.143846	0.294546	-0.0256913	-0.102703	-0.0443703
0.553348	-0.14395	0.294496	-0.0276433	-0.1039	-0.0479374
0.55332	-0.14405	0.294446	-0.0268281	-0.0994275	-0.0494063
0.553295	-0.144156	0.294405	-0.0259268	-0.100932	-0.0466829
0.553265	-0.144268	0.294356	-0.0271096	-0.104397	-0.0467538
0.553239	-0.14437	0.294308	-0.0269664	-0.10133	-0.0478159
0.553212	-0.144475	0.294266	-0.0264952	-0.102341	-0.0450385
0.553185	-0.144579	0.294218	-0.0266981	-0.102079	-0.0450646
0.55316	-0.144672	0.294168	-0.0254884	-0.09773	-0.0461713
0.553133	-0.144774	0.294117	-0.0251464	-0.101199	-0.045028
0.553104	-0.144885	0.294068	-0.0262963	-0.104151	-0.0442449
0.553076	-0.144989	0.294017	-0.0261525	-0.101866	-0.0454462
0.55305	-0.145091	0.293967	-0.0258097	-0.101355	-0.0470578
0.553021	-0.145201	0.293921	-0.026492	-0.103812	-0.0451508
0.552994	-0.145306	0.293868	-0.0258054	-0.101819	-0.04586
0.552969	-0.145408	0.293817	-0.0246643	-0.10189	-0.0456687
0.55294	-0.145506	0.293763	-0.0259995	-0.101454	-0.0484712
0.552917	-0.145605	0.293718	-0.0253551	-0.102805	-0.0458266
0.552887	-0.145712	0.293666	-0.0267999	-0.102862	-0.0477902
0.552863	-0.145813	0.293614	-0.0268338	-0.105278	-0.0496191
0.552838	-0.145913	0.293566	-0.0263781	-0.102947	-0.0491313
0.552811	-0.146015	0.293519	-0.0270539	-0.103252	-0.049979
0.552785	-0.14612	0.293469	-0.0268274	-0.104348	-0.0487887
0.552759	-0.146223	0.293418	-0.0262512	-0.103118	-0.047521
0.552733	-0.14632	0.293366	-0.026174	-0.101695	-0.0491846
0.552709	-0.146417	0.293315	-0.0258842	-0.100627	-0.0479642
0.552684	-0.146513	0.293263	-0.0261039	-0.0994091	-0.0507936
0.552657	-0.146616	0.293209	-0.0266708	-0.100838	-0.0527667
0.552632	-0.146712	0.293157	-0.0265187	-0.0997523	-0.050518
0.552606	-0.146811	0.293102	-0.0268866	-0.0997241	-0.0523657
0.552579	-0.146915	0.293053	-0.0261995	-0.099379	-0.0505935
0.552554	-0.147012	0.293002	-0.0266233	-0.10004	-0.0508037
0.552529	-0.147115	0.292949	-0.0258517	-0.0990645	-0.0524843
0.552503	-0.147216	0.2929	-0.0263672	-0.0992775	-0.0516691
0.552478	-0.147308	0.292848	-0.0260466	-0.0974358	-0.0503787
0.552455	-0.147405	0.292795	-0.0246233	-0.0983266	-0.0498079
0.552427	-0.147506	0.292744	-0.0259004	-0.0999664	-0.0503641
0.5524	-0.147606	0.292686	-0.0255261	-0.0998037	-0.0526032
0.552376	-0.147705	0.292638	-0.0252284	-0.0999409	-0.0525581
0.55235	-0.14781	0.29259	-0.0244548	-0.101414	-0.0483943
0.552324	-0.14791	0.292535	-0.0263941	-0.100408	-0.051648
0.552299	-0.148008	0.292485	-0.0251576	-0.0990486	-0.0516279
0.552273	-0.148111	0.292431	-0.0252097	-0.101435	-0.0511192
0.552248	-0.14821	0.292375	-0.0255675	-0.100964	-0.0537975
0.552225	-0.148308	0.292328	-0.0244732	-0.101155	-0.051719
0.552197	-0.148409	0.292268	-0.0252076	-0.101634	-0.0543344
0.552172	-0.148505	0.292213	-0.0255828	-0.0985094	-0.0556585
0.552145	-0.148612	0.292157	-0.0255945	-0.102356	-0.055398
0.55212	-0.148709	0.292103	-0.0241007	-0.0986519	-0.0544294
0.552096	-0.14881	0.29205	-0.0242747	-0.101519	-0.0556895
0.552068	-0.148911	0.291991	-0.0251123	-0.102335	-0.0572045
0.552044	-0.14901	0.291937	-0.0237494	-0.101553	-0.0536081
0.552022	-0.149107	0.291889	-0.0224186	-0.0991014	-0.0514414
0.551997	-0.149205	0.29183	-0.0238894	-0.099116	-0.0526555
0.551972	-0.149307	0.291783	-0.0234968	-0.099737	-0.048567
0.551945	-0.149409	0.291717	-0.023839	-0.100185	-0.0534082
0.551923	-0.14951	0.291669	-0.023258	-0.100746	-0.052291
0.551898	-0.149608	0.291614	-0.0235721	-0.0990957	-0.0526471
0.551874	-0.149708	0.291554	-0.0235601	-0.0997268	-0.0557268
0.55185	-0.149806	0.291495	-0.0234396	-0.0975312	-0.0564301
0.551827	-0.149909	0.29144	-0.0240578	-0.0980491	-0.0561308
0.551802	-0.150007	0.291379	-0.0237738	-0.0961726	-0.0582687
0.55178	-0.150101	0.291324	-0.022504	-0.0956367	-0.0558068
0.551757	-0.150201	0.291268	-0.0230742	-0.0986396	-0.0551003
0.551733	-0.150297	0.291207	-0.0227631	-0.0950882	-0.0564945
0.551708	-0.150403	0.291153	-0.0222442	-0.0973623	-0.0558215
0.551686	-0.1505	0.291098	-0.0223999	-0.0989002	-0.0553657
0.551662	-0.150601	0.291043	-0.0229051	-0.0983775	-0.055004
0.551638	-0.150703	0.290988	-0.0239559	-0.101674	-0.0553524
0.551614	-0.150799	0.290929	-0.0235865	-0.0978287	-0.0556799
0.551593	-0.150898	0.290877	-0.0229131	-0.0985779	-0.0559834
0.551572	-0.150987	0.290819	-0.0222494	-0.0938179	-0.0578033
0.551549	-0.15109	0.290765	-0.0230146	-0.0974733	-0.0578224
0.551524	-0.151185	0.290704	-0.0230218	-0.0950843	-0.0587377
0.551504	-0.151281	0.290652	-0.02245	-0.0965207	-0.0575376
0.551477	-0.151379	0.290589	-0.0245159	-0.0957431	-0.0602835
0.551457	-0.15147	0.290532	-0.0229612	-0.0944491	-0.0582709
0.551433	-0.151569	0.290476	-0.0245335	-0.0949138	-0.060188
0.551411	-0.151666	0.290419	-0.0236402	-0.0944178	-0.0588475
0.551388	-0.151763	0.290365	-0.0232826	-0.0945879	-0.0564466
0.551365	-0.15186	0.290306	-0.0234227	-0.0947763	-0.0577279
0.551343	-0.151952	0.290247	-0.023339	-0.0934408	-0.0594678
0.551321	-0.15205	0.290195	-0.0229118	-0.0940451	-0.0577895
0.551301	-0.152147	0.290139	-0.0226669	-0.0959506	-0.0567303
0.551279	-0.15224	0.290082	-0.0218818	-0.0951447	-0.0564476
0.551257	-0.15234	0.290022	-0.0216603	-0.0977888	-0.0565904
0.551235	-0.152435	0.289962	-0.021966	-0.0964583	-0.058294
0.551212	-0.152536	0.289905	-0.021628	-0.0966386	-0.0569825
0.551191	-0.152634	0.289844	-0.0218086	-0.0959962	-0.0583875
0.55117	-0.152731	0.289783	-0.0224289	-0.0960636	-0.0609357
0.551152	-0.152826	0.289729	-0.0193406	-0.0953653	-0.0561796
0.551129	-0.152922	0.289664	-0.020767	-0.0969264	-0.0580295
0.551108	-0.153023	0.289608	-0.0195646	-0.0979711	-0.0550339
0.551087	-0.153125	0.28955	-0.0201593	-0.099854	-0.0571121
0.551066	-0.153219	0.289488	-0.0206557	-0.0978296	-0.0575542
0.551047	-0.15332	0.289428	-0.0203703	-0.100767	-0.0565853
0.551024	-0.153423	0.289367	-0.0209944	-0.0995341	-0.0586105
0.551005	-0.153518	0.289308	-0.0184944	-0.0951311	-0.0571576
0.550985	-0.153619	0.289244	-0.0189555	-0.0962845	-0.059067
0.550965	-0.15371	0.28918	-0.0184079	-0.0954088	-0.0598818
0.550947	-0.153802	0.289118	-0.0187947	-0.0954723	-0.0600875
0.550927	-0.153897	0.289053	-0.0188557	-0.0945464	-0.0602882
0.55091	-0.153988	0.288996	-0.0180555	-0.093632	-0.0591009
0.550891	-0.154087	0.288933	-0.017749	-0.095443	-0.0586513
0.550872	-0.154182	0.288872	-0.0173383	-0.0938858	-0.0595035
0.550854	-0.154279	0.288817	-0.0168002	-0.0945024	-0.0561169
0.550836	-0.154376	0.288756	-0.0176049	-0.0939177	-0.0607329
0.550817	-0.154476	0.288694	-0.0177728	-0.0935067	-0.0619744
0.5508	-0.154566	0.288637	-0.0172618	-0.0920552	-0.0588775
0.55078	-0.154665	0.288575	-0.0176962	-0.0946183	-0.0590637
0.550763	-0.154755	0.288513	-0.0171721	-0.0946777	-0.0586207
0.550743	-0.154859	0.288448	-0.0177375	-0.0972306	-0.0602105
0.550726	-0.154952	0.288388	-0.0174606	-0.0960998	-0.0594966
0.550709	-0.155052	0.288327	-0.0157661	-0.097146	-0.0575083
0.55069	-0.155152	0.288263	-0.0173516	-0.0965721	-0.0604509
0.550673	-0.155251	0.288208	-0.0171982	-0.0969127	-0.0598708
0.550657	-0.155354	0.288152	-0.0152242	-0.0973336	-0.056684
0.550639	-0.155448	0.288085	-0.0165532	-0.0979783	-0.0595193
0.550621	-0.155545	0.288026	-0.0166664	-0.0961322	-0.0597965
0.550607	-0.155641	0.287964	-0.0158759	-0.096256	-0.0607281
0.550588	-0.155749	0.287902	-0.0172125	-0.100546	-0.0628541
0.550574	-0.155842	0.287842	-0.0175532	-0.0975817	-0.0629074
0.550559	-0.155938	0.287776	-0.0179822	-0.0985588	-0.0643662
0.550542	-0.15604	0.287712	-0.0173354	-0.0985699	-0.0644905
0.550529	-0.156139	0.287649	-0.0153614	-0.100158	-0.0644958
0.550514	-0.156238	0.287587	-0.015118	-0.0949076	-0.0660713
0.550501	-0.156339	0.287524	-0.014003	-0.0978557	-0.0631235
0.550489	-0.156438	0.287463	-0.012372	-0.0972238	-0.0609062
0.550475	-0.156533	0.287402	-0.0139106	-0.0977842	-0.0639146
0.550465	-0.156633	0.287336	-0.0127124	-0.0991755	-0.0645441
0.550452	-0.156727	0.287275	-0.0133763	-0.0983956	-0.0632138
0.55044	-0.156828	0.287215	-0.0134956	-0.0993301	-0.0628187
0.550427	-0.156922	0.287146	-0.0126974	-0.0971113	-0.0634431
0.550416	-0.15702	0.287086	-0.0121951	-0.0989033	-0.0614313
0.550405	-0.157116	0.287018	-0.011558	-0.0986052	-0.0615554
0.550392	-0.157218	0.286954	-0.011675	-0.0992001	-0.0614395
0.550379	-0.157315	0.286893	-0.0128772	-0.0979585	-0.0631976
0.550371	-0.157408	0.286833	-0.0108274	-0.095621	-0.0615124
0.550359	-0.1575	0.286772	-0.012095	-0.094782	-0.0622496
0.550349	-0.157603	0.286714	-0.0110008	-0.0961463	-0.0596716
0.550336	-0.157698	0.286651	-0.0104755	-0.0947425	-0.0594577
0.550326	-0.157799	0.286595	-0.0110583	-0.0956585	-0.059142
0.550315	-0.157893	0.286534	-0.0106149	-0.0940965	-0.0603863
0.550303	-0.157994	0.286469	-0.00986422	-0.0961331	-0.0615108
0.550292	-0.158091	0.286413	-0.0096553	-0.0971208	-0.0595627
0.550283	-0.158188	0.286354	-0.00916549	-0.0966619	-0.0590772
0.55027	-0.158285	0.28629	-0.0100009	-0.0951783	-0.062553
0.550261	-0.158379	0.286229	-0.00966834	-0.0906581	-0.062968
0.550254	-0.158473	0.286179	-0.00911159	-0.0932063	-0.0594836
0.550244	-0.158571	0.286125	-0.00917353	-0.0934111	-0.0590667
0.550233	-0.158671	0.286064	-0.00915299	-0.0925469	-0.0607575
0.550225	-0.158766	0.286006	-0.00938398	-0.0911107	-0.0620491
0.550217	-0.158862	0.285946	-0.00897108	-0.0914646	-0.0618406
0.550207	-0.158963	0.285884	-0.00968405	-0.0951334	-0.0610787
0.550199	-0.159061	0.285827	-0.00903581	-0.0951429	-0.0610618
0.550189	-0.159155	0.28576	-0.00870508	-0.0941936	-0.0622273
0.55018	-0.159256	0.285699	-0.00905748	-0.0965652	-0.0627872
0.550171	-0.159346	0.285629	-0.00954991	-0.0942867	-0.065211
0.550165	-0.159441	0.285572	-0.0091531	-0.0945877	-0.0634381
0.550158	-0.159534	0.285515	-0.00942247	-0.0948952	-0.0632716
0.550147	-0.159637	0.285447	-0.0096963	-0.0963135	-0.0661151
0.550142	-0.159727	0.285386	-0.00931434	-0.0958306	-0.0642304
0.550136	-0.159827	0.285323	-0.00833808	-0.0966057	-0.0620514
0.550127	-0.159925	0.28526	-0.00929282	-0.0973139	-0.062549
0.550121	-0.16002	0.285197	-0.0083232	-0.096081	-0.0624634
0.550114	-0.160119	0.285131	-0.00830778	-0.0977905	-0.0634762
0.550107	-0.16021	0.285069	-0.00817547	-0.0962857	-0.0645664
0.550103	-0.160302	0.285006	-0.0077025	-0.0957892	-0.0628926
0.550097	-0.160398	0.284945	-0.00773669	-0.0969849	-0.0627185
0.550094	-0.160491	0.284886	-0.00742191	-0.0973597	-0.0619846
0.550086	-0.160589	0.284823	-0.00702566	-0.0982485	-0.0604754
0.550085	-0.160679	0.284765	-0.00649128	-0.0942461	-0.0613315
0.55008	-0.160775	0.284705	-0.00655387	-0.0959344	-0.0612566
0.550076	-0.160867	0.28464	-0.00609392	-0.0953242	-0.0654896
0.550067	-0.16096	0.284571	-0.00607402	-0.0899627	-0.067615
0.550062	-0.161053	0.284506	-0.00478752	-0.0902575	-0.0655847
0.550061	-0.161142	0.284447	-0.00376848	-0.0902992	-0.0637244
0.550058	-0.161233	0.284389	-0.00344401	-0.0893489	-0.0621223
0.550054	-0.16132	0.28432	-0.00427782	-0.0888744	-0.0663047
0.55005	-0.161413	0.284257	-0.0044255	-0.0901706	-0.0652105
0.550047	-0.161506	0.284193	-0.00486065	-0.0883213	-0.0658036
0.550044	-0.161595	0.284126	-0.00496268	-0.0881947	-0.0679658
0.550041	-0.161685	0.284067	-0.00364725	-0.0891541	-0.0638215
0.550038	-0.16177	0.283993	-0.00252232	-0.0863106	-0.0653181
0.550038	-0.161862	0.283936	-0.00199899	-0.0898871	-0.0618324
0.550036	-0.161956	0.283874	-0.00180034	-0.0903439	-0.0615917
0.550034	-0.162048	0.283811	-0.000914727	-0.0912162	-0.0593138
0.550033	-0.162136	0.283755	0.000808555	-0.0889884	-0.0565491
0.550034	-0.162224	0.283688	0.000311943	-0.0890238	-0.0598814
0.550031	-0.162313	0.283628	-0.000550275	-0.0896868	-0.0592976
0.550031	-0.162404	0.283569	-0.000872725	-0.0891598	-0.0591569
0.550028	-0.16249	0.283505	-0.00189065	-0.0861223	-0.0632899
0.550026	-0.162581	0.283443	-0.00184241	-0.08868	-0.0627123
0.550024	-0.162673	0.283378	-0.00163882	-0.0891997	-0.0633113
0.550023	-0.162759	0.283313	-0.00117338	-0.0874043	-0.063585
0.55002	-0.162853	0.283258	-0.00142094	-0.0888432	-0.0605398
0.550019	-0.162946	0.283195	-3.10459e-05	-0.0889874	-0.0603858
0.550019	-0.163035	0.283139	-0.000367919	-0.0903335	-0.0584402
0.550018	-0.163123	0.283075	-0.000635044	-0.0898532	-0.0597545
0.550016	-0.163214	0.283014	-0.000631371	-0.0892589	-0.0613788
0.550017	-0.163301	0.282954	-0.000551703	-0.0890693	-0.0608114
0.550018	-0.163391	0.282893	-8.66615e-05	-0.0889328	-0.061037
0.550019	-0.16348	0.282832	0.000917258	-0.0892105	-0.0596667
0.550018	-0.163571	0.282773	-0.000309434	-0.089945	-0.0586674
0.55002	-0.163665	0.282712	0.00257104	-0.0903625	-0.0577579
0.550023	-0.163749	0.282655	0.00159047	-0.0901727	-0.0584973
0.550022	-0.16384	0.282589	0.000874187	-0.0908309	-0.0617311
0.550022	-0.163933	0.282528	-0.000374185	-0.08979	-0.0635128
0.550021	-0.164021	0.282463	0.000136618	-0.0891997	-0.0633552
0.550024	-0.164106	0.282402	0.000547708	-0.0874867	-0.0633516
0.550023	-0.164197	0.282338	-0.0002914	-0.0894871	-0.0624716
0.550024	-0.164282	0.282273	-0.00091991	-0.0879017	-0.0637066
0.550028	-0.164367	0.282211	8.5557e-05	-0.0857075	-0.0632803
0.550028	-0.164458	0.282153	-0.000606714	-0.0859023	-0.0625431
0.550028	-0.164543	0.282086	8.12098e-05	-0.0852057	-0.0627175
0.55003	-0.16463	0.282027	0.000711957	-0.0867436	-0.0604887
0.55003	-0.164721	0.281965	-0.000339301	-0.087077	-0.060849
0.550036	-0.16481	0.28191	0.00187698	-0.0879207	-0.0587794
0.550036	-0.164899	0.281845	0.00165743	-0.0862781	-0.0616249
0.550039	-0.164989	0.281779	0.00334746	-0.0865926	-0.061368
0.550042	-0.165075	0.28172	0.00240532	-0.0871028	-0.0596556
0.550043	-0.165156	0.281655	0.00165145	-0.0844601	-0.0625096
0.550046	-0.165241	0.281593	0.00189292	-0.0837541	-0.0647712
0.550043	-0.165329	0.281527	-0.000714186	-0.0868978	-0.0676961
0.550043	-0.165422	0.281462	-0.00144335	-0.0884123	-0.0663708
0.550045	-0.165509	0.281402	-0.000208379	-0.0882041	-0.0625499
0.550046	-0.165591	0.281336	0.00112767	-0.0858621	-0.0602884
0.550048	-0.16568	0.281273	0.00117397	-0.0852767	-0.0627402
0.550047	-0.165767	0.281207	0.0007787	-0.0881018	-0.0606614
0.550045	-0.165852	0.281133	-0.000203744	-0.0881526	-0.0628809
0.550047	-0.165943	0.281074	0.000690166	-0.0874376	-0.0621029
0.550051	-0.166022	0.281013	0.00155094	-0.0838084	-0.0613084
0.550053	-0.166109	0.280946	0.000295127	-0.0846176	-0.0643877
0.550054	-0.166192	0.280885	0.00153795	-0.0814508	-0.0638847
0.550059	-0.166279	0.280821	0.0013897	-0.0826478	-0.067184
0.550061	-0.166362	0.28076	0.00232945	-0.0820514	-0.0630701
0.550061	-0.166449	0.280693	0.00179173	-0.0844437	-0.0652028
0.550061	-0.166532	0.280619	0.000926372	-0.0839912	-0.0658345
0.550061	-0.166616	0.280556	0.00190664	-0.0823308	-0.0640015
0.550063	-0.1667	0.280493	0.000784212	-0.0840649	-0.0642334
0.550065	-0.166786	0.280431	0.00117221	-0.0857525	-0.063908
0.550064	-0.166872	0.280363	0.000119721	-0.0857968	-0.0647773
0.550065	-0.166958	0.280294	0.00021735	-0.0836762	-0.0679795
0.550068	-0.167043	0.28023	0.000431638	-0.0841044	-0.0676517
0.550071	-0.167124	0.280164	9.16115e-05	-0.0831796	-0.0700797
0.550072	-0.167203	0.280088	0.00129589	-0.0804332	-0.0708769
0.550075	-0.167288	0.28002	0.00179418	-0.0827573	-0.0698289
0.550079	-0.167372	0.279951	0.00342223	-0.0823328	-0.0697879
0.550079	-0.167462	0.279886	0.00219827	-0.0854975	-0.068955
0.550084	-0.167543	0.279816	0.00210818	-0.0857608	-0.0692081
0.550088	-0.167631	0.279745	0.00337754	-0.0863215	-0.0680894
0.550091	-0.167715	0.27968	0.00212882	-0.0869722	-0.0685228
0.550093	-0.167797	0.279606	0.00158092	-0.087821	-0.0704957
0.550095	-0.167888	0.279532	0.00325105	-0.0837645	-0.0728558
0.5501	-0.167966	0.279464	0.00416805	-0.0821838	-0.0720108
0.550104	-0.16805	0.27939	0.00331116	-0.0834201	-0.0714809
0.550107	-0.168134	0.27932	0.00301846	-0.0843108	-0.0716958
0.550114	-0.168217	0.279252	0.00294954	-0.083873	-0.0729642
0.550117	-0.1683	0.279176	0.00194518	-0.0824819	-0.0749866
0.550122	-0.168387	0.279111	0.00305324	-0.0840166	-0.0708641
0.550127	-0.168478	0.279043	0.00378816	-0.0867321	-0.0703015
0.550134	-0.168557	0.278975	0.00487246	-0.0842434	-0.0701643
0.550141	-0.168648	0.278911	0.00599726	-0.0872147	-0.0663948
0.550148	-0.168731	0.278841	0.00650636	-0.0866724	-0.0675061
0.550156	-0.168817	0.278779	0.00637391	-0.0847727	-0.0668977
0.550162	-0.168907	0.278712	0.0069861	-0.0870412	-0.0665532
0.550173	-0.168987	0.278651	0.0101863	-0.0845514	-0.0635416
0.550179	-0.169069	0.278581	0.00885922	-0.0832271	-0.0659
0.550185	-0.169155	0.27851	0.00916741	-0.0842926	-0.0658553
0.550196	-0.169237	0.278449	0.0095224	-0.0828785	-0.0650733
0.550205	-0.169317	0.27838	0.0100767	-0.0810466	-0.0641374
0.550215	-0.169402	0.278311	0.00978591	-0.0809602	-0.063297
0.550225	-0.169484	0.27825	0.0099577	-0.0809347	-0.0628817
0.550238	-0.16957	0.278187	0.00986762	-0.08283	-0.0640696
0.550252	-0.169655	0.278124	0.0115895	-0.0830065	-0.0633655
0.550265	-0.169739	0.278062	0.0122621	-0.0829314	-0.0614424
0.550279	-0.169826	0.277991	0.0116721	-0.0836628	-0.0649428
0.550289	-0.169913	0.277925	0.0105155	-0.08482	-0.0645226
0.550303	-0.169996	0.27786	0.0121115	-0.0834028	-0.0635825
0.550312	-0.170085	0.277796	0.0112732	-0.0857547	-0.0622517
0.550325	-0.170174	0.277735	0.0119764	-0.0861178	-0.0617658
0.550344	-0.170251	0.277674	0.014135	-0.081583	-0.0597424
0.550355	-0.170335	0.277607	0.013484	-0.0827371	-0.0612532
0.550368	-0.170425	0.277545	0.0130148	-0.0864914	-0.0601524
0.550383	-0.170509	0.27748	0.0140324	-0.0845067	-0.0627763
0.550396	-0.1706	0.27742	0.0137958	-0.0862899	-0.0611609
0.55041	-0.170685	0.277351	0.0145845	-0.0854951	-0.062478
0.550424	-0.170777	0.277292	0.0147846	-0.0866255	-0.0617915
0.550437	-0.170866	0.277231	0.0137786	-0.0878234	-0.0608521
0.55045	-0.17096	0.27717	0.0141846	-0.088079	-0.061522
0.550463	-0.171049	0.277108	0.0142394	-0.0882231	-0.0601448
0.550475	-0.171139	0.277035	0.0133421	-0.0862377	-0.0669705
0.550491	-0.171225	0.276976	0.0153853	-0.0858772	-0.0624261
0.550503	-0.171315	0.276909	0.014109	-0.0876108	-0.0647155
0.550519	-0.171398	0.276845	0.0155929	-0.0854771	-0.061114
0.550533	-0.171492	0.276785	0.0155757	-0.0892039	-0.0605287
0.550549	-0.171577	0.276724	0.0164377	-0.0859788	-0.059342
0.550565	-0.171664	0.276657	0.0161356	-0.0837698	-0.0621759
0.550579	-0.171755	0.276594	0.0158186	-0.0845241	-0.0626345
0.55059	-0.171842	0.276521	0.0127757	-0.0858421	-0.0663526
0.550604	-0.171931	0.276459	0.0134711	-0.0865896	-0.0642675
0.550617	-0.172016	0.276392	0.0132859	-0.0861104	-0.0641092
0.550631	-0.172106	0.276335	0.0128091	-0.0860339	-0.0655649
0.550645	-0.172192	0.276271	0.0131531	-0.0852553	-0.0646933
0.550662	-0.172279	0.276208	0.0139629	-0.0852551	-0.0651542
0.550676	-0.172357	0.27614	0.0139358	-0.0829151	-0.0645944
0.550688	-0.172453	0.276072	0.0125905	-0.0872825	-0.0638656
0.550702	-0.17254	0.276001	0.0140196	-0.0858977	-0.065056
0.550718	-0.172624	0.275941	0.0140511	-0.0872744	-0.063147
0.550731	-0.17271	0.275872	0.0135569	-0.0879972	-0.0642526
0.550746	-0.172796	0.275807	0.0141971	-0.0882053	-0.0654008
0.550756	-0.172884	0.275738	0.0134134	-0.0872456	-0.0672363
0.550768	-0.172973	0.275665	0.0128934	-0.0876442	-0.0679986
0.550781	-0.173063	0.275597	0.0136888	-0.0860406	-0.0672971
0.550791	-0.17315	0.275525	0.0112127	-0.0863494	-0.0695919
0.550806	-0.173233	0.275455	0.0123481	-0.0852308	-0.0699863
0.550819	-0.17332	0.275387	0.0115063	-0.0858853	-0.0711293
0.550836	-0.17341	0.275319	0.0127439	-0.0879012	-0.0696529
0.550851	-0.173493	0.275254	0.0143664	-0.0862128	-0.0689257
0.550864	-0.173586	0.27519	0.0123535	-0.0871223	-0.0686437
0.550876	-0.173673	0.275117	0.0126848	-0.0867431	-0.0710788
0.550888	-0.173757	0.275048	0.0119258	-0.0859874	-0.0706197
0.5509	-0.173848	0.274978	0.011782	-0.087914	-0.0697195
0.550912	-0.173938	0.27491	0.0124969	-0.0888265	-0.0679483
0.550925	-0.174025	0.274845	0.0124054	-0.0882273	-0.0650922
0.550936	-0.174117	0.274776	0.0116418	-0.0902021	-0.0678013
0.55095	-0.174204	0.274707	0.0106355	-0.090677	-0.0715509
0.550961	-0.17429	0.274638	0.0103283	-0.0885542	-0.0729304
0.550979	-0.174376	0.274573	0.0130533	-0.0860729	-0.0705859
0.550991	-0.174466	0.27451	0.0121756	-0.0862401	-0.0695582
0.551002	-0.174551	0.274434	0.0124486	-0.0842279	-0.0723646
0.551016	-0.174638	0.274373	0.0135324	-0.0832655	-0.0691688
0.551027	-0.174723	0.274306	0.0137111	-0.0851482	-0.0646147
0.551052	-0.174895	0.274172	0.0122578	-0.08557	-0.0676448
0.551066	-0.174981	0.274101	0.0118682	-0.0849134	-0.0684716
0.551076	-0.175069	0.274038	0.0115179	-0.0851002	-0.0670296
0.551089	-0.175157	0.273971	0.0112577	-0.0855651	-0.0670804
0.551104	-0.175244	0.273908	0.0133674	-0.0842807	-0.0657167
0.551118	-0.17533	0.273852	0.0143148	-0.0851694	-0.0622691
0.551133	-0.175414	0.273786	0.0134105	-0.0859104	-0.0637942
0.551147	-0.175495	0.273722	0.0139407	-0.0839053	-0.0636457
0.551157	-0.175584	0.273653	0.0122309	-0.0863527	-0.0669246
0.55117	-0.175671	0.273588	0.01248	-0.086127	-0.0654776
0.551182	-0.175755	0.273525	0.0116631	-0.08604	-0.0671243
0.551195	-0.17584	0.27346	0.0119889	-0.0837897	-0.0655913
0.551209	-0.175926	0.273397	0.0135551	-0.0854672	-0.0652083
0.551223	-0.176011	0.273333	0.0139829	-0.0861227	-0.0633248
0.551236	-0.176098	0.273265	0.013054	-0.0885556	-0.0646418
0.551252	-0.176188	0.273204	0.0146444	-0.0868484	-0.0640638
0.551269	-0.176274	0.273141	0.0154843	-0.0854145	-0.0632279
0.551281	-0.176362	0.273074	0.014291	-0.0846473	-0.0655108
0.551298	-0.176445	0.273011	0.016023	-0.0839825	-0.0636296
0.55131	-0.176528	0.272934	0.0144132	-0.0824935	-0.0687061
0.551327	-0.176615	0.272873	0.0145409	-0.0843957	-0.0670215
0.551341	-0.176699	0.272804	0.0142348	-0.084657	-0.0670238
0.551355	-0.17679	0.272733	0.0146796	-0.0857641	-0.0669871
0.551372	-0.176869	0.272662	0.0163598	-0.0830666	-0.067752
0.55139	-0.176955	0.272599	0.0176121	-0.0833077	-0.0643606
0.551407	-0.177036	0.272535	0.0181294	-0.0828719	-0.0623221
0.551427	-0.177122	0.272467	0.01894	-0.0839078	-0.0647971
0.551442	-0.177206	0.272402	0.0177261	-0.0832689	-0.0637731
0.551458	-0.177293	0.272333	0.0180997	-0.082547	-0.0641048
0.551478	-0.17737	0.27227	0.0178967	-0.0814408	-0.0630154
0.551492	-0.177451	0.272195	0.0184976	-0.0806187	-0.064577
0.551512	-0.177534	0.272131	0.020065	-0.0816214	-0.0618592
0.551531	-0.177615	0.272056	0.0193939	-0.0809881	-0.0658093
0.551547	-0.177695	0.271987	0.0179488	-0.0815092	-0.0696527
0.551567	-0.177781	0.271921	0.0178602	-0.0820013	-0.0695052
0.551588	-0.177865	0.271855	0.0188003	-0.0821636	-0.0687061
0.551606	-0.177948	0.271788	0.0185648	-0.0833546	-0.067647
0.551624	-0.178027	0.27171	0.0172922	-0.0826159	-0.0722185
0.551645	-0.17811	0.271647	0.0178024	-0.0833455	-0.0700054
0.551661	-0.178195	0.271577	0.0169327	-0.0837712	-0.0691901
0.551681	-0.178276	0.271507	0.0171519	-0.0814611	-0.0710508
0.551701	-0.178358	0.271445	0.0165744	-0.0846557	-0.0680976
0.551716	-0.178441	0.271367	0.0149765	-0.0832675	-0.0722229
0.551735	-0.178529	0.271305	0.0154719	-0.0842857	-0.0724691
0.551755	-0.178613	0.27124	0.0171594	-0.0867499	-0.0673195
0.551776	-0.178697	0.271175	0.018248	-0.0835756	-0.0666894
0.551794	-0.178781	0.271109	0.017333	-0.0845398	-0.0667596
0.551813	-0.178868	0.271049	0.0173082	-0.0861473	-0.0646184
0.551831	-0.178952	0.270986	0.0170948	-0.0854643	-0.0661702
0.551848	-0.179034	0.270919	0.0164805	-0.0850599	-0.0686202
0.551866	-0.179122	0.270854	0.0165417	-0.0862025	-0.066561
0.55188	-0.179212	0.270783	0.0153595	-0.0875993	-0.0688853
0.551896	-0.179298	0.270717	0.013854	-0.087319	-0.0684601
0.551917	-0.179382	0.270656	0.0162985	-0.0865387	-0.0649621
0.551936	-0.179468	0.270597	0.0175646	-0.0857503	-0.0642221
0.551956	-0.179555	0.270532	0.0175811	-0.0868196	-0.0657456
0.551975	-0.17964	0.270468	0.0171576	-0.0873777	-0.0667589
0.551993	-0.179722	0.270403	0.0167395	-0.0855408	-0.0683331
0.55201	-0.179807	0.270335	0.016799	-0.0842725	-0.0680499
0.552029	-0.179889	0.270273	0.0172251	-0.0831754	-0.0669095
0.552046	-0.179976	0.270207	0.0173423	-0.0833796	-0.065875
0.552064	-0.180067	0.270149	0.0188217	-0.0836985	-0.0622354
0.552081	-0.180153	0.27009	0.017715	-0.0857894	-0.0615783
0.552101	-0.180242	0.270029	0.0185123	-0.083979	-0.0627937
0.552124	-0.180324	0.26997	0.019224	-0.0830171	-0.0618182
0.552144	-0.180402	0.269909	0.0191912	-0.0815774	-0.060662
0.552158	-0.180494	0.269845	0.0169355	-0.0822789	-0.0650588
0.552178	-0.180579	0.269792	0.0181605	-0.0840272	-0.0601597
0.552194	-0.180662	0.269725	0.0166759	-0.0838508	-0.0614625
0.552211	-0.180748	0.269668	0.0173583	-0.0849164	-0.0602119
0.55223	-0.18083	0.269603	0.0173239	-0.0849227	-0.0609772
0.552246	-0.180914	0.269537	0.0171258	-0.0870592	-0.0607053
0.552263	-0.180995	0.269479	0.0175483	-0.0870258	-0.0590302
0.552281	-0.181083	0.269412	0.017912	-0.0867893	-0.0589494
0.552299	-0.181171	0.26935	0.0195207	-0.0853716	-0.0586214
0.552317	-0.181254	0.269292	0.0192969	-0.0846796	-0.0565118
0.552337	-0.18134	0.269233	0.0192678	-0.0854904	-0.0568445
0.552353	-0.181419	0.269167	0.0180133	-0.0838898	-0.0593536
0.552368	-0.181506	0.269099	0.0161932	-0.0859096	-0.0637482
0.552384	-0.181596	0.269039	0.0155366	-0.0892653	-0.0628158
0.552402	-0.181679	0.268975	0.0157284	-0.0865795	-0.0648545
0.552419	-0.181766	0.268912	0.0157105	-0.0875236	-0.0647919
0.552438	-0.181853	0.268851	0.0162566	-0.0866817	-0.0651394
0.552458	-0.181933	0.268792	0.0191913	-0.0809804	-0.0610857
0.552476	-0.182022	0.268729	0.0186829	-0.0827323	-0.0617478
0.552495	-0.182107	0.26867	0.0178546	-0.0837597	-0.0629362
0.552513	-0.18219	0.268603	0.01809	-0.0828673	-0.0636839
0.552529	-0.18227	0.268533	0.0174823	-0.0827263	-0.0661513
0.552546	-0.182361	0.268475	0.0171237	-0.084961	-0.0625954
0.552566	-0.182444	0.26841	0.0168967	-0.0833367	-0.0657825
0.552582	-0.18253	0.268347	0.0164844	-0.0841423	-0.0656987
0.552643	-0.182792	0.26816	0.0173014	-0.0862727	-0.067286
0.552665	-0.182867	0.268094	0.0188608	-0.0818625	-0.0688134
0.552683	-0.182955	0.268027	0.0181626	-0.0830577	-0.0685413
0.552702	-0.183037	0.267962	0.0183213	-0.0824487	-0.0667755
0.552725	-0.183118	0.267908	0.0187359	-0.082661	-0.0666815
0.552741	-0.183203	0.267842	0.0181574	-0.0850012	-0.066843
0.552767	-0.183279	0.267779	0.0207669	-0.08023	-0.0657415
0.552787	-0.183363	0.26772	0.0218316	-0.0797676	-0.0628361
0.552807	-0.183448	0.267661	0.0206636	-0.0823778	-0.0633282
0.552831	-0.183532	0.267605	0.0220252	-0.0818892	-0.0595074
0.552854	-0.183612	0.267553	0.02142	-0.0834296	-0.0563664
0.552871	-0.1837	0.267492	0.0199156	-0.0836337	-0.0573496
0.552893	-0.183784	0.267435	0.0201727	-0.0843619	-0.0600166
0.552916	-0.183862	0.267379	0.0204799	-0.0827674	-0.0580342
0.552939	-0.183944	0.267328	0.021215	-0.0815888	-0.0567606
0.552958	-0.184026	0.26727	0.0201281	-0.0802338	-0.0597224
0.552981	-0.184107	0.26721	0.0214034	-0.0813798	-0.0577959
0.553002	-0.184195	0.267156	0.0221331	-0.0839961	-0.0576185
0.553026	-0.184278	0.267106	0.0209941	-0.085868	-0.0554932
0.553048	-0.184363	0.267049	0.019819	-0.0867688	-0.0579591
0.553068	-0.184447	0.266995	0.0194847	-0.0848503	-0.057704
0.55309	-0.184531	0.266944	0.0189142	-0.0861385	-0.0567515
0.553111	-0.184611	0.266884	0.0187284	-0.0854518	-0.0580346
0.553132	-0.184699	0.26683	0.018942	-0.0861119	-0.0576719
0.553153	-0.184781	0.266772	0.0191412	-0.084609	-0.0582791
0.553176	-0.184862	0.266719	0.0207947	-0.084552	-0.0541753
0.553198	-0.184949	0.266671	0.0203536	-0.085044	-0.0538655
0.553222	-0.185032	0.266616	0.0222365	-0.0810281	-0.0553378
0.553242	-0.185114	0.266561	0.0209029	-0.0816586	-0.0581188
0.553264	-0.185197	0.266505	0.0214039	-0.0804283	-0.0573061
0.553283	-0.185281	0.266455	0.0212702	-0.0824314	-0.0560361
0.553301	-0.185366	0.266398	0.0203683	-0.0835748	-0.0557778
0.553324	-0.185451	0.266346	0.0215695	-0.083875	-0.0524711
0.553343	-0.185534	0.266293	0.0215772	-0.0825372	-0.0527229
0.553361	-0.18562	0.26624	0.0212258	-0.0819453	-0.0528277
0.553379	-0.185707	0.266188	0.0190018	-0.0836069	-0.0556523
0.553402	-0.185786	0.266139	0.0197313	-0.0810408	-0.0545565
0.553421	-0.185872	0.266084	0.0185336	-0.0830249	-0.0561507
0.553436	-0.185961	0.266031	0.0176505	-0.0846087	-0.0550073
0.553455	-0.18604	0.265972	0.0182922	-0.0815349	-0.0568382
0.553471	-0.186128	0.26592	0.0182421	-0.0820057	-0.0532293
0.553489	-0.186206	0.265864	0.0182713	-0.0799936	-0.0540353
0.553507	-0.186284	0.265807	0.0174503	-0.0802258	-0.056134
0.553523	-0.186365	0.26575	0.0173753	-0.0799755	-0.0558642
0.553542	-0.186444	0.2657	0.0173987	-0.082633	-0.0525896
0.55356	-0.186528	0.265644	0.0181458	-0.0817692	-0.052341
0.553577	-0.186605	0.265587	0.017747	-0.081261	-0.0541808
0.553596	-0.186692	0.265534	0.0174417	-0.0828336	-0.0551431
0.55361	-0.186771	0.265473	0.0176928	-0.0810755	-0.0554947
0.553627	-0.186851	0.265425	0.0170623	-0.0822096	-0.0524628
0.553639	-0.186936	0.265361	0.0153589	-0.0841322	-0.0565336
0.553657	-0.187014	0.265307	0.0151441	-0.0826801	-0.0572636
0.55367	-0.187099	0.265248	0.0147833	-0.083908	-0.057354
0.553683	-0.187181	0.265191	0.0139456	-0.0832752	-0.0564029
0.553699	-0.187264	0.265131	0.0160366	-0.0820343	-0.0550424
0.553713	-0.187348	0.265069	0.0137375	-0.0844173	-0.0570628
0.553728	-0.18743	0.265012	0.0139372	-0.0854052	-0.0580158
0.553746	-0.18751	0.264955	0.0155186	-0.0829205	-0.0570708
0.55376	-0.187594	0.264896	0.0154986	-0.0830331	-0.0582583
0.553771	-0.187679	0.264834	0.0143184	-0.0843293	-0.0604091
0.553785	-0.187764	0.264772	0.0132634	-0.0832347	-0.0635849
0.553798	-0.187849	0.264714	0.0141384	-0.0825826	-0.060407
0.553811	-0.187932	0.264649	0.0134159	-0.0836155	-0.0602899
0.553825	-0.188013	0.26459	0.0141068	-0.0816015	-0.0584307
0.553841	-0.188101	0.264538	0.0150032	-0.0827642	-0.0559765
0.553855	-0.188186	0.26448	0.0141889	-0.0838301	-0.0574389
0.553867	-0.188269	0.264419	0.0133742	-0.0843454	-0.0601373
0.553885	-0.188351	0.264366	0.0144651	-0.083173	-0.0593202
0.553897	-0.188439	0.264305	0.0127879	-0.084198	-0.0601464
0.553912	-0.188518	0.264251	0.0124578	-0.0827162	-0.060702
0.553925	-0.188596	0.264191	0.011832	-0.0822118	-0.058513
0.55394	-0.188686	0.264136	0.0129451	-0.0839265	-0.0575005
0.553954	-0.188765	0.264084	0.0135211	-0.0843067	-0.052854
0.553967	-0.188849	0.264026	0.012572	-0.0836271	-0.0552104
0.553979	-0.188939	0.263974	0.0142771	-0.0831331	-0.0528914
0.553995	-0.189022	0.263922	0.0156079	-0.0829988	-0.0527
0.554011	-0.189103	0.263866	0.0163511	-0.0829828	-0.0521457
0.554026	-0.189191	0.263818	0.0158594	-0.0855761	-0.0500596
0.554045	-0.189269	0.263766	0.0151542	-0.0820101	-0.0522357
0.554057	-0.189356	0.263715	0.0146107	-0.0839104	-0.0510446
0.554071	-0.189442	0.263659	0.0150046	-0.0838265	-0.0521845
0.55409	-0.189527	0.263612	0.0156716	-0.0848614	-0.0522202
0.554104	-0.189612	0.263556	0.0160029	-0.0858735	-0.0504373
0.554122	-0.18969	0.263501	0.0169362	-0.0820499	-0.0513863
0.554136	-0.189778	0.263452	0.0173722	-0.0839154	-0.0489542
0.554156	-0.189866	0.263407	0.0178299	-0.0868744	-0.0464962
0.554173	-0.189953	0.263353	0.0190975	-0.0869591	-0.045583
0.55419	-0.190037	0.263306	0.0177397	-0.0869929	-0.0482178
0.554206	-0.190124	0.26325	0.0161648	-0.08667	-0.05054
0.554226	-0.190206	0.263211	0.0179637	-0.084891	-0.0485151
0.554238	-0.190296	0.263157	0.0144114	-0.08967	-0.0515551
0.554256	-0.190382	0.263106	0.015967	-0.0872897	-0.0531234
0.554271	-0.190469	0.263056	0.0173542	-0.0846863	-0.0508706
0.554284	-0.190558	0.263006	0.0162262	-0.0854785	-0.0512155
0.554305	-0.190636	0.262959	0.0178385	-0.0824865	-0.0479947
0.554319	-0.190724	0.262912	0.0161174	-0.0845679	-0.049454
0.554337	-0.190816	0.262865	0.0160765	-0.0862973	-0.0486472
0.554352	-0.190901	0.262821	0.0163263	-0.0846749	-0.0462357
0.55437	-0.190983	0.262775	0.0164679	-0.0851473	-0.0468537
0.5544	-0.191157	0.262681	0.0153834	-0.0852133	-0.0467821
0.554415	-0.191244	0.26263	0.0155825	-0.0837621	-0.0468408
0.554435	-0.191326	0.262588	0.0183481	-0.0837726	-0.0448808
0.554446	-0.191409	0.262533	0.0166422	-0.0837061	-0.0460652
0.55446	-0.1915	0.262481	0.0154695	-0.0868131	-0.0464813
0.554475	-0.191591	0.262441	0.0155781	-0.0880422	-0.0427284
0.554492	-0.191676	0.262393	0.0164346	-0.088005	-0.0433948
0.55451	-0.191761	0.262346	0.0162395	-0.0888022	-0.0434027
0.554524	-0.191845	0.2623	0.0152677	-0.0901356	-0.0446738
0.554537	-0.191927	0.262245	0.014114	-0.0880461	-0.0469241
0.55455	-0.192013	0.262197	0.0133931	-0.086176	-0.0493954
0.554565	-0.192099	0.26215	0.0130921	-0.0854474	-0.0508394
0.554578	-0.192187	0.2621	0.0127102	-0.0872844	-0.0500402
0.554591	-0.192271	0.262055	0.0133579	-0.0870978	-0.0480421
0.554605	-0.192356	0.262006	0.0130441	-0.0860731	-0.0505811
0.55462	-0.192445	0.261966	0.0133019	-0.0866334	-0.049128
0.554631	-0.192529	0.261911	0.0133516	-0.0858296	-0.0485279
0.554645	-0.192615	0.261867	0.0136621	-0.0863106	-0.0459556
0.554656	-0.192706	0.261819	0.0128568	-0.089262	-0.045836
0.554667	-0.192791	0.261766	0.0119226	-0.0894301	-0.0481557
0.554682	-0.192871	0.26172	0.0130324	-0.0858245	-0.0482959
0.554691	-0.192953	0.261667	0.0123499	-0.0847085	-0.0487481
0.554704	-0.19304	0.26162	0.0115118	-0.0849338	-0.0478371
0.554715	-0.193124	0.261573	0.0116904	-0.0835268	-0.0492121
0.554724	-0.193214	0.261523	0.0110464	-0.0858933	-0.0465635
0.554738	-0.193298	0.261477	0.0123707	-0.0859759	-0.0449406
0.55475	-0.193383	0.261431	0.0114427	-0.0861389	-0.0462514
0.554763	-0.193468	0.261381	0.0122165	-0.0846087	-0.0473645
0.554775	-0.193559	0.261335	0.012544	-0.0864649	-0.0473486
0.554783	-0.193648	0.261287	0.0109087	-0.087312	-0.046735
0.554796	-0.19373	0.261234	0.0137914	-0.084078	-0.0462339
0.554808	-0.193817	0.261193	0.0136941	-0.0844195	-0.0436378
0.554816	-0.193904	0.261147	0.0113889	-0.0867881	-0.0438064
0.554828	-0.193987	0.261097	0.0119048	-0.0879674	-0.046239
0.554842	-0.194068	0.261059	0.0134823	-0.0864141	-0.0417211
0.554853	-0.194148	0.261009	0.0120627	-0.0837189	-0.0448057
0.554861	-0.19424	0.260961	0.0114707	-0.0854564	-0.0450968
0.554872	-0.194322	0.260916	0.0114019	-0.0848994	-0.0436026
0.554887	-0.194404	0.260874	0.012695	-0.0838141	-0.0428635
0.554897	-0.194485	0.260833	0.0101108	-0.0859138	-0.0431272
0.554908	-0.194569	0.26079	0.0113935	-0.0850405	-0.0410017
0.554918	-0.194655	0.260747	0.0094163	-0.0875412	-0.0415492
0.554929	-0.194742	0.260712	0.0104715	-0.0873275	-0.0379926
0.55494	-0.194824	0.260666	0.0110035	-0.085659	-0.0390556
0.554949	-0.19491	0.260626	0.0110272	-0.0847509	-0.0397449
0.554963	-0.194988	0.260584	0.0115128	-0.0831983	-0.0393367
0.554975	-0.195072	0.260543	0.0125951	-0.0840618	-0.0376204
0.554989	-0.195154	0.260506	0.0130546	-0.0828333	-0.0364865
0.555001	-0.195241	0.260466	0.0124213	-0.0839554	-0.0373377
0.555014	-0.195324	0.26043	0.0122237	-0.0831703	-0.0367789
0.555027	-0.19541	0.260391	0.0115897	-0.0841637	-0.0376392
0.55504	-0.195496	0.260354	0.0115478	-0.0844276	-0.0381854
0.555051	-0.19558	0.260319	0.0104356	-0.0856894	-0.0374724
0.555065	-0.195664	0.260277	0.0110461	-0.0846315	-0.0399702
0.555077	-0.19575	0.26024	0.0110067	-0.085691	-0.0402553
0.555091	-0.195837	0.260196	0.0112768	-0.0853461	-0.0417102
0.555106	-0.195924	0.260164	0.0128733	-0.082789	-0.0395114
0.555119	-0.196007	0.260125	0.011803	-0.08436	-0.0405411
0.555135	-0.196091	0.260083	0.012684	-0.084051	-0.041028
0.555153	-0.196178	0.260054	0.0158482	-0.0847838	-0.0334334
0.555169	-0.196263	0.260023	0.0156846	-0.0844798	-0.0340434
0.555183	-0.196358	0.259985	0.0145284	-0.0860702	-0.0369443
0.555197	-0.19644	0.259952	0.0152506	-0.0827136	-0.0367393
0.555209	-0.196532	0.259914	0.0137665	-0.0841537	-0.0386152
0.555227	-0.196614	0.259877	0.0168491	-0.0824638	-0.038133
0.55524	-0.196704	0.259845	0.014772	-0.0851445	-0.0377106
0.555253	-0.19679	0.259806	0.0150021	-0.0842904	-0.0364101
0.555269	-0.19688	0.259772	0.0160227	-0.087121	-0.0361341
0.555284	-0.196967	0.259736	0.0160489	-0.0877713	-0.0340096
0.555302	-0.197057	0.25971	0.0155607	-0.0867526	-0.0348229
0.555319	-0.197144	0.259681	0.0169881	-0.0869142	-0.0314895
0.555333	-0.197227	0.259645	0.016241	-0.0859173	-0.0319604
0.555348	-0.197319	0.259617	0.0159948	-0.0856195	-0.0305362
0.555361	-0.197403	0.259576	0.0154388	-0.0847687	-0.0340964
0.555379	-0.197489	0.259546	0.0164631	-0.086086	-0.0323943
0.555393	-0.19758	0.259513	0.0163445	-0.0867659	-0.0316933
0.555407	-0.197669	0.259477	0.0155116	-0.0879669	-0.0319777
0.555425	-0.197756	0.259448	0.016195	-0.0868289	-0.0307415
0.555441	-0.197847	0.259414	0.0163395	-0.0884617	-0.0327566
0.555456	-0.197938	0.259382	0.0145239	-0.0900127	-0.0335758
0.555472	-0.198026	0.259353	0.0147701	-0.088565	-0.0346202
0.555488	-0.198115	0.259317	0.0151065	-0.0875032	-0.0351974
0.555502	-0.198204	0.259288	0.0140939	-0.0875134	-0.0366606
0.555516	-0.198292	0.259253	0.0141242	-0.0878495	-0.0341717
0.555531	-0.198378	0.259217	0.014242	-0.0869598	-0.0345134
0.555548	-0.198463	0.259187	0.0150938	-0.0861214	-0.033729
0.555561	-0.198552	0.259152	0.012635	-0.0891304	-0.0350166
0.555577	-0.198645	0.259123	0.0131499	-0.0910463	-0.0331424
0.55559	-0.198733	0.25909	0.0117954	-0.0909116	-0.0347024
0.555605	-0.198823	0.259064	0.0107985	-0.0926785	-0.0334648
0.55562	-0.198912	0.259034	0.011184	-0.0918468	-0.034521
0.555631	-0.199001	0.259003	0.00973187	-0.0913629	-0.0350887
0.555642	-0.199094	0.25897	0.00971634	-0.0918344	-0.0345663
0.555653	-0.199188	0.258942	0.00965165	-0.0911433	-0.0325436
0.555663	-0.199281	0.258906	0.0100999	-0.0919839	-0.0323247
0.555677	-0.199365	0.258874	0.0124285	-0.0876719	-0.034685
0.555687	-0.199458	0.25884	0.0126057	-0.0883423	-0.0344946
0.555701	-0.199544	0.25881	0.0125551	-0.0882927	-0.0321767
0.555712	-0.199637	0.258784	0.0110355	-0.0910743	-0.0303383
0.555723	-0.199726	0.258756	0.0116201	-0.0878341	-0.0296668
0.555736	-0.199818	0.258726	0.0113696	-0.0884545	-0.0308936
0.555746	-0.19991	0.258692	0.0110657	-0.0892203	-0.0335785
0.555756	-0.199993	0.258657	0.011741	-0.0819326	-0.0356303
0.555764	-0.200084	0.258631	0.0122222	-0.0855587	-0.0303695
0.555773	-0.200177	0.258597	0.0106252	-0.0879537	-0.0316231
0.555784	-0.200269	0.258571	0.0116461	-0.0866543	-0.0294171
0.555791	-0.200357	0.258535	0.0105831	-0.0856856	-0.0321232
0.555801	-0.200449	0.258507	0.0112787	-0.085352	-0.0310605
0.555809	-0.200534	0.258476	0.0115865	-0.0850416	-0.0287133
0.55582	-0.200623	0.258446	0.01193	-0.0861872	-0.0266012
0.555833	-0.200709	0.258421	0.0104826	-0.086627	-0.0268384
0.55584	-0.200802	0.258395	0.00832889	-0.0883602	-0.0269706
0.555848	-0.200892	0.258365	0.00766808	-0.0877362	-0.0297376
0.55586	-0.200977	0.258342	0.00936727	-0.0857433	-0.029247
0.555866	-0.201066	0.258311	0.00785719	-0.0857461	-0.0307326
0.555873	-0.201149	0.258277	0.00786784	-0.0844332	-0.0309832
0.555879	-0.201238	0.258249	0.00706417	-0.0863246	-0.030651
0.555888	-0.201333	0.258224	0.00772384	-0.0883312	-0.0297114
0.555892	-0.201424	0.258189	0.00615854	-0.0882683	-0.0317971
0.555899	-0.201513	0.258162	0.00642549	-0.0893827	-0.0293902
0.555907	-0.2016	0.258134	0.00724046	-0.0871546	-0.028473
0.555915	-0.201685	0.258113	0.00842296	-0.0846821	-0.0257665
0.555923	-0.20178	0.258085	0.00816643	-0.0887289	-0.0251513
0.555933	-0.201863	0.258063	0.00868765	-0.0852431	-0.0256346
0.555935	-0.20196	0.258029	0.00627856	-0.0878908	-0.0283471
0.555945	-0.202041	0.257999	0.00697687	-0.0853884	-0.0297453
0.555947	-0.202135	0.25797	0.00685996	-0.0879954	-0.0273724
0.555955	-0.202223	0.257941	0.00760203	-0.0865404	-0.0281596
0.555961	-0.20231	0.257909	0.00802454	-0.0861396	-0.0280646
0.555966	-0.202404	0.25788	0.00668011	-0.0866199	-0.0289955
0.555973	-0.202493	0.257848	0.00651563	-0.0882812	-0.0285288
0.555978	-0.202582	0.25782	0.00686765	-0.0888585	-0.0260842
0.555986	-0.202671	0.257793	0.00695952	-0.0895098	-0.0257603
0.555995	-0.20276	0.257765	0.00740274	-0.0879629	-0.0279199
0.556003	-0.202848	0.257739	0.00874059	-0.0887479	-0.0266721
0.556009	-0.202939	0.257708	0.0071848	-0.0879412	-0.0290054
0.556015	-0.203029	0.257682	0.00689539	-0.0881608	-0.0275819
0.556021	-0.203118	0.257648	0.00561131	-0.0903948	-0.0292038
0.556026	-0.203207	0.257622	0.00651514	-0.0897238	-0.0271101
0.55603	-0.2033	0.257595	0.0051462	-0.0889731	-0.0297882
0.556037	-0.203387	0.257562	0.0064455	-0.0889976	-0.0297145
0.55604	-0.203478	0.257532	0.00529172	-0.0887661	-0.0305927
0.556047	-0.203569	0.25751	0.00637041	-0.0905415	-0.0278253
0.556054	-0.203656	0.257487	0.00698354	-0.088133	-0.025788
0.55606	-0.203743	0.257462	0.00711481	-0.0878872	-0.0267793
0.556069	-0.203828	0.25744	0.00766379	-0.086748	-0.0263169
0.556073	-0.203918	0.257412	0.00600999	-0.0894178	-0.0261582
0.55608	-0.204006	0.257389	0.00718528	-0.0874521	-0.0244985
0.556084	-0.204094	0.257363	0.00664686	-0.0865935	-0.0244732
0.55609	-0.20418	0.257341	0.00618714	-0.0872345	-0.0228056
0.556093	-0.20427	0.257313	0.00597976	-0.0885809	-0.0233655
0.556097	-0.20436	0.257288	0.00515223	-0.0897983	-0.0249244
0.556099	-0.204451	0.257261	0.00339707	-0.0916712	-0.0254784
0.556102	-0.204547	0.25724	0.00422915	-0.0930131	-0.0230118
0.556106	-0.204632	0.257214	0.00508823	-0.0879908	-0.0234076
0.55611	-0.204719	0.257191	0.0048131	-0.0873798	-0.0234882
0.556117	-0.204812	0.257176	0.00611188	-0.0892428	-0.0187952
0.55612	-0.2049	0.25715	0.00646346	-0.0884378	-0.0183622
0.556125	-0.204994	0.257128	0.00560213	-0.0922832	-0.0181074
0.556126	-0.205088	0.257104	0.00364593	-0.0931287	-0.0197656
0.55613	-0.205182	0.257081	0.00277247	-0.0927736	-0.0217067
0.556133	-0.205277	0.257058	0.00218458	-0.0938789	-0.0225168
0.556133	-0.205373	0.257027	0.00265499	-0.0928835	-0.0271017
0.556136	-0.205465	0.257006	0.00176509	-0.0940733	-0.0264929
0.556136	-0.20556	0.25698	0.00159242	-0.0953027	-0.0238406
0.556137	-0.205662	0.256954	0.00197807	-0.0948787	-0.023861
0.556139	-0.205755	0.256925	0.00154101	-0.0948487	-0.0232862
0.556141	-0.205847	0.2569	0.00241245	-0.0914269	-0.0247028
0.556145	-0.20594	0.25688	0.00251859	-0.0941753	-0.0241506
0.556147	-0.206033	0.256856	0.00135017	-0.0936314	-0.0249493
0.556151	-0.206129	0.256837	0.00223041	-0.0954235	-0.0239334
0.556154	-0.206229	0.256814	0.00219988	-0.0978694	-0.0234138
0.556157	-0.206318	0.256794	0.00179872	-0.0953396	-0.0216229
0.556157	-0.206416	0.256768	0.00131395	-0.0954766	-0.0247892
0.55616	-0.206505	0.256747	0.000876376	-0.0945176	-0.023984
0.556161	-0.206602	0.256725	0.00107919	-0.0943549	-0.0226009
0.556163	-0.206696	0.256704	0.000123703	-0.093166	-0.0243389
0.556164	-0.206787	0.256677	0.000851665	-0.0926863	-0.0243116
0.556167	-0.206876	0.256654	0.00198551	-0.0907542	-0.0242296
0.556168	-0.206966	0.256631	0.00141089	-0.0886731	-0.0242977
0.556171	-0.207059	0.256611	0.000504699	-0.0952318	-0.0223344
0.556173	-0.20715	0.25659	0.00131163	-0.0937394	-0.0228268
0.556176	-0.207245	0.256573	0.00115159	-0.0956295	-0.0204977
0.556176	-0.207338	0.256553	0.00123411	-0.0944118	-0.0214049
0.556179	-0.207433	0.256535	0.00129032	-0.0942093	-0.0197967
0.556183	-0.207518	0.256513	0.00169226	-0.0904033	-0.0201386
0.556181	-0.207614	0.256492	-0.00021153	-0.0940297	-0.0202257
0.55618	-0.207706	0.25647	-0.000975454	-0.0937483	-0.0201169
0.55618	-0.207798	0.256449	-0.000944779	-0.0917426	-0.0218556
0.556181	-0.207889	0.256429	-9.46509e-05	-0.0934014	-0.0198869
0.556179	-0.207985	0.256408	3.70921e-06	-0.0894274	-0.0217202
0.55618	-0.208076	0.256384	-0.000600451	-0.0900517	-0.0237503
0.556178	-0.20817	0.25636	-0.00276357	-0.0907105	-0.0244662
0.556177	-0.208263	0.256337	-0.00182367	-0.0909183	-0.0235096
0.556175	-0.208354	0.256312	-0.00144635	-0.0918528	-0.0221095
0.556177	-0.208451	0.256303	-0.00154673	-0.0936028	-0.0203327
0.556174	-0.208542	0.256275	-0.00239333	-0.0913752	-0.0236501
0.556173	-0.208641	0.256256	-0.00146008	-0.093631	-0.0211817
0.556169	-0.208741	0.256234	-0.00284493	-0.0965552	-0.0206921
0.556168	-0.208836	0.256213	-0.00167746	-0.0973061	-0.0189493
0.556168	-0.208928	0.256196	-0.000968488	-0.0946253	-0.0171609
0.556164	-0.209019	0.256169	-0.00124485	-0.0929078	-0.0196744
0.556163	-0.209109	0.256147	-0.00265867	-0.093171	-0.0211734
0.55616	-0.2092	0.256127	-0.00411179	-0.0930695	-0.0224011
0.556156	-0.209294	0.256104	-0.00406156	-0.0936266	-0.0242948
0.556151	-0.209387	0.256084	-0.00373597	-0.0948441	-0.0207888
0.556146	-0.209483	0.25606	-0.00378113	-0.0944241	-0.0211355
0.556146	-0.209568	0.256045	-0.00292732	-0.0918706	-0.0208515
0.55614	-0.209666	0.256026	-0.00499445	-0.0939755	-0.0208957
0.556137	-0.209761	0.256006	-0.00255934	-0.0926489	-0.0195983
0.556134	-0.209848	0.255987	-0.0034282	-0.0907627	-0.0198121
0.556133	-0.209943	0.255976	-0.00171763	-0.0934105	-0.0154232
0.556128	-0.210032	0.255955	-0.00263931	-0.0922989	-0.0168409
0.556126	-0.210121	0.255941	-0.00184466	-0.0903865	-0.0152696
0.556121	-0.210211	0.255916	-0.00345639	-0.0892317	-0.0197138
0.556116	-0.2103	0.255898	-0.00336518	-0.0873239	-0.0191117
0.556113	-0.210393	0.255883	-0.00351164	-0.0872642	-0.0173374
0.556106	-0.210481	0.25586	-0.0050037	-0.0890963	-0.0192664
0.556099	-0.210574	0.255842	-0.00619288	-0.0908806	-0.0201589
0.556094	-0.210664	0.255821	-0.00540176	-0.0908864	-0.018446
0.556086	-0.210753	0.255798	-0.00697785	-0.0921976	-0.0212381
0.556082	-0.210846	0.255781	-0.00628979	-0.090495	-0.0202439
0.556074	-0.210937	0.255757	-0.00613074	-0.0897007	-0.0211668
0.55607	-0.211024	0.255739	-0.00586336	-0.0880096	-0.0210391
0.556059	-0.211116	0.255717	-0.00669806	-0.0884642	-0.0210851
0.556055	-0.211202	0.255704	-0.00646752	-0.0895088	-0.0184805
0.556049	-0.211294	0.255687	-0.00698384	-0.0898426	-0.0179002
0.556041	-0.211382	0.255663	-0.00653853	-0.087984	-0.0199167
0.556035	-0.211474	0.255646	-0.0070835	-0.0907081	-0.0206647
0.556026	-0.211565	0.255629	-0.00785891	-0.0921792	-0.0195455
0.556024	-0.211654	0.255613	-0.00721525	-0.0907583	-0.0202316
0.556019	-0.211736	0.255596	-0.00754514	-0.0891888	-0.0188055
0.556008	-0.211828	0.255569	-0.00882348	-0.0890059	-0.0228837
0.556001	-0.211918	0.25555	-0.00934224	-0.089643	-0.0231603
0.555993	-0.212005	0.25553	-0.00831331	-0.0878671	-0.0222711
0.555985	-0.212091	0.25551	-0.00862081	-0.0877168	-0.0211964
0.555979	-0.212178	0.255491	-0.00762152	-0.0885574	-0.0196714
0.55597	-0.212264	0.255466	-0.00931248	-0.0894197	-0.0226497
0.555964	-0.212351	0.25545	-0.00942199	-0.0907512	-0.0209495
0.555954	-0.212437	0.255426	-0.0108388	-0.0891696	-0.0221451
0.555943	-0.212533	0.255406	-0.0130055	-0.094033	-0.0217166
0.555937	-0.212613	0.255386	-0.00992854	-0.0886332	-0.0209742
0.555928	-0.212701	0.255363	-0.0101318	-0.0890665	-0.0229758
0.55592	-0.212788	0.255347	-0.0101281	-0.0899091	-0.0198946
0.55591	-0.212878	0.255326	-0.0108254	-0.0878485	-0.0218682
0.555901	-0.212967	0.255307	-0.0108895	-0.0874407	-0.0214502
0.555894	-0.213053	0.255291	-0.00960602	-0.0864984	-0.0189082
0.555883	-0.213139	0.255268	-0.0096799	-0.0859461	-0.0191717
0.555875	-0.213227	0.255249	-0.0104983	-0.0875138	-0.0201739
0.555867	-0.21331	0.255235	-0.0117226	-0.0893794	-0.018938
0.555852	-0.213403	0.255208	-0.0127391	-0.0883424	-0.0229983
0.555845	-0.213486	0.255193	-0.0113575	-0.0877459	-0.0201332
0.555834	-0.213578	0.255174	-0.011195	-0.0892034	-0.0201627
0.555819	-0.213672	0.255156	-0.0126985	-0.089667	-0.0191545
0.555806	-0.213758	0.255136	-0.0141713	-0.0901255	-0.0203185
0.555792	-0.213851	0.255113	-0.0130318	-0.0890179	-0.0196916
0.555785	-0.213935	0.255099	-0.0120307	-0.0874973	-0.0184903
0.555771	-0.214024	0.255075	-0.0137119	-0.0883152	-0.0218828
0.555762	-0.214113	0.255064	-0.0121543	-0.0875971	-0.0178651
0.555751	-0.214199	0.255043	-0.0122282	-0.0864113	-0.0198925
0.555738	-0.214292	0.255024	-0.0104469	-0.0872818	-0.0166691
0.555726	-0.214377	0.255004	-0.0113404	-0.0871496	-0.0170455
0.555714	-0.214466	0.254992	-0.0118832	-0.0881791	-0.015234
0.5557	-0.214555	0.254972	-0.0126247	-0.0876357	-0.0183972
0.55569	-0.214642	0.254959	-0.0118125	-0.0867635	-0.0163875
0.555678	-0.214735	0.254941	-0.012681	-0.0888524	-0.0199601
0.555666	-0.214825	0.254922	-0.0124726	-0.0883279	-0.019315
0.555652	-0.214914	0.25491	-0.0127737	-0.0880083	-0.0159772
0.555642	-0.214997	0.254893	-0.0127253	-0.0876736	-0.0178704
0.555627	-0.215086	0.254875	-0.0132365	-0.0884083	-0.0189489
0.555614	-0.215176	0.254855	-0.0131161	-0.0889995	-0.0200821
0.555602	-0.215259	0.25484	-0.0127179	-0.0872206	-0.0179898
0.555589	-0.21535	0.254821	-0.0125903	-0.0870162	-0.0184586
0.555571	-0.215444	0.254801	-0.0140304	-0.0878631	-0.0204454
0.555561	-0.215524	0.254786	-0.0129401	-0.0872518	-0.0177603
0.555546	-0.215614	0.254769	-0.013016	-0.087653	-0.0164411
0.555528	-0.215704	0.254743	-0.0140736	-0.0873787	-0.02035
0.555518	-0.215788	0.25473	-0.0130594	-0.0864098	-0.0190692
0.555502	-0.215877	0.254705	-0.0142218	-0.0852638	-0.0217895
0.555486	-0.215972	0.254693	-0.0165683	-0.0897974	-0.0212907
0.555475	-0.216053	0.254676	-0.0142173	-0.085768	-0.0205647
0.555459	-0.216143	0.254651	-0.0162813	-0.0876974	-0.0246371
0.555445	-0.216228	0.254637	-0.0166321	-0.0883732	-0.022784
0.555431	-0.216323	0.254619	-0.016463	-0.0896078	-0.0219936
0.555418	-0.216411	0.2546	-0.0139877	-0.0877285	-0.0214569
0.555405	-0.216503	0.25459	-0.0142296	-0.0887804	-0.0193574
0.555393	-0.216588	0.254569	-0.0129808	-0.0881626	-0.0183244
0.55538	-0.216677	0.254556	-0.0135722	-0.0902428	-0.0157103
0.555365	-0.216767	0.254536	-0.0139525	-0.0911966	-0.0174231
0.555351	-0.216858	0.254515	-0.0136427	-0.0895973	-0.0199435
0.555338	-0.216947	0.254504	-0.0150975	-0.0903728	-0.0173251
0.555322	-0.217036	0.254479	-0.0152379	-0.0909362	-0.0199765
0.555313	-0.217115	0.254463	-0.0141479	-0.0870861	-0.0208679
0.555297	-0.217208	0.254447	-0.0137021	-0.090134	-0.0169013
0.555283	-0.217297	0.254424	-0.0141624	-0.0893706	-0.0206189
0.55527	-0.217381	0.254409	-0.0121042	-0.0881126	-0.0159749
0.555256	-0.217467	0.254386	-0.0127509	-0.0878831	-0.0171386
0.555244	-0.217556	0.254374	-0.0125421	-0.0896178	-0.016037
0.555228	-0.217641	0.254355	-0.015033	-0.0889046	-0.0194516
0.555213	-0.217729	0.254333	-0.0157215	-0.0879597	-0.0232629
0.5552	-0.217814	0.254318	-0.0149761	-0.0877942	-0.0204758
0.555185	-0.217904	0.254299	-0.0150302	-0.0870908	-0.0191917
0.555138	-0.218167	0.254255	-0.0156895	-0.0872212	-0.0176731
0.555123	-0.218259	0.25424	-0.0156058	-0.0901732	-0.0172484
0.555107	-0.218342	0.254222	-0.0151104	-0.0876605	-0.0173848
0.555091	-0.218432	0.254208	-0.0158167	-0.0858786	-0.0166916
0.555076	-0.218523	0.254195	-0.0152163	-0.0876677	-0.0160358
0.55506	-0.218609	0.254178	-0.015925	-0.0865494	-0.0163243
0.555042	-0.218699	0.254162	-0.0158995	-0.0879332	-0.0160729
0.555025	-0.21879	0.254144	-0.015929	-0.0898655	-0.0163347
0.555009	-0.218883	0.254131	-0.0160283	-0.0897568	-0.0148873
0.554992	-0.218977	0.254122	-0.0156357	-0.091091	-0.0113242
0.554975	-0.219067	0.254103	-0.016931	-0.0913612	-0.0150841
0.554957	-0.219157	0.25409	-0.0178303	-0.0923505	-0.0140131
0.554938	-0.219246	0.254071	-0.0187426	-0.0924692	-0.0145804
0.554919	-0.219343	0.254054	-0.0194189	-0.0937217	-0.0166634
0.554901	-0.21943	0.254037	-0.0186799	-0.0920277	-0.014901
0.554881	-0.219522	0.254017	-0.0182605	-0.0891864	-0.0169761
0.554863	-0.219614	0.254	-0.01807	-0.0892336	-0.017755
0.554844	-0.219707	0.253992	-0.0184845	-0.0901805	-0.01672
0.554823	-0.219804	0.253971	-0.0193159	-0.0908598	-0.0203385
0.554804	-0.219894	0.253954	-0.0180637	-0.0911234	-0.0171078
0.554786	-0.219979	0.253937	-0.0179958	-0.0897864	-0.0178142
0.554768	-0.220067	0.25392	-0.0185503	-0.0877109	-0.0200183
0.554753	-0.220154	0.253907	-0.0188144	-0.0868203	-0.0202365
0.554733	-0.220245	0.253888	-0.0181656	-0.0862617	-0.018858
0.554716	-0.220335	0.253878	-0.0176688	-0.0881626	-0.0148976
0.554698	-0.220425	0.253861	-0.0168798	-0.0875607	-0.0142054
0.554678	-0.220511	0.253843	-0.018496	-0.0854168	-0.0175412
0.554659	-0.220604	0.253828	-0.0184299	-0.0874926	-0.0154796
0.554642	-0.220694	0.253813	-0.0181883	-0.0885111	-0.0143841
0.554621	-0.220788	0.253798	-0.0189857	-0.0901485	-0.0158261
0.554601	-0.22088	0.253782	-0.0185648	-0.0892029	-0.013492
0.554585	-0.220969	0.253768	-0.0184377	-0.0899793	-0.0147322
0.554564	-0.221058	0.253752	-0.0205271	-0.0905855	-0.0168424
0.554547	-0.22115	0.253739	-0.0204448	-0.0913874	-0.0186142
0.554525	-0.221241	0.253717	-0.0207895	-0.0914202	-0.0193217
0.554507	-0.221334	0.253709	-0.0200332	-0.0926801	-0.0147505
0.554484	-0.221427	0.253689	-0.0217862	-0.0930978	-0.0170837
0.554464	-0.221517	0.253671	-0.0203842	-0.0910385	-0.0173974
0.554439	-0.221617	0.253654	-0.0217576	-0.0949801	-0.0179584
0.554418	-0.221712	0.25364	-0.020893	-0.0942204	-0.0169561
0.554392	-0.221802	0.253619	-0.0215792	-0.0931415	-0.0168196
0.554374	-0.221895	0.253605	-0.0209289	-0.0926055	-0.0162976
0.554352	-0.221989	0.253587	-0.0222706	-0.0951984	-0.0165083
0.554328	-0.222077	0.253571	-0.0229751	-0.09177	-0.0182844
0.554303	-0.222177	0.253551	-0.0238314	-0.094019	-0.0188438
0.554281	-0.222271	0.253539	-0.0232994	-0.0937746	-0.0163724
0.554257	-0.222362	0.253518	-0.0248136	-0.0920514	-0.0212732
0.554231	-0.22246	0.253502	-0.0244016	-0.0927138	-0.0177262
0.554208	-0.222549	0.253481	-0.0235948	-0.0908007	-0.0169448
0.554183	-0.22265	0.253468	-0.0235341	-0.091592	-0.0179927
0.554159	-0.222741	0.253454	-0.0231823	-0.0922475	-0.0172204
0.554133	-0.222836	0.253432	-0.0248731	-0.0938659	-0.0180568
0.554107	-0.222928	0.253412	-0.0247771	-0.092632	-0.0167307
0.554084	-0.22302	0.253399	-0.0253852	-0.0937452	-0.0162295
0.554061	-0.223111	0.253382	-0.0257738	-0.0956653	-0.0164027
0.554034	-0.223206	0.253363	-0.0266674	-0.0978207	-0.0172541
0.55401	-0.223298	0.253345	-0.0259267	-0.0968528	-0.0193689
0.553983	-0.223393	0.25333	-0.0260839	-0.0969623	-0.0183858
0.553958	-0.22349	0.253313	-0.0270638	-0.0977819	-0.0182205
0.553931	-0.223578	0.25329	-0.0263995	-0.0945574	-0.0192155
0.553905	-0.223676	0.253283	-0.0253897	-0.0953975	-0.0136543
0.553878	-0.223772	0.253259	-0.0262413	-0.0962844	-0.0169991
0.553853	-0.223865	0.253245	-0.0271726	-0.0968086	-0.0158858
0.553829	-0.223956	0.25323	-0.0254362	-0.0940395	-0.0158438
0.553803	-0.224046	0.253207	-0.0251115	-0.0935219	-0.0159945
0.553774	-0.224149	0.253193	-0.0262703	-0.0955585	-0.0146597
0.553748	-0.224238	0.253174	-0.0258592	-0.0945041	-0.0142938
0.553722	-0.224332	0.253159	-0.0251088	-0.093761	-0.0126556
0.553694	-0.224426	0.25314	-0.0250745	-0.0930234	-0.0135305
0.553669	-0.224523	0.253125	-0.0251561	-0.0931906	-0.0149044
0.553639	-0.22462	0.253108	-0.027486	-0.0926647	-0.0178505
0.553611	-0.224717	0.253093	-0.0283642	-0.0947607	-0.0160045
0.553583	-0.224807	0.253069	-0.0288993	-0.0935364	-0.0196917
0.553554	-0.224904	0.253053	-0.030529	-0.0966695	-0.0217032
0.553529	-0.224997	0.253037	-0.0291704	-0.0982128	-0.0184016
0.553499	-0.22509	0.253018	-0.0296521	-0.0961706	-0.0201218
0.553473	-0.225182	0.253002	-0.0296145	-0.0956638	-0.0201722
0.553445	-0.225274	0.25298	-0.0294844	-0.0950718	-0.0203782
0.553419	-0.225369	0.252965	-0.0279825	-0.0961119	-0.0168629
0.55339	-0.225462	0.252943	-0.028801	-0.0958852	-0.0172602
0.553361	-0.22556	0.252927	-0.0279687	-0.096255	-0.0162452
0.553332	-0.225653	0.25291	-0.0290122	-0.0959355	-0.0169227
0.553304	-0.225747	0.252888	-0.0289584	-0.0953712	-0.0189806
0.553275	-0.225839	0.252867	-0.0292954	-0.0934347	-0.021115
0.553248	-0.225933	0.25285	-0.0284426	-0.0924485	-0.0219008
0.553223	-0.226022	0.252832	-0.0274815	-0.0900551	-0.0201982
0.553196	-0.226116	0.252816	-0.028301	-0.0923274	-0.0198703
0.553168	-0.226203	0.252792	-0.0271948	-0.0896554	-0.0211372
0.55314	-0.226297	0.252772	-0.0267271	-0.0907704	-0.0201138
0.553114	-0.226388	0.252756	-0.0270352	-0.0913175	-0.0181395
0.553086	-0.226483	0.25274	-0.027933	-0.0926633	-0.0181639
0.553055	-0.226579	0.252716	-0.0280728	-0.0938	-0.0189864
0.553026	-0.22667	0.252697	-0.0266304	-0.0919378	-0.0160528
0.553001	-0.226757	0.252675	-0.0249863	-0.0896541	-0.0171127
0.552974	-0.226848	0.252657	-0.0259669	-0.0895867	-0.0177528
0.552945	-0.226944	0.252635	-0.0272401	-0.0917101	-0.0196442
0.552919	-0.227031	0.252614	-0.0257866	-0.0887645	-0.0199583
0.552895	-0.22712	0.252601	-0.025703	-0.0880819	-0.0202235
0.552869	-0.227205	0.25258	-0.0261722	-0.0858378	-0.0218134
0.552841	-0.227297	0.252562	-0.0272778	-0.0877654	-0.0217341
0.552818	-0.227387	0.252545	-0.0267649	-0.0892738	-0.021538
0.552787	-0.227481	0.252526	-0.0279002	-0.0895508	-0.0214545
0.552762	-0.22757	0.252511	-0.027598	-0.0894764	-0.0208446
0.552736	-0.227655	0.25249	-0.0276551	-0.0866714	-0.0239846
0.552708	-0.227749	0.252472	-0.0277776	-0.0890259	-0.0228545
0.552684	-0.227837	0.252454	-0.026338	-0.0889176	-0.0210883
0.552655	-0.227925	0.252431	-0.0270192	-0.0880849	-0.0224838
0.55263	-0.228018	0.252415	-0.0261362	-0.0898631	-0.0204813
0.552603	-0.228112	0.252398	-0.0250048	-0.0890879	-0.0189152
0.552575	-0.228197	0.252379	-0.0258078	-0.0867152	-0.0198887
0.552549	-0.228289	0.252364	-0.0252633	-0.0896882	-0.0161981
0.552523	-0.228379	0.252345	-0.0240943	-0.0881947	-0.0165935
0.552492	-0.228473	0.252323	-0.0271876	-0.0907995	-0.0208029
0.552467	-0.22856	0.252306	-0.0261893	-0.0910274	-0.0189997
0.552439	-0.22865	0.252284	-0.0274217	-0.0921752	-0.0203934
0.552413	-0.228736	0.252264	-0.0279994	-0.092023	-0.0193379
0.552387	-0.228823	0.252245	-0.026563	-0.0908883	-0.0169907
0.552358	-0.228919	0.252232	-0.0279651	-0.0948153	-0.0144501
0.552328	-0.229012	0.252205	-0.0273266	-0.0931119	-0.017602
0.552302	-0.229099	0.252188	-0.0254739	-0.0900675	-0.0164079
0.55227	-0.229193	0.252168	-0.0275051	-0.0942194	-0.0168831
0.552241	-0.229284	0.252146	-0.0285706	-0.0939266	-0.0207403
0.552212	-0.229376	0.252129	-0.0284037	-0.0938913	-0.0179397
0.552184	-0.229463	0.252108	-0.0276955	-0.0887001	-0.0188542
0.552155	-0.229558	0.252088	-0.0278862	-0.0900835	-0.020085
0.552129	-0.229643	0.252076	-0.0266882	-0.0866629	-0.0181559
0.552102	-0.229735	0.252057	-0.0262923	-0.0885384	-0.0176608
0.552071	-0.229827	0.252037	-0.0264017	-0.0883392	-0.0179434
0.552042	-0.22992	0.252016	-0.0275111	-0.0882599	-0.0191112
0.552012	-0.230011	0.252002	-0.0274656	-0.0883205	-0.0181661
0.551984	-0.230106	0.251987	-0.0275219	-0.0902996	-0.0182024
0.551957	-0.23019	0.251965	-0.0267229	-0.0866379	-0.0209197
0.551923	-0.230288	0.251947	-0.0290732	-0.0903016	-0.02141
0.551896	-0.230377	0.251928	-0.0283656	-0.0900932	-0.0213654
0.551867	-0.230466	0.251906	-0.0285876	-0.0894884	-0.0212386
0.551843	-0.230548	0.251893	-0.0276656	-0.0887877	-0.0185549
0.55181	-0.230643	0.251868	-0.0287907	-0.0913603	-0.0186219
0.551783	-0.230734	0.251852	-0.0278741	-0.0916543	-0.0153641
0.551752	-0.230824	0.251837	-0.0281493	-0.0905848	-0.0142979
0.551722	-0.230919	0.251817	-0.0281926	-0.091233	-0.0151465
0.551693	-0.231005	0.251797	-0.026725	-0.0886619	-0.0144668
0.551665	-0.231099	0.251782	-0.0273227	-0.0912039	-0.013761
0.551635	-0.231195	0.25176	-0.0284243	-0.0940102	-0.0154362
0.551608	-0.231282	0.251749	-0.0284126	-0.0923444	-0.0152191
0.551577	-0.231375	0.251725	-0.0286279	-0.0935606	-0.0160334
0.551548	-0.231466	0.251709	-0.0264107	-0.0907182	-0.0137617
0.55152	-0.231553	0.25169	-0.0254657	-0.0896575	-0.0137525
0.55149	-0.23164	0.251668	-0.0272834	-0.0891243	-0.0175045
0.551464	-0.231732	0.251656	-0.0272492	-0.0895929	-0.0170364
0.551435	-0.231821	0.251631	-0.0276584	-0.0897537	-0.0188654
0.551405	-0.231917	0.251618	-0.0296724	-0.091623	-0.019101
0.551377	-0.232002	0.251599	-0.0287828	-0.0894159	-0.0177872
0.551347	-0.232096	0.251583	-0.028961	-0.0906195	-0.0180626
0.551316	-0.23219	0.251565	-0.0295805	-0.0920334	-0.0174239
0.551285	-0.232281	0.251542	-0.0298731	-0.0909445	-0.0206188
0.55126	-0.232366	0.251528	-0.0278452	-0.0886173	-0.0177804
0.551231	-0.232455	0.251512	-0.0278257	-0.088001	-0.0164467
0.551204	-0.232546	0.251494	-0.0273685	-0.0876961	-0.0183047
0.551171	-0.232635	0.251469	-0.0290987	-0.0892272	-0.0199211
0.551147	-0.232723	0.251462	-0.0274906	-0.089086	-0.0136275
0.551117	-0.232815	0.25144	-0.0271265	-0.089895	-0.0143991
0.551088	-0.232903	0.251424	-0.0276818	-0.0872469	-0.0149639
0.551058	-0.232991	0.251401	-0.0279819	-0.0879871	-0.0175467
0.551031	-0.23308	0.251387	-0.0279033	-0.0884956	-0.0176693
0.551002	-0.233172	0.251372	-0.0273706	-0.0877361	-0.0158129
0.550972	-0.233269	0.251353	-0.0279107	-0.0900902	-0.0160456
0.550945	-0.233352	0.251337	-0.0277474	-0.0908205	-0.0161301
0.550918	-0.233442	0.251317	-0.0267644	-0.0908464	-0.0158104
0.550891	-0.23353	0.251304	-0.026634	-0.0908286	-0.016945
0.550862	-0.233621	0.251288	-0.0285869	-0.0912794	-0.0172562
0.550832	-0.23371	0.251265	-0.0294233	-0.0903957	-0.0198819
0.550804	-0.233802	0.251251	-0.0287484	-0.0924476	-0.0187276
0.550775	-0.23389	0.251232	-0.0280341	-0.0922223	-0.0167644
0.550746	-0.233985	0.251217	-0.0291663	-0.0944502	-0.0169937
0.550717	-0.234079	0.251205	-0.0270716	-0.0933934	-0.013453
0.550687	-0.234166	0.25118	-0.0281774	-0.0917337	-0.0168596
0.550658	-0.234257	0.251162	-0.0281057	-0.0907266	-0.016372
0.550632	-0.23434	0.251148	-0.0274987	-0.0877782	-0.0169752
0.550603	-0.234434	0.251129	-0.0276163	-0.0882529	-0.0168133
0.550574	-0.234526	0.251116	-0.0284528	-0.0897288	-0.0170818
0.550545	-0.234618	0.251094	-0.029508	-0.0905597	-0.020253
0.550518	-0.234713	0.251082	-0.0274501	-0.0910885	-0.0149468
0.550489	-0.234799	0.251068	-0.0290133	-0.0910894	-0.0162038
0.550459	-0.234898	0.251057	-0.0295894	-0.0919392	-0.0173259
0.550428	-0.234991	0.251036	-0.0310995	-0.0932072	-0.0207154
0.550401	-0.235079	0.251024	-0.0295183	-0.0907148	-0.0178908
0.550376	-0.235173	0.251014	-0.0275895	-0.0915982	-0.0147921
0.550351	-0.235257	0.250998	-0.0258961	-0.0897504	-0.0122335
0.550325	-0.235348	0.250984	-0.0265657	-0.0901642	-0.0126194
0.550296	-0.235438	0.25097	-0.0269816	-0.088832	-0.0131272
0.550271	-0.235527	0.250958	-0.0259616	-0.0889555	-0.0120006
0.550243	-0.235621	0.250945	-0.0267615	-0.0904108	-0.0136338
0.550214	-0.235713	0.250927	-0.0269586	-0.0910287	-0.0141266
0.550187	-0.235806	0.250912	-0.0270315	-0.0937955	-0.0117539
0.550158	-0.2359	0.2509	-0.0268518	-0.0925519	-0.0129366
0.550131	-0.235992	0.250886	-0.0269634	-0.0929565	-0.0139818
0.550104	-0.236086	0.250872	-0.0265748	-0.0925524	-0.0135182
0.550077	-0.236176	0.250866	-0.026915	-0.093052	-0.0110887
0.550054	-0.236266	0.250852	-0.0254145	-0.0911743	-0.0118528
0.550028	-0.23636	0.25084	-0.025293	-0.0917594	-0.00948408
0.55	-0.236454	0.250829	-0.0258161	-0.0916472	-0.00873487
0.549971	-0.236549	0.250812	-0.027188	-0.0914624	-0.0118037
0.549944	-0.236641	0.250799	-0.0268751	-0.0915979	-0.0109708
0.549917	-0.236735	0.250785	-0.0267389	-0.0916438	-0.0129659
0.549891	-0.236832	0.250774	-0.0267051	-0.0930381	-0.0130541
0.549864	-0.236931	0.250765	-0.0263415	-0.0933436	-0.0120202
0.549836	-0.237027	0.250747	-0.0268989	-0.0927746	-0.0149001
0.549812	-0.237121	0.250738	-0.0250368	-0.0928745	-0.0113521
0.549784	-0.237214	0.250722	-0.0251019	-0.0935195	-0.0104288
0.549758	-0.237313	0.250709	-0.0248758	-0.0965144	-0.00886376
0.549731	-0.237407	0.250696	-0.0255653	-0.0952721	-0.0107906
0.549706	-0.237501	0.250684	-0.0254292	-0.0940568	-0.0105653
0.549678	-0.237599	0.250671	-0.0248105	-0.0959488	-0.0101933
0.549652	-0.237696	0.25066	-0.0259539	-0.0964318	-0.0120305
0.549626	-0.237792	0.250649	-0.0260185	-0.0950634	-0.0133599
0.549601	-0.237891	0.250642	-0.0269164	-0.0977117	-0.0115383
0.549574	-0.237986	0.250623	-0.0263143	-0.0962862	-0.0116145
0.549552	-0.238078	0.250617	-0.0240985	-0.0943517	-0.00875976
0.549528	-0.238176	0.250612	-0.0238826	-0.0955295	-0.00660376
0.549505	-0.238269	0.250598	-0.0232888	-0.0948617	-0.00854178
0.549481	-0.238367	0.250593	-0.0225929	-0.0937043	-0.00705359
0.549457	-0.238466	0.250587	-0.0226725	-0.0944075	-0.00637635
0.549434	-0.238558	0.250579	-0.021815	-0.0940546	-0.00516525
0.54941	-0.238655	0.250573	-0.0226524	-0.0957127	-0.00628257
0.549385	-0.238752	0.250561	-0.022929	-0.096018	-0.00704716
0.54936	-0.238852	0.250553	-0.0237832	-0.0987769	-0.00604847
0.549337	-0.238947	0.250547	-0.0238458	-0.0983097	-0.00698536
0.549313	-0.239042	0.250535	-0.0236507	-0.095847	-0.00833644
0.549293	-0.239137	0.250534	-0.0220443	-0.0942775	-0.00681302
0.549267	-0.239238	0.250522	-0.0238029	-0.0969541	-0.00948404
0.549243	-0.239334	0.25051	-0.0231443	-0.0980226	-0.00816586
0.54922	-0.239431	0.250505	-0.0222857	-0.098299	-0.0066786
0.549198	-0.239532	0.250498	-0.0225082	-0.0985076	-0.00748032
0.549172	-0.239627	0.250485	-0.0237594	-0.0977609	-0.0085883
0.549152	-0.239728	0.250486	-0.0220445	-0.0983894	-0.00514885
0.549126	-0.239831	0.250472	-0.0229747	-0.0978802	-0.00730191
0.549103	-0.239929	0.250464	-0.0235336	-0.0981823	-0.00799575
0.54908	-0.240026	0.250453	-0.0233096	-0.0984338	-0.008807
0.54906	-0.240121	0.250448	-0.0210804	-0.0959102	-0.0074563
0.549039	-0.240217	0.25044	-0.0215561	-0.0963882	-0.00811929
0.549015	-0.240321	0.250433	-0.021073	-0.0960789	-0.00789049
0.548995	-0.240418	0.250426	-0.021503	-0.0958001	-0.0076342
0.548972	-0.240521	0.250417	-0.0215224	-0.0976169	-0.00658546
0.548952	-0.24062	0.250416	-0.0201084	-0.0957828	-0.00497385
0.548933	-0.240715	0.250412	-0.0204425	-0.096818	-0.005117
0.548909	-0.240818	0.250403	-0.0215366	-0.0978917	-0.00703766
0.548891	-0.240913	0.250399	-0.0210757	-0.0985219	-0.00616138
0.548873	-0.241009	0.250392	-0.0211293	-0.098059	-0.00878977
0.548852	-0.241108	0.250385	-0.020198	-0.0972618	-0.00890783
0.548834	-0.241201	0.250383	-0.020982	-0.0955916	-0.0102586
0.548815	-0.241296	0.250375	-0.0211346	-0.0945153	-0.0111099
0.548795	-0.241396	0.250369	-0.020081	-0.0949459	-0.00941406
0.548776	-0.241488	0.25036	-0.0200607	-0.0941565	-0.00940336
0.548754	-0.241589	0.250353	-0.0207289	-0.0959001	-0.00894226
0.548736	-0.241686	0.250353	-0.0210593	-0.0960472	-0.0072599
0.548714	-0.241787	0.25034	-0.0222377	-0.0982002	-0.00941248
0.548694	-0.241888	0.250338	-0.0209038	-0.0995511	-0.00625556
0.548676	-0.241981	0.25033	-0.0197734	-0.0973142	-0.00827498
0.548661	-0.242074	0.250326	-0.018049	-0.0945249	-0.00736326
0.548639	-0.242169	0.250314	-0.0204562	-0.098006	-0.00686147
0.548619	-0.242273	0.250313	-0.0209655	-0.100032	-0.00547067
0.548603	-0.242364	0.250307	-0.0197887	-0.0963391	-0.00739053
0.548587	-0.242457	0.2503	-0.0185569	-0.0951196	-0.00712655
0.548567	-0.242555	0.250291	-0.0180138	-0.0950958	-0.00679676
0.548552	-0.242652	0.250289	-0.0167461	-0.095089	-0.00466422
0.548534	-0.242753	0.250283	-0.0162165	-0.0981311	-0.00300728
0.548516	-0.242853	0.250279	-0.0158159	-0.0965624	-0.0026847
0.548498	-0.242946	0.250273	-0.0167576	-0.0961923	-0.00346124
0.548486	-0.243039	0.25027	-0.0160646	-0.0948053	-0.00393836
0.548471	-0.243132	0.250266	-0.0159115	-0.0949515	-0.00432644
0.548452	-0.24323	0.250259	-0.0177592	-0.0977655	-0.00473835
0.548434	-0.243329	0.250253	-0.0164274	-0.097493	-0.00315184
0.54842	-0.243422	0.250247	-0.0155088	-0.0964715	-0.00303626
0.548403	-0.243519	0.250238	-0.0162106	-0.0947821	-0.00529104
0.548389	-0.243617	0.25024	-0.0160911	-0.0948612	-0.0053326
0.548369	-0.243718	0.250234	-0.0173	-0.0977512	-0.00541415
0.548355	-0.243815	0.25023	-0.0159651	-0.0968276	-0.00400533
0.548339	-0.243912	0.250226	-0.015948	-0.0978867	-0.00428318
0.54832	-0.244013	0.250218	-0.0172807	-0.0993657	-0.00493986
0.548306	-0.244105	0.25021	-0.0166045	-0.0958128	-0.00628807
0.548291	-0.244201	0.250207	-0.0162862	-0.0961328	-0.00413131
0.548272	-0.244305	0.2502	-0.0168626	-0.0982223	-0.00400321
0.548256	-0.244405	0.250198	-0.0169956	-0.0984527	-0.00430779
0.54824	-0.244502	0.250189	-0.0175161	-0.0992199	-0.00498202
0.548223	-0.244606	0.250188	-0.0170796	-0.100452	-0.00384369
0.548206	-0.244706	0.250186	-0.0181252	-0.101149	-0.00310704
0.548191	-0.244802	0.250178	-0.0177185	-0.0997535	-0.00458189
0.548171	-0.244907	0.250174	-0.0187056	-0.102987	-0.00357023
0.548153	-0.245006	0.25017	-0.0185368	-0.101611	-0.00311573
0.548137	-0.245107	0.250165	-0.0163508	-0.100238	-0.00227606
0.548118	-0.245203	0.250161	-0.0180129	-0.101171	-0.00227632
0.548101	-0.245304	0.250156	-0.0174714	-0.100978	-0.00111838
0.548081	-0.245404	0.250151	-0.0177982	-0.0994993	-0.00187049
0.548066	-0.245501	0.250149	-0.0171137	-0.0990158	-0.00156872
0.548048	-0.245601	0.25014	-0.0173442	-0.0988431	-0.00394223
0.548029	-0.245704	0.250138	-0.0177221	-0.099974	-0.00285946
0.54801	-0.245804	0.250131	-0.017843	-0.100112	-0.00318823
0.547992	-0.245907	0.250129	-0.0161321	-0.100172	-0.000640413
0.547977	-0.246006	0.250129	-0.0158589	-0.0970073	-0.00299522
0.547958	-0.246106	0.250121	-0.0166208	-0.0973734	-0.00545426
0.547941	-0.246206	0.25012	-0.0179329	-0.0981962	-0.00428831
0.547925	-0.246306	0.250111	-0.0166103	-0.096563	-0.00694502
0.547908	-0.246406	0.250108	-0.0156877	-0.0964219	-0.00560446
0.547892	-0.246506	0.250106	-0.0150609	-0.0959241	-0.00334555
0.54787	-0.246615	0.250096	-0.0165649	-0.100903	-0.00311801
0.547854	-0.246712	0.25009	-0.0159565	-0.0992265	-0.00260983
0.547834	-0.246813	0.250082	-0.016511	-0.101611	-0.00111563
0.547816	-0.246913	0.250077	-0.0158381	-0.0985125	-0.00279282
0.547796	-0.247017	0.250066	-0.0182502	-0.102161	-0.00572141
0.54778	-0.247115	0.25006	-0.0167868	-0.102383	-0.00342802
0.547762	-0.247212	0.250051	-0.0172703	-0.102574	-0.00449746
0.547743	-0.247316	0.250049	-0.0189466	-0.104126	-0.00317562
0.547721	-0.247421	0.250034	-0.0201991	-0.103516	-0.00743879
0.547704	-0.24752	0.250031	-0.0195502	-0.103157	-0.00434924
0.547681	-0.247626	0.250016	-0.0206982	-0.103157	-0.00769254
0.547665	-0.247729	0.250014	-0.0179678	-0.101588	-0.00722088
0.547644	-0.247831	0.250006	-0.0190972	-0.101508	-0.00821626
0.547625	-0.247934	0.249993	-0.0183342	-0.101592	-0.00905018
0.547607	-0.248033	0.249987	-0.0172888	-0.0998504	-0.00755456
0.54759	-0.248134	0.24998	-0.0164768	-0.0995817	-0.00687797
0.547576	-0.248232	0.249973	-0.0153954	-0.0984953	-0.00678781
0.547555	-0.24834	0.249967	-0.0169953	-0.102224	-0.00668115
0.547538	-0.248439	0.249957	-0.0177481	-0.100969	-0.00838898
0.54752	-0.248543	0.249949	-0.0181562	-0.101742	-0.010369
0.547504	-0.248641	0.249946	-0.0177554	-0.100987	-0.00817246
0.547484	-0.248741	0.249934	-0.0192385	-0.102107	-0.00761082
0.547466	-0.248846	0.24993	-0.0193322	-0.10299	-0.00828158
0.547446	-0.248947	0.249915	-0.0201368	-0.102459	-0.0104287
0.547426	-0.249048	0.249904	-0.0197808	-0.10007	-0.0126104
0.547409	-0.249154	0.249902	-0.0194674	-0.102605	-0.00865053
0.547391	-0.249252	0.249889	-0.0201616	-0.10206	-0.0112106
0.547373	-0.249355	0.249882	-0.0200356	-0.101804	-0.0103327
0.547353	-0.249459	0.249873	-0.0198013	-0.101326	-0.00962942
0.547334	-0.249561	0.249862	-0.0182848	-0.102482	-0.00928475
0.547271	-0.249881	0.249831	-0.0195249	-0.103781	-0.0101103
0.547254	-0.249988	0.249829	-0.0187129	-0.105552	-0.00642316
0.547235	-0.250093	0.249821	-0.0182136	-0.103852	-0.00837255
0.547214	-0.250194	0.249805	-0.0195355	-0.104819	-0.0103212
0.547192	-0.250305	0.249797	-0.0212014	-0.107338	-0.0100373
0.547175	-0.250407	0.24979	-0.0189459	-0.105684	-0.00787359
0.547153	-0.250515	0.249781	-0.0192962	-0.106132	-0.00761266
0.54713	-0.250625	0.249769	-0.0205597	-0.106197	-0.0107107
0.547104	-0.250738	0.249761	-0.0222264	-0.107215	-0.0098353
0.547082	-0.250842	0.249746	-0.02149	-0.107001	-0.010332
0.547061	-0.250948	0.249736	-0.0205845	-0.104889	-0.0108213
0.547042	-0.25105	0.249728	-0.0208105	-0.104992	-0.00985744
0.547023	-0.251153	0.249718	-0.0204607	-0.103937	-0.00850332
0.547003	-0.251257	0.249708	-0.0203373	-0.103109	-0.00875485
0.546978	-0.251365	0.249692	-0.021806	-0.105145	-0.00865667
0.546957	-0.251468	0.249679	-0.0216751	-0.103998	-0.0105704
0.546935	-0.251571	0.249668	-0.0204707	-0.101809	-0.0112812
0.546919	-0.251671	0.249655	-0.0202932	-0.104211	-0.0125114
0.546895	-0.251785	0.249646	-0.0224027	-0.110771	-0.00993083
0.546872	-0.251895	0.249635	-0.0218916	-0.109463	-0.0104216
0.546853	-0.252003	0.249621	-0.0212018	-0.107896	-0.0127057
0.546833	-0.252101	0.249611	-0.0216815	-0.105505	-0.0115584
0.546814	-0.252208	0.249598	-0.0201528	-0.105179	-0.0123721
0.546787	-0.252321	0.24958	-0.0218185	-0.107455	-0.0142503
0.546764	-0.252427	0.24957	-0.0231716	-0.107986	-0.0140938
0.546741	-0.252534	0.249551	-0.0226012	-0.105949	-0.0151506
0.546716	-0.252646	0.249539	-0.0221726	-0.106107	-0.0126534
0.546695	-0.252754	0.249523	-0.0225993	-0.10653	-0.0149176
0.54667	-0.25287	0.249512	-0.0229244	-0.10804	-0.0152452
0.546648	-0.252978	0.249499	-0.0232295	-0.109389	-0.0148741
0.546625	-0.253086	0.249478	-0.0225152	-0.108052	-0.0161225
0.546603	-0.253193	0.249462	-0.0218317	-0.108818	-0.0129921
0.546581	-0.253301	0.249448	-0.0218619	-0.10898	-0.0104721
0.546557	-0.253413	0.249431	-0.021642	-0.108208	-0.0130284
0.546534	-0.253526	0.249414	-0.0236885	-0.110063	-0.0165779
0.546516	-0.253633	0.249402	-0.0222651	-0.109815	-0.0141762
0.546491	-0.253747	0.249382	-0.0225752	-0.109298	-0.0167139
0.546471	-0.25386	0.249371	-0.0220194	-0.109957	-0.0148884
0.546447	-0.253976	0.249349	-0.0232939	-0.112536	-0.0181346
0.546426	-0.254078	0.24933	-0.0238467	-0.111722	-0.0194199
0.546405	-0.254187	0.249313	-0.0239664	-0.111129	-0.0184422
0.546384	-0.254296	0.2493	-0.023402	-0.111669	-0.0168
0.546364	-0.254407	0.249283	-0.0205988	-0.110241	-0.0138911
0.546337	-0.254518	0.24926	-0.0209073	-0.108761	-0.0164636
0.546319	-0.254625	0.249245	-0.0197808	-0.107363	-0.0164846
0.546297	-0.254736	0.249229	-0.0202459	-0.109264	-0.0154741
0.546275	-0.254848	0.249209	-0.0204011	-0.109448	-0.0195358
0.546259	-0.254954	0.249197	-0.0187746	-0.107576	-0.0174121
0.546234	-0.255063	0.249169	-0.021206	-0.107774	-0.0216371
0.546218	-0.255171	0.249157	-0.0183434	-0.108114	-0.017975
0.546194	-0.255287	0.249136	-0.0204355	-0.111483	-0.0181403
0.546173	-0.255398	0.249112	-0.0204468	-0.110484	-0.0218401
0.546155	-0.255508	0.249094	-0.01972	-0.110399	-0.0214012
0.546134	-0.255621	0.249076	-0.0196	-0.110224	-0.0189773
0.546111	-0.255736	0.249052	-0.0197187	-0.111058	-0.0206466
0.546092	-0.255839	0.249031	-0.0188035	-0.105842	-0.0205779
0.546069	-0.255951	0.249005	-0.0201198	-0.107948	-0.0232782
0.546052	-0.256058	0.248989	-0.0207542	-0.107248	-0.023572
0.54603	-0.256168	0.248966	-0.0204078	-0.10764	-0.0217316
0.546011	-0.256274	0.248948	-0.0191976	-0.10688	-0.0212693
0.54599	-0.256384	0.248926	-0.0195458	-0.107949	-0.0206496
0.545969	-0.256491	0.248898	-0.0206233	-0.108089	-0.0235569
0.545949	-0.256601	0.248881	-0.0201579	-0.108327	-0.0205839
0.545929	-0.256711	0.248861	-0.020264	-0.107371	-0.0214676
0.545907	-0.256817	0.248833	-0.020338	-0.108221	-0.0228997
0.545887	-0.256929	0.248815	-0.0194171	-0.106415	-0.0227311
0.545867	-0.257032	0.248787	-0.0189472	-0.103306	-0.0233908
0.545847	-0.25714	0.248764	-0.0188493	-0.104144	-0.0232817
0.545828	-0.257246	0.248741	-0.018745	-0.10493	-0.0226442
0.545809	-0.257355	0.248718	-0.0179711	-0.105586	-0.0203278
0.545787	-0.257462	0.24869	-0.0195114	-0.106059	-0.0233518
0.545764	-0.257571	0.248665	-0.0206705	-0.108808	-0.0223817
0.545744	-0.257677	0.248636	-0.0205096	-0.106888	-0.0251005
0.545722	-0.257786	0.248612	-0.0213184	-0.107165	-0.0231503
0.545703	-0.257891	0.248584	-0.0197623	-0.105192	-0.0240487
0.545684	-0.258	0.248563	-0.0178859	-0.104425	-0.0217218
0.545665	-0.258105	0.24854	-0.0181562	-0.103041	-0.0216814
0.545647	-0.258205	0.248508	-0.0176634	-0.100892	-0.0260943
0.545626	-0.258309	0.248482	-0.0183687	-0.100393	-0.0249816
0.545608	-0.258415	0.248453	-0.0180271	-0.100552	-0.0252827
0.545591	-0.258518	0.248423	-0.0164718	-0.10024	-0.0259246
0.545572	-0.258619	0.248395	-0.0162175	-0.0991339	-0.0262524
0.545559	-0.25872	0.248366	-0.0160063	-0.10098	-0.0262392
0.545539	-0.258827	0.248337	-0.0168463	-0.102487	-0.0267701
0.54552	-0.258935	0.248308	-0.0176829	-0.101795	-0.0281678
0.545499	-0.25904	0.248273	-0.0196904	-0.103101	-0.0313148
0.545481	-0.259137	0.248242	-0.0177813	-0.0986901	-0.0307265
0.545465	-0.259239	0.24821	-0.0172751	-0.100572	-0.0290785
0.545446	-0.259335	0.248177	-0.0184018	-0.101119	-0.0314828
0.545428	-0.25944	0.24815	-0.0173403	-0.101499	-0.0266882
0.54541	-0.259541	0.248115	-0.0168742	-0.0993771	-0.0282008
0.545392	-0.259641	0.24808	-0.0175742	-0.100272	-0.02971
0.545373	-0.259742	0.248042	-0.0189215	-0.0999213	-0.0341434
0.545354	-0.259844	0.248013	-0.0180039	-0.0998465	-0.0313227
0.545332	-0.259955	0.247978	-0.0191267	-0.101147	-0.0319938
0.545313	-0.260048	0.247934	-0.0180569	-0.0972125	-0.0343937
0.545262	-0.260351	0.247835	-0.018821	-0.0984654	-0.0359972
0.545224	-0.260553	0.247769	-0.0201106	-0.0993138	-0.0362432
0.545205	-0.260654	0.24774	-0.0206522	-0.100424	-0.0358921
0.545183	-0.260756	0.247702	-0.0219471	-0.101424	-0.0363058
0.545161	-0.260861	0.247667	-0.0215697	-0.100072	-0.0383231
0.545138	-0.260961	0.247628	-0.0212734	-0.0997452	-0.0374279
0.545119	-0.26106	0.247589	-0.0202981	-0.0979795	-0.0380808
0.5451	-0.261164	0.24756	-0.0207735	-0.0993817	-0.0371654
0.545081	-0.261262	0.247523	-0.0187876	-0.0978673	-0.0335185
0.545057	-0.261363	0.247481	-0.0210267	-0.0997106	-0.0363754
0.545036	-0.261466	0.247446	-0.0205553	-0.101487	-0.0367334
0.54502	-0.261565	0.24741	-0.02	-0.102495	-0.0357282
0.545	-0.261669	0.247381	-0.0197917	-0.100762	-0.0344936
0.54498	-0.26177	0.247344	-0.0213353	-0.102784	-0.0362693
0.544961	-0.261874	0.247307	-0.0197389	-0.103268	-0.0341732
0.544944	-0.261972	0.24727	-0.019432	-0.102168	-0.0368904
0.544926	-0.262072	0.247238	-0.0184739	-0.101604	-0.0344818
0.544906	-0.262172	0.247192	-0.0183775	-0.100671	-0.0387536
0.544886	-0.262269	0.247153	-0.01959	-0.101398	-0.0391653
0.54487	-0.262367	0.247111	-0.0192693	-0.100516	-0.0397582
0.544845	-0.262475	0.247066	-0.0210567	-0.105434	-0.0405797
0.544835	-0.262564	0.247028	-0.0178494	-0.101217	-0.0371393
0.54481	-0.262671	0.246979	-0.0193143	-0.102147	-0.0397405
0.544793	-0.262767	0.246943	-0.0190048	-0.101058	-0.038337
0.544776	-0.262864	0.246897	-0.018333	-0.0989538	-0.0417605
0.544755	-0.262969	0.246856	-0.0189277	-0.0990769	-0.0426944
0.544744	-0.263063	0.246816	-0.017122	-0.0976221	-0.0419846
0.544725	-0.263162	0.246771	-0.0164428	-0.0982128	-0.0415695
0.544711	-0.263257	0.246734	-0.0159152	-0.0962251	-0.0414276
0.544695	-0.263357	0.246694	-0.0168564	-0.0975253	-0.0407012
0.544677	-0.263457	0.246649	-0.0178529	-0.0973265	-0.04359
0.544658	-0.263554	0.246601	-0.0189898	-0.0974577	-0.0438257
0.544639	-0.263655	0.246554	-0.0196536	-0.0986559	-0.0462823
0.544622	-0.263755	0.246515	-0.0207782	-0.100867	-0.0457014
0.544606	-0.263853	0.246476	-0.0207052	-0.10188	-0.0444403
0.544588	-0.263952	0.246431	-0.0195523	-0.0994156	-0.0450468
0.544569	-0.264049	0.246387	-0.0193123	-0.0979883	-0.0444046
0.54455	-0.264146	0.24634	-0.0198635	-0.0976125	-0.0459633
0.544535	-0.264238	0.246299	-0.0192075	-0.0959919	-0.0461573
0.544518	-0.264332	0.246257	-0.0184518	-0.0962995	-0.0442582
0.544499	-0.264436	0.246212	-0.0182922	-0.0979179	-0.0467344
0.544483	-0.26453	0.24617	-0.017755	-0.0955994	-0.0468268
0.544466	-0.264627	0.246123	-0.0165879	-0.0957642	-0.046421
0.544448	-0.264725	0.246077	-0.0171905	-0.0941795	-0.0476221
0.54443	-0.264819	0.246033	-0.0174291	-0.0936465	-0.0468988
0.544409	-0.264919	0.245982	-0.0190029	-0.0953338	-0.0489397
0.544391	-0.26502	0.245944	-0.0192215	-0.0979923	-0.0461714
0.54437	-0.26512	0.245897	-0.0196967	-0.0997778	-0.0455192
0.544354	-0.265213	0.245852	-0.0180285	-0.098485	-0.0448367
0.544333	-0.265315	0.245804	-0.018009	-0.099854	-0.0423549
0.544316	-0.265409	0.245753	-0.0185285	-0.0978231	-0.0462062
0.544298	-0.265509	0.245705	-0.0178769	-0.0987649	-0.0462508
0.544283	-0.265603	0.24566	-0.0171301	-0.0977067	-0.0457939
0.544261	-0.265708	0.2456	-0.019598	-0.0995089	-0.0509641
0.544244	-0.265805	0.245549	-0.0193236	-0.0990673	-0.0503981
0.544228	-0.265906	0.245502	-0.0179363	-0.0986394	-0.0488556
0.544209	-0.266012	0.245451	-0.0193338	-0.0996362	-0.0511379
0.544192	-0.266111	0.245406	-0.0193567	-0.100344	-0.0502692
0.544174	-0.266207	0.245349	-0.0190425	-0.0992717	-0.0532797
0.544161	-0.266304	0.245305	-0.0172977	-0.0994027	-0.0488885
0.544144	-0.266398	0.245247	-0.0176547	-0.0983701	-0.0523623
0.544123	-0.266499	0.24519	-0.0189228	-0.0996493	-0.0540438
0.544106	-0.2666	0.24514	-0.0165502	-0.0962765	-0.0528964
0.54409	-0.266695	0.245079	-0.0167874	-0.0957083	-0.0569744
0.544072	-0.266793	0.245022	-0.0184369	-0.0968423	-0.0585181
0.544052	-0.266894	0.244968	-0.0189569	-0.097611	-0.0573352
0.544039	-0.26699	0.24492	-0.0163135	-0.095305	-0.0543329
0.544025	-0.267085	0.244867	-0.0150572	-0.0938923	-0.0553772
0.544012	-0.267181	0.244815	-0.01397	-0.0954482	-0.0520096
0.544	-0.267275	0.244762	-0.0131831	-0.0952302	-0.0518132
0.543985	-0.267372	0.244708	-0.0139944	-0.0946016	-0.0543171
0.543969	-0.267467	0.244647	-0.0149485	-0.0947077	-0.0578756
0.543955	-0.267562	0.244592	-0.014267	-0.0957841	-0.0565371
0.543943	-0.267656	0.244538	-0.0121303	-0.094581	-0.0528385
0.543926	-0.267752	0.244473	-0.0129543	-0.095282	-0.0566974
0.543911	-0.26785	0.244421	-0.0124857	-0.0954664	-0.0534965
0.543898	-0.267944	0.244365	-0.0124709	-0.0947326	-0.0542062
0.543885	-0.268041	0.244308	-0.0118211	-0.0954267	-0.0528537
0.543871	-0.26814	0.244251	-0.0115184	-0.0946704	-0.05407
0.543859	-0.268238	0.244195	-0.0128378	-0.0942128	-0.056614
0.543848	-0.268331	0.244137	-0.0108235	-0.0918214	-0.0559107
0.543836	-0.26843	0.244077	-0.0117838	-0.0933573	-0.0573803
0.543825	-0.268531	0.244023	-0.0123911	-0.0955526	-0.0576127
0.543809	-0.268629	0.243964	-0.0134229	-0.0940628	-0.0593093
0.543798	-0.268727	0.24391	-0.0126576	-0.0960431	-0.0585405
0.543786	-0.268826	0.243854	-0.0124132	-0.0972073	-0.0578896
0.543774	-0.268922	0.243798	-0.0129211	-0.0957051	-0.05847
0.543757	-0.269027	0.243738	-0.0123299	-0.0959849	-0.0585543
0.543746	-0.269124	0.243683	-0.0120824	-0.0963348	-0.0556105
0.543732	-0.269225	0.243622	-0.0112753	-0.0971581	-0.0583091
0.543721	-0.269317	0.243561	-0.0103922	-0.0955066	-0.0559426
0.543711	-0.269417	0.243508	-0.00939787	-0.0934797	-0.0549077
0.543698	-0.269519	0.243453	-0.00997167	-0.0968903	-0.054485
0.543686	-0.26962	0.243401	-0.0113027	-0.0989195	-0.0538863
0.543674	-0.269713	0.243346	-0.0114736	-0.0973718	-0.0532986
0.543663	-0.269814	0.24329	-0.0113125	-0.0990434	-0.0536382
0.54365	-0.269911	0.243234	-0.0129615	-0.09832	-0.0550815
0.543635	-0.270008	0.243173	-0.013326	-0.0975315	-0.0568875
0.543622	-0.270112	0.243116	-0.0138587	-0.0995541	-0.057825
0.543596	-0.270301	0.242993	-0.0125644	-0.0938686	-0.0630008
0.543584	-0.270399	0.242935	-0.0131343	-0.0947062	-0.0623957
0.543578	-0.270491	0.242881	-0.0104072	-0.0928961	-0.0600159
0.543568	-0.27059	0.242824	-0.0107594	-0.0956417	-0.0581696
0.543556	-0.270691	0.242771	-0.0127829	-0.0969166	-0.0591988
0.543547	-0.270788	0.242709	-0.010669	-0.0956761	-0.0595331
0.543537	-0.270883	0.242652	-0.0100289	-0.094904	-0.0582537
0.543524	-0.270979	0.242588	-0.0106804	-0.0951618	-0.059147
0.543515	-0.271077	0.242528	-0.010869	-0.0957429	-0.0595667
0.543502	-0.271172	0.24247	-0.0112768	-0.0954375	-0.0584539
0.543492	-0.271269	0.24241	-0.010385	-0.094373	-0.0610257
0.54348	-0.271366	0.242351	-0.0112836	-0.0960658	-0.0612239
0.543471	-0.271463	0.242294	-0.0114345	-0.0962701	-0.060919
0.543463	-0.271553	0.242231	-0.0114193	-0.0954753	-0.06102
0.543454	-0.271646	0.242166	-0.0122687	-0.0958798	-0.0632268
0.543444	-0.271746	0.242108	-0.0114759	-0.096799	-0.0602424
0.543432	-0.271843	0.242047	-0.0122419	-0.0950389	-0.061963
0.543422	-0.271937	0.241986	-0.0104729	-0.0932813	-0.0599077
0.543407	-0.272033	0.241918	-0.011668	-0.0924198	-0.0621505
0.543396	-0.27213	0.241863	-0.0113106	-0.0924817	-0.0597639
0.543385	-0.272223	0.241795	-0.0110974	-0.0901178	-0.0659536
0.543372	-0.272319	0.241733	-0.0119677	-0.0907126	-0.0670231
0.543358	-0.272415	0.241666	-0.0129184	-0.0908837	-0.068752
0.543346	-0.272509	0.241596	-0.0128806	-0.0929199	-0.0697586
0.543338	-0.272601	0.241532	-0.0111891	-0.0925449	-0.0675087
0.543328	-0.272692	0.241467	-0.0101018	-0.0931356	-0.0647039
0.543318	-0.272789	0.241406	-0.0111022	-0.0929794	-0.0674275
0.543306	-0.272887	0.241344	-0.0114084	-0.0925647	-0.0663773
0.543295	-0.272979	0.241273	-0.0116162	-0.0930153	-0.0680365
0.543282	-0.273073	0.241206	-0.0113148	-0.09278	-0.0651677
0.543273	-0.273164	0.241143	-0.0117154	-0.0924314	-0.066431
0.543261	-0.273258	0.24107	-0.0125	-0.0934093	-0.0691909
0.543252	-0.273348	0.241005	-0.0119971	-0.0916716	-0.0676362
0.543236	-0.273442	0.240933	-0.012077	-0.0908108	-0.0684252
0.543229	-0.27353	0.240872	-0.0113271	-0.0917122	-0.065905
0.54322	-0.273624	0.240809	-0.0107636	-0.0916398	-0.0654932
0.54321	-0.273715	0.240737	-0.0108572	-0.0933331	-0.06732
0.543206	-0.273804	0.240674	-0.00954939	-0.0921984	-0.0658123
0.543192	-0.273899	0.240604	-0.0101505	-0.0926157	-0.0700716
0.543183	-0.273987	0.240531	-0.00999191	-0.0914691	-0.0718431
0.543173	-0.274079	0.240461	-0.00968752	-0.0914053	-0.069454
0.543161	-0.27417	0.240386	-0.00991329	-0.0905336	-0.0707237
0.543153	-0.274263	0.240316	-0.0087945	-0.090564	-0.0724924
0.543143	-0.274356	0.240244	-0.00965826	-0.0900767	-0.0728842
0.543136	-0.274447	0.240174	-0.00881094	-0.0916714	-0.0715705
0.54313	-0.274537	0.240103	-0.00763405	-0.0916312	-0.0705092
0.543123	-0.27463	0.24003	-0.00692083	-0.0904962	-0.0711956
0.543121	-0.274714	0.239959	-0.00477574	-0.0864445	-0.0700758
0.543119	-0.274802	0.239891	-0.0039623	-0.0872749	-0.0678708
0.543111	-0.274896	0.239822	-0.00492482	-0.0887042	-0.0695171
0.543105	-0.274986	0.23975	-0.00447937	-0.0862555	-0.0706505
0.543102	-0.275074	0.239681	-0.00423424	-0.0858352	-0.0730061
0.543095	-0.275164	0.239607	-0.00608784	-0.087837	-0.0725374
0.543092	-0.275252	0.23954	-0.00535087	-0.0870692	-0.0704516
0.543087	-0.275344	0.239465	-0.00535361	-0.0903583	-0.0697464
0.543086	-0.275426	0.239397	-0.00148194	-0.0861364	-0.0660216
0.543081	-0.275523	0.239334	-0.00200357	-0.0901524	-0.0643749
0.543081	-0.275605	0.23926	-0.0029078	-0.0876957	-0.0693968
0.543084	-0.275691	0.2392	-0.0022303	-0.0880928	-0.0664182
0.543078	-0.275776	0.239126	-0.00367641	-0.0870147	-0.0692513
0.543077	-0.275863	0.239055	-0.0034396	-0.0862289	-0.0706619
0.543076	-0.27595	0.238983	-0.00263193	-0.0860683	-0.0686535
0.543076	-0.276035	0.238915	-0.000807973	-0.0857503	-0.0665499
0.54307	-0.276127	0.238844	-0.00243402	-0.0874735	-0.067318
0.543067	-0.276215	0.23877	-0.00300676	-0.089265	-0.0680862
0.543068	-0.276299	0.2387	-0.0017844	-0.0881757	-0.0691857
0.543068	-0.276392	0.238631	-0.00019729	-0.0889532	-0.066924
0.543067	-0.276478	0.238557	-0.00161491	-0.0867534	-0.0739489
0.543064	-0.27657	0.238484	-0.00258317	-0.0908525	-0.0728299
0.543064	-0.276654	0.23841	-0.000935518	-0.0900115	-0.0741302
0.543063	-0.276748	0.238344	-0.0012858	-0.0917168	-0.0715512
0.543063	-0.276831	0.238271	-0.00187311	-0.0889217	-0.0724787
0.543064	-0.276915	0.2382	-0.00235971	-0.0868521	-0.0754092
0.543063	-0.277007	0.238131	-0.00208686	-0.0881723	-0.0742573
0.543065	-0.277088	0.238054	-0.000348829	-0.0868513	-0.0746154
0.543064	-0.27718	0.237985	-0.00175871	-0.0903162	-0.0727663
0.543062	-0.277272	0.237915	-0.00294821	-0.0910893	-0.0718184
0.543061	-0.277357	0.237842	-0.00326913	-0.0893866	-0.0728533
0.543059	-0.277445	0.237772	-0.00307322	-0.0888948	-0.074092
0.543057	-0.277535	0.237701	-0.00282866	-0.088439	-0.0724296
0.543058	-0.277617	0.237627	-0.00240931	-0.0856274	-0.0746559
0.543049	-0.277716	0.237548	-0.00509356	-0.0899386	-0.0758367
0.543045	-0.277801	0.237469	-0.00363951	-0.0879157	-0.07492
0.543046	-0.277886	0.237398	-0.00259672	-0.0873129	-0.0736689
0.543046	-0.277969	0.237323	-0.000651968	-0.0848066	-0.0723793
0.543046	-0.278058	0.237252	-0.000264664	-0.0864472	-0.0722821
0.543043	-0.278141	0.237174	-0.00254491	-0.087139	-0.0743989
0.543039	-0.278229	0.237098	-0.00121202	-0.0883578	-0.0706375
0.543037	-0.278311	0.237019	-0.000932748	-0.0852008	-0.0733578
0.543031	-0.278395	0.23694	-0.00183365	-0.0836325	-0.0732641
0.543027	-0.278483	0.23686	-0.000124804	-0.0821362	-0.075042
0.543021	-0.278566	0.236785	-0.00252767	-0.0825502	-0.0764728
0.54302	-0.278648	0.236708	-0.00193216	-0.0834517	-0.0757598
0.543015	-0.278732	0.236629	-0.00421948	-0.084527	-0.0783543
0.543014	-0.278814	0.236549	-0.00277495	-0.0826691	-0.0776005
0.543011	-0.278899	0.236469	-0.00219287	-0.0822108	-0.0789979
0.543008	-0.278983	0.236391	-0.0033613	-0.0837002	-0.078263
0.543003	-0.279065	0.236306	-0.00309527	-0.0832837	-0.0783061
0.543	-0.279145	0.236224	-0.00304491	-0.0816542	-0.0806931
0.543002	-0.279217	0.236144	-0.00301954	-0.080807	-0.0805646
0.542997	-0.2793	0.236055	-0.00400214	-0.0804406	-0.0881376
0.542996	-0.279378	0.235972	-0.00276199	-0.0787663	-0.0876254
0.542993	-0.279461	0.235886	-0.00314144	-0.0795616	-0.0864466
0.542991	-0.279545	0.235801	-0.00252098	-0.0805863	-0.0864677
0.542993	-0.279622	0.23572	-0.000952992	-0.0787487	-0.083824
0.542993	-0.279701	0.235637	-0.00114565	-0.0799625	-0.0831816
0.542989	-0.279781	0.235548	-0.00171185	-0.0804391	-0.0862572
0.542992	-0.279858	0.235466	0.00042678	-0.0806767	-0.0823086
0.542984	-0.27994	0.235375	-0.00336244	-0.0816655	-0.0872949
0.542983	-0.28002	0.235293	-0.00340881	-0.080997	-0.0859045
0.54298	-0.280097	0.235199	-0.00303765	-0.0793873	-0.0863255
0.542979	-0.280175	0.235119	-0.000529376	-0.0777238	-0.0853264
0.542984	-0.28025	0.235039	0.000795643	-0.077512	-0.0821673
0.542983	-0.280327	0.234954	-0.000478694	-0.0778797	-0.0836942
0.542986	-0.280406	0.234877	0.000312285	-0.0779098	-0.0827198
0.542986	-0.280485	0.23479	0.000799247	-0.0757216	-0.0826052
0.542986	-0.280562	0.234707	0.000471784	-0.0751949	-0.0837336
0.542988	-0.280639	0.234627	-7.59749e-05	-0.0759821	-0.0825197
0.542988	-0.280718	0.234546	-8.50208e-05	-0.0794595	-0.0803027
0.542988	-0.280798	0.234463	-0.000658668	-0.080276	-0.0820846
0.542991	-0.280876	0.234383	0.000629838	-0.0791799	-0.079336
0.542993	-0.280954	0.2343	0.00121952	-0.0788088	-0.0806192
0.542994	-0.281037	0.234219	0.000277232	-0.0804361	-0.0814533
0.543	-0.281116	0.234143	0.00138787	-0.0777968	-0.080781
0.543005	-0.281193	0.234067	0.00133209	-0.0783177	-0.0807458
0.543009	-0.281267	0.233985	0.001605	-0.0781322	-0.0798076
0.543013	-0.281342	0.233902	0.00237836	-0.0767824	-0.0803536
0.543018	-0.281419	0.233822	0.00408268	-0.0748806	-0.0803302
0.543019	-0.281494	0.233735	0.00139521	-0.076099	-0.0829676
0.543022	-0.281571	0.233655	0.00335295	-0.0740809	-0.0819489
0.54303	-0.281647	0.233578	0.00494137	-0.0743535	-0.0793681
0.543033	-0.281726	0.233496	0.00386987	-0.074591	-0.0852624
0.543043	-0.281802	0.233424	0.00533071	-0.0747511	-0.0813324
0.543048	-0.281879	0.23334	0.00322492	-0.075729	-0.08219
0.543052	-0.281955	0.233256	0.00236238	-0.0764146	-0.0856705
0.543057	-0.282031	0.233174	0.00368223	-0.0766301	-0.0826506
0.54306	-0.282108	0.233087	0.00401885	-0.0768473	-0.0827929
0.543067	-0.282182	0.233002	0.00464741	-0.0753752	-0.0836529
0.543074	-0.282257	0.232927	0.00682079	-0.0747795	-0.0786914
0.543077	-0.282335	0.232837	0.00647249	-0.0758184	-0.0823624
0.543088	-0.28241	0.232757	0.00795491	-0.0746187	-0.0818603
0.543096	-0.282486	0.232672	0.00723934	-0.0738117	-0.0839298
0.543104	-0.282558	0.232588	0.00698028	-0.0733505	-0.0844612
0.543108	-0.282637	0.232503	0.00640978	-0.075004	-0.0844201
0.543119	-0.282709	0.232419	0.00722601	-0.0730495	-0.0855484
0.543127	-0.282781	0.232335	0.00912918	-0.0729356	-0.0828384
0.543133	-0.282858	0.23225	0.00846735	-0.0733995	-0.0835721
0.543142	-0.282935	0.232159	0.00866675	-0.0741925	-0.0860507
0.543153	-0.283005	0.232075	0.00988979	-0.0734121	-0.0847571
0.543162	-0.283083	0.23199	0.00981114	-0.0747088	-0.0869667
0.543171	-0.283159	0.231909	0.0104892	-0.0712744	-0.0880967
0.54318	-0.283233	0.231821	0.0085338	-0.073865	-0.0895108
0.543186	-0.283307	0.231724	0.00690537	-0.0733084	-0.095702
0.543196	-0.283377	0.231634	0.00843712	-0.072051	-0.092845
0.543208	-0.283451	0.231547	0.00929807	-0.0743553	-0.0897627
0.543217	-0.283525	0.23146	0.0104097	-0.0734213	-0.0894474
0.543228	-0.283597	0.231375	0.00956906	-0.073946	-0.0888546
0.54324	-0.283675	0.231293	0.00899819	-0.075373	-0.0898015
0.543249	-0.283749	0.231199	0.00828256	-0.0734576	-0.0926979
0.543261	-0.283816	0.231114	0.00862474	-0.0720609	-0.0904488
0.543272	-0.283884	0.231023	0.0101481	-0.0703027	-0.0902407
0.543284	-0.283959	0.230946	0.00853933	-0.0719725	-0.0891487
0.543293	-0.28403	0.230859	0.00780819	-0.0723841	-0.0895717
0.543305	-0.284104	0.230773	0.00916993	-0.0737959	-0.0874388
0.543318	-0.284177	0.230691	0.0125106	-0.0714462	-0.0858815
0.54333	-0.284254	0.230611	0.0119715	-0.0718645	-0.0841961
0.543342	-0.284325	0.230526	0.0127215	-0.0708207	-0.0821011
0.543355	-0.284395	0.230438	0.0152039	-0.0688146	-0.0829372
0.543364	-0.28447	0.230356	0.0135384	-0.0718229	-0.081363
0.543378	-0.28454	0.230273	0.0122559	-0.0726242	-0.0822079
0.543386	-0.284619	0.230183	0.0100326	-0.0751412	-0.0861577
0.543403	-0.284689	0.230099	0.0124228	-0.0731815	-0.0823148
0.543413	-0.284765	0.230012	0.0129028	-0.0739871	-0.0819942
0.543429	-0.284838	0.229932	0.0119598	-0.0740373	-0.083307
0.543444	-0.284909	0.229852	0.0126652	-0.0728414	-0.0802547
0.543457	-0.28498	0.229768	0.0121305	-0.0734532	-0.0807324
0.54347	-0.285052	0.229684	0.0103027	-0.0747051	-0.0856034
0.543484	-0.285121	0.229602	0.0118959	-0.0721317	-0.0819875
0.543528	-0.285333	0.229364	0.013738	-0.072788	-0.0827186
0.543542	-0.285404	0.229286	0.0124629	-0.07133	-0.0826166
0.543558	-0.285473	0.229208	0.0136969	-0.0708663	-0.0824016
0.543569	-0.285544	0.22912	0.0119982	-0.0709944	-0.0846698
0.543583	-0.285618	0.229041	0.0123473	-0.0721834	-0.0824675
0.543595	-0.285691	0.228957	0.0116277	-0.0740982	-0.0828635
0.543614	-0.285755	0.228878	0.0139131	-0.0724845	-0.0809177
0.543627	-0.285832	0.228801	0.0140315	-0.0739909	-0.0778848
0.543644	-0.285912	0.22872	0.013933	-0.0776625	-0.0786127
0.543662	-0.285977	0.228637	0.0150523	-0.0729205	-0.0795808
0.543676	-0.286053	0.228552	0.0141336	-0.0724789	-0.0843883
0.54369	-0.286126	0.22847	0.0142397	-0.0716847	-0.0833907
0.543709	-0.286198	0.228396	0.0161663	-0.0721585	-0.0809414
0.543726	-0.286269	0.22831	0.0171389	-0.0718027	-0.0823949
0.543742	-0.286346	0.228228	0.0156508	-0.0726383	-0.0840203
0.543764	-0.286415	0.228147	0.0169484	-0.0706132	-0.0830823
0.543783	-0.286486	0.22806	0.0172384	-0.0681331	-0.0864709
0.543803	-0.286561	0.227987	0.0180958	-0.0709603	-0.0841652
0.543817	-0.286634	0.227898	0.0176438	-0.0737357	-0.0837358
0.543837	-0.286706	0.227812	0.0185767	-0.0720263	-0.0853997
0.543853	-0.286782	0.227726	0.0168405	-0.0742726	-0.0842327
0.543873	-0.286857	0.227643	0.0185016	-0.0740581	-0.0834886
0.543898	-0.286927	0.227565	0.0201504	-0.0718306	-0.0825186
0.543915	-0.287002	0.227474	0.0177552	-0.071664	-0.0891153
0.543937	-0.287073	0.22739	0.0185288	-0.0707858	-0.0891646
0.543959	-0.287143	0.227311	0.0189328	-0.0699165	-0.0863836
0.543976	-0.287218	0.227223	0.0194021	-0.0696114	-0.0867368
0.543994	-0.287293	0.22714	0.0183361	-0.0707139	-0.0862562
0.544017	-0.287367	0.227059	0.0183672	-0.0734864	-0.0839698
0.544042	-0.287433	0.22698	0.0223926	-0.0693374	-0.0824504
0.544063	-0.287511	0.226905	0.0210313	-0.0704056	-0.0815146
0.544087	-0.287572	0.226821	0.0219449	-0.0679504	-0.0854284
0.544107	-0.287643	0.226738	0.0200531	-0.0701003	-0.0837248
0.54413	-0.287715	0.226662	0.0205479	-0.0702127	-0.0811624
0.544151	-0.287781	0.226579	0.0210747	-0.0685317	-0.0820089
0.544175	-0.287853	0.226504	0.0220199	-0.0696481	-0.0770625
0.544197	-0.287928	0.22643	0.0247428	-0.0696262	-0.0741203
0.54422	-0.287996	0.226349	0.0222557	-0.0696051	-0.0793358
0.544241	-0.288065	0.226269	0.0211836	-0.0702939	-0.0788578
0.544259	-0.288136	0.226182	0.0219494	-0.0677156	-0.0805204
0.544284	-0.288202	0.226109	0.0225417	-0.0685418	-0.0772624
0.544303	-0.288273	0.226032	0.0226084	-0.0671357	-0.0758016
0.544322	-0.288346	0.225951	0.0199171	-0.0719184	-0.0783864
0.544346	-0.288414	0.225872	0.0215285	-0.0695922	-0.0768492
0.544365	-0.288487	0.225794	0.0187176	-0.0702501	-0.0788423
0.544383	-0.288557	0.225717	0.0187004	-0.0699399	-0.0773206
0.5444	-0.288627	0.225633	0.0172949	-0.0703863	-0.0809911
0.544422	-0.288689	0.225552	0.0175326	-0.0675603	-0.08318
0.544439	-0.288762	0.225469	0.0167337	-0.0675624	-0.0853846
0.544457	-0.28883	0.225389	0.0173359	-0.0659657	-0.088403
0.544478	-0.288896	0.225305	0.0189564	-0.065626	-0.0850404
0.544495	-0.288975	0.225225	0.016774	-0.0702883	-0.0823483
0.544513	-0.289041	0.225141	0.0165931	-0.0690823	-0.0844078
0.544531	-0.289113	0.225065	0.017264	-0.0682507	-0.082153
0.544549	-0.289179	0.224973	0.0186608	-0.0669519	-0.083595
0.544566	-0.289245	0.224887	0.0181273	-0.0652911	-0.0865605
0.544581	-0.289312	0.224797	0.0168986	-0.0663559	-0.0864222
0.5446	-0.289381	0.224714	0.0175978	-0.065234	-0.0870257
0.544619	-0.289452	0.224639	0.0178018	-0.0657047	-0.0838346
0.544634	-0.289519	0.224555	0.0170129	-0.0639178	-0.0857802
0.544649	-0.289591	0.224466	0.0155298	-0.0642693	-0.0895894
0.544666	-0.289654	0.224379	0.015991	-0.0649556	-0.0879541
0.544682	-0.289722	0.224288	0.0160882	-0.0666185	-0.0891483
0.544701	-0.289786	0.2242	0.0153482	-0.066151	-0.0902702
0.544721	-0.289856	0.224117	0.0173342	-0.0671282	-0.0868402
0.544741	-0.289922	0.224029	0.0167374	-0.066898	-0.0903879
0.544762	-0.28999	0.223945	0.0163959	-0.0681759	-0.0895273
0.544777	-0.290059	0.223844	0.0177431	-0.0705204	-0.0886573
0.544802	-0.290124	0.223762	0.0200569	-0.0704432	-0.0852204
0.544819	-0.290196	0.223675	0.0196433	-0.0703467	-0.0849388
0.54484	-0.29026	0.223587	0.0210592	-0.0683156	-0.0853696
0.544863	-0.290327	0.223499	0.0214616	-0.0695991	-0.0836905
0.544888	-0.290395	0.223409	0.0220806	-0.068923	-0.0876305
0.544908	-0.290459	0.223318	0.0196935	-0.0682605	-0.0894533
0.544929	-0.290525	0.223232	0.0207896	-0.0659753	-0.0871588
0.544951	-0.29059	0.223145	0.0210418	-0.0644973	-0.0891861
0.544976	-0.290657	0.223058	0.0215384	-0.0656524	-0.0891827
0.544999	-0.290717	0.222963	0.0219906	-0.0639365	-0.0909515
0.545025	-0.290784	0.222881	0.0226953	-0.0651985	-0.0881913
0.545048	-0.290853	0.222797	0.0208255	-0.0681922	-0.087217
0.545071	-0.290916	0.222712	0.0218334	-0.0650867	-0.0914426
0.545093	-0.290987	0.222627	0.0206833	-0.0674108	-0.0892324
0.545119	-0.291049	0.222541	0.0210212	-0.0679266	-0.0884571
0.545144	-0.291113	0.222454	0.0223384	-0.0652657	-0.0884671
0.545166	-0.291183	0.222365	0.022833	-0.066326	-0.0888568
0.545193	-0.291244	0.222279	0.0247692	-0.0660294	-0.0858416
0.545216	-0.291313	0.222196	0.0231639	-0.0653524	-0.0881915
0.545246	-0.291377	0.222122	0.0245686	-0.0656438	-0.0840024
0.545269	-0.291439	0.222034	0.0251711	-0.0629207	-0.0864111
0.54529	-0.291507	0.221949	0.0243262	-0.0651073	-0.0841332
0.54531	-0.291575	0.221865	0.0213301	-0.0648763	-0.0858662
0.545334	-0.29164	0.221784	0.0212363	-0.0669824	-0.083144
0.54536	-0.291705	0.221705	0.0226275	-0.0652004	-0.083163
0.545407	-0.291834	0.221542	0.0212984	-0.0668612	-0.0836445
0.545426	-0.2919	0.221457	0.0206172	-0.0681081	-0.0814745
0.545448	-0.291964	0.221374	0.0207011	-0.0674034	-0.0832085
0.545472	-0.292029	0.221297	0.0211038	-0.0671261	-0.0802362
0.545495	-0.292086	0.221207	0.0248025	-0.0624326	-0.0838238
0.545519	-0.292154	0.221126	0.0243745	-0.0650612	-0.083282
0.545543	-0.292218	0.221044	0.0227714	-0.0641616	-0.0845878
0.545561	-0.292284	0.220953	0.0209692	-0.0645462	-0.0870927
0.545585	-0.292346	0.22087	0.0209117	-0.0635718	-0.0861917
0.545606	-0.292413	0.220784	0.0232486	-0.0639555	-0.0832247
0.545629	-0.292474	0.220703	0.0231406	-0.0641002	-0.0815307
0.545648	-0.292545	0.22062	0.0229165	-0.065488	-0.0808447
0.545672	-0.292605	0.220532	0.0262282	-0.0629398	-0.0806117
0.545698	-0.292669	0.220446	0.0254182	-0.0640605	-0.0816912
0.545721	-0.292728	0.220358	0.0243561	-0.0637845	-0.0818231
0.545743	-0.292789	0.220268	0.0243601	-0.0626903	-0.0846314
0.545765	-0.292853	0.220177	0.0238611	-0.0628099	-0.0858733
0.545788	-0.292915	0.220089	0.0234585	-0.0608232	-0.0895659
0.54581	-0.29298	0.220003	0.0234565	-0.0614232	-0.0875057
0.545836	-0.293044	0.219913	0.0263349	-0.0622894	-0.0845268
0.545863	-0.293104	0.219824	0.0269853	-0.060094	-0.0878219
0.545886	-0.293167	0.219735	0.0267805	-0.0593878	-0.0850524
0.54591	-0.293225	0.21964	0.0273249	-0.0598165	-0.086213
0.545936	-0.293283	0.219549	0.0259713	-0.0589509	-0.0911459
0.545962	-0.293342	0.219461	0.0252413	-0.0611609	-0.0891541
0.54599	-0.293404	0.219372	0.0261537	-0.06201	-0.0877698
0.546024	-0.293461	0.219296	0.0275942	-0.0627343	-0.0841401
0.546051	-0.293523	0.219211	0.0283489	-0.0612249	-0.0827802
0.546081	-0.29358	0.219122	0.0295265	-0.0567667	-0.0862046
0.546109	-0.293639	0.219038	0.0278032	-0.0594337	-0.0855574
0.546136	-0.293696	0.218947	0.0261835	-0.0582636	-0.0900886
0.546165	-0.293757	0.218865	0.0283714	-0.0585504	-0.0861182
0.5462	-0.293816	0.218786	0.0310804	-0.0586678	-0.0825658
0.546227	-0.293879	0.218703	0.0299013	-0.0600035	-0.0813414
0.546257	-0.293939	0.218616	0.0293456	-0.0596277	-0.0836303
0.546285	-0.293996	0.218526	0.0279289	-0.0594161	-0.0879573
0.546316	-0.294055	0.21845	0.0297053	-0.058284	-0.0834063
0.546347	-0.294112	0.218367	0.0310727	-0.0567554	-0.0829668
0.546376	-0.29417	0.218283	0.0293814	-0.0568168	-0.0862912
0.546406	-0.294232	0.218201	0.0317178	-0.0555633	-0.0829195
0.546433	-0.294292	0.218115	0.0306716	-0.0559732	-0.0835681
0.546463	-0.294346	0.218037	0.0309099	-0.0565422	-0.0818791
0.54649	-0.294405	0.217955	0.0294327	-0.0580408	-0.0789541
0.54652	-0.294461	0.217875	0.0300034	-0.057547	-0.0781621
0.546546	-0.29452	0.217789	0.0270657	-0.0577427	-0.0828064
0.546573	-0.294583	0.217708	0.0271438	-0.0577565	-0.0828882
0.546604	-0.294641	0.21763	0.0285249	-0.0583314	-0.0813373
0.54663	-0.294702	0.217548	0.0282287	-0.0580078	-0.081413
0.546657	-0.294758	0.217464	0.0299063	-0.0552776	-0.0813919
0.546682	-0.29482	0.217382	0.0280661	-0.0592834	-0.0798974
0.546708	-0.294873	0.217293	0.0275234	-0.0578212	-0.083122
0.546735	-0.294932	0.21721	0.0293667	-0.0570315	-0.0835277
0.54676	-0.294986	0.21712	0.0273285	-0.056449	-0.0845183
0.546786	-0.295049	0.217037	0.0277777	-0.0598279	-0.0843686
0.546815	-0.295101	0.216951	0.0266655	-0.0574025	-0.0865408
0.54684	-0.295159	0.216871	0.0264644	-0.0567591	-0.0844209
0.546863	-0.295215	0.216779	0.0252101	-0.0569109	-0.0863525
0.546888	-0.295269	0.216694	0.0246897	-0.0538113	-0.0861917
0.546911	-0.295327	0.216601	0.0243787	-0.0550224	-0.0891874
0.546935	-0.295386	0.216516	0.0248619	-0.0569102	-0.0855474
0.546963	-0.295442	0.216433	0.0249569	-0.0570589	-0.0856231
0.546987	-0.295495	0.21634	0.0241372	-0.0542959	-0.0903852
0.547011	-0.29555	0.216248	0.0240315	-0.0533843	-0.0914206
0.547034	-0.295606	0.216151	0.0231683	-0.0540267	-0.0925302
0.547059	-0.295661	0.21606	0.024739	-0.0538027	-0.0904177
0.547083	-0.295715	0.215972	0.0254748	-0.0532314	-0.0868406
0.547114	-0.295764	0.215883	0.0279217	-0.051718	-0.0887228
0.547141	-0.295819	0.215791	0.0273282	-0.0523888	-0.0888977
0.547167	-0.295875	0.215701	0.0255505	-0.0554146	-0.0890082
0.547193	-0.295927	0.215606	0.0265662	-0.0548669	-0.0876252
0.547222	-0.295975	0.215517	0.0269879	-0.0529674	-0.0871153
0.547246	-0.296029	0.21542	0.0260959	-0.0534731	-0.0906856
0.547271	-0.296078	0.215328	0.0257891	-0.0521312	-0.0925282
0.547301	-0.296135	0.215243	0.0275834	-0.0542802	-0.0876999
0.547331	-0.296185	0.215152	0.0282752	-0.052908	-0.0869739
0.547357	-0.296239	0.215063	0.0284035	-0.0519648	-0.0864282
0.547381	-0.296294	0.214965	0.0272257	-0.050803	-0.0924408
0.54741	-0.296341	0.214876	0.0288619	-0.0504144	-0.0897219
0.547439	-0.296395	0.214786	0.0276525	-0.0517043	-0.0892085
0.54747	-0.296445	0.214691	0.0289226	-0.0511627	-0.0907476
0.547501	-0.296495	0.214601	0.0291632	-0.0511735	-0.0897304
0.547532	-0.296549	0.214518	0.0283099	-0.0512335	-0.0895051
0.547564	-0.296596	0.214427	0.0291241	-0.0508507	-0.0899387
0.547591	-0.296656	0.214341	0.0283039	-0.0537416	-0.0892055
0.54762	-0.296704	0.214248	0.0278756	-0.0515422	-0.0945284
0.547649	-0.296752	0.214156	0.0276639	-0.0499767	-0.0942225
0.547682	-0.296806	0.214076	0.029066	-0.0516425	-0.0884719
0.547713	-0.296857	0.213991	0.0289878	-0.0520343	-0.088798
0.547744	-0.296912	0.213911	0.029008	-0.0531276	-0.0849822
0.547771	-0.296962	0.213816	0.028945	-0.0523685	-0.0870606
0.5478	-0.297013	0.213732	0.0287791	-0.0549063	-0.0858105
0.547826	-0.297067	0.213642	0.0272143	-0.0541866	-0.08735
0.547854	-0.297118	0.213556	0.0287868	-0.0516764	-0.0855574
0.547882	-0.297173	0.213474	0.0265475	-0.054355	-0.0854223
0.547912	-0.297228	0.21339	0.028859	-0.0528382	-0.0841159
0.547937	-0.297283	0.213301	0.0256207	-0.0550886	-0.088444
0.547967	-0.297334	0.213217	0.0250907	-0.0546428	-0.0890855
0.547994	-0.297379	0.213122	0.0264946	-0.0518554	-0.0896557
0.548022	-0.297436	0.213042	0.0251776	-0.0527453	-0.0875026
0.54805	-0.297485	0.212952	0.0261357	-0.0516214	-0.0878527
0.548076	-0.297545	0.212868	0.0262106	-0.0538367	-0.0867232
0.548106	-0.297594	0.212783	0.0270838	-0.0524626	-0.0839396
0.54813	-0.297649	0.212692	0.0276016	-0.0533018	-0.0842422
0.548159	-0.297701	0.212607	0.0279687	-0.052255	-0.0840597
0.548183	-0.297751	0.212516	0.0272409	-0.0520091	-0.0848014
0.548209	-0.297806	0.212428	0.0260767	-0.0541089	-0.0855429
0.548236	-0.29786	0.212342	0.0277965	-0.0545123	-0.082085
0.548267	-0.297912	0.212255	0.0291671	-0.0557175	-0.0816447
0.548297	-0.297962	0.212165	0.0299894	-0.053374	-0.0823867
0.548324	-0.298016	0.212083	0.0297845	-0.0517048	-0.0805801
0.548351	-0.298064	0.21199	0.0302894	-0.0495467	-0.0841357
0.548382	-0.298112	0.211906	0.0311252	-0.0483393	-0.0828644
0.548409	-0.298158	0.211808	0.0277805	-0.047312	-0.0921283
0.548435	-0.298211	0.211721	0.0281382	-0.0479783	-0.0901718
0.548469	-0.298257	0.211637	0.0292749	-0.0486202	-0.0874098
0.548498	-0.298309	0.211551	0.0294437	-0.0482902	-0.090489
0.54853	-0.298352	0.21147	0.0296769	-0.0462356	-0.0885991
0.548559	-0.298404	0.211387	0.0274163	-0.0489295	-0.0882705
0.54859	-0.298446	0.211298	0.0303493	-0.0428154	-0.0906529
0.548621	-0.298491	0.211213	0.0292964	-0.0429164	-0.0900303
0.548656	-0.298537	0.211128	0.0320999	-0.0442802	-0.0864623
0.548685	-0.298583	0.211044	0.0313628	-0.0449569	-0.0866322
0.54872	-0.298632	0.210965	0.0325221	-0.0458794	-0.082768
0.548751	-0.298675	0.210877	0.0323226	-0.0445981	-0.0840807
0.54878	-0.29872	0.21079	0.0315541	-0.0447342	-0.0841786
0.548811	-0.298764	0.210701	0.03153	-0.0450371	-0.0840517
0.54884	-0.298814	0.210615	0.0311777	-0.0461077	-0.0845851
0.548875	-0.29886	0.210539	0.0317469	-0.0479969	-0.0800831
0.548908	-0.298908	0.210458	0.0324306	-0.0478834	-0.0803911
0.54894	-0.298951	0.210373	0.0304781	-0.0480182	-0.0814332
0.548973	-0.298995	0.210289	0.0308386	-0.0470272	-0.0815058
0.549003	-0.299039	0.210203	0.031182	-0.0470157	-0.0824957
0.549035	-0.299087	0.210127	0.0299387	-0.0479544	-0.0795434
0.549068	-0.299126	0.21004	0.0311548	-0.0436295	-0.082485
0.549101	-0.299175	0.209964	0.0312162	-0.045524	-0.0820954
0.549137	-0.299221	0.209888	0.0315835	-0.0459143	-0.0822751
0.549166	-0.299267	0.209796	0.0299225	-0.0462497	-0.085154
0.549201	-0.299313	0.209719	0.0323675	-0.0451012	-0.0800693
0.549233	-0.299354	0.209635	0.0324079	-0.0445194	-0.0820506
0.549263	-0.299404	0.209551	0.0320176	-0.0469191	-0.0805505
0.549297	-0.299449	0.209471	0.0330658	-0.0471028	-0.0794602
0.549327	-0.299492	0.209377	0.0318902	-0.0455692	-0.0850401
0.549366	-0.299537	0.209303	0.0326192	-0.04711	-0.0805556
0.549395	-0.299585	0.209222	0.0305531	-0.0471976	-0.0819339
0.549424	-0.299633	0.209138	0.0303315	-0.0448246	-0.0853842
0.549457	-0.29968	0.209062	0.0306269	-0.0466908	-0.0820759
0.549489	-0.299723	0.208979	0.0299018	-0.0453499	-0.0853729
0.54952	-0.29977	0.2089	0.0302412	-0.0462629	-0.0831235
0.549551	-0.299818	0.208813	0.0298993	-0.0463978	-0.0849373
0.549585	-0.299858	0.208728	0.03133	-0.0433249	-0.0847156
0.549617	-0.299908	0.20865	0.0317127	-0.0434389	-0.0833313
0.549646	-0.29995	0.20856	0.0310899	-0.0453112	-0.082516
0.549678	-0.299994	0.208478	0.031857	-0.0452902	-0.0803612
0.549714	-0.300037	0.208395	0.0328645	-0.0426681	-0.0815681
0.549746	-0.300081	0.208309	0.0320788	-0.0434813	-0.0839306
0.549782	-0.300122	0.208225	0.0330077	-0.0434859	-0.0829435
0.549818	-0.300166	0.20815	0.0343582	-0.0408415	-0.0817665
0.54985	-0.300211	0.208066	0.034331	-0.0417218	-0.0817868
0.549885	-0.300247	0.207985	0.0355606	-0.0388231	-0.0802029
0.549919	-0.300291	0.207903	0.0342143	-0.0419386	-0.0802102
0.549952	-0.300337	0.207819	0.034082	-0.0429878	-0.0799973
0.549988	-0.300378	0.207742	0.0347429	-0.0413299	-0.0792716
0.550022	-0.300421	0.207659	0.0331715	-0.0426932	-0.0805034
0.550057	-0.300466	0.207581	0.0325216	-0.042409	-0.079937
0.550092	-0.3005	0.207497	0.0327737	-0.0385354	-0.0856654
0.550122	-0.300546	0.207415	0.0321749	-0.0392059	-0.0837169
0.55016	-0.300586	0.207343	0.0331406	-0.0402072	-0.0796691
0.550196	-0.300624	0.20726	0.034003	-0.0387913	-0.0830989
0.550226	-0.300668	0.207179	0.0322036	-0.0417772	-0.0819003
0.550263	-0.300709	0.207096	0.0340894	-0.0439751	-0.0801631
0.550298	-0.300746	0.207011	0.0346254	-0.0399866	-0.0840055
0.550329	-0.300789	0.20693	0.0342259	-0.0408491	-0.0808799
0.550361	-0.300825	0.206845	0.0342562	-0.0418638	-0.0797102
0.550397	-0.300866	0.206769	0.0327336	-0.0424343	-0.0810095
0.550428	-0.300906	0.20669	0.0319018	-0.041995	-0.0811704
0.550463	-0.300946	0.20661	0.0333088	-0.0415516	-0.0817389
0.550497	-0.300983	0.206531	0.0332568	-0.0392277	-0.081276
0.550526	-0.301027	0.206445	0.0305561	-0.042229	-0.0834641
0.55056	-0.301068	0.20637	0.0324547	-0.0402062	-0.080131
0.550593	-0.301103	0.206294	0.0329204	-0.0377268	-0.0786554
0.550623	-0.30114	0.206207	0.0313681	-0.0369225	-0.0806256
0.550653	-0.301184	0.206133	0.0303606	-0.0406812	-0.0773025
0.550687	-0.301217	0.206053	0.0309102	-0.0376751	-0.0825098
0.550715	-0.301262	0.20597	0.0284197	-0.0409503	-0.0811149
0.550746	-0.301295	0.205888	0.0298046	-0.0360123	-0.0811066
0.550773	-0.301334	0.205802	0.0291476	-0.0363785	-0.0831267
0.550805	-0.301366	0.20572	0.0297591	-0.0345594	-0.0825665
0.550832	-0.301407	0.205639	0.0301315	-0.0366229	-0.0801642
0.550862	-0.301445	0.205556	0.0310833	-0.0369502	-0.0797311
0.550891	-0.301481	0.205474	0.0302148	-0.0373796	-0.0781629
0.550926	-0.301517	0.205398	0.031553	-0.0367407	-0.0773498
0.550954	-0.301562	0.205323	0.029114	-0.0381825	-0.0787177
0.550984	-0.301603	0.205247	0.0286054	-0.0399411	-0.0764913
0.551013	-0.30164	0.205163	0.0276686	-0.0397021	-0.0796659
0.551045	-0.301675	0.205085	0.0287578	-0.0393955	-0.0777918
0.551068	-0.301715	0.204995	0.0264594	-0.0390275	-0.0827331
0.551101	-0.301752	0.204914	0.0285884	-0.0376798	-0.0822111
0.551132	-0.301792	0.204837	0.0291135	-0.0381872	-0.0795806
0.551163	-0.301832	0.204758	0.0290337	-0.0387624	-0.0809904
0.551194	-0.30187	0.204677	0.0288088	-0.0377169	-0.0814021
0.551223	-0.301906	0.204592	0.0302129	-0.0380539	-0.0801759
0.551256	-0.301942	0.204509	0.0313648	-0.0376053	-0.0796288
0.551286	-0.301979	0.204425	0.0307588	-0.036084	-0.0799784
0.551317	-0.302016	0.204343	0.0309651	-0.0369653	-0.0802432
0.551351	-0.302051	0.204268	0.0303001	-0.0358105	-0.0796924
0.551386	-0.302084	0.204184	0.0323199	-0.0358216	-0.079774
0.551453	-0.302153	0.204026	0.03168	-0.0364932	-0.0793177
0.551483	-0.302186	0.203943	0.0306542	-0.0353455	-0.0802523
0.551515	-0.302224	0.203866	0.0304208	-0.0368921	-0.0792452
0.551552	-0.302259	0.203794	0.0321555	-0.037081	-0.0766247
0.551585	-0.302292	0.203713	0.032627	-0.0351973	-0.0788664
0.551623	-0.302325	0.203643	0.0344872	-0.0333619	-0.0756635
0.551655	-0.302359	0.203563	0.0338385	-0.0350994	-0.0753016
0.551687	-0.302398	0.20349	0.0341465	-0.0359626	-0.0740452
0.551723	-0.302429	0.203415	0.0357983	-0.0338634	-0.0730083
0.551756	-0.302461	0.203338	0.0340637	-0.0336237	-0.0762821
0.551788	-0.302496	0.203265	0.0322281	-0.0321962	-0.0783744
0.551823	-0.302529	0.203194	0.0345789	-0.0326917	-0.0727197
0.551857	-0.30256	0.203116	0.0331875	-0.0320491	-0.0754803
0.55189	-0.302594	0.203043	0.0334636	-0.031628	-0.0752903
0.551924	-0.302629	0.202972	0.032532	-0.0328077	-0.0742007
0.551954	-0.302665	0.202905	0.0310686	-0.0322787	-0.0750551
0.551988	-0.302694	0.202832	0.0305022	-0.0316814	-0.0751994
0.552018	-0.302726	0.202756	0.0296244	-0.0322743	-0.0780113
0.552051	-0.302761	0.202691	0.028579	-0.0332499	-0.0771157
0.552083	-0.302793	0.202623	0.0281065	-0.0335272	-0.0774203
0.552112	-0.302831	0.202548	0.0274441	-0.0347013	-0.079592
0.552146	-0.302863	0.202474	0.0283184	-0.0349819	-0.0764187
0.552176	-0.302898	0.202407	0.0280786	-0.0355374	-0.0748909
0.552208	-0.302929	0.202343	0.0271991	-0.0356521	-0.0726435
0.552236	-0.302965	0.202271	0.0277789	-0.0371493	-0.0712567
0.552266	-0.302996	0.202197	0.0277985	-0.0358668	-0.0733591
0.552296	-0.303033	0.202131	0.0286068	-0.0374985	-0.0689302
0.552325	-0.303066	0.202055	0.0288513	-0.0363109	-0.0720593
0.552357	-0.3031	0.201979	0.0295955	-0.0358985	-0.0712437
0.552388	-0.303133	0.201911	0.029444	-0.0352598	-0.06978
0.552416	-0.303166	0.20184	0.0292784	-0.0359872	-0.069652
0.552444	-0.3032	0.201767	0.0287197	-0.0332101	-0.0706425
0.552473	-0.303231	0.201693	0.0291396	-0.0335146	-0.0719994
0.552505	-0.303259	0.201617	0.0298008	-0.031631	-0.0723129
0.552533	-0.303292	0.201544	0.0292642	-0.0308164	-0.072274
0.552563	-0.303325	0.201473	0.0306443	-0.0306376	-0.0696711
0.552595	-0.303357	0.201406	0.030691	-0.0299747	-0.0673129
0.55263	-0.303386	0.20134	0.0294471	-0.0295885	-0.0709074
0.55266	-0.303411	0.201263	0.0291964	-0.0274752	-0.0744996
0.552685	-0.303445	0.201185	0.0275088	-0.0289917	-0.0760522
0.552718	-0.303469	0.201108	0.0285663	-0.0267061	-0.0780799
0.552746	-0.303504	0.201039	0.0275722	-0.0287423	-0.0753845
0.552779	-0.303529	0.200965	0.0304008	-0.0281231	-0.0731685
0.552812	-0.303562	0.200896	0.0309376	-0.0290217	-0.0718581
0.552843	-0.303593	0.200819	0.0294761	-0.0291068	-0.0746208
0.552878	-0.303617	0.200751	0.0324264	-0.0259168	-0.0720502
0.552905	-0.303651	0.20067	0.0303948	-0.0281466	-0.0734327
0.552939	-0.303674	0.200596	0.0331442	-0.0251858	-0.0710999
0.552971	-0.303703	0.200524	0.0316202	-0.0275593	-0.0717781
0.553003	-0.30373	0.200448	0.0309312	-0.0273491	-0.0720978
0.553037	-0.303757	0.200382	0.0317807	-0.0295872	-0.0705797
0.553073	-0.303788	0.200313	0.0310874	-0.0333466	-0.0690568
0.553105	-0.303817	0.20024	0.0290052	-0.032	-0.0746268
0.553136	-0.303848	0.200172	0.0283421	-0.0312595	-0.0734531
0.553166	-0.303878	0.200095	0.0287195	-0.0307564	-0.0745575
0.5532	-0.303901	0.200031	0.0307016	-0.0281315	-0.0741179
0.553233	-0.303928	0.199958	0.030429	-0.0280057	-0.0741333
0.553264	-0.303959	0.199894	0.0293858	-0.0287563	-0.0717206
0.553295	-0.303984	0.199821	0.029502	-0.0275847	-0.0729608
0.553328	-0.304016	0.19975	0.0287262	-0.0305913	-0.0723678
0.553358	-0.304048	0.199682	0.0299988	-0.0332471	-0.0667825
0.553391	-0.304074	0.199614	0.0299862	-0.0307679	-0.0688579
0.553418	-0.304107	0.199547	0.0293634	-0.0308821	-0.0682918
0.553452	-0.304134	0.199483	0.0307732	-0.0292783	-0.0680841
0.553481	-0.304166	0.199412	0.0302026	-0.0292195	-0.07035
0.553512	-0.304191	0.199343	0.0303271	-0.0290834	-0.0689745
0.553541	-0.304224	0.199273	0.0311889	-0.0300134	-0.0676669
0.553568	-0.304255	0.199207	0.0295254	-0.0298208	-0.0675585
0.553601	-0.304287	0.199143	0.0297681	-0.0286069	-0.0691788
0.553628	-0.30432	0.199076	0.0294871	-0.0286894	-0.0702203
0.55366	-0.304351	0.19902	0.0302584	-0.0296626	-0.0662292
0.553683	-0.304382	0.198949	0.0287333	-0.0288857	-0.0674397
0.55371	-0.304417	0.198885	0.0271904	-0.03167	-0.0666396
0.553737	-0.304445	0.198816	0.0289183	-0.0303236	-0.0668766
0.553765	-0.304476	0.198757	0.0293962	-0.0289879	-0.0641851
0.55379	-0.304508	0.198689	0.0287188	-0.0287314	-0.0634151
0.553818	-0.304541	0.198635	0.0288049	-0.0305576	-0.0599785
0.553845	-0.304569	0.198569	0.0286138	-0.0280742	-0.061027
0.553871	-0.304598	0.198509	0.0286993	-0.0288129	-0.0583704
0.553894	-0.304633	0.198447	0.0264222	-0.0311578	-0.0613301
0.553916	-0.304661	0.198378	0.0249573	-0.0310685	-0.0614517
0.553939	-0.304693	0.198314	0.0233611	-0.0334994	-0.0620582
0.553963	-0.304717	0.198244	0.0235721	-0.031345	-0.0632094
0.553986	-0.304745	0.198174	0.0232009	-0.0307987	-0.0653317
0.554008	-0.304776	0.198111	0.0224734	-0.0314988	-0.0638942
0.554033	-0.304807	0.198049	0.0221908	-0.032258	-0.0637386
0.554055	-0.304835	0.197986	0.0222958	-0.0314542	-0.0643892
0.554079	-0.304864	0.197919	0.0232136	-0.0297584	-0.0651523
0.554103	-0.304887	0.19785	0.022771	-0.0289423	-0.0662575
0.554121	-0.304917	0.197772	0.0226105	-0.028702	-0.0682433
0.554144	-0.304946	0.197707	0.0221975	-0.0275873	-0.0674918
0.554164	-0.304975	0.197636	0.0218804	-0.0296738	-0.0671861
0.554185	-0.304998	0.197565	0.0207582	-0.0279731	-0.0689711
0.554205	-0.305027	0.197495	0.0199536	-0.0295983	-0.0691861
0.55423	-0.305049	0.197429	0.0225548	-0.0262841	-0.0674519
0.554253	-0.305074	0.197358	0.0220378	-0.0258631	-0.0687394
0.554275	-0.305098	0.197291	0.0208035	-0.0259241	-0.0685126
0.554291	-0.305126	0.197213	0.0199268	-0.0263682	-0.0700903
0.554311	-0.305153	0.197138	0.0201754	-0.0256945	-0.0716538
0.554332	-0.305175	0.197071	0.0206179	-0.0241306	-0.0703911
0.554356	-0.305198	0.197	0.0212519	-0.0231508	-0.0715327
0.554373	-0.305222	0.196926	0.0192937	-0.0245265	-0.0728778
0.554418	-0.30527	0.196785	0.0204719	-0.0222109	-0.07506
0.554435	-0.305298	0.196716	0.0206283	-0.0235374	-0.0737819
0.55446	-0.305321	0.196645	0.0228514	-0.022457	-0.0725158
0.554479	-0.305351	0.196579	0.0209833	-0.0258637	-0.0697725
0.5545	-0.305375	0.196509	0.0222078	-0.0228158	-0.0698409
0.55452	-0.305401	0.196441	0.0205063	-0.0247971	-0.069126
0.55454	-0.305423	0.196374	0.0215847	-0.023968	-0.0686809
0.554558	-0.305455	0.196314	0.0203034	-0.0265061	-0.0659727
0.55458	-0.305479	0.196246	0.0203418	-0.026195	-0.0662074
0.5546	-0.305502	0.196181	0.0193723	-0.0254439	-0.0679688
0.554621	-0.30553	0.196116	0.0185151	-0.0262289	-0.0690046
0.554643	-0.305558	0.196058	0.0194165	-0.0277276	-0.0658981
0.554666	-0.30559	0.196004	0.0190742	-0.0288606	-0.0631982
0.554686	-0.305614	0.195939	0.0183218	-0.0273466	-0.0638737
0.554705	-0.305642	0.195879	0.0169548	-0.0269993	-0.0665341
0.554725	-0.305673	0.195822	0.017236	-0.0283914	-0.0631451
0.554746	-0.305698	0.195761	0.0179089	-0.0275208	-0.0624003
0.554767	-0.305727	0.195704	0.018742	-0.0286597	-0.060793
0.55478	-0.305756	0.195634	0.0181879	-0.027664	-0.0618557
0.554802	-0.305787	0.19558	0.0207597	-0.0296773	-0.0575989
0.554825	-0.305814	0.195524	0.0216024	-0.0298485	-0.0565499
0.554846	-0.305845	0.195468	0.021977	-0.0307014	-0.054997
0.554869	-0.305876	0.195416	0.0205401	-0.0330481	-0.0532809
0.554892	-0.305902	0.195361	0.0207235	-0.0313216	-0.0555088
0.554911	-0.305931	0.1953	0.0194164	-0.0310866	-0.0575533
0.554929	-0.30596	0.195241	0.0189074	-0.0311742	-0.0579055
0.55495	-0.305986	0.19518	0.0186831	-0.030658	-0.0586238
0.554972	-0.306017	0.195128	0.019495	-0.031491	-0.0548841
0.554992	-0.306042	0.19507	0.0192511	-0.0278994	-0.0575884
0.555012	-0.30607	0.195013	0.0199361	-0.027243	-0.0580253
0.555036	-0.306094	0.194957	0.0207801	-0.0271962	-0.0582979
0.555056	-0.306125	0.194899	0.0199828	-0.0297884	-0.0581981
0.555077	-0.306156	0.194849	0.0203363	-0.0314819	-0.0573707
0.555097	-0.306179	0.194785	0.0209877	-0.0278466	-0.0591934
0.555117	-0.306209	0.19473	0.0197874	-0.0292463	-0.0577659
0.555132	-0.306238	0.194669	0.0176116	-0.0294893	-0.0597577
0.555155	-0.306262	0.194614	0.0183997	-0.0291456	-0.0571452
0.555176	-0.306288	0.194555	0.0187202	-0.0293425	-0.0582659
0.555197	-0.306312	0.194504	0.0196957	-0.0270711	-0.0553166
0.555217	-0.306341	0.194445	0.0196444	-0.0293471	-0.055533
0.555238	-0.306368	0.194392	0.0206316	-0.0278433	-0.0551963
0.555259	-0.306394	0.194338	0.0207025	-0.0263224	-0.0557675
0.55528	-0.306424	0.194281	0.0216088	-0.0263541	-0.0557238
0.555301	-0.30645	0.194223	0.0209782	-0.0264688	-0.0563129
0.555322	-0.306471	0.194163	0.0198176	-0.0255781	-0.0577527
0.555338	-0.306497	0.194102	0.0183083	-0.0265801	-0.059741
0.555358	-0.306525	0.19405	0.0180205	-0.0277983	-0.0568016
0.555379	-0.306549	0.193989	0.0185955	-0.0271857	-0.0588105
0.5554	-0.306576	0.193938	0.0193645	-0.0260323	-0.057645
0.555417	-0.306602	0.193882	0.0190759	-0.0240192	-0.0574776
0.555436	-0.306629	0.193828	0.0198474	-0.0261222	-0.0548172
0.555452	-0.306657	0.193767	0.0178919	-0.0251017	-0.0573928
0.555471	-0.306686	0.193706	0.018912	-0.0250664	-0.0587433
0.55549	-0.306712	0.193654	0.0190843	-0.0226108	-0.0589706
0.555506	-0.306737	0.193597	0.0174457	-0.0228938	-0.0582512
0.555523	-0.306761	0.193542	0.0172763	-0.0238003	-0.0579886
0.555538	-0.306788	0.193485	0.0163017	-0.0252597	-0.0576678
0.555553	-0.306819	0.193433	0.0172601	-0.0280339	-0.0537714
0.555569	-0.306844	0.193376	0.0163654	-0.0283356	-0.0540569
0.555586	-0.306862	0.193322	0.0159085	-0.0259448	-0.0540815
0.555601	-0.306891	0.193269	0.0154876	-0.0269804	-0.0547798
0.555615	-0.306916	0.193205	0.015108	-0.0276662	-0.0555524
0.555631	-0.306942	0.193153	0.015784	-0.0257053	-0.0544972
0.555647	-0.306968	0.193096	0.0160689	-0.024088	-0.0556576
0.555664	-0.306997	0.193049	0.0171317	-0.0248548	-0.0527793
0.555681	-0.307016	0.192988	0.0164785	-0.0208419	-0.0576633
0.555695	-0.307045	0.192939	0.0155746	-0.0235938	-0.0538745
0.555709	-0.307067	0.192883	0.0148408	-0.025767	-0.0524512
0.555725	-0.307089	0.192822	0.0154495	-0.0266199	-0.0529239
0.555742	-0.307115	0.192776	0.0159624	-0.0273048	-0.0498818
0.555755	-0.307138	0.192711	0.0151435	-0.0246611	-0.0555314
0.555771	-0.307162	0.192663	0.0165634	-0.0239397	-0.0515244
0.555782	-0.307186	0.192606	0.0149041	-0.0248423	-0.0531977
0.555797	-0.30721	0.192549	0.0144363	-0.0250356	-0.0528684
0.555811	-0.307237	0.1925	0.0148584	-0.0264289	-0.0502465
0.555828	-0.307266	0.192457	0.0147562	-0.0256216	-0.0511016
0.555843	-0.307287	0.192404	0.0160709	-0.0231037	-0.0519766
0.555856	-0.307314	0.192355	0.0154262	-0.0253436	-0.0491707
0.55587	-0.307337	0.192302	0.0154762	-0.0235387	-0.0507823
0.555884	-0.307359	0.192252	0.0138395	-0.025844	-0.0497677
0.555897	-0.307383	0.192201	0.0137679	-0.0266611	-0.048675
0.55591	-0.307401	0.192148	0.0146802	-0.0222307	-0.0502551
0.555923	-0.307432	0.192103	0.0146176	-0.0240515	-0.0485164
0.555938	-0.307454	0.192051	0.0147428	-0.0218397	-0.0511333
0.555947	-0.307477	0.191999	0.0120913	-0.0199646	-0.0535321
0.555961	-0.307504	0.191955	0.0124759	-0.0230017	-0.0513382
0.555975	-0.307529	0.191908	0.0134109	-0.0241765	-0.0496405
0.555991	-0.30755	0.191864	0.0139021	-0.023082	-0.0481005
0.556003	-0.30758	0.191815	0.0127531	-0.0248275	-0.0488157
0.556018	-0.307602	0.191772	0.0136372	-0.0236259	-0.046808
0.556032	-0.307628	0.191724	0.0140775	-0.024944	-0.0442947
0.556042	-0.307651	0.191668	0.0117224	-0.0234147	-0.0502291
0.556053	-0.307678	0.191616	0.0128214	-0.0253199	-0.0483198
0.556067	-0.307708	0.191574	0.0126372	-0.0285971	-0.0463267
0.556081	-0.307733	0.191529	0.0143555	-0.0277251	-0.0445015
0.556096	-0.307756	0.191483	0.0137532	-0.0284306	-0.044244
0.556108	-0.307789	0.191438	0.0137189	-0.0301791	-0.04241
0.556121	-0.307811	0.191389	0.0141218	-0.0275418	-0.0436566
0.556136	-0.307839	0.191346	0.0133664	-0.0277527	-0.0443389
0.556151	-0.307865	0.191298	0.0143098	-0.028031	-0.0443699
0.556166	-0.307893	0.191253	0.0141897	-0.0285131	-0.0445463
0.556183	-0.307919	0.191206	0.0161082	-0.0270368	-0.0443977
0.556199	-0.307948	0.191166	0.0165289	-0.0266582	-0.0427897
0.556217	-0.307971	0.191121	0.0170326	-0.0236188	-0.0437175
0.556234	-0.307997	0.191075	0.0181917	-0.0257928	-0.0411898
0.55625	-0.308019	0.191031	0.0164375	-0.024947	-0.0432574
0.556263	-0.308048	0.190988	0.0155054	-0.0251316	-0.0423994
0.556281	-0.308073	0.190949	0.0165051	-0.0257446	-0.0420453
0.556294	-0.308101	0.190905	0.0155284	-0.0248438	-0.0437465
0.556313	-0.308128	0.190865	0.0167381	-0.0239434	-0.0425556
0.556329	-0.308147	0.190822	0.0156134	-0.0223658	-0.0446385
0.556342	-0.30818	0.190783	0.0146195	-0.0260656	-0.043304
0.556359	-0.308201	0.190736	0.0143812	-0.0234434	-0.0485746
0.556379	-0.30823	0.190705	0.0160437	-0.0256865	-0.0437455
0.556391	-0.308257	0.190655	0.0141147	-0.0266551	-0.0463364
0.556405	-0.308285	0.190617	0.0129926	-0.0289994	-0.0437621
0.556424	-0.30831	0.190582	0.0145787	-0.0280135	-0.0403929
0.556435	-0.308339	0.190534	0.013872	-0.0288455	-0.0432587
0.556451	-0.308363	0.190501	0.0151495	-0.027866	-0.0393136
0.556466	-0.308391	0.190457	0.0169404	-0.0267271	-0.0389876
0.556481	-0.30842	0.190424	0.0162114	-0.0269051	-0.0370337
0.556498	-0.308447	0.190387	0.016352	-0.0266921	-0.0370549
0.556509	-0.308475	0.190339	0.0149404	-0.0271192	-0.042007
0.556522	-0.308502	0.190298	0.015658	-0.0275871	-0.0400802
0.556539	-0.308529	0.190262	0.0147737	-0.0289192	-0.0378571
0.556554	-0.308555	0.190219	0.0154228	-0.026024	-0.0406645
0.556572	-0.308586	0.190185	0.0167474	-0.0258851	-0.0399349
0.556586	-0.30861	0.190139	0.015326	-0.0243742	-0.0426722
0.556599	-0.308642	0.190098	0.015793	-0.0247202	-0.0415569
0.556614	-0.308667	0.190061	0.0150446	-0.0245344	-0.0393895
0.556629	-0.308697	0.190022	0.0143001	-0.0256655	-0.0418056
0.556643	-0.308726	0.189986	0.0144504	-0.026895	-0.0408671
0.556658	-0.308752	0.189944	0.0145668	-0.0270718	-0.0412712
0.556673	-0.308778	0.18991	0.015148	-0.0252032	-0.039518
0.556687	-0.308807	0.189874	0.0144534	-0.026091	-0.039558
0.556696	-0.308837	0.189826	0.0134391	-0.0277514	-0.0433831
0.556709	-0.308865	0.189788	0.0134758	-0.0272282	-0.0419177
0.556726	-0.308886	0.189751	0.0130648	-0.0253399	-0.0431075
0.556742	-0.308915	0.189718	0.014591	-0.0249591	-0.0408295
0.556756	-0.308937	0.189674	0.0136468	-0.0230282	-0.0441735
0.55677	-0.308967	0.18964	0.014248	-0.0227952	-0.0424823
0.556775	-0.309	0.1896	0.010363	-0.0250007	-0.044636
0.556791	-0.309017	0.189565	0.0125745	-0.0228033	-0.0402368
0.556803	-0.309045	0.189528	0.0109568	-0.0234408	-0.0425351
0.556814	-0.30907	0.189494	0.0112986	-0.0234967	-0.0396311
0.556822	-0.309102	0.189453	0.0102983	-0.0254652	-0.0414926
0.556834	-0.309127	0.189414	0.0109321	-0.0249597	-0.0419892
0.556845	-0.309155	0.189381	0.0105352	-0.0248353	-0.0411121
0.556857	-0.309179	0.189346	0.010157	-0.0256094	-0.0408506
0.556865	-0.309208	0.189306	0.00957382	-0.0266588	-0.0395937
0.556875	-0.309235	0.18927	0.00923993	-0.0274862	-0.0380252
0.556887	-0.309262	0.189231	0.0102967	-0.0266392	-0.038667
0.556894	-0.309292	0.18919	0.0106714	-0.0279284	-0.0374842
0.556909	-0.309321	0.189165	0.0118852	-0.0296379	-0.033111
0.55692	-0.309348	0.189129	0.00995114	-0.0312102	-0.0348054
0.556929	-0.309376	0.189098	0.009902	-0.0296904	-0.0326289
0.556936	-0.309406	0.189057	0.00794367	-0.0302366	-0.0363245
0.556946	-0.309432	0.189027	0.00943132	-0.0289142	-0.032402
0.556953	-0.309461	0.188989	0.00666556	-0.0312684	-0.0354126
0.556962	-0.30949	0.188957	0.00710928	-0.0293478	-0.0356504
0.556969	-0.309522	0.188922	0.00805888	-0.0296727	-0.0336846
0.556977	-0.309547	0.188881	0.00788428	-0.0283176	-0.0378603
0.556983	-0.309578	0.188847	0.00588913	-0.0295351	-0.0391237
0.556991	-0.309609	0.188814	0.00712248	-0.0285028	-0.0353659
0.556998	-0.309635	0.188775	0.00673841	-0.0287116	-0.0380947
0.557007	-0.309664	0.188745	0.00506171	-0.0308977	-0.0370044
0.557015	-0.309692	0.188711	0.00577485	-0.0313322	-0.0354667
0.557023	-0.309724	0.188681	0.00487552	-0.0322897	-0.0357867
0.557034	-0.309749	0.188653	0.00615212	-0.0284832	-0.0345437
0.557044	-0.309779	0.188624	0.00860627	-0.027893	-0.0326336
0.557052	-0.309808	0.188593	0.00710478	-0.0291597	-0.0325989
0.557057	-0.309839	0.18856	0.00627807	-0.0324515	-0.0300476
0.557067	-0.309867	0.188532	0.00687033	-0.0318431	-0.031085
0.557071	-0.309899	0.188497	0.00566214	-0.0326209	-0.0321563
0.557078	-0.309924	0.188462	0.00523833	-0.0306666	-0.0338836
0.557083	-0.309955	0.188429	0.00615278	-0.0298577	-0.0317177
0.557091	-0.309984	0.188405	0.00759134	-0.0288789	-0.0288242
0.557093	-0.310017	0.188362	0.00672272	-0.0283416	-0.0331067
0.557101	-0.310042	0.18833	0.00742836	-0.0283895	-0.0306156
0.557107	-0.310073	0.188299	0.00594887	-0.0308947	-0.0318165
0.557111	-0.310101	0.188265	0.00561487	-0.0303401	-0.0325083
0.557118	-0.31013	0.188236	0.00492312	-0.0296617	-0.0327094
0.557122	-0.31016	0.188202	0.0050342	-0.0301983	-0.0321279
0.557126	-0.310196	0.188178	0.00505076	-0.031955	-0.0286003
0.557135	-0.310225	0.188151	0.0071001	-0.0317229	-0.0258659
0.557141	-0.310256	0.188122	0.00703056	-0.0311374	-0.0256213
0.557144	-0.310288	0.18809	0.00519161	-0.0304496	-0.0280589
0.557146	-0.310321	0.188059	0.00352431	-0.0332689	-0.0299262
0.55715	-0.310353	0.188025	0.00244439	-0.0324525	-0.0331097
0.557157	-0.310381	0.187998	0.00406703	-0.0296199	-0.0309769
0.557159	-0.310408	0.187964	0.00357484	-0.0288874	-0.0331749
0.557165	-0.310444	0.187936	0.00246296	-0.0323102	-0.0333689
0.557168	-0.310472	0.187907	0.00158381	-0.0319566	-0.0322889
0.557173	-0.310503	0.18788	0.00299123	-0.0321784	-0.0294093
0.557175	-0.310536	0.187851	0.00338313	-0.0325011	-0.02867
0.557179	-0.310566	0.187818	0.00347651	-0.0313037	-0.0303355
0.557184	-0.310597	0.187794	0.00384471	-0.0313857	-0.0279726
0.557186	-0.310632	0.18777	0.0045921	-0.0329834	-0.0240695
0.557189	-0.310663	0.187739	0.00412886	-0.0320131	-0.0255548
0.557192	-0.310695	0.187718	0.00438524	-0.032034	-0.0242732
0.557195	-0.31073	0.187691	0.00341685	-0.034241	-0.0242367
0.5572	-0.310759	0.187668	0.00477184	-0.0320053	-0.0208443
0.557201	-0.310795	0.18764	0.00410869	-0.0335446	-0.0219318
0.557211	-0.310891	0.187569	0.00351311	-0.0305682	-0.0246172
0.557214	-0.31092	0.187545	0.00366725	-0.0291962	-0.0246524
0.557216	-0.310956	0.187523	0.00275997	-0.0322123	-0.0224389
0.557213	-0.31099	0.187491	0.00148002	-0.0320764	-0.0258701
0.557218	-0.311022	0.187471	0.00307014	-0.0309675	-0.02313
0.557219	-0.311057	0.187449	0.00212291	-0.0322524	-0.0244819
0.557221	-0.311084	0.187422	0.00447051	-0.0264927	-0.0240773
0.557223	-0.311119	0.1874	0.00180018	-0.0283606	-0.0273953
0.557224	-0.311155	0.187379	-1.60029e-05	-0.0312988	-0.0270072
0.557225	-0.311193	0.187359	-0.00104436	-0.0335265	-0.0259465
0.557229	-0.311221	0.187332	0.00179914	-0.0316528	-0.0258318
0.55723	-0.311253	0.187311	-0.0011286	-0.036236	-0.0256232
0.55723	-0.31129	0.187289	-0.00211855	-0.0372385	-0.0239587
0.557232	-0.311327	0.187269	-0.00148426	-0.0357033	-0.0242763
0.557237	-0.31136	0.187253	0.000955462	-0.0344406	-0.0217563
0.557238	-0.31139	0.187225	0.00144779	-0.0326158	-0.023467
0.55724	-0.311428	0.187205	0.000598789	-0.0350434	-0.0248911
0.557238	-0.311462	0.187179	-0.000365174	-0.0357601	-0.0248136
0.557242	-0.311494	0.187163	0.000921742	-0.0329734	-0.0232058
0.557239	-0.311535	0.187138	-0.000168748	-0.03403	-0.0248066
0.55724	-0.311566	0.187115	0.000410287	-0.0320234	-0.0236532
0.55724	-0.311601	0.187093	-0.000305409	-0.0330971	-0.0240029
0.557237	-0.311638	0.187069	-0.00140742	-0.0330467	-0.0256389
0.557238	-0.31167	0.18705	0.000115477	-0.0317137	-0.0243964
0.557235	-0.311704	0.187023	-0.000105248	-0.0311319	-0.024618
0.557236	-0.311739	0.187004	0.00177027	-0.0321794	-0.0205753
0.557237	-0.311768	0.186982	0.000760065	-0.0317498	-0.0224581
0.557237	-0.311795	0.186957	0.000161927	-0.0333757	-0.021637
0.557234	-0.311834	0.186934	0.00062023	-0.0345389	-0.0202
0.557236	-0.311868	0.186916	0.000142779	-0.0343652	-0.019913
0.557233	-0.3119	0.186892	-0.00131791	-0.0349664	-0.0203414
0.557233	-0.311935	0.186876	0.000924894	-0.0345711	-0.0170703
0.557232	-0.31197	0.186854	0.00275588	-0.031977	-0.0171537
0.557236	-0.311999	0.186837	0.00357999	-0.0299357	-0.0169189
0.557235	-0.312033	0.186816	0.00299371	-0.0299597	-0.016389
0.557233	-0.312072	0.186798	0.00118918	-0.0325483	-0.0164804
0.557232	-0.312111	0.186784	-0.000267428	-0.0344214	-0.0175914
0.557236	-0.312139	0.186762	0.000441436	-0.0322107	-0.0191813
0.557236	-0.312173	0.186746	-0.00101828	-0.0323443	-0.0193468
0.557232	-0.312216	0.186724	-0.00117946	-0.0339777	-0.0198004
0.557228	-0.312253	0.1867	-0.0015218	-0.0349732	-0.0187844
0.55723	-0.312282	0.186683	-0.000837716	-0.0337116	-0.0173824
0.557227	-0.31232	0.186662	-0.00127218	-0.0357786	-0.0191047
0.557227	-0.312356	0.186646	0.000799749	-0.0339634	-0.0186912
0.557223	-0.312394	0.186625	-0.000823384	-0.0354452	-0.0191984
0.55722	-0.312426	0.186597	-0.00171488	-0.0344278	-0.0225513
0.557221	-0.312459	0.186584	0.000400186	-0.032577	-0.0177914
0.557221	-0.312495	0.186565	-0.000126082	-0.0342125	-0.0184988
0.557219	-0.31253	0.186544	-0.00217202	-0.0339066	-0.0211842
0.557217	-0.312566	0.186528	-0.00157333	-0.0348814	-0.0177823
0.557216	-0.312601	0.18651	-0.00206893	-0.0344838	-0.018134
0.557215	-0.31264	0.186501	-0.00167456	-0.0360191	-0.0155062
0.557207	-0.312679	0.186477	-0.00442832	-0.0365278	-0.019382
0.557207	-0.312713	0.186463	-0.00499738	-0.0373863	-0.0176729
0.557205	-0.312752	0.18645	-0.00387614	-0.0373196	-0.0167469
0.557202	-0.312788	0.186434	-0.00250296	-0.0363415	-0.0153028
0.557198	-0.31283	0.186422	-0.00422368	-0.0366781	-0.0172575
0.557199	-0.312866	0.18641	-0.00296101	-0.0364095	-0.0174775
0.557199	-0.312897	0.186392	-0.00233399	-0.0347743	-0.018031
0.557196	-0.31294	0.186383	-0.00144764	-0.0379	-0.0134652
0.557194	-0.312976	0.186369	-0.00146532	-0.0370881	-0.0138078
0.557193	-0.313015	0.186361	-0.00150871	-0.0368904	-0.0120244
0.557191	-0.313049	0.186346	-0.00100128	-0.0358867	-0.01211
0.557189	-0.313084	0.186327	-0.00261215	-0.0364492	-0.0151068
0.557184	-0.313125	0.186312	-0.00148378	-0.0387139	-0.0107157
0.557182	-0.313154	0.186296	-0.00209958	-0.0350412	-0.0127677
0.557181	-0.313193	0.186287	-0.002293	-0.0355104	-0.0134204
0.557179	-0.313228	0.186273	-0.00217566	-0.0346191	-0.0138159
0.557171	-0.313269	0.186252	-0.00363421	-0.036444	-0.0166678
0.557168	-0.313305	0.186239	-0.00400932	-0.0375985	-0.0138035
0.557165	-0.313341	0.186224	-0.00457696	-0.0378529	-0.014208
0.557161	-0.313376	0.186207	-0.00440556	-0.036746	-0.0135494
0.557156	-0.313415	0.186195	-0.00318007	-0.03555	-0.0141296
0.55715	-0.313456	0.186181	-0.00288989	-0.0365647	-0.0118968
0.55715	-0.31349	0.186169	-0.000570117	-0.0359714	-0.0083548
0.557145	-0.313526	0.186156	-0.00252854	-0.0377042	-0.00967282
0.55714	-0.313566	0.186144	-0.00375752	-0.0380871	-0.0113388
0.557135	-0.313606	0.186132	-0.00374733	-0.0411287	-0.00875549
0.557135	-0.313636	0.186123	-0.0022047	-0.0377747	-0.00743324
0.55713	-0.313677	0.18611	-0.00203522	-0.0391367	-0.00671897
0.557125	-0.313715	0.186099	-0.00384442	-0.0396139	-0.0089116
0.557121	-0.313752	0.186086	-0.00505441	-0.0394694	-0.00972074
0.557119	-0.31379	0.186082	-0.00212988	-0.0379199	-0.00594217
0.557112	-0.313832	0.186069	-0.00467791	-0.0404954	-0.00754088
0.557108	-0.31387	0.186061	-0.00497032	-0.0405037	-0.00868243
0.557103	-0.31391	0.186052	-0.00548956	-0.0411474	-0.00837352
0.557098	-0.313949	0.186045	-0.004787	-0.0399485	-0.00772353
0.557091	-0.313989	0.186033	-0.00609254	-0.0400491	-0.0107727
0.557087	-0.314025	0.186028	-0.00448864	-0.0381662	-0.00877765
0.557083	-0.314062	0.186018	-0.00363037	-0.0373662	-0.00717112
0.557075	-0.314105	0.186007	-0.00589713	-0.0397888	-0.0101584
0.557075	-0.31414	0.186006	-0.0030056	-0.036479	-0.00739047
0.557066	-0.314183	0.185996	-0.00522059	-0.0372159	-0.00809756
0.55706	-0.314221	0.185988	-0.00513449	-0.0386231	-0.0065209
0.557061	-0.314248	0.185979	-0.00477101	-0.0354265	-0.0091438
0.557055	-0.314292	0.185976	-0.00478525	-0.0377038	-0.00711525
0.557048	-0.314331	0.185969	-0.00577875	-0.0370564	-0.00724617
0.557046	-0.314366	0.185963	-0.00545059	-0.0375702	-0.00572691
0.557037	-0.31441	0.185956	-0.00627202	-0.0405515	-0.00429868
0.557032	-0.314448	0.185948	-0.00559453	-0.0393575	-0.00573093
0.557025	-0.314485	0.18594	-0.00545445	-0.0374424	-0.00572713
0.557018	-0.314523	0.185938	-0.00548384	-0.0368311	-0.00409265
0.557012	-0.314562	0.185928	-0.00549645	-0.0387353	-0.00392239
0.557005	-0.314607	0.18593	-0.0046863	-0.0399712	-0.00219949
0.556998	-0.314641	0.18592	-0.00410572	-0.037615	-0.00360144
0.556992	-0.314682	0.185915	-0.00449087	-0.038192	-0.00367674
0.556989	-0.314717	0.185916	-0.00239777	-0.0366942	-0.00107366
0.55698	-0.31476	0.18591	-0.00530185	-0.0370069	-0.0040498
0.556972	-0.314794	0.1859	-0.00485193	-0.0358892	-0.00444952
0.556971	-0.314832	0.185904	-0.00277745	-0.0361282	0.000290399
0.556961	-0.314869	0.185897	-0.00492242	-0.0349403	-0.00277654
0.556954	-0.31491	0.185895	-0.00268526	-0.0367651	0.00032808
0.556948	-0.31495	0.185894	-0.0020481	-0.0378121	0.00272757
0.556943	-0.314986	0.185892	-0.00245762	-0.0357965	0.00114562
0.556935	-0.315031	0.185896	-0.00417765	-0.0391755	0.00157349
0.556929	-0.315068	0.185891	-0.00384641	-0.036942	-0.000921432
0.556921	-0.315107	0.185891	-0.00642795	-0.0370902	-0.00353
0.556908	-0.31515	0.185884	-0.00958703	-0.0387617	-0.00683054
0.556903	-0.315186	0.185881	-0.00976099	-0.0383011	-0.00719133
0.556894	-0.315226	0.185883	-0.00955761	-0.0374261	-0.00599968
0.556887	-0.315257	0.185872	-0.00810247	-0.0367909	-0.00630079
0.55688	-0.315298	0.185877	-0.00797336	-0.0390649	-0.00297906
0.556874	-0.315335	0.18588	-0.00779355	-0.0370645	-0.00346282
0.556864	-0.315369	0.185867	-0.00869916	-0.0373136	-0.00742703
0.556855	-0.315408	0.185868	-0.00862091	-0.0387532	-0.00420875
0.556843	-0.315449	0.185862	-0.010803	-0.0426615	-0.00384734
0.556838	-0.315483	0.185866	-0.00922766	-0.0416771	-0.000769505
0.556832	-0.315518	0.185866	-0.00821067	-0.0408833	0.000383386
0.556822	-0.315552	0.185858	-0.00918002	-0.0395093	-0.00211809
0.556809	-0.315598	0.185858	-0.0125404	-0.0427465	-0.00211216
0.556803	-0.315633	0.185864	-0.0112667	-0.0412851	-6.70592e-06
0.556793	-0.315669	0.185857	-0.00959131	-0.0389924	-0.00074187
0.556783	-0.315712	0.18586	-0.00972394	-0.0393075	-0.00163936
0.556776	-0.315743	0.185856	-0.00965673	-0.0353761	-0.00366575
0.556767	-0.315777	0.185854	-0.00925984	-0.0340517	-0.00504714
0.556758	-0.315813	0.185851	-0.00858276	-0.0348273	-0.00230769
0.556749	-0.315848	0.185854	-0.00804116	-0.0339931	-0.00058765
0.556738	-0.315882	0.185847	-0.0103286	-0.03482	-0.00386751
0.55673	-0.315917	0.185846	-0.0105579	-0.0360883	-0.00317111
0.556722	-0.315952	0.185846	-0.00809992	-0.0352343	0.00045209
0.556715	-0.315986	0.185848	-0.00779849	-0.0349577	0.00112748
0.556704	-0.316024	0.185846	-0.00813852	-0.0358498	0.00100244
0.556696	-0.31606	0.185849	-0.00747086	-0.0347688	0.00164791
0.556683	-0.316097	0.185844	-0.00976919	-0.0367817	-0.00133955
0.556674	-0.316133	0.185846	-0.00962697	-0.0355351	-0.00241219
0.556667	-0.316166	0.185849	-0.00818317	-0.0341163	0.000641239
0.556657	-0.316203	0.185849	-0.00868152	-0.0350712	0.000104159
0.556648	-0.316236	0.185847	-0.00876685	-0.0335653	-0.00166109
0.55664	-0.316269	0.185848	-0.00947622	-0.0328695	-0.0028663
0.55663	-0.316302	0.185846	-0.0103163	-0.0321681	-0.00415095
0.556621	-0.316338	0.185846	-0.00942142	-0.0308856	-0.00456576
0.556611	-0.316365	0.185843	-0.0105754	-0.0308347	-0.00401197
0.556601	-0.316403	0.185845	-0.00905853	-0.03341	-0.0010465
0.556591	-0.316437	0.185846	-0.00942276	-0.0347534	-0.00107597
0.556585	-0.316466	0.185846	-0.00812277	-0.0335377	0.00174588
0.556572	-0.3165	0.185845	-0.00929917	-0.0359661	0.00262904
0.556565	-0.316531	0.185849	-0.00988868	-0.0369703	0.0039972
0.556553	-0.31656	0.185845	-0.0110524	-0.0342608	-0.000421388
0.556543	-0.316592	0.185845	-0.0124419	-0.0348181	-0.0012612
0.556528	-0.31663	0.185841	-0.0140708	-0.0361682	-0.00428395
0.556523	-0.316657	0.185849	-0.0107943	-0.0321496	-0.00299466
0.55651	-0.316688	0.185847	-0.0114382	-0.0299459	-0.0037704
0.556497	-0.316723	0.185847	-0.00960856	-0.028099	-0.0030239
0.556484	-0.316754	0.185849	-0.0087326	-0.0264434	-0.000995622
0.556473	-0.316786	0.185849	-0.00926827	-0.0290861	-0.000323962
0.556465	-0.316813	0.185853	-0.00932396	-0.028365	2.03627e-06
0.556456	-0.316841	0.185856	-0.00964869	-0.0277828	-0.000562065
0.556439	-0.316875	0.18585	-0.010809	-0.028613	-0.00207667
0.556429	-0.316908	0.185857	-0.0108954	-0.0298667	0.000214981
0.556412	-0.316938	0.185854	-0.0130731	-0.0300868	-0.00188713
0.556405	-0.316966	0.185857	-0.0119658	-0.0288405	0.000175743
0.556393	-0.316993	0.185859	-0.0123537	-0.0284151	-0.000493777
0.556383	-0.317023	0.185859	-0.0122358	-0.0288869	-0.00110183
0.556368	-0.317054	0.185857	-0.0134448	-0.0306508	-3.93418e-05
0.556358	-0.31708	0.185864	-0.0116308	-0.0299619	0.00404798
0.556341	-0.317115	0.185857	-0.01354	-0.0316588	-2.54554e-06
0.556331	-0.317141	0.185862	-0.0125107	-0.0299762	0.00143473
0.556313	-0.317174	0.185853	-0.0139018	-0.0310608	-0.000923549
0.556308	-0.317201	0.185865	-0.011124	-0.0294586	0.00284323
0.556293	-0.317231	0.185862	-0.0125777	-0.0273975	-0.00103462
0.556281	-0.317257	0.185859	-0.0126444	-0.0272734	-0.00218376
0.556269	-0.317284	0.185862	-0.0129488	-0.0266326	-0.000406665
0.556254	-0.317314	0.185861	-0.0136223	-0.0284884	0.000516241
0.556245	-0.317338	0.185863	-0.0124718	-0.027939	0.000311677
0.556234	-0.317361	0.185862	-0.0113896	-0.0254431	0.000701827
0.55622	-0.317389	0.185858	-0.0133617	-0.0264655	-0.00285913
0.556205	-0.317415	0.185857	-0.0127483	-0.0252868	-0.0012666
0.556192	-0.317443	0.18586	-0.0129291	-0.0277649	0.00150829
0.55618	-0.317467	0.185855	-0.0121461	-0.0272998	0.000963605
0.556165	-0.317496	0.18586	-0.0137902	-0.0281612	0.000325774
0.556155	-0.317514	0.185855	-0.0135535	-0.0259104	-0.0015561
0.55614	-0.317544	0.185854	-0.0142205	-0.0269197	-0.0013906
0.556128	-0.317568	0.185858	-0.014212	-0.0267411	0.000587168
0.556117	-0.317587	0.185854	-0.0128509	-0.0260565	0.000702537
0.556102	-0.317617	0.185859	-0.0133059	-0.0266429	0.00179841
0.556091	-0.317638	0.185857	-0.011908	-0.0236463	0.00101806
0.556074	-0.317667	0.185857	-0.0138665	-0.0262961	0.000686919
0.556061	-0.317691	0.185859	-0.0142804	-0.0267674	0.00111826
0.556045	-0.317714	0.185854	-0.01488	-0.0261688	-0.00074633
0.556034	-0.317738	0.185859	-0.0136733	-0.0252531	0.00105277
0.556019	-0.317762	0.185859	-0.0137162	-0.0265122	0.00170814
0.556006	-0.317783	0.185857	-0.0143099	-0.0261434	0.000377165
0.555995	-0.317804	0.185856	-0.0130624	-0.0239592	-1.90925e-06
0.55598	-0.317825	0.185852	-0.0129083	-0.022649	-0.000801427
0.555963	-0.317851	0.185852	-0.0149065	-0.0254066	-8.41185e-05
0.555952	-0.317874	0.185856	-0.0132795	-0.0241358	0.00154456
0.555938	-0.317893	0.185848	-0.0148872	-0.0205594	-0.0040438
0.555924	-0.317918	0.185845	-0.0143767	-0.0211382	-0.00380051
0.555908	-0.317942	0.185843	-0.0157996	-0.0236439	-0.00282582
0.555897	-0.317966	0.185847	-0.0139661	-0.0232539	-0.000645489
0.555884	-0.317988	0.185847	-0.0133683	-0.0227354	8.61584e-05
0.555872	-0.318004	0.185841	-0.0126777	-0.0204576	-0.00147441
0.55586	-0.318027	0.185845	-0.0122819	-0.0208545	0.000159402
0.555845	-0.318051	0.185842	-0.0119626	-0.0201065	-0.000563375
0.55583	-0.318074	0.18584	-0.0134649	-0.0216257	-0.0011214
0.555815	-0.318103	0.185845	-0.0136958	-0.0238173	0.000711211
0.555803	-0.318118	0.185836	-0.0129438	-0.0203098	-0.00204162
0.555792	-0.318141	0.185839	-0.0121167	-0.0210396	-0.000572366
0.555778	-0.318162	0.185839	-0.0127189	-0.0213161	2.63466e-05
0.555768	-0.31818	0.185842	-0.0118238	-0.0209327	0.00096603
0.555756	-0.318203	0.185841	-0.012001	-0.0215996	0.00043514
0.555742	-0.318227	0.185841	-0.0126446	-0.0224394	0.000261653
0.555733	-0.318241	0.185842	-0.0119434	-0.0194531	0.000179686
0.55572	-0.318264	0.185841	-0.0137359	-0.0226353	-0.000576647
0.555709	-0.318281	0.185838	-0.0131302	-0.0214898	-0.00110243
0.555698	-0.318297	0.185837	-0.0134661	-0.0214237	-0.000850589
0.555687	-0.318319	0.185841	-0.0130271	-0.0222783	0.000370218
0.555675	-0.318338	0.185834	-0.0126763	-0.0212667	-0.0018204
0.555661	-0.318366	0.185841	-0.0135973	-0.0233166	-0.000918564
0.555652	-0.318378	0.185833	-0.0124978	-0.0202991	-0.00312363
0.555644	-0.318393	0.185834	-0.0117628	-0.0196697	-0.00162685
0.55563	-0.318413	0.185831	-0.0135747	-0.021895	-0.00186446
0.55562	-0.318431	0.18583	-0.0124529	-0.0214124	-0.00126373
0.555607	-0.318448	0.185824	-0.0133828	-0.0215121	-0.00219268
0.555596	-0.318467	0.185828	-0.012672	-0.0216708	0.000249394
0.555589	-0.318483	0.185825	-0.010733	-0.0209753	-5.15635e-05
0.555573	-0.318505	0.185823	-0.0126448	-0.0226773	-0.000190521
0.555564	-0.318521	0.185819	-0.0119078	-0.0210931	-0.00151289
0.555555	-0.318536	0.18582	-0.0102722	-0.0178218	-0.00174149
0.555543	-0.318556	0.18582	-0.0115072	-0.0195841	-0.00112258
0.555529	-0.318577	0.185814	-0.0116774	-0.0196803	-0.00194117
0.55552	-0.318593	0.185817	-0.0112214	-0.0195349	-0.000232997
0.555507	-0.318609	0.18581	-0.0128095	-0.0187672	-0.00303594
0.555496	-0.318627	0.185808	-0.0124916	-0.0193453	-0.00209632
0.555485	-0.318646	0.185808	-0.0125067	-0.0203725	-0.000890061
0.555477	-0.318658	0.185806	-0.0115597	-0.0164387	-0.00252407
0.555467	-0.318671	0.185804	-0.0111663	-0.0166135	-0.000998473
0.555452	-0.318695	0.185798	-0.0119883	-0.018626	-0.00222949
0.555443	-0.318707	0.185794	-0.0124914	-0.0169771	-0.00489922
0.555436	-0.318726	0.185803	-0.0105311	-0.0168746	-0.000254405
0.555423	-0.318744	0.185794	-0.0120857	-0.0161056	-0.00571684
0.555414	-0.318754	0.185792	-0.0113305	-0.0132727	-0.00674598
0.555402	-0.318774	0.185791	-0.0114882	-0.0167286	-0.00422492
0.55539	-0.318786	0.185783	-0.0113152	-0.0148091	-0.00491723
0.55538	-0.318805	0.185785	-0.0112663	-0.0179176	-0.00172045
0.555373	-0.318817	0.185779	-0.00933518	-0.013147	-0.0040225
0.555364	-0.318828	0.18578	-0.00898131	-0.0127282	-0.00191245
0.555351	-0.318849	0.185779	-0.00990065	-0.0152638	-0.000919618
0.55534	-0.318864	0.185772	-0.0110785	-0.0160583	-0.0045239
0.555332	-0.318874	0.185768	-0.00843034	-0.012387	-0.003136
0.555322	-0.31889	0.185766	-0.00837692	-0.0128459	-0.00231267
0.55531	-0.318908	0.185761	-0.0100713	-0.0157046	-0.0020288
0.555304	-0.318922	0.185765	-0.00969158	-0.0144144	-0.00226376
0.555293	-0.318936	0.185757	-0.00831467	-0.0118756	-0.00344912
0.555281	-0.318951	0.185753	-0.0106647	-0.0123161	-0.00597888
0.555268	-0.318969	0.185745	-0.0108625	-0.0134169	-0.00731438
0.555261	-0.318981	0.185746	-0.00927288	-0.0126206	-0.00418996
0.555251	-0.318994	0.18574	-0.00912208	-0.0121258	-0.0056641
0.55524	-0.319008	0.185735	-0.0110586	-0.0141579	-0.00701506
0.55523	-0.319024	0.185729	-0.0114672	-0.0163693	-0.00709639
0.555223	-0.319034	0.185729	-0.0113095	-0.0156245	-0.00469438
0.555215	-0.319047	0.185726	-0.0109146	-0.0150155	-0.00560532
0.555206	-0.319062	0.185724	-0.0106349	-0.0152916	-0.00542966
0.555192	-0.319078	0.185714	-0.0110366	-0.0156023	-0.00569916
0.555187	-0.319089	0.185716	-0.00906522	-0.0143658	-0.0026648
0.555178	-0.3191	0.18571	-0.00991342	-0.0153166	-0.00251285
0.55517	-0.319114	0.185702	-0.00969669	-0.0148274	-0.00549014
0.555157	-0.319129	0.1857	-0.00969176	-0.014007	-0.00455202
0.555147	-0.319143	0.185692	-0.0101273	-0.0139435	-0.00671969
0.555139	-0.319154	0.185686	-0.00909109	-0.0127754	-0.00701031
0.555132	-0.319167	0.185686	-0.00889606	-0.0129517	-0.00561184
0.555121	-0.319177	0.185675	-0.0106237	-0.0119779	-0.00954581
0.555112	-0.319192	0.185673	-0.0097392	-0.0131167	-0.00613721
0.555104	-0.319203	0.185671	-0.010046	-0.0121397	-0.00502157
0.555096	-0.319212	0.185659	-0.0114188	-0.0135064	-0.00656355
0.555086	-0.319223	0.185657	-0.0116515	-0.0129797	-0.00600804
0.55508	-0.319236	0.185649	-0.00998987	-0.0136499	-0.00537011
0.555072	-0.319244	0.185643	-0.0096494	-0.0123066	-0.00633141
0.555061	-0.319258	0.185639	-0.0102547	-0.0143696	-0.00390269
0.55505	-0.319267	0.185627	-0.010349	-0.0136394	-0.00478459
0.555042	-0.319285	0.185628	-0.00946483	-0.015912	-0.0012557
0.555034	-0.319293	0.185619	-0.00959208	-0.0135062	-0.00281325
0.555024	-0.319308	0.185614	-0.0100392	-0.014377	-0.00366552
0.555017	-0.319318	0.18561	-0.00912387	-0.013818	-0.00213063
0.555008	-0.319325	0.1856	-0.00942997	-0.0120004	-0.00658248
0.555001	-0.31934	0.185595	-0.00885888	-0.013481	-0.00418812
0.554992	-0.319351	0.185593	-0.00847427	-0.0137699	-0.0019746
0.554981	-0.319361	0.185577	-0.00978642	-0.0128531	-0.0066836
0.554973	-0.319374	0.185575	-0.00909739	-0.013162	-0.00541187
0.554962	-0.319387	0.185564	-0.0110399	-0.0149951	-0.00761457
0.554954	-0.319401	0.185557	-0.0103572	-0.0151201	-0.00748636
0.554946	-0.319407	0.185549	-0.00932612	-0.0119996	-0.0076515
0.554938	-0.31942	0.185543	-0.00808841	-0.0106577	-0.0073382
0.55493	-0.31943	0.185537	-0.00754445	-0.0108314	-0.00490213
0.554922	-0.319438	0.185527	-0.00765702	-0.00908027	-0.00563837
0.554913	-0.319451	0.18552	-0.00868104	-0.0110253	-0.0062511
0.554902	-0.31946	0.185508	-0.00988627	-0.0108588	-0.00938839
0.554893	-0.319475	0.185502	-0.00971586	-0.0120439	-0.00861244
0.554885	-0.319484	0.185493	-0.00864724	-0.0122207	-0.00599212
0.554878	-0.319492	0.18549	-0.00889779	-0.011738	-0.00661407
0.554869	-0.319502	0.18548	-0.00794255	-0.0104057	-0.00738663
0.55486	-0.31951	0.185468	-0.00777497	-0.0090736	-0.00849652
0.554854	-0.319519	0.185457	-0.0075699	-0.00744815	-0.010056
0.554842	-0.31953	0.185447	-0.00927593	-0.0094317	-0.00948177
0.554837	-0.319537	0.185442	-0.00768175	-0.00685169	-0.00897057
0.554825	-0.31955	0.185429	-0.00938122	-0.00966233	-0.00927989
0.554819	-0.319558	0.18542	-0.00817017	-0.00880515	-0.00908994
0.554815	-0.319564	0.185415	-0.00554308	-0.00647933	-0.00697723
0.554801	-0.319576	0.185397	-0.00800028	-0.00765023	-0.0102836
0.554795	-0.319585	0.185393	-0.00787243	-0.00861129	-0.00950688
0.554784	-0.319596	0.185379	-0.00811761	-0.00875661	-0.0103733
0.554778	-0.319602	0.18537	-0.00662719	-0.00701296	-0.00916501
0.554769	-0.319613	0.185362	-0.0078269	-0.00888822	-0.00865559
0.554758	-0.319627	0.185348	-0.00878932	-0.0115535	-0.00793069
0.554752	-0.319634	0.185339	-0.00969886	-0.010517	-0.0107622
0.554743	-0.319641	0.185327	-0.00916564	-0.0089584	-0.0107197
0.554737	-0.319647	0.185319	-0.00852149	-0.00896247	-0.00935995
0.554731	-0.319655	0.185308	-0.00758209	-0.00833519	-0.00926768
0.55472	-0.319664	0.185295	-0.00885486	-0.00982843	-0.00987022
0.554713	-0.319673	0.185289	-0.0077708	-0.00895714	-0.00817893
0.554704	-0.31968	0.185276	-0.00852855	-0.00972626	-0.00905581
0.554699	-0.319687	0.185266	-0.0078162	-0.00985044	-0.00862702
0.554684	-0.3197	0.18525	-0.00962642	-0.010154	-0.00896533
0.554678	-0.31971	0.185244	-0.00914329	-0.0110004	-0.00876321
0.554668	-0.319721	0.185234	-0.00944873	-0.0101257	-0.0110657
0.554664	-0.319724	0.185226	-0.0069541	-0.00713617	-0.00989604
0.554654	-0.319731	0.185211	-0.00843956	-0.00564317	-0.0141967
0.554648	-0.319737	0.185201	-0.00723941	-0.00543062	-0.01268
0.554637	-0.319751	0.185195	-0.00871867	-0.00688693	-0.0109689
0.554628	-0.319759	0.185182	-0.00862541	-0.00777554	-0.0107685
0.554621	-0.319769	0.185174	-0.00585741	-0.0062545	-0.0068062
0.554612	-0.319777	0.185159	-0.00770508	-0.00729505	-0.0107757
0.554605	-0.319784	0.185151	-0.00786905	-0.00577686	-0.0123914
0.554596	-0.319796	0.185142	-0.00902919	-0.00848079	-0.0120802
0.554586	-0.319805	0.185126	-0.0104372	-0.00861407	-0.0142126
0.554577	-0.319817	0.185121	-0.0104245	-0.0102487	-0.0122794
0.55457	-0.319822	0.185106	-0.00999172	-0.0102014	-0.0118847
0.554563	-0.319828	0.185096	-0.0102015	-0.0100099	-0.0127591
0.554555	-0.31984	0.185087	-0.0101673	-0.012001	-0.0106557
0.554549	-0.319848	0.185077	-0.00831273	-0.0101925	-0.00998619
0.554539	-0.319858	0.185064	-0.0093695	-0.0111045	-0.0104793
0.554531	-0.319866	0.185051	-0.00852462	-0.00971533	-0.0104251
0.554524	-0.319873	0.185038	-0.00761289	-0.0088645	-0.0100183
0.554518	-0.319881	0.185035	-0.0066866	-0.00835365	-0.00630363
0.554508	-0.319891	0.185019	-0.00798047	-0.00890329	-0.0101522
0.554501	-0.319901	0.18501	-0.00726862	-0.00891239	-0.00867371
0.554495	-0.319907	0.184998	-0.00716111	-0.00889979	-0.00889873
0.554483	-0.319919	0.184986	-0.00852071	-0.00907515	-0.0114381
0.554475	-0.319923	0.18497	-0.00802763	-0.00658709	-0.0140554
0.554469	-0.319936	0.184964	-0.0066982	-0.00753615	-0.0108259
0.554458	-0.319943	0.184949	-0.00874499	-0.00803976	-0.0132856
0.554455	-0.319947	0.184941	-0.00695879	-0.00601439	-0.0128498
0.554444	-0.319959	0.184927	-0.00848384	-0.00865982	-0.0129084
0.554434	-0.319969	0.184912	-0.00855374	-0.0088773	-0.012744
0.554427	-0.319979	0.184904	-0.00730832	-0.00835293	-0.0104216
0.554418	-0.319985	0.18489	-0.00754252	-0.00654126	-0.0125934
0.554415	-0.31999	0.184884	-0.00605197	-0.00496814	-0.0118737
0.554403	-0.32	0.184868	-0.00834833	-0.00750446	-0.0128568
0.554399	-0.320007	0.184858	-0.00769011	-0.00813638	-0.0129688
0.55439	-0.320014	0.184848	-0.00771893	-0.00730821	-0.0110577
0.554381	-0.320024	0.184833	-0.00766568	-0.00799619	-0.011128
0.554374	-0.320033	0.184824	-0.00810683	-0.00926594	-0.011314
0.554366	-0.320039	0.184812	-0.00768875	-0.00748159	-0.0112259
0.554362	-0.320045	0.184803	-0.00628093	-0.00630091	-0.0111123
0.554355	-0.320057	0.184799	-0.00553174	-0.00742787	-0.00739802
0.554343	-0.320066	0.184784	-0.00810453	-0.00922842	-0.0089986
0.554336	-0.320072	0.184767	-0.0088687	-0.0107305	-0.0102628
0.554328	-0.320083	0.184758	-0.00972365	-0.0103608	-0.0116041
0.554323	-0.320087	0.184746	-0.00742394	-0.00812765	-0.0118968
0.554314	-0.3201	0.184738	-0.00853895	-0.0103246	-0.0120205
0.554307	-0.32011	0.184725	-0.00947797	-0.00923013	-0.0147611
0.5543	-0.320113	0.184711	-0.00890307	-0.00838585	-0.0133556
0.554288	-0.320127	0.1847	-0.00927428	-0.00924213	-0.0119247
0.554286	-0.32013	0.184692	-0.00686636	-0.00649267	-0.0121069
0.55428	-0.32014	0.184688	-0.0073517	-0.00903673	-0.00913957
0.554269	-0.320151	0.184674	-0.00823357	-0.00877896	-0.0103772
0.554263	-0.320159	0.184664	-0.00585041	-0.0108494	-0.0066715
0.554256	-0.320168	0.184655	-0.00618285	-0.00930891	-0.00904216
0.554246	-0.320179	0.184642	-0.00768926	-0.0109723	-0.00947819
0.554241	-0.320187	0.184635	-0.00775268	-0.0109907	-0.0104264
0.554232	-0.320193	0.184621	-0.00616419	-0.0058519	-0.011304
0.554227	-0.3202	0.184615	-0.00514565	-0.00579201	-0.00920683
0.554221	-0.320206	0.184606	-0.00461985	-0.0042215	-0.00918655
0.554212	-0.320215	0.184592	-0.00592734	-0.00560143	-0.010741
0.554203	-0.320224	0.184583	-0.00718673	-0.00612066	-0.0120237
0.554194	-0.320236	0.184575	-0.0082106	-0.00888388	-0.0103607
0.554187	-0.320245	0.184562	-0.0073188	-0.00733981	-0.0128186
0.554181	-0.320248	0.184553	-0.00837576	-0.00662071	-0.0124113
0.554174	-0.320257	0.184545	-0.00885264	-0.00882981	-0.0106803
0.554168	-0.320264	0.184537	-0.00753992	-0.00785666	-0.00877928
0.55416	-0.320271	0.184524	-0.00709195	-0.00742442	-0.00954693
0.554153	-0.320278	0.184513	-0.00694867	-0.00689558	-0.00948184
0.554144	-0.320289	0.184502	-0.00695686	-0.00779683	-0.00928894
0.554135	-0.320297	0.184491	-0.0073662	-0.0067086	-0.0105831
0.554129	-0.320306	0.184484	-0.00647822	-0.00683043	-0.00895154
0.554127	-0.320309	0.184476	-0.00515136	-0.00509439	-0.0100101
0.554119	-0.320315	0.184463	-0.00569073	-0.0050525	-0.0105221
0.554109	-0.320325	0.184448	-0.00671536	-0.00611575	-0.0108966
0.554102	-0.32033	0.184439	-0.00628619	-0.0053712	-0.00992383
0.554094	-0.320342	0.184431	-0.00627815	-0.0068243	-0.00846441
0.554089	-0.320347	0.184422	-0.0059976	-0.00585538	-0.00978874
0.55408	-0.320353	0.184407	-0.00546435	-0.00372824	-0.0110812
0.554078	-0.320359	0.184403	-0.00445418	-0.00360368	-0.0102473
0.554068	-0.320369	0.184391	-0.0052538	-0.00354245	-0.0106353
0.554065	-0.320369	0.184382	-0.00275124	-0.00062282	-0.00900375
0.554056	-0.320376	0.184367	-0.00403919	-0.00171288	-0.0104526
0.554049	-0.320383	0.184355	-0.00456243	-0.00354581	-0.00993534
0.554042	-0.32039	0.184346	-0.00641456	-0.00613617	-0.00892501
0.554035	-0.320399	0.184339	-0.0061627	-0.00670776	-0.00840698
0.554031	-0.320402	0.184329	-0.00501235	-0.00571983	-0.00628198
0.554027	-0.320409	0.184321	-0.00457264	-0.00615441	-0.00596674
0.554019	-0.320416	0.18431	-0.00524014	-0.00583339	-0.00703309
0.554012	-0.32042	0.184298	-0.00642035	-0.00587462	-0.0102448
0.554009	-0.320422	0.184289	-0.00524386	-0.00447036	-0.00943798
0.554002	-0.320436	0.184283	-0.0053482	-0.00697018	-0.00801211
0.553996	-0.320436	0.184272	-0.0050496	-0.00315954	-0.0105435
0.553991	-0.320441	0.184265	-0.00504794	-0.00400659	-0.00930992
0.553986	-0.320445	0.184256	-0.00486264	-0.00395804	-0.00901059
0.55398	-0.320457	0.18425	-0.0056065	-0.0062924	-0.00982113
0.553974	-0.320458	0.184239	-0.00562187	-0.00454233	-0.00993532
0.553969	-0.320466	0.184229	-0.00579296	-0.00550889	-0.0112433
0.553965	-0.32047	0.184222	-0.00512182	-0.00465069	-0.00986695
0.55396	-0.320476	0.184213	-0.005103	-0.00510705	-0.00970899
0.553952	-0.320485	0.184204	-0.0053531	-0.00494072	-0.0101149
0.553951	-0.320484	0.1842	-0.00305264	-0.00147386	-0.00798614
0.553948	-0.320489	0.18419	-0.00329531	-0.00222022	-0.00927819
0.553941	-0.320494	0.18418	-0.00349211	-0.00185189	-0.00924443
0.553936	-0.320502	0.184175	-0.00400309	-0.00367564	-0.00798857
0.553931	-0.320505	0.184164	-0.00443957	-0.00348954	-0.00892983
0.553929	-0.320508	0.184162	-0.00325838	-0.00373901	-0.00509591
0.553922	-0.320519	0.184155	-0.00529853	-0.00631234	-0.00766104
0.553921	-0.320517	0.184146	-0.00227417	-0.00478432	-0.00635738
0.553915	-0.320526	0.184142	-0.00377509	-0.00672259	-0.00563428
0.553912	-0.320527	0.18413	-0.00393058	-0.00523942	-0.00804542
0.553907	-0.320529	0.184121	-0.00526633	-0.00480539	-0.0106908
0.553905	-0.320536	0.184119	-0.0044486	-0.00576729	-0.0083306
0.553903	-0.320539	0.184117	-0.00441598	-0.00603721	-0.00546308
0.553899	-0.320545	0.184111	-0.00488135	-0.00651366	-0.00563264
0.553895	-0.320544	0.184098	-0.00454071	-0.00531765	-0.00664663
0.553893	-0.32055	0.184097	-0.00329898	-0.00479879	-0.00453272
0.553891	-0.320551	0.184092	-0.00164561	-0.00122107	-0.00539271
0.55389	-0.320551	0.184079	-0.00121191	0.000441214	-0.00804785
0.553885	-0.320559	0.184077	-0.00223264	-0.00173338	-0.00622099
0.553883	-0.320561	0.184073	-0.00271718	-0.00228733	-0.00609358
0.553882	-0.320559	0.184064	-0.00346351	-0.0023555	-0.00758289
0.553881	-0.32056	0.184061	-0.00251103	-0.00120008	-0.00651791
0.553876	-0.320562	0.184048	-0.00323425	-0.00075143	-0.00919494
0.553875	-0.320568	0.18405	-0.00345714	-0.00365718	-0.00631649
0.553873	-0.320566	0.184038	-0.00153069	-0.00190261	-0.0051483
0.553875	-0.32057	0.184043	-0.000554312	-0.00260736	-0.00233238
0.55387	-0.32057	0.184033	-0.00107508	-0.00214507	-0.00286438
0.553866	-0.320572	0.184023	-0.00192258	-0.00145874	-0.00573244
0.553869	-0.32057	0.184018	0.00035015	-0.000958016	-0.00497551
0.55387	-0.320571	0.184018	0.000468842	-0.000893872	-0.00352568
0.553866	-0.32057	0.18401	-0.000941316	0.000159827	-0.00586342
0.553864	-0.320574	0.184004	-0.00139145	-0.000864226	-0.00497844
0.553863	-0.320575	0.183995	-0.000472313	-0.000866115	-0.00590204
0.553863	-0.320577	0.183997	0.000181121	-0.000964612	-0.00184907
0.553859	-0.320577	0.183992	-0.00117708	-0.000498132	-0.00341629
0.553856	-0.32058	0.183982	-0.00127334	-0.000687204	-0.00573161
0.553854	-0.320579	0.183976	-0.00176299	0.000122961	-0.00643788
0.553856	-0.320579	0.183976	-0.00164559	-0.00131512	-0.00541778
0.553856	-0.320577	0.183972	-0.0013027	0.000394832	-0.00637143
0.553855	-0.320576	0.183965	-0.00188158	-0.00158272	-0.00509273
0.553851	-0.32058	0.183958	-0.00221836	-0.00214506	-0.00448463
0.553851	-0.320576	0.183952	-0.00151172	-0.000202778	-0.00589895
0.553849	-0.320579	0.183951	-0.00219993	-0.000921175	-0.00554203
0.553845	-0.320579	0.183944	-0.00193884	-0.000406077	-0.00507012
0.553846	-0.320576	0.183939	-0.000713177	0.000607077	-0.00398859
0.553846	-0.320579	0.183938	-0.000441105	-0.000426841	-0.00192385
0.553841	-0.320579	0.183927	-0.00153045	-0.000158106	-0.00402792
0.553843	-0.320581	0.183932	-0.000750219	-0.00107131	-0.00174456
0.55384	-0.320576	0.183918	-0.00136007	0.001291	-0.00654492
0.553837	-0.320581	0.183915	-0.00146888	-0.00021343	-0.00414673
0.553839	-0.320577	0.183917	0.000101739	0.00111559	-0.00124462
0.553837	-0.320575	0.183908	-0.000384574	0.00109774	-0.00252679
0.553833	-0.320579	0.183902	-0.00122503	-0.000725771	-0.00193937
0.553832	-0.320578	0.183895	-0.000501899	-0.000153416	-0.0035238
0.553832	-0.320578	0.183894	-0.00107747	-0.00134992	-0.00357615
0.553829	-0.320579	0.183891	-0.00154256	-0.00123617	-0.00387884
0.553831	-0.320576	0.183883	-0.000740211	0.000291258	-0.00610443
0.55383	-0.320575	0.183879	-0.000930948	0.000421594	-0.0065201
0.553829	-0.320574	0.183876	-0.000549428	0.000848351	-0.00454903
0.553827	-0.320577	0.183871	-0.00132487	-0.000244685	-0.00576717
0.553825	-0.320575	0.183864	-0.00140257	0.000790846	-0.00670601
0.553822	-0.320574	0.183855	-0.00211271	0.000690031	-0.00849198
0.553822	-0.320573	0.183854	-0.00142802	0.00111341	-0.00705546
0.553823	-0.32057	0.183848	-0.000382528	0.00170911	-0.00554269
0.553822	-0.320571	0.183844	-0.00057684	0.000658543	-0.0040848
0.553822	-0.32057	0.183843	-0.000597007	0.00124568	-0.00419325
0.553818	-0.32057	0.183833	-0.00126449	0.000680595	-0.0055997
0.553818	-0.320572	0.183831	-0.00115019	3.33503e-05	-0.00514204
0.553817	-0.32057	0.183829	-0.000669599	0.000595775	-0.00302824
0.553818	-0.320566	0.183819	0.000149228	0.00139521	-0.00397957
0.553817	-0.320565	0.183817	-0.000106409	0.0010364	-0.00173682
0.553814	-0.320566	0.183814	-0.000792811	0.000506572	-0.00247892
0.553814	-0.320567	0.183805	-0.000611567	0.000445308	-0.00528156
0.553813	-0.320567	0.183803	-0.000530529	0.000342696	-0.00407634
0.553811	-0.320564	0.183792	-0.00147366	0.000987347	-0.00733576
0.55381	-0.320565	0.183788	-0.00160456	0.000415106	-0.00679018
0.553809	-0.320568	0.183788	-0.000921781	-0.000585813	-0.00297109
0.553807	-0.320565	0.183778	-0.00119795	0.000743025	-0.00583523
0.553804	-0.320567	0.18377	-0.00197376	-0.000103343	-0.00696488
0.553808	-0.320562	0.183773	0.000145433	0.00104283	-0.00246704
0.553802	-0.320568	0.183762	-0.00321492	-0.00102046	-0.00671178
0.553804	-0.320562	0.183759	-0.00149076	0.00164849	-0.00601477
0.553805	-0.320558	0.183755	-0.000906271	0.00237381	-0.00598987
0.553801	-0.320559	0.183743	-0.00205431	0.00112426	-0.0083229
0.553803	-0.320558	0.183745	-0.000637908	0.00162251	-0.00544281
0.553799	-0.32056	0.183734	-0.001849	0.000688113	-0.00807199
0.5538	-0.320554	0.183727	-0.00139899	0.00192923	-0.00824014
0.553798	-0.320557	0.183725	-0.00159287	0.000320751	-0.00666323
0.553797	-0.320554	0.183718	-0.00168637	0.0013276	-0.00805301
0.553794	-0.320558	0.183713	-0.00188963	-0.00070527	-0.00572121
0.553794	-0.320552	0.183702	-0.00132634	0.00165181	-0.00773745
0.553793	-0.320552	0.183698	-0.00154769	0.00086988	-0.00710531
0.553792	-0.320552	0.183694	-0.0014322	0.000871843	-0.00673657
0.553789	-0.320555	0.183684	-0.00147134	-0.00045405	-0.00619632
0.55379	-0.320549	0.183681	-0.000762755	0.00161105	-0.00540124
0.553788	-0.320549	0.183674	-0.00109529	0.00150682	-0.00670057
0.553787	-0.320548	0.183666	-0.00119571	0.00059609	-0.00552432
0.553787	-0.320545	0.183663	-0.000527656	0.00154244	-0.00492668
0.553783	-0.320549	0.183654	-0.00190403	5.65215e-05	-0.00705146
0.553786	-0.320543	0.183651	-0.000660427	0.00169739	-0.00600381
0.553783	-0.320545	0.183642	-0.00122945	0.000977771	-0.00745477
0.553782	-0.320545	0.183638	-0.00159384	0.000474066	-0.00755727
0.55378	-0.320545	0.183632	-0.00147887	0.00058338	-0.00705515
0.55378	-0.320539	0.183623	-0.00121723	0.00196378	-0.00819366
0.553777	-0.320538	0.183615	-0.00196601	0.00133513	-0.00745828
0.553777	-0.320536	0.183613	-0.00111816	0.00148837	-0.00564171
0.553777	-0.320538	0.183604	-0.00122824	-2.18025e-05	-0.00645824
0.553778	-0.320531	0.183599	-0.000222246	0.00221677	-0.0048612
0.553773	-0.320534	0.183588	-0.00173397	0.000496514	-0.00691272
0.553774	-0.320534	0.183588	-0.00126343	-0.000182471	-0.00506796
0.553773	-0.320532	0.183582	-0.0010801	0.000703934	-0.00593132
0.553769	-0.320533	0.183571	-0.00203794	-3.36808e-05	-0.00775941
0.55377	-0.320527	0.18356	-0.00147022	0.00213393	-0.00924724
0.553768	-0.320529	0.183561	-0.00104396	0.00075611	-0.00603493
0.553769	-0.320525	0.183556	-0.000844366	0.0019637	-0.00642868
0.553766	-0.320526	0.183547	-0.00181784	0.000835287	-0.00919396
0.553765	-0.320524	0.183539	-0.00176289	0.000924127	-0.00789502
0.553763	-0.320521	0.183528	-0.00123656	0.00133571	-0.00703342
0.553762	-0.32052	0.183523	-0.0012639	0.00112262	-0.00660292
0.553762	-0.320519	0.183518	-0.00125211	0.00112749	-0.00694333
0.553761	-0.320521	0.183516	-0.00115909	-0.000443615	-0.00337943
0.553759	-0.32052	0.183505	-0.0010047	-0.000141697	-0.00418175
0.553758	-0.320516	0.183499	-0.000929908	0.00142045	-0.00508497
0.553758	-0.320513	0.183495	0.000399107	0.00324664	-0.00454574
0.553752	-0.320519	0.183483	-0.00176703	0.000269558	-0.00756023
0.553753	-0.320516	0.183479	-0.000805915	0.00148689	-0.0063643
0.553751	-0.320516	0.183472	-0.00141528	0.000939019	-0.00738297
0.553751	-0.320512	0.183465	-0.00124585	0.00163392	-0.0072386
0.553752	-0.320508	0.183462	-0.000565193	0.00241653	-0.00679879
0.553749	-0.320508	0.18345	-0.0012159	0.0014629	-0.00699899
0.553749	-0.32051	0.18345	-0.00123413	0.000629935	-0.00688025
0.553744	-0.320506	0.183436	-0.00243737	0.0015287	-0.00954184
0.553742	-0.320507	0.183428	-0.00191026	0.000520715	-0.00728962
0.553742	-0.320507	0.183425	-0.00102211	0.00023347	-0.00601974
0.553739	-0.320507	0.183414	-0.00200987	0.0003308	-0.00814416
0.553739	-0.320501	0.183409	-0.00126221	0.0022879	-0.00754603
0.553738	-0.320506	0.183407	-0.0025135	0.000546887	-0.00763586
0.553735	-0.320506	0.183397	-0.00278518	0.000439212	-0.00905602
0.553734	-0.320504	0.183393	-0.00191323	0.0010716	-0.00758899
0.55373	-0.320505	0.183386	-0.00449343	-0.00229988	-0.00852902
0.553731	-0.3205	0.183378	-0.00274114	-6.50647e-05	-0.00861255
0.553729	-0.320503	0.183371	-0.000849616	0.00225152	-0.00800522
0.553724	-0.320505	0.183362	-0.00231022	0.000736781	-0.00901921
0.553725	-0.320502	0.183358	-0.000933886	0.00224474	-0.00747123
0.553722	-0.320505	0.183352	-0.00190625	0.000453979	-0.00766881
0.553719	-0.320507	0.183344	-0.0034019	0.00109519	-0.0119175
0.553717	-0.320507	0.183338	-0.00245866	0.000926644	-0.0088609
0.553716	-0.320507	0.183329	-0.00190295	0.000813154	-0.00715877
0.553716	-0.320504	0.183327	-0.000642333	0.00151286	-0.00414124
0.553713	-0.320507	0.183322	-0.00101155	7.581e-05	-0.00310878
0.553716	-0.320501	0.183313	3.39928e-05	0.00238805	-0.00520508
0.55371	-0.320505	0.183305	-0.0023089	0.000314568	-0.00822219
0.55371	-0.320504	0.183303	-0.000922158	0.00125165	-0.00653245
0.553703	-0.320509	0.183295	-0.00229494	-0.000136095	-0.00738686
0.553702	-0.320509	0.18329	-0.00181193	0.000137019	-0.0053609
0.553699	-0.320508	0.183279	-0.0017495	0.00113984	-0.00779691
0.553694	-0.320511	0.18327	-0.00263982	0.000360584	-0.0087125
0.553693	-0.320515	0.18327	-0.001641	0.000167614	-0.00626044
0.553693	-0.32051	0.183261	-0.000663111	0.0026456	-0.00799344
0.55369	-0.320515	0.18326	-0.00097381	5.21686e-05	-0.00362422
0.553688	-0.320515	0.18325	-0.00210362	-0.000780525	-0.00604233
0.553685	-0.320516	0.183242	-0.00202125	0.00041625	-0.00937678
0.553682	-0.320521	0.183242	-0.00321599	-0.00176895	-0.0086769
0.553677	-0.320521	0.183226	-0.0036888	-0.000456899	-0.0119779
0.553674	-0.320525	0.183223	-0.0041393	-0.0024619	-0.00967637
0.553674	-0.320524	0.183219	-0.002349	-0.000927106	-0.00657204
0.553671	-0.320524	0.18321	-0.00303867	-0.00177085	-0.00597338
0.553665	-0.320527	0.183202	-0.00355123	-0.00366083	-0.00442395
0.553663	-0.320531	0.183196	-0.00290106	-0.00257174	-0.00558879
0.553664	-0.320532	0.183197	-0.00203418	-0.00303637	-0.00359956
0.553659	-0.320534	0.183185	-0.00311168	-0.00198058	-0.00685918
0.553658	-0.320533	0.183179	-0.00149968	-5.59289e-05	-0.00505424
0.553653	-0.320539	0.183176	-0.00192978	-0.00171417	-0.00427827
0.553643	-0.320547	0.183157	-0.00333214	-0.00246547	-0.00714542
0.553645	-0.320545	0.183158	-0.00234957	-0.00217814	-0.00515353
0.553637	-0.320549	0.183144	-0.00379227	-0.0018153	-0.00855065
0.553635	-0.320554	0.183139	-0.00314321	-0.00344018	-0.00553354
0.55363	-0.320559	0.183133	-0.00422973	-0.00436457	-0.00598377
0.553625	-0.320561	0.183123	-0.00404111	-0.00327954	-0.00770952
0.553623	-0.320566	0.183122	-0.00410425	-0.00339934	-0.00529942
0.553619	-0.320565	0.18311	-0.00430559	-0.00272516	-0.0069872
0.553617	-0.320568	0.183108	-0.00445099	-0.00373523	-0.00606764
0.553613	-0.320574	0.183105	-0.00383718	-0.0032474	-0.00546841
0.553608	-0.320576	0.183091	-0.0041498	-0.00406343	-0.00628448
0.553602	-0.320579	0.183083	-0.00486098	-0.00417836	-0.00677738
0.553595	-0.320584	0.183074	-0.00629972	-0.00519548	-0.00837034
0.553594	-0.320588	0.183069	-0.00500765	-0.00538344	-0.00758292
0.553591	-0.32059	0.183065	-0.00593356	-0.00434585	-0.00806334
0.553586	-0.320593	0.183056	-0.00520949	-0.00273881	-0.00905231
0.553583	-0.3206	0.183051	-0.00474553	-0.00458915	-0.00763495
0.553582	-0.320597	0.183046	-0.00284996	-0.00106668	-0.00588063
0.553573	-0.320608	0.183033	-0.00364056	-0.00275598	-0.00700027
0.553568	-0.320614	0.183031	-0.00402981	-0.00424818	-0.00532068
0.553565	-0.320614	0.183022	-0.00334854	-0.00146051	-0.00672236
0.553563	-0.320618	0.183018	-0.00178774	-0.000903143	-0.00599641
0.553559	-0.32062	0.18301	-0.00274666	-0.00146865	-0.00689024
0.553549	-0.320629	0.183002	-0.00484058	-0.00453423	-0.00594695
0.553547	-0.320632	0.182993	-0.00456844	-0.00192159	-0.00998331
0.553543	-0.320639	0.182992	-0.00440369	-0.0038775	-0.00570904
0.553536	-0.320643	0.182979	-0.00504318	-0.00415955	-0.00808306
0.55353	-0.32065	0.182973	-0.00565207	-0.00497615	-0.00779654
0.553526	-0.320652	0.182966	-0.005569	-0.00446371	-0.00820272
0.553524	-0.320654	0.18296	-0.00448447	-0.00338296	-0.0074468
0.553521	-0.320656	0.182952	-0.0044772	-0.00358524	-0.00955515
0.553512	-0.320671	0.182945	-0.00563286	-0.00725079	-0.00685309
0.553509	-0.320672	0.182937	-0.0039391	-0.00405972	-0.00558968
0.553504	-0.320675	0.18293	-0.00414468	-0.00391339	-0.00586975
0.553498	-0.320684	0.182923	-0.00439361	-0.00588976	-0.00406239
0.553491	-0.320689	0.182914	-0.00637423	-0.00787783	-0.00557184
0.553487	-0.320694	0.182903	-0.00586638	-0.00680762	-0.0075094
0.553483	-0.320698	0.182897	-0.00499594	-0.0046971	-0.00886895
0.55348	-0.320704	0.182896	-0.00422493	-0.0048665	-0.00655396
0.553472	-0.320706	0.18288	-0.00537783	-0.00391208	-0.010151
0.553469	-0.32071	0.182876	-0.00462176	-0.00365261	-0.00835288
0.553463	-0.32072	0.182872	-0.00514602	-0.00632639	-0.00698131
0.553459	-0.320722	0.182859	-0.00526085	-0.0047124	-0.00939361
0.553455	-0.320728	0.182856	-0.00499959	-0.00529689	-0.00725648
0.553444	-0.320737	0.182842	-0.00790848	-0.00819658	-0.00951963
0.55344	-0.320741	0.182836	-0.00648912	-0.00669828	-0.00839141
0.553441	-0.320744	0.182838	-0.00525786	-0.0075977	-0.00541281
0.55343	-0.320753	0.182823	-0.0072581	-0.00806242	-0.00891964
0.553426	-0.320759	0.18282	-0.00694293	-0.0091242	-0.00653921
0.553419	-0.32077	0.182812	-0.00671	-0.00973021	-0.00529538
0.553415	-0.320774	0.182804	-0.00583715	-0.0083989	-0.00458239
0.553411	-0.320778	0.182798	-0.00533208	-0.00732005	-0.00478613
0.553404	-0.320789	0.182789	-0.00542383	-0.00830227	-0.00392527
0.553396	-0.320794	0.182782	-0.00609224	-0.00726693	-0.00486638
0.553391	-0.320797	0.182772	-0.00457006	-0.00397102	-0.0079412
0.553382	-0.320808	0.182761	-0.00571056	-0.00604009	-0.00690238
0.55338	-0.320811	0.182758	-0.00399098	-0.00416346	-0.00615591
0.553371	-0.320821	0.182753	-0.00516046	-0.00564668	-0.00591188
0.553366	-0.320828	0.182739	-0.0060126	-0.006941	-0.00874572
0.55336	-0.320838	0.18274	-0.00622118	-0.00799333	-0.00583366
0.553352	-0.320841	0.182722	-0.00534935	-0.00406946	-0.0098468
0.553349	-0.320848	0.182721	-0.00388169	-0.00483155	-0.00531664
0.553344	-0.320858	0.182719	-0.00416381	-0.00600037	-0.00447002
0.553335	-0.320866	0.182706	-0.00662685	-0.00779358	-0.00769356
0.553325	-0.320875	0.182693	-0.0085988	-0.00953949	-0.00944073
0.553324	-0.320878	0.182693	-0.00665687	-0.0088366	-0.0064237
0.553315	-0.320885	0.182683	-0.00711801	-0.0077528	-0.00815779
0.553307	-0.320895	0.182676	-0.00849423	-0.0100041	-0.00785688
0.553301	-0.320904	0.182666	-0.00741814	-0.00907126	-0.00878298
0.553295	-0.320912	0.182661	-0.00653003	-0.0085426	-0.00605128
0.553288	-0.320921	0.182655	-0.00716748	-0.0103876	-0.00448448
0.553284	-0.320921	0.182644	-0.00606039	-0.0062289	-0.00707968
0.553276	-0.320932	0.18264	-0.00640833	-0.00739176	-0.00661805
0.553267	-0.320944	0.182633	-0.00763389	-0.00989948	-0.00712689
0.553262	-0.320947	0.182626	-0.00738302	-0.00891926	-0.00707123
0.553258	-0.320955	0.182622	-0.00635442	-0.00797576	-0.0068191
0.553247	-0.320965	0.182609	-0.00759412	-0.00797934	-0.00910354
0.553245	-0.320973	0.182608	-0.00611688	-0.00985163	-0.00459856
0.553235	-0.320983	0.182599	-0.00804831	-0.0106559	-0.00683169
0.553226	-0.320995	0.182591	-0.00809001	-0.0103094	-0.00773341
0.553223	-0.320999	0.182589	-0.00616553	-0.00715617	-0.00623577
0.553213	-0.321008	0.182575	-0.00710619	-0.00760988	-0.00911571
0.553209	-0.321015	0.182571	-0.00616951	-0.00681816	-0.00750772
0.5532	-0.321025	0.182567	-0.00703135	-0.00901232	-0.00641434
0.553191	-0.321038	0.182559	-0.00759711	-0.00970402	-0.0069881
0.553186	-0.321044	0.182551	-0.00729987	-0.0095171	-0.00742855
0.553179	-0.321054	0.182545	-0.00752488	-0.0104322	-0.00715839
0.553174	-0.321063	0.182539	-0.0071437	-0.0107518	-0.00670035
0.553162	-0.321075	0.182532	-0.00852489	-0.0104864	-0.00689339
0.553157	-0.321079	0.182522	-0.00762547	-0.00954732	-0.00743446
0.55315	-0.321087	0.182513	-0.00917857	-0.009775	-0.00931425
0.553145	-0.321099	0.18251	-0.00762967	-0.00928732	-0.00767646
0.553135	-0.321112	0.182502	-0.00833163	-0.00890217	-0.0102012
0.553129	-0.321119	0.182494	-0.00675583	-0.00725531	-0.00929331
0.553122	-0.321129	0.18249	-0.00706933	-0.00904312	-0.00642891
0.553117	-0.321134	0.182485	-0.00729048	-0.00893217	-0.00662781
0.553109	-0.321147	0.182478	-0.00696812	-0.00889508	-0.00676673
0.553105	-0.321153	0.182471	-0.00612723	-0.00712412	-0.00957849
0.553095	-0.321169	0.182466	-0.00695779	-0.00851842	-0.00865189
0.553089	-0.321174	0.182459	-0.00644541	-0.00650484	-0.00860332
0.55308	-0.321186	0.182451	-0.00867229	-0.00624345	-0.0117521
0.553077	-0.321195	0.182452	-0.00690915	-0.00598281	-0.00865848
0.553069	-0.321203	0.182443	-0.00741515	-0.00721303	-0.00759348
0.553062	-0.32121	0.182435	-0.00864125	-0.00822935	-0.00900987
0.553057	-0.321221	0.182435	-0.00706824	-0.00819585	-0.00677381
0.553048	-0.321229	0.182424	-0.00600353	-0.010513	-0.00428951
0.553041	-0.321241	0.182419	-0.00664469	-0.0120025	-0.00340925
0.553034	-0.321252	0.182413	-0.00662183	-0.0109495	-0.00447767
0.553026	-0.321262	0.182407	-0.00640443	-0.00955703	-0.00582568
0.553022	-0.321272	0.182408	-0.00549383	-0.00896226	-0.00420525
0.553015	-0.321275	0.182395	-0.00654378	-0.00774937	-0.00657255
0.553008	-0.321287	0.182391	-0.00694131	-0.0100334	-0.00557124
0.553003	-0.321298	0.182392	-0.00627276	-0.00921893	-0.00443624
0.552996	-0.321309	0.182384	-0.00650991	-0.00884262	-0.00686603
0.552993	-0.321316	0.182386	-0.00565785	-0.00774774	-0.00540917
0.552985	-0.321325	0.182377	-0.00564584	-0.00733234	-0.00589536
0.55298	-0.321333	0.182374	-0.00523919	-0.00656364	-0.00579703
0.552972	-0.321346	0.182369	-0.00483166	-0.006517	-0.0043283
0.552966	-0.321355	0.182365	-0.00462575	-0.00660855	-0.00322581
0.55296	-0.321364	0.18236	-0.00403251	-0.00593859	-0.00408253
0.552956	-0.321375	0.182363	-0.00329698	-0.00672005	-0.00121945
0.552947	-0.321386	0.182353	-0.00495717	-0.00729951	-0.00293498
0.552946	-0.321392	0.182351	-0.00295178	-0.00549459	-0.00225366
0.552939	-0.321403	0.182351	-0.00475393	-0.00807472	-0.000578643
0.552934	-0.321411	0.182348	-0.00511327	-0.00879379	-0.00211254
0.55293	-0.321422	0.182344	-0.00540733	-0.010924	-0.00171529
0.552923	-0.321435	0.182342	-0.00490363	-0.0112171	-0.000529026
0.552918	-0.32144	0.182337	-0.00494365	-0.00888819	-0.00334423
0.552911	-0.321449	0.182329	-0.00634267	-0.00957942	-0.00422962
0.55291	-0.321457	0.182333	-0.00302235	-0.00911945	-0.00108498
0.552905	-0.321468	0.182334	-0.00315659	-0.00916332	0.000267448
0.552897	-0.321478	0.182328	-0.00392975	-0.00888322	-0.000739224
0.552892	-0.321487	0.182325	-0.00426934	-0.0102766	-0.000436403
0.552887	-0.321495	0.182322	-0.00535025	-0.0110315	-0.000526181
0.552884	-0.321508	0.182325	-0.00503369	-0.0113718	-0.000673779
0.552878	-0.321514	0.182317	-0.00587918	-0.0107805	-0.0018732
0.552874	-0.321524	0.182312	-0.00536842	-0.00993868	-0.00405062
0.552869	-0.32153	0.182312	-0.00528411	-0.00810368	-0.00358621
0.552862	-0.321543	0.182312	-0.00554235	-0.00877429	-0.00392723
0.55286	-0.321547	0.182307	-0.00405438	-0.00665632	-0.00533487
0.552854	-0.321557	0.182305	-0.00451386	-0.00717245	-0.00377035
0.552851	-0.321567	0.182304	-0.00492354	-0.0088269	-0.00404163
0.552846	-0.321572	0.182298	-0.00453262	-0.00708689	-0.00400992
0.55284	-0.321588	0.182301	-0.00457256	-0.00935954	-0.00241277
0.552837	-0.321593	0.182295	-0.00403488	-0.00895709	-0.00320284
0.552833	-0.321601	0.182296	-0.00301015	-0.00641301	-0.00297045
0.552826	-0.321615	0.182295	-0.0040841	-0.00864574	-0.0012034
0.552821	-0.32162	0.182284	-0.00578011	-0.00973694	-0.00567379
0.552818	-0.32163	0.182292	-0.00487517	-0.0107425	-0.00071777
0.552811	-0.32164	0.182284	-0.00573075	-0.0098335	-0.00447343
0.55281	-0.321647	0.182288	-0.00402588	-0.00862322	-0.00147656
0.552801	-0.321661	0.182286	-0.00660068	-0.0117576	-0.000802977
0.552796	-0.321671	0.182282	-0.00661245	-0.0107545	-0.0035727
0.552788	-0.321684	0.182281	-0.00688539	-0.0104401	-0.00274815
0.552788	-0.321684	0.182275	-0.00418108	-0.00693777	-0.00303766
0.552785	-0.321698	0.182282	-0.00271216	-0.00699831	0.000868296
0.552777	-0.321708	0.182275	-0.00350683	-0.00527621	-0.00346539
0.552775	-0.321709	0.182273	-0.00306374	-0.00469892	-0.00225995
0.552768	-0.321722	0.182268	-0.0042964	-0.00729062	-0.00411997
0.552765	-0.321729	0.18227	-0.00256448	-0.00657769	-0.00106799
0.552759	-0.321737	0.182269	-0.00290689	-0.00647838	-0.000614135
0.552754	-0.321748	0.18227	-0.00336034	-0.00730485	0.000623781
0.552749	-0.321757	0.182267	-0.00313147	-0.00726892	0.000188733
0.552746	-0.321761	0.182261	-0.00326208	-0.00571423	-0.00302501
0.552743	-0.32177	0.182265	-0.00379509	-0.00759422	-0.00228501
0.552739	-0.321776	0.182261	-0.00396319	-0.00689146	-0.00298282
0.552735	-0.321787	0.182264	-0.00523107	-0.00989778	-0.000435191
0.552728	-0.321794	0.182258	-0.00561984	-0.00870477	-0.00173368
0.552721	-0.321805	0.182259	-0.00600497	-0.00920578	-0.0010992
0.552719	-0.32181	0.182255	-0.00411741	-0.00713649	-0.00183283
0.552715	-0.321819	0.182255	-0.00340156	-0.00660608	-0.000935635
0.552711	-0.321828	0.182254	-0.003524	-0.00661573	-0.000652734
0.552709	-0.321835	0.182261	-0.00341241	-0.0068468	0.00161018
0.552703	-0.321843	0.182256	-0.00317622	-0.00682178	-5.168e-05
0.552697	-0.321852	0.182253	-0.00381693	-0.00729355	-0.000606227
0.552697	-0.321854	0.182255	-0.00321702	-0.005452	-0.00176263
0.552693	-0.321864	0.182256	-0.00420795	-0.00689703	-0.00103865
0.55269	-0.321871	0.182259	-0.00291468	-0.00679626	0.0010667
0.552685	-0.321876	0.18225	-0.00369043	-0.00576817	-0.00252039
0.552679	-0.321888	0.182255	-0.00415649	-0.00851082	0.00031217
0.552677	-0.321892	0.182254	-0.0030659	-0.0068605	0.000354816
0.552673	-0.3219	0.182252	-0.00285968	-0.00698691	-0.000282913
0.552672	-0.321907	0.182255	-0.00160352	-0.00707064	0.00165575
0.552666	-0.321913	0.182251	-0.00352165	-0.00689422	-0.000504718
0.552664	-0.32192	0.182253	-0.0025425	-0.00734911	0.000793608
0.552661	-0.321928	0.182256	-0.00270305	-0.00740231	0.00178882
0.552658	-0.321932	0.182253	-0.00253161	-0.00664242	0.000815824
0.552653	-0.321942	0.182254	-0.00354823	-0.0077625	0.000573754
0.552652	-0.321948	0.182259	-0.0023399	-0.00747892	0.00236172
0.552648	-0.321952	0.182259	-0.00326173	-0.00705762	0.00151175
0.552646	-0.321958	0.182257	-0.00256118	-0.00667592	0.00067729
0.552646	-0.321962	0.182259	-0.00239914	-0.00642754	0.000850464
0.55264	-0.321971	0.182258	-0.00272837	-0.00570416	0.000252605
0.55264	-0.321978	0.182265	-0.00219587	-0.00582954	0.00176661
0.552637	-0.32198	0.18226	-0.00192305	-0.00355368	-0.000299626
0.552634	-0.321991	0.182266	-0.00214011	-0.00583518	0.00203767
0.552633	-0.321995	0.182267	-0.00221778	-0.00557312	0.00109249
0.55263	-0.322002	0.182264	-0.00188852	-0.00402445	-0.000392733
0.552627	-0.322013	0.18227	-0.00281325	-0.00662688	0.00128621
0.552626	-0.322013	0.182267	-0.00257319	-0.00415728	-0.00034842
0.552624	-0.322019	0.182268	-0.00156925	-0.0054424	0.00149797
0.552622	-0.322028	0.182274	-0.00229334	-0.00722968	0.00262028
0.55262	-0.322029	0.182268	-0.00215327	-0.00585599	-0.000175217
0.552621	-0.322032	0.182274	-0.00215466	-0.00510941	0.00117336
0.552613	-0.322042	0.18227	-0.0035052	-0.00642705	-0.000386439
0.552612	-0.322047	0.18227	-0.00287021	-0.00594533	-0.000437869
0.552614	-0.322052	0.182279	-0.00179555	-0.00564049	0.0024939
0.552611	-0.322059	0.182277	-0.00195581	-0.00528101	0.000865703
0.552611	-0.322063	0.18228	-0.000349131	-0.00367983	0.00139078
0.55261	-0.322065	0.182283	0.000259887	-0.00151956	0.00161676
0.55261	-0.322072	0.182287	0.000310201	-0.00345564	0.00278974
0.552606	-0.322075	0.182279	-0.00159974	-0.00387608	-0.000751178
0.552604	-0.322084	0.182284	-0.00122362	-0.00428389	0.00108972
0.552604	-0.322088	0.182286	-0.00135094	-0.00457759	0.00116303
0.5526	-0.322094	0.182289	-0.0031768	-0.00572345	0.000929171
0.5526	-0.322099	0.182288	-0.00273163	-0.00564479	0.000148309
0.552597	-0.322106	0.182289	-0.00385265	-0.00680958	0.000329625
0.552599	-0.322104	0.182291	-0.00261777	-0.00475235	0.000310389
0.552596	-0.32211	0.182291	-0.00236326	-0.00463671	0.000282425
0.552597	-0.322116	0.182294	-0.00156382	-0.00520307	0.00129699
0.552596	-0.322119	0.182294	-0.00109892	-0.00330267	0.000278309
0.552594	-0.322126	0.182297	-0.00109042	-0.0051193	0.00158397
0.552593	-0.322134	0.182302	-0.00166367	-0.00681415	0.00271401
0.55259	-0.322136	0.182299	-0.00300825	-0.0055769	-0.000299588
0.552594	-0.322138	0.182305	-0.00161579	-0.00564738	0.00209788
0.552589	-0.322145	0.1823	-0.00356606	-0.00774719	-0.000297577
0.552588	-0.322148	0.182303	-0.00291142	-0.00701896	0.00104213
0.552593	-0.322147	0.18231	-0.00124883	-0.00540569	0.00303821
0.552588	-0.322154	0.182303	-0.00319181	-0.0070217	-0.000249054
0.552589	-0.322157	0.182307	-0.00141807	-0.00492912	0.000899104
0.552594	-0.322161	0.182317	7.8388e-05	-0.00529848	0.0033726
0.552589	-0.322168	0.182315	-0.00269689	-0.00676826	0.000944542
0.552591	-0.322171	0.182316	-0.00198355	-0.00723509	0.00131775
0.552589	-0.322173	0.182314	-0.00220015	-0.00626822	0.000641357
0.552589	-0.322181	0.182318	-0.00145846	-0.00604892	0.00127425
0.55259	-0.322183	0.182323	-0.00123499	-0.0058544	0.00274453
0.552591	-0.322185	0.182321	-0.001434	-0.00552487	0.000652258
0.552593	-0.322186	0.182326	-7.10252e-05	-0.00393595	0.00210355
0.55259	-0.322195	0.182327	0.000502158	-0.00517487	0.00304313
0.552591	-0.322194	0.182322	0.000595843	-0.00234818	0.00020463
0.552592	-0.3222	0.18233	0.00150946	-0.00294205	0.00259082
0.552596	-0.3222	0.182333	0.00332909	-0.00106813	0.00308865
0.552592	-0.32221	0.182334	0.000470752	-0.00456327	0.00229306
0.552594	-0.322213	0.182338	0.000530156	-0.00534238	0.00306275
0.552596	-0.322213	0.182338	8.63018e-05	-0.00450327	0.00168196
0.552596	-0.322217	0.182336	-0.000450787	-0.00577	0.000897518
0.552598	-0.322221	0.182342	0.00153106	-0.0048982	0.00327515
0.552601	-0.322223	0.182344	0.00164507	-0.00478135	0.00292747
0.552597	-0.322234	0.182344	0.000183097	-0.00597071	0.0021859
0.552603	-0.322231	0.182348	0.00117661	-0.00433679	0.00245724
0.552607	-0.322233	0.182354	0.00205194	-0.00323397	0.00325986
0.552607	-0.322238	0.182355	0.00144091	-0.00286497	0.00237043
0.55261	-0.322241	0.182358	0.00230878	-0.00249497	0.00234984
0.552608	-0.322245	0.182356	0.00143143	-0.00262827	0.00118349
0.55261	-0.322249	0.18236	0.000953161	-0.00444594	0.00234403
0.552616	-0.322249	0.182366	0.00260979	-0.00212188	0.00317489
0.552619	-0.322253	0.18237	0.00351954	-0.00156502	0.00350943
0.552618	-0.322258	0.182365	0.00144294	-0.0023202	0.000167833
0.552623	-0.322259	0.182372	0.00272641	-0.00159179	0.00231976
0.552626	-0.322262	0.182373	0.00245372	-0.00272191	0.00227788
0.552626	-0.322268	0.182379	0.0021928	-0.00319357	0.0032574
0.552627	-0.322273	0.18238	0.00177728	-0.00330209	0.00225723
0.552634	-0.322269	0.182384	0.00352988	-0.00202927	0.00360099
0.552638	-0.322271	0.182385	0.00272171	-0.0035974	0.00266065
0.552638	-0.322281	0.182393	0.000437409	-0.0067857	0.00352598
0.552644	-0.322278	0.182395	0.00238117	-0.00302324	0.0031249
0.552648	-0.322281	0.182397	0.00268819	-0.00318166	0.00289614
0.55265	-0.322286	0.182399	0.0030401	-0.00311351	0.00267894
0.552656	-0.322284	0.182403	0.00419917	-0.00104865	0.00290233
0.55266	-0.322293	0.182414	0.0044066	-0.00318881	0.00556998
0.552668	-0.322285	0.182412	0.00579543	0.000922785	0.00333627
0.55267	-0.322293	0.182419	0.00437436	-0.00193424	0.00364793
0.55267	-0.322296	0.182415	0.0031503	-0.00204432	0.00163149
0.552681	-0.322296	0.182425	0.00590044	-0.000960158	0.00432868
0.552686	-0.322299	0.182428	0.00407283	-0.00320883	0.00396728
0.552689	-0.3223	0.182429	0.00421764	-0.00177786	0.00286525
0.552697	-0.322301	0.182436	0.00572901	-0.0015751	0.00420968
0.552702	-0.322304	0.182441	0.00456241	-0.00379454	0.0048539
0.552705	-0.322308	0.182444	0.00381302	-0.00387739	0.00414047
0.552713	-0.322309	0.182451	0.00563893	-0.00293575	0.00509844
0.552721	-0.322308	0.182455	0.00681694	-0.00032846	0.00442651
0.552725	-0.32231	0.182456	0.00442234	0.000411403	0.0013149
0.552735	-0.322313	0.182466	0.00602829	-0.000711615	0.00455489
0.552742	-0.322308	0.182465	0.00628933	0.00126228	0.00266086
0.552747	-0.322313	0.182471	0.00585909	-0.00114777	0.00366449
0.552756	-0.322312	0.182475	0.00726323	-0.000379438	0.00420427
0.55276	-0.322313	0.182475	0.0058601	-0.000588128	0.0024253
0.552774	-0.322309	0.182486	0.00793324	0.00124916	0.00484755
0.552779	-0.322317	0.182492	0.00649394	-0.0017146	0.00512699
0.552784	-0.322319	0.182493	0.00538557	-0.00153654	0.00311941
0.552796	-0.322318	0.182505	0.00571759	-0.000131693	0.00391843
0.552803	-0.32232	0.182508	0.0057488	-0.000949982	0.00331161
0.552812	-0.32232	0.182515	0.00730294	-0.000107626	0.00474212
0.552822	-0.322318	0.182517	0.0079039	-0.000218482	0.00448461
0.552828	-0.322322	0.182527	0.0070462	-0.00147342	0.00591658
0.552839	-0.322319	0.182531	0.00758237	-0.000330079	0.00509567
0.552852	-0.322315	0.182539	0.00887744	0.000525086	0.00585249
0.552859	-0.322315	0.182539	0.00876584	-0.000534837	0.00471493
0.552871	-0.322318	0.182552	0.00910302	-0.001967	0.00713022
0.552891	-0.32232	0.182567	0.010376	-0.00219357	0.0091842
0.552898	-0.32232	0.182566	0.00924401	-1.92792e-05	0.00500683
0.55291	-0.32232	0.182576	0.0102192	-0.000318731	0.00683162
0.552921	-0.32232	0.182583	0.0113917	0.00121854	0.00721707
0.552933	-0.322319	0.182591	0.0123836	0.00239906	0.00756438
0.552947	-0.322316	0.182602	0.0153391	0.00667506	0.00722665
0.552955	-0.322316	0.182602	0.0138085	0.00537699	0.00534274
0.552968	-0.322312	0.182613	0.013563	0.00445041	0.0074493
0.552982	-0.322314	0.182621	0.0147889	0.00398924	0.00781837
0.552992	-0.322315	0.182624	0.0131082	0.00395699	0.00554028
0.553005	-0.322314	0.182634	0.0124894	0.00231146	0.00685157
0.55302	-0.322312	0.182646	0.0130316	0.00156207	0.00865646
0.553031	-0.322306	0.182647	0.0122541	0.00341088	0.00653589
0.553046	-0.322308	0.18266	0.0119522	0.00262073	0.00681434
0.553057	-0.322311	0.182668	0.0121884	0.00157625	0.00749523
0.553072	-0.322306	0.182673	0.0122565	0.00165892	0.00493908
0.553086	-0.322302	0.182679	0.0127746	0.00182648	0.00587894
0.553103	-0.322296	0.182687	0.0147117	0.002923	0.00721114
0.553115	-0.322298	0.182695	0.014126	0.00251068	0.00767636
0.553126	-0.322301	0.182705	0.0135984	0.00175238	0.00858154
0.553145	-0.322296	0.182714	0.0156119	0.00181763	0.00919317
0.553162	-0.322293	0.182726	0.0166816	0.00244959	0.0109717
0.553178	-0.322291	0.18273	0.0157212	0.00288824	0.00834311
0.553196	-0.322289	0.182743	0.0175901	0.00265214	0.0111743
0.553214	-0.322282	0.18275	0.0182488	0.00393859	0.0105899
0.553233	-0.322285	0.182766	0.0166241	0.00112811	0.0111507
0.553245	-0.322285	0.182771	0.0156535	0.00090133	0.00974544
0.553269	-0.322276	0.182783	0.0188496	0.00455738	0.0107381
0.553284	-0.322278	0.182793	0.0177825	0.00285715	0.010722
0.553305	-0.322274	0.182808	0.018732	0.00376462	0.0117446
0.55332	-0.322272	0.182814	0.018407	0.00387017	0.0129011
0.553335	-0.322265	0.182824	0.0178646	0.00402056	0.0127723
0.553346	-0.322262	0.182828	0.0155559	0.00506404	0.00919003
0.553355	-0.32226	0.182831	0.0123203	0.003369	0.00680169
0.553366	-0.322255	0.182842	0.0114571	0.00312103	0.00864888
0.553368	-0.322253	0.182845	0.00783983	0.0018537	0.0064301
0.553375	-0.322246	0.182848	0.00750415	0.00299621	0.00541094
0.553378	-0.322246	0.182853	0.00634485	0.00279785	0.00497594
0.553381	-0.322242	0.182857	0.0057122	0.00312958	0.00608159
0.553386	-0.322234	0.182861	0.00604384	0.00581521	0.00522942
0.553387	-0.322234	0.182861	0.00488933	0.00305472	0.00629403
0.553395	-0.322227	0.182876	0.00498886	0.00391362	0.00739078
0.553399	-0.322219	0.182877	0.00445322	0.00429854	0.00477025
0.5534	-0.322218	0.182881	0.00298318	0.00299494	0.00460654
0.553401	-0.322217	0.182881	0.00170633	0.0016307	0.00309666
0.553405	-0.322212	0.182882	0.00206146	0.00203351	0.00247195
0.553405	-0.322212	0.182889	0.0011046	0.000874235	0.00388786
0.553411	-0.322208	0.18289	0.00313809	0.0027733	0.00240135
0.553414	-0.322203	0.182893	0.00292359	0.0029572	0.0031292
0.553418	-0.322201	0.182901	0.00290547	0.00224011	0.00418017
0.553418	-0.322201	0.182897	0.00208945	0.00256036	0.00105407
0.55342	-0.322196	0.1829	0.00220418	0.00293541	0.00211178
0.553423	-0.322193	0.1829	0.00209467	0.00251936	0.00123582
0.553425	-0.32219	0.182902	0.00187591	0.00221047	0.00145018
0.553429	-0.322186	0.182907	0.00222296	0.00166147	0.00414754
0.55343	-0.322186	0.182906	0.00264755	0.00220788	0.00247221
0.55343	-0.322185	0.182907	0.00246789	0.00301565	0.00198384
0.553433	-0.322182	0.18291	0.00265253	0.00307553	0.00265154
0.553435	-0.322182	0.182916	0.00183234	0.00161921	0.00302715
0.553437	-0.322178	0.182918	0.00146333	0.0018371	0.00224326
0.553442	-0.322172	0.182919	0.00234372	0.00250439	0.00177463
0.553439	-0.322171	0.182918	0.00113461	0.00301385	0.00095494
0.553443	-0.322167	0.182921	0.00240373	0.00415276	0.00105138
0.553448	-0.322162	0.18292	0.00292999	0.00421931	0.000364671
0.553451	-0.322157	0.182925	0.00255364	0.00342071	0.00221112
0.553451	-0.322156	0.182923	0.00152635	0.00257645	0.000299984
0.553452	-0.322157	0.182928	0.000777239	0.000707564	0.00137135
0.553456	-0.322149	0.182927	0.00174762	0.00319598	0.000659177
0.553455	-0.322152	0.182927	0.000575543	0.000540591	0.000730417
0.553459	-0.322146	0.182927	0.00155869	0.00179742	0.000357247
0.55346	-0.322145	0.182927	0.00173839	0.00229235	0.000370173
0.553458	-0.322143	0.182922	0.000478901	0.00156921	-0.00129032
0.553461	-0.322142	0.182926	0.000818647	0.000818791	0.000619698
0.553465	-0.322134	0.182923	0.00254814	0.00435594	-0.000589397
0.553466	-0.322133	0.182925	0.00147929	0.0025669	-0.000380542
0.553468	-0.322132	0.182928	0.00232745	0.00330171	0.00107009
0.553466	-0.322132	0.182923	0.00055183	0.00183376	-0.000917628
0.553468	-0.322133	0.182925	0.000712881	-3.27092e-05	-3.03328e-05
0.553466	-0.322131	0.182925	-0.000162474	0.000509975	-1.77391e-05
0.553467	-0.322132	0.182927	-3.25031e-05	-0.000222504	0.000305817
0.553471	-0.322127	0.182929	0.00175664	0.00102013	0.00160369
0.553469	-0.322126	0.182923	0.000318991	0.000663218	-0.00102205
0.553475	-0.32212	0.182924	0.001526	0.00178767	-0.000198155
0.553473	-0.322122	0.182928	0.000456635	0.000161989	0.00119827
0.553473	-0.322121	0.182924	3.60897e-05	0.000349459	-0.000879522
0.55347	-0.322123	0.182923	-0.00123934	-0.000912114	-0.000813671
0.553468	-0.32212	0.182915	-0.00125684	-0.000290377	-0.00284584
0.553473	-0.322116	0.182919	-0.000698291	0.00177523	-0.00191244
0.553471	-0.322119	0.18292	-0.00128441	0.0003505	-0.00116536
0.553469	-0.322122	0.18292	-0.000663273	0.000466469	-0.00120246
0.553469	-0.322118	0.182915	-0.000863416	0.00143185	-0.00269291
0.553471	-0.322117	0.182916	0.00018543	0.00127927	-0.00168371
0.553469	-0.322119	0.182915	-0.000725508	0.000241899	-0.000735758
0.553466	-0.32212	0.18291	-0.00161395	-0.000471826	-0.00206333
0.553464	-0.322119	0.182906	-0.00166071	-0.000380359	-0.00239212
0.553467	-0.32212	0.18291	4.35462e-05	-0.000315914	-0.000454219
0.553468	-0.322114	0.182907	0.000226258	0.001671	-0.0015787
0.553465	-0.322116	0.182904	-0.00110986	8.38068e-05	-0.00260719
0.553467	-0.322113	0.182903	-0.000288368	0.00107447	-0.00183755
0.553465	-0.322114	0.182897	-0.000762335	-0.000208176	-0.00259863
0.553464	-0.322118	0.182902	-0.00101737	-0.00188163	4.09783e-05
0.553465	-0.322112	0.182898	-3.78846e-08	0.00106095	-0.00147372
0.553463	-0.322116	0.182896	-0.00110296	-0.000591882	-0.00215791
0.553465	-0.322113	0.182896	-6.61783e-05	0.000558241	-0.00131952
0.553464	-0.322114	0.182894	-0.000302773	-9.99221e-05	-0.00177773
0.553462	-0.322117	0.182894	-0.000654729	-0.00117606	-0.000570346
0.553464	-0.322117	0.182897	-0.000277425	-0.000838007	0.000212998
0.553464	-0.322112	0.182887	0.000502111	0.00254863	-0.00303104
0.553463	-0.322117	0.18289	-0.000153663	-0.00024739	0.000157322
0.553462	-0.322116	0.182885	-0.000506547	6.5607e-05	-0.00167058
0.553464	-0.322116	0.18289	0.00067582	0.000186155	0.00105041
0.553462	-0.322116	0.182887	-0.000260399	-9.69292e-05	-0.000277514
0.553461	-0.322116	0.182885	-0.00084447	-0.000268612	-0.0011621
0.553465	-0.322112	0.182887	0.000909022	0.000940881	2.18185e-05
0.553464	-0.322113	0.182885	0.000146211	0.000244616	-0.000650763
0.553461	-0.322117	0.182887	-0.000831881	-0.00131361	0.000366929
0.553464	-0.322115	0.182887	0.00020676	-4.35628e-05	0.000109277
0.553463	-0.322118	0.182887	-0.000314636	-0.00102581	-0.000306104
0.553462	-0.322116	0.182883	-0.00027963	5.86021e-05	-0.00110699
0.553461	-0.322113	0.182883	-0.000470721	0.000913966	-0.000586463
0.553463	-0.322117	0.182887	0.000239105	-0.00123104	0.000722169
0.553462	-0.322112	0.18288	4.47301e-05	0.00138726	-0.00171261
0.553463	-0.322115	0.182886	3.71447e-05	-0.000484773	0.000949788
0.553463	-0.322111	0.182884	8.6013e-05	0.00103671	-4.04113e-05
0.553461	-0.322111	0.182879	-0.000576072	0.000443062	-0.00182989
0.55346	-0.322114	0.182882	-0.000514627	-0.000361622	-8.27215e-05
0.55346	-0.322113	0.182881	-0.000577222	-3.40847e-05	-0.000414671
0.553459	-0.322112	0.182878	-0.000788268	0.000210141	-0.0012051
0.553459	-0.322116	0.182882	-0.000401944	-0.00127988	0.00048392
0.55346	-0.322113	0.182884	-5.64427e-05	-0.000336171	0.00114955
0.55346	-0.322112	0.182883	-0.000185617	-0.000138644	0.000147975
0.55346	-0.32211	0.182879	-0.000281297	0.000719346	-0.00137443
0.55346	-0.32211	0.18288	-0.000101626	0.000407317	-0.000346264
0.553462	-0.322108	0.182884	0.000450839	0.000598566	0.000979369
0.553459	-0.322115	0.182884	-0.000863315	-0.00156628	0.000579014
0.553461	-0.322106	0.182878	0.000263992	0.00185396	-0.00167894
0.553462	-0.322109	0.18288	0.000370626	0.000367706	-0.000446647
0.553461	-0.322109	0.182881	-0.000264594	-1.73299e-05	0.000188637
0.553461	-0.32211	0.18288	-0.000139402	-6.8215e-05	-0.000674664
0.553462	-0.322109	0.182885	0.000604328	0.000167417	0.00187299
0.553461	-0.322115	0.182886	3.00591e-05	-0.00167223	0.00137603
0.553465	-0.322109	0.182886	0.000866337	0.000372754	0.000943861
0.553464	-0.322112	0.18289	0.000559398	-0.000368617	0.0017883
0.553466	-0.322106	0.182888	0.00102221	0.00137682	0.000953962
0.553466	-0.322106	0.182887	0.000278037	0.000512422	1.85496e-05
0.553468	-0.322108	0.182888	0.000575575	-0.000639104	0.000478383
0.553467	-0.322108	0.182892	9.35591e-06	-0.000165441	0.00113709
0.553468	-0.322107	0.182895	0.000718122	8.24834e-05	0.00223018
0.553468	-0.322106	0.182892	0.000248495	0.000211835	0.000301216
0.553468	-0.322109	0.182893	2.96089e-05	-0.00111589	0.000279794
0.553469	-0.322111	0.182899	0.000398006	-0.000986173	0.00199052
0.553469	-0.322109	0.182898	0.000253498	4.6956e-05	0.000940877
0.553473	-0.322109	0.1829	0.00173427	-0.00010681	0.00160801
0.55347	-0.322108	0.182896	0.000188846	-0.000171033	-0.00020712
0.553472	-0.322109	0.1829	0.000427825	-0.000892041	0.00138154
0.553471	-0.322111	0.182901	0.000524594	-0.000770615	0.00125168
0.553473	-0.322111	0.182903	0.00135702	0.000270172	0.00133023
0.553473	-0.32211	0.182902	0.000589855	-0.000330191	0.000874453
0.553472	-0.322109	0.182901	9.25131e-05	-3.14094e-05	0.000204619
0.553472	-0.322113	0.182906	-0.000151298	-0.00125443	0.00186234
0.553473	-0.322107	0.182901	0.000496948	0.000924672	-0.000450378
0.553471	-0.322112	0.182899	-0.000676371	-0.000846913	-0.000889753
0.553476	-0.322107	0.182903	0.00119408	0.00110321	0.000922626
0.55347	-0.322111	0.182899	-0.00102476	-0.000792172	-0.000711531
0.553472	-0.322111	0.182901	-0.000136341	-0.000926038	0.000272738
0.553473	-0.322111	0.182903	0.00031298	-0.000174582	0.00071638
0.55347	-0.322114	0.182901	-0.00101808	-0.00134972	-0.000442182
0.553474	-0.322109	0.182905	0.000953218	0.000738718	0.00124377
0.553469	-0.322115	0.1829	-0.00139859	-0.00155179	-0.00132578
0.55347	-0.322115	0.182902	-0.000546308	-0.000979477	5.37056e-05
0.55347	-0.322113	0.182896	-0.000380242	5.21929e-05	-0.00163571
0.553469	-0.322112	0.182897	-0.000146386	0.000659928	-0.000880828
0.553468	-0.322112	0.182897	-0.000529803	2.57141e-05	-0.0003321
0.553466	-0.322113	0.182896	-0.00108478	-0.000895974	-0.000861492
0.553466	-0.322114	0.182895	-0.000900431	-0.000505882	-0.00121543
0.553467	-0.322114	0.182896	-0.000498586	-0.000272157	-0.000784045
0.553466	-0.322115	0.182897	-0.000300216	-0.000360853	9.13287e-05
0.553463	-0.322118	0.182893	-0.000365638	-0.00210063	0.00344226
0.553458	-0.322121	0.182889	-0.00138476	-0.00203914	0.00136653
0.553462	-0.32212	0.182895	0.00019217	-0.00136801	0.00302311
0.553462	-0.322118	0.182889	0.000294564	0.000200829	0.000449763
0.55346	-0.322121	0.182889	-0.000593458	-0.00132405	0.00041803
0.55346	-0.322119	0.182888	-0.00110879	0.000330564	-0.0040063
0.553462	-0.322116	0.182888	-0.000533922	0.000745293	-0.0029299
0.553459	-0.32212	0.182887	-0.0003907	0.000244643	-0.00133323
0.553458	-0.322121	0.182885	-0.000493215	0.000298537	-0.00213586
0.553455	-0.322125	0.182887	-0.00126785	-0.00124461	-0.000729765
0.553451	-0.322127	0.182879	-0.00197778	-0.00152213	-0.00296724
0.553454	-0.322123	0.182882	-0.0001674	0.000368438	-0.000812922
0.553451	-0.322131	0.182886	-0.00335176	-0.00596613	0.000632928
0.553452	-0.322128	0.18288	-0.00207899	-0.00305966	-0.00171311
0.55345	-0.322131	0.182883	-0.00185204	-0.00344735	4.97166e-05
0.553452	-0.322128	0.182882	-0.00114945	-0.00186885	-0.000574154
0.553448	-0.322132	0.182879	-0.00209014	-0.00262267	-0.00134884
0.55345	-0.322132	0.182883	-0.000692263	-0.00172027	0.000665176
0.553448	-0.322134	0.182877	-0.000996441	-0.00153284	-0.00164817
0.553445	-0.322136	0.182876	-0.00197888	-0.00163426	-0.00156651
0.553446	-0.32214	0.182878	-0.000696914	-0.00225602	-0.000271522
0.553449	-0.322134	0.182879	0.000930741	0.00109168	0.000144433
0.553446	-0.322138	0.18288	-0.000502573	-0.00142061	0.000664365
0.553442	-0.322143	0.182875	-0.00159892	-0.00220256	-0.00141175
0.55344	-0.322143	0.18287	-0.00154767	-0.00118426	-0.00237882
0.55344	-0.322144	0.182875	-0.000991751	-0.00151001	0.000107741
0.55344	-0.322143	0.182871	-0.000885107	-0.00018884	-0.00145024
0.553442	-0.322143	0.182876	-0.000136653	-0.000429102	0.000505797
0.553438	-0.322146	0.182869	-0.00108127	-0.000966027	-0.00195223
0.553438	-0.322146	0.182874	-0.00054185	-0.00074221	0.000627434
0.553437	-0.322148	0.182872	-0.000839484	-0.00147705	-0.00040597
0.553434	-0.322151	0.18287	-0.00250146	-0.00353941	-0.000679674
0.553436	-0.322152	0.182873	-0.000857433	-0.00233505	0.000265945
0.553434	-0.322155	0.18287	-0.00145155	-0.0025434	-0.000949083
0.553436	-0.322149	0.182871	-0.000227788	-0.000254683	0.000159479
0.553434	-0.322154	0.18287	-0.00113748	-0.00164782	-0.00045371
0.553433	-0.322155	0.182872	-0.000721243	-0.00123851	0.000232854
0.553429	-0.322157	0.182869	-0.00158167	-0.00150274	-0.000542061
0.553433	-0.322159	0.182876	-0.000356195	-0.00220703	0.00183272
0.55343	-0.322161	0.18287	-0.00114887	-0.00156329	-0.000882393
0.553427	-0.322162	0.18287	-0.00117469	-0.00144013	-0.000391551
0.553427	-0.32216	0.182868	-0.00173967	-0.00184131	-0.000727261
0.553428	-0.322161	0.182869	-0.00100475	-0.00157438	-0.00012916
0.553428	-0.322159	0.182868	-0.000835673	-0.00108353	-0.000624621
0.553429	-0.322161	0.182869	-0.000286043	-0.000961056	-6.15212e-05
0.553429	-0.322159	0.18287	-0.000111552	-0.000102338	0.000153782
0.553424	-0.322164	0.182868	-0.00189316	-0.00172637	-0.000718228
0.553424	-0.322164	0.182867	-0.00106623	-0.000716786	-0.000479535
0.553428	-0.322167	0.182876	0.000788332	-0.00194362	0.00260753
0.553428	-0.322167	0.182873	0.000366476	-0.00114276	0.00058299
0.553427	-0.322166	0.182873	5.46487e-05	-0.000730144	0.000671436
0.553425	-0.322167	0.182869	-0.000453114	-0.000837126	-0.000685235
0.553427	-0.322166	0.182873	3.18785e-05	-7.0118e-05	0.000418239
0.553428	-0.322168	0.182875	0.000524657	-0.00041018	0.000961627
0.553429	-0.322163	0.182872	0.000551539	0.000979787	-0.000279975
0.553426	-0.322167	0.18287	-0.000389817	-0.000154634	-0.000519572
0.553429	-0.322163	0.182874	0.000551321	0.000704167	0.0008927
0.553428	-0.322165	0.182873	0.000215747	-0.000116544	0.000318694
0.553429	-0.322167	0.182878	0.000365876	-0.000266239	0.00142505
0.553429	-0.322167	0.182875	-0.000305905	-0.00049921	-0.000283953
0.55343	-0.322169	0.182878	0.000367686	-0.000687782	0.00140652
0.553431	-0.322166	0.182877	0.000656137	0.000629576	0.000322151
0.55343	-0.322168	0.182876	7.5713e-05	-0.00069693	7.01492e-06
0.553428	-0.322169	0.182875	-0.000504617	-9.72062e-05	-0.000715797
0.553434	-0.322167	0.182879	0.00152136	0.000141025	0.00158371
0.553429	-0.322167	0.182873	-0.000391746	0.000265946	-0.00121199
0.553435	-0.322165	0.182885	0.00145774	0.00041456	0.00290186
0.553434	-0.322165	0.18288	0.000507454	0.000639827	0.000389634
0.553437	-0.322162	0.182882	0.00120362	0.00124009	0.000645026
0.553434	-0.322165	0.182882	-0.000279489	6.60571e-05	0.00030087
0.553431	-0.322171	0.182881	-0.00118765	-0.0020268	-0.000105466
0.553437	-0.322164	0.182886	0.00119004	0.000816542	0.00152509
0.553436	-0.322166	0.182883	0.000563249	6.31677e-05	0.000142464
0.553438	-0.322164	0.182888	0.000720827	0.000444854	0.0015621
0.553436	-0.322165	0.182887	-7.5016e-05	2.62339e-05	0.000631665
0.553437	-0.322167	0.182887	0.000442126	-0.000314616	0.000622378
0.553436	-0.322167	0.182888	-0.000229109	-0.000604859	0.000598825
0.55344	-0.322165	0.182887	0.00109192	0.000890034	-1.50789e-05
0.553441	-0.322164	0.182889	0.00214962	0.000817536	0.00136644
0.553438	-0.322166	0.182888	0.000167867	-0.000657766	0.000773172
0.553439	-0.322164	0.182889	0.000751631	0.000516144	0.000613665
0.55344	-0.322163	0.18289	0.000458399	0.000456298	0.000701878
0.553442	-0.322164	0.182895	0.00109765	-0.000221783	0.00237936
0.553442	-0.322162	0.182891	0.00108254	0.00100797	0.000420307
0.553441	-0.322162	0.182892	0.00030223	0.000222993	0.000578212
0.553443	-0.322163	0.182893	0.000634651	-0.000107238	0.000475132
0.553443	-0.322161	0.182893	0.000614135	0.000568114	0.00055872
0.553442	-0.322165	0.182894	0.000116352	-0.000869999	0.000786938
0.553443	-0.322161	0.182892	0.000259597	0.000714349	-0.000446558
0.553444	-0.322159	0.182893	0.000332728	0.00105853	-1.43829e-05
0.553445	-0.322158	0.182889	0.000456766	0.00126991	-0.00142468
0.553445	-0.322159	0.182891	0.000800662	0.000491329	-0.000275044
0.553447	-0.322159	0.182896	0.000932735	4.91682e-05	0.00166957
0.553445	-0.322157	0.182891	-0.000181251	0.00059294	-0.000839822
0.553447	-0.322157	0.182893	0.000571571	0.000588809	0.000417084
0.553449	-0.322154	0.182892	0.00115423	0.00124783	0.000121299
0.553448	-0.322157	0.18289	1.10703e-06	6.66792e-06	-0.00108147
0.553448	-0.322159	0.182898	0.000269811	-0.000835877	0.00217136
0.553447	-0.322157	0.182893	-0.000173912	0.000324054	-0.000691062
0.553447	-0.322155	0.182889	4.39293e-05	0.000806932	-0.00102967
0.553449	-0.322156	0.182896	0.00066633	9.01736e-05	0.00145362
0.553446	-0.322156	0.182891	-0.000610616	0.00012248	-0.000937454
0.553452	-0.322154	0.182897	0.00187468	0.000811511	0.00144488
0.55345	-0.322155	0.182892	0.00045601	0.000365313	-0.000572539
0.553451	-0.322153	0.182894	0.000616565	0.000771377	0.000490957
0.553454	-0.322147	0.182892	0.0013623	0.00190837	-0.000406743
0.55345	-0.32215	0.182891	-0.000163889	0.000573334	-0.000458461
0.55345	-0.322148	0.182887	2.15091e-06	0.0010437	-0.00145798
0.55345	-0.322154	0.182889	-0.000372451	-0.00106531	-0.000832428
0.55345	-0.32215	0.18289	-4.05496e-05	0.00045525	-8.79891e-05
0.553452	-0.322148	0.182892	0.000432175	0.000815585	0.000516392
0.553451	-0.322147	0.182888	0.000259427	0.0011482	-0.00086422
0.55345	-0.32215	0.182891	-0.00044044	-0.000825161	0.00056515
0.553452	-0.322145	0.182886	0.000243154	0.00111093	-0.00132737
0.55345	-0.322144	0.182883	-0.000488608	0.000567003	-0.00185898
0.553451	-0.32215	0.182889	-0.000169295	-0.00116726	0.000642751
0.553453	-0.322143	0.182883	0.000381438	0.00159365	-0.0016856
0.553455	-0.322142	0.182887	0.000875728	0.00139987	0.00013358
0.553451	-0.322143	0.182883	-0.000673701	0.000381899	-0.00124898
0.553452	-0.322145	0.182885	-0.000106161	-0.000699324	0.000458772
0.55345	-0.322145	0.182882	-0.000218499	-0.000380909	-0.000312312
0.553452	-0.322142	0.18288	0.000255176	0.000923342	-0.00136801
0.553452	-0.322139	0.182881	1.80819e-05	0.00138875	-0.00101549
0.553453	-0.32214	0.182883	0.000372228	0.000670333	0.000250821
0.553452	-0.322145	0.182883	-0.000157979	-0.00127541	0.000248744
0.553452	-0.32214	0.182877	-0.000248874	0.00068681	-0.00165584
0.55345	-0.322141	0.182874	-0.000468496	0.000543593	-0.00229288
0.55345	-0.32214	0.182876	-0.000565343	0.000644445	-0.00106056
0.553451	-0.322143	0.182879	-0.000120129	-0.000451778	1.40248e-05
0.553454	-0.322139	0.182878	0.000659768	0.000506669	-0.000153349
0.553455	-0.322142	0.182885	0.000690459	-0.000574119	0.00192903
0.553451	-0.322135	0.182871	-0.000469255	0.00167915	-0.00244233
0.553455	-0.322134	0.182874	0.000660964	0.00113692	-0.00114042
0.553451	-0.322141	0.182878	-0.000633403	-0.00129531	0.000633915
0.553454	-0.322132	0.182871	0.000569451	0.00189938	-0.00185001
0.553452	-0.322134	0.182872	-0.000233975	0.000355203	-0.000482172
0.553452	-0.322136	0.182872	-0.000325136	-0.000375329	-0.000579333
0.553454	-0.322133	0.182871	0.000288301	0.000818815	-0.000928766
0.553454	-0.322135	0.182875	9.06174e-05	-0.000117718	0.000540792
0.553456	-0.322132	0.182872	0.000695554	0.000892956	-0.000440034
0.553455	-0.322136	0.182875	3.51095e-05	-0.000457801	0.000275781
0.553454	-0.322133	0.182874	0.000149079	0.000284276	0.000440737
0.553455	-0.322133	0.182872	-0.000120285	0.000376127	-0.000916385
0.553453	-0.322134	0.18287	-0.000504848	-0.000213999	-0.0011791
0.553454	-0.322131	0.182868	0.000175421	0.000956811	-0.00135608
0.553455	-0.322136	0.182878	0.000383259	-0.00093559	0.00239577
0.553453	-0.322136	0.182872	-0.000580842	-0.000790479	2.8318e-05
0.553455	-0.322136	0.182873	0.000467388	-0.000381236	0.000739927
0.553455	-0.322132	0.182869	0.000102429	0.000600325	-0.00105283
0.553456	-0.322132	0.182867	0.000638516	0.000650483	-0.00114279
0.553455	-0.32213	0.182867	-0.000196226	0.000864332	-0.000705227
0.553454	-0.322136	0.182875	-0.000238795	-0.00140909	0.00223505
0.553452	-0.322134	0.182865	-0.000753692	0.000126749	-0.00183256
0.553455	-0.32213	0.182867	0.000262179	0.000990613	-0.000555929
0.553456	-0.322134	0.182873	0.000383979	-0.000193977	0.00117548
0.553457	-0.322131	0.182871	0.0007281	0.000946576	0.000215501
0.553455	-0.322138	0.182877	-8.82262e-05	-0.00174659	0.00218307
0.553453	-0.322136	0.182866	-0.00102751	-0.000509777	-0.00246189
0.553456	-0.322137	0.182878	0.000572031	-0.000510492	0.00230063
0.553451	-0.322137	0.182868	-0.00116003	-0.000669393	-0.00153468
0.553455	-0.322134	0.182871	0.000206951	0.00028898	-4.51996e-05
0.553455	-0.322135	0.182875	-1.15242e-05	-0.000428901	0.00105967
0.553454	-0.322136	0.182871	-0.000107085	-7.01695e-05	-0.00043015
0.553455	-0.322136	0.182874	0.000302939	-0.000273282	0.000619155
0.553456	-0.322132	0.182873	0.000490487	0.00152337	-0.000164818
0.553452	-0.322135	0.182868	-0.00114821	-0.000105856	-0.00177637
0.553457	-0.322131	0.182872	0.000972952	0.000853029	-3.06761e-05
0.553454	-0.322135	0.182872	5.73309e-05	-0.000378995	0.00078096
0.553457	-0.322131	0.182872	0.000625506	0.000744879	0.000545267
0.553456	-0.32213	0.182873	0.000439383	1.89493e-05	0.000939401
0.553455	-0.32213	0.182867	-0.000236569	0.000380319	-0.00140679
0.553455	-0.322133	0.182871	0.000227183	-0.000677061	0.000353175
0.553455	-0.322134	0.182872	3.12431e-05	-0.00102488	0.000844848
0.553459	-0.322131	0.182876	0.00127796	0.000538256	0.00155689
0.55346	-0.32213	0.182876	0.00148186	0.00134742	0.00109571
0.553459	-0.322128	0.182871	0.000489768	0.0012369	-0.000807832
0.553458	-0.32213	0.182876	9.21975e-05	-0.000409739	0.00122102
0.553455	-0.322135	0.182871	-0.000905347	-0.00169813	-0.000671494
0.553459	-0.322126	0.182869	0.000470539	0.00160828	-0.00132379
0.553456	-0.322133	0.182874	-0.000512269	-0.00115887	0.000849052
0.553455	-0.322129	0.182868	-0.00107478	0.000442927	-0.00167647
0.553462	-0.322129	0.182878	0.00185567	0.000598057	0.00251583
0.553457	-0.322133	0.182875	-0.000596329	-0.00112072	0.000290534
0.553455	-0.32213	0.18287	-0.000854326	0.000284794	-0.00168938
0.553456	-0.32213	0.182871	-0.000443035	0.000141003	-0.000557511
0.55346	-0.322129	0.182876	0.00123055	0.000431585	0.00135237
0.553458	-0.322129	0.182871	0.000528315	0.000457531	-0.000332048
0.553459	-0.322128	0.182874	0.000304954	0.000331936	0.000603949
0.553461	-0.322126	0.182873	0.000727375	0.000616383	0.000218921
0.553459	-0.322127	0.182872	0.000167365	0.000571165	-0.000212562
0.553455	-0.322129	0.182868	-0.00139486	-0.000630849	-0.00150655
0.553459	-0.322127	0.182874	0.000721169	0.000506449	0.000976216
0.55346	-0.322126	0.182873	0.000139592	-8.08194e-05	8.18143e-05
0.553462	-0.322125	0.182873	0.000770288	0.000821499	-0.000176796
0.553459	-0.322127	0.182875	-0.000240474	-0.000294705	0.000915867
0.553459	-0.322127	0.182871	6.04692e-05	0.000338866	-0.00078262
0.553459	-0.322126	0.182873	-0.000328456	-0.000224018	0.000253082
0.553462	-0.322125	0.182875	0.000357819	0.000180341	0.000529261
0.553461	-0.322125	0.182871	-0.000136115	0.000361743	-0.0014483
0.553462	-0.322125	0.182875	-3.37643e-05	0.000160009	0.000476962
0.553462	-0.322124	0.182875	0.000572946	0.000400579	0.000725895
0.553462	-0.322125	0.182874	0.000555265	0.00019125	0.000227039
0.553462	-0.322125	0.182877	0.000633359	-3.635e-05	0.00136257
0.553461	-0.322124	0.182872	-0.000458828	0.000520423	-0.00107223
0.553462	-0.322121	0.182871	0.000207358	0.000712441	-0.000874094
0.553462	-0.322123	0.182876	0.000166082	-0.000238105	0.00114824
0.55346	-0.322125	0.182871	-0.000738598	-0.000874653	-0.00103837
0.55346	-0.322123	0.18287	-0.00020417	0.000538985	-0.000978886
0.553458	-0.322127	0.182866	-0.00107935	-0.0010708	-0.00211969
0.55346	-0.322125	0.182871	-0.000832055	0.000267341	-0.000423148
0.553462	-0.322125	0.182874	-0.000213156	-7.33662e-05	0.000631207
0.553462	-0.322123	0.182873	-0.000493838	0.000118491	3.57082e-05
0.553459	-0.322126	0.182871	-0.0012747	-0.000717736	-0.00042387
0.553462	-0.322122	0.182871	-0.000124796	0.000450787	-0.000542541
0.553463	-0.32212	0.182871	0.000448083	0.00130972	-0.00038058
0.553462	-0.322124	0.182873	-0.000174754	-0.000234476	0.000346263
0.553462	-0.322123	0.182872	-8.39712e-05	-0.000180234	-0.000605892
0.55346	-0.322125	0.182871	-0.000806589	-0.000980109	-0.000229681
0.553462	-0.322122	0.182871	4.11007e-05	0.000345912	-0.000135063
0.55346	-0.322121	0.182868	-0.000349611	0.000457673	-0.000998032
0.553459	-0.322124	0.182869	-0.000847419	-0.000654847	-0.000743917
0.55346	-0.322124	0.182864	-0.000337173	0.000129231	-0.00191657
0.55346	-0.322127	0.182872	0.000193372	-0.000888766	0.00140451
0.553457	-0.322123	0.182865	-0.000629915	0.000564642	-0.00126034
0.553456	-0.322125	0.182859	-0.00115857	-0.000497814	-0.00285104
0.553461	-0.322125	0.182871	0.00092288	-5.75656e-05	0.0017578
0.553458	-0.322126	0.182868	-0.000568422	-0.00069149	0.000427404
0.553459	-0.322122	0.182864	6.64413e-06	0.000687391	-0.000853733
0.55346	-0.322125	0.182868	0.000375868	-0.000501484	0.000744294
0.553457	-0.322127	0.182863	-0.000661407	-0.000398914	-0.0016676
0.553459	-0.322126	0.182866	0.00011036	5.42594e-05	0.000123875
0.553455	-0.322126	0.182861	-0.00121768	-0.00050816	-0.00128162
0.553457	-0.322126	0.182862	-7.24526e-05	-0.00011451	-0.000726293
0.553454	-0.322129	0.182862	-0.000990354	-0.000856782	-6.71279e-05
0.553454	-0.322133	0.182863	-0.000671312	-0.00184749	-0.00106963
0.553454	-0.322131	0.182863	-0.000642985	-0.000405694	-0.000990655
0.553452	-0.322133	0.182861	-0.000861233	-0.000693113	-0.00134813
0.55345	-0.322137	0.182858	-0.00107616	-0.00151987	-0.00174663
0.55345	-0.322136	0.182862	-0.000711799	-0.00101489	0.000127041
0.553451	-0.322134	0.182858	-0.000434857	-6.00909e-05	-0.00109168
0.553448	-0.322135	0.18285	-0.00104385	-0.000243823	-0.00306966
0.553449	-0.322139	0.182861	-9.60234e-05	-0.00115848	0.00114508
0.553447	-0.32214	0.182858	-0.000521221	-0.00122864	0.000155541
0.553448	-0.322138	0.18286	-0.000109126	-0.000306443	0.000940704
0.553447	-0.322141	0.182859	-0.00147667	-0.00110115	-0.000399582
0.553444	-0.322146	0.182859	-0.00207053	-0.00209076	-0.000978942
0.553446	-0.322145	0.182859	-0.00087618	-0.00104218	-0.000395651
0.553443	-0.322149	0.182859	-0.00174768	-0.0019961	-0.000642222
0.553443	-0.32215	0.182859	-0.00093387	-0.00153655	-7.35472e-05
0.553446	-0.322149	0.182866	0.000293793	-0.000226663	0.00170644
0.553445	-0.32215	0.182866	-6.11217e-05	-0.00067327	0.00116881
0.553445	-0.322151	0.182861	-0.000196243	-0.00104895	-0.000364005
0.553442	-0.322152	0.182862	-0.00079585	-0.000993423	0.000189462
0.553444	-0.322152	0.182865	2.71119e-05	-0.00036038	0.000504191
0.553443	-0.322155	0.182864	-0.0003731	-0.00131831	7.19472e-05
0.553441	-0.322155	0.18286	-0.000667743	-0.000674868	-0.000860174
0.553441	-0.322158	0.182862	-0.00233002	-0.00417726	-0.000471634
0.553443	-0.322158	0.182867	-0.00134717	-0.0033159	0.00149578
0.553442	-0.322159	0.182864	-0.00122444	-0.00292331	0.000161451
0.553441	-0.32216	0.182865	-0.0013562	-0.00247355	0.000306558
0.553439	-0.322163	0.182865	-0.00126977	-0.00227236	0.000197826
0.553441	-0.322162	0.182866	-0.000300992	-0.00130323	0.000534858
0.55344	-0.32216	0.182865	-0.00069742	3.2814e-05	-0.00013402
0.553436	-0.322163	0.182862	-0.00132129	-0.000894639	-0.0012777
0.553437	-0.322164	0.182865	-0.000469089	-0.000869955	9.75839e-05
0.553438	-0.322163	0.182864	0.000103854	-0.000191759	-0.000191535
0.553437	-0.322164	0.182862	-0.00059469	-0.000374955	-0.00108403
0.553438	-0.322162	0.182865	-6.00328e-05	0.000138048	0.00074355
0.553436	-0.322164	0.182861	-0.000627535	-0.000232886	-0.000763533
0.553436	-0.322162	0.182858	-0.000416885	0.000520037	-0.00174346
0.553435	-0.322167	0.182867	-0.00073554	-0.00132075	0.00146797
0.553436	-0.32216	0.182857	-7.77174e-05	0.00149367	-0.00163452
0.553438	-0.322163	0.182865	0.000580038	-3.54539e-05	0.00133566
0.553434	-0.322164	0.182859	-0.00126649	-0.000260574	-0.00142175
0.553433	-0.322162	0.182858	-0.000567334	0.000223982	-0.000878408
0.553429	-0.322167	0.182856	-0.00155543	-0.00105852	-0.00106596
0.553435	-0.322159	0.182859	0.00104732	0.00197412	-0.000155586
0.553435	-0.322164	0.182858	8.52174e-05	-0.000364004	-0.000665947
0.553432	-0.322165	0.182857	-0.000983248	-0.000247015	-0.000982969
0.553432	-0.322167	0.182862	-0.000407183	-0.000941501	0.000868597
0.553431	-0.322165	0.182859	-0.000257037	-1.54489e-05	0.000266289
0.553431	-0.322165	0.182857	-3.15992e-05	-2.4996e-05	-0.00012528
0.553432	-0.322163	0.182858	0.000556039	0.000896603	-1.40223e-05
0.553434	-0.322165	0.182861	-8.64324e-05	0.000441886	-7.60124e-05
0.553431	-0.322164	0.182854	-0.00122708	0.000323245	-0.0020229
0.553435	-0.322158	0.182854	0.000253403	0.00220013	-0.00134674
0.553433	-0.322164	0.182859	-0.000235514	-0.000315893	0.00053747
0.553433	-0.322162	0.182857	-0.000330197	0.00054998	-0.000623669
0.553435	-0.322158	0.18286	0.000417317	0.00137067	0.000509874
0.553432	-0.322163	0.182856	-0.000569966	-0.000590387	-0.000549971
0.553432	-0.322162	0.182857	-0.00033154	0.00021189	-0.000169805
0.553434	-0.322161	0.182859	0.000181795	0.000578668	0.000470833
0.553434	-0.322159	0.182857	0.000545168	0.000801896	5.22639e-05
0.553436	-0.322157	0.182857	0.000664128	0.000984006	0.000101916
0.553437	-0.32216	0.182857	0.000796398	-0.000198945	-6.34261e-05
0.553439	-0.322154	0.182857	0.00119926	0.00216545	-0.000172412
0.553437	-0.322157	0.182858	0.000238798	0.000440628	-0.000118889
0.553441	-0.322152	0.182858	0.00126215	0.00157612	0.000281554
0.553439	-0.322156	0.182858	0.000301268	-0.000569003	0.000520564
0.553441	-0.322157	0.182862	0.000808261	-0.000174242	0.00130034
0.553441	-0.322154	0.182859	0.000519802	0.000618415	-3.77095e-05
0.55344	-0.322157	0.182862	-0.000417757	-0.000451082	0.000181034
0.55344	-0.322154	0.182859	0.000193195	0.000775338	-0.000447849
0.553443	-0.322151	0.182861	0.00111177	0.00119384	0.000704695
0.553443	-0.322152	0.182862	0.000833758	0.000754139	0.00101214
0.553442	-0.322156	0.18286	0.000264439	-0.000699502	0.000162669
0.553446	-0.322149	0.182864	0.000799205	0.00124267	0.000645881
0.553443	-0.32215	0.182859	-0.000111712	0.000550239	-0.00134787
0.553444	-0.322154	0.182867	0.000331993	-0.000637538	0.00180742
0.553444	-0.322148	0.18286	0.000310936	0.00158107	-0.000652462
0.553445	-0.322148	0.182862	0.000167483	0.000392414	-0.000121892
0.553444	-0.322145	0.182858	-0.000231029	0.0012153	-0.00137233
0.553448	-0.322145	0.182864	0.00109365	0.000693805	0.000759402
0.553446	-0.322145	0.182859	-4.51313e-05	0.000282732	-0.00101422
0.553447	-0.322142	0.182861	0.00046613	0.00119023	0.000172544
0.553447	-0.322142	0.182856	0.000297154	0.00153554	-0.00163773
0.553449	-0.32214	0.182857	0.000568672	0.00143607	-0.000500024
0.553447	-0.32214	0.182853	-9.51182e-05	0.000615615	-0.00145866
0.553447	-0.322142	0.182856	2.9729e-05	-0.000328011	-0.000103051
0.553449	-0.322138	0.182856	0.000649789	0.00126731	0.000234009
0.553447	-0.32214	0.182853	-0.000116647	2.15088e-05	-0.001273
0.55345	-0.322136	0.182857	0.00282583	0.00490346	0.000533539
0.55345	-0.322134	0.182852	0.00158719	0.003882	-0.00110549
0.553451	-0.322136	0.182855	0.0016668	0.00236433	-1.94332e-05
0.553451	-0.322136	0.182856	0.00138116	0.00173822	0.000524006
0.55345	-0.322135	0.182854	0.000940598	0.0014823	0.000340973
0.553446	-0.322136	0.182852	-0.000549089	0.000409922	-0.000542072
0.553447	-0.322139	0.18285	-0.00022649	-0.000353797	-0.000826813
0.553446	-0.322137	0.182852	-1.85249e-05	0.000449591	0.000472446
0.553449	-0.322134	0.182854	0.000796671	0.00112526	0.000676371
0.55345	-0.322133	0.182852	0.00072882	0.00127181	-3.76783e-05
0.553448	-0.322137	0.182854	-0.000327181	-0.000741268	0.000485624
0.553449	-0.322135	0.182853	0.000301507	-3.74542e-06	0.0001286
0.553448	-0.322134	0.182851	-4.2279e-05	0.000184407	-0.000252017
0.55345	-0.322133	0.182851	0.000120105	0.000643648	-0.000738621
0.553449	-0.322136	0.182855	-0.000130812	-0.000712601	0.00117986
0.55345	-0.322134	0.182853	0.000521925	0.000413323	6.75807e-05
0.553449	-0.322131	0.182849	-5.15789e-05	0.00124442	-0.0012915
0.55345	-0.322135	0.182852	0.000271253	-0.000675204	0.000221117
0.553449	-0.322137	0.182854	-0.000176243	-0.000927322	0.000913204
0.553449	-0.322135	0.182851	-0.000262795	-0.000451288	-0.000493743
0.553447	-0.322143	0.182859	-0.000940011	-0.00262437	0.00193531
0.553449	-0.322138	0.182852	6.63962e-05	-7.9174e-05	-0.000686762
0.553447	-0.32214	0.182854	-0.000384727	-0.000469097	-0.000199701
0.553447	-0.322138	0.182854	-0.00041184	-0.000234971	8.72667e-05
0.553446	-0.322141	0.182853	-0.000687535	-0.00126734	-0.000139424
0.553446	-0.322142	0.182849	-0.000515312	-0.000763703	-0.0015354
0.553441	-0.322145	0.182848	-0.00145218	-0.0011683	-0.0012722
0.553448	-0.322145	0.182856	0.000979667	-0.000709506	0.00185148
0.553444	-0.322148	0.182857	-0.000837263	-0.00155169	0.00122984
0.553444	-0.322142	0.182852	-0.000467508	0.00029597	-0.000642271
0.553442	-0.322144	0.182846	-0.000912022	-5.63996e-05	-0.00220578
0.553442	-0.322147	0.182851	-0.000759878	-0.00139242	2.71602e-05
0.553443	-0.322146	0.18285	-5.00073e-06	-0.0004964	-0.000216048
0.553443	-0.322147	0.182852	0.000152818	-0.000481789	0.000546372
0.553443	-0.322147	0.18285	-3.19174e-05	-0.000206849	-0.000275932
0.553441	-0.322148	0.182851	-0.000751977	-0.00100824	4.83188e-05
0.553439	-0.322152	0.182849	-0.000924107	-0.00109921	-0.00060982
0.553439	-0.322147	0.182845	-0.000661685	0.000696772	-0.0016237
0.553439	-0.322153	0.182852	-0.000477762	-0.0016069	0.00131926
0.553439	-0.322147	0.182843	-0.000200636	0.000886183	-0.00182751
0.55344	-0.322149	0.182847	2.312e-05	-0.000140745	-0.00023944
0.55344	-0.322153	0.182852	0.000235226	-0.000918539	0.00136184
0.553437	-0.322151	0.182842	-0.000696841	-3.61326e-05	-0.00241655
0.553439	-0.32215	0.182847	0.000125784	0.000201717	0.000190946
0.553436	-0.322155	0.182845	-0.00102216	-0.00119003	-0.00110751
0.553436	-0.322152	0.182843	-0.000700226	-0.000119485	-0.00109697
0.553435	-0.322154	0.182841	-0.000744581	-0.000533875	-0.000780553
0.553435	-0.322149	0.182838	-0.000579956	0.00108787	-0.00180953
0.553436	-0.322152	0.182844	-0.000148135	-0.000135304	0.000362473
0.553437	-0.322152	0.182842	0.000362899	0.000317945	9.36733e-06
0.553435	-0.322153	0.182838	-0.000287368	-0.000144722	-0.00117932
0.553436	-0.322149	0.18284	5.97626e-05	0.00108225	-0.000272408
0.553434	-0.322153	0.182839	-0.000713036	-0.000888972	-0.000461266
0.553433	-0.322153	0.182836	-0.000795566	-0.000313533	-0.00123705
0.553431	-0.322154	0.182839	-0.000928471	-0.000652946	-7.2621e-05
0.553434	-0.322151	0.182839	0.000275474	0.000372165	0.000359467
0.553435	-0.322148	0.182838	0.000770968	0.00124562	0.000264265
0.553432	-0.32215	0.182832	-0.000696737	0.000252155	-0.00198727
0.553432	-0.322149	0.182834	-0.000223645	0.000679005	-0.000475166
0.553432	-0.322151	0.182837	-7.37086e-05	-0.000287522	0.000589123
0.553432	-0.322151	0.182836	-0.000197207	-0.000106237	-0.000225652
0.553431	-0.322152	0.182834	-0.000502081	-0.000483174	-0.000742225
0.55343	-0.322153	0.182832	-0.00075946	-0.000786931	-0.00106298
0.553435	-0.322148	0.182836	0.00116783	0.00113753	0.000837414
0.553434	-0.322147	0.182835	0.000808942	0.0014497	0.000246755
0.553431	-0.322148	0.18283	-0.00114671	0.000773029	-0.00372666
0.553432	-0.322151	0.182833	-0.000486819	-0.000409556	-0.00138437
0.553432	-0.322153	0.182836	-0.000214659	-0.00100892	-9.54935e-05
0.553432	-0.32215	0.18283	-0.000395695	0.000150501	-0.00255153
0.553435	-0.322146	0.182836	0.000794806	0.00143253	0.000290087
0.553429	-0.322155	0.182835	-0.00122297	-0.00200886	9.18421e-05
0.553433	-0.322149	0.182834	0.000842665	0.00106304	-0.000138293
0.553432	-0.322151	0.182837	-0.000108044	-0.000251775	0.000656061
0.553434	-0.322151	0.182838	0.000562703	0.000151741	0.000824177
0.553435	-0.322151	0.182839	0.000875921	0.000416309	0.000869661
0.553432	-0.322151	0.182834	-0.000576152	-0.000364372	-0.0010517
0.553432	-0.322153	0.182836	-0.000540448	-0.000839907	-9.48968e-05
0.553434	-0.322153	0.182841	0.000478441	-0.000393091	0.00150142
0.553434	-0.322147	0.182834	0.000599521	0.00163321	-0.00107113
0.553437	-0.322148	0.182842	0.000940795	0.000661412	0.00134784
0.553436	-0.32215	0.182839	0.000467266	-6.09819e-05	0.000118926
0.553436	-0.322146	0.182838	0.000398669	0.00120124	-4.92788e-05
0.553435	-0.322151	0.182841	8.17811e-05	-0.000429096	0.000869529
0.553437	-0.322147	0.182839	0.000545111	0.000754294	5.76571e-05
0.553438	-0.322147	0.182841	0.000511304	0.00041759	0.000655904
0.553437	-0.32215	0.182844	0.000143417	-0.000923087	0.00133962
0.553435	-0.322146	0.182835	-0.000555436	0.00112402	-0.00196542
0.553438	-0.322149	0.182843	0.000304664	-0.000350818	0.00121243
0.553437	-0.322147	0.182839	0.000999623	-0.00011151	0.00359205
0.553439	-0.322148	0.182844	0.00127174	-0.000465848	0.00429706
0.55344	-0.322144	0.182843	0.00120545	0.000837996	0.00277683
0.553437	-0.322142	0.182837	3.14053e-05	0.00109539	8.04132e-05
0.553438	-0.322147	0.182844	0.000322082	-0.0009124	0.00266969
0.55344	-0.322143	0.182841	0.000592021	0.000532265	0.000723478
0.55344	-0.322145	0.182845	0.000370561	-0.000332182	0.00176912
0.553438	-0.322146	0.182844	-0.000274827	-0.000536192	0.000878753
0.553439	-0.322143	0.182839	0.00129717	0.000486226	-2.27217e-05
0.553438	-0.322144	0.18284	0.000523358	-0.000112224	0.000338744
0.553439	-0.322149	0.182846	0.00100994	-0.00111986	0.0022559
0.553437	-0.322148	0.182839	-0.00100716	-0.000107616	-0.00144127
0.553439	-0.322149	0.182848	8.3199e-05	-0.000574169	0.0017952
0.553439	-0.322148	0.182841	-0.000169936	-0.000181088	-0.000903808
0.553444	-0.322142	0.182845	0.00133446	0.00154067	0.000412004
0.553442	-0.322144	0.182848	0.000145458	0.000182195	0.00132103
0.553434	-0.322149	0.182838	-0.00271773	-0.00145452	-0.00267714
0.55344	-0.322145	0.182846	0.00109538	0.000261415	0.00179532
0.553436	-0.322147	0.182839	-0.000179275	-0.000480942	-0.00111237
0.553437	-0.322148	0.182841	0.000297258	-0.000588235	0.000231792
0.553438	-0.322148	0.182842	0.000532201	-0.000613629	0.000550276
0.55344	-0.322147	0.182844	0.000767893	2.6186e-05	0.000959726
0.553438	-0.322148	0.182845	0.000270818	-0.000465675	0.00155716
0.553439	-0.322149	0.182847	0.000436496	-0.000521641	0.00141491
0.553439	-0.322147	0.182847	0.000623875	0.000802958	0.000616381
0.553437	-0.32215	0.182844	-0.000380923	-0.000915848	-0.000504495
0.553436	-0.322145	0.182836	0.000155761	0.000900376	-0.00232669
0.553436	-0.32215	0.182841	0.000360541	-0.000876582	0.000352819
0.553437	-0.322147	0.182842	0.000447376	-3.77461e-05	0.000545873
0.553436	-0.322152	0.182842	0.000676833	-0.0022702	0.00439959
0.553433	-0.322153	0.182838	-0.000394377	-0.00166885	0.00202774
0.553433	-0.322152	0.182838	0.000123114	-0.000607803	0.00159588
0.553433	-0.322158	0.182844	-4.41778e-06	-0.00249282	0.00314641
0.553434	-0.322156	0.182845	0.000238535	-0.00107752	0.00252939
0.553434	-0.322154	0.182839	7.19244e-05	-2.41834e-06	-2.4841e-06
0.553435	-0.322153	0.182842	0.00076412	0.000237408	0.00103664
0.553433	-0.322153	0.18284	-0.000316511	3.30621e-05	9.22691e-06
0.553433	-0.322153	0.182838	8.73148e-06	0.000570682	-0.000488589
0.553432	-0.322152	0.182837	-0.000221997	0.000582679	-0.000652202
0.553432	-0.322155	0.182836	-0.000186725	-0.000356568	-0.000896223
0.553432	-0.322155	0.182836	-0.000417697	-0.000754163	-0.000577313
0.553432	-0.322157	0.182841	0.000114839	-0.000717618	0.00140961
0.553433	-0.322152	0.182836	0.000288714	0.000759822	-0.000828264
0.55343	-0.322159	0.182839	-0.00128684	-0.00189824	0.000210016
0.55343	-0.322155	0.182831	-0.000735926	-4.0001e-05	-0.00215235
0.553431	-0.322158	0.182839	0.000216358	-0.000518208	0.0012759
0.553428	-0.322161	0.18284	-0.000604772	-0.00123803	0.00106186
0.553429	-0.322159	0.182836	-0.00057057	-0.0006819	-0.000426589
0.55343	-0.322157	0.182838	0.00023124	0.000483315	0.000263891
0.553431	-0.322157	0.182835	0.00145152	-6.25277e-06	-6.75653e-05
0.553432	-0.322156	0.182837	0.00145603	0.000383414	0.000639212
0.553432	-0.322159	0.182842	0.000759543	-0.00098372	0.00220441
0.553431	-0.322158	0.182838	0.000655638	-2.25583e-06	0.000347246
0.553428	-0.322158	0.182831	-0.000727336	8.0577e-05	-0.00223964
0.553427	-0.322161	0.182836	-0.000404996	-0.000615935	0.000258639
0.55343	-0.322158	0.18284	0.000561274	0.000340701	0.00144624
0.553427	-0.322162	0.182835	-0.000298606	-0.000715097	-0.000492027
0.553431	-0.322159	0.182838	0.000836011	0.000916802	0.000348553
0.553428	-0.322161	0.182838	-0.000173594	-0.000252945	0.000422108
0.553428	-0.322163	0.182838	-0.000260237	-0.00140151	0.000366874
0.553425	-0.322163	0.182833	-0.00131593	-0.0009111	-0.00170659
0.55343	-0.322155	0.182835	0.000585737	0.00186587	-0.000214677
0.553425	-0.322162	0.182831	-0.000820291	-0.000651699	-0.00160563
0.553427	-0.322159	0.182833	-9.28915e-07	0.000534307	-0.000196004
0.553426	-0.322163	0.182837	-4.94185e-05	-0.000934053	0.00139443
0.553428	-0.322161	0.182837	0.000616574	0.000204012	0.000696638
0.553431	-0.322159	0.182837	0.00149027	0.000897257	0.000591453
0.553431	-0.322157	0.182837	0.00100468	0.00126594	5.89089e-05
0.553426	-0.322164	0.182835	-0.00105242	-0.00143247	-0.000367615
0.553425	-0.322165	0.182836	-0.00118159	-0.00132737	-5.98873e-05
0.553428	-0.322161	0.182834	0.000136195	0.000514871	-0.000795239
0.553426	-0.322162	0.182834	-0.000638336	0.000203235	-0.000703137
0.553424	-0.322167	0.182834	-0.000726794	-0.00174972	0.000250523
0.553428	-0.322163	0.182833	0.000460056	0.000347363	-0.000657976
0.553428	-0.322162	0.182838	0.000410313	4.77645e-08	0.00159605
0.553428	-0.322161	0.182835	0.000331625	0.000640797	-9.68558e-05
0.553426	-0.322165	0.182837	-0.000448362	-0.00109723	0.000529836
0.553429	-0.322162	0.182839	0.000692427	0.000616885	0.00101558
0.553429	-0.322163	0.182838	0.0004759	-0.000192454	0.000117364
0.553431	-0.322159	0.182837	0.000886311	0.00148867	-0.000235475
0.553429	-0.32216	0.182835	-0.000303587	0.000184945	-0.000564844
0.553429	-0.322159	0.182834	0.000115227	0.00060098	-0.000329161
0.553431	-0.322157	0.182837	0.00105774	0.00113751	0.000758221
0.553431	-0.322159	0.182837	0.000406273	0.000244971	0.000505453
0.55343	-0.322156	0.182834	3.64488e-05	0.00100821	-0.000333805
0.553429	-0.322159	0.182832	-0.000375145	-0.000421181	-0.00135474
0.553432	-0.322159	0.182839	0.000672276	-0.000186379	0.00123568
0.553429	-0.322159	0.182834	-0.000189772	0.000315132	-0.000464385
0.553431	-0.322153	0.182832	2.42936e-05	0.0014473	-0.00123925
0.553433	-0.322154	0.182839	0.00169026	0.000357318	0.00209701
0.553432	-0.322155	0.182839	0.00115919	0.000263362	0.00139029
0.553429	-0.322157	0.182832	-7.78944e-05	-0.000633865	-0.000780008
0.553429	-0.322156	0.182833	0.000131612	0.000186734	-0.000251024
0.553431	-0.322153	0.182834	0.000732843	0.00107811	-6.49799e-05
0.553432	-0.322155	0.182837	0.000659693	-9.42161e-06	0.000904124
0.553434	-0.322155	0.18284	0.000812319	-0.000298077	0.00157363
0.553434	-0.322152	0.182837	0.000880534	0.000959422	-0.000125848
0.553435	-0.322153	0.182839	0.000735711	0.000522195	0.000567833
0.553432	-0.322153	0.182835	-0.000482747	0.000345187	-0.00100352
0.553429	-0.322153	0.18283	-0.0010455	-8.26629e-06	-0.00168938
0.553434	-0.322152	0.182839	0.000867167	0.000366731	0.00149899
0.553434	-0.322151	0.182836	0.000639674	0.000884548	-0.000158855
0.553433	-0.32215	0.182836	-5.48755e-05	0.000217565	7.82206e-05
0.553433	-0.322151	0.182836	-2.09775e-05	0.000115997	5.46955e-05
0.553434	-0.322148	0.18283	0.000348495	0.00118175	-0.00194938
0.553429	-0.322154	0.182832	-0.00115079	-0.00101753	-0.000313358
0.553435	-0.322149	0.182835	0.000934135	0.000897341	0.000561978
0.553432	-0.32215	0.182832	-0.000562054	6.34753e-05	-0.000939492
0.553434	-0.322151	0.182836	0.000316717	-0.000462593	0.00120662
0.55343	-0.322155	0.182832	0.000898367	0.00150743	-0.000768431
0.553434	-0.322148	0.182832	0.00220658	0.00374881	-0.000474391
0.553433	-0.322152	0.182834	0.00114562	0.000934912	0.000672334
0.553432	-0.322152	0.18283	0.000434704	0.00106686	-0.000547837
0.553434	-0.32215	0.182834	0.000886886	0.00111818	0.000851526
0.553433	-0.32215	0.18283	0.000376534	0.000990623	-0.000639296
0.553434	-0.32215	0.182832	0.00042188	0.000664558	0.000194358
0.553435	-0.322147	0.18283	0.000679157	0.00161466	-0.00102802
0.553434	-0.322147	0.182831	0.000277641	0.00122311	-0.000476905
0.553435	-0.322147	0.182832	0.000171175	0.000847237	-0.000339368
0.553436	-0.322145	0.18283	0.000668171	0.000943518	-0.000361793
0.553435	-0.322147	0.182833	5.60359e-05	0.000199643	0.000511617
0.553435	-0.322142	0.182829	-5.03981e-05	0.00155794	-0.000922867
0.553436	-0.322143	0.182831	0.000516423	0.000649346	0.000130774
0.553434	-0.322148	0.182831	-0.000410057	-0.00102573	0.000534424
0.553437	-0.322142	0.182831	0.00126262	0.00172121	0.000550748
0.553437	-0.322143	0.182828	0.000703435	0.000547545	-0.000762997
0.553436	-0.322143	0.182828	5.23908e-05	-1.77141e-05	-0.000275266
0.553439	-0.322139	0.182828	0.000796547	0.00154998	-0.00072694
0.553438	-0.32214	0.182828	0.000110136	0.00065021	-0.000254133
0.553439	-0.322139	0.182831	0.000519984	0.000744902	0.00101707
0.553439	-0.322141	0.182832	5.88841e-05	-0.00062468	0.000964725
0.553436	-0.322141	0.182826	-0.000583807	3.36501e-06	-0.00149564
0.553439	-0.32214	0.182828	0.000395065	0.000212329	-0.000783996
0.553441	-0.322139	0.182834	0.000957588	0.000297037	0.00181284
0.553439	-0.322136	0.182826	0.000428389	0.0012733	-0.000495039
0.553439	-0.322137	0.182826	3.02745e-05	0.000358292	-0.000329056
0.553438	-0.32214	0.182825	-0.000148093	-0.000410914	-0.000393333
0.553441	-0.322136	0.182829	0.000728684	0.000634067	0.000839421
0.553439	-0.322136	0.182824	-0.000276942	0.000235155	-0.000901537
0.553441	-0.322138	0.18283	0.000567636	-0.000323503	0.00119602
0.55344	-0.322139	0.18283	-0.00165096	0.00108861	-0.00135382
0.553437	-0.322137	0.182821	-0.00206463	0.00138972	-0.0043427
0.553439	-0.322136	0.182824	-0.000996068	0.00136671	-0.00188568
0.553442	-0.322135	0.182828	-7.05512e-05	0.00122786	-0.000476013
0.55344	-0.322135	0.182826	-0.000689086	0.000532118	-0.000762497
0.553441	-0.322136	0.182829	-0.000115296	0.00012473	0.000381453
0.553442	-0.322131	0.182826	0.00032962	0.00177327	-0.000675185
0.553441	-0.322132	0.182828	-8.18925e-05	0.000784924	0.000342672
0.55344	-0.322135	0.182826	-0.000637326	-0.000450886	-0.000698269
0.553442	-0.322132	0.182827	0.00103038	0.00012831	0.00413474
0.553445	-0.322131	0.182834	0.00164201	8.35751e-05	0.00526704
0.553443	-0.322133	0.182829	0.000231643	-0.000740234	0.00197298
0.553444	-0.322135	0.182834	0.000692958	-0.000855198	0.00304278
0.553444	-0.322131	0.182833	0.000704267	0.000717805	0.00208471
0.553442	-0.322132	0.182828	-0.000176537	0.000224462	-0.000333895
0.553446	-0.322129	0.182831	0.00110979	0.000669336	0.00119134
0.553446	-0.322132	0.182831	0.000357791	-0.000670235	0.000620316
0.553446	-0.322128	0.182829	0.000277284	0.000913582	-0.00023978
0.553448	-0.32213	0.182839	0.00101104	3.6033e-05	0.00317124
0.553445	-0.32213	0.182832	-0.000171463	-5.64847e-05	2.32761e-05
0.553447	-0.322133	0.182838	0.000346611	-0.00107185	0.00191747
0.553447	-0.322131	0.182834	-0.00010165	0.000187152	-0.000822305
0.553449	-0.32213	0.182839	0.000823321	0.000224796	0.00157526
0.553448	-0.322132	0.182838	0.000323985	-0.000348054	0.00108159
0.553449	-0.322129	0.182836	0.00075016	0.00067288	-9.98554e-05
0.553448	-0.322125	0.182832	5.57965e-06	0.00159145	-0.00116591
0.553445	-0.32213	0.18283	-0.00083445	-0.000477529	-0.00162373
0.553447	-0.32213	0.182837	0.00015374	-0.000226531	0.00133784
0.553448	-0.322126	0.182836	0.00038292	0.00103625	0.000535087
0.553449	-0.322123	0.182833	0.000353361	0.00135507	-0.000804707
0.55345	-0.322126	0.182835	0.000503168	5.1621e-05	0.000160906
0.553453	-0.322124	0.182838	0.00134881	0.000762615	0.00111156
0.553452	-0.322126	0.182839	0.000404732	0.000107031	0.000948295
0.553449	-0.322128	0.182839	-0.000994696	-0.00116352	0.000528153
0.553449	-0.322126	0.182834	-0.000205638	0.00028631	-0.00108916
0.553452	-0.322125	0.182838	0.000865714	0.000251302	0.000613524
0.553453	-0.322123	0.182838	0.000392152	0.00030955	0.000591245
0.55345	-0.322126	0.182837	-0.000552091	-0.000650003	8.21712e-05
0.553451	-0.32212	0.182832	0.000246701	0.0019453	-0.00151492
0.55345	-0.322129	0.18284	-0.000119428	-0.00133107	0.00146485
0.55345	-0.322123	0.182833	-0.00036065	0.000706424	-0.00147248
0.553453	-0.322123	0.182838	0.000512698	-4.69596e-05	0.000899351
0.553454	-0.322121	0.182837	0.000536193	0.000590537	-1.78232e-05
0.553455	-0.322117	0.182837	0.00178376	0.00125492	0.00105704
0.553453	-0.32212	0.182838	0.000523581	-7.31597e-05	0.000977976
0.553455	-0.322119	0.182838	0.00142954	0.000616436	0.000878694
0.553453	-0.322118	0.182833	-3.03993e-05	0.000464635	-0.0013075
0.553455	-0.322119	0.182835	0.00056045	-9.52344e-05	-9.83495e-05
0.553455	-0.322117	0.182835	0.000728565	0.000438529	-2.20549e-05
0.553455	-0.322119	0.182839	0.000245164	-0.000270825	0.00139596
0.553454	-0.322117	0.182832	-2.68412e-05	0.000620907	-0.00142978
0.553454	-0.322121	0.182838	4.00955e-05	-0.000975497	0.00114516
0.553454	-0.322116	0.182834	-4.84513e-05	0.000791733	-0.000519147
0.553455	-0.322115	0.182836	0.000348259	0.000938063	0.000253481
0.553456	-0.322114	0.182836	0.000760739	0.00101953	-1.12268e-05
0.553455	-0.322117	0.182835	9.67525e-05	-0.000394365	-0.000286253
0.553452	-0.322117	0.182835	-0.000960799	-0.000333569	-0.000652834
0.553455	-0.322116	0.182834	0.00101698	0.00153888	-0.000227204
0.553455	-0.322117	0.182833	0.000875013	0.00102553	-0.000377046
0.553456	-0.322116	0.182836	0.000658903	0.00088866	0.000531196
0.553456	-0.322113	0.182832	0.000703601	0.00183791	-0.001346
0.553454	-0.322116	0.182831	-0.000333944	0.00045945	-0.00125646
0.553455	-0.322117	0.182835	-5.09311e-05	-0.000494745	0.000662492
0.553455	-0.322113	0.182831	0.000448417	0.00148023	-0.000507935
0.553456	-0.322114	0.182834	0.000479695	0.000250217	0.000639769
0.553457	-0.322116	0.182838	0.000957566	-0.000285171	0.00174035
0.553455	-0.322113	0.18283	-0.000244484	0.000455572	-0.00136298
0.553457	-0.322114	0.182836	0.000488446	0.000495596	0.000969771
0.553457	-0.322112	0.182831	-5.65272e-05	0.000645332	-0.00122902
0.553456	-0.322113	0.182835	-0.000192851	-0.000112725	0.00062255
0.553454	-0.322112	0.182832	-0.000552088	0.000198107	-0.0005636
0.553458	-0.32211	0.182832	0.000651002	0.000813588	-0.000198072
0.553459	-0.322109	0.182836	0.000997584	0.000894488	0.00107926
0.553456	-0.32211	0.182831	-0.00050218	-7.54134e-05	-0.000874812
0.553456	-0.322111	0.182835	-0.000193536	-8.37193e-05	0.000858438
0.553458	-0.322114	0.182839	0.000283399	-0.000991156	0.00188427
0.553456	-0.322115	0.182833	-0.000383843	-0.0010246	-0.000825544
0.553456	-0.322115	0.182837	-0.000447111	-0.000585908	0.00055441
0.553457	-0.32211	0.182831	-7.4782e-05	0.000878497	-0.00143146
0.553457	-0.322114	0.182837	0.000167831	-0.00097211	0.00097503
0.553458	-0.322116	0.182838	0.0004005	-0.000802014	0.000985901
0.553461	-0.322107	0.182836	0.000908211	0.00179185	3.57755e-05
0.553458	-0.32211	0.182835	-0.000259577	0.000380999	-0.000361267
0.553457	-0.322113	0.182836	-0.000504711	-0.000890765	4.479e-05
0.553459	-0.322111	0.182834	0.000536311	0.000169207	-0.000408186
0.553459	-0.322114	0.182839	-0.000132729	-0.00094216	0.00114384
0.553456	-0.322117	0.182835	-0.000906097	-0.00146878	-0.000447619
0.553456	-0.322115	0.182837	-0.000342013	-0.00040878	0.000502014
0.553456	-0.322117	0.182837	-0.000404109	-0.000915156	0.000104266
0.553458	-0.322109	0.182833	0.000244793	0.00186095	-0.00121963
0.553458	-0.322112	0.18284	0.000314375	0.000383528	0.00158266
0.553456	-0.322113	0.182834	-0.000672724	-0.000453247	-0.000774357
0.553459	-0.322113	0.182837	0.000447185	-0.000228744	0.000302392
0.553459	-0.322116	0.182843	0.000570978	-0.0010426	0.00226745
0.553455	-0.322115	0.182838	-0.000712532	1.97065e-05	-0.000778209
0.55346	-0.32211	0.182841	0.00093801	0.00114761	0.00109929
0.553458	-0.322116	0.182844	-0.000185402	-0.0014862	0.00161412
0.553459	-0.322115	0.182843	-0.000550021	4.62066e-05	-0.00292907
0.553457	-0.322114	0.182839	-0.0006745	0.000936917	-0.00386219
0.553459	-0.322114	0.182842	-8.35286e-05	0.000359156	-0.00182461
0.553457	-0.322113	0.182838	-0.000286615	-0.000272973	0.00125845
0.553457	-0.322119	0.182845	-0.000127649	-0.0016543	0.00317311
0.553459	-0.322115	0.182841	0.00077252	0.00047006	0.000844025
0.553459	-0.322117	0.182848	0.000369892	-0.00103602	0.00302091
0.553459	-0.322113	0.182843	0.000671119	0.000410098	0.00100839
0.553458	-0.322114	0.182842	-0.000543319	0.000204786	-0.000605352
0.553459	-0.322117	0.18285	0.000211203	-0.000892175	0.00285867
0.55346	-0.322113	0.182844	0.000563542	0.000520215	1.38084e-05
0.553457	-0.322117	0.182846	-0.000283313	-0.000621097	0.00081295
0.55346	-0.32212	0.182854	0.000478469	-0.00150884	0.00302536
0.55346	-0.322118	0.182852	0.000473803	-0.000504854	0.00151267
0.553459	-0.322123	0.182855	0.000101407	-0.00156136	0.00189788
0.553459	-0.322122	0.182853	-4.3862e-05	-0.000883146	0.000196555
0.553461	-0.32212	0.182854	0.000546678	-0.000340222	0.000981887
0.553461	-0.322122	0.182855	0.00037721	-0.000931799	0.00104535
0.553458	-0.322123	0.182854	-0.000754597	-0.000632349	0.000187007
0.553461	-0.322123	0.182859	0.000611679	-0.000439045	0.00205664
0.55346	-0.322122	0.182855	-0.00020206	3.72854e-05	-0.000219549
0.55346	-0.322126	0.182861	-2.97196e-05	-0.00132027	0.00196998
0.553464	-0.322124	0.182864	0.00113555	-0.000371288	0.00215524
0.553459	-0.322125	0.182855	-0.000988334	-0.000344265	-0.00151644
0.553461	-0.322125	0.182859	0.000228089	-0.000263044	0.000324645
0.55346	-0.322123	0.182858	-9.40215e-05	0.000735679	-0.000528758
0.553462	-0.322124	0.182865	0.000272226	0.000225349	0.00145085
0.553462	-0.322125	0.182864	0.000323176	-0.000652683	0.00109572
0.553461	-0.322124	0.18286	-0.000559907	0.000119258	-0.00120057
0.553461	-0.322128	0.182866	-0.000314896	-0.00137387	0.00136427
0.553463	-0.322126	0.182864	0.000517737	1.27218e-05	0.000651742
0.553457	-0.32213	0.182862	-0.00113662	-0.00115847	-0.000309217
0.553462	-0.322128	0.182864	0.000735879	-0.000309832	0.000923845
0.553462	-0.322125	0.182864	0.000457567	0.000438502	0.000279068
0.553461	-0.322131	0.182869	-6.24293e-05	-0.00152991	0.00168293
0.55346	-0.322131	0.182867	-0.000401685	-0.000764512	0.000194278
0.553461	-0.322131	0.182866	0.00022311	-0.000107682	-7.99663e-05
0.553461	-0.322131	0.182867	7.1925e-05	-3.86452e-05	0.000749007
0.55346	-0.322129	0.182866	-0.00016118	0.000230127	0.000139427
0.55346	-0.32213	0.182865	-0.000128605	5.44471e-05	-0.000732709
0.553459	-0.32213	0.182862	-0.000738246	-0.0001369	-0.00146393
0.553458	-0.322133	0.182864	-0.000483992	-0.000794912	-0.000592674
0.55346	-0.32213	0.182868	0.000540126	0.000894393	0.000996542
0.55346	-0.322133	0.182869	4.00426e-05	-0.000614874	0.00102488
0.553458	-0.322135	0.182865	-0.00072912	-0.00120904	-0.000498888
0.553461	-0.322131	0.182869	0.000601602	0.000499827	0.000875166
0.553461	-0.322132	0.18287	0.000379969	-0.000364297	0.000943965
0.553461	-0.32213	0.182866	0.000343055	0.00112515	-0.000916794
0.55346	-0.322131	0.182867	-0.000224768	-0.000361715	4.36199e-06
0.553457	-0.322134	0.182862	-0.00112245	-0.00102688	-0.00179824
0.553461	-0.322129	0.182867	0.000709532	0.00108821	0.000580432
0.55346	-0.32213	0.182867	-0.000380387	9.89984e-05	0.000284045
0.553463	-0.322126	0.182865	0.000812842	0.00127832	-0.000277739
0.553457	-0.322134	0.182866	-0.000755905	-0.000959251	-2.43141e-05
0.553458	-0.322132	0.182863	-0.000474731	-4.70862e-05	-0.00117963
0.553456	-0.322131	0.182858	-0.000741692	0.000410277	-0.00235369
0.55346	-0.322133	0.182868	0.000716725	-0.000692813	0.00190477
0.553458	-0.322131	0.182861	-6.22098e-05	0.000641783	-0.00118118
0.55346	-0.322129	0.182862	0.000433273	0.00074709	-0.000473459
0.553457	-0.322134	0.18286	-0.000899253	-0.00135352	-0.000931472
0.553456	-0.322132	0.182858	-0.000329502	0.000201002	-0.000934703
0.553458	-0.322133	0.182862	-7.55808e-05	-0.000534217	0.000283386
0.55346	-0.322129	0.182863	0.00084936	0.00101152	0.000780131
0.553459	-0.322133	0.182866	-0.000113802	-0.000879851	0.00113909
0.553457	-0.322132	0.182858	-0.000270475	0.000247679	-0.00163738
0.553458	-0.322131	0.182858	4.99106e-05	0.000606739	-0.00109218
0.553459	-0.322133	0.182864	-0.000117502	-0.000792929	0.00107645
0.55346	-0.322128	0.182858	0.000433581	0.00116944	-0.00103857
0.553455	-0.322132	0.182856	-0.00117564	-0.000272626	-0.00150856
0.553458	-0.32213	0.182861	0.000334446	0.000383892	0.000635546
0.553458	-0.322127	0.182856	1.37235e-05	0.00111029	-0.00112239
0.553458	-0.322133	0.18286	-0.000210295	-0.00116187	0.000517777
0.553457	-0.322128	0.182855	7.927e-05	0.00112757	-0.00092086
0.553454	-0.322131	0.182853	-0.000926537	-2.1019e-05	-0.00150792
0.553454	-0.322127	0.182853	-0.000588095	0.000632782	-0.000906256
0.553455	-0.32213	0.182855	-0.000516971	-0.001114	0.00045417
0.553455	-0.322126	0.182851	3.97663e-05	0.000993718	-0.000640203
0.553458	-0.322127	0.182854	0.000633815	0.000251964	0.000367218
0.553454	-0.322128	0.182852	-0.000454447	5.86998e-05	-0.000526437
0.553456	-0.32213	0.182854	0.000223494	-0.000322487	0.00034729
0.553454	-0.322133	0.182853	-0.000380206	-0.00117031	0.000232133
0.553453	-0.32213	0.182851	-0.000373669	2.37027e-05	-7.14339e-06
0.553455	-0.32213	0.182852	0.000140793	-0.000268276	0.00013436
0.553454	-0.322128	0.18285	-0.000255344	0.00068981	-0.00115368
0.553455	-0.322126	0.18285	-0.000151577	0.000424007	-0.000721719
0.553455	-0.322126	0.18285	0.000117071	0.00084527	-0.000576931
0.553454	-0.322127	0.182848	-0.000273878	0.000115274	-0.000929026
0.553453	-0.322126	0.182846	-6.10058e-05	0.000681945	-0.00126051
0.553454	-0.322125	0.182847	9.31343e-05	0.000340271	-0.000200149
0.553453	-0.322127	0.182846	-0.000586323	-1.53761e-06	-0.00108575
0.553454	-0.322124	0.182846	0.000163456	0.00100337	-0.00072481
0.553457	-0.322122	0.182849	0.00104943	0.00138064	0.000496567
0.553455	-0.322129	0.18285	-0.000117806	-0.001157	0.000618282
0.553456	-0.322124	0.182849	0.000253642	0.000318993	0.000146844
0.553456	-0.322122	0.182846	5.39037e-05	0.000291031	-0.000494878
0.553454	-0.322126	0.182849	-0.00062813	-0.000770351	0.000447749
0.553454	-0.322122	0.182842	-0.00047717	0.000939814	-0.00186596
0.553456	-0.322122	0.182848	0.000789234	0.000578962	0.000712826
0.553457	-0.322122	0.182849	0.000330519	0.000498279	0.000681893
0.553454	-0.322122	0.182843	-0.00065844	0.000260568	-0.00168327
0.553455	-0.322123	0.182847	-0.000136959	-8.43458e-05	0.000655176
0.553456	-0.322117	0.182841	0.000367131	0.0017618	-0.0018841
0.553457	-0.322122	0.182847	0.000432949	-0.000377406	0.000650507
0.553455	-0.322121	0.182847	9.30116e-05	-0.000139257	0.00064034
0.553456	-0.32212	0.182844	0.000216509	0.000505361	-0.000188654
0.553456	-0.322117	0.182841	0.000357382	0.00092289	-0.000695794
0.553457	-0.32212	0.182846	0.000342938	-0.000131058	0.000464802
0.553456	-0.322121	0.182845	2.35697e-06	5.38047e-05	2.23655e-05
0.553457	-0.32212	0.182847	8.74958e-05	-3.63613e-05	0.000584919
0.553459	-0.32212	0.182847	0.000816474	0.000164167	0.000565574
0.553456	-0.322121	0.182847	-0.000213882	-7.91297e-05	0.000201446
0.553453	-0.322124	0.182845	-0.00101819	-0.00153418	8.50391e-05
0.553455	-0.322121	0.182843	-5.58288e-05	0.000652212	-0.00112986
0.553457	-0.32212	0.182848	0.000524972	0.000784632	0.000457935
0.553458	-0.322117	0.182846	0.000512562	0.00105582	-0.000238241
0.55346	-0.322122	0.182851	0.000713766	-0.000894152	0.00146623
0.553455	-0.322123	0.182845	-0.000855117	-0.00116411	-0.000384681
0.553458	-0.322115	0.182843	0.000561973	0.00195235	-0.00108749
0.553457	-0.322122	0.182848	-1.5093e-05	-0.000484157	0.000721589
0.553456	-0.32212	0.182846	-0.000277323	-0.000109185	9.59267e-05
0.553457	-0.322121	0.182847	-2.09193e-05	-0.0009123	0.000242407
0.553459	-0.322117	0.182849	0.000258523	0.000629938	0.000626163
0.553458	-0.322116	0.182845	1.36606e-05	0.000475612	-0.000176321
0.55346	-0.322118	0.182851	0.000506664	-5.34943e-05	0.00145317
0.553461	-0.32212	0.182851	0.000385451	-0.00070075	0.00045496
0.553458	-0.322119	0.182847	-0.000265814	-0.000106231	-0.000392103
0.553458	-0.322122	0.182849	-0.000198299	-0.00076838	9.911e-05
0.553458	-0.322121	0.182846	-8.58913e-05	0.000194941	-0.00116975
0.553459	-0.322117	0.182849	0.000413694	0.001122	0.000944203
0.55346	-0.322117	0.182851	0.000896152	0.00110065	0.000990936
0.553458	-0.322118	0.182848	-9.45048e-05	0.00048253	-0.000292673
0.55346	-0.322119	0.182849	0.000406822	2.62133e-05	-4.41249e-05
0.553459	-0.322118	0.182849	-4.02743e-06	-0.000555478	0.000492238
0.553462	-0.322115	0.182849	0.000542218	0.000722391	-0.00021626
0.55346	-0.322118	0.182853	-0.000223802	-0.000612046	0.00121342
0.55346	-0.322119	0.182853	7.91524e-05	-0.000468791	0.000612294
0.553461	-0.322117	0.182851	0.00046026	4.31134e-05	0.000199572
0.553462	-0.322117	0.18285	0.000534133	0.00064361	-0.00045876
0.553464	-0.322113	0.182854	0.00109028	0.00122343	0.000905251
0.553463	-0.322116	0.182855	-5.34908e-06	-7.47781e-05	0.000774631
0.553465	-0.322112	0.182854	0.000349353	0.00115439	0.000181521
0.553466	-0.322109	0.182851	0.00101945	0.00230163	-0.00121391
0.553467	-0.322112	0.182855	0.00066433	0.000101871	0.00124756
0.553466	-0.322111	0.182852	0.000562876	0.00075415	-0.000296457
0.553466	-0.322111	0.182854	-4.2849e-05	0.000117384	3.56187e-05
0.553465	-0.322111	0.182853	-3.91517e-05	4.86047e-05	4.83712e-05
0.553468	-0.322112	0.182856	0.000878188	-0.00058297	0.00162168
0.553466	-0.322113	0.182855	-0.000146573	-0.000605106	0.0001141
0.553469	-0.322111	0.182857	0.000819024	0.000367669	0.0005342
0.553467	-0.322112	0.182854	-0.000361472	-0.000473485	-0.000598052
0.553467	-0.322113	0.182856	-0.000188014	-0.000381072	0.000145714
0.553468	-0.322112	0.182856	0.000577408	-3.1501e-05	0.00104141
0.55347	-0.322112	0.182859	0.00192206	0.00176629	0.00167673
0.553467	-0.322114	0.182855	0.000187222	0.000712198	-0.000957206
0.553468	-0.322113	0.182859	0.000496685	0.00101646	0.000727153
0.553469	-0.322109	0.182857	0.000683043	0.00193048	0.000152525
0.553471	-0.322106	0.182857	0.00129939	0.00221963	-5.4858e-05
0.553469	-0.322111	0.182859	-0.000191457	-0.000517029	0.000458747
0.553469	-0.322112	0.182855	0.000371229	-0.000603005	-0.000377577
0.55347	-0.322109	0.182859	0.000337987	0.000912676	0.000436245
0.553472	-0.322111	0.182863	0.000924944	0.000143352	0.00165291
0.553471	-0.322109	0.18286	0.000274706	0.000393364	0.000150264
0.553472	-0.322107	0.182858	0.000289213	0.000817561	-0.000491245
0.553472	-0.322109	0.182859	0.000215897	-0.000121681	3.14965e-05
0.553475	-0.322102	0.182859	0.00105435	0.00213302	-0.000314614
0.553471	-0.32211	0.182862	-0.000527236	-0.00121006	0.000902166
0.553476	-0.322103	0.182858	0.0010067	0.00102764	-0.000345342
0.553474	-0.322105	0.182858	0.000124997	0.000351557	-0.000567873
0.553473	-0.322105	0.182859	-0.000407489	-0.000128536	-0.000252884
0.553475	-0.322106	0.182859	0.00050936	0.00012591	4.17551e-05
0.553474	-0.322104	0.182859	-0.000122548	0.00035233	-0.000134989
0.553475	-0.3221	0.182858	0.000188683	0.00133902	-0.000403664
0.553473	-0.322105	0.18286	-0.000613522	-0.00055282	0.000204868
0.553475	-0.322104	0.182862	0.000453964	-0.000287675	0.000929641
0.553476	-0.322103	0.18286	0.0006017	0.000322025	0.000619794
0.553474	-0.322106	0.182862	-3.78638e-05	-0.000867913	0.00100696
0.553475	-0.322104	0.182858	-0.00013298	0.000145959	-0.00107151
0.553477	-0.322101	0.182862	0.000518211	0.000654271	0.00028921
0.553475	-0.322102	0.182856	-0.000532281	0.000327127	-0.00186119
0.553478	-0.322101	0.18286	0.000645821	0.000198295	0.000582799
0.553474	-0.322103	0.182859	-0.000825148	-0.000340523	-0.000151114
0.553476	-0.322101	0.182861	3.83325e-05	3.6203e-05	0.000334688
0.553476	-0.322106	0.182866	0.000191418	-0.00149114	0.0020795
0.553478	-0.322099	0.182859	0.000319703	0.000999913	-0.00123581
0.553475	-0.322099	0.182857	-0.000600048	0.000463169	-0.00105975
0.553478	-0.322102	0.182863	0.000653227	-0.00042953	0.00158527
0.553477	-0.322101	0.182858	-7.42577e-05	0.000135564	-0.000976261
0.553478	-0.3221	0.182863	-5.56212e-05	5.97503e-05	0.000659373
0.553477	-0.322098	0.182858	-7.21275e-05	0.000780931	-0.00127951
0.553475	-0.322099	0.182856	-0.000624863	0.000190859	-0.00121351
0.553476	-0.3221	0.182859	-3.50882e-05	-0.000127295	8.50221e-05
0.553478	-0.322102	0.182863	0.000647486	-0.000531031	0.0013705
0.553476	-0.322103	0.182862	-0.000473302	-0.00119129	0.000530386
0.553477	-0.322099	0.182859	0.000933656	0.00217012	-0.000551344
0.553479	-0.322098	0.18286	0.00123751	0.0018943	-8.01595e-06
0.553476	-0.322098	0.182858	2.36931e-05	0.001288	-0.000798403
0.553477	-0.322096	0.182856	0.000298121	0.00144968	-0.000968143
0.553478	-0.322097	0.182858	0.000488785	0.000878406	-0.000335152
0.553478	-0.3221	0.182863	0.00033645	-0.00080244	0.00183342
0.553476	-0.322102	0.182858	-0.000699743	-0.00123497	-0.000571715
0.55348	-0.322096	0.182864	0.000988871	0.00105489	0.00169349
0.553479	-0.322093	0.182856	0.000509354	0.00151184	-0.00115824
0.553478	-0.322096	0.182856	-0.000291049	6.71176e-05	-0.00086981
0.553479	-0.322097	0.182862	0.000187057	-0.00024459	0.00123687
0.553478	-0.322096	0.182857	-0.000143575	0.000155295	-0.000945655
0.553481	-0.322098	0.182862	0.000732283	-0.000553056	0.000962757
0.553477	-0.3221	0.18286	-0.000622883	-0.00100015	-8.10702e-05
0.553477	-0.322096	0.182856	-0.000352014	0.000673208	-0.00153899
0.553478	-0.3221	0.182862	-0.000168764	-0.000934058	0.00102711
0.553479	-0.322095	0.182857	0.00026745	0.00119357	-0.000752799
0.55348	-0.322096	0.182863	0.000535425	0.000533145	0.00126746
0.553477	-0.322098	0.182857	-0.000585967	-0.000377113	-0.000948988
0.553477	-0.322098	0.182857	-0.00040885	-0.000214789	-0.000680057
0.553477	-0.3221	0.182858	-0.000293262	-0.000840076	-9.28649e-05
0.553478	-0.322097	0.182857	0.000295487	0.000480587	-0.000582665
0.553477	-0.322098	0.182861	-4.56317e-05	-0.000236503	0.000970135
0.553477	-0.3221	0.182861	-0.000285666	-0.000648253	0.000647732
0.553478	-0.322097	0.182859	-1.72034e-05	0.000130311	-0.000136321
0.553478	-0.322098	0.182859	-3.3684e-05	0.000123696	-0.000141139
0.553478	-0.322099	0.182859	0.000141223	-6.04168e-05	-0.000242455
0.553477	-0.322098	0.182858	-6.94368e-05	0.000102745	-1.32677e-05
0.553478	-0.3221	0.182861	0.000170677	-0.00083642	0.000714055
0.553475	-0.322101	0.182859	-0.000719608	-0.000643995	-0.000294267
0.553478	-0.322096	0.182856	0.000177017	0.00120126	-0.00127321
0.553476	-0.322099	0.182858	-0.000281276	-0.000258571	-0.000256898
0.553477	-0.322101	0.18286	-0.000159049	-0.00099298	0.00074642
0.553479	-0.322099	0.18286	0.000388338	-0.000202138	0.000275332
0.553478	-0.322096	0.182858	0.000290387	0.00123056	-0.00051283
0.553477	-0.322102	0.182864	-8.07278e-05	-0.00110215	0.00171308
0.553475	-0.322103	0.182861	-0.000745771	-0.000986159	0.00018876
0.553479	-0.322095	0.182858	0.000458475	0.00148676	-0.000951188
0.553478	-0.322101	0.182862	-8.38183e-05	-0.00085292	0.000828048
0.553477	-0.322099	0.182858	-0.00012765	0.000170758	-0.000351026
0.553476	-0.3221	0.182858	-0.000385139	-0.00030381	-0.000333529
0.553476	-0.322099	0.182859	-0.000267345	-0.000232192	-0.000197726
0.553476	-0.322101	0.182856	-0.000428702	-0.000733017	-0.000872965
0.553479	-0.3221	0.18286	0.000675794	0.000282447	0.000348557
0.553476	-0.322102	0.18286	-0.000248756	-0.000709104	0.000429122
0.553478	-0.322098	0.182859	0.000143534	0.000708726	-4.97975e-05
0.553474	-0.322104	0.182861	-0.000985921	-0.00156442	0.000460072
0.553475	-0.322103	0.182858	-0.000309928	-0.000593947	-0.000434431
0.553477	-0.3221	0.18286	0.000484282	0.000531104	0.000268513
0.553477	-0.3221	0.182861	0.000149538	0.000429773	0.000435927
0.553477	-0.322098	0.182856	2.47782e-05	0.00100407	-0.0014266
0.553476	-0.322099	0.182857	-0.000456821	0.000327473	-0.000793669
0.55348	-0.322095	0.182857	0.000796015	0.000943198	-0.000352499
0.553477	-0.322099	0.182859	0.000143468	0.000156223	0.000508013
0.553478	-0.322099	0.182863	1.64093e-05	-0.000596149	0.0015489
0.553472	-0.322106	0.182857	-0.00170244	-0.00260271	-0.000761265
0.553477	-0.322099	0.182861	0.000492534	0.000542496	0.000716333
0.553478	-0.322098	0.18286	0.000771306	0.000805687	0.000197878
0.553475	-0.322102	0.182857	-0.000680667	-0.000702982	-0.00076299
0.553478	-0.322102	0.182862	0.000598477	-0.00053113	0.00138793
0.553477	-0.322098	0.182853	-0.000206451	0.000740784	-0.00238827
0.553475	-0.322104	0.182862	-0.000282164	-0.00149318	0.00192903
0.553478	-0.322098	0.182858	0.000652403	0.00122717	-0.000383808
0.553475	-0.322102	0.182857	-0.000492358	1.74078e-05	-0.000689388
0.553475	-0.322104	0.182862	-0.000356617	-0.00133187	0.00105096
0.553475	-0.322102	0.182857	-0.00046842	-3.45057e-05	-0.00081178
0.553474	-0.322102	0.182857	-0.0022651	0.00125612	-0.00305968
0.553473	-0.322103	0.182859	-0.00212885	0.000557134	-0.00120133
0.553475	-0.322103	0.182858	-0.000763241	0.000677028	-0.00164467
0.553474	-0.322103	0.182857	-0.00110138	0.000116852	-0.0010632
0.553476	-0.3221	0.182857	-0.000206594	0.00105466	-0.000699868
0.553475	-0.322105	0.18286	-0.000753218	-0.000935621	-0.000195533
0.553475	-0.322102	0.18286	-0.000127373	0.000570736	2.32498e-06
0.553476	-0.322101	0.182857	-0.000180146	0.000413267	-0.00136941
0.553474	-0.322106	0.18286	-0.000424029	-0.000929204	0.000730987
0.553475	-0.322103	0.182859	-0.000114983	-1.68183e-05	-0.000126282
0.553474	-0.322103	0.182857	-0.000440927	0.000245105	-0.000971062
0.553474	-0.322107	0.182864	-0.000130489	-0.000686804	0.00170305
0.553473	-0.322107	0.18286	-0.00014015	-0.000342521	-0.00034055
0.553475	-0.322106	0.18286	0.000406858	-0.000160244	0.000380692
0.553473	-0.322107	0.182858	-0.000367248	-0.000342073	-0.000641346
0.553474	-0.322106	0.182861	-6.83934e-05	0.00033418	0.000288298
0.553472	-0.322108	0.182862	-0.000157435	-0.000351893	0.000807544
0.553474	-0.322103	0.182856	-2.16517e-05	0.00101681	-0.0017261
0.553475	-0.322105	0.182859	0.000226337	-0.000145512	0.00033639
0.553475	-0.322107	0.182862	0.000243326	-0.000138642	0.000766321
0.553474	-0.322105	0.182859	-0.000231081	0.000170085	-0.000442796
0.553472	-0.322105	0.182858	-0.000346224	0.000225152	-8.59679e-05
0.55347	-0.322107	0.182854	-0.00106074	-0.000639075	-0.00173009
0.553474	-0.322106	0.182859	0.000726625	-6.90896e-05	0.000498906
0.553472	-0.322111	0.182863	-4.68069e-05	-0.00108707	0.00166643
0.553473	-0.322104	0.182857	0.000232456	0.00116812	-0.000919465
0.553473	-0.322106	0.182857	1.87287e-05	0.000159784	-0.000845333
0.553472	-0.322104	0.182856	-0.000108008	0.000968863	-0.000741098
0.553472	-0.322109	0.18286	-0.000269562	-0.00130973	0.000758563
0.553475	-0.322105	0.182862	0.000748769	0.000542873	0.00109937
0.553471	-0.322108	0.182859	-0.000769385	-0.000857169	-0.000269686
0.553477	-0.322102	0.182862	0.00137579	0.00163843	0.000873009
0.553473	-0.322108	0.182864	-0.000275561	-0.000881934	0.00138055
0.553474	-0.322108	0.182863	0.000430012	-0.000314911	0.000480441
0.553474	-0.322104	0.182857	7.02659e-05	0.000672449	-0.00121393
0.553472	-0.322107	0.182856	-0.000666203	-0.000500652	-0.00140206
0.553473	-0.322107	0.182857	-0.000126521	0.000144125	-0.000887327
0.553474	-0.322104	0.182859	0.000155511	0.000644568	0.000174235
0.553474	-0.322103	0.182857	1.52513e-08	0.000500267	-0.00041735
0.553475	-0.322104	0.182858	0.000728914	0.000528205	-0.000125378
0.553477	-0.322104	0.182862	0.000819862	0.000124578	0.00163552
0.553477	-0.322102	0.182861	0.000701071	0.000681261	0.000474791
0.553476	-0.322103	0.182862	-4.82652e-06	1.63272e-05	0.000573433
0.553475	-0.322104	0.182859	-0.000182134	0.000183532	-0.000745891
0.553474	-0.322106	0.182861	-0.000373701	-0.000346699	0.000317886
0.553476	-0.322102	0.18286	7.749e-05	0.000173369	-9.24634e-05
0.553474	-0.322099	0.182856	-0.00019468	0.00166486	-0.00111854
0.553474	-0.322105	0.18286	-0.000355675	-0.000877257	0.00056812
0.553474	-0.322106	0.182861	-0.000153712	-0.000538426	0.000377849
0.553476	-0.322103	0.182859	0.000521499	0.000640368	-0.000539501
0.553478	-0.322101	0.18286	0.000903223	0.000697227	5.01231e-05
0.553475	-0.322101	0.182859	8.78964e-05	0.000775062	-0.000202481
0.553477	-0.3221	0.182863	0.000394609	0.000369564	0.00109995
0.553476	-0.322103	0.182858	-0.000188262	-0.0008191	-0.00085944
0.553476	-0.322101	0.182859	-0.000192802	0.000192346	-0.000190435
0.553478	-0.322099	0.18286	0.000394141	0.000405572	0.000257204
0.553475	-0.3221	0.182858	-0.000621166	0.00013056	-0.000572308
0.55348	-0.322099	0.182863	0.000883855	0.000661982	0.000955045
0.55348	-0.3221	0.182863	0.00268009	-0.00165162	0.00329402
0.553478	-0.3221	0.182861	0.00189983	-0.000946789	0.00207958
0.553478	-0.322101	0.182864	0.00136194	-0.00139121	0.00276287
0.553473	-0.322105	0.182858	-0.000641201	-0.00198113	5.38263e-05
0.553477	-0.3221	0.182859	0.00130193	0.000356553	0.000355415
0.553475	-0.322101	0.182859	0.000186316	-0.000654588	0.000441197
0.553475	-0.3221	0.182856	5.36548e-05	0.000279852	-0.000537624
0.55348	-0.322098	0.182863	0.00164303	0.000548487	0.00222279
0.553476	-0.322099	0.182857	-0.000136697	-0.000223508	-0.000636781
0.553475	-0.322102	0.182857	-0.000397252	-0.00130649	-0.000110572
0.553479	-0.322096	0.182859	0.00112099	0.00166358	0.000288075
0.553475	-0.322103	0.182857	-0.000716864	-0.00142828	-0.000657054
0.553478	-0.3221	0.18286	0.000646863	0.000434611	0.000699024
0.553478	-0.322098	0.182859	0.000345128	0.000386255	-8.40685e-05
0.55348	-0.322097	0.18286	0.000823776	0.000518135	0.000385397
0.553478	-0.322098	0.182861	-0.000188455	3.86599e-05	0.000617385
0.553476	-0.3221	0.182859	-0.000482675	-0.000358563	-0.000201453
0.553477	-0.322099	0.182857	-0.000124305	0.000344039	-0.000665268
0.553475	-0.3221	0.182858	-0.000492195	-0.000184998	-0.000220213
0.553475	-0.322102	0.182857	-0.000440984	-0.000721189	-0.000343012
0.553476	-0.322102	0.182861	-0.000117779	-0.00065309	0.000897721
0.553477	-0.322097	0.182856	0.000271777	0.00138475	-0.00086101
0.553476	-0.322103	0.182862	-0.000146715	-0.000838284	0.000837643
0.553478	-0.322099	0.182862	0.000684303	0.000208342	0.000944911
0.553475	-0.3221	0.182854	-0.000721372	-0.000388127	-0.00152322
0.553474	-0.3221	0.182854	-0.000314072	0.000258137	-0.000660672
0.553475	-0.322099	0.182854	-0.000343074	0.000286184	-0.00108043
0.553474	-0.322105	0.182858	-0.000403992	-0.00174309	0.000567162
0.553477	-0.3221	0.182862	0.000921429	0.000765802	0.00178794
0.553477	-0.322102	0.182861	0.000363144	-0.000668231	0.000678217
0.553476	-0.3221	0.182855	-5.20899e-05	0.000443657	-0.00158
0.553476	-0.322097	0.182855	0.000216564	0.00147461	-0.000539471
0.553475	-0.322103	0.182859	-0.000627354	-0.00120718	0.000435871
0.553474	-0.322103	0.182857	-0.000532486	-0.000763988	-0.00021826
0.553475	-0.3221	0.182854	9.84314e-05	0.000602509	-0.000761041
0.553478	-0.322098	0.182859	0.000861061	0.00122051	0.000668224
0.553474	-0.322101	0.182856	-0.000589925	-0.000513572	6.03339e-05
0.553475	-0.322098	0.182851	-0.000399081	0.000392563	-0.00165608
0.553473	-0.322101	0.182856	-0.000797187	-0.000779507	0.000229897
0.553475	-0.322103	0.182857	0.000382226	-0.000408703	0.000108511
0.553476	-0.322102	0.182859	0.000761963	6.25205e-05	0.00122327
0.553476	-0.322101	0.182859	0.000240691	0.000255175	0.000430381
0.553475	-0.322099	0.182855	-0.000376055	0.000479517	-0.00119802
0.553475	-0.3221	0.182855	-0.000423843	-0.000242661	-0.000230534
0.553477	-0.322103	0.182859	0.000580266	-0.000719602	0.000950624
0.553474	-0.322101	0.182856	-0.000403194	9.47624e-05	-0.000446817
0.553475	-0.322101	0.182856	-0.000149619	-6.50692e-05	-0.000531133
0.553478	-0.322098	0.182857	0.000754743	0.000740615	5.56965e-05
0.553475	-0.322102	0.182858	-0.000143141	-0.000469028	0.000778289
0.553474	-0.3221	0.182856	-0.000362712	-9.91839e-05	0.000133725
0.553475	-0.322102	0.182858	-0.000292107	-0.000757432	0.000426886
0.553473	-0.322104	0.182855	-0.000734786	-0.000832955	-0.000891952
0.553474	-0.322102	0.182856	0.000171311	0.000362994	-0.000446752
0.553476	-0.322099	0.182854	0.000574533	0.00138426	-0.000940863
0.553477	-0.322099	0.182859	0.000749908	0.000688469	0.00111746
0.553473	-0.322102	0.182854	-0.000967404	-0.000669731	-0.000865083
0.553475	-0.3221	0.182853	-6.95218e-05	-9.40036e-05	-0.000687626
0.553477	-0.322099	0.182856	0.000572797	0.00017197	0.000471145
0.553475	-0.322102	0.182859	3.45017e-05	-0.0003344	0.00105525
0.553477	-0.3221	0.18286	0.00058916	7.70798e-05	0.00108865
0.553474	-0.322099	0.182851	-0.000803901	0.000198527	-0.00178637
0.553477	-0.322099	0.182857	0.000527815	6.18944e-05	0.000764959
0.553477	-0.3221	0.182859	0.000560874	0.000280156	0.000508827
0.553474	-0.322099	0.182851	-0.000589486	0.000802903	-0.00220854
0.553474	-0.3221	0.182853	-0.0004217	-0.000111646	-0.000288662
0.553476	-0.322097	0.182854	0.000554542	0.00138352	-0.000141295
0.553472	-0.322105	0.182858	-0.00074856	-0.0017546	0.00152636
0.553473	-0.322099	0.182851	-0.000609484	0.000311643	-0.00160743
0.553476	-0.322103	0.182858	0.000607252	-0.00119217	0.00153324
0.553474	-0.322101	0.182856	-0.000129838	0.000270467	-5.93701e-05
0.553476	-0.322101	0.182857	0.000264093	1.30969e-05	0.000344673
0.553478	-0.3221	0.182863	0.000777134	0.00020585	0.00202278
0.553477	-0.322099	0.182855	0.000190687	0.000410126	-0.00129329
0.553474	-0.322101	0.182857	-0.000671449	8.38349e-05	-0.00022462
0.553475	-0.322102	0.182859	0.000223255	-0.000390283	0.00116406
0.553476	-0.322101	0.182859	5.23603e-05	-0.000217534	0.000230645
0.553475	-0.322103	0.182857	-0.00121766	-0.000481422	-0.00139974
0.553477	-0.322099	0.182856	-0.000192753	0.00137194	-0.0012607
0.553474	-0.3221	0.182855	-0.000993478	0.000716568	-0.00106629
0.553479	-0.322099	0.182861	0.000474769	0.000421811	0.000794243
0.553474	-0.322101	0.182857	-0.000936416	-0.000276677	-0.000754602
0.553475	-0.322101	0.182857	-0.00053561	-0.000315745	8.45521e-05
0.553477	-0.322097	0.182856	0.00038307	0.0014121	-0.000518329
0.553474	-0.322102	0.182857	-0.000685508	-0.00122836	-6.87574e-05
0.553476	-0.322101	0.182859	4.94467e-05	-0.000451946	0.0010717
0.553475	-0.322101	0.182857	-0.000204883	-0.000180189	-0.000393771
0.553477	-0.322098	0.182857	0.000454888	0.000908433	-0.000267437
0.553473	-0.322101	0.182851	-0.0011382	-0.000468705	-0.00232175
0.553475	-0.322102	0.182857	3.42974e-05	-0.000806643	0.000331352
0.553473	-0.322101	0.182858	-0.000418398	-0.000343957	0.00147282
0.553473	-0.322104	0.182855	-0.000429744	-0.000781616	-0.000609551
0.553472	-0.322102	0.182854	-0.000502435	0.000265536	-0.000559508
0.553475	-0.322098	0.182853	0.00045371	0.00109296	-0.000583397
0.553472	-0.322105	0.182856	-0.000757668	-0.00134473	0.000153928
0.553473	-0.322101	0.182853	-0.000126491	0.000221554	-0.00100858
0.553473	-0.322101	0.182853	-0.000117768	0.000154576	-0.00069835
0.553473	-0.322103	0.182852	-7.87141e-05	-0.000534967	-0.000154607
0.553476	-0.322102	0.182856	0.000960436	0.000371765	0.000900267
0.553473	-0.322103	0.182852	-0.00049884	-0.000431674	-0.000971685
0.553475	-0.322102	0.182857	0.000249495	3.58532e-06	0.00108209
0.553474	-0.322102	0.182854	-7.47009e-05	0.0001296	-0.000439641
0.553474	-0.322106	0.182862	-5.16622e-05	-0.00123611	0.00253762
0.553474	-0.322102	0.182857	5.62653e-05	0.000447902	0.000245121
0.553471	-0.322103	0.18285	-0.000699966	0.000120687	-0.00217314
0.553472	-0.322103	0.182854	-0.000369786	2.28902e-05	-8.17013e-06
0.553471	-0.322104	0.182855	-0.000275843	2.13161e-05	-2.82208e-05
0.553474	-0.322105	0.182858	0.000742726	-0.000637659	0.00162084
0.55347	-0.322106	0.182855	-0.00102931	-0.000800365	-0.000559136
0.553471	-0.322103	0.182851	-4.08579e-05	0.000466645	-0.00119783
0.553473	-0.322106	0.182854	0.000258808	-0.000576486	-5.47681e-05
0.553473	-0.322108	0.18286	0.000188911	-0.00108956	0.00163518
0.553472	-0.322106	0.182856	-0.000341453	-0.00039958	-0.000373937
0.553474	-0.322103	0.182856	0.000445492	0.000658874	0.000345364
0.553475	-0.322102	0.182856	0.000521755	0.00095895	-0.000264909
0.55347	-0.32211	0.182855	-0.00113732	-0.00180322	-0.000300743
0.553472	-0.322107	0.182858	0.000369069	0.000123377	0.00100068
0.553473	-0.322103	0.182855	0.000581569	0.0012358	-0.000460161
0.553474	-0.322104	0.182857	0.000463159	8.37771e-05	0.000599123
0.553474	-0.322108	0.182862	0.000535748	-0.000796874	0.00190901
0.553471	-0.322106	0.182856	-0.000724484	0.000175534	-0.000957928
0.553471	-0.322106	0.182853	-0.000568872	0.00018938	-0.00120865
0.553473	-0.322103	0.182856	0.000323178	0.00104547	-0.000188357
0.553474	-0.322106	0.18286	0.000575861	-0.000255111	0.00112898
0.553472	-0.322106	0.18286	-0.000374251	-0.000358591	0.000577023
0.553476	-0.322101	0.182854	0.000732662	0.00118065	-0.00115691
0.553474	-0.322106	0.18286	-2.38751e-05	-0.000927982	0.00092131
0.553474	-0.322106	0.182858	-0.000108956	-0.000518362	5.6062e-05
0.553473	-0.322107	0.182858	-1.04326e-05	-0.000358558	8.57442e-05
0.55347	-0.322105	0.182854	-0.000913343	0.000295915	-0.0010481
0.553472	-0.322104	0.182855	-4.2686e-05	0.00049741	-0.000313605
0.553477	-0.322103	0.182861	0.0014773	0.000742676	0.00138323
0.553475	-0.322105	0.18286	0.000109185	-0.000348231	0.000561633
0.553474	-0.322106	0.182859	9.14556e-05	-0.000267983	0.000421821
0.553472	-0.322108	0.182857	-0.000608701	-0.00104619	-0.000326202
0.553474	-0.322102	0.182855	9.90364e-05	0.0010097	-0.00107125
0.553473	-0.322107	0.182854	-0.000102968	-0.000577135	-0.000660817
0.553473	-0.322107	0.182859	-4.18261e-05	-0.000422261	0.000895279
0.553475	-0.322102	0.182855	0.00065815	0.00134296	-0.000457423
0.553478	-0.322103	0.182865	0.00104654	0.000533767	0.00260071
0.553478	-0.3221	0.18286	0.000928864	0.00155903	4.69943e-06
0.553475	-0.322103	0.18286	-0.000595791	-0.000243491	-0.000455276
0.553474	-0.322104	0.182859	-0.000397149	-0.000162185	-0.000303537
0.553475	-0.322105	0.18286	-0.000235339	-0.000752316	0.000131647
0.553471	-0.322108	0.182861	-0.00140831	-0.00182533	0.000529541
0.553475	-0.322102	0.182853	-4.15751e-05	0.00103118	-0.00263791
0.553476	-0.322103	0.18286	0.000326293	0.000401454	0.000479288
0.553477	-0.322102	0.18286	0.000816651	0.00056087	0.000730275
0.553478	-0.322098	0.182855	0.0013017	0.00191213	-0.000870843
0.553477	-0.322102	0.182857	-0.000873219	-7.97777e-05	-0.000799835
0.553476	-0.322101	0.182859	-0.000970322	0.000176208	-0.00016779
0.553474	-0.322104	0.182857	-0.00143376	-0.00078924	-0.000744731
0.553477	-0.322104	0.182864	0.000195989	-0.000568184	0.00188219
0.553474	-0.322104	0.182857	-0.000671677	9.48835e-05	-0.00144336
0.553475	-0.322103	0.182857	-0.000297047	-2.25877e-05	-0.000341793
0.553476	-0.322099	0.182856	6.83433e-06	0.00122017	-0.000677886
0.553476	-0.322097	0.182856	0.000321292	0.00196154	-0.000749216
0.553475	-0.322105	0.182862	-0.000167747	-0.00120812	0.00131262
0.553477	-0.3221	0.182857	0.000400311	0.000207904	-0.000440799
0.553478	-0.3221	0.182857	0.000559457	0.000653523	-0.000298776
0.553479	-0.322097	0.182861	0.000455978	0.00112031	0.00077056
0.55348	-0.322099	0.182863	0.000621414	-9.455e-06	0.00115409
0.553478	-0.3221	0.182858	-0.000127757	-0.000333897	-0.000408716
0.553478	-0.322096	0.182857	-3.28282e-05	0.00110651	-0.000919792
0.553479	-0.3221	0.182861	2.67571e-05	-0.000661566	0.000565607
0.553478	-0.3221	0.182857	-0.000190053	-0.000358038	-0.00067502
0.553477	-0.322098	0.182857	-0.000227544	0.000506796	-9.35967e-05
0.553478	-0.322098	0.182859	0.000125703	0.000154122	0.000297739
0.553478	-0.322097	0.182861	6.75506e-05	0.000857049	0.000638133
0.553481	-0.322098	0.182865	0.00086775	-9.87533e-06	0.00153139
0.553477	-0.322098	0.182857	-0.000877545	0.00028864	-0.0018045
0.55348	-0.322097	0.18286	0.000576567	0.000148272	-9.88062e-05
0.553478	-0.3221	0.182861	2.62893e-05	-0.000379919	0.000699831
0.553476	-0.322097	0.182854	-0.000828721	0.000364787	-0.00197265
0.553478	-0.3221	0.182862	-5.30542e-06	-0.000888479	0.00112399
0.553481	-0.322094	0.182859	0.000922811	0.00155806	-0.000350508
0.55348	-0.322096	0.182856	0.000393072	0.000491941	-0.00103601
0.553479	-0.322095	0.182859	9.43838e-05	0.000520757	0.000283715
0.553479	-0.322097	0.182857	2.81333e-05	-0.000401824	-0.000239895
0.553483	-0.322093	0.182863	0.00129041	0.000973156	0.00165681
0.553479	-0.322095	0.182853	-0.000602036	0.000226283	-0.0022109
0.55348	-0.322097	0.182858	-0.000210761	-0.000667724	2.4751e-05
0.553482	-0.322094	0.182861	0.000705343	0.000426888	0.00116558
0.553481	-0.322091	0.182856	9.91951e-05	0.00120698	-0.000452865
0.553482	-0.32209	0.182861	0.00058383	0.00116927	0.000824387
0.553479	-0.322094	0.182854	-0.000635246	-0.000616577	-0.00140081
0.553481	-0.322093	0.18286	-1.49822e-05	-4.73336e-06	0.000968882
0.553481	-0.322092	0.182858	-0.000135699	4.57285e-05	7.77469e-05
0.55348	-0.322096	0.182857	-0.000578718	-0.000978225	-0.000740489
0.553482	-0.322094	0.182859	0.00046871	0.000131975	-8.38908e-05
0.553484	-0.322094	0.182863	0.000779864	-0.000238779	0.00140813
0.55348	-0.322094	0.182859	-0.000583295	-0.000127265	-0.000120035
0.553482	-0.322094	0.182858	0.000362135	0.00013166	0.000107486
0.553482	-0.322089	0.182856	0.000532379	0.00188866	-0.000602549
0.553477	-0.322094	0.182852	-0.00130692	-0.00028131	-0.00206664
0.553479	-0.322095	0.182858	-0.00157068	-0.000900579	-8.55574e-05
0.553481	-0.322093	0.182858	-0.000370009	0.000301675	-0.000271035
0.553481	-0.322094	0.18286	-0.00047594	-0.000375989	0.000326371
0.553483	-0.322095	0.182862	-0.000116165	-0.000418509	0.000518427
0.553481	-0.322095	0.182861	-0.000617023	-0.000584678	-1.88343e-05
0.553482	-0.322093	0.182858	0.000175343	0.000585529	-0.000800095
0.55348	-0.322093	0.182855	-0.000273834	0.000620236	-0.00145201
0.553482	-0.32209	0.182853	0.00237102	0.0043735	-0.00105746
0.553483	-0.322091	0.182858	0.00200337	0.00294861	0.00102914
0.553482	-0.322089	0.182855	0.000881942	0.00239021	-0.000810093
0.553484	-0.322091	0.182862	0.000866616	0.0010253	0.00172732
0.553482	-0.32209	0.182856	1.41429e-05	0.00117289	-0.00090168
0.553483	-0.322089	0.182857	0.000630305	0.00119245	-0.000239307
0.553482	-0.322095	0.182861	0.000114272	-0.000935371	0.00127712
0.553483	-0.322089	0.182857	0.000479855	0.0012363	-0.0005854
0.553484	-0.322089	0.182859	-0.000459599	0.00182891	-0.00149267
0.553482	-0.32209	0.182856	0.000916558	-0.000213029	0.000459289
0.553481	-0.322091	0.182855	0.000699226	-0.000797034	0.000700756
0.553482	-0.322092	0.182862	0.000866891	-0.000835419	0.0023151
0.55348	-0.322094	0.182857	-0.000677948	-0.00102706	-0.000270767
0.553483	-0.322089	0.182854	0.000809057	0.000605961	-0.000575682
0.553482	-0.32209	0.182859	0.000592757	0.000329644	0.00101022
0.553483	-0.322091	0.18286	0.000763022	1.72859e-05	0.00110756
0.55348	-0.322091	0.182858	-0.000675551	-0.000609311	-3.67934e-05
0.553479	-0.322092	0.182855	-0.000634843	-0.000296056	-0.00108926
0.553484	-0.322091	0.182862	0.00126103	9.03441e-05	0.00154254
0.553482	-0.322092	0.182859	-0.000181392	-0.000671536	6.92745e-05
0.553481	-0.322094	0.182857	0.000520992	0.000224234	-0.000206624
0.553483	-0.322091	0.182859	0.00128667	0.00180407	0.000707405
0.553483	-0.322092	0.182858	0.000932699	0.00131936	-0.000363833
0.55348	-0.322093	0.182859	-0.000500307	0.000360169	-0.000197154
0.553481	-0.322095	0.182859	0.000145892	-2.55439e-05	8.26043e-05
0.55348	-0.322095	0.182856	-0.000133754	-0.000446368	-0.0008406
0.553482	-0.322094	0.182864	0.000569095	7.35409e-06	0.00205783
0.553483	-0.322092	0.182856	0.000364407	0.000722117	-0.00117247
0.553482	-0.322091	0.182855	-2.28925e-05	0.000684741	-0.00114157
0.553481	-0.322095	0.18286	-0.000216002	-0.000731273	0.000934841
0.553482	-0.322094	0.18286	-0.000667167	6.99455e-05	-0.000263874
0.553481	-0.322095	0.182857	-0.000668383	0.000157065	-0.000856764
0.55348	-0.322091	0.182854	-0.000761833	0.0010054	-0.00134115
0.553481	-0.322091	0.182853	-0.000430899	0.00128985	-0.00157198
0.55348	-0.322097	0.18286	-0.000843411	-0.00151212	0.000952927
0.55348	-0.322095	0.182859	-0.000349456	-0.000569147	0.000665755
0.55348	-0.322093	0.182856	-0.000430863	0.000437386	-0.00101106
0.553481	-0.322095	0.182862	0.000331678	-5.57715e-05	0.00134467
0.553482	-0.322092	0.182859	0.000280059	0.00059924	-0.000213934
0.553482	-0.322094	0.18286	0.000201268	-0.0002726	0.000212323
0.553481	-0.322097	0.18286	-0.000521184	-0.00116435	6.36366e-05
0.55348	-0.322095	0.182856	-0.000736894	-0.000578068	-0.000842505
0.553478	-0.3221	0.182859	-0.000667596	-0.00158471	0.00031496
0.553484	-0.322091	0.18286	0.00128482	0.00194323	0.000259047
0.55348	-0.322095	0.182858	-0.000435075	1.74958e-05	-0.000782157
0.55348	-0.322096	0.182856	-0.000665667	-0.000399506	-0.00111726
0.553481	-0.322094	0.182856	0.000441418	0.000607017	-0.000409826
0.553483	-0.322095	0.182863	0.00088412	-6.57237e-05	0.001855
0.55348	-0.322096	0.182858	-0.000163235	-0.000201591	-0.000249663
0.553483	-0.322092	0.182858	0.000859089	0.00130544	0.000425007
0.553481	-0.322095	0.182855	-0.000471279	-0.000467318	-0.000903411
0.553479	-0.322093	0.182855	-0.000857044	-3.2634e-05	-0.000777221
0.553481	-0.322099	0.182862	-7.71271e-05	-0.00172604	0.00168767
0.553482	-0.322094	0.182859	0.000287457	0.000640221	-0.00031068
0.553482	-0.322096	0.182861	0.00033609	-0.000295888	0.000719597
0.553479	-0.322096	0.182858	-0.00184892	5.80125e-06	-0.00130048
0.55348	-0.322091	0.182853	0.000323485	0.0014834	-0.00132763
0.553479	-0.322094	0.182857	-0.000429532	-0.000617465	0.000218315
0.553477	-0.3221	0.182857	-0.000671841	-0.0015548	-4.81015e-05
0.55348	-0.322095	0.182856	0.000580425	0.00101164	-0.000566797
0.553478	-0.3221	0.18286	-0.000124004	-0.000977099	0.00125001
0.553482	-0.322097	0.18286	0.000827483	-0.000571547	0.000818702
0.553482	-0.322093	0.182857	0.000506217	0.00105475	-0.000713656
0.55348	-0.322095	0.182856	-0.000686348	-5.96372e-06	-0.000625544
0.55348	-0.322098	0.182863	0.000103255	-0.00110653	0.0019998
0.553481	-0.322095	0.182862	0.000413349	0.00043637	0.00102467
0.553481	-0.322096	0.182856	0.000413126	0.000222622	-0.000883687
0.55348	-0.322098	0.182861	-2.83324e-05	-0.000396053	0.000722061
0.55348	-0.322093	0.182856	-0.000450065	0.000788922	-0.00136423
0.553484	-0.32209	0.18286	0.000998485	0.00173893	0.000116395
0.553482	-0.322094	0.182861	9.11443e-05	0.000110104	0.000515751
0.55348	-0.322098	0.182859	-0.000404786	-0.000972053	-0.000397919
0.55348	-0.322093	0.182854	-0.00023406	0.000667409	-0.00178747
0.553482	-0.322095	0.182862	0.000633338	-5.79739e-05	0.00152931
0.55348	-0.322097	0.18286	-3.17207e-05	-0.00043892	0.000413131
0.553478	-0.322097	0.182858	-0.000782625	-0.000538846	0.000112646
0.553481	-0.322096	0.182858	0.00028346	-9.02835e-05	0.000239025
0.553483	-0.322091	0.18286	0.000591411	0.00102089	0.000381688
0.553482	-0.322094	0.182861	6.26884e-05	-0.000464162	0.000540114
0.553483	-0.322095	0.182862	0.000205435	-0.00045248	0.000211751
0.553482	-0.32209	0.182858	-9.89364e-05	0.0019154	-0.00125159
0.553482	-0.322093	0.182857	-0.000615572	0.000525041	-0.00113238
0.553481	-0.322098	0.182862	-0.0011515	-0.0012629	0.000256487
0.553481	-0.322095	0.182859	-0.000565096	0.000330027	-0.00021509
0.553481	-0.322092	0.182856	-0.000611382	0.00110613	-0.00169174
0.553478	-0.322095	0.182856	-0.00110319	-0.000269375	-0.00120389
0.553481	-0.322094	0.182859	4.35842e-05	2.16599e-05	0.000251315
0.55348	-0.322096	0.182859	-0.0013562	-0.000239875	-0.000710298
0.553485	-0.322092	0.182863	-2.03728e-06	0.000597239	0.000393272
0.553483	-0.322092	0.182861	0.000453116	-0.00017	0.00117416
0.553478	-0.3221	0.182858	-0.000814188	-0.00214321	-3.29453e-05
0.553481	-0.322095	0.18286	0.000367806	9.98164e-05	0.000833405
0.553479	-0.322096	0.182856	-0.000116298	0.000267869	-0.00115203
0.553481	-0.322095	0.18286	0.000485078	0.000533735	0.000393221
0.553477	-0.322099	0.182857	-0.00110439	-0.00151494	-0.000907413
0.553478	-0.322099	0.182858	-0.000357811	-0.000481066	-0.000575956
0.553482	-0.322094	0.18286	0.000972861	0.000910421	0.00057417
0.55348	-0.322095	0.182859	8.62254e-05	0.000306176	5.67724e-07
0.55348	-0.322098	0.182861	7.21852e-05	-0.00050094	0.000388723
0.553482	-0.322092	0.182857	0.000222131	0.000962093	-0.000718107
0.553476	-0.322097	0.182854	-0.00152891	-0.00102909	-0.00117477
0.553479	-0.322094	0.182856	0.000159044	0.000552079	0.00014918
0.553481	-0.322096	0.182858	0.000576744	7.23646e-05	0.00025116
0.55348	-0.322093	0.182855	-0.000285713	0.000494309	-0.00114585
0.553481	-0.322094	0.182859	0.000650059	0.00049546	0.000808192
0.55348	-0.322097	0.182859	-6.35609e-05	-0.000789473	0.000258438
0.55348	-0.322095	0.182857	-0.000183738	0.000276593	4.42778e-05
0.553479	-0.322096	0.182855	-0.000300859	-0.000339621	-0.000771645
0.553477	-0.322095	0.182853	-0.000799663	0.000118525	-0.0012363
0.553482	-0.322096	0.182861	0.0012113	-0.000370416	0.00233705
0.553481	-0.322091	0.182855	0.000313208	0.00145747	-0.000647874
0.553478	-0.322098	0.182858	-0.00107653	-0.00159894	0.000135394
0.553478	-0.322099	0.182857	-2.17017e-05	-0.000864501	0.000217567
0.553477	-0.322099	0.182856	-0.000292276	-0.000392414	-0.000215444
0.553478	-0.322102	0.182863	0.000118051	-0.00118665	0.00193601
0.553478	-0.322099	0.182859	-0.000314271	-0.000528742	0.000337377
0.553477	-0.3221	0.182855	-0.000499965	-0.000102304	-0.00149317
0.55348	-0.322099	0.182857	0.000510765	4.80527e-05	-0.000249793
0.553479	-0.3221	0.182859	0.000105158	-0.000517364	0.000353267
0.553479	-0.322098	0.182862	-0.000130585	0.00049295	0.000873063
0.55348	-0.322095	0.182859	0.000548645	0.00126171	-0.000134477
0.553478	-0.3221	0.18286	-0.00046865	-0.00135098	0.000269976
0.553474	-0.3221	0.182849	-0.00165007	-0.00069618	-0.00296243
0.553478	-0.322101	0.182861	0.000588546	-0.000182807	0.00162798
0.553477	-0.322103	0.18286	4.137e-05	-0.000607729	0.000624826
0.553477	-0.322102	0.18286	-5.32906e-06	-0.000398213	0.000390935
0.553477	-0.322098	0.182857	-1.30888e-06	0.001106	-0.000458531
0.553476	-0.3221	0.182854	-0.000222967	0.00019061	-0.001108
0.553476	-0.322098	0.182855	-4.16829e-05	0.000752326	-0.000529155
0.553475	-0.322104	0.182859	-0.00039863	-0.00137845	0.00115681
0.553476	-0.322105	0.18286	-4.80132e-05	-0.00100946	0.00059919
0.553475	-0.322105	0.182858	-0.000508262	-0.0010951	-0.000241714
0.553479	-0.322102	0.182861	0.00101309	0.000535415	0.000840554
0.553475	-0.322102	0.182856	-0.00059457	0.000510033	-0.00116421
0.553479	-0.322102	0.182863	0.000825146	0.000251573	0.00168959
0.553475	-0.3221	0.182854	-0.000807796	0.000275223	-0.00188285
0.553477	-0.322099	0.182859	0.000415572	0.000946638	0.000514106
0.553476	-0.322102	0.182858	-0.000436148	-0.000259295	-0.000265653
0.553476	-0.322103	0.182856	5.36797e-06	-0.000377622	-0.000664424
0.553473	-0.322105	0.182856	-0.000890395	-0.00107426	4.43726e-05
0.553476	-0.322103	0.182857	0.000444801	2.17687e-05	0.000157816
0.553475	-0.322103	0.182855	-0.00036235	-0.000881864	-0.00051123
0.553476	-0.322102	0.182858	0.000102736	0.00049065	0.000731137
0.553473	-0.322107	0.182856	-0.00109855	-0.00166025	-0.000400626
0.553473	-0.322108	0.182858	-0.000558975	-0.00178114	0.000662189
0.553474	-0.322102	0.182852	-0.000178662	0.00130921	-0.00198464
0.553478	-0.322102	0.182859	0.00158361	0.00111912	0.00104168
0.553476	-0.322104	0.182861	-0.000189653	-0.000509807	0.00102484
0.553479	-0.322099	0.182857	0.00102487	0.00169203	-0.000600477
0.553475	-0.322106	0.18286	-0.000272658	-0.000957811	0.000661136
0.553476	-0.322104	0.18286	0.000139486	-0.000161457	0.000490992
0.553475	-0.322104	0.182856	-0.000199504	6.23139e-05	-0.000906636
0.553478	-0.322102	0.182861	0.000788157	0.000811561	0.00113932
0.553475	-0.322104	0.182858	-0.000280579	-0.000307459	-0.000391399
0.553473	-0.322103	0.182854	-0.000839283	0.000205375	-0.00152734
0.553476	-0.322104	0.182859	-1.84059e-05	-0.000210708	0.00055347
0.553475	-0.322106	0.182859	-0.000200081	-0.000716828	6.36938e-05
0.553475	-0.322104	0.182857	-6.07211e-05	0.000176954	-0.000245049
0.553473	-0.322106	0.182857	-0.000361739	-0.000359114	-0.000213602
0.553474	-0.322108	0.182856	-8.89235e-05	-0.00101268	-3.88003e-05
0.553473	-0.322105	0.182857	-0.000227067	0.000155755	0.000637306
0.553476	-0.322101	0.182856	0.000451401	0.00104381	-0.000317268
0.553476	-0.322099	0.182856	0.000354909	0.0013865	-0.000546413
0.553475	-0.322099	0.182854	6.73374e-05	0.000950321	-0.000933407
0.553477	-0.322101	0.182859	0.000563669	0.000322477	0.000899184
0.553473	-0.322107	0.18286	-0.00097292	-0.00166687	0.000723188
0.553478	-0.322099	0.182856	0.000801585	0.00143419	-0.000801572
0.553476	-0.322101	0.182854	-0.000115032	-2.84219e-05	-0.00060739
0.553475	-0.322103	0.182856	-0.000220579	-0.000587459	0.000185996
0.553475	-0.322108	0.18286	-0.000341272	-0.00165149	0.00105267
0.553477	-0.322103	0.182863	0.000737044	0.000329995	0.00213524
0.553475	-0.3221	0.182854	1.12461e-06	0.0012365	-0.00129728
0.553474	-0.322101	0.182854	-0.000576054	0.0004945	-0.00122535
0.553478	-0.322098	0.182856	0.000961347	0.00151577	-0.000616641
0.553479	-0.322099	0.182859	0.000634478	0.000326923	0.000822871
0.553479	-0.322098	0.182862	0.000623126	0.000104792	0.00162748
0.553479	-0.322098	0.182859	0.000256739	0.000125495	0.000491219
0.553477	-0.3221	0.182858	-0.000210238	-0.000300113	-0.000255283
0.553474	-0.322101	0.182855	-0.000842641	-0.000480905	-0.00109888
0.553479	-0.3221	0.182861	0.000799972	0.000160124	0.00113938
0.55348	-0.322097	0.182859	0.000813414	0.00129435	0.000400947
0.553475	-0.3221	0.182855	-0.00108896	-0.000775727	-0.00127066
0.553479	-0.322099	0.182858	0.00044986	0.00010563	-7.58207e-05
0.553478	-0.322102	0.18286	6.4571e-05	-0.000478889	0.000469231
0.553478	-0.322098	0.182859	0.000175797	0.000242097	0.000557858
0.553481	-0.322097	0.182863	0.00110806	0.00092645	0.0013252
0.553482	-0.322094	0.182858	0.000703659	0.00135875	-0.00083563
0.553478	-0.322101	0.182858	-0.000715961	-0.00111907	-0.000581715
0.553478	-0.322098	0.182859	-0.000688612	6.20696e-05	0.000274378
0.55348	-0.322096	0.182855	0.000493942	0.000829055	-0.00107019
0.553481	-0.322096	0.182859	0.000385422	0.000509199	0.000645109
0.553479	-0.322097	0.182857	-8.34415e-05	-0.000116693	-5.50523e-05
0.55348	-0.322097	0.182861	0.000552006	0.000164739	0.000833581
0.55348	-0.322094	0.182858	-0.000147837	0.000501202	-0.000167184
0.553479	-0.322097	0.182856	-0.0002949	-0.000191594	-0.000876264
0.55348	-0.322097	0.182861	-0.000497126	0.0002187	0.000115821
0.553478	-0.322097	0.182855	-0.001128	2.91278e-05	-0.00147613
0.553479	-0.322095	0.182856	-0.000837737	0.000707484	-0.00139482
0.55348	-0.322096	0.182859	-0.000169442	0.000241989	-1.25178e-05
0.55348	-0.322097	0.18286	-0.000213142	-0.00055154	0.0003235
0.55348	-0.322095	0.18286	-0.000332414	-0.000219115	0.00034326
0.553482	-0.322095	0.182863	0.00017243	0.000293324	0.000806055
0.553481	-0.322094	0.182859	-0.000108416	0.00101555	-0.000936495
0.553482	-0.322092	0.18286	0.000394311	0.00102048	0.000495075
0.553482	-0.322095	0.182861	0.000458284	-0.000133863	0.000500086
0.553481	-0.322094	0.182863	0.000229149	0.000613771	0.000792047
0.553481	-0.322092	0.182859	-0.000316127	0.000775329	-0.00102101
0.553483	-0.322094	0.182862	0.000619325	-3.38249e-05	0.000398069
0.553482	-0.322094	0.18286	8.90255e-05	-0.000498886	0.000213031
0.553481	-0.322091	0.182857	-0.000249894	0.000496094	-0.000554073
0.553482	-0.322094	0.182861	-0.000126951	-0.000379492	3.83338e-05
0.553483	-0.322092	0.18286	0.00118569	0.000121162	0.000715354
0.553484	-0.322088	0.182855	0.00114595	0.00125241	-0.00110511
0.553482	-0.322094	0.182862	0.000360439	-0.0009891	0.00157651
0.553482	-0.32209	0.182854	0.000465292	0.000657836	-0.00120153
0.553483	-0.322088	0.182859	0.000444929	0.00104848	0.000274735
0.553481	-0.322093	0.182859	-0.000421722	-0.000924079	-1.95253e-05
0.553481	-0.322091	0.182855	-0.000159806	4.33835e-05	-0.00115755
0.55348	-0.322093	0.182858	-0.000182568	-0.000608116	0.000375209
0.55348	-0.32209	0.182853	1.38866e-06	0.000923666	-0.00123701
0.55348	-0.322091	0.182851	-8.70308e-05	1.85562e-05	-0.00105232
0.553482	-0.322087	0.182855	0.000448065	0.00101208	0.000154912
0.553482	-0.322092	0.182858	-8.91702e-05	-0.00119223	0.000754949
0.553482	-0.322085	0.182851	0.000106337	0.00122729	-0.00132754
0.55348	-0.322093	0.182856	-0.000337342	-0.00102754	0.000612885
0.553479	-0.322088	0.182851	-0.000573843	0.000971972	-0.00126418
0.55348	-0.322089	0.182854	-0.000243435	-0.000105539	0.000112643
0.55348	-0.322088	0.18285	-0.000186412	-0.000114218	-0.000772845
0.553478	-0.322087	0.182847	-0.000628729	0.000344665	-0.00126209
0.553481	-0.322086	0.182853	0.000367383	0.000343127	0.000754447
0.553481	-0.322089	0.182852	0.000181995	-0.000373716	0.000294785
0.553482	-0.322087	0.182853	0.000391307	0.000270512	0.00017404
0.55348	-0.322087	0.182846	-0.000531364	-1.26816e-05	-0.00228052
0.553478	-0.32209	0.182848	-0.000667555	-0.000502035	-0.000669519
0.553478	-0.322091	0.18285	-0.000352049	-0.000376574	9.63117e-05
0.553478	-0.322087	0.182846	-0.00147026	0.000754541	-0.00221436
0.553478	-0.322089	0.182848	-0.000915616	-0.000202967	-0.0006117
0.553477	-0.322085	0.182841	-0.000709359	0.00129465	-0.00257083
0.553477	-0.322088	0.182843	-0.00073664	0.000287726	-0.00118332
0.553477	-0.322089	0.182849	-0.000509066	-0.000543631	0.00093925
0.553477	-0.32209	0.182847	-0.000173886	-0.000468447	0.000396057
0.553475	-0.322091	0.182845	-0.00111601	-0.0010433	-0.000729346
0.553477	-0.32209	0.182845	-0.000182151	-0.000362749	-0.000137298
0.553476	-0.322089	0.182844	-0.000439755	-4.95196e-05	-0.000483482
0.553477	-0.322086	0.182842	-4.51758e-05	0.00121567	-0.00120912
0.553473	-0.322089	0.182838	-0.00136717	-0.000394387	-0.00186189
0.553477	-0.322088	0.182843	0.000360662	0.000253634	0.000140889
0.553473	-0.322087	0.182839	-0.000903693	0.000273372	-0.00106236
0.553472	-0.322094	0.18284	-0.000988507	-0.00163084	-0.000558332
0.55347	-0.322094	0.182838	-0.000909612	-0.000909093	-0.000711498
0.553471	-0.322091	0.18284	-0.000573729	2.83051e-06	-0.000289719
0.553473	-0.322092	0.182841	0.000407456	0.000183661	7.2186e-06
0.553472	-0.322092	0.182842	-6.50137e-05	-0.000334244	0.000804577
0.553472	-0.322093	0.182839	3.55559e-06	-0.00024969	-0.00028917
0.553469	-0.322096	0.182839	-0.00103636	-0.00154247	-1.01247e-05
0.55347	-0.322092	0.182834	-0.000597652	0.000290076	-0.00237913
0.553466	-0.322095	0.182832	-0.00181827	-0.000986589	-0.00228167
0.553469	-0.322096	0.182838	-0.00016028	-0.000661813	0.000359674
0.553469	-0.322093	0.182836	-4.26264e-05	0.000917192	-0.000431076
0.553466	-0.322096	0.182835	-0.00118194	-0.000686126	-0.000697236
0.553465	-0.322096	0.182829	-0.00121679	-0.000906437	-0.00193111
0.553464	-0.3221	0.182831	-0.000976203	-0.00187041	-0.00033604
0.553464	-0.322097	0.182828	-0.000496517	-1.05284e-05	-0.00115084
0.553463	-0.322098	0.182831	-0.000637614	-0.000470093	5.59375e-05
0.553464	-0.322098	0.182834	-3.2067e-05	-0.000575782	0.000990554
0.553459	-0.322105	0.182833	-0.000361322	-0.00130539	0.00142446
0.553459	-0.322107	0.18283	5.1066e-05	-0.00105172	-1.12628e-05
0.553457	-0.322108	0.182829	-0.000144794	-0.00120802	5.30193e-05
0.553458	-0.322107	0.182832	0.000406042	-0.000442994	0.00120012
0.553459	-0.322106	0.182829	1.6908e-05	-0.000251806	-0.000317983
0.553457	-0.322108	0.182829	-0.00148756	-0.00021813	-0.00134242
0.553457	-0.322106	0.182829	-0.000824527	0.000395843	-0.000997426
0.553455	-0.322111	0.182829	-0.00114798	-0.00143331	-0.000321287
0.553456	-0.322112	0.182831	-0.000700978	-0.000959438	0.000273279
0.553453	-0.322114	0.182826	-0.00146844	-0.00145682	-0.00155782
0.553453	-0.322114	0.182826	-0.000928167	-0.000949901	-0.00103193
0.553455	-0.322111	0.182825	-4.8041e-05	0.000367692	-0.000676155
0.553454	-0.322111	0.182827	-0.000272568	-0.000329523	4.74808e-05
0.553453	-0.322114	0.18283	-0.000537456	-0.000704408	0.000849501
0.553454	-0.322117	0.18283	-0.000285818	-0.00125803	0.000640753
0.553455	-0.322113	0.182829	0.000208744	0.000323922	0.00016122
0.553453	-0.322116	0.182829	-0.000441435	-0.00075113	5.51819e-05
0.553452	-0.322118	0.182827	-0.000227618	-0.000505324	-0.000755904
0.553452	-0.322118	0.182829	-0.000946393	-0.000534719	-0.00183221
0.553453	-0.322114	0.182829	-6.81873e-05	0.00069389	-0.00139498
0.553452	-0.322118	0.182828	-0.000557424	-0.000705964	-0.00126591
0.55345	-0.322116	0.182827	-0.000800282	0.000558925	-0.00145487
0.553451	-0.322118	0.182827	-0.000396119	-0.000390937	-0.00093953
0.553451	-0.322116	0.182828	-0.000120253	0.000330023	-0.00040159
0.553452	-0.322115	0.182827	0.000373119	0.000633678	-0.000541187
0.553451	-0.322119	0.182831	0.000144641	-0.00023787	0.000771129
0.553451	-0.322115	0.182829	0.000368193	0.00103281	0.000129455
0.553448	-0.32212	0.182825	-0.00136805	-0.000946777	-0.00150262
0.553449	-0.322118	0.182826	-1.65596e-05	0.000177409	-0.000604065
0.55345	-0.322119	0.18283	0.000173819	-6.01287e-05	0.000772095
0.553452	-0.322118	0.18283	0.000691184	0.000290561	0.000867904
0.553452	-0.322118	0.182833	0.00056424	8.62542e-05	0.00119052
0.553451	-0.322117	0.182829	-7.1101e-06	0.000350141	-0.000188351
0.553454	-0.322115	0.182831	0.00113765	0.000863627	0.000616955
0.553453	-0.322116	0.182829	0.000343859	0.0001409	-0.000183796
0.553452	-0.322118	0.182831	-0.000189229	-0.000291259	0.000109002
0.553453	-0.322117	0.182832	-4.42977e-05	0.000372584	0.000327295
0.553452	-0.322112	0.182826	-6.5887e-05	0.00166534	-0.00189697
0.553455	-0.322118	0.182836	0.00166469	-0.00099457	0.0029746
0.553453	-0.322117	0.182832	0.000865725	-0.000336127	0.00104656
0.553455	-0.322114	0.182829	0.00113874	0.000752355	-0.000597454
0.553454	-0.322115	0.182834	0.000711664	-9.24484e-05	0.00159966
0.553455	-0.322112	0.182829	0.00070819	0.00114107	-0.000660804
0.553455	-0.322112	0.182831	0.000613963	0.000676685	0.00017283
0.553454	-0.322115	0.182832	-2.04935e-05	-0.000665765	0.000749066
0.553454	-0.322113	0.182828	-0.000107428	0.000315167	-0.00131577
0.553457	-0.322111	0.182834	0.000998171	0.000921134	0.00150263
0.553458	-0.32211	0.182835	0.00127344	0.000850941	0.00143931
0.553458	-0.322108	0.182831	0.000963282	0.00131458	-0.000243307
0.553457	-0.322114	0.182836	-0.00027853	-0.00131234	0.00102514
0.553457	-0.32211	0.182831	-0.000132373	0.000468806	-0.000858009
0.553459	-0.322106	0.182829	0.000837938	0.00171196	-0.00132544
0.553457	-0.322109	0.182833	-0.000111492	0.00028152	0.000698479
0.553457	-0.322107	0.182829	8.60787e-05	0.000681271	-0.000954469
0.553457	-0.322109	0.18283	-0.000403117	4.57262e-05	-0.000403154
0.553459	-0.322108	0.182831	0.000851082	0.000135743	0.000246796
0.553461	-0.322106	0.182833	0.000624969	0.000607831	0.000421335
0.55346	-0.322106	0.182833	0.000265007	0.00054021	0.000488914
0.553458	-0.322107	0.182829	-0.000673924	-0.00041911	-0.000929886
0.553459	-0.322106	0.182833	0.00021819	-9.23616e-05	0.00122917
0.553456	-0.322108	0.182828	-0.000770156	-7.09455e-05	-0.00136701
0.55346	-0.322103	0.182829	0.000355925	0.000711034	-0.000502957
0.55346	-0.322106	0.182833	-0.000381411	0.000866175	-0.00324834
0.553463	-0.322105	0.182835	0.000265244	0.000248177	-0.00175927
0.553458	-0.322105	0.182827	-0.00102915	0.000949392	-0.00423551
0.553461	-0.322104	0.182832	4.08538e-05	0.000169958	-0.0011572
0.553459	-0.322107	0.182834	-0.000284655	-0.000367562	-4.03892e-05
0.553461	-0.322105	0.182835	0.000358094	0.000802506	-0.00015647
0.553462	-0.322105	0.182834	0.000505041	0.000311882	-0.000649933
0.55346	-0.322106	0.182834	-0.000125994	-0.00016266	-0.000285692
0.553461	-0.322104	0.182833	-3.87264e-05	0.000588265	-0.000570413
0.553461	-0.322105	0.182832	0.000119686	0.000261393	-0.000621693
0.553461	-0.322103	0.182831	9.59288e-05	0.000875172	-0.000800302
0.553464	-0.322101	0.18283	0.000991574	0.00133686	-0.000945083
0.553461	-0.322104	0.182831	-0.000759757	-0.000947697	-0.000557056
0.553462	-0.322104	0.182833	3.93658e-05	-0.00030949	0.000850896
0.553461	-0.322103	0.182834	-0.000382969	7.71332e-05	0.000456646
0.553462	-0.322101	0.182834	0.000608658	0.000865967	0.000683535
0.553461	-0.3221	0.182829	5.93194e-05	0.00081315	-0.00132714
0.553458	-0.322104	0.182827	-0.00144636	-0.00126164	-0.00132352
