Xl_x	Xl_y	Xl_z	Vl_x	Vl_y	Vl_z
0.553458	-0.32211	0.182833	0.000260577	-0.000672807	0.00169544
0.551631	-0.0204593	0.311468	0.000529697	0.00430169	0.000135526
0.551631	-0.0204639	0.311471	0.000345613	0.00161423	0.00109251
0.55163	-0.0204593	0.311466	-6.66161e-05	0.00285595	-0.000643938
0.551629	-0.0204638	0.311469	-0.000353756	0.000554527	0.000145511
0.551629	-0.0204607	0.311467	-0.00020263	0.00152283	-0.000858217
0.55163	-0.0204638	0.31147	0.000164411	4.86249e-05	0.000797724
0.551629	-0.0204623	0.311472	-0.000154901	0.000630205	0.00111931
0.551631	-0.0204609	0.31147	0.000532455	0.000943418	0.000594306
0.551631	-0.0204623	0.31147	8.64864e-06	0.000181505	-3.79634e-05
0.551631	-0.0204562	0.311472	7.51612e-05	0.00217957	0.000507248
0.55163	-0.0204577	0.311469	5.36697e-05	0.000981773	-0.000628612
0.551631	-0.0204608	0.311467	-7.30564e-05	-0.000342495	-0.00146459
0.55163	-0.0204593	0.311469	-8.81304e-09	0.000279601	0.00049876
0.55163	-0.0204608	0.311468	-3.79196e-05	-0.000313961	-0.000167123
0.551629	-0.0204592	0.311469	-0.00031496	0.000328886	-2.72386e-05
0.55163	-0.0204589	0.311467	-0.00022889	0.000745246	-0.000998752
0.551628	-0.020461	0.311465	-0.000487509	-0.000492276	-0.00109197
0.551629	-0.0204608	0.311464	0.00014573	0.00311053	-0.000659275
0.55163	-0.0204577	0.311469	0.000205411	0.00336393	0.00110834
0.55163	-0.0204624	0.311471	0.0012863	0.000932124	0.0023436
0.551629	-0.0204619	0.311463	0.000601937	0.00134414	-0.00120601
0.551628	-0.0204594	0.311462	-5.92026e-05	0.00157218	-0.000983384
0.55163	-0.0204609	0.311467	0.000886612	0.000543335	0.00150673
0.55163	-0.0204562	0.311467	0.000693868	0.00196979	0.00057849
0.55163	-0.0204593	0.31147	0.000428424	0.000341392	0.00133757
0.55163	-0.0204593	0.311467	0.000361039	0.000275971	7.10651e-06
0.55163	-0.0204608	0.311469	0.00022332	-0.000303296	0.00047126
0.551631	-0.0204608	0.311472	0.000231197	-0.000192035	0.00135069
0.55163	-0.0204577	0.311468	-0.000194963	0.000946205	-0.000531685
0.551631	-0.0204623	0.31147	0.000162827	-0.000918221	0.000544445
0.55163	-0.0204577	0.311466	0.000165723	0.000932057	-0.000548433
0.55163	-0.0204623	0.311468	1.35705e-05	-0.000896868	2.88317e-05
0.551631	-0.0204562	0.311468	0.000178609	0.00144704	0.000135159
0.551629	-0.0204619	0.311467	-0.00029399	-0.000535471	-0.000385902
0.551631	-0.0204612	0.311471	0.00106316	-0.000355087	0.00142796
0.551629	-0.0204593	0.311466	0.000505127	0.0003085	-0.000304542
0.551631	-0.0204594	0.31147	0.000980216	0.000156241	0.00108231
0.55163	-0.0204578	0.311469	0.000471284	0.000636019	0.000915066
0.55163	-0.0204608	0.311467	0.000242317	-0.000580434	-0.000422326
0.55163	-0.0204648	0.311469	0.000231208	-0.00135767	0.000274619
0.551629	-0.0204611	0.311469	-0.000126863	8.22041e-05	0.000295306
0.551629	-0.0204577	0.311466	-0.000347223	0.00110739	-0.000678883
0.55163	-0.0204637	0.311469	8.06107e-05	-0.00128136	0.0004604
0.55163	-0.0204608	0.311469	0.000375199	9.48531e-05	0.000219518
0.551632	-0.020461	0.311471	0.000817024	6.20044e-06	0.00093884
0.55163	-0.0204606	0.31147	-0.000347735	0.000137831	-0.000114694
0.551631	-0.0204637	0.311468	3.89974e-05	-0.000951261	-0.00016068
0.551631	-0.0204593	0.31147	0.000352074	0.000813748	0.000295213
0.551629	-0.0204606	0.311466	-0.00060927	0.000114578	-0.000915255
0.55163	-0.020462	0.311469	0.000154891	2.44359e-05	0.000140547
0.551629	-0.0204627	0.311469	-0.000191759	-0.000476574	0.000187175
0.551628	-0.0204622	0.311462	-0.000468017	-0.000267977	-0.00223471
0.551631	-0.0204563	0.31147	0.000784043	0.00521613	0.00130889
0.55163	-0.0204639	0.31147	0.000221982	0.00123705	0.000989862
0.551631	-0.0204624	0.31147	0.000439966	0.00151666	0.00104835
0.55163	-0.0204636	0.31147	-0.000230614	0.000773997	0.000424746
0.551629	-0.0204622	0.311465	-0.000277784	0.00110156	-0.00123234
0.551629	-0.0204622	0.311468	-0.000377942	0.000848005	-0.000155492
0.55163	-0.0204623	0.311469	0.000290572	0.000585241	0.000129866
0.551629	-0.0204607	0.311466	-0.00012863	0.00097894	-0.000804898
0.55163	-0.0204577	0.311469	-7.65611e-06	0.00170736	0.000464356
0.55163	-0.0204623	0.311467	0.000195866	-0.000382718	-0.000319339
0.55163	-0.0204592	0.311467	0.000198665	0.000789877	-0.000168941
0.551631	-0.0204575	0.311473	0.000545532	0.00150716	0.00231336
0.551629	-0.0204626	0.311466	-0.000411406	-0.000948102	-0.0013141
0.55163	-0.0204593	0.311467	8.86826e-05	0.000378999	-0.000463144
0.55163	-0.0204608	0.311469	6.09043e-05	-0.000265616	0.000229108
0.551629	-0.0204592	0.311468	-0.00147311	0.000353022	-0.000934986
0.55163	-0.0204608	0.311472	-0.00047031	-0.000327327	0.000566831
0.551629	-0.0204607	0.311463	-0.000775349	-0.000174501	-0.00208429
0.55163	-0.0204562	0.311467	-0.00018905	0.00138786	-0.000520444
0.551631	-0.0204592	0.31147	5.62821e-05	-0.000129377	0.00394934
0.55163	-0.0204577	0.311472	-2.90874e-05	0.000411646	0.00328915
0.55163	-0.0204608	0.311472	-0.000316444	-0.000724828	0.00251658
0.55163	-0.0204581	0.311469	3.90039e-05	4.05196e-06	0.000745959
0.551631	-0.0204574	0.311473	0.000312156	0.000486496	0.00193943
0.551629	-0.0204621	0.31147	-0.000385455	-0.00115935	0.000609425
0.551631	-0.0204608	0.311468	0.000231423	-0.000296419	-0.000308226
0.551628	-0.0204635	0.311466	-0.000692491	-0.00109371	-0.000791692
0.551629	-0.0204592	0.311469	-0.00012088	0.000715921	0.000405563
0.551631	-0.0204609	0.311473	0.000510242	-9.60643e-05	0.00157211
0.55163	-0.0204577	0.311472	-0.000166348	0.00100745	0.000833
0.55163	-0.0204608	0.311472	9.71376e-05	-0.000370622	0.000396091
0.55163	-0.0204592	0.31147	-0.000212912	0.000295309	-0.0001138
0.55163	-0.0204593	0.311469	0.00128239	0.000170269	0.00360311
0.55163	-0.020462	0.311473	0.000923892	-0.000401499	0.00418769
0.551631	-0.0204582	0.311473	0.00100061	0.000724687	0.00298601
0.551629	-0.0204609	0.311469	6.84048e-05	-0.000479464	0.000877125
0.551629	-0.0204592	0.311469	0.000713313	-0.00321348	0.00157917
0.55163	-0.0204578	0.31147	0.00116873	-0.00196461	0.00153948
0.551631	-0.0204593	0.311472	0.000887255	-0.00204478	0.0016824
0.551629	-0.0204593	0.311472	0.000309796	-0.00149879	0.00125923
0.551629	-0.0204576	0.311469	-4.73788e-05	-0.000574282	2.38427e-05
0.55163	-0.0204547	0.311473	0.000402645	0.000507826	0.00152028
0.551632	-0.0204563	0.311471	0.00108276	-0.000291806	0.000182618
0.551631	-0.0204547	0.311469	0.000187313	0.000304442	-8.68007e-05
0.551631	-0.0204609	0.311474	0.000119104	-0.00189006	0.00142652
0.55163	-0.0204578	0.311471	2.77756e-05	-0.000253726	-8.28471e-05
0.551631	-0.0204578	0.311478	0.000163004	-0.000215338	0.00197722
0.55163	-0.0204596	0.311471	-0.000295588	-0.00112855	-0.00102862
0.551631	-0.0204577	0.311471	0.00015451	-0.000282438	-0.00026275
0.55163	-0.0204618	0.311473	-0.000222082	-0.00119741	0.00039514
0.551631	-0.0204607	0.311471	8.27152e-05	-0.000309659	-0.000867543
0.551629	-0.0204607	0.311471	-0.000495789	-0.000172036	-0.000333656
0.55163	-0.0204623	0.311473	0.000210698	-0.000670249	0.000510291
0.551631	-0.0204593	0.311472	0.000222404	0.000567652	-6.83982e-05
0.551632	-0.0204563	0.311477	0.000510815	0.00135488	0.00178806
0.551631	-0.0204594	0.311473	0.000274764	-0.000103859	-0.00026981
0.55163	-0.0204654	0.311472	-0.000188904	-0.00208859	-0.000586448
0.55163	-0.0204639	0.311475	-0.000144504	-0.00106877	0.000522149
0.551632	-0.020461	0.311477	0.000298764	0.000284633	0.000788268
0.551631	-0.0204608	0.311472	-0.000167586	0.000224181	-0.000889489
0.551631	-0.0204593	0.311475	-8.27403e-05	0.000650047	0.000382418
0.551631	-0.0204638	0.311474	-0.000130015	-0.00104263	-0.000261748
0.551629	-0.0204592	0.311471	-0.00155278	0.00080491	-0.00168252
0.551631	-0.0204593	0.311475	-0.000504408	0.000476474	6.85251e-05
0.551631	-0.0204609	0.311474	-0.000434571	-0.000188392	-0.00050473
0.551632	-0.020461	0.311477	0.000247766	-0.00018136	0.000877798
0.551633	-0.020458	0.311475	0.000395044	0.000881503	-6.27594e-05
0.551631	-0.0204594	0.311474	-0.000354528	0.000120738	-0.000377897
0.551631	-0.020461	0.311475	0.000734643	-0.000415559	0.0011228
0.551629	-0.0204622	0.311467	-0.000167042	-0.00070436	-0.00205606
0.551631	-0.0204577	0.311472	0.000260414	0.00106319	-0.00324053
0.551631	-0.0204624	0.311468	7.40418e-05	-0.00080827	-0.00347322
0.551631	-0.0204593	0.311475	0.000213904	0.000460408	-0.000442821
0.551631	-0.0204578	0.311476	0.000164868	0.00081291	-1.09798e-05
0.551631	-0.0204593	0.311473	9.32662e-05	4.63627e-05	-0.00105756
0.551632	-0.0204594	0.311472	0.000328223	1.55755e-05	-0.00137682
0.551631	-0.0204578	0.311474	-1.40099e-05	0.000545321	-0.000385341
0.551631	-0.0204593	0.311474	-5.1883e-05	-0.000149877	-0.000306982
0.551632	-0.0204594	0.311478	0.000301002	-0.000135999	0.0010809
0.551632	-0.020461	0.311475	0.000176241	-0.00058886	-0.000229913
0.551632	-0.0204609	0.311476	0.000138701	-0.000394655	0.000327573
0.55163	-0.0204624	0.311472	-0.000555493	-0.000719008	-0.00157196
0.551633	-0.020458	0.311475	0.000596053	0.000966889	0.00064416
0.551632	-0.0204635	0.311477	8.16194e-05	-0.000811025	0.000908899
0.551633	-0.0204599	0.311474	0.000608799	0.000393297	-0.000536402
0.551631	-0.0204595	0.311477	-0.000373899	0.000319888	0.00044912
0.551632	-0.020461	0.311476	-0.000285875	-0.000289975	-0.000172651
0.55163	-0.0204578	0.31147	-0.0002421	0.000846292	-0.00162534
0.551631	-0.0204593	0.311471	-0.000241187	5.03875e-05	-0.00113696
0.551631	-0.0204593	0.311475	-7.04596e-05	2.2026e-05	0.000767117
0.551632	-0.0204575	0.311477	0.000333766	0.00100258	0.00139172
0.551631	-0.0204612	0.311472	-0.000154519	-0.000827443	-0.000902231
0.551631	-0.0204595	0.311473	-0.000115713	-4.20255e-05	-0.000610477
0.551631	-0.0204609	0.311476	-8.37696e-06	-0.000549693	0.00105022
0.551631	-0.0204578	0.311472	-5.5288e-05	0.000667152	-0.000757842
0.551631	-0.0204577	0.31147	-2.45401e-05	0.000460381	-0.000996984
0.551631	-0.0204578	0.311473	-3.80251e-05	0.000285305	0.000302179
0.551631	-0.0204594	0.311476	0.000299048	-0.000347393	0.00109477
0.551631	-0.0204578	0.311474	-0.000759118	0.000255373	-0.000579159
0.551631	-0.0204563	0.311471	-0.00060489	0.000680788	-0.00143413
0.551631	-0.0204624	0.311474	0.000622861	0.00187264	0.000920739
0.55163	-0.0204608	0.311474	0.000171862	0.00207119	0.000756964
0.551631	-0.0204578	0.311471	0.000425121	0.00261025	-0.000576082
0.551631	-0.0204618	0.311473	4.71397e-05	0.000953327	0.000241037
0.551631	-0.0204608	0.311473	3.68385e-05	0.00120625	0.000186393
0.551631	-0.0204553	0.311471	0.000335315	0.00240999	-0.000936016
0.55163	-0.0204579	0.311472	-6.19328e-05	0.000672123	-4.11285e-05
0.55163	-0.0204578	0.311472	-9.35793e-05	0.000498393	-5.29287e-05
0.551631	-0.0204594	0.31147	0.000243096	-0.000154635	-0.000589548
0.55163	-0.0204593	0.311473	-0.000367859	-3.45535e-05	0.000314597
0.55163	-0.0204546	0.311468	-0.000270899	0.00154472	-0.00129184
0.551629	-0.0204607	0.311466	-0.000244607	-0.000992939	-0.00133453
0.55163	-0.0204623	0.311469	0.000166364	-0.00118871	-1.03348e-05
0.55163	-0.0204562	0.311471	-0.000160575	0.0012673	0.00058347
0.551629	-0.0204607	0.311466	-0.000142315	-0.000659812	-0.000614842
0.551629	-0.0204591	0.311467	-0.0010706	4.08811e-05	-0.00124983
0.55163	-0.0204607	0.311469	-0.000763001	-0.000483781	-0.000356926
0.551631	-0.0204578	0.31147	-2.08295e-05	0.00065171	-6.45618e-05
0.551631	-0.0204609	0.311468	-0.000118042	-0.000582251	-0.000600787
0.551631	-0.0204608	0.311469	-9.3578e-05	-0.000394068	8.87839e-05
0.55163	-0.0204577	0.311467	-0.000661055	0.000810893	-0.00122035
0.551631	-0.0204577	0.311469	-0.000145612	0.000517035	3.91009e-05
0.551631	-0.0204593	0.31147	0.000193435	-0.00019264	0.000407472
0.551629	-0.0204591	0.311463	-0.000368899	-9.04342e-05	0.00139663
0.551628	-0.020459	0.311465	-0.000747845	-3.55548e-05	0.00197182
0.551628	-0.0204606	0.311462	-0.000367357	-0.000545629	0.000334042
0.551629	-0.0204607	0.311464	7.12251e-05	-0.000389163	0.00124653
0.55163	-0.0204592	0.311465	6.76834e-05	0.000245871	0.000947112
0.55163	-0.0204577	0.311466	8.54427e-05	0.000661775	0.00125601
0.55163	-0.0204608	0.311466	0.000356158	-0.000598784	0.000804957
0.551628	-0.020459	0.311464	0.000340545	0.000214536	0.000742672
0.551629	-0.0204595	0.311463	0.000859653	-0.000405925	0.000856809
0.551628	-0.0204571	0.311462	0.000282706	0.000772047	0.000219609
0.551629	-0.0204619	0.311463	0.000504802	-0.000984195	0.000565532
0.551628	-0.0204619	0.311463	0.000102981	-0.00063388	5.67077e-05
0.551627	-0.0204589	0.311462	-0.000409239	0.000589983	-0.000143158
0.551627	-0.020459	0.31146	0.00087673	0.000405939	5.54845e-05
0.551628	-0.0204576	0.311462	0.00105574	0.000757819	0.000582269
0.551629	-0.0204576	0.311462	0.00102276	0.000488426	0.000317369
0.55163	-0.0204608	0.311465	0.000735204	-0.000702779	0.00124082
0.551629	-0.0204591	0.311465	0.000333454	6.69443e-05	0.00102659
0.551629	-0.0204575	0.311461	0.000213882	0.000568764	-0.000768602
0.551628	-0.0204591	0.31146	8.45357e-05	-0.000132266	-0.000562276
0.551629	-0.0204544	0.311462	0.000179284	0.00144087	0.000202302
0.551627	-0.0204605	0.311461	-0.000270112	-0.00105505	-0.000322889
0.551627	-0.0204589	0.31146	-0.000122986	-0.000185194	-0.000182447
0.551628	-0.0204635	0.311461	0.00110867	-0.00160284	0.00105266
0.551628	-0.0204606	0.31146	0.000484007	-7.4572e-05	-0.000130638
0.551629	-0.0204576	0.311463	0.00077166	0.000947515	0.00090058
0.551628	-0.0204575	0.31146	0.000355489	0.000656422	0.000327914
0.551628	-0.0204606	0.31146	0.000172887	-0.000585718	0.000178275
0.551628	-0.020459	0.311458	0.000417971	0.000114767	-0.000469886
0.55163	-0.0204545	0.311465	0.000729385	0.0015602	0.00211003
0.551629	-0.0204575	0.311462	0.000147371	5.14078e-05	0.000512307
0.551627	-0.020459	0.311457	-0.000262884	-0.000440491	-0.00151767
0.551628	-0.0204574	0.311458	-0.000115533	0.000217202	-0.000977342
0.551627	-0.020462	0.311456	-0.000189818	-0.00138732	-0.000735525
0.551627	-0.0204604	0.311458	0.000674686	-0.000351563	0.00051516
0.551629	-0.0204618	0.311465	0.00115422	-0.00030035	0.00268399
0.551628	-0.0204579	0.311462	0.000804941	0.000829518	0.000820331
0.551628	-0.0204591	0.311459	0.000528177	4.64599e-05	-0.00039266
0.551629	-0.0204607	0.311462	0.000702929	-0.000505127	0.00111899
0.551627	-0.0204634	0.311459	-0.00018476	-0.00124808	-0.00057063
0.551627	-0.0204605	0.311458	-3.26473e-05	0.000132871	-0.00028101
0.551627	-0.0204649	0.311455	-7.24651e-05	-0.00138177	-0.00118551
0.551627	-0.020459	0.311458	7.75484e-05	0.0010588	0.000273702
0.551628	-0.020459	0.311462	0.000159435	0.000699532	0.0012219
0.551626	-0.0204573	0.311457	-0.00055981	0.0010378	-0.00100769
0.551628	-0.0204621	0.311463	0.00019524	-0.00090462	0.00156513
0.551628	-0.0204574	0.311457	0.000143349	0.000946067	-0.000890446
0.551628	-0.0204606	0.311459	0.000375065	-0.000421966	0.000277921
0.551627	-0.0204605	0.311459	-7.31574e-05	-0.000252595	-0.000244521
0.551629	-0.0204607	0.311463	0.000625496	-0.000221551	0.00118514
0.551627	-0.0204605	0.311462	-0.000196698	-0.000104737	0.000943404
0.551627	-0.020462	0.311458	-0.000207185	-0.000569108	-0.000869561
0.551627	-0.0204531	0.311457	-0.000369637	0.00219663	-0.000956948
0.551628	-0.0204601	0.311463	0.000341173	-0.000580567	0.0011111
0.551629	-0.0204558	0.311459	0.00030693	0.00109796	-0.000152091
0.55163	-0.0204545	0.311465	0.000546126	0.00119568	0.00177818
0.551629	-0.0204604	0.31146	0.000229895	-0.00116323	-0.00038754
0.55163	-0.0204592	0.311467	0.000525584	-0.000365991	0.00166543
0.551627	-0.020459	0.311459	-0.000604665	-0.000160472	-0.00107845
0.551628	-0.0204591	0.31146	-7.78124e-05	-0.000133294	-0.000287401
0.551627	-0.020459	0.311463	-0.000370077	-7.78203e-05	0.000368126
0.551628	-0.020459	0.311462	-0.00020567	-3.57569e-05	-0.000221798
0.551628	-0.0204545	0.311462	0.000169022	0.00147983	-0.000245565
0.551629	-0.0204576	0.311462	0.000398225	-5.3822e-05	0.000211076
0.551626	-0.0204573	0.311457	-0.000669862	4.35463e-05	-0.00152949
0.551629	-0.0204591	0.311463	0.000502147	-0.00056364	0.000677892
0.551627	-0.0204601	0.311461	-0.000595393	-0.000299878	-0.000283893
0.551629	-0.020461	0.311461	0.000185383	-0.000756851	0.000111971
0.551627	-0.0204606	0.311461	-0.00018174	-0.000485067	0.000161799
0.551627	-0.0204589	0.311456	-0.000394436	0.000222207	-0.00170925
0.551628	-0.0204575	0.311462	4.8922e-05	0.000620024	0.000696589
0.551628	-0.020459	0.311458	0.000978186	-5.28809e-05	-0.000153018
0.551629	-0.0204575	0.311462	0.00110781	0.000438425	0.00185554
0.551628	-0.0204605	0.311462	0.000497761	-0.00069229	0.000890449
0.551627	-0.020459	0.311458	-0.000667303	1.90491e-05	-0.00119611
0.551628	-0.0204574	0.311461	-0.00042404	0.000523018	-0.000330843
0.551629	-0.0204606	0.311462	0.00197485	-0.000876514	0.00326405
0.551628	-0.0204606	0.311462	0.00143072	-0.000604563	0.00236941
0.551628	-0.0204603	0.311459	0.000806975	-0.000320374	0.000856
0.551629	-0.0204591	0.311462	0.000980244	0.000198434	0.00163081
0.551628	-0.0204575	0.31146	0.00065218	0.000640964	0.000619761
0.551628	-0.0204591	0.311465	0.000490659	-0.000109718	0.00197001
0.551628	-0.0204606	0.31146	0.000264041	-0.000566546	-0.000657432
0.551628	-0.0204605	0.311459	-1.4324e-05	-0.000355768	-0.000240069
0.551628	-0.0204559	0.311461	0.000156591	0.00125347	0.00372996
0.551628	-0.0204574	0.311461	0.000138761	0.000321518	0.00279492
0.551629	-0.0204579	0.311463	0.00040709	-0.000327473	0.00295969
0.551629	-0.0204587	0.311461	0.000280391	-0.00021765	0.00120912
0.551629	-0.020459	0.311465	0.000603904	0.0032792	0.00238025
0.551629	-0.0204594	0.311465	0.00013608	0.00198116	0.00134824
0.551627	-0.0204582	0.311461	-0.000468317	0.00262098	-0.000297817
0.551628	-0.0204577	0.311463	2.62265e-05	0.00188553	0.000258175
0.551628	-0.0204579	0.311458	-3.21018e-05	0.000876365	-0.00078243
0.551629	-0.0204603	0.31146	0.000505945	0.000116178	-0.00023818
0.551629	-0.0204559	0.31146	0.000155027	0.00169868	2.40884e-05
0.551627	-0.0204618	0.311459	-0.000410616	-0.00422393	-6.39836e-05
0.551627	-0.0204634	0.311462	-0.000310635	-0.00358243	0.000436406
0.551628	-0.0204574	0.311459	-0.000148189	-0.000577085	-0.000645693
0.551628	-0.020462	0.311459	-0.000189885	-0.00205482	-0.000471673
0.551628	-0.0204605	0.311464	8.36619e-06	-0.000980268	0.00125675
0.551626	-0.020462	0.311457	-0.000431036	-0.00120514	-0.0011002
0.551627	-0.0204603	0.311461	-3.51717e-05	-0.00379715	0.000643502
0.551626	-0.0204649	0.311459	-0.00041786	-0.00437728	-1.81826e-06
0.551627	-0.0204602	0.311461	8.44807e-05	-0.00120817	0.00046135
0.551628	-0.020458	0.311463	0.00052627	0.00292676	0.000867657
0.551627	-0.0204606	0.311457	-6.49698e-05	0.00111613	-0.00136026
0.551628	-0.0204621	0.31146	0.000317716	0.000321931	2.19931e-05
0.551628	-0.0204606	0.311461	0.000221177	0.000800119	0.000493347
0.551628	-0.0204606	0.31146	0.000121728	0.000595056	0.000328117
0.551627	-0.0204634	0.311457	-0.00026947	-0.000491503	-0.000701877
0.551628	-0.0204605	0.311459	0.000183609	0.000647304	-1.67544e-05
0.551627	-0.020459	0.311459	-0.000153384	0.000987143	-0.000397463
0.551627	-0.0204636	0.311459	-0.000168494	-0.000855115	0.000192996
0.551627	-0.0204605	0.311456	-0.000131071	0.000474605	-0.0013505
0.551627	-0.020462	0.31146	-0.000263036	-0.000178905	0.000781528
0.551626	-0.0204603	0.311452	-0.000530499	0.000454903	-0.0019036
0.551627	-0.0204619	0.31146	0.000278827	-0.000211691	0.000990334
0.551627	-0.0204604	0.311461	-0.000104606	0.0003336	0.000780678
0.551627	-0.0204634	0.311455	0.00182555	-0.000941802	0.00114175
0.551627	-0.0204661	0.31146	0.00172108	-0.00114039	0.00285195
0.551627	-0.0204653	0.311457	0.00120585	-0.000762156	0.00104267
0.551627	-0.0204621	0.311455	0.000915474	0.000461696	0.00033616
0.551627	-0.0204589	0.311458	0.000491065	0.00133646	0.000971318
0.551628	-0.0204651	0.311455	0.000837782	-0.00118978	-2.43092e-05
0.551626	-0.0204637	0.311455	-1.45708e-05	-0.000702281	0.000190268
0.551627	-0.0204616	0.311456	0.000117783	0.000498297	0.0002346
0.551628	-0.0204619	0.311455	0.000409878	0.000308506	0.000101708
0.551628	-0.0204589	0.311455	0.00029685	0.00122196	0.000100379
0.551629	-0.020459	0.311458	0.000525735	0.000785462	0.000971537
0.551626	-0.0204619	0.311453	-0.000289837	-0.000443026	-0.000635296
0.551627	-0.0204632	0.311456	0.000128557	-0.000322438	0.000454968
0.551627	-0.0204655	0.311456	5.36205e-05	-0.00124322	0.000329209
0.551626	-0.0204636	0.311452	-0.000262939	-0.000275303	-0.00163567
0.551627	-0.0204634	0.311455	0.000260702	0.00321113	0.000363683
0.551625	-0.0204602	0.311448	-0.000424497	0.00345399	-0.00195309
0.551628	-0.0204621	0.311457	0.000671643	0.0019031	0.00184104
0.551627	-0.020462	0.311451	7.2501e-05	0.00146425	-0.00067694
0.551627	-0.020459	0.311457	0.000179096	0.00209996	0.0010968
0.551627	-0.020462	0.311453	1.7522e-05	0.000483368	-0.000307322
0.551626	-0.0204619	0.311453	-0.00026239	0.000410574	-0.00010919
0.551627	-0.0204574	0.311453	0.00022316	0.00183288	-9.24376e-05
0.551627	-0.0204619	0.311454	-0.000215953	-0.000252949	5.35889e-06
0.551627	-0.020465	0.311454	-0.00020994	-0.00116123	-3.82488e-05
0.551626	-0.0204661	0.311454	-0.00013898	-0.000753076	-2.44923e-05
0.551627	-0.0204639	0.311452	0.000213118	8.95498e-06	-0.000602444
0.551627	-0.0204621	0.311453	0.000152294	0.00052101	7.45019e-05
0.551627	-0.0204667	0.311456	0.000125206	-0.00117767	0.000601275
0.551626	-0.0204619	0.311452	-0.000173946	0.000783903	-0.000468032
0.551627	-0.0204649	0.311456	0.000148802	-0.000470083	0.000993953
0.551625	-0.0204618	0.311448	-0.000480513	0.000721401	-0.00153108
0.551626	-0.0204635	0.311455	1.48083e-05	-7.17493e-05	0.000867091
0.551628	-0.0204665	0.311454	0.000465111	-0.00105848	0.000268003
0.551626	-0.0204631	0.311453	-0.000176999	0.00081833	-1.91585e-05
0.551627	-0.0204624	0.311454	0.000148768	0.000521642	0.000332534
0.551628	-0.0204607	0.311456	0.000442688	0.000846467	0.000634166
0.551628	-0.0204606	0.311457	-0.000615672	0.000522903	0.000137155
0.551627	-0.0204634	0.311456	-0.000856092	-0.000593887	-0.000427866
0.551628	-0.020459	0.311454	-0.000316802	0.00106013	-0.000892288
0.551628	-0.0204635	0.311457	-0.000274379	-0.000780185	0.000311732
0.551627	-0.020462	0.311453	-0.000533161	-3.21797e-05	-0.00117267
0.551626	-0.0204603	0.311455	-0.00099546	0.000568033	-0.00346872
0.551627	-0.0204647	0.311454	-0.000210722	-0.000679486	-0.00286171
0.551627	-0.0204608	0.311454	-0.00107074	0.00053894	-0.00291229
0.551627	-0.0204648	0.311456	-0.000857443	-0.000670356	-0.00171972
0.551627	-0.0204593	0.311454	-0.00159594	0.00105396	-0.00262159
0.551626	-0.020465	0.311455	-0.00155287	-0.00126222	-0.00189311
0.551628	-0.0204637	0.311459	-0.000479282	-0.000453867	-7.66479e-05
0.551626	-0.0204631	0.311456	-0.0009375	0.000263613	-0.000933033
0.551628	-0.020464	0.311458	-0.000203022	-0.000386428	-9.29888e-06
0.551627	-0.0204576	0.311455	-0.000375069	0.00182134	-0.00136864
0.551627	-0.0204606	0.311459	-0.000263	0.000178324	0.00052002
0.551627	-0.0204635	0.311456	-0.000305503	-0.00089489	-0.000731877
0.551628	-0.020465	0.311454	-0.000278084	-0.00104895	-0.00153133
0.551626	-0.0204664	0.311457	-0.000427356	-0.00119774	9.40058e-05
0.551626	-0.0204664	0.311451	-0.000137559	-0.000803375	-0.00161469
0.551628	-0.0204606	0.311456	0.000342794	0.00141327	0.000363366
0.551625	-0.0204634	0.311457	-0.000617033	-1.29344e-05	0.000573148
0.551627	-0.0204633	0.311454	0.000151964	8.70263e-06	-0.000336546
0.551629	-0.0204606	0.311459	0.000437627	0.000931231	0.00116746
0.551627	-0.0204589	0.311455	-5.51084e-05	0.00117297	-0.000637504
0.551627	-0.0204605	0.311454	-8.92929e-05	0.000267296	-0.000436081
0.551626	-0.0204619	0.311456	-0.000147009	-0.000346839	0.00370628
0.551627	-0.0204589	0.311454	0.00017836	0.000773542	0.00211357
0.551626	-0.0204604	0.311457	-0.000426637	3.49635e-05	0.00234018
0.551628	-0.0204606	0.311459	0.000618237	-4.37765e-05	0.00240606
0.551627	-0.0204634	0.311453	2.52362e-05	-0.000959587	-0.000202159
0.551629	-0.0204606	0.311458	0.000687647	0.000265425	0.0017654
0.551627	-0.0204601	0.311457	-0.000140247	0.000731936	0.000460904
0.551626	-0.0204608	0.311454	-0.000426622	1.0187e-05	-0.000550286
0.551627	-0.0204588	0.311457	2.96184e-05	0.000986854	0.00104445
0.551626	-0.0204593	0.311453	-0.000244311	0.000189987	-0.000625807
0.551628	-0.0204623	0.311462	0.000408053	-0.00096845	0.00232791
0.551628	-0.0204591	0.311452	-0.000732508	0.000373244	-0.00219536
0.551626	-0.0204605	0.311456	-0.00104159	-0.000230607	-0.000283345
0.551629	-0.0204621	0.31146	-0.000162018	-0.000713261	0.00104557
0.551627	-0.0204633	0.311453	0.00027707	-0.000826231	-0.00433116
0.551627	-0.0204636	0.311457	0.000278858	-0.000616632	-0.00160844
0.551627	-0.0204604	0.311452	0.000175301	0.000630108	-0.00323034
0.551627	-0.020468	0.311454	5.31128e-05	-0.00208297	-0.00136669
0.551628	-0.0204621	0.311457	0.000502713	0.000573297	-3.56472e-05
0.551626	-0.0204646	0.311452	-0.000302568	-6.70889e-05	-0.0018751
0.551627	-0.0204609	0.311456	0.000148127	0.000937023	7.31959e-05
0.551629	-0.0204607	0.311457	0.000678014	0.000579547	0.000283544
0.551627	-0.0204632	0.311456	-0.000235317	-0.00352592	-0.000220961
0.551626	-0.0204608	0.311456	-0.000534419	-0.00210552	-0.000648884
0.551627	-0.0204621	0.311452	-5.0103e-05	-0.00213412	-0.0015095
0.551625	-0.0204619	0.311454	-0.00063249	-0.00154812	-0.00035473
0.551628	-0.020462	0.311458	0.000247532	-0.00120975	0.00107702
0.551628	-0.020465	0.311455	0.000491542	-0.00191296	0.00287415
0.551625	-0.0204603	0.311454	-0.000765506	0.000224135	0.00213683
0.551626	-0.0204648	0.311452	-2.58892e-05	-0.00141908	0.000865915
0.551626	-0.0204619	0.311455	6.3596e-05	-3.12056e-05	0.0017626
0.551627	-0.0204633	0.311456	0.000323889	-0.000529296	0.00163987
0.551627	-0.0204604	0.311453	0.000217318	0.000597558	0.000214013
0.551627	-0.020465	0.311454	-0.000187245	-0.00112745	0.000298318
0.551628	-0.0204605	0.311454	0.00152505	0.000751156	0.00140193
0.551626	-0.0204619	0.311452	0.000397033	3.00928e-05	0.000185038
0.551629	-0.0204606	0.311458	0.00100425	0.000462372	0.00201997
0.551627	-0.0204662	0.311452	0.00030352	-0.00118655	-0.000502044
0.551628	-0.0204638	0.311457	0.000581467	-0.0002626	0.00153613
0.551627	-0.0204606	0.311454	0.000135304	0.00081055	0.000204605
0.551625	-0.0204648	0.311449	0.00059342	-0.000876295	0.00261743
0.551626	-0.0204646	0.311455	0.000874009	-0.000166803	0.00401935
0.551627	-0.0204624	0.311451	0.000859992	0.000379371	0.00183232
0.551625	-0.0204661	0.311453	6.1687e-05	-0.000670882	0.00209715
0.551628	-0.0204594	0.311456	0.00102939	0.00147119	0.00223652
0.551627	-0.0204606	0.311456	0.000454304	0.000483925	0.00178145
0.551628	-0.020459	0.311455	0.000298598	0.000842417	0.000732457
0.551626	-0.0204618	0.31145	-0.000153644	-0.000372963	-0.000869643
0.551628	-0.020462	0.311455	0.000273711	-0.000333461	0.000898667
0.551628	-0.020462	0.311454	0.000441729	-0.00025014	0.000519465
0.551627	-0.0204664	0.311452	-7.98208e-06	-0.00161123	-0.000498504
0.551625	-0.0204678	0.311454	-0.000585151	-0.00154511	0.000364791
0.551626	-0.020463	0.31145	-0.000202642	0.000982938	-0.00418194
0.551628	-0.0204655	0.311453	-0.000513425	-0.000445762	-0.00306091
0.551626	-0.020462	0.311453	-0.000975172	0.000763729	-0.00211398
0.551627	-0.0204605	0.31145	-0.000454668	0.00100606	-0.00265302
0.551626	-0.0204635	0.311455	0.000360334	-0.000316022	0.000441376
0.551627	-0.020462	0.311451	0.000182983	0.000312916	-0.00128504
0.551626	-0.0204642	0.311453	-0.000103674	0.000225613	-0.000281119
0.551626	-0.0204611	0.311449	0.000291842	0.000652968	-0.000773779
0.551627	-0.0204623	0.311453	0.00044771	-0.000110907	0.0003008
0.551628	-0.0204637	0.311454	0.000616903	-0.000605711	0.000579209
0.551628	-0.0204621	0.311453	0.00045382	0.000110745	-7.86816e-05
0.551626	-0.0204679	0.311453	-0.000379992	-0.00187165	5.54943e-05
0.551626	-0.0204647	0.311456	-9.17457e-05	0.000215676	0.00111773
0.551628	-0.0204651	0.311454	0.000444555	0.000115479	-9.53335e-06
0.551627	-0.0204654	0.311452	-1.40476e-05	-0.00035442	-0.000415318
0.551626	-0.020459	0.311451	-0.000227735	0.00177545	-0.000631913
0.551626	-0.0204589	0.31145	0.000823397	0.00121966	-4.79108e-05
0.551627	-0.0204664	0.311456	0.000891636	-0.00172553	0.00185031
0.551628	-0.0204636	0.311455	0.000984258	-0.000200377	0.000736876
0.551626	-0.0204619	0.31145	7.87176e-05	0.000442746	-0.000774235
0.551627	-0.020462	0.311453	0.000341654	0.000265453	0.00033038
0.551628	-0.0204646	0.311454	0.000593676	-0.000302885	0.000664704
0.551627	-0.0204639	0.311455	0.000137675	-0.000233382	0.000587722
0.551628	-0.0204606	0.311454	0.00039385	0.000837016	0.000306229
0.551626	-0.0204631	0.311456	-0.000251617	9.11119e-05	0.000922189
0.551627	-0.0204621	0.311457	0.00012754	0.000539754	0.00100473
0.551628	-0.0204595	0.311453	0.000328822	0.000874679	-0.000935847
0.551628	-0.0204607	0.311456	0.000272371	5.92981e-05	0.000403749
0.551628	-0.0204621	0.311455	0.000104591	-0.000472486	0.000201656
0.551626	-0.0204574	0.311453	-0.000460849	0.0012621	-0.000583399
0.551626	-0.0204604	0.311453	-0.0002833	-0.000177445	-0.00037357
0.551626	-0.0204604	0.31145	-0.000226629	-0.000103983	-0.00126627
0.551628	-0.020462	0.311456	0.000493877	-0.000638724	0.000960211
0.551626	-0.020462	0.311456	-0.000254872	-0.000390039	0.000855254
0.551628	-0.0204665	0.311456	0.000359438	-0.00177032	0.000320257
0.551628	-0.0204636	0.311457	0.000203382	-0.000225595	0.000670867
0.551626	-0.0204604	0.311453	-0.000344037	0.00093252	-0.000750185
0.551627	-0.0204649	0.311459	3.69124e-05	-0.000898773	0.0013434
0.551627	-0.020462	0.311457	4.27255e-05	0.000368577	0.000431996
0.551627	-0.0204605	0.311456	1.76633e-07	0.000757816	-0.000216951
0.551628	-0.0204621	0.311455	0.000317692	-1.71152e-05	-0.000242275
0.551628	-0.0204591	0.311459	0.000256849	0.000994438	0.000829771
0.551625	-0.0204588	0.311452	-0.000783907	0.000746093	-0.00163558
0.551626	-0.020462	0.311458	-0.00017856	-0.000556904	0.000802512
0.551627	-0.020462	0.311453	0.00109296	-0.000351956	-0.000218437
0.551627	-0.020462	0.311456	0.000814425	-0.000236602	0.000875256
0.551627	-0.020462	0.311453	0.000503384	-0.000150262	-0.000416777
0.551627	-0.0204661	0.311457	0.00046294	-0.00107848	0.00129388
0.551627	-0.0204594	0.311458	0.000418261	0.00126141	0.000946079
0.551628	-0.0204651	0.311457	0.000476194	-0.00115657	0.000461472
0.551628	-0.0204606	0.311454	0.000354623	0.000710301	-0.000620906
0.551627	-0.0204665	0.311457	-6.30867e-05	-0.00150062	0.000654117
0.551627	-0.020462	0.311454	-1.4422e-05	0.000491081	-0.000537382
0.551626	-0.0204619	0.311454	-0.000168484	0.000317451	0.00260194
0.551626	-0.0204649	0.311452	-0.000153456	-0.000808034	0.00149797
0.551628	-0.0204635	0.311457	-0.000414077	-6.57606e-05	0.00214588
0.551629	-0.0204653	0.311458	-7.2182e-05	-0.000648312	0.00192612
0.551628	-0.0204652	0.311457	-0.000398156	-0.000399215	0.000963026
0.551628	-0.0204646	0.311454	-0.000324117	0.000306227	-0.000323871
0.551627	-0.0204654	0.311453	-0.000533965	-0.000340609	-0.000524999
0.551628	-0.0204664	0.311454	-0.000102173	-0.000243694	-0.000433
0.551628	-0.0204639	0.311459	-1.62071e-05	0.000381981	0.00169045
0.551627	-0.0204648	0.311453	-0.000317906	0.000241872	-0.000676119
0.551627	-0.0204651	0.311453	-0.000253736	0.000154638	-0.000465917
0.551629	-0.0204627	0.311457	0.000435646	0.000560562	0.000512904
0.551628	-0.0204622	0.311458	-0.000217108	0.000409089	0.00107965
0.551627	-0.0204652	0.311458	-0.000219698	-0.000745593	0.000678598
0.551628	-0.0204621	0.311457	0.000117078	0.000510421	-0.000179185
0.551627	-0.0204649	0.311453	-0.000308424	-0.000599247	-0.00104903
0.551627	-0.0204676	0.311452	-9.40645e-05	0.00254507	-0.000587765
0.551626	-0.0204623	0.311453	-0.00024099	0.00347718	-0.000204835
0.551628	-0.0204653	0.311462	0.000538919	0.00144014	0.00269996
0.551627	-0.0204636	0.311452	-0.00106462	0.00164881	-0.00197177
0.551627	-0.0204632	0.311457	-0.000682241	0.00171122	0.000163102
0.551628	-0.0204671	0.311458	-0.000304217	-0.000328398	0.000405333
0.551627	-0.0204652	0.311454	-0.00059504	0.000394412	-0.00118139
0.551628	-0.020463	0.311459	2.379e-05	0.00180955	0.000662262
0.551627	-0.0204655	0.311451	-0.000420872	0.000267322	-0.00198527
0.551628	-0.0204699	0.311455	-2.14448e-05	-0.00130225	-5.8952e-06
0.551627	-0.0204642	0.311456	-0.000276859	0.000645296	0.000126565
0.551627	-0.0204634	0.311452	-0.000266341	0.000969549	-0.00145077
0.551626	-0.0204636	0.311455	-0.000423459	0.000671133	0.000137189
0.551628	-0.0204682	0.311455	0.000260413	-0.00106275	0.000354841
0.551627	-0.020461	0.311454	-7.08865e-05	0.0013149	-0.000619213
0.551627	-0.0204637	0.311458	5.90783e-05	-0.000152035	0.00115943
0.551626	-0.0204666	0.311453	-0.00036496	-0.00108529	-0.000660103
0.551625	-0.0204661	0.311453	-0.000596108	-0.00019131	-0.000408995
0.551625	-0.0204652	0.311454	-0.000304736	-6.3637e-05	-0.000230998
0.551626	-0.0204606	0.311455	0.000149114	0.00140246	0.00030731
0.551626	-0.0204664	0.311453	-2.87774e-05	-0.00104451	-0.000377684
0.551626	-0.0204619	0.311453	6.81212e-05	0.000786496	-0.000207976
0.551626	-0.0204616	0.311455	-8.56258e-05	0.00105067	-0.00247351
0.551627	-0.0204639	0.311453	0.000159976	-0.000325295	-0.00303157
0.551628	-0.0204622	0.311455	0.000372951	0.000160677	-0.00140928
0.551627	-0.020459	0.311454	0.000148953	0.00111423	0.00196299
0.551628	-0.0204652	0.311456	0.000353835	-0.00133371	0.00186898
0.551628	-0.0204621	0.311456	0.000279279	0.000124466	0.00138988
0.551628	-0.0204636	0.311457	0.000160885	-0.000438291	0.00147696
0.551626	-0.020465	0.311453	-0.000491566	-0.00075056	-0.00019732
0.551627	-0.0204651	0.311456	-1.04787e-05	-0.000528559	0.000809218
0.551627	-0.0204648	0.311457	5.46338e-06	0.000135714	0.00109252
0.551627	-0.0204609	0.311453	1.28419e-05	0.00113585	-0.000736001
0.551627	-0.0204637	0.311457	1.79271e-07	-0.000282635	0.00098773
0.551626	-0.0204635	0.311452	-0.000353237	-0.000145675	-0.00121252
0.551628	-0.0204605	0.311457	0.000434088	0.000863539	0.000999301
0.551629	-0.0204622	0.311457	0.000672021	0.000173298	0.000620364
0.551627	-0.0204647	0.311451	-0.00014724	-7.38872e-05	-0.00138864
0.551628	-0.0204594	0.311454	0.000274705	0.00145714	-1.58316e-05
0.551627	-0.0204606	0.311454	-0.000145276	0.00048282	5.68668e-05
0.551628	-0.0204621	0.311455	0.000179595	-0.000211598	0.000409026
0.551626	-0.0204635	0.311453	-0.000430087	-0.00060283	-0.000451248
0.551626	-0.0204635	0.311453	-0.000253893	-0.000399902	-0.000253783
0.551625	-0.0204634	0.311452	-0.000497993	-0.000243154	-0.00060296
0.551629	-0.0204637	0.311458	0.000514229	-0.000245696	0.00121192
0.551626	-0.0204635	0.311455	-0.000216833	-0.000109053	5.88216e-05
0.551627	-0.0204647	0.311454	-0.000862374	-0.000124307	-0.000911594
0.551626	-0.0204638	0.311453	-0.000953782	-5.76329e-05	-0.00106589
0.551628	-0.020465	0.311456	-0.000339293	-0.000528521	0.00015973
0.551627	-0.0204651	0.311456	-0.000334585	-0.000414595	5.16998e-05
0.551625	-0.0204633	0.311449	-0.000860745	0.000300286	-0.00226555
0.551627	-0.0204678	0.311452	-7.48576e-05	-0.000873684	-0.000779995
0.551629	-0.0204656	0.311454	0.000541299	-0.000119462	0.000240141
0.551627	-0.0204621	0.311453	-0.000249532	0.000990073	-0.000180844
0.551627	-0.0204636	0.311457	-0.000109086	0.00012697	0.0014126
0.551627	-0.0204674	0.311456	-5.89296e-05	-0.000416471	0.000467576
0.551628	-0.0204614	0.311459	0.000299215	0.00121832	0.00120822
0.551627	-0.0204652	0.311454	-0.000135584	-0.000623142	-0.000589709
0.551628	-0.0204664	0.311456	0.000200795	-0.000501328	9.4066e-06
0.551627	-0.0204665	0.311457	-0.000176363	-0.00025736	7.11047e-05
0.551626	-0.0204652	0.311452	-0.00046475	0.000321318	-0.0013305
0.551627	-0.0204685	0.311456	2.75178e-05	-0.00129252	0.000496266
0.551628	-0.0204652	0.311459	0.000271451	0.000162312	-0.00205788
0.551627	-0.0204652	0.311454	-0.000288377	7.75968e-05	-0.0031229
0.551627	-0.0204665	0.311454	-0.00018637	-0.000394076	-0.0022798
0.551628	-0.020465	0.311456	0.000184224	0.000225265	-0.00128747
0.551629	-0.0204622	0.311458	0.000470438	0.00108571	-5.12097e-05
0.551628	-0.0204637	0.311459	4.25702e-05	0.000232666	-5.08336e-06
0.551627	-0.0204636	0.311456	-0.000318396	0.000188225	-0.000981602
0.551627	-0.0204695	0.311459	-0.000518161	-0.00184392	-0.00010437
0.551627	-0.020468	0.311456	-9.88367e-05	-0.00073488	-0.000723093
0.551627	-0.0204647	0.311455	3.03667e-05	0.000990541	-0.000940911
0.551628	-0.0204667	0.311459	0.000273908	0.000116444	0.000688195
0.551627	-0.0204654	0.311454	-0.000183585	0.000167342	-0.000989006
0.551628	-0.0204683	0.311459	0.000234794	-0.000948714	0.000768392
0.551628	-0.0204681	0.31146	0.000207104	-0.000627389	0.0010115
0.551629	-0.0204652	0.311457	8.47694e-05	0.000558774	-0.000822807
0.551628	-0.0204694	0.311457	7.00342e-05	-0.000660825	-2.63603e-05
0.551627	-0.0204695	0.311455	-0.000329107	-0.000345147	-0.000997001
0.551627	-0.0204668	0.311456	-0.000162982	0.000729792	-0.000131731
0.551628	-0.0204658	0.31146	0.000255198	0.000445338	0.00134118
0.551629	-0.0204639	0.311458	1.9858e-05	0.000857468	-0.00348644
0.551629	-0.0204652	0.311461	2.20303e-05	5.23735e-05	-0.00160599
0.551628	-0.0204605	0.311458	-0.0002518	0.00160346	-0.0021697
0.551628	-0.0204637	0.311456	0.000280932	-2.72704e-06	-0.00185997
0.551628	-0.0204692	0.31146	-7.92342e-05	-0.00146359	-0.000256445
0.551628	-0.0204609	0.311454	-7.1021e-05	0.00153588	-0.00223127
0.551627	-0.0204621	0.311459	-0.000227241	0.000529141	8.89037e-05
0.551628	-0.0204692	0.311456	0.000110378	-0.00167706	0.00218896
0.551629	-0.020467	0.31146	0.000465839	-0.000645145	0.0031336
0.551626	-0.0204648	0.311456	-0.000594629	0.000611678	0.00107193
0.551626	-0.0204695	0.311455	-0.000405031	-0.00106985	0.00038622
0.551628	-0.0204671	0.311461	0.000322501	-0.00026553	0.00208487
0.551627	-0.0204679	0.311455	-7.63246e-05	-0.000189872	-0.000352224
0.551627	-0.0204667	0.311456	-9.23675e-06	0.000376615	0.000360438
0.551628	-0.0204626	0.311457	0.00032832	0.00125432	0.000634156
0.551628	-0.0204653	0.311456	0.000134163	-0.000186086	-6.8715e-05
0.551627	-0.0204662	0.311457	-0.000165456	-5.96355e-05	0.00057275
0.551628	-0.020464	0.311454	0.000174607	0.000413321	-0.000669626
0.551628	-0.0204679	0.311458	0.000109005	-0.000705807	0.00100637
0.551628	-0.0204649	0.311455	9.12003e-05	0.00101244	-0.000263452
0.551627	-0.0204681	0.311453	-0.000262783	-0.000253507	-0.00106786
0.551629	-0.0204678	0.311458	0.000435292	-0.000799795	0.00108721
0.551626	-0.0204667	0.311456	-0.000515772	-0.0004074	9.8302e-05
0.551627	-0.0204649	0.311457	-7.21009e-05	0.000667229	0.000422725
0.551627	-0.020464	0.311457	-4.74317e-05	0.000443479	0.000303134
0.551628	-0.0204665	0.31146	0.000277117	-0.00023675	0.000600635
0.551629	-0.0204626	0.311459	0.000500045	0.000838835	0.000309377
0.551626	-0.0204651	0.311455	-0.000625425	-0.000380004	-0.00100411
0.551629	-0.0204664	0.311457	0.000127004	-0.000302497	-0.000415854
0.551629	-0.0204668	0.311457	0.000442197	-0.000226979	0.000182107
0.551628	-0.0204668	0.311456	-3.39385e-05	-0.000127839	-0.000312641
0.551629	-0.0204673	0.311458	0.000244971	-0.000628679	0.00065579
0.551628	-0.0204679	0.31146	-6.3909e-05	-0.000348101	0.00105579
0.551628	-0.0204639	0.311454	-2.10174e-05	0.000819194	-0.00124357
0.551627	-0.0204641	0.311457	-0.000333295	-1.46927e-05	0.000247559
0.551626	-0.0204661	0.311456	-0.00058381	-0.000437162	-0.000764254
0.551628	-0.0204647	0.311458	-0.00171663	0.000792373	-0.00182142
0.551626	-0.0204654	0.311458	-0.00190305	7.93642e-05	-0.0017104
0.551627	-0.0204648	0.311454	-0.00118448	0.000567962	-0.00292059
0.551628	-0.020464	0.311455	-0.000558928	0.000362125	-0.00165769
0.551628	-0.0204651	0.311459	-0.000371004	-0.000219889	0.000293027
0.551626	-0.0204635	0.311455	-0.000926096	0.000370181	-0.0011607
0.551628	-0.0204648	0.311458	0.000851366	0.000213085	0.0012267
0.551629	-0.020467	0.311459	0.00093739	-0.000841459	0.0012501
0.551628	-0.0204678	0.311457	0.000317853	-0.000520687	-7.66529e-05
0.551626	-0.020468	0.311456	-0.000303183	-0.000304218	-0.000268911
0.551629	-0.0204683	0.311454	0.000629421	-0.000248993	-0.00100136
0.551627	-0.0204653	0.311457	-7.11871e-05	0.00083158	0.000556541
0.551626	-0.020467	0.311455	-0.000358736	-0.000384232	-0.000503118
0.551627	-0.0204682	0.311457	6.59573e-05	-0.000792744	0.000557682
0.551626	-0.0204695	0.31145	-0.00039058	-0.000624459	-0.00190074
0.551629	-0.0204671	0.311457	0.000627283	1.36801e-05	0.000829121
0.551628	-0.0204593	0.311462	0.000325831	0.00250975	0.00224417
0.551629	-0.0204651	0.311458	0.000382151	-0.000325624	0.00035045
0.551629	-0.0204664	0.311459	-6.97185e-05	-0.000244802	-0.000161085
0.551629	-0.0204641	0.311457	-0.000715809	0.000298139	-0.00103392
0.551628	-0.0204669	0.311462	-0.000844565	-0.000823424	0.000827641
0.551628	-0.0204649	0.311459	-0.000625128	0.000478174	-0.000499794
0.551629	-0.0204685	0.311458	-0.000213115	-0.00118579	-0.000476425
0.551627	-0.0204606	0.311458	-0.000622257	0.00175476	-0.000541814
0.551628	-0.0204652	0.31146	-0.000296219	-0.000389799	-0.00011141
0.551627	-0.0204678	0.311458	-0.000499736	-0.000738071	-0.000451996
0.551628	-0.0204652	0.311459	-1.38571e-05	0.000508557	7.46253e-05
0.551627	-0.0204683	0.311453	-0.000383422	-0.000643383	-0.00182293
0.551628	-0.0204655	0.311457	6.25427e-05	9.5875e-05	0.000124454
0.551627	-0.0204678	0.311456	-0.00025071	-0.000421777	-0.00028638
0.551627	-0.0204656	0.311457	-0.000163511	0.000169754	0.000297717
0.551628	-0.0204653	0.31146	0.000151103	9.1595e-05	0.000556561
0.551627	-0.0204692	0.311455	-0.000212643	-0.000869061	-0.00100345
0.551627	-0.0204668	0.311456	-0.000105384	-7.26264e-05	-0.00017086
0.551628	-0.0204649	0.311459	-0.000661791	0.000852274	3.14597e-05
0.551628	-0.0204664	0.311459	-0.000520931	0.000568408	-4.6368e-05
0.551628	-0.0204675	0.311462	-0.000406204	-0.000594095	0.000863254
0.551627	-0.0204623	0.311454	-0.000661328	0.00111943	-0.00183795
0.551626	-0.0204649	0.311455	-0.000759082	-0.000200145	-0.00113513
0.551625	-0.0204648	0.311454	-0.000827192	-0.00011104	-0.00116637
0.551625	-0.0204615	0.311453	-0.000575185	0.00140036	-0.000809103
0.551623	-0.0204648	0.311451	-0.000995843	-3.46296e-05	-0.00131977
0.551625	-0.0204653	0.311454	-7.14768e-05	-0.000533364	-0.000104842
0.551624	-0.0204604	0.311451	-0.000376417	0.00115887	-0.000999311
0.551625	-0.0204645	0.311452	-0.000275483	-0.000261612	-0.000171422
0.551625	-0.0204607	0.311454	-0.00011733	0.000848985	-7.19239e-05
0.551624	-0.0204618	0.311449	-0.000435799	9.37461e-05	-0.00145759
0.551623	-0.0204613	0.31145	-0.000502108	0.000588816	-0.000319591
0.551624	-0.0204621	0.311451	-8.89991e-05	-0.000139084	0.000130498
0.551623	-0.0204587	0.311452	-0.00132514	0.000912504	-0.000650489
0.551623	-0.0204586	0.311448	-0.000944921	0.000612786	-0.00145242
0.551624	-0.02046	0.311451	-0.000395828	-7.44032e-05	-0.000169299
0.551622	-0.0204555	0.31145	-0.000826115	0.00146927	-0.0003603
0.551623	-0.020454	0.31145	-0.000189151	0.00143512	0.00296404
0.551623	-0.0204555	0.311453	-0.000122617	0.000432596	0.00321625
0.551622	-0.0204539	0.311449	-0.000350809	0.000831606	0.00101408
0.551623	-0.0204555	0.311452	-7.07308e-05	4.69484e-05	-0.00158621
0.551623	-0.0204539	0.311447	-0.000196674	0.000556866	-0.00279972
0.551623	-0.0204524	0.31145	-8.58467e-05	0.000874875	-0.000971294
0.551623	-0.0204509	0.311452	4.38438e-06	0.00108266	-0.00019387
0.551622	-0.0204524	0.311448	-0.000328939	0.000247603	-0.00156648
0.551622	-0.0204524	0.311449	-0.00017664	0.000158521	-0.000572244
0.551624	-0.0204525	0.311454	0.00044981	5.31444e-05	0.00127373
0.551623	-0.0204493	0.31145	1.36959e-06	0.00108442	-0.000530051
0.551626	-0.0204527	0.31146	0.000925252	-0.000393657	0.00276992
0.551623	-0.0204479	0.311453	-0.00025394	0.00135887	-0.000315568
0.551623	-0.0204494	0.311454	-0.000436093	0.000412948	-5.3647e-05
0.551623	-0.0204509	0.311455	-2.55221e-05	-0.000263302	0.000785392
0.551624	-0.0204525	0.311454	0.000248195	-0.000698763	-0.000108005
0.551624	-0.0204525	0.311456	0.000183571	-0.000461819	0.000403543
0.551626	-0.0204527	0.31146	0.000705134	-0.00037125	0.00153635
0.551626	-0.0204497	0.311458	0.000489642	0.000770673	0.000559444
0.551625	-0.0204511	0.31146	-0.000166948	5.02733e-05	0.00110691
0.551624	-0.0204495	0.311457	-0.000162212	0.000543853	-0.000252593
0.551627	-0.0204513	0.311464	0.000769919	-0.000230217	0.00195179
0.551625	-0.0204492	0.311459	-4.96232e-05	0.000929481	-0.000413985
0.551625	-0.02045	0.31146	-3.33481e-05	0.000103944	0.000204191
0.551626	-0.0204498	0.311463	0.000263696	4.18229e-05	0.000980573
0.551626	-0.0204467	0.311464	0.000214836	0.00104637	0.000691126
0.551626	-0.0204543	0.311464	6.59342e-05	-0.00186007	0.000903531
0.551625	-0.0204481	0.311465	-0.000155603	0.000819951	0.000751359
0.551626	-0.0204523	0.31146	0.000156687	-0.000481423	-0.000577567
0.551626	-0.0204531	0.311465	9.17743e-05	-0.000841768	0.000587037
0.551627	-0.0204452	0.311466	9.56394e-05	0.00199247	0.000358679
0.551626	-0.0204482	0.311465	8.68055e-05	0.000306388	0.000290559
0.551625	-0.0204512	0.311465	-0.000285343	-0.000805144	0.000280879
0.551625	-0.0204465	0.31146	-0.000191366	0.00101938	-0.00131213
0.551625	-0.0204496	0.311462	-0.000145616	-0.000353398	-0.000356107
0.551625	-0.0204496	0.311466	-0.000336209	-0.000219681	0.000835656
0.551626	-0.0204481	0.311464	1.98152e-05	0.000351502	-8.13562e-05
0.551626	-0.0204466	0.311468	0.000149834	0.00072698	0.00146551
0.551625	-0.0204481	0.311463	0.000949532	1.25235e-05	0.000326923
0.551625	-0.0204512	0.311464	0.000691973	-0.00100366	0.000727936
0.551626	-0.0204497	0.311467	0.000588993	-0.000164879	0.00109737
0.551622	-0.0204466	0.311459	-0.000521539	0.000494817	-0.00192668
0.551624	-0.0204461	0.311465	0.000306336	0.000780133	0.000500159
0.551624	-0.0204448	0.311461	-6.63252e-05	0.00105665	-0.000514507
0.551623	-0.0204478	0.311459	-0.00131204	-0.000312869	-0.00202642
0.551623	-0.0204452	0.31146	-0.00088886	0.000298237	-0.00136051
0.551623	-0.0204475	0.31146	-0.00168621	-0.000349167	-0.00181445
0.551623	-0.0204466	0.311461	-0.00117362	-0.000244439	-0.000302963
0.551624	-0.0204495	0.311459	-0.000467569	-0.00121789	-0.00110973
0.551623	-0.0204473	0.311458	-0.000854892	0.000249998	-0.000991743
0.551623	-0.0204477	0.311461	-0.000539586	0.000157844	-0.000133688
0.551623	-0.0204555	0.311461	-0.000275957	-0.0024649	-0.000352334
0.551623	-0.0204494	0.311459	-0.000167654	0.000397142	-0.000248379
0.551622	-0.0204477	0.311454	-0.000621279	0.000835917	-0.00182334
0.551623	-0.0204467	0.31146	7.6913e-05	0.000499204	0.000410631
0.551621	-0.020452	0.311459	-0.000509628	-0.00116003	0.000533566
0.551622	-0.0204476	0.311456	-0.000320555	0.000777029	-0.00110803
0.551622	-0.020445	0.311457	-0.000200256	0.00101892	-0.000706493
0.551623	-0.0204505	0.311458	9.93264e-05	-0.000876389	-0.00012471
0.551621	-0.0204464	0.311456	-0.000520295	0.000491895	-0.00088736
0.551621	-0.0204461	0.311457	-3.3927e-05	0.000298634	0.000312973
0.551622	-0.0204457	0.311454	-3.49714e-05	0.00072173	-0.00126808
0.551621	-0.0204475	0.311453	-0.000400855	-7.22229e-06	-0.00128661
0.551622	-0.0204492	0.311457	0.000314502	-0.000581239	0.000893283
0.551624	-0.0204448	0.311456	0.00061608	0.00112985	6.6818e-05
0.551623	-0.0204482	0.311457	0.000278519	-0.000783823	0.000445982
0.551624	-0.0204478	0.311454	0.000207512	-0.000510425	-0.000651107
0.551623	-0.0204519	0.311454	9.8686e-05	-0.00134827	-0.00047237
0.551624	-0.0204481	0.311452	0.000333322	9.56627e-05	-0.000912601
0.551624	-0.0204473	0.311451	7.65317e-05	0.00419893	-0.000888068
0.551623	-0.0204492	0.311451	-0.000204037	0.0025992	-0.000431217
0.551622	-0.0204492	0.311449	-6.02181e-05	0.001223	9.75312e-05
0.551623	-0.0204466	0.311444	0.000144639	0.00141018	-0.00155526
0.551624	-0.0204521	0.31145	0.000454439	-0.000553998	0.0008358
0.551622	-0.0204552	0.311445	-0.000334677	-0.00127721	-0.00119725
0.551623	-0.0204557	0.311446	5.39235e-05	-0.00134655	-0.00044184
0.551624	-0.0204509	0.311446	0.000373635	0.000644068	-0.000317154
0.551624	-0.0204508	0.311446	0.000221789	0.000446894	-0.000215957
0.55162	-0.0204561	0.311438	-0.000839468	-0.00113072	-0.00235308
0.551622	-0.0204551	0.311441	-0.000163336	-0.000259297	-0.000609784
0.551622	-0.0204568	0.311438	5.15109e-05	-0.000679782	-0.00159909
0.551622	-0.0204567	0.31144	-0.000163053	-0.000375295	-0.000408661
0.551622	-0.0204553	0.311437	-0.00015707	0.000211145	-0.00124107
0.551623	-0.0204585	0.31144	0.000386248	-0.000915429	-0.000154563
0.551622	-0.0204584	0.311439	1.33213e-05	-0.000588601	3.57703e-05
0.551622	-0.0204596	0.311438	-0.000176471	-0.00387975	-0.00061409
0.551622	-0.0204572	0.311437	-0.000343236	-0.00234629	-0.000723447
0.551623	-0.020457	0.311437	7.08059e-05	-0.0017941	-0.000589148
0.551622	-0.0204602	0.311435	-7.6847e-05	-0.00283335	-0.000505218
0.551621	-0.0204608	0.311434	-0.00034175	-0.00197764	-0.00119071
0.551621	-0.0204643	0.311431	-0.00032232	-0.00248712	-0.00130716
0.551622	-0.0204628	0.311438	0.0001273	-0.00120055	0.000957792
0.551621	-0.020463	0.311439	0.000100818	-0.000909399	0.00115336
0.551621	-0.0204613	0.311433	5.90573e-05	-0.00012161	-0.000704439
0.551621	-0.0204629	0.311436	-0.000118205	-0.000605351	0.000273864
0.551621	-0.0204685	0.311432	1.61804e-06	-0.00191871	-0.000598764
0.551621	-0.0204662	0.311435	-0.000207641	-0.0007748	0.000269129
0.55162	-0.0204659	0.311434	-0.00015838	-0.000515837	-0.000320917
0.551622	-0.0204702	0.311437	0.000506941	-0.00141448	0.000561484
0.551621	-0.0204648	0.311434	8.89925e-06	0.000540648	-3.50621e-05
0.551621	-0.0204705	0.311433	-6.02017e-05	-0.00162244	-0.000535128
0.551619	-0.0204669	0.31143	-0.000606571	0.000491773	-0.00114619
0.551623	-0.0204695	0.31144	0.000554265	-0.00079416	0.00241257
0.551623	-0.0204676	0.311437	0.00033026	3.43617e-06	0.000108905
0.551624	-0.0204661	0.311442	0.000861034	0.000436203	0.00234331
0.551623	-0.0204691	0.311442	-5.66279e-05	-0.000674124	0.000766424
0.551623	-0.020469	0.311437	-3.47726e-05	-0.000435794	-0.000936798
0.551624	-0.0204661	0.31144	0.000288526	0.000689898	0.000711891
0.551624	-0.0204663	0.31144	0.000252553	0.000402464	0.000562042
0.551622	-0.0204717	0.311438	-0.000236106	-0.00117258	-0.000595634
0.551624	-0.0204711	0.311439	0.000406372	-0.000835654	0.000374268
0.551623	-0.0204677	0.31144	6.0647e-07	0.000479533	0.000352597
0.551625	-0.0204678	0.311446	0.000415374	0.000280578	0.0021742
0.551625	-0.0204659	0.311441	0.000504804	0.00120481	-0.000185443
0.551624	-0.020468	0.311439	3.07387e-05	-0.000192989	-0.000506636
0.551626	-0.0204666	0.311447	0.00068865	0.000257946	0.0019742
0.551625	-0.0204701	0.311441	4.51946e-05	-0.000244584	-0.00015926
0.551625	-0.0204682	0.311446	-9.48972e-05	0.00035516	0.00110248
0.551626	-0.0204669	0.311444	0.0001323	0.000231365	5.32723e-05
0.551626	-0.0204636	0.311448	0.000165297	0.00109817	0.00110888
0.551625	-0.0204634	0.311446	-0.000125905	0.000765264	0.000364584
0.551625	-0.0204632	0.311443	0.000113815	0.000542346	-0.000436543
0.551627	-0.0204649	0.31145	0.000376036	-0.000187684	0.00150044
0.551626	-0.0204632	0.31145	0.000288388	0.000841253	0.00105509
0.551628	-0.0204638	0.311452	0.000550336	7.90624e-05	0.00160707
0.551626	-0.0204645	0.311453	-0.000234446	0.000100054	0.000770122
0.551626	-0.0204652	0.31145	-0.000152955	-0.00043308	-0.000434593
0.551627	-0.0204591	0.311453	0.000227535	0.00166522	0.000582886
0.551626	-0.0204629	0.31145	-0.000181505	0.000173017	-3.57734e-05
0.551628	-0.0204623	0.311455	0.000509613	5.17585e-05	0.00175245
0.551628	-0.0204576	0.311452	0.000356719	0.00152295	0.000185856
0.551627	-0.0204574	0.311451	-5.76072e-05	0.00103949	-0.000245583
0.551627	-0.0204601	0.311454	-3.86469e-05	0.000179999	0.00031711
0.551627	-0.0204609	0.311454	-4.47931e-05	-0.000389588	0.000211368
0.551627	-0.0204556	0.311453	7.59579e-05	0.00178078	0.000203001
0.551627	-0.0204594	0.311453	-7.40454e-06	-0.000345556	9.75677e-05
0.551626	-0.0204586	0.311454	-0.000291286	0.000301048	0.000152195
0.551626	-0.0204593	0.311456	-0.0002256	-0.000318662	0.00059283
0.551627	-0.0204557	0.311456	0.000264058	0.00129802	0.000853984
0.551626	-0.0204547	0.311453	-0.000187337	0.000902903	-0.000842843
0.551628	-0.0204545	0.311456	0.000219193	0.000567157	0.000350553
0.551627	-0.0204574	0.311455	-0.000188977	-0.000612149	-0.000192517
0.551626	-0.0204573	0.311453	8.96455e-05	-0.000430411	-0.000291241
0.551627	-0.020457	0.311459	0.000188395	0.000202824	0.00183219
0.551627	-0.0204563	0.311458	0.000106813	0.000139011	0.000740578
0.551625	-0.0204572	0.311453	-0.000609871	-0.000300148	-0.00134576
0.551626	-0.0204512	0.311458	8.40935e-05	0.00174574	0.00109685
0.551627	-0.0204543	0.311455	-4.9255e-05	0.000149312	-0.000292515
0.551626	-0.020453	0.311455	-0.000342304	0.000120239	-0.000129771
0.551627	-0.0204555	0.31146	0.000147879	-0.000464261	0.001334
0.551625	-0.020454	0.311454	-0.000592881	0.000270593	-0.00141938
0.551627	-0.0204497	0.311458	0.000335194	0.00164881	0.000419678
0.551626	-0.0204511	0.311452	-0.000191773	0.000627865	-0.00117857
0.551626	-0.0204511	0.311453	-6.68006e-05	0.000417767	-0.000734163
0.551626	-0.0204523	0.311458	-1.5301e-05	0.000264998	0.000985541
0.551628	-0.0204547	0.311457	0.000564877	-0.000875644	0.000447876
0.551627	-0.0204528	0.311459	0.000104573	0.000123476	0.000797332
0.551626	-0.0204527	0.311457	-0.000246159	0.000116975	-0.000375496
0.551626	-0.0204543	0.311459	0.000103491	-0.000465457	0.000613557
0.551627	-0.0204528	0.311458	9.85335e-05	0.00019955	-2.86305e-05
0.551625	-0.0204526	0.311454	-0.000546877	0.00020502	-0.00133356
0.551626	-0.0204557	0.311454	-0.000126375	-0.000911296	-0.00101922
0.551627	-0.0204543	0.311453	0.00021141	-0.000118731	-0.000790826
0.551626	-0.0204512	0.311458	-6.73623e-05	0.000945825	0.00109696
0.551627	-0.0204527	0.311455	0.00017354	0.000110163	-0.000398475
0.551626	-0.0204526	0.311452	-0.000213154	0.000101976	-0.000700211
0.551627	-0.0204539	0.311456	0.000266983	4.13097e-05	0.000518935
0.551626	-0.0204512	0.311456	-0.000120416	0.00105673	0.000443769
0.551626	-0.0204528	0.311455	-0.000119262	0.000206773	-0.000222919
0.551626	-0.0204486	0.311454	-6.08398e-05	0.00116408	-0.000648323
0.551625	-0.0204501	0.311452	-0.000375027	-0.000220577	-0.000839467
0.551625	-0.0204538	0.311452	-0.000227023	-0.00116664	-0.000508177
0.551624	-0.0204509	0.311454	-0.000401849	0.000254992	0.00028289
0.551626	-0.0204511	0.311457	0.000262519	0.000116048	0.000894985
0.551626	-0.0204511	0.311454	0.000187891	8.85487e-05	0.000124085
0.551626	-0.0204496	0.311454	0.000173621	0.000562757	0.000125971
0.551626	-0.0204465	0.311456	0.000112024	0.00139198	0.000532229
0.551626	-0.0204511	0.311452	-8.57719e-06	-0.000585045	-0.00113614
0.551624	-0.020454	0.311451	-0.000617458	-0.00135988	-0.00107225
0.551625	-0.020454	0.311454	-6.77317e-05	-0.000930864	0.000197434
0.551626	-0.0204496	0.311454	0.000260982	0.000880363	3.3936e-05
0.551626	-0.0204499	0.311454	0.000215508	7.58844e-05	5.52904e-05
0.551624	-0.0204552	0.311453	-0.00057862	-0.0014435	-0.000300016
0.551625	-0.020451	0.311456	0.000314112	0.000524679	0.00108479
0.551624	-0.0204512	0.311455	-0.000382257	-0.000110786	0.000446116
0.551626	-0.0204522	0.311455	0.000327265	-0.000121527	9.90067e-05
0.551625	-0.0204479	0.311455	-9.77163e-07	0.00147343	0.000196277
0.551626	-0.0204511	0.311455	0.000209362	-6.51819e-05	-4.73527e-06
0.551624	-0.020451	0.31145	0.0005357	4.82903e-05	-0.00089403
0.551625	-0.020448	0.311459	0.000836451	0.0010001	0.00235074
0.551626	-0.0204527	0.311455	0.000797282	-0.000867912	0.000450468
0.551626	-0.0204512	0.311456	0.00059638	-7.20281e-05	0.000357485
0.551626	-0.0204496	0.311457	0.000502117	0.00046087	0.000794001
0.551625	-0.0204514	0.311451	-9.40349e-05	-0.000661005	-0.0014263
0.551625	-0.0204492	0.311457	7.28531e-05	0.00055524	0.00110212
0.551624	-0.0204497	0.311453	3.3995e-05	-0.000132519	-0.000228398
0.551626	-0.0204553	0.311456	0.000323402	-0.001647	0.000753231
0.551627	-0.0204511	0.311459	0.000596468	0.000403356	0.00141601
0.551625	-0.0204494	0.311454	-0.000268872	0.000837999	-0.000878616
0.551626	-0.0204496	0.311458	0.000189152	0.000522276	0.000849085
0.551627	-0.0204527	0.311455	0.000300259	-0.000684919	-0.0005851
0.551624	-0.0204522	0.311453	-0.00061756	0.000123662	-0.0010101
0.551626	-0.0204515	0.311458	0.000219562	3.16749e-05	0.00106658
0.551625	-0.0204512	0.311454	-0.00018559	4.64805e-05	-0.000637731
0.551624	-0.0204557	0.311456	-0.000438671	-0.00147733	0.000130122
0.551627	-0.0204528	0.311461	0.000625991	-5.16383e-05	0.00176591
0.551626	-0.0204531	0.311455	0.000288172	-0.000518816	-0.000886366
0.551626	-0.0204508	0.311458	0.000158974	0.00413907	0.000714065
0.551626	-0.020451	0.311455	7.88017e-05	0.00305463	-0.000512411
0.551625	-0.0204526	0.311457	-0.000215721	0.0017573	0.000258902
0.551628	-0.0204544	0.311461	0.000760168	0.000748192	0.00136811
0.551626	-0.0204531	0.311457	-9.9553e-05	0.000671259	-0.000359697
0.551627	-0.0204524	0.311458	0.000251549	0.00103173	0.000133085
0.551626	-0.0204571	0.311455	-0.000201866	-0.000746699	-0.000796829
0.551628	-0.0204543	0.311456	0.000479193	0.000523271	-0.000214428
0.551626	-0.0204542	0.311458	-0.000212907	0.000420604	0.000581084
0.551626	-0.0204527	0.311457	-0.000108258	0.000823217	-6.50702e-05
0.551627	-0.0204543	0.311458	0.000162813	3.40413e-05	0.000756217
0.551627	-0.0204587	0.31146	7.23296e-05	-0.00144311	0.000968569
0.551627	-0.0204559	0.31146	9.52757e-05	2.10681e-05	0.000206614
0.551625	-0.0204557	0.311457	-0.000556743	7.32774e-05	-0.000662888
0.551625	-0.0204515	0.311454	-7.49497e-05	0.00105476	-0.00103379
0.551626	-0.0204523	0.311458	1.80965e-05	0.000700383	0.000353586
0.551627	-0.0204526	0.311458	9.36227e-05	-0.00299639	-9.353e-05
0.551626	-0.0204538	0.311455	-0.000202217	-0.00225668	-0.000890615
0.551627	-0.0204547	0.311458	0.000153214	-0.00225792	0.00028638
0.551627	-0.020456	0.311458	4.76478e-05	-0.00217196	0.00014175
0.551626	-0.0204543	0.311458	-0.000168921	-0.00103795	0.00027184
0.551629	-0.0204575	0.311461	0.000949713	-0.00184694	0.0011253
0.551627	-0.0204574	0.311457	4.65503e-05	-0.00129163	-0.000487637
0.551628	-0.0204591	0.31146	0.000357801	-0.0014611	0.00058855
0.551628	-0.0204558	0.311458	-3.97868e-05	4.61182e-05	-0.000478385
0.551626	-0.0204588	0.311456	-0.000423144	-0.000993976	-0.000778787
0.551627	-0.0204574	0.311456	3.21133e-05	-0.000202688	-0.000131535
0.551627	-0.0204543	0.311456	4.05177e-05	0.000874767	-0.000550279
0.551628	-0.0204528	0.311457	9.35613e-05	0.00107886	0.000156695
0.551628	-0.0204544	0.311458	0.00093734	0.000226357	0.000859277
0.551626	-0.0204542	0.311457	-0.000803091	0.000162203	-0.000444882
0.551628	-0.020456	0.311458	0.000290696	-0.000478281	0.000348916
0.551626	-0.0204573	0.311452	-0.000797963	-0.000751992	-0.00197105
0.551627	-0.0204574	0.311458	0.000763319	-0.00050871	0.00135003
0.551628	-0.0204532	0.311457	0.000956878	0.000666358	0.000901269
0.551628	-0.0204524	0.311455	0.00169896	0.000987858	0.000550736
0.551628	-0.0204515	0.311456	0.00121439	0.000656938	0.000919614
0.551626	-0.0204568	0.31145	0.000490109	-0.00104688	-0.00123423
0.551627	-0.0204557	0.311454	0.000750438	-0.000226996	0.000642675
0.551626	-0.0204557	0.311449	0.00024578	-0.000104468	-0.000910226
0.551627	-0.0204527	0.31145	0.000491329	0.000929196	-0.00064056
0.551626	-0.0204512	0.311453	0.000104817	0.00113361	0.00066921
0.551627	-0.0204542	0.311449	0.000324991	-0.000274276	-0.000606734
0.551626	-0.0204511	0.311452	-0.000264216	0.00087622	0.000300868
0.551627	-0.0204542	0.311451	0.000103003	-0.000454882	0.000104939
0.551627	-0.0204511	0.31145	6.84492e-05	0.000720961	-0.000427282
0.551625	-0.020451	0.311449	-0.000552344	0.000528013	-0.000583267
0.551625	-0.0204525	0.311447	-0.000386401	-0.000151399	-0.00130667
0.551626	-0.020448	0.311446	0.000109124	0.00141371	-0.000936074
0.551626	-0.0204495	0.311448	9.28576e-05	0.00042494	0.000309036
0.551624	-0.0204478	0.311444	-0.000573677	0.000848717	-0.00152365
0.551625	-0.0204479	0.311447	-3.74163e-05	0.0005425	-0.000120984
0.551625	-0.0204449	0.311447	-4.5542e-05	0.0013732	-9.32258e-05
0.551623	-0.0204477	0.31144	-0.00068624	-3.28941e-05	-0.00234793
0.551624	-0.0204448	0.311444	4.94693e-05	0.00439744	-1.08085e-05
0.551624	-0.0204463	0.311443	-2.60118e-05	0.00270771	-0.000523057
0.551624	-0.0204448	0.311441	5.19089e-05	0.00254178	-0.000788654
0.551623	-0.0204448	0.311441	-0.000238637	0.00183535	-0.000446016
0.551622	-0.0204457	0.311437	-0.000456163	0.00141846	-0.00160378
0.551624	-0.0204467	0.31144	0.000261681	0.000474869	0.000153037
0.551622	-0.0204435	0.311437	-0.000414235	0.000949189	-0.00115721
0.551622	-0.0204446	0.311435	-0.000283715	0.000177909	-0.001245
0.551624	-0.0204401	0.31144	0.000440294	0.00158013	0.00090352
0.551621	-0.0204398	0.311432	-0.000602981	0.00117307	-0.00154125
0.551621	-0.020438	0.311439	-0.00124622	0.00176493	0.000179854
0.551621	-0.0204447	0.311434	-0.00103255	-0.00130188	-0.00142211
0.551623	-0.0204415	0.311437	-0.000176402	0.000119489	-0.000284728
0.551621	-0.0204368	0.311436	-0.000681451	0.00160846	-0.000455084
0.551622	-0.0204384	0.311433	-0.000237149	0.000561043	-0.00143421
0.551621	-0.0204383	0.311434	-0.000440474	0.000391274	-0.000366156
0.55162	-0.0204426	0.311432	-0.00068339	-0.00118853	-0.00116699
0.551621	-0.0204458	0.311431	-0.000232286	-0.00182335	-0.000939216
0.55162	-0.0204428	0.311433	-0.000386687	-0.000225838	-2.39415e-05
0.551621	-0.0204398	0.311434	3.71036e-05	0.000837317	0.000376321
0.551622	-0.0204384	0.311435	0.000334302	0.00104161	0.000653136
0.55162	-0.0204411	0.311431	-0.000397294	-0.000213562	-0.000836516
0.55162	-0.0204438	0.311428	-0.000325941	-0.000641141	-0.00156004
0.551617	-0.0204414	0.31143	-0.00106547	9.55751e-05	-0.000754122
0.551619	-0.0204382	0.31143	-0.000100425	0.00103118	-0.000189479
0.55162	-0.0204367	0.31143	0.00125427	0.00120469	0.000646673
0.551621	-0.0204427	0.311432	0.00121903	-0.00120575	0.00140183
0.551619	-0.0204487	0.311427	0.000348962	-0.00279703	-0.00103687
0.551617	-0.0204423	0.311424	-0.000451236	0.000243411	-0.00120938
0.551619	-0.0204426	0.311432	0.000322744	9.24424e-05	0.00144737
0.551617	-0.0204439	0.311425	-0.000132613	-0.000401781	-0.000919811
0.55162	-0.0204397	0.31143	0.000597917	0.00115719	0.000698562
0.551617	-0.0204454	0.311424	-0.000260388	-0.00115417	-0.00130879
0.551617	-0.0204425	0.311422	-0.000506285	0.000251195	-0.00341152
0.551616	-0.0204438	0.311426	-0.000570354	-0.000284199	-0.000795181
0.551616	-0.0204423	0.311424	0.000643203	0.000350463	-0.000228961
0.551616	-0.0204427	0.311425	0.000728462	-0.000298107	0.000161127
0.551616	-0.0204419	0.311426	0.00029121	0.000333499	0.000215746
0.551616	-0.0204449	0.311424	0.000216133	-0.00027633	-0.000830731
0.551618	-0.0204428	0.31143	0.00109346	0.000242437	0.00160056
0.551616	-0.0204424	0.311421	0.000119157	0.000228882	-0.00166373
0.551616	-0.0204423	0.311424	-0.000171909	0.000167913	-6.43293e-05
0.551615	-0.0204437	0.311425	-0.000362965	-0.000375212	9.49913e-05
0.551614	-0.0204436	0.311419	-0.000616512	-0.000213846	-0.00183314
0.551616	-0.0204438	0.311426	0.000246296	-0.000200512	0.00101557
0.551615	-0.0204421	0.311419	-0.000150459	0.000417431	-0.00164547
0.551615	-0.0204455	0.31142	-0.000114892	-0.00126213	-0.00013554
0.551613	-0.0204431	0.31142	-0.000639458	0.000226113	-0.000375869
0.551615	-0.020442	0.31142	0.000200292	0.000615161	5.35518e-05
0.551614	-0.0204452	0.311423	0.00106119	-0.000584003	0.0017791
0.551612	-0.0204465	0.311417	0.00017085	-0.000840474	-0.000477582
0.551614	-0.0204452	0.311425	0.00084574	-0.0001128	0.00200958
0.551614	-0.0204466	0.311422	0.00027654	-0.000549938	0.000490565
0.551613	-0.0204435	0.311416	0.000171573	0.000660953	-0.0011481
0.551614	-0.0204452	0.311424	0.000524635	-0.00011956	0.00168704
0.551615	-0.0204411	0.311422	0.000645487	0.000934595	3.02739e-05
0.551613	-0.0204462	0.31142	-0.000152596	-0.000861248	-0.000236084
0.551612	-0.0204421	0.311419	-0.000657606	0.000499939	-0.00045243
0.551614	-0.0204432	0.31142	0.000203643	0.000287246	3.38182e-05
0.551613	-0.020448	0.311419	8.4581e-05	-0.00134272	8.87113e-06
0.551613	-0.0204435	0.311423	9.63322e-05	0.000624538	0.000976733
0.551613	-0.0204466	0.31142	2.2751e-05	-0.000589333	-0.000337109
0.551613	-0.0204436	0.311421	7.63564e-05	0.000615096	0.000315104
0.551612	-0.020445	0.311419	-0.000282699	-5.80229e-05	-0.000714312
0.551612	-0.0204497	0.311423	-5.40956e-05	-0.00504438	0.0012577
0.551611	-0.0204465	0.31142	-0.000370749	-0.00259646	-0.000564343
0.551613	-0.0204466	0.311419	8.23764e-05	-0.00195445	-0.000462421
0.551611	-0.0204449	0.311418	-0.000522965	-0.000909696	-0.00107142
0.551614	-0.0204482	0.311423	0.000515919	-0.00182559	0.000927435
0.551614	-0.0204467	0.311423	3.21546e-05	-0.000777736	0.000218574
0.551613	-0.0204482	0.311422	7.9886e-05	-0.00109731	0.00067573
0.551615	-0.0204514	0.31142	0.000518085	-0.00183597	-0.000316994
0.551613	-0.0204482	0.311422	-0.000201699	-0.000213325	3.97338e-05
0.551614	-0.0204479	0.311424	0.000198185	0.00031958	0.000894598
0.551613	-0.0204486	0.311423	-0.000183539	-0.000297113	0.000207358
0.551615	-0.02045	0.311426	0.000468838	-0.000778162	0.00139521
0.551615	-0.0204515	0.311424	0.000550393	-0.00105568	0.000318549
0.551614	-0.0204499	0.311424	0.000109646	-0.000189621	0.000342466
0.551616	-0.02045	0.311425	0.000644884	-0.000175061	0.000486107
0.551614	-0.0204529	0.311424	-0.000149123	-0.00109466	5.52829e-05
0.551615	-0.0204529	0.311424	0.000176945	-0.0007462	-7.48004e-05
0.551614	-0.0204544	0.311421	-0.000115499	0.00246792	-0.000836451
0.551614	-0.0204573	0.311421	-0.0001032	0.000968478	-0.000582979
0.551615	-0.0204545	0.311424	0.000291495	0.00179332	0.000524555
0.551615	-0.020456	0.311422	0.000194991	0.000851568	-9.79351e-05
0.551614	-0.0204589	0.311421	-0.000170563	-0.000311445	-0.000424866
0.551616	-0.0204576	0.311427	0.000539443	0.000333447	0.00149632
0.551617	-0.0204588	0.311427	0.000333537	0.000289224	0.000975842
0.551615	-0.0204591	0.311424	-9.15133e-05	0.000272909	-0.000254477
0.551615	-0.0204612	0.311423	0.000118064	-0.000823313	-0.000331175
0.551617	-0.0204651	0.31143	0.000476993	-0.0015293	0.00218318
0.551615	-0.0204636	0.311425	-0.000264142	-0.000423992	-0.000295714
0.551617	-0.0204666	0.311427	0.000350025	-0.000829332	7.51013e-05
0.551618	-0.0204659	0.31143	0.000301226	-0.000550153	0.00107426
0.551618	-0.0204647	0.311428	0.000396027	-0.000427009	7.0847e-05
0.551616	-0.0204662	0.311425	-0.000294024	-0.000171008	-0.000718986
0.551616	-0.0204703	0.311426	1.03341e-05	-0.00166986	-0.000136932
0.551615	-0.02047	0.311422	-0.000295419	-0.00106992	-0.00145177
0.551616	-0.0204701	0.311426	0.000137865	-0.00074618	0.000420107
0.551617	-0.0204716	0.311426	0.00030284	-0.000508937	-0.000134639
0.551614	-0.0204773	0.311424	-0.000691876	-0.00180237	-0.00074659
0.551615	-0.0204709	0.311422	-0.000117008	0.000309875	-0.0010467
0.551615	-0.020476	0.311426	-0.000106298	-0.00133563	0.000758219
0.551616	-0.020469	0.311428	0.000433031	0.00109112	0.00430242
0.551614	-0.0204727	0.31142	-0.000420749	-0.000228478	0.000847463
0.551616	-0.0204731	0.311427	0.000142844	-0.000198227	0.00271602
0.551614	-0.0204747	0.311422	-0.000252792	-0.000611124	0.000562891
0.551614	-0.0204758	0.311422	-0.000225043	-0.000402605	0.0004428
0.551616	-0.0204767	0.311426	0.000445162	-0.000833239	0.0016421
0.551615	-0.0204705	0.311421	-0.00027372	0.00103689	-0.0005955
0.551614	-0.0204731	0.311422	-0.000495111	-0.000314938	-0.000235287
0.551616	-0.0204758	0.311421	0.000205637	-0.00076301	-0.000341951
0.551613	-0.0204714	0.311419	-0.000673415	0.00109825	-0.000864981
0.551613	-0.0204761	0.311421	-0.000190364	-0.000830354	0.000313723
0.551613	-0.0204745	0.311418	-6.50103e-05	-4.15294e-05	-0.000204215
0.551614	-0.0204728	0.31142	0.000262944	0.00096829	0.00025878
0.551614	-0.020472	0.31142	-0.000282413	0.000706608	-0.00358289
0.551612	-0.0204731	0.311415	-0.000552527	-4.5965e-06	-0.00404873
0.551614	-0.0204731	0.311417	-4.80138e-05	-2.31428e-05	-0.00248785
0.551612	-0.020471	0.311417	-0.000584906	0.00104571	-0.00159729
0.551612	-0.0204715	0.311417	-9.89495e-05	0.000674503	-0.000810303
0.551614	-0.0204733	0.311417	0.000201302	-7.83433e-05	-0.00121021
0.551613	-0.0204687	0.311416	-0.000140469	0.00145487	-0.00125117
0.551612	-0.0204688	0.311414	-0.000377945	0.000542872	-0.00129847
0.551611	-0.020467	0.311413	-0.000839569	0.000861264	-0.0011514
0.551612	-0.0204653	0.311413	1.29269e-05	0.00109533	-0.00103462
0.551613	-0.0204666	0.311413	0.000334749	0.000651102	-0.000277549
0.551611	-0.0204652	0.311413	-0.000301029	0.00105049	-0.000470156
0.551611	-0.0204657	0.311413	-0.000262391	0.000187876	0.000104334
0.55161	-0.0204637	0.311412	-0.000451675	0.000658727	-0.000308484
0.551609	-0.0204602	0.311409	-0.00058038	0.00194809	-0.00158278
0.551611	-0.0204595	0.31141	0.00020479	0.00125319	-0.000283452
0.55161	-0.0204588	0.311407	-0.00016	0.00137804	-0.00108069
0.551614	-0.0204594	0.311413	0.00109657	0.000811538	0.00132993
0.55161	-0.0204592	0.311412	-0.000414267	0.000632864	0.000330683
0.551611	-0.0204566	0.311411	5.16265e-05	0.000916785	0.000134747
0.551609	-0.0204534	0.311407	-0.000590273	0.00117591	-0.00121497
0.551612	-0.0204516	0.311414	0.000552701	0.00120737	0.00137256
0.551613	-0.0204492	0.311415	0.000426047	0.00233155	0.000933406
0.551612	-0.0204441	0.311412	2.73302e-05	0.00310862	-0.000209511
0.551611	-0.0204489	0.311411	-8.81654e-05	3.5995e-05	-0.000221065
0.551611	-0.020448	0.311408	-1.81423e-05	0.000552102	-0.00111456
0.551611	-0.020444	0.311415	-0.00114947	0.00135576	0.000579856
0.55161	-0.0204436	0.311407	-0.000969947	0.000916605	-0.00218397
0.55161	-0.0204431	0.311408	-0.000638692	0.00111962	-0.00098203
0.55161	-0.0204465	0.31141	-0.000734134	-0.000257161	-9.15794e-05
0.551611	-0.0204411	0.311413	0.00105065	0.0013318	0.00152322
0.551611	-0.0204393	0.311413	0.000526046	0.00137569	0.00118031
0.551613	-0.0204393	0.311412	0.00096026	0.000879807	0.00014662
0.551612	-0.0204392	0.311412	0.00033459	0.000608738	0.000184667
0.551615	-0.0204364	0.311418	0.00136838	0.00474928	0.00237013
0.551611	-0.0204372	0.311414	5.17123e-05	0.00353617	0.00039241
0.551614	-0.0204368	0.311421	0.000982515	0.00249022	0.00243747
0.551614	-0.0204322	0.311414	0.00039785	0.0028789	-0.000664326
0.551615	-0.0204319	0.311421	0.000857058	0.00196265	0.00226351
0.551614	-0.0204312	0.311416	0.000306266	0.00195616	-0.000322294
0.551614	-0.0204319	0.311415	0.000139799	0.000865346	-0.000757145
0.551617	-0.0204318	0.31142	0.000760555	0.000579674	0.00128233
0.551616	-0.0204316	0.311417	0.0001956	0.000449723	-3.10833e-05
0.551616	-0.0204302	0.311418	0.000171309	0.000777731	0.000535355
0.551616	-0.0204301	0.31142	0.000137124	0.000586898	0.000840798
0.551617	-0.0204273	0.31142	0.000373907	0.00135494	0.000439765
0.551616	-0.0204331	0.311416	0.000169029	-0.0010649	-0.000714328
0.551617	-0.0204257	0.311425	0.000304398	0.00177421	0.00205896
0.551617	-0.0204272	0.311423	0.000330079	0.00587498	0.000975157
0.551616	-0.0204241	0.311421	2.1858e-05	0.00539416	-0.00013744
0.551617	-0.0204245	0.311418	0.000217423	0.00340665	-0.00121855
0.551618	-0.0204254	0.311423	0.000536617	0.00248395	0.00108669
0.551618	-0.0204274	0.311425	0.000318452	0.000866783	0.0011687
0.551619	-0.020426	0.311423	0.000474931	0.000700991	0.000171487
0.551619	-0.020431	0.311428	0.000369493	-0.000467158	0.00164043
0.55162	-0.0204265	0.311427	0.000810445	0.00069375	0.000865593
0.55162	-0.0204287	0.311427	0.000229379	-0.000427737	0.000672894
0.55162	-0.0204328	0.31143	0.000511782	-0.00129498	0.00187013
0.551619	-0.0204331	0.311425	-7.25838e-05	-0.000791537	-0.000691521
0.551617	-0.0204303	0.311425	-0.000632879	5.47437e-05	-0.000745766
0.551619	-0.0204316	0.311429	-7.30898e-05	-0.000496725	0.000918482
0.55162	-0.0204357	0.311427	0.000416792	-0.00132256	-0.000156064
0.55162	-0.0204403	0.31143	0.000338939	-0.00190084	0.000909457
0.55162	-0.0204366	0.311428	0.000217772	-0.000235328	0.000139167
0.551621	-0.0204376	0.311429	0.000440544	-0.000175818	0.000466727
0.551619	-0.0204427	0.311427	-0.000407247	-0.00209676	-0.000534984
0.55162	-0.0204399	0.311431	8.29208e-05	-0.000924758	0.00105024
0.551622	-0.0204453	0.311436	0.000598945	-0.00220717	0.00241873
0.551621	-0.0204439	0.311432	0.000176974	-0.000919011	0.000303443
0.551621	-0.0204436	0.311432	4.43505e-05	-0.000109062	0.000142532
0.551621	-0.0204487	0.311435	5.18442e-05	-0.00160254	0.000608448
0.551621	-0.0204519	0.31143	0.000234507	-0.00209885	-0.000705294
0.551621	-0.0204535	0.311434	0.000115026	-0.00191999	0.000477773
0.55162	-0.0204565	0.311434	-0.000206197	-0.00227793	0.00043826
0.55162	-0.0204522	0.311431	-0.000137543	-0.00049099	-0.000688345
0.551621	-0.0204535	0.311433	0.000172365	-0.000870639	0.000401948
0.551621	-0.0204591	0.31143	5.0317e-05	-0.00209394	-0.000742169
0.551622	-0.0204583	0.311434	0.000335484	-0.00143672	0.000847028
0.551621	-0.0204561	0.311433	2.77433e-05	9.09226e-05	0.000265601
0.551623	-0.0204597	0.311434	0.0003716	-0.000840291	0.000298149
0.551622	-0.0204612	0.311431	-0.000115376	-0.00103727	-0.000713664
0.551623	-0.0204616	0.311432	0.000228323	-0.00123176	-8.19814e-05
0.551624	-0.0204625	0.311438	0.000210793	-0.000837816	0.00146349
0.551622	-0.0204642	0.311432	-0.000294071	-0.00102745	-0.000982389
0.551623	-0.0204684	0.311434	0.000114403	-0.00168227	0.000224535
0.551622	-0.0204703	0.311434	-0.000177753	-0.00160326	-0.000187207
0.551623	-0.020469	0.311433	0.000145371	-0.000579646	-0.000244587
0.551625	-0.0204647	0.31144	0.000567574	0.00105283	0.00179316
0.551623	-0.020468	0.311433	-9.36065e-05	-0.000794909	-0.000743693
0.551624	-0.0204687	0.311432	8.68306e-05	-0.000460284	-0.00395452
0.551624	-0.0204694	0.311437	5.74695e-05	-0.000826757	-0.00143735
0.551624	-0.0204748	0.311436	-1.85699e-05	-0.00206838	-0.00167861
0.551627	-0.0204723	0.311443	0.000723848	-0.00556379	0.000775344
0.551626	-0.0204693	0.311439	0.000194566	-0.00308281	-0.00095487
0.551624	-0.0204738	0.311438	-0.000545349	-0.00385661	-0.00107098
0.551625	-0.0204751	0.311441	1.07533e-06	-0.00283888	0.000154126
0.551623	-0.0204753	0.311433	-0.000718395	-0.00201415	-0.0022594
0.551626	-0.0204768	0.311439	0.000388298	-0.00155188	5.32167e-05
0.551626	-0.0204791	0.311439	0.000276881	-0.00215465	5.67693e-05
0.551625	-0.0204743	0.31144	-7.96911e-05	2.75759e-05	0.000593886
0.551625	-0.0204786	0.311436	-0.000111267	-0.0015406	-0.0011068
0.551625	-0.0204745	0.311436	-3.63813e-05	-6.33375e-05	-0.000693722
0.551626	-0.0204799	0.311437	0.000211278	-0.00161786	-0.000140542
0.551624	-0.0204766	0.311436	-0.000313035	0.000463531	-0.000269436
0.551626	-0.0204775	0.311437	1.8218e-05	-0.000236801	-0.00035844
0.551625	-0.0204742	0.31144	-0.0012163	0.000831858	1.84768e-05
0.551626	-0.020473	0.311439	-0.000308771	0.000499352	-0.000256268
0.551625	-0.0204764	0.311438	-0.000616326	-0.000159991	-0.000660229
0.551626	-0.0204772	0.311442	-6.21969e-05	-0.000147647	0.000958109
0.551626	-0.0204731	0.311439	-0.000104446	0.00092505	-0.000359203
0.551625	-0.0204724	0.311439	-0.000415135	0.00113935	-0.000221506
0.551625	-0.0204715	0.311439	-0.000254915	0.000763581	-0.000613271
0.551625	-0.0204739	0.311441	-0.000226117	-1.72695e-05	0.00052615
0.551628	-0.0204745	0.311445	0.00173697	-6.5195e-05	0.00282475
0.551626	-0.0204684	0.31144	0.000677346	0.00201208	0.000224156
0.551625	-0.0204713	0.311441	0.000222809	0.000391941	0.00031495
0.551625	-0.0204699	0.311441	0.000208018	0.000716407	0.000262197
0.551626	-0.0204717	0.311443	0.000447486	-0.000510687	0.00103435
0.551625	-0.0204693	0.31144	-0.000278972	0.000730977	-0.000553527
0.551625	-0.0204695	0.311435	-0.000165932	0.000506211	-0.00182083
0.551627	-0.0204685	0.311439	0.000808787	0.000711482	-1.68125e-06
0.551626	-0.0204671	0.311442	0.000250898	0.000544346	0.00103062
0.551627	-0.0204663	0.31144	0.000264512	0.00088701	0.000288115
0.551628	-0.0204641	0.311443	0.000751278	0.00103986	0.00142184
0.551627	-0.0204636	0.311441	-8.68975e-05	0.000744342	0.000174685
0.551628	-0.0204619	0.311447	5.33711e-05	0.00145205	0.00118184
0.551627	-0.0204639	0.311444	-0.000314473	2.82787e-05	-0.000134118
0.551625	-0.0204678	0.311444	-0.000523184	-0.000975066	4.45007e-06
0.551627	-0.0204607	0.311445	0.00033918	0.00179837	0.000835649
0.551626	-0.0204623	0.311445	-0.000131434	0.000706006	0.000567844
0.551628	-0.0204594	0.311446	0.000535672	0.00144463	0.000249636
0.551627	-0.0204593	0.311447	9.8401e-05	0.000981617	0.000728022
0.551628	-0.0204593	0.311442	0.000286065	0.000647447	-0.00109383
0.551626	-0.0204596	0.311442	-0.000381901	-3.00019e-05	-0.000525181
0.551627	-0.0204574	0.311446	8.81986e-05	0.000963674	0.000982667
0.551624	-0.020459	0.311441	-0.000836568	0.000209851	-0.000935322
0.551625	-0.0204565	0.311448	-0.000215301	0.000613299	0.00118993
0.551625	-0.0204588	0.311444	-0.00020114	-9.00985e-05	-0.000206186
0.551626	-0.0204548	0.311443	0.000191921	0.00094616	-0.000674286
0.551627	-0.0204573	0.311446	0.00011706	0.000108235	0.000475823
0.551625	-0.0204575	0.311444	-8.77106e-05	6.98333e-05	0.00329025
0.551624	-0.0204575	0.311445	-0.000294787	5.54865e-05	0.00262986
0.551625	-0.0204522	0.311444	0.000126715	0.0010424	0.00187193
0.551625	-0.0204498	0.311446	-0.00041191	0.00124835	0.00163759
0.551626	-0.0204508	0.31145	6.53137e-05	0.0007858	0.00261747
0.551626	-0.0204539	0.31145	0.000305194	-1.06763e-05	0.00174161
0.551626	-0.0204516	0.311449	-7.16101e-05	0.000539113	0.000820545
0.551626	-0.020456	0.31145	0.000427004	-0.00122172	0.00128455
0.551625	-0.0204512	0.311449	0.000498134	0.000813591	0.0011298
0.551624	-0.02045	0.311453	0.000506909	0.000523618	0.00239683
0.551626	-0.0204555	0.311451	0.00084433	-0.00121084	0.000883786
0.551625	-0.0204573	0.311452	0.000581225	-0.00132527	0.00110107
0.551623	-0.0204538	0.311449	-0.000387643	0.000722001	0.000147855
0.551625	-0.0204532	0.311454	0.000111571	0.000453662	0.0010231
0.551624	-0.0204575	0.311454	3.72042e-05	-0.00122499	0.000705222
0.551624	-0.0204562	0.311454	-0.000297263	-0.000804135	0.000566453
0.551624	-0.0204542	0.311449	6.88401e-05	-2.868e-05	-0.000757967
0.551625	-0.0204557	0.311453	0.00036989	-0.00056382	0.000892346
0.551623	-0.0204536	0.311451	-0.000267548	0.00068936	-0.000109307
0.551624	-0.0204559	0.311451	9.25514e-05	-0.00057555	-0.000192344
0.551622	-0.0204567	0.311449	-0.00055544	-0.000330759	-0.000925098
0.551622	-0.0204559	0.311452	-0.000299625	-0.000236521	0.000429088
0.551622	-0.0204585	0.311454	-0.000276668	-0.0011269	0.000700636
0.551623	-0.0204571	0.311453	0.000143594	-0.000313517	0.000401752
0.551624	-0.0204568	0.311455	0.000411842	0.000274704	0.00065756
0.551624	-0.0204545	0.311456	4.82715e-05	0.000701536	0.000631798
0.551622	-0.0204571	0.311454	-0.000331684	-0.000513955	-4.7532e-05
0.551621	-0.0204614	0.311453	-0.000542616	-0.00180058	-0.000397695
0.551623	-0.0204642	0.311457	0.000201266	-0.00176588	0.000972939
0.551622	-0.0204634	0.311454	-0.000152679	-0.00114441	-0.000233824
0.551622	-0.020463	0.311457	-7.33311e-05	-0.000326452	0.000855662
0.551622	-0.0204677	0.311457	-0.000136742	-0.00169412	0.000526227
0.551622	-0.0204651	0.31146	2.55752e-05	-0.000620234	0.0013519
0.551623	-0.020466	0.31146	0.00023474	-0.000438647	0.000788492
0.551623	-0.0204723	0.31146	-0.000217118	-0.00230519	8.06471e-05
0.551623	-0.0204693	0.311463	0.00030636	-0.000101296	0.00151703
0.551624	-0.0204715	0.311461	0.000398282	-0.00105869	0.000409052
0.551623	-0.0204742	0.31146	-6.91427e-05	-0.0016919	-0.000134697
0.551624	-0.0204746	0.311464	0.000572337	-0.00169055	0.00114207
0.551623	-0.0204722	0.311463	-0.0021692	0.000105857	-0.0021251
0.551625	-0.0204726	0.311467	-0.00100364	3.56856e-05	-0.000379805
0.551625	-0.0204768	0.311466	-0.000850007	-0.000936907	-0.000899491
0.551623	-0.0204863	0.311467	-0.00103552	-0.00365517	-0.000207164
0.551624	-0.020482	0.311469	-0.000435754	-0.00093214	0.000170841
0.551627	-0.0204868	0.311471	0.000218689	-0.00219467	0.000807251
0.551628	-0.0204869	0.311475	0.000379466	-0.00149732	0.00182221
0.551626	-0.0204852	0.311469	-0.0010438	-0.000470675	-0.00148071
0.551626	-0.0204913	0.311473	-0.000837317	-0.00236418	-0.000122803
0.551627	-0.0204915	0.311477	-0.000333022	-0.00161603	0.0012058
0.551628	-0.0204915	0.311478	-0.000247655	-0.00107161	0.0007763
0.551629	-0.0204962	0.311481	0.000410868	-0.00155264	0.00108161
0.551628	-0.020499	0.311482	0.000169983	-0.00154805	0.000665294
0.55163	-0.020501	0.311489	0.00046093	-0.00157581	0.00230333
0.55163	-0.0205027	0.311485	0.000235977	-0.00155467	0.000523065
0.55163	-0.0205041	0.311488	0.000145149	-0.00323635	0.000873264
0.551632	-0.0205085	0.311489	0.000575861	-0.00337513	0.00128122
0.551631	-0.0205062	0.311492	0.000164983	-0.00182951	0.00150288
0.551635	-0.0205101	0.311497	0.00226127	-0.00187593	0.00335402
0.551632	-0.0205106	0.311495	0.00104524	-0.00126618	0.00207213
0.551634	-0.0205125	0.311498	0.000949502	-0.00315779	0.00215931
0.551634	-0.0205153	0.311499	0.00062322	-0.00279496	0.0014476
0.551635	-0.0205158	0.3115	0.000800247	-0.00201326	0.00141025
0.551635	-0.0205198	0.311501	0.000601062	-0.00197089	0.00264927
0.551634	-0.0205179	0.311502	0.000400129	-0.00089147	0.00238792
0.551633	-0.0205216	0.311501	-3.33375e-05	-0.00112735	0.00128159
0.551634	-0.0205209	0.311502	0.00130155	-0.00028491	0.00220834
0.551634	-0.0205227	0.311503	0.000941253	-0.000735414	0.00162641
0.551635	-0.0205256	0.311508	0.00103012	-0.00106214	0.0030357
0.551636	-0.0205303	0.311506	0.000628374	-0.00173128	0.00103524
0.551636	-0.0205274	0.311509	0.000586864	0.000354604	0.00181183
0.551636	-0.0205338	0.311513	0.000429815	-0.00131165	0.00225553
0.551635	-0.0205343	0.311508	-0.000112607	-0.00256326	-0.000435024
0.551637	-0.0205377	0.311512	0.000508682	-0.0029355	0.00100525
0.551635	-0.020543	0.311513	-0.000305812	-0.00304682	0.000836484
0.551637	-0.0205409	0.311517	0.000451385	-0.0011446	0.00184473
0.551635	-0.0205468	0.311513	0.000572349	-0.00409833	0.00125755
0.551635	-0.0205482	0.311514	0.00041381	-0.00412114	0.000905404
0.551636	-0.0205488	0.311515	0.000704591	-0.00256523	0.00108459
0.551636	-0.0205584	0.31152	0.000471563	-0.00449354	0.00226227
0.551636	-0.0205616	0.311516	-3.95804e-05	-0.00360494	0.00012047
0.551637	-0.0205663	0.311518	0.000194356	-0.00516072	0.000501702
0.551634	-0.0205706	0.311513	-0.000573389	-0.00583498	-0.00143615
0.551634	-0.0205748	0.311515	-0.000194415	-0.00542347	-0.000759449
0.551635	-0.020579	0.311518	0.000358546	-0.00552519	0.00231528
0.551635	-0.0205842	0.311516	-0.000227392	-0.00687523	0.00045376
0.551634	-0.0205877	0.311514	-0.000939826	-0.00471592	-0.00113577
0.551636	-0.020597	0.311517	-0.000857255	-0.0062164	-0.000549363
0.55164	-0.0206047	0.31152	0.00021	-0.00744714	0.000992354
0.551639	-0.0206129	0.311519	-0.00165095	-0.00701727	-0.000823418
0.55164	-0.020618	0.311519	-0.000789162	-0.00881261	-0.00048441
0.551643	-0.0206333	0.31152	0.000366111	-0.0108604	-0.000132171
0.551647	-0.0206425	0.311524	0.00159894	-0.00939332	-0.00102621
0.551648	-0.0206474	0.311526	0.00194024	-0.00717242	0.000595773
0.551652	-0.0206539	0.311527	0.00216522	-0.00829111	0.00101422
0.551656	-0.02066	0.311527	0.00356845	-0.00735997	0.00156767
0.55166	-0.0206674	0.311532	0.00467789	-0.00884107	0.00405356
0.551663	-0.0206781	0.311532	0.00434819	-0.00964756	0.00315726
0.551671	-0.0206887	0.311542	0.00623819	-0.0102047	0.00650992
0.551674	-0.0206942	0.311548	0.00602286	-0.0088586	0.00719594
0.551679	-0.0207013	0.311549	0.00587302	-0.00846806	0.00562131
0.551687	-0.0207102	0.311561	0.00625174	-0.00861155	0.00684381
0.551694	-0.0207176	0.311568	0.00581619	-0.00868075	0.00624871
0.5517	-0.0207327	0.311571	0.00669572	-0.0102318	0.00674734
0.551705	-0.0207376	0.311579	0.00591195	-0.00850215	0.00656501
0.551714	-0.0207503	0.311587	0.00746212	-0.00964073	0.00778889
0.551722	-0.0207589	0.311592	0.00794951	-0.00880576	0.0073637
0.551732	-0.0207689	0.311605	0.00797325	-0.00821202	0.0085836
0.551741	-0.0207735	0.311612	0.00727697	-0.0079522	0.00709665
0.551749	-0.0207912	0.311622	0.00813519	-0.0120959	0.00866928
0.551759	-0.0208008	0.311629	0.00851241	-0.0111377	0.00812735
0.55177	-0.0208118	0.311642	0.00844428	-0.0115988	0.0085851
0.551778	-0.0208222	0.311651	0.00834215	-0.0119314	0.00918987
0.55179	-0.0208324	0.311659	0.00978379	-0.0135336	0.00906507
0.551802	-0.0208428	0.311673	0.0102363	-0.0126732	0.0103164
0.551814	-0.0208538	0.31168	0.00925481	-0.0124499	0.00813915
0.551828	-0.0208736	0.311698	0.0116791	-0.0167326	0.0123962
0.551839	-0.0208832	0.311705	0.0104506	-0.0165946	0.0096218
0.55185	-0.0208946	0.311713	0.0102034	-0.0130245	0.00857738
0.551865	-0.0209075	0.311724	0.010975	-0.0144921	0.00874197
0.551879	-0.020922	0.31174	0.0113588	-0.0165988	0.0105726
0.551893	-0.0209351	0.311755	0.0123395	-0.0153261	0.0119132
0.551909	-0.0209529	0.311772	0.0124633	-0.0147168	0.0127823
0.551924	-0.0209661	0.311782	0.0133864	-0.0138527	0.0119854
0.551938	-0.0209788	0.311797	0.0138289	-0.0132485	0.0130424
0.551954	-0.0209955	0.31181	0.0137455	-0.0138054	0.0123043
0.55197	-0.0210097	0.311824	0.0136434	-0.0153976	0.0121966
0.551987	-0.0210238	0.311842	0.0146973	-0.0150199	0.0145144
0.552003	-0.0210405	0.31186	0.0148076	-0.016873	0.0150972
0.55202	-0.0210547	0.311876	0.0155006	-0.016058	0.0160128
0.552038	-0.0210692	0.311895	0.0160306	-0.0160785	0.0163164
0.552054	-0.0210853	0.311906	0.0162287	-0.0154241	0.0142846
0.552073	-0.0211038	0.311923	0.0162756	-0.0154929	0.0144789
0.552088	-0.0211255	0.311939	0.0150791	-0.0168385	0.0144884
0.552109	-0.0211381	0.311958	0.0169044	-0.0143615	0.0155838
0.552127	-0.0211574	0.311977	0.0161143	-0.0176174	0.0155073
0.552146	-0.0211723	0.311994	0.0174695	-0.0173149	0.0157257
0.552166	-0.0211955	0.312012	0.0177422	-0.0179283	0.0159147
0.552188	-0.0212143	0.312036	0.0186209	-0.0167139	0.0214498
0.552208	-0.0212328	0.312056	0.0188214	-0.0169939	0.0201992
0.55223	-0.0212535	0.312077	0.0210725	-0.016549	0.0217372
0.55225	-0.0212706	0.312099	0.0202572	-0.0163736	0.0209669
0.552273	-0.0212896	0.31212	0.0209608	-0.0133953	0.0212243
0.552295	-0.021312	0.312144	0.0211531	-0.0176864	0.021704
0.552314	-0.0213261	0.31216	0.0200898	-0.0148849	0.0189374
0.552337	-0.0213462	0.312187	0.0207812	-0.0145685	0.0206928
0.552359	-0.0213695	0.312205	0.0215341	-0.0170738	0.0204963
0.552382	-0.0213885	0.312229	0.0227459	-0.0173919	0.0221332
0.552404	-0.0214092	0.312252	0.0221152	-0.0185939	0.0217784
0.552427	-0.0214323	0.312273	0.0228989	-0.0199507	0.0215712
0.552454	-0.0214555	0.312303	0.0239297	-0.0187508	0.0234524
0.552478	-0.0214728	0.312326	0.0237755	-0.0156692	0.0229044
0.552501	-0.0214959	0.312347	0.0252088	-0.0167708	0.0234458
0.552526	-0.0215212	0.312376	0.0249988	-0.019926	0.0255578
0.552551	-0.0215466	0.312397	0.0259489	-0.0204718	0.0265096
0.552575	-0.0215689	0.312427	0.0273245	-0.0215778	0.0295364
0.552601	-0.0215988	0.312452	0.0267914	-0.0244006	0.029058
0.552628	-0.0216243	0.31248	0.026322	-0.0264949	0.0277868
0.552653	-0.0216425	0.312506	0.0268365	-0.019295	0.0293079
0.55268	-0.0216724	0.312535	0.0265232	-0.0245816	0.0277451
0.55276	-0.0217533	0.312617	0.0260426	-0.0247816	0.0276751
0.552786	-0.0217819	0.312643	0.0272246	-0.0236314	0.0270081
0.552814	-0.0218066	0.312673	0.027573	-0.0251545	0.0287244
0.552843	-0.021834	0.312707	0.0280267	-0.0249995	0.0299814
0.552868	-0.0218677	0.312735	0.0274226	-0.0275388	0.0294531
0.552897	-0.021896	0.312768	0.0276157	-0.0297399	0.0302144
0.552924	-0.0219283	0.312796	0.0268893	-0.0311261	0.0289929
0.552952	-0.0219578	0.31283	0.0270059	-0.0296148	0.0304852
0.552981	-0.0219874	0.312858	0.0277941	-0.0285692	0.0301857
0.553009	-0.022018	0.312891	0.0294051	-0.0293715	0.0312579
0.553036	-0.0220532	0.312918	0.0275675	-0.0310796	0.0289632
0.553066	-0.0220849	0.312952	0.0273371	-0.0313694	0.0285238
0.553095	-0.0221208	0.31299	0.0287949	-0.0307384	0.0326306
0.553122	-0.0221548	0.313018	0.0268949	-0.030833	0.0296183
0.55315	-0.0221883	0.313051	0.0278412	-0.0329701	0.0312685
0.553176	-0.0222229	0.313081	0.0264301	-0.0332238	0.0293617
0.553207	-0.0222619	0.313117	0.0270754	-0.0357719	0.0303033
0.553236	-0.0223016	0.313149	0.0278567	-0.0364692	0.0307109
0.553263	-0.0223361	0.313179	0.0270448	-0.0330122	0.0298119
0.553291	-0.0223761	0.313215	0.0279172	-0.03605	0.0319547
0.55332	-0.0224142	0.313251	0.0274465	-0.037656	0.0319113
0.553346	-0.0224485	0.31328	0.0268568	-0.0390587	0.032084
0.553374	-0.0224898	0.313319	0.0279968	-0.0372184	0.0344206
0.553402	-0.022528	0.31335	0.027054	-0.0362277	0.032444
0.55343	-0.0225675	0.313384	0.0267126	-0.0356156	0.0331247
0.553458	-0.0226025	0.31342	0.0259766	-0.0349009	0.0322371
0.553487	-0.0226488	0.313454	0.0261104	-0.0384394	0.0301938
0.553514	-0.0226874	0.313487	0.0271541	-0.0385062	0.0313933
0.553544	-0.0227287	0.313523	0.026725	-0.0373674	0.0315344
0.553572	-0.0227735	0.313559	0.0271663	-0.041204	0.0323323
0.553599	-0.0228148	0.313591	0.0266456	-0.0423693	0.0334812
0.553625	-0.0228596	0.313625	0.0262167	-0.0440711	0.0343868
0.553657	-0.022905	0.313663	0.027815	-0.0439123	0.0367676
0.553681	-0.0229479	0.313697	0.0267098	-0.0442864	0.0360941
0.553712	-0.0229934	0.313734	0.028384	-0.0418817	0.0380539
0.553739	-0.023043	0.313768	0.0284067	-0.045977	0.0387867
0.553767	-0.0230904	0.313801	0.0284967	-0.0455366	0.0366153
0.553795	-0.0231406	0.313836	0.028174	-0.0482701	0.0357471
0.553822	-0.0231834	0.313874	0.0278876	-0.0461322	0.0369025
0.553849	-0.0232296	0.313906	0.028419	-0.0480157	0.0368411
0.553874	-0.0232872	0.313941	0.0279547	-0.0527376	0.0368054
0.553904	-0.0233303	0.313979	0.0284803	-0.052889	0.0364432
0.553929	-0.0233832	0.314013	0.0274217	-0.0544614	0.0367979
0.553956	-0.0234371	0.314053	0.0277092	-0.0543535	0.0393917
0.553984	-0.0234858	0.314086	0.0280086	-0.0520895	0.0381917
0.554011	-0.0235346	0.314122	0.0282243	-0.0518601	0.0390508
0.55404	-0.0235884	0.314162	0.028687	-0.0531685	0.0405956
0.554069	-0.0236409	0.314198	0.0280546	-0.0517866	0.0392378
0.554096	-0.023694	0.314236	0.0282593	-0.0517883	0.0385908
0.554124	-0.0237474	0.314272	0.028003	-0.0541854	0.0368108
0.554151	-0.0238009	0.31431	0.0276161	-0.0573457	0.0361835
0.554178	-0.0238595	0.314352	0.0267893	-0.0577685	0.0374842
0.554207	-0.0239159	0.314388	0.0269177	-0.0574127	0.0380871
0.554234	-0.0239726	0.314425	0.027502	-0.0581562	0.0374342
0.554263	-0.0240285	0.314461	0.0268785	-0.0567083	0.0346335
0.554294	-0.0240839	0.314507	0.0271724	-0.0563813	0.0355064
0.554321	-0.0241423	0.314547	0.0275695	-0.0548332	0.0372527
0.55435	-0.0241981	0.314586	0.0281953	-0.0542567	0.038435
0.554378	-0.0242572	0.314621	0.027804	-0.0565219	0.0369946
0.554408	-0.0243146	0.314661	0.0282312	-0.0573067	0.0373327
0.554436	-0.0243724	0.314704	0.0267472	-0.0594133	0.0363083
0.554464	-0.0244313	0.314741	0.02689	-0.0607461	0.0370782
0.554493	-0.0244946	0.314779	0.0269273	-0.062615	0.035068
0.554523	-0.0245492	0.314826	0.0290904	-0.0571513	0.0401105
0.55455	-0.0246115	0.314866	0.0274164	-0.0588065	0.0388825
0.55458	-0.0246713	0.314907	0.0278899	-0.0609373	0.0395434
0.554606	-0.0247332	0.314943	0.0277594	-0.0603106	0.0390369
0.554635	-0.0248009	0.314981	0.0275967	-0.0654054	0.0384992
0.554662	-0.0248655	0.315024	0.0273815	-0.0644617	0.0396341
0.554691	-0.0249267	0.315067	0.0286836	-0.0617076	0.0406098
0.554717	-0.0249847	0.315104	0.0273931	-0.0562521	0.0385399
0.554746	-0.0250533	0.315147	0.0269009	-0.0601511	0.0384566
0.554775	-0.0251155	0.315185	0.0280882	-0.0601106	0.038775
0.554803	-0.0251804	0.31523	0.0282815	-0.0612496	0.0421143
0.554828	-0.025246	0.315268	0.0268448	-0.0613676	0.0401596
0.554856	-0.0253139	0.315308	0.0274149	-0.0637333	0.0386177
0.554883	-0.0253795	0.315353	0.0276446	-0.0651569	0.0411425
0.55491	-0.0254414	0.31539	0.0282852	-0.0663452	0.0420399
0.554937	-0.0255065	0.315429	0.0282868	-0.0678276	0.0415706
0.554962	-0.0255741	0.315472	0.0269392	-0.0688215	0.0415766
0.554988	-0.0256434	0.315512	0.0260988	-0.0698399	0.0398507
0.555014	-0.0257119	0.315552	0.0256666	-0.0702168	0.0408758
0.55504	-0.0257761	0.315591	0.0247879	-0.071016	0.0395621
0.555064	-0.0258486	0.31563	0.0249735	-0.070796	0.0412186
0.555112	-0.0259787	0.315706	0.0246602	-0.0654937	0.0381921
0.555138	-0.026051	0.315753	0.0253393	-0.0694604	0.042781
0.555158	-0.0261196	0.315786	0.0228749	-0.070571	0.0385468
0.555181	-0.0261874	0.315822	0.0226201	-0.0732778	0.0389832
0.555202	-0.0262588	0.31586	0.0218166	-0.0735885	0.0380731
0.555223	-0.0263318	0.315898	0.0216712	-0.073912	0.0376174
0.555245	-0.0264018	0.315934	0.021375	-0.0743437	0.0382559
0.555267	-0.0264724	0.315978	0.0206452	-0.0730725	0.0384469
0.555287	-0.0265458	0.31601	0.0190599	-0.0725133	0.0342597
0.555307	-0.0266185	0.316049	0.0178726	-0.07225	0.0338546
0.555327	-0.0266894	0.316083	0.0188247	-0.0733716	0.0332133
0.555345	-0.0267626	0.316121	0.0191146	-0.0736644	0.0347652
0.555364	-0.0268396	0.316159	0.0186278	-0.0754858	0.0369153
0.555383	-0.0269124	0.316193	0.01829	-0.0752072	0.0346
0.555401	-0.026991	0.31623	0.0196862	-0.0767695	0.0368559
0.555419	-0.027062	0.316269	0.0194151	-0.0779011	0.0390722
0.555437	-0.0271328	0.316301	0.0193948	-0.072963	0.0365742
0.555452	-0.0272089	0.31634	0.0186704	-0.0744573	0.0386606
0.555469	-0.0272832	0.316372	0.0179242	-0.0755016	0.03712
0.555485	-0.0273596	0.316407	0.0177964	-0.0758165	0.0376314
0.555501	-0.0274386	0.316446	0.0182657	-0.0785069	0.0409167
0.555514	-0.0275159	0.316477	0.0161297	-0.0772307	0.0372269
0.555531	-0.0275946	0.316519	0.0168672	-0.0772444	0.0395938
0.555544	-0.0276734	0.31655	0.0158256	-0.0779325	0.03758
0.555558	-0.0277562	0.316587	0.0153072	-0.0785729	0.0378689
0.55557	-0.0278301	0.316623	0.0137075	-0.0773124	0.0369681
0.555583	-0.0279069	0.316655	0.0130003	-0.0749669	0.0370015
0.555596	-0.0279905	0.316688	0.0130877	-0.0763452	0.0347981
0.555608	-0.0280757	0.31672	0.0132694	-0.0769048	0.0332141
0.555619	-0.0281604	0.316756	0.0129646	-0.078088	0.0344226
0.555632	-0.0282372	0.31679	0.0123651	-0.0792742	0.0326802
0.555641	-0.028319	0.31682	0.0106517	-0.0785569	0.0318145
0.555653	-0.0284046	0.316857	0.0111975	-0.0803719	0.0349878
0.555663	-0.0284872	0.316887	0.0112015	-0.0823558	0.0323916
0.555672	-0.0285718	0.316919	0.010735	-0.0839902	0.0326727
0.555681	-0.0286582	0.316957	0.0097827	-0.0862814	0.0318733
0.55569	-0.0287437	0.316984	0.00966196	-0.0845299	0.0301624
0.555698	-0.0288325	0.317017	0.00996448	-0.087965	0.03084
0.555706	-0.0289188	0.317054	0.00964406	-0.088441	0.0330613
0.555711	-0.0290054	0.317077	0.00792324	-0.0897722	0.0296602
0.555717	-0.0290985	0.31711	0.00663368	-0.090986	0.0299077
0.555724	-0.0291863	0.317141	0.00758004	-0.0898335	0.0295659
0.55573	-0.0292765	0.317172	0.00863934	-0.0909902	0.0322299
0.555732	-0.0293751	0.317199	0.00694363	-0.093914	0.0296124
0.555737	-0.0294622	0.317221	0.00594511	-0.0920154	0.0247416
0.555742	-0.029552	0.317261	0.00513632	-0.09177	0.0283536
0.555745	-0.0296407	0.317284	0.00476407	-0.0894863	0.0283996
0.555748	-0.0297331	0.317313	0.00417533	-0.0889953	0.0285581
0.555751	-0.029825	0.317341	0.00403921	-0.0917895	0.0286546
0.555754	-0.0299171	0.317369	0.00325584	-0.0895153	0.0277204
0.555755	-0.0300108	0.317394	0.00125359	-0.0901748	0.0272113
0.555757	-0.0301008	0.317422	0.000591122	-0.0907342	0.0267695
0.555757	-0.0301957	0.317446	3.89634e-06	-0.0911605	0.0259157
0.555759	-0.0302888	0.317474	-5.61763e-05	-0.0954067	0.0249273
0.555757	-0.0303888	0.317493	-0.000813252	-0.098069	0.0217568
0.555757	-0.0304843	0.317518	-0.000457425	-0.0943391	0.0230145
0.555755	-0.0305768	0.317542	-0.000462875	-0.0950913	0.0252815
0.555752	-0.0306738	0.317565	-0.000156197	-0.0970623	0.0263206
0.555752	-0.0307666	0.317592	-0.00177476	-0.0972558	0.0264309
0.55575	-0.0308604	0.317609	-0.00198852	-0.0989124	0.0241667
0.555748	-0.0309598	0.317634	-0.00140581	-0.0973427	0.0253411
0.555746	-0.0310596	0.317656	-0.0015641	-0.0967033	0.0249959
0.555742	-0.0311562	0.31768	-0.00189946	-0.0958942	0.0252926
0.55574	-0.0312561	0.317702	-0.00237633	-0.0980868	0.023935
0.555737	-0.0313557	0.317723	-0.00213481	-0.0964084	0.0238924
0.555736	-0.031453	0.317744	-0.00256613	-0.0963681	0.0228046
0.555734	-0.0315567	0.317766	-0.0021485	-0.0988363	0.0235793
0.555729	-0.0316608	0.317783	-0.00370562	-0.10064	0.019573
0.555725	-0.0317643	0.317807	-0.00454205	-0.10209	0.0201686
0.555722	-0.0318613	0.317824	-0.00457861	-0.0994964	0.0191878
0.555719	-0.0319636	0.317848	-0.00369924	-0.100352	0.0218312
0.555714	-0.0320751	0.317868	-0.00428624	-0.103065	0.0212435
0.555711	-0.0321754	0.317885	-0.0034459	-0.102537	0.0198275
0.555709	-0.0322799	0.317906	-0.00343257	-0.103082	0.0190038
0.555704	-0.0323811	0.317927	-0.00356212	-0.102536	0.0195277
0.5557	-0.0324927	0.317948	-0.00296663	-0.107007	0.0212429
0.555697	-0.0326002	0.317972	-0.00222521	-0.104511	0.0240521
0.555691	-0.0327093	0.317984	-0.00355407	-0.105573	0.0209407
0.555686	-0.0328169	0.318003	-0.00433708	-0.105625	0.0189452
0.555682	-0.0329194	0.318023	-0.00491319	-0.108301	0.0179349
0.555677	-0.0330248	0.318037	-0.00537959	-0.106625	0.0171086
0.555673	-0.033134	0.318059	-0.00554423	-0.107685	0.0172315
0.555667	-0.0332399	0.318071	-0.00475809	-0.10835	0.0176872
0.555662	-0.033355	0.318092	-0.00419607	-0.108969	0.0205367
0.555655	-0.0334637	0.31811	-0.00515969	-0.108137	0.0200295
0.55565	-0.0335701	0.318125	-0.00428025	-0.106673	0.0204739
0.555646	-0.0336855	0.318145	-0.00418208	-0.108644	0.0212745
0.555638	-0.033795	0.318159	-0.00537007	-0.109447	0.0196626
0.555633	-0.0339004	0.318178	-0.00579521	-0.106704	0.0215791
0.555626	-0.0340135	0.318193	-0.00515148	-0.109337	0.0218128
0.555622	-0.0341219	0.31821	-0.00503956	-0.108451	0.0213256
0.555617	-0.0342318	0.318227	-0.00501038	-0.107486	0.0197797
0.555609	-0.0343446	0.318244	-0.00603087	-0.108542	0.018314
0.555603	-0.0344611	0.31826	-0.00588085	-0.109319	0.0168774
0.555596	-0.0345763	0.318279	-0.00652223	-0.112222	0.016535
0.555589	-0.0346876	0.318291	-0.00659431	-0.112518	0.0147585
0.555583	-0.0347991	0.318306	-0.00649703	-0.111247	0.0149643
0.555579	-0.0349151	0.318324	-0.00614585	-0.110998	0.0157833
0.555574	-0.0350226	0.31834	-0.00578344	-0.110523	0.0153494
0.555565	-0.035146	0.318355	-0.00697064	-0.115149	0.0143543
0.555559	-0.0352548	0.318368	-0.00674771	-0.111073	0.0136612
0.555552	-0.0353705	0.318376	-0.00706778	-0.111111	0.0117502
0.555546	-0.0354821	0.318395	-0.00687846	-0.110063	0.0137674
0.555539	-0.0355972	0.318404	-0.00717998	-0.114041	0.0104501
0.555533	-0.0357168	0.318426	-0.00592578	-0.116217	0.0154233
0.555526	-0.0358287	0.318434	-0.00642426	-0.11373	0.0133793
0.55552	-0.0359362	0.318446	-0.00549116	-0.110412	0.0141463
0.555513	-0.0360519	0.31846	-0.00591501	-0.11186	0.0133241
0.555503	-0.0361709	0.318466	-0.00725194	-0.113496	0.011024
0.555498	-0.0362906	0.318485	-0.00630713	-0.114272	0.0143836
0.555489	-0.0364013	0.318492	-0.00707669	-0.112304	0.0105145
0.555484	-0.0365188	0.318505	-0.00671968	-0.112181	0.0117014
0.555476	-0.0366434	0.318517	-0.0069974	-0.113926	0.0109056
0.555467	-0.036757	0.318524	-0.00757946	-0.112538	0.00971514
0.555463	-0.0368723	0.318543	-0.00673283	-0.115084	0.0117144
0.555456	-0.0369909	0.318552	-0.00730943	-0.119335	0.00976085
0.555449	-0.0371051	0.318562	-0.00694838	-0.116112	0.0100055
0.55544	-0.03723	0.318573	-0.00799612	-0.117285	0.00929346
0.555432	-0.0373505	0.318581	-0.00796265	-0.11754	0.00974633
0.555423	-0.0374712	0.318591	-0.00871997	-0.117906	0.0081652
0.555416	-0.0375939	0.318604	-0.00819392	-0.118733	0.0103843
0.555409	-0.037716	0.318613	-0.00801326	-0.120612	0.0108764
0.555401	-0.0378344	0.318624	-0.00811934	-0.118028	0.00949216
0.555393	-0.0379552	0.318634	-0.00831055	-0.12096	0.00876985
0.555385	-0.0380801	0.318642	-0.00833621	-0.12184	0.00941803
0.555376	-0.0382017	0.318654	-0.00844189	-0.120205	0.00947469
0.555369	-0.0383209	0.318663	-0.00673323	-0.119133	0.012059
0.55536	-0.0384498	0.318668	-0.00719912	-0.119808	0.00920264
0.555352	-0.0385744	0.318682	-0.00820478	-0.121266	0.00991482
0.555342	-0.0386985	0.318688	-0.00878574	-0.121647	0.0095021
0.555335	-0.0388231	0.318698	-0.00791542	-0.122518	0.0110922
0.555325	-0.0389455	0.318705	-0.00839357	-0.122268	0.00960171
0.555317	-0.0390758	0.318716	-0.00878624	-0.123158	0.0105981
0.555309	-0.0392011	0.318727	-0.00845385	-0.122562	0.0116024
0.5553	-0.0393319	0.318738	-0.00865241	-0.124748	0.0108288
0.555292	-0.0394588	0.318748	-0.00824824	-0.12209	0.0101607
0.555282	-0.0395893	0.318752	-0.00942464	-0.12595	0.00900014
0.555273	-0.0397178	0.318762	-0.00803932	-0.123596	0.00995466
0.555264	-0.0398514	0.318771	-0.00840897	-0.126941	0.00925383
0.555257	-0.0399788	0.318786	-0.00821405	-0.12548	0.0121854
0.555248	-0.0401071	0.318793	-0.00743494	-0.124771	0.0109875
0.555237	-0.0402432	0.318796	-0.00848799	-0.12604	0.00987264
0.55523	-0.0403731	0.318807	-0.00830272	-0.129283	0.00777128
0.555221	-0.040506	0.318818	-0.00827417	-0.130494	0.00762407
0.555211	-0.0406399	0.318818	-0.00795929	-0.130984	0.00456826
0.555204	-0.0407623	0.318832	-0.00714496	-0.126906	0.00824482
0.555194	-0.0408981	0.318838	-0.00728139	-0.1318	0.00879834
0.555185	-0.0410248	0.318846	-0.00856075	-0.128672	0.00742764
0.555178	-0.0411607	0.318856	-0.00837491	-0.131861	0.00662669
0.55517	-0.0412916	0.31886	-0.00752326	-0.133019	0.00685874
0.555162	-0.0414279	0.31887	-0.00807722	-0.132482	0.00790773
0.555153	-0.0415611	0.318877	-0.00853112	-0.132086	0.00701224
0.555146	-0.041692	0.318883	-0.00897481	-0.133997	0.0064154
0.555137	-0.0418307	0.318892	-0.0084604	-0.136058	0.00660903
0.555129	-0.041963	0.318902	-0.00803625	-0.137877	0.00718199
0.555123	-0.0420949	0.318911	-0.00753934	-0.134737	0.0083695
0.555112	-0.0422322	0.318914	-0.00945649	-0.136977	0.00448356
0.555106	-0.0423703	0.318922	-0.00847835	-0.137319	0.00408093
0.555099	-0.0425061	0.318931	-0.00740888	-0.133526	0.00661873
0.55509	-0.0426441	0.318938	-0.00703905	-0.134711	0.00730529
0.555084	-0.0427826	0.31895	-0.00777922	-0.134771	0.00631715
0.555075	-0.042921	0.318955	-0.0076728	-0.134621	0.00685235
0.555067	-0.0430673	0.318961	-0.00833387	-0.13997	0.00533176
0.55506	-0.0432095	0.318969	-0.00761778	-0.140029	0.0054434
0.55505	-0.0433534	0.318974	-0.0090048	-0.142717	0.00546792
0.555045	-0.0434883	0.318984	-0.00772707	-0.140684	0.00686748
0.555039	-0.043625	0.318994	-0.00703357	-0.139568	0.00825232
0.555033	-0.0437648	0.319003	-0.0060091	-0.138904	0.00894338
0.555024	-0.0439075	0.319006	-0.007094	-0.137523	0.00624935
0.555019	-0.0440547	0.319015	-0.00735325	-0.142142	0.00627884
0.555012	-0.0441988	0.319025	-0.00675267	-0.140284	0.00738184
0.555006	-0.0443426	0.319032	-0.00689294	-0.137991	0.00678807
0.555001	-0.0444823	0.31904	-0.00644592	-0.135008	0.00747949
0.554994	-0.0446326	0.319047	-0.00657998	-0.140552	0.00796591
0.554987	-0.0447812	0.319056	-0.00740931	-0.1419	0.00729164
0.554982	-0.0449295	0.319061	-0.00764527	-0.143003	0.0056498
0.554977	-0.0450808	0.319071	-0.0079481	-0.146504	0.00599386
0.554971	-0.0452271	0.31908	-0.00695428	-0.145327	0.00710162
0.554967	-0.0453783	0.31909	-0.00601322	-0.145569	0.00825855
0.554959	-0.04553	0.319098	-0.00663934	-0.147654	0.00804074
0.554955	-0.0456846	0.319109	-0.00595221	-0.149654	0.00901907
0.554949	-0.0458342	0.319115	-0.00649665	-0.148517	0.00710715
0.554944	-0.0459893	0.319125	-0.00619948	-0.151563	0.00805205
0.554938	-0.0461422	0.319133	-0.00597277	-0.149707	0.00793605
0.554933	-0.046302	0.319142	-0.00528332	-0.150603	0.00873235
0.554928	-0.0464527	0.31915	-0.00543362	-0.150424	0.00889986
0.554923	-0.0466053	0.319159	-0.00623422	-0.1503	0.00758344
0.554919	-0.0467606	0.319171	-0.00429097	-0.150409	0.0105714
0.554914	-0.0469136	0.31918	-0.00448121	-0.148973	0.0083567
0.554908	-0.0470746	0.319191	-0.00487469	-0.151833	0.00930091
0.554901	-0.0472348	0.319199	-0.00557581	-0.155457	0.00869156
0.554898	-0.0473868	0.31921	-0.00549337	-0.151703	0.00864378
0.554891	-0.0475493	0.319219	-0.00596383	-0.154816	0.0087561
0.554888	-0.0477096	0.319231	-0.00594604	-0.158817	0.00904841
0.554884	-0.0478639	0.319242	-0.00481735	-0.157103	0.0108417
0.554878	-0.0480311	0.319252	-0.00462863	-0.162712	0.011539
0.554874	-0.0481914	0.319262	-0.00468377	-0.158406	0.0108493
0.554871	-0.0483517	0.319276	-0.00379415	-0.158361	0.0129736
0.554867	-0.0485123	0.319284	-0.00372544	-0.158364	0.0118322
0.554864	-0.0486745	0.3193	-0.00297152	-0.160141	0.014172
0.55486	-0.0488378	0.319308	-0.00342235	-0.1594	0.0106098
0.554858	-0.0489997	0.319323	-0.00262849	-0.159553	0.0128072
0.554854	-0.049169	0.31934	-0.00171579	-0.159752	0.0146551
0.554851	-0.0493252	0.319348	-0.00238077	-0.160823	0.0123985
0.554848	-0.0494882	0.319362	-0.00274238	-0.164515	0.0121792
0.554845	-0.0496517	0.319375	-0.00158908	-0.163059	0.0146662
0.554844	-0.0498102	0.319392	-0.0013162	-0.162639	0.0157129
0.554841	-0.0499864	0.319407	-0.00161178	-0.166899	0.0146622
0.55484	-0.0501458	0.319421	-0.00123364	-0.167562	0.0161816
0.554837	-0.0503079	0.319433	-0.00109652	-0.166052	0.016344
0.554834	-0.0504713	0.319449	-0.00197125	-0.165456	0.0150629
0.554834	-0.0506288	0.319463	-0.00174417	-0.16213	0.0130086
0.554833	-0.0507995	0.319477	-0.00108951	-0.162797	0.0151949
0.554831	-0.0509728	0.31949	-0.00176162	-0.163286	0.0147876
0.55483	-0.051133	0.319504	-0.00119977	-0.161544	0.0145876
0.554829	-0.0512957	0.319522	-0.000771589	-0.160449	0.0154404
0.55483	-0.0514613	0.319537	-0.000363615	-0.162964	0.016668
0.554829	-0.0516222	0.319551	-0.0017191	-0.162066	0.0135053
0.554831	-0.05179	0.319573	-0.000738049	-0.165105	0.0157092
0.554831	-0.0519551	0.319587	0.000185034	-0.162455	0.013905
0.554831	-0.0521246	0.319606	-0.000157018	-0.164926	0.0157029
0.554832	-0.0522795	0.319618	-0.00032307	-0.164337	0.013431
0.554836	-0.0524471	0.319642	0.00170385	-0.163475	0.0172049
0.554838	-0.0526115	0.319661	0.0022108	-0.165292	0.0163218
0.554835	-0.0527752	0.319669	0.000235854	-0.165148	0.0113214
0.554837	-0.0529455	0.319692	0.000371144	-0.165078	0.013966
0.554839	-0.0531084	0.319711	0.000456807	-0.164944	0.0160654
0.554841	-0.0532777	0.319732	0.000627437	-0.166213	0.0163057
0.554839	-0.053443	0.319746	0.000808152	-0.164218	0.0178971
0.554841	-0.053607	0.319765	0.00069032	-0.163541	0.0193271
0.554842	-0.0537802	0.319788	0.00171178	-0.161697	0.0227228
0.554843	-0.0539499	0.319801	0.00241959	-0.161685	0.0213465
0.554844	-0.054113	0.319822	0.00226403	-0.160906	0.0217933
0.554845	-0.0542825	0.319842	0.00240845	-0.165654	0.0215563
0.554848	-0.0544483	0.319864	0.00214614	-0.165767	0.0200326
0.554847	-0.0546163	0.319881	0.000846778	-0.166602	0.0201502
0.554847	-0.0547879	0.319899	0.00018249	-0.165624	0.0178039
0.554849	-0.054954	0.319919	0.0011823	-0.165034	0.018659
0.55485	-0.0551253	0.319938	0.00151278	-0.168272	0.0203795
0.554853	-0.0552938	0.319963	0.00202579	-0.168883	0.0217032
0.554854	-0.0554618	0.319984	0.0017534	-0.165172	0.0218405
0.554854	-0.0556342	0.320005	0.00167024	-0.165968	0.0230713
0.554857	-0.0557996	0.320023	0.00173126	-0.163419	0.0196833
0.554857	-0.0559712	0.320051	0.00209678	-0.162613	0.0234755
0.554858	-0.0561481	0.320068	0.00170357	-0.170764	0.0229536
0.55486	-0.0563126	0.32009	0.000824485	-0.166396	0.0203482
0.554861	-0.05649	0.320113	-5.23357e-05	-0.169111	0.0193814
0.554861	-0.05666	0.320131	0.000741458	-0.167364	0.0186434
0.554866	-0.0568272	0.320162	0.00306853	-0.166663	0.0230691
0.554867	-0.0570001	0.32018	0.00333187	-0.168921	0.0217076
0.55487	-0.057167	0.320207	0.00264438	-0.171458	0.0217047
0.554873	-0.0573362	0.320231	0.00313704	-0.170026	0.0225843
0.554875	-0.0575112	0.320251	0.00334784	-0.171541	0.0213523
0.55488	-0.0576841	0.32028	0.00362291	-0.170298	0.0223775
0.554881	-0.0578569	0.320303	0.00233144	-0.172244	0.0214381
0.554883	-0.0580313	0.320326	0.00188121	-0.173946	0.0205098
0.554885	-0.058207	0.32035	0.00166653	-0.174616	0.0221399
0.554887	-0.0583867	0.320374	0.00186496	-0.184036	0.0233416
0.554889	-0.0585559	0.320399	0.00180521	-0.177238	0.022608
0.554891	-0.0587367	0.320424	0.0024984	-0.177499	0.0254375
0.554894	-0.0589046	0.320446	0.00239518	-0.17373	0.0241786
0.554896	-0.059083	0.320474	0.00182052	-0.173867	0.026097
0.554898	-0.0592544	0.320498	0.00272197	-0.172878	0.0270968
0.554902	-0.0594369	0.320524	0.00332926	-0.174779	0.0276438
0.554903	-0.0596183	0.320553	0.00302813	-0.1778	0.0281633
0.554905	-0.0597925	0.320575	0.00299898	-0.177972	0.0276748
0.55491	-0.0599722	0.320603	0.00378792	-0.178935	0.0274674
0.55491	-0.0601566	0.320627	0.00259722	-0.179327	0.0253121
0.554912	-0.0603394	0.320655	0.00270158	-0.181381	0.0275606
0.554914	-0.0605199	0.320682	0.00305623	-0.178553	0.0289529
0.554917	-0.0607029	0.320704	0.00270875	-0.180999	0.0260757
0.55492	-0.060886	0.320735	0.00284514	-0.181336	0.0270077
0.554924	-0.0610729	0.320767	0.00398494	-0.181654	0.0289958
0.55493	-0.0612545	0.320795	0.00386795	-0.179534	0.0262977
0.554932	-0.0614467	0.320824	0.0026829	-0.18109	0.0274637
0.554937	-0.0616209	0.320851	0.00375	-0.181658	0.0289539
0.554942	-0.061807	0.320881	0.00394923	-0.18051	0.0284016
0.554944	-0.0619939	0.320905	0.00332097	-0.181562	0.0262533
0.554947	-0.0621822	0.320933	0.00364571	-0.183471	0.0252879
0.554952	-0.0623654	0.320965	0.00365012	-0.181299	0.0280717
0.554958	-0.0625486	0.320996	0.00499835	-0.181723	0.0295139
0.554961	-0.0627326	0.321021	0.00450434	-0.181431	0.0291582
0.554963	-0.0629203	0.321048	0.00402949	-0.182087	0.0305083
0.55497	-0.0631041	0.321077	0.00471267	-0.184384	0.0295247
0.554977	-0.0632956	0.321113	0.00535333	-0.184815	0.0318638
0.55498	-0.0634834	0.321141	0.00463703	-0.18477	0.0302879
0.554988	-0.0636698	0.321174	0.00545115	-0.183057	0.032413
0.554992	-0.0638537	0.3212	0.00463871	-0.182644	0.0284159
0.555	-0.0640405	0.321231	0.00491106	-0.188853	0.0289114
0.555008	-0.0642289	0.321265	0.0062539	-0.185717	0.0311294
0.555016	-0.0644123	0.3213	0.00653491	-0.182563	0.0321501
0.555023	-0.064598	0.321328	0.00588534	-0.183595	0.0314288
0.555031	-0.064788	0.321364	0.0065999	-0.186401	0.033804
0.555039	-0.0649825	0.321396	0.00632623	-0.188655	0.0329018
0.555047	-0.0651662	0.321427	0.00703583	-0.184912	0.0327002
0.555057	-0.0653488	0.321467	0.00702388	-0.180653	0.0338122
0.555064	-0.065532	0.321496	0.00608567	-0.181231	0.0299829
0.555074	-0.0657174	0.321539	0.00750894	-0.181523	0.034295
0.555081	-0.0659042	0.321567	0.00674471	-0.18162	0.0330596
0.55509	-0.0660953	0.321602	0.0072338	-0.183825	0.032202
0.555098	-0.066271	0.321635	0.00841542	-0.179696	0.0317918
0.555109	-0.0664525	0.321671	0.0101161	-0.180139	0.0348609
0.555119	-0.0666365	0.321708	0.00990326	-0.177634	0.0347069
0.555131	-0.0668185	0.32175	0.00984046	-0.18025	0.0350037
0.555139	-0.0670043	0.321783	0.00900116	-0.179915	0.0336713
0.555151	-0.0671833	0.32182	0.00987292	-0.17789	0.033562
0.555161	-0.0673661	0.321852	0.0105831	-0.182188	0.0345448
0.555172	-0.0675446	0.321888	0.0105413	-0.180932	0.0332013
0.555184	-0.0677329	0.32193	0.011773	-0.184264	0.0378204
0.555195	-0.0679157	0.321966	0.0116757	-0.183846	0.0377603
0.555211	-0.068095	0.32201	0.0133364	-0.178371	0.0387057
0.555235	-0.0684628	0.322088	0.0123359	-0.178684	0.0366226
0.555243	-0.0686496	0.322119	0.0114462	-0.181628	0.0343877
0.555254	-0.0688306	0.322156	0.0116424	-0.178461	0.0337463
0.555266	-0.0690134	0.322194	0.0113772	-0.176797	0.0337135
0.555278	-0.0691987	0.322235	0.0113708	-0.180318	0.0345232
0.555291	-0.0693816	0.322271	0.0113275	-0.180422	0.0334334
0.555303	-0.0695684	0.322316	0.0129312	-0.18248	0.0381661
0.555314	-0.0697547	0.322349	0.0121993	-0.182147	0.0368339
0.555327	-0.0699386	0.322389	0.0122788	-0.181024	0.0368417
0.555338	-0.0701239	0.322431	0.0122095	-0.182898	0.0399399
0.555352	-0.0703076	0.322467	0.0138803	-0.185835	0.0394054
0.555367	-0.0704977	0.322517	0.0139227	-0.187354	0.0438856
0.55538	-0.0706848	0.322554	0.0123734	-0.18575	0.0384391
0.555394	-0.0708665	0.322599	0.0124224	-0.184671	0.0406793
0.555408	-0.0710507	0.322637	0.0129493	-0.184263	0.0390273
0.55542	-0.0712389	0.322678	0.0132428	-0.185885	0.0388477
0.555435	-0.0714162	0.32272	0.0137631	-0.181254	0.0405454
0.555448	-0.0716053	0.322763	0.0127133	-0.184718	0.0412484
0.55546	-0.0717853	0.322802	0.0121838	-0.182066	0.0392096
0.555474	-0.0719662	0.322848	0.0124597	-0.180281	0.0414761
0.555487	-0.07215	0.322888	0.0136669	-0.180115	0.0413528
0.5555	-0.0723335	0.32293	0.0127424	-0.18403	0.0401016
0.555516	-0.0725209	0.322976	0.0140351	-0.18559	0.0417533
0.555532	-0.0727017	0.323024	0.0143104	-0.183241	0.0415562
0.555546	-0.0728807	0.323069	0.0142798	-0.178992	0.0431206
0.55556	-0.0730754	0.323111	0.0128648	-0.187144	0.0418328
0.555573	-0.0732565	0.323156	0.0123597	-0.182369	0.042724
0.555582	-0.0734506	0.323193	0.0117084	-0.187013	0.0420171
0.555594	-0.0736384	0.323233	0.0117145	-0.187657	0.0423558
0.555607	-0.0738187	0.323279	0.0121623	-0.184501	0.0437633
0.555621	-0.0740025	0.32332	0.013186	-0.183438	0.043679
0.555633	-0.0741884	0.323361	0.0121543	-0.182736	0.0430795
0.555644	-0.0743771	0.32341	0.0105022	-0.1862	0.0443811
0.555656	-0.0745661	0.32345	0.0114007	-0.186471	0.0439337
0.555671	-0.0747528	0.3235	0.0127654	-0.184757	0.0453064
0.555681	-0.0749447	0.32354	0.0121703	-0.186394	0.0425464
0.555695	-0.0751337	0.323586	0.0132692	-0.187538	0.0445542
0.555708	-0.0753282	0.323629	0.0135732	-0.189531	0.0434419
0.555722	-0.0755192	0.323676	0.0121243	-0.191101	0.0418984
0.555732	-0.0757026	0.323717	0.0107275	-0.186227	0.0387529
0.555742	-0.0758964	0.323759	0.0102279	-0.189364	0.0382501
0.555755	-0.0760852	0.323806	0.0110836	-0.189032	0.0413303
0.555765	-0.0762831	0.323851	0.0113769	-0.189841	0.0414857
0.555774	-0.0764712	0.323889	0.0118044	-0.188857	0.0398675
0.555785	-0.0766669	0.323937	0.0106455	-0.188099	0.0408174
0.555795	-0.0768596	0.323978	0.0109265	-0.187753	0.0414276
0.555804	-0.0770483	0.324021	0.0112043	-0.186967	0.0424889
0.555815	-0.0772401	0.324066	0.010669	-0.188387	0.0428639
0.555826	-0.0774331	0.324106	0.0110152	-0.187407	0.0399453
0.555837	-0.0776218	0.324151	0.0108658	-0.18817	0.0418099
0.555848	-0.0778144	0.3242	0.0109162	-0.18964	0.0439476
0.555859	-0.0780096	0.324245	0.0107031	-0.19228	0.0440458
0.55587	-0.0781997	0.32429	0.00973986	-0.1925	0.0429655
0.555879	-0.0783942	0.324331	0.0104256	-0.191253	0.0435402
0.555889	-0.0785792	0.324374	0.00934182	-0.190538	0.0414498
0.555899	-0.0787708	0.324419	0.0111897	-0.190208	0.0454585
0.555908	-0.0789532	0.324458	0.010958	-0.190446	0.0444789
0.555917	-0.0791505	0.3245	0.010628	-0.192189	0.044517
0.555925	-0.079342	0.324546	0.0102327	-0.189782	0.0437018
0.555937	-0.0795255	0.32459	0.0106761	-0.188278	0.0433124
0.555944	-0.0797203	0.324633	0.00923182	-0.189722	0.0426632
0.555954	-0.0799088	0.324677	0.00935146	-0.18913	0.0430871
0.555963	-0.080102	0.324724	0.00781008	-0.19212	0.0412691
0.555972	-0.0802945	0.324767	0.00691415	-0.191877	0.0398705
0.555984	-0.0804726	0.324811	0.00779432	-0.189493	0.0420441
0.555994	-0.0806649	0.324862	0.00817804	-0.191417	0.0447625
0.556003	-0.0808509	0.324903	0.00815729	-0.188255	0.0429173
0.556012	-0.0810374	0.324947	0.00742242	-0.188917	0.0437383
0.556021	-0.0812205	0.324992	0.00834558	-0.185843	0.0461318
0.55603	-0.0814013	0.325034	0.0085078	-0.183761	0.0446256
0.556039	-0.0815877	0.325081	0.00900443	-0.185294	0.0473006
0.556046	-0.0817759	0.325122	0.00922508	-0.183914	0.04779
0.556053	-0.0819602	0.325163	0.00893113	-0.185585	0.0445811
0.556064	-0.0821423	0.32521	0.00943898	-0.182401	0.043361
0.556075	-0.0823187	0.32525	0.00899349	-0.184691	0.0418836
0.556082	-0.082505	0.325296	0.00804057	-0.184652	0.0426388
0.556094	-0.0826873	0.325342	0.00941049	-0.184487	0.0440509
0.556104	-0.0828696	0.325387	0.00942462	-0.188292	0.0450785
0.556115	-0.0830523	0.325438	0.010513	-0.183139	0.0470986
0.556124	-0.0832381	0.325479	0.0100203	-0.183035	0.0445528
0.556131	-0.0834158	0.325521	0.0085865	-0.181821	0.0447804
0.556138	-0.0836033	0.325564	0.00833834	-0.183292	0.0469367
0.55615	-0.0837798	0.325609	0.00995485	-0.182006	0.0470712
0.556156	-0.0839682	0.325652	0.00933406	-0.182213	0.0459333
0.556165	-0.0841543	0.325694	0.00896006	-0.182245	0.0440236
0.556173	-0.0843339	0.325737	0.00838519	-0.182949	0.0418595
0.556184	-0.0845155	0.325787	0.00904107	-0.181004	0.0441043
0.556193	-0.0846946	0.325826	0.00848703	-0.184304	0.040829
0.556202	-0.0848831	0.325875	0.0082445	-0.184117	0.0426388
0.556213	-0.0850673	0.325918	0.0107589	-0.180301	0.0436238
0.556222	-0.0852453	0.325964	0.0102983	-0.179307	0.0442301
0.556231	-0.0854261	0.326007	0.00908559	-0.176048	0.0426005
0.556241	-0.0856095	0.326052	0.0101114	-0.177579	0.0436476
0.556249	-0.0857896	0.326101	0.00821301	-0.18087	0.0444754
0.556273	-0.0863371	0.326231	0.00785068	-0.181681	0.0428256
0.556279	-0.0865265	0.326271	0.00807175	-0.184356	0.0428881
0.556287	-0.0867063	0.326316	0.00769554	-0.184177	0.0435639
0.556294	-0.0868897	0.326364	0.00763578	-0.181761	0.043635
0.556305	-0.0870702	0.32641	0.00942992	-0.180882	0.0442326
0.556313	-0.0872501	0.326457	0.0100223	-0.181817	0.0483382
0.556323	-0.0874294	0.326504	0.00980303	-0.181035	0.0477627
0.556332	-0.0876108	0.326549	0.00925152	-0.181282	0.0463539
0.556342	-0.0877983	0.326601	0.00945217	-0.180736	0.0478369
0.556352	-0.0879767	0.326647	0.010022	-0.177916	0.0484216
0.556361	-0.0881572	0.326696	0.00912173	-0.179224	0.0482346
0.556365	-0.0883452	0.326737	0.00798566	-0.179792	0.0462784
0.556374	-0.0885244	0.326781	0.00871064	-0.177793	0.0455329
0.55638	-0.0887133	0.326827	0.00781842	-0.180782	0.0473532
0.556389	-0.0888986	0.326869	0.00838479	-0.180229	0.0439646
0.556399	-0.0890742	0.326919	0.00802826	-0.17757	0.0465183
0.556406	-0.0892554	0.326965	0.00792542	-0.17774	0.0468148
0.556414	-0.0894391	0.32701	0.00897261	-0.181706	0.0484867
0.556422	-0.0896252	0.327064	0.00905891	-0.181465	0.051792
0.556429	-0.0898162	0.327106	0.0094882	-0.183109	0.0495572
0.556439	-0.089996	0.327155	0.00983213	-0.182246	0.0497696
0.556447	-0.0901853	0.327207	0.00960063	-0.185748	0.0515472
0.556456	-0.0903693	0.327252	0.00890847	-0.185729	0.0497618
0.556461	-0.0905556	0.327295	0.0080221	-0.185898	0.0481714
0.556467	-0.0907432	0.327341	0.00698292	-0.184629	0.0471966
0.556473	-0.0909296	0.327388	0.00705579	-0.182897	0.0449717
0.556479	-0.0911205	0.327442	0.00813138	-0.185467	0.0507918
0.556486	-0.091308	0.327489	0.0074142	-0.183679	0.0498317
0.556493	-0.0914957	0.327533	0.00566851	-0.186069	0.0459879
0.556496	-0.091689	0.327578	0.00563215	-0.186517	0.0453738
0.556503	-0.0918762	0.327626	0.00551757	-0.186265	0.0449468
0.556509	-0.0920594	0.327673	0.0055835	-0.186154	0.0468585
0.556514	-0.0922507	0.327716	0.00519822	-0.185747	0.0450766
0.556522	-0.0924382	0.327767	0.00634625	-0.185125	0.0464812
0.556526	-0.0926322	0.327815	0.00602821	-0.184919	0.0487032
0.556532	-0.0928175	0.327866	0.0052187	-0.182646	0.0486845
0.556537	-0.0930019	0.327915	0.00563671	-0.183116	0.0492325
0.556542	-0.0931907	0.327958	0.0049742	-0.184924	0.0460361
0.556544	-0.0933807	0.328002	0.00415483	-0.184939	0.0448213
0.556547	-0.0935757	0.328057	0.00443767	-0.185852	0.0492444
0.55655	-0.0937646	0.3281	0.00392973	-0.186736	0.0482878
0.556557	-0.0939465	0.328148	0.00455313	-0.185705	0.0478398
0.556557	-0.0941417	0.328196	0.00391782	-0.187101	0.0491033
0.556561	-0.0943255	0.328244	0.00387921	-0.185735	0.0489121
0.556566	-0.0945159	0.32829	0.00448446	-0.185482	0.0485877
0.556569	-0.0946996	0.328334	0.00379911	-0.185494	0.0479987
0.556576	-0.0948835	0.328388	0.00521235	-0.185005	0.0509481
0.556579	-0.095076	0.328434	0.00480771	-0.186335	0.0489429
0.556586	-0.0952597	0.328484	0.00547213	-0.187236	0.0488411
0.556587	-0.0954546	0.328531	0.00336818	-0.190894	0.0485791
0.556589	-0.0956399	0.328574	0.00433486	-0.187953	0.047646
0.556592	-0.0958194	0.32862	0.00362825	-0.186175	0.0463498
0.556595	-0.0960053	0.328665	0.00510908	-0.184872	0.0487835
0.556597	-0.0961905	0.328711	0.00424084	-0.18614	0.0492444
0.5566	-0.0963749	0.328761	0.0030985	-0.187369	0.0502342
0.556605	-0.0965556	0.32881	0.00416546	-0.183481	0.0493789
0.556607	-0.0967344	0.328856	0.00325746	-0.180004	0.0460782
0.556611	-0.0969183	0.328903	0.00372195	-0.181845	0.0475532
0.556614	-0.0971024	0.328948	0.00287114	-0.18475	0.0456945
0.55662	-0.0972843	0.329001	0.00417597	-0.18643	0.0479347
0.556622	-0.0974686	0.329045	0.00343164	-0.184601	0.0473899
0.556625	-0.0976507	0.329094	0.00264818	-0.183293	0.0476661
0.55663	-0.0978323	0.32914	0.00234105	-0.18326	0.0447819
0.556632	-0.0980126	0.329188	0.002784	-0.181386	0.0456316
0.556634	-0.0981917	0.329233	0.00274551	-0.180116	0.0465078
0.556636	-0.0983793	0.329282	0.00288795	-0.180297	0.0485575
0.556637	-0.0985576	0.329323	0.00291249	-0.179336	0.0462004
0.556639	-0.0987423	0.329369	0.00257378	-0.181245	0.047314
0.556639	-0.0989262	0.329412	0.00209292	-0.178489	0.0464935
0.55664	-0.0991084	0.329458	0.00165793	-0.17933	0.0454742
0.556639	-0.09929	0.329501	0.00224106	-0.179679	0.0477998
0.556643	-0.0994703	0.329553	0.0017432	-0.182861	0.04895
0.556646	-0.0996511	0.3296	0.00193918	-0.179894	0.0468978
0.556645	-0.0998409	0.329642	0.00182474	-0.183001	0.0464856
0.556648	-0.100021	0.329689	0.00202064	-0.181398	0.0470575
0.556649	-0.10021	0.329739	0.00147208	-0.183715	0.0489184
0.556647	-0.100398	0.329787	0.000862468	-0.185228	0.0493499
0.556648	-0.100577	0.329831	0.00121339	-0.183657	0.0469176
0.556647	-0.100757	0.329876	0.0010896	-0.185194	0.0483074
0.556648	-0.100943	0.329926	0.000240034	-0.185946	0.0479346
0.556647	-0.101121	0.32997	0.000481291	-0.182036	0.0478587
0.556647	-0.101314	0.330014	0.00177424	-0.184629	0.0471841
0.556644	-0.101497	0.330062	0.000959095	-0.183282	0.0467656
0.556643	-0.101677	0.330104	0.00122246	-0.181774	0.0465978
0.556643	-0.101854	0.330148	0.00037708	-0.179853	0.043727
0.55664	-0.102042	0.330195	0.000193039	-0.180832	0.0460674
0.556641	-0.102224	0.330241	-0.000185918	-0.18209	0.0438773
0.556641	-0.102402	0.330285	-0.00114653	-0.180571	0.0414429
0.556641	-0.102584	0.330334	-0.00107997	-0.178922	0.0419083
0.556639	-0.102774	0.33038	-0.00196289	-0.186448	0.0435829
0.556638	-0.102952	0.330425	-0.00190921	-0.183242	0.0438932
0.556634	-0.103134	0.330463	-0.00284103	-0.180853	0.0407261
0.556632	-0.103318	0.330512	-0.00271025	-0.182519	0.0433395
0.55663	-0.103499	0.330556	-0.00198526	-0.180817	0.0444761
0.556627	-0.103684	0.330597	-0.00339673	-0.18614	0.0433637
0.556623	-0.103873	0.330644	-0.0038693	-0.184482	0.0435228
0.55662	-0.104059	0.330692	-0.00352233	-0.18316	0.0450848
0.556615	-0.104249	0.330728	-0.00511798	-0.186074	0.0395795
0.556612	-0.104617	0.330819	-0.00310469	-0.187367	0.0446165
0.55661	-0.104799	0.330866	-0.00255548	-0.186007	0.0469111
0.556607	-0.104989	0.330912	-0.00232243	-0.185643	0.0479704
0.556605	-0.105181	0.330956	-0.0031318	-0.189217	0.0455022
0.556604	-0.105363	0.331006	-0.00251869	-0.186404	0.047379
0.556598	-0.105551	0.331042	-0.00285083	-0.185759	0.045142
0.556595	-0.105739	0.331092	-0.00295377	-0.185311	0.0471949
0.556591	-0.105927	0.331137	-0.00344184	-0.185225	0.0467128
0.556586	-0.106126	0.33118	-0.00477346	-0.192714	0.0463158
0.556579	-0.106312	0.33122	-0.00414595	-0.190376	0.0453395
0.556576	-0.1065	0.331268	-0.00349203	-0.188494	0.0453429
0.55657	-0.106699	0.331314	-0.00441689	-0.194088	0.0467632
0.556565	-0.106887	0.331361	-0.00484804	-0.191989	0.0461503
0.55656	-0.107082	0.331405	-0.00483261	-0.191729	0.0460338
0.556557	-0.107271	0.331453	-0.00395593	-0.188986	0.0464303
0.556553	-0.107463	0.331499	-0.0039382	-0.188108	0.0460908
0.55655	-0.10766	0.331546	-0.00412357	-0.191233	0.0468351
0.556548	-0.107851	0.331598	-0.00382183	-0.189227	0.0481102
0.55654	-0.108046	0.331636	-0.00499418	-0.191638	0.045957
0.556538	-0.108237	0.331692	-0.00359329	-0.190297	0.0501743
0.556531	-0.108428	0.331731	-0.00374028	-0.188612	0.0471817
0.556527	-0.108621	0.331778	-0.00319907	-0.189786	0.0471481
0.556523	-0.108811	0.331825	-0.00267813	-0.188737	0.0470764
0.556516	-0.109012	0.331868	-0.00454757	-0.192913	0.0446657
0.55651	-0.109206	0.331912	-0.0043456	-0.192214	0.0438756
0.556508	-0.109399	0.331967	-0.00341525	-0.191268	0.0486353
0.556502	-0.109593	0.332008	-0.00374728	-0.190568	0.0457028
0.556497	-0.109782	0.332053	-0.004511	-0.189116	0.0444523
0.556493	-0.109975	0.332099	-0.00446396	-0.191213	0.0443045
0.556489	-0.110169	0.332147	-0.00423993	-0.193334	0.0467202
0.556488	-0.110355	0.332197	-0.00368225	-0.1901	0.0482536
0.556483	-0.110546	0.332239	-0.00525044	-0.192578	0.0448331
0.55648	-0.110737	0.332289	-0.00441359	-0.193615	0.044634
0.556473	-0.110932	0.332329	-0.00389596	-0.194091	0.0427052
0.556466	-0.111122	0.332376	-0.0055628	-0.194788	0.0419864
0.556462	-0.111309	0.332424	-0.00436729	-0.190902	0.0439902
0.556458	-0.111496	0.332468	-0.00488167	-0.189892	0.0438899
0.556452	-0.111686	0.332512	-0.00569275	-0.18982	0.0427468
0.556448	-0.111872	0.332556	-0.00599442	-0.190128	0.0406832
0.556445	-0.112057	0.332603	-0.00567913	-0.192688	0.0433753
0.556441	-0.112248	0.33265	-0.0057723	-0.190691	0.042864
0.556435	-0.112435	0.33269	-0.00653216	-0.189802	0.0412097
0.556432	-0.112622	0.332738	-0.00596159	-0.192094	0.0409247
0.556426	-0.112808	0.332781	-0.00657275	-0.18867	0.0401042
0.55642	-0.112995	0.332826	-0.0060472	-0.187192	0.0414083
0.556414	-0.113176	0.332872	-0.00666836	-0.183468	0.0429058
0.556406	-0.113369	0.33291	-0.00751765	-0.18696	0.0382985
0.556402	-0.113546	0.332956	-0.00650125	-0.182345	0.0410188
0.556394	-0.113733	0.333	-0.00621382	-0.181324	0.0435466
0.556386	-0.113921	0.33304	-0.00629288	-0.181585	0.0422199
0.556377	-0.11411	0.333082	-0.00654044	-0.183303	0.0416897
0.55637	-0.114291	0.333125	-0.00622631	-0.183357	0.0423086
0.556361	-0.114477	0.333165	-0.00703688	-0.185385	0.0409776
0.556355	-0.114665	0.33321	-0.00676677	-0.18668	0.0434707
0.556346	-0.114854	0.333249	-0.00819546	-0.187353	0.0407417
0.556339	-0.115037	0.333293	-0.00748619	-0.185116	0.0415492
0.556329	-0.115228	0.333336	-0.00827908	-0.185342	0.0402533
0.55632	-0.115407	0.33337	-0.00886333	-0.184077	0.0391179
0.556311	-0.115596	0.333419	-0.00887233	-0.184524	0.0434888
0.556296	-0.115788	0.333451	-0.0110299	-0.185742	0.0399112
0.556288	-0.115967	0.333496	-0.0107978	-0.183772	0.0406869
0.556276	-0.116154	0.33353	-0.012099	-0.183049	0.0381332
0.556264	-0.116336	0.333568	-0.0118844	-0.183992	0.0375562
0.556252	-0.116525	0.333606	-0.01228	-0.186389	0.0360515
0.556241	-0.116706	0.333642	-0.0123114	-0.185921	0.0351956
0.556227	-0.116891	0.333681	-0.0132438	-0.185732	0.0358779
0.556215	-0.117076	0.33372	-0.013278	-0.184486	0.0351442
0.556203	-0.117262	0.333756	-0.0131655	-0.185874	0.0359325
0.556191	-0.117441	0.333792	-0.0128469	-0.182814	0.0367623
0.55618	-0.117627	0.333832	-0.0128197	-0.182584	0.0359318
0.556167	-0.117812	0.333869	-0.0137307	-0.185801	0.0348588
0.556152	-0.117999	0.333907	-0.0151893	-0.187925	0.0339217
0.556137	-0.11818	0.333934	-0.0149728	-0.185275	0.0322376
0.556126	-0.118359	0.333971	-0.0137556	-0.181849	0.0329532
0.556109	-0.118544	0.334007	-0.0148655	-0.182981	0.0332187
0.556094	-0.118726	0.334042	-0.0152541	-0.184613	0.0343824
0.556078	-0.118914	0.334077	-0.0148394	-0.184291	0.0360772
0.556062	-0.119093	0.334105	-0.015481	-0.181222	0.0337954
0.556045	-0.119281	0.334139	-0.0163385	-0.18568	0.0351989
0.556029	-0.119464	0.334172	-0.0165197	-0.184007	0.0352217
0.55601	-0.119654	0.334203	-0.0161145	-0.184401	0.0360469
0.555993	-0.119839	0.334241	-0.0160232	-0.181498	0.0366345
0.555975	-0.120022	0.334269	-0.0156108	-0.178735	0.0351507
0.555958	-0.120207	0.3343	-0.01684	-0.183291	0.0345022
0.555942	-0.120389	0.334335	-0.0168107	-0.182821	0.0354826
0.555924	-0.120575	0.334367	-0.0170305	-0.179161	0.0324949
0.555905	-0.120764	0.334403	-0.0178301	-0.180094	0.0318309
0.555889	-0.120949	0.334435	-0.0166097	-0.180243	0.0328541
0.555871	-0.121135	0.33447	-0.0184193	-0.18683	0.0334165
0.555851	-0.121322	0.334499	-0.0188805	-0.183374	0.0299272
0.555832	-0.12151	0.334531	-0.0196701	-0.184569	0.0298344
0.555812	-0.121701	0.334564	-0.0203087	-0.186246	0.0290975
0.555792	-0.121892	0.334589	-0.0210409	-0.187105	0.0271316
0.55577	-0.122078	0.334617	-0.021015	-0.188518	0.0277596
0.555749	-0.122271	0.33465	-0.0214586	-0.189297	0.0297833
0.555729	-0.122462	0.33468	-0.0208804	-0.186843	0.0277679
0.555706	-0.122655	0.334704	-0.0220813	-0.188675	0.0269365
0.555689	-0.122849	0.334739	-0.0203019	-0.191268	0.0311129
0.555667	-0.123039	0.33477	-0.021431	-0.194156	0.0323684
0.555642	-0.123229	0.334795	-0.0225772	-0.194364	0.0316915
0.555622	-0.123417	0.334821	-0.0207243	-0.18993	0.0304547
0.5556	-0.123617	0.334855	-0.0215646	-0.193974	0.0303863
0.555579	-0.123806	0.334883	-0.0208892	-0.193129	0.0307373
0.555559	-0.123997	0.334912	-0.0202803	-0.192	0.0299135
0.555536	-0.124188	0.334939	-0.0216346	-0.191707	0.0276363
0.555515	-0.124379	0.334969	-0.020472	-0.188729	0.0282666
0.555491	-0.124578	0.334999	-0.0207225	-0.186472	0.0294246
0.55547	-0.124769	0.335028	-0.0210818	-0.185789	0.0263086
0.555448	-0.124959	0.335054	-0.0209448	-0.186704	0.0260665
0.555425	-0.125149	0.335081	-0.0214467	-0.188318	0.0259869
0.555404	-0.125339	0.335111	-0.019726	-0.185943	0.0282613
0.555381	-0.125532	0.335137	-0.0208608	-0.186651	0.0264095
0.555357	-0.125721	0.335163	-0.0221787	-0.186638	0.0274906
0.555334	-0.125911	0.335188	-0.0215208	-0.187985	0.0274656
0.555312	-0.126099	0.335212	-0.0212545	-0.190886	0.028002
0.55529	-0.126285	0.335239	-0.0215217	-0.18699	0.0278458
0.555268	-0.126474	0.335264	-0.0214358	-0.18905	0.0279916
0.555245	-0.126662	0.33529	-0.0213145	-0.189993	0.028993
0.555223	-0.126846	0.335312	-0.021592	-0.190824	0.0282828
0.5552	-0.127041	0.335339	-0.0224299	-0.193176	0.0301253
0.555179	-0.127218	0.335364	-0.0223077	-0.186995	0.0288664
0.555157	-0.127408	0.335389	-0.0215534	-0.184777	0.030268
0.555134	-0.127589	0.335408	-0.0225605	-0.183652	0.0264474
0.555114	-0.12777	0.335433	-0.0228609	-0.183721	0.0234527
0.555091	-0.127956	0.335458	-0.0231777	-0.182802	0.0238465
0.55507	-0.128136	0.335485	-0.0228841	-0.183195	0.0255173
0.555043	-0.128324	0.3355	-0.0243039	-0.185981	0.023007
0.555018	-0.128507	0.335519	-0.024299	-0.185209	0.022455
0.554997	-0.128691	0.335547	-0.021813	-0.182632	0.0252551
0.554974	-0.128872	0.335571	-0.0217463	-0.180145	0.0253821
0.554949	-0.129052	0.335594	-0.023507	-0.181874	0.0228295
0.554921	-0.129241	0.335606	-0.024602	-0.183287	0.0199292
0.554896	-0.129421	0.335629	-0.0250861	-0.18118	0.0203808
0.554872	-0.129603	0.335646	-0.0253472	-0.178616	0.0185043
0.554845	-0.129792	0.335665	-0.0253983	-0.181928	0.0195438
0.554823	-0.129967	0.335691	-0.0239809	-0.180442	0.0226934
0.554795	-0.130152	0.335707	-0.0251381	-0.182385	0.0201502
0.554769	-0.130337	0.335722	-0.0254071	-0.182217	0.017599
0.554745	-0.13052	0.335749	-0.024637	-0.180852	0.021155
0.554719	-0.130702	0.335761	-0.0263171	-0.182206	0.0158876
0.554692	-0.13089	0.335783	-0.0279475	-0.18536	0.0153942
0.554665	-0.131071	0.335796	-0.0269995	-0.181918	0.0163561
0.554639	-0.131259	0.335815	-0.0270247	-0.182432	0.0150825
0.554612	-0.131444	0.335834	-0.0274383	-0.180677	0.0146173
0.554587	-0.131624	0.33585	-0.0280499	-0.180839	0.0111803
0.55456	-0.131805	0.335866	-0.0283524	-0.180798	0.0110656
0.554532	-0.131987	0.335881	-0.0275279	-0.180188	0.013414
0.554503	-0.132181	0.335896	-0.0274713	-0.183231	0.0144013
0.554476	-0.132359	0.335916	-0.0264973	-0.179895	0.0161595
0.554448	-0.132542	0.335927	-0.0260907	-0.180913	0.0151855
0.55442	-0.132724	0.33594	-0.027935	-0.182448	0.0128404
0.554394	-0.1329	0.335957	-0.0267876	-0.180349	0.0161781
0.554364	-0.133086	0.33597	-0.0269968	-0.180546	0.0136926
0.554336	-0.133265	0.335987	-0.026869	-0.176937	0.0138607
0.55431	-0.13344	0.335996	-0.0269277	-0.175603	0.0114635
0.55428	-0.133625	0.336014	-0.028446	-0.178306	0.0122759
0.554252	-0.133805	0.336025	-0.0281455	-0.177434	0.0110057
0.554223	-0.133983	0.336035	-0.02925	-0.179506	0.0115162
0.554194	-0.134168	0.336052	-0.0296183	-0.181406	0.0126507
0.554165	-0.134349	0.336063	-0.0296803	-0.179743	0.0109951
0.554136	-0.13453	0.336076	-0.0301273	-0.18114	0.010743
0.554108	-0.134708	0.336091	-0.0288847	-0.180322	0.012253
0.554076	-0.134893	0.336097	-0.0285729	-0.179447	0.0111318
0.554048	-0.135079	0.336113	-0.0283335	-0.180126	0.012198
0.55402	-0.135261	0.33613	-0.0280809	-0.177134	0.0127417
0.55399	-0.135438	0.336139	-0.0300577	-0.176796	0.00993538
0.553961	-0.135616	0.336156	-0.030195	-0.175761	0.0110279
0.55393	-0.135798	0.336161	-0.0299888	-0.176054	0.00690519
0.553898	-0.135978	0.336169	-0.0315137	-0.182086	0.00783441
0.553868	-0.13616	0.336181	-0.0311605	-0.180686	0.00888372
0.553837	-0.136343	0.336191	-0.0305822	-0.18315	0.0104583
0.553803	-0.136527	0.336197	-0.030968	-0.185983	0.0107671
0.553771	-0.136711	0.336202	-0.0306162	-0.186899	0.0105734
0.553738	-0.136898	0.336213	-0.0308106	-0.186673	0.0108801
0.553706	-0.137076	0.336223	-0.0295341	-0.181589	0.0143624
0.55367	-0.137258	0.336227	-0.0317891	-0.181795	0.00988927
0.553637	-0.137435	0.336233	-0.0316336	-0.181115	0.00815942
0.553602	-0.137624	0.336236	-0.0321331	-0.181714	0.00742248
0.553566	-0.137808	0.336245	-0.0327579	-0.182862	0.0091824
0.55353	-0.13799	0.33625	-0.0332146	-0.180459	0.00798498
0.553496	-0.138171	0.336251	-0.0321315	-0.180081	0.00816297
0.55346	-0.138355	0.336259	-0.0339632	-0.183103	0.00857735
0.553424	-0.138539	0.336262	-0.0341968	-0.182771	0.00729982
0.553388	-0.138723	0.336269	-0.0343915	-0.181626	0.00757401
0.553351	-0.13891	0.336273	-0.0355499	-0.183032	0.00630641
0.553318	-0.139086	0.33628	-0.0348116	-0.176455	0.00328332
0.553278	-0.139272	0.336283	-0.034804	-0.178559	0.00552767
0.553238	-0.13945	0.336285	-0.0360593	-0.177677	0.00626675
0.553196	-0.139635	0.336282	-0.0378754	-0.178997	0.0035186
0.553158	-0.139816	0.336287	-0.0375634	-0.178645	0.00416326
0.55312	-0.139993	0.336291	-0.0371451	-0.175802	0.00382564
0.553077	-0.140177	0.336288	-0.0384079	-0.176978	0.00210501
0.553037	-0.140352	0.336286	-0.0387091	-0.175503	0.00249798
0.552997	-0.140529	0.336286	-0.0382203	-0.174521	0.00251937
0.552956	-0.140706	0.33629	-0.0407174	-0.178647	0.00412839
0.552915	-0.140887	0.336284	-0.0410115	-0.177753	0.000458035
0.552876	-0.14106	0.33629	-0.0401806	-0.174919	0.00350727
0.552834	-0.141233	0.336289	-0.0407608	-0.176167	0.00355239
0.552791	-0.141417	0.336282	-0.040979	-0.176496	0.00114499
0.552751	-0.141585	0.336282	-0.0421048	-0.178592	0.00102419
0.552709	-0.141758	0.336276	-0.0407029	-0.174507	-0.00092635
0.552667	-0.141932	0.336275	-0.0414898	-0.174034	-0.000636434
0.552625	-0.142105	0.336267	-0.0429363	-0.174924	-0.00489133
0.552584	-0.142279	0.336265	-0.0419519	-0.175506	-0.00195703
0.552541	-0.142448	0.336259	-0.0427632	-0.172997	-0.00457886
0.552501	-0.142622	0.336257	-0.042872	-0.175318	-0.00508793
0.552459	-0.142785	0.336248	-0.0411888	-0.169977	-0.00645348
0.552418	-0.14295	0.336249	-0.0413459	-0.166099	-0.00474767
0.552377	-0.143123	0.336238	-0.0413611	-0.169856	-0.00673827
0.552332	-0.143293	0.336231	-0.0430631	-0.169931	-0.00915598
0.552292	-0.143458	0.336229	-0.0424224	-0.168638	-0.00662711
0.552246	-0.143632	0.336219	-0.043746	-0.16918	-0.00902119
0.552205	-0.143794	0.336219	-0.0433018	-0.164759	-0.00851792
0.55216	-0.143957	0.336204	-0.0441416	-0.16488	-0.0110599
0.552115	-0.144129	0.336198	-0.0443541	-0.165118	-0.0105385
0.552074	-0.14429	0.336192	-0.0441275	-0.164167	-0.0122029
0.552029	-0.144463	0.336181	-0.0444662	-0.167777	-0.0128607
0.551984	-0.144632	0.336174	-0.0435023	-0.166195	-0.0109466
0.55194	-0.144796	0.336162	-0.0436594	-0.163141	-0.0125916
0.551895	-0.144966	0.33615	-0.0441575	-0.164622	-0.0135763
0.551852	-0.145131	0.336145	-0.0442681	-0.164915	-0.0120956
0.551808	-0.145299	0.33613	-0.0443093	-0.164675	-0.0138009
0.551761	-0.145471	0.336122	-0.0456334	-0.166785	-0.0125995
0.551714	-0.145638	0.336107	-0.0461626	-0.165587	-0.0127464
0.55167	-0.145801	0.336097	-0.0442663	-0.164329	-0.0108626
0.551628	-0.145963	0.336091	-0.0447955	-0.164149	-0.0108728
0.551583	-0.14613	0.336076	-0.0446051	-0.165511	-0.0118625
0.551538	-0.146299	0.33607	-0.0454006	-0.165172	-0.0107789
0.551492	-0.146466	0.336057	-0.0462055	-0.164931	-0.0124871
0.551446	-0.146629	0.336038	-0.0451293	-0.16494	-0.0127608
0.551402	-0.14679	0.336027	-0.045489	-0.165087	-0.0138243
0.551358	-0.146957	0.336013	-0.04559	-0.166775	-0.0142138
0.551312	-0.147122	0.336002	-0.0452437	-0.165162	-0.0127985
0.551268	-0.147282	0.335986	-0.0453321	-0.164228	-0.0137858
0.551223	-0.147447	0.335977	-0.0442664	-0.159251	-0.0125546
0.551176	-0.147611	0.335962	-0.0446855	-0.158307	-0.0146764
0.551133	-0.147767	0.335949	-0.0435487	-0.155774	-0.0139547
0.551085	-0.147934	0.335931	-0.0439117	-0.15619	-0.0146038
0.551039	-0.148093	0.335918	-0.0443133	-0.157083	-0.0150816
0.550994	-0.148257	0.335901	-0.04481	-0.158185	-0.0161332
0.550943	-0.148423	0.335882	-0.0455916	-0.15771	-0.0161583
0.550895	-0.148583	0.335868	-0.0455976	-0.156425	-0.0153099
0.550851	-0.148742	0.335853	-0.0436653	-0.156628	-0.0138787
0.550802	-0.148904	0.335843	-0.0455681	-0.156131	-0.0136967
0.550758	-0.149059	0.335821	-0.0450418	-0.155137	-0.0167274
0.55071	-0.149225	0.335811	-0.04608	-0.159654	-0.0147336
0.550663	-0.149383	0.335792	-0.0450623	-0.157205	-0.0133412
0.550616	-0.149544	0.335776	-0.0443558	-0.156482	-0.0133535
0.550567	-0.149709	0.335758	-0.0469716	-0.162214	-0.0150236
0.550519	-0.149869	0.335742	-0.0470892	-0.160688	-0.015005
0.550471	-0.150025	0.335722	-0.0468623	-0.157956	-0.0163729
0.55042	-0.150191	0.335704	-0.0485399	-0.161076	-0.0168283
0.550373	-0.150352	0.335683	-0.0479776	-0.159919	-0.0199997
0.550325	-0.150506	0.335666	-0.0480673	-0.156903	-0.0208144
0.550276	-0.150664	0.335651	-0.048797	-0.15786	-0.0192228
0.550228	-0.150825	0.335632	-0.0476327	-0.158867	-0.018111
0.55018	-0.150981	0.335611	-0.0483212	-0.158606	-0.0191849
0.55013	-0.151148	0.335594	-0.0487285	-0.15966	-0.0176524
0.550079	-0.151308	0.335576	-0.0490208	-0.159214	-0.0173044
0.550034	-0.151464	0.335559	-0.0481502	-0.157963	-0.0172833
0.549982	-0.15163	0.335534	-0.049399	-0.162058	-0.0204929
0.549934	-0.151785	0.335519	-0.0492644	-0.159942	-0.0185082
0.549885	-0.151948	0.335498	-0.0484353	-0.159373	-0.0205083
0.549832	-0.152112	0.335475	-0.0496591	-0.160641	-0.0201772
0.549781	-0.152273	0.335458	-0.0487746	-0.159059	-0.0182211
0.549733	-0.15243	0.335437	-0.048523	-0.156801	-0.0193012
0.54968	-0.1526	0.335413	-0.0495352	-0.161458	-0.0193374
0.549628	-0.152763	0.335394	-0.0495894	-0.161727	-0.0196147
0.54958	-0.152923	0.335368	-0.0502584	-0.161076	-0.0235749
0.549528	-0.153089	0.335348	-0.0505101	-0.161618	-0.02347
0.549477	-0.153254	0.335323	-0.0505726	-0.160466	-0.0233921
0.549425	-0.153417	0.335296	-0.0506561	-0.161711	-0.0238718
0.549375	-0.153575	0.335276	-0.0505883	-0.158907	-0.0239753
0.549324	-0.153737	0.33525	-0.0507514	-0.159087	-0.023767
0.549272	-0.153903	0.335227	-0.0513663	-0.163337	-0.0228251
0.549221	-0.154064	0.335204	-0.0510462	-0.161544	-0.023566
0.54917	-0.154219	0.335178	-0.0508623	-0.158099	-0.0224204
0.549118	-0.154382	0.335157	-0.0500429	-0.159265	-0.019579
0.549067	-0.154541	0.335133	-0.0486556	-0.157751	-0.0192733
0.549018	-0.154701	0.33511	-0.0500533	-0.162024	-0.0217332
0.548965	-0.154867	0.335087	-0.0501856	-0.163053	-0.0200814
0.548911	-0.155036	0.335059	-0.0511924	-0.164388	-0.0215664
0.548861	-0.155189	0.33504	-0.050723	-0.159629	-0.022052
0.548809	-0.155352	0.335013	-0.0506194	-0.159205	-0.0246978
0.548756	-0.155514	0.334988	-0.0510435	-0.160736	-0.0226784
0.548707	-0.155669	0.33497	-0.0490205	-0.158212	-0.0189132
0.548652	-0.155831	0.334941	-0.0512058	-0.157308	-0.0225563
0.548603	-0.155987	0.334919	-0.0501225	-0.156251	-0.0239237
0.548553	-0.156137	0.334888	-0.0495919	-0.153207	-0.0266745
0.548498	-0.156299	0.334859	-0.0505648	-0.154959	-0.025298
0.548449	-0.156453	0.334843	-0.0506032	-0.15451	-0.0223958
0.548397	-0.156612	0.334815	-0.0518511	-0.155106	-0.025521
0.548346	-0.156771	0.33479	-0.0516834	-0.157133	-0.0256248
0.548295	-0.15693	0.334766	-0.0508043	-0.156549	-0.0253506
0.548243	-0.157086	0.334737	-0.0517813	-0.155781	-0.0260191
0.548194	-0.15724	0.334719	-0.050656	-0.154158	-0.0238131
0.548144	-0.157395	0.334691	-0.0502196	-0.152686	-0.0255744
0.548092	-0.157548	0.334667	-0.0517281	-0.156143	-0.0251782
0.548042	-0.157706	0.33464	-0.0516416	-0.156244	-0.025091
0.547989	-0.157862	0.334611	-0.0519357	-0.15366	-0.0251019
0.547939	-0.158013	0.334588	-0.0518347	-0.151165	-0.0273346
0.547888	-0.15817	0.334559	-0.0507829	-0.15132	-0.0272555
0.547835	-0.158325	0.334531	-0.0514888	-0.151762	-0.0294816
0.547783	-0.158481	0.334503	-0.0516669	-0.152031	-0.0288817
0.547731	-0.15864	0.334477	-0.0514495	-0.152135	-0.0297832
0.547679	-0.15879	0.334449	-0.0516489	-0.151923	-0.0287573
0.547628	-0.158944	0.334416	-0.0518669	-0.151766	-0.0302918
0.547576	-0.159101	0.334391	-0.0518974	-0.151921	-0.0289053
0.547526	-0.15925	0.33436	-0.051004	-0.150367	-0.0283417
0.547474	-0.159409	0.33433	-0.0501094	-0.151807	-0.0275592
0.54742	-0.159565	0.334305	-0.0521833	-0.156687	-0.0257028
0.547367	-0.159723	0.334275	-0.0512435	-0.155526	-0.0257887
0.547315	-0.159877	0.334249	-0.050468	-0.153307	-0.024324
0.547264	-0.160028	0.33422	-0.0506466	-0.152618	-0.0273381
0.54721	-0.160189	0.334192	-0.0523025	-0.15614	-0.0287523
0.547158	-0.160342	0.33416	-0.0514846	-0.154351	-0.0315491
0.547106	-0.1605	0.33413	-0.0499824	-0.152594	-0.0313323
0.547052	-0.160655	0.334101	-0.0520296	-0.15242	-0.0327911
0.547003	-0.160802	0.334071	-0.050714	-0.150086	-0.0310681
0.546951	-0.160961	0.334043	-0.0517791	-0.151688	-0.0339592
0.546897	-0.16112	0.334011	-0.0530203	-0.152139	-0.0350868
0.546846	-0.161271	0.333982	-0.05282	-0.151328	-0.0338854
0.546794	-0.161428	0.333948	-0.0516169	-0.151745	-0.0315733
0.546741	-0.161577	0.333919	-0.0521461	-0.150169	-0.0329289
0.546692	-0.16173	0.333888	-0.0517088	-0.148393	-0.0347393
0.546637	-0.161888	0.333857	-0.0518684	-0.150066	-0.0323289
0.546588	-0.162045	0.333832	-0.0512652	-0.151119	-0.0311229
0.546537	-0.162197	0.333799	-0.0509391	-0.149068	-0.0307219
0.546488	-0.162351	0.333775	-0.0514189	-0.151547	-0.0287772
0.546436	-0.162509	0.333741	-0.0514427	-0.151849	-0.0295371
0.546388	-0.162659	0.333714	-0.0506942	-0.150556	-0.0292349
0.546336	-0.162815	0.333683	-0.0504915	-0.151887	-0.0291604
0.546285	-0.162965	0.333651	-0.049792	-0.152191	-0.0269838
0.546237	-0.163114	0.333621	-0.0489666	-0.149399	-0.0260227
0.546187	-0.163266	0.333593	-0.0478179	-0.15062	-0.0231612
0.546137	-0.163419	0.333557	-0.0478885	-0.14992	-0.026531
0.546086	-0.163573	0.33353	-0.0493576	-0.150338	-0.0256792
0.546039	-0.163717	0.333498	-0.0493969	-0.14823	-0.0288876
0.545986	-0.163875	0.333466	-0.049512	-0.15046	-0.0288646
0.545939	-0.164022	0.333436	-0.0502144	-0.14771	-0.0314284
0.545889	-0.164179	0.333402	-0.0495913	-0.149229	-0.0315303
0.545837	-0.164336	0.333374	-0.0507301	-0.153193	-0.0297658
0.54579	-0.164483	0.333341	-0.0493796	-0.150633	-0.0305931
0.545739	-0.164641	0.333311	-0.050141	-0.154679	-0.0307195
0.545692	-0.164788	0.333284	-0.0496181	-0.153173	-0.0293509
0.545641	-0.164952	0.333252	-0.0495513	-0.155108	-0.0315964
0.545589	-0.165109	0.33322	-0.0511881	-0.158772	-0.0325338
0.545543	-0.16526	0.33319	-0.0490988	-0.155606	-0.0320813
0.54549	-0.165414	0.333149	-0.0497463	-0.152982	-0.0353092
0.545444	-0.165566	0.333125	-0.0492538	-0.153767	-0.032992
0.545394	-0.165724	0.333089	-0.0497249	-0.155365	-0.0349614
0.545346	-0.16587	0.333057	-0.0493263	-0.150622	-0.0369144
0.545296	-0.16603	0.333026	-0.0498899	-0.152734	-0.0370452
0.545247	-0.166189	0.332994	-0.0494678	-0.153493	-0.0363236
0.545201	-0.166337	0.332963	-0.047949	-0.151733	-0.0330226
0.545152	-0.166494	0.332929	-0.0493796	-0.153869	-0.033241
0.545105	-0.166655	0.332899	-0.0472052	-0.153929	-0.0312225
0.545056	-0.166812	0.332871	-0.0468928	-0.154786	-0.027807
0.545008	-0.166971	0.332835	-0.046893	-0.155271	-0.0301896
0.544962	-0.167128	0.332807	-0.0471231	-0.155926	-0.0316732
0.544914	-0.167279	0.33277	-0.046809	-0.154893	-0.0306409
0.544865	-0.167442	0.332741	-0.0471138	-0.157627	-0.0283167
0.544817	-0.1676	0.33271	-0.048541	-0.159176	-0.0282825
0.544768	-0.167758	0.332678	-0.0491869	-0.157071	-0.0307541
0.544721	-0.16792	0.332649	-0.0482798	-0.157346	-0.0304034
0.544672	-0.168074	0.332606	-0.0479642	-0.154449	-0.0343103
0.544625	-0.168232	0.332579	-0.0464648	-0.156589	-0.0303765
0.544577	-0.168393	0.332545	-0.0472186	-0.15891	-0.0317066
0.544531	-0.168548	0.332515	-0.0466597	-0.157339	-0.0292073
0.544485	-0.168704	0.332486	-0.0462387	-0.157549	-0.0278601
0.544437	-0.168866	0.332454	-0.0467413	-0.159923	-0.0292676
0.54439	-0.169026	0.332422	-0.0460358	-0.156686	-0.0294958
0.544345	-0.169179	0.332389	-0.0470114	-0.154975	-0.0325525
0.544298	-0.169342	0.332352	-0.047526	-0.158035	-0.0340896
0.544252	-0.169495	0.332319	-0.0464507	-0.154286	-0.0335316
0.544206	-0.169656	0.332294	-0.0456478	-0.156796	-0.028346
0.544158	-0.169822	0.332257	-0.0452709	-0.158761	-0.0291983
0.544114	-0.169974	0.332231	-0.0460631	-0.159871	-0.0298897
0.544067	-0.17013	0.332195	-0.0458459	-0.157021	-0.0317018
0.544018	-0.170288	0.33216	-0.0467435	-0.156762	-0.0342939
0.543973	-0.170443	0.332129	-0.0456923	-0.155343	-0.0329526
0.543925	-0.1706	0.33209	-0.0456645	-0.15444	-0.0353772
0.543878	-0.17076	0.33206	-0.0474099	-0.155617	-0.0353607
0.543835	-0.170909	0.332026	-0.0462318	-0.152837	-0.0363613
0.543788	-0.171064	0.331991	-0.0471608	-0.154636	-0.0356876
0.543742	-0.171215	0.331959	-0.0470493	-0.154176	-0.0359425
0.543697	-0.171372	0.331926	-0.0462653	-0.154505	-0.0358788
0.543651	-0.17153	0.331895	-0.0451013	-0.155588	-0.0341267
0.543604	-0.171687	0.331861	-0.0461003	-0.155842	-0.0341661
0.543562	-0.171833	0.331827	-0.0437085	-0.152091	-0.0321958
0.543516	-0.171984	0.331794	-0.0449966	-0.153612	-0.0320679
0.543474	-0.172137	0.331761	-0.0440388	-0.151408	-0.0334329
0.543431	-0.172286	0.331727	-0.0438571	-0.148871	-0.0336549
0.543385	-0.172439	0.331692	-0.0459702	-0.151622	-0.0343131
0.543342	-0.17259	0.331659	-0.0445537	-0.149623	-0.0326907
0.543298	-0.172742	0.331629	-0.0456686	-0.153015	-0.0333779
0.543252	-0.172891	0.331588	-0.0456796	-0.151121	-0.0346282
0.543207	-0.173044	0.331552	-0.0451614	-0.151279	-0.0354288
0.543165	-0.173188	0.331522	-0.0445898	-0.149753	-0.0343563
0.543118	-0.173348	0.331485	-0.0453388	-0.152997	-0.0353221
0.543071	-0.173498	0.331447	-0.0461784	-0.151552	-0.036759
0.54303	-0.173644	0.33141	-0.0449133	-0.149021	-0.0369842
0.542984	-0.173797	0.331373	-0.0447346	-0.152325	-0.0357518
0.542942	-0.173941	0.331342	-0.0437031	-0.149651	-0.0330275
0.542897	-0.174092	0.331301	-0.043834	-0.148357	-0.0357985
0.54285	-0.17425	0.331264	-0.0446682	-0.151728	-0.0358444
0.542807	-0.174401	0.331229	-0.0434282	-0.150074	-0.0349066
0.542764	-0.174548	0.331195	-0.0431103	-0.147546	-0.0369229
0.54272	-0.174697	0.331162	-0.0438604	-0.150875	-0.0353518
0.542679	-0.174852	0.331127	-0.0433043	-0.151095	-0.0370926
0.542635	-0.175004	0.331093	-0.0421382	-0.150226	-0.0350955
0.542593	-0.175156	0.331058	-0.0427727	-0.151441	-0.0355194
0.542553	-0.175306	0.331025	-0.0425322	-0.149508	-0.0361298
0.54251	-0.175458	0.330992	-0.0426689	-0.150423	-0.0359518
0.542469	-0.175608	0.330952	-0.0427171	-0.151186	-0.0386152
0.542428	-0.175761	0.330918	-0.041172	-0.15078	-0.0352993
0.54239	-0.175908	0.330883	-0.041372	-0.149537	-0.0360701
0.54235	-0.176063	0.33085	-0.0411413	-0.15094	-0.0351958
0.54231	-0.17621	0.330814	-0.0417248	-0.151865	-0.0374925
0.542271	-0.176365	0.33078	-0.040772	-0.151052	-0.0376561
0.542233	-0.176507	0.330741	-0.0397638	-0.148947	-0.0359532
0.542198	-0.176659	0.330715	-0.0381272	-0.149575	-0.0319176
0.542158	-0.176809	0.330674	-0.0391026	-0.148527	-0.0339452
0.54212	-0.176962	0.330645	-0.0384217	-0.148886	-0.0310096
0.54208	-0.177115	0.330607	-0.0385727	-0.149007	-0.0320892
0.542041	-0.177264	0.330575	-0.0373163	-0.146099	-0.030942
0.542009	-0.177407	0.330545	-0.0357084	-0.14392	-0.0298915
0.541971	-0.177559	0.330511	-0.0363965	-0.145927	-0.0340521
0.541934	-0.177709	0.330478	-0.0357046	-0.147277	-0.0327673
0.541895	-0.177859	0.330445	-0.0364083	-0.150294	-0.0324918
0.541858	-0.178013	0.33041	-0.0370831	-0.152197	-0.0337245
0.541823	-0.178163	0.330383	-0.0359247	-0.150078	-0.0341124
0.541785	-0.178314	0.330343	-0.0364019	-0.149573	-0.0365741
0.54175	-0.178463	0.330309	-0.036258	-0.150347	-0.0359576
0.541713	-0.178614	0.330277	-0.0373028	-0.151454	-0.0352693
0.541678	-0.178763	0.330241	-0.035575	-0.148036	-0.03546
0.541642	-0.178922	0.330213	-0.0355964	-0.151758	-0.0342222
0.541608	-0.17907	0.330177	-0.0353804	-0.148195	-0.035819
0.541571	-0.179221	0.330141	-0.0346678	-0.148631	-0.0340208
0.541536	-0.17937	0.330111	-0.0362672	-0.152389	-0.0330982
0.541502	-0.179522	0.330076	-0.0358324	-0.152659	-0.0336817
0.541468	-0.179676	0.330046	-0.0344255	-0.152115	-0.0314349
0.541436	-0.179822	0.330015	-0.0342291	-0.150798	-0.033479
0.5414	-0.179982	0.329984	-0.0336374	-0.149465	-0.0316093
0.541369	-0.180123	0.329955	-0.03371	-0.14794	-0.0308964
0.541335	-0.180278	0.32992	-0.0342448	-0.151234	-0.0318383
0.541305	-0.180427	0.329889	-0.0325854	-0.150412	-0.0315624
0.541269	-0.180582	0.329856	-0.0340818	-0.153652	-0.0308672
0.541237	-0.180734	0.32982	-0.0341374	-0.152458	-0.0339086
0.541204	-0.180888	0.329786	-0.0344679	-0.15223	-0.0349052
0.541173	-0.181039	0.329747	-0.0323973	-0.151084	-0.0352094
0.541142	-0.181187	0.329711	-0.0316147	-0.149943	-0.0360373
0.541111	-0.181339	0.32968	-0.0317159	-0.150407	-0.0351914
0.541079	-0.181493	0.329641	-0.0313505	-0.150493	-0.0356873
0.541046	-0.181645	0.329602	-0.0322944	-0.150435	-0.036293
0.541013	-0.181802	0.32957	-0.0313105	-0.150198	-0.0342058
0.540983	-0.181957	0.32954	-0.0296798	-0.150251	-0.0311319
0.540954	-0.182105	0.329506	-0.0319265	-0.153453	-0.0346009
0.540924	-0.182261	0.329469	-0.031401	-0.152785	-0.0352252
0.540893	-0.182417	0.329435	-0.0316454	-0.153008	-0.0359794
0.540863	-0.182573	0.329399	-0.029875	-0.150264	-0.0363664
0.540832	-0.182734	0.329363	-0.0291915	-0.150163	-0.0365332
0.540804	-0.182885	0.32933	-0.0279924	-0.147047	-0.0365248
0.540775	-0.183035	0.329289	-0.0277116	-0.148441	-0.0354665
0.540746	-0.183192	0.329252	-0.0280062	-0.148703	-0.0367502
0.540717	-0.183352	0.329223	-0.0288663	-0.152229	-0.0346877
0.540692	-0.183501	0.329189	-0.0276086	-0.152267	-0.0325121
0.540661	-0.183659	0.329153	-0.0286143	-0.152569	-0.0335238
0.540636	-0.183815	0.329122	-0.0280857	-0.153887	-0.0338713
0.54061	-0.183957	0.329088	-0.027473	-0.151093	-0.0341659
0.540582	-0.184113	0.329059	-0.0286276	-0.154087	-0.0340518
0.540555	-0.184263	0.329026	-0.0284097	-0.153187	-0.0331852
0.540526	-0.184421	0.328995	-0.0294428	-0.153872	-0.0348062
0.540498	-0.184572	0.328958	-0.0292117	-0.152757	-0.0351438
0.540472	-0.184722	0.328923	-0.0279926	-0.150644	-0.0344086
0.540445	-0.184871	0.328888	-0.0282733	-0.15127	-0.0346192
0.540417	-0.185029	0.328856	-0.028452	-0.150561	-0.0342528
0.540389	-0.18518	0.328824	-0.0274407	-0.14962	-0.033174
0.540366	-0.185324	0.328792	-0.0252034	-0.145404	-0.0326202
0.540338	-0.185482	0.328751	-0.0251199	-0.148411	-0.0366142
0.54031	-0.185633	0.328722	-0.0257708	-0.147993	-0.03466
0.540287	-0.185777	0.328688	-0.0252705	-0.146053	-0.0349443
0.540261	-0.185927	0.32865	-0.025855	-0.147162	-0.0351072
0.540235	-0.186077	0.32862	-0.0262619	-0.149024	-0.0348509
0.54021	-0.186227	0.32859	-0.025046	-0.147007	-0.0341854
0.540185	-0.186378	0.328556	-0.0262152	-0.148981	-0.0337487
0.540161	-0.186524	0.328524	-0.0253963	-0.147199	-0.0338181
0.540139	-0.186673	0.328496	-0.0239867	-0.1487	-0.0312809
0.540118	-0.186815	0.328466	-0.0233713	-0.146803	-0.0315325
0.540096	-0.186961	0.328432	-0.022404	-0.146696	-0.0314198
0.540069	-0.187112	0.328394	-0.0237923	-0.147382	-0.0328054
0.540048	-0.187257	0.328368	-0.0225849	-0.144859	-0.0324375
0.540024	-0.187402	0.328328	-0.0218459	-0.143574	-0.0333294
0.540001	-0.187551	0.328302	-0.0207498	-0.143825	-0.0297129
0.53998	-0.187695	0.328265	-0.020817	-0.142515	-0.0315891
0.539956	-0.187841	0.328229	-0.0220652	-0.144293	-0.0325625
0.539934	-0.187986	0.3282	-0.0217985	-0.145107	-0.0304609
0.539913	-0.188136	0.328173	-0.0204123	-0.145452	-0.0278425
0.539891	-0.188284	0.328141	-0.0215478	-0.146765	-0.029044
0.539867	-0.18843	0.328108	-0.0229278	-0.145363	-0.0316074
0.539849	-0.18857	0.328076	-0.0209618	-0.140993	-0.0331841
0.539827	-0.188711	0.32804	-0.0217067	-0.139763	-0.0360096
0.539808	-0.188856	0.328005	-0.0216138	-0.141008	-0.0346422
0.539785	-0.189009	0.327978	-0.022387	-0.145047	-0.0312635
0.539766	-0.189147	0.327942	-0.0203139	-0.140987	-0.0317658
0.539743	-0.189302	0.32791	-0.0194928	-0.144664	-0.0299695
0.539724	-0.189451	0.327886	-0.0199	-0.147509	-0.0295907
0.539686	-0.189736	0.327823	-0.0192156	-0.1446	-0.0307055
0.539665	-0.189883	0.327796	-0.0198929	-0.145822	-0.0290335
0.539643	-0.190032	0.327761	-0.0193609	-0.143357	-0.0321267
0.539622	-0.19018	0.327731	-0.020416	-0.146401	-0.0326261
0.539601	-0.190322	0.327698	-0.0199523	-0.14215	-0.0343405
0.539584	-0.190467	0.327668	-0.0171645	-0.139762	-0.0321837
0.539564	-0.190615	0.327636	-0.0179409	-0.142599	-0.0326267
0.539551	-0.190759	0.327611	-0.0166282	-0.143354	-0.0307737
0.539532	-0.190904	0.327574	-0.016438	-0.14194	-0.0337891
0.539513	-0.19105	0.327544	-0.0162856	-0.144336	-0.030824
0.539495	-0.191201	0.327512	-0.0161863	-0.146879	-0.0299382
0.539477	-0.191347	0.327485	-0.0158255	-0.146646	-0.0279175
0.539465	-0.191488	0.327455	-0.0143078	-0.142784	-0.0268065
0.539449	-0.191635	0.327432	-0.0147676	-0.14373	-0.0255718
0.539434	-0.191781	0.327406	-0.0155267	-0.144887	-0.0273047
0.539418	-0.191928	0.32737	-0.0153292	-0.144985	-0.0290522
0.539401	-0.192074	0.327345	-0.015448	-0.144615	-0.0285364
0.539384	-0.192222	0.327306	-0.0167147	-0.146343	-0.0324969
0.53937	-0.192369	0.327281	-0.0157728	-0.145479	-0.029117
0.539354	-0.192516	0.327254	-0.0158211	-0.144902	-0.0294165
0.539344	-0.192658	0.327224	-0.0134416	-0.142529	-0.0275365
0.539327	-0.192807	0.327191	-0.0139569	-0.143497	-0.0293158
0.539316	-0.192949	0.327166	-0.0128142	-0.141903	-0.0284599
0.539301	-0.193091	0.327133	-0.0127652	-0.142272	-0.0279547
0.539292	-0.19324	0.327116	-0.0113368	-0.144736	-0.0241315
0.539279	-0.193387	0.327081	-0.0108104	-0.14332	-0.0278203
0.539268	-0.193529	0.327053	-0.0114254	-0.143674	-0.0272845
0.539258	-0.193677	0.327034	-0.0118368	-0.145099	-0.0263752
0.539246	-0.19382	0.327005	-0.0105904	-0.142265	-0.0253175
0.539234	-0.193966	0.326979	-0.0115698	-0.143436	-0.02512
0.539223	-0.194112	0.326952	-0.0106371	-0.143883	-0.0229526
0.53921	-0.194265	0.326922	-0.0121688	-0.147856	-0.0230104
0.539197	-0.194407	0.326895	-0.011993	-0.143496	-0.0250739
0.539189	-0.194553	0.326867	-0.0104172	-0.142281	-0.0264117
0.539174	-0.194707	0.326841	-0.0129532	-0.14689	-0.0270183
0.539164	-0.194851	0.326814	-0.0116269	-0.146309	-0.026553
0.539153	-0.194999	0.326791	-0.0112114	-0.146449	-0.0256895
0.539144	-0.19515	0.326768	-0.0108289	-0.148231	-0.0255288
0.539134	-0.195301	0.326742	-0.00848819	-0.144752	-0.0237305
0.539126	-0.19545	0.326716	-0.00802342	-0.144597	-0.0238462
0.539118	-0.195593	0.326694	-0.00753037	-0.142086	-0.0226543
0.539109	-0.195741	0.326661	-0.00606004	-0.14306	-0.0235445
0.539102	-0.195884	0.326636	-0.00699755	-0.143955	-0.0228863
0.539089	-0.196033	0.326604	-0.00852907	-0.143135	-0.0250514
0.539083	-0.196184	0.326579	-0.00767561	-0.146035	-0.0252936
0.539074	-0.196336	0.326556	-0.00770338	-0.14631	-0.0250182
0.539067	-0.196482	0.326526	-0.00643809	-0.145366	-0.0233882
0.539062	-0.196627	0.326498	-0.00549445	-0.146878	-0.0245958
0.539054	-0.196781	0.326476	-0.00550206	-0.148359	-0.0226716
0.539048	-0.196929	0.326445	-0.00619005	-0.150138	-0.0260194
0.539043	-0.197082	0.326427	-0.00605877	-0.151119	-0.0224728
0.539036	-0.197234	0.326391	-0.00710896	-0.150146	-0.0284692
0.539024	-0.19739	0.326363	-0.00642043	-0.147855	-0.0276634
0.539018	-0.197539	0.326338	-0.00593567	-0.147557	-0.0266539
0.539011	-0.197685	0.326305	-0.00643814	-0.147084	-0.0282527
0.539004	-0.197837	0.326282	-0.00750332	-0.150088	-0.0254093
0.538997	-0.197989	0.326251	-0.00776541	-0.150428	-0.027679
0.538987	-0.198144	0.326226	-0.00846289	-0.152344	-0.0259441
0.538981	-0.198298	0.326207	-0.00801218	-0.151805	-0.0229743
0.538972	-0.198449	0.326176	-0.0067142	-0.15099	-0.0233368
0.538969	-0.198595	0.326152	-0.00531776	-0.149644	-0.0228383
0.538965	-0.198747	0.326132	-0.00502643	-0.15163	-0.0223214
0.538955	-0.198903	0.326099	-0.00753532	-0.154065	-0.0242537
0.538948	-0.199052	0.326073	-0.00824113	-0.153556	-0.0249078
0.53894	-0.199205	0.326044	-0.00751208	-0.152546	-0.0253275
0.538932	-0.19936	0.326021	-0.00731365	-0.154275	-0.0237735
0.538925	-0.199514	0.325996	-0.0073421	-0.153322	-0.0247955
0.538919	-0.199661	0.325967	-0.00600977	-0.149077	-0.0263646
0.538911	-0.199817	0.325941	-0.00689947	-0.152694	-0.0276008
0.538907	-0.199967	0.325922	-0.00598472	-0.150997	-0.0234751
0.538904	-0.200121	0.3259	-0.00524651	-0.150518	-0.025695
0.538899	-0.200275	0.325875	-0.00532395	-0.152476	-0.0251428
0.538891	-0.200433	0.32584	-0.00502854	-0.151176	-0.0272692
0.53889	-0.200582	0.325819	-0.00393563	-0.150982	-0.0266337
0.538886	-0.200733	0.32579	-0.00510007	-0.149085	-0.0292122
0.538881	-0.200881	0.325756	-0.00485573	-0.146692	-0.0312165
0.53888	-0.201032	0.325741	-0.00373218	-0.146477	-0.0288452
0.538875	-0.201186	0.325707	-0.00298078	-0.14666	-0.0295837
0.538871	-0.201335	0.325678	-0.0050546	-0.150127	-0.0319452
0.538871	-0.201486	0.325653	-0.00248604	-0.146326	-0.0290805
0.538867	-0.201639	0.325622	-0.00234126	-0.147513	-0.0302641
0.538872	-0.201784	0.3256	-0.000541649	-0.14684	-0.027215
0.538868	-0.201936	0.325571	-0.00124169	-0.14762	-0.028551
0.538864	-0.202089	0.325546	-0.00251738	-0.148945	-0.0315565
0.538863	-0.202238	0.32552	-0.00134936	-0.146933	-0.0306927
0.538861	-0.202388	0.325498	-0.00114804	-0.147643	-0.027508
0.538858	-0.202538	0.325472	-0.00145429	-0.146994	-0.0264323
0.538857	-0.202689	0.325448	-0.000895559	-0.147458	-0.0257668
0.538857	-0.202833	0.325426	0.00076871	-0.144938	-0.023972
0.53886	-0.202978	0.325408	0.000826311	-0.145039	-0.023512
0.53886	-0.203128	0.325377	0.00134667	-0.145463	-0.0265437
0.538864	-0.203269	0.325363	0.00139536	-0.143116	-0.0251289
0.538861	-0.20342	0.325332	-3.60462e-05	-0.145199	-0.0280273
0.538861	-0.203572	0.325314	0.000442979	-0.146076	-0.0231584
0.538859	-0.20372	0.325288	-0.000470994	-0.145669	-0.0260183
0.538864	-0.203862	0.325265	0.001204	-0.144952	-0.0236088
0.538863	-0.204015	0.325248	-0.000467136	-0.149013	-0.0217735
0.538864	-0.204162	0.325223	0.000156871	-0.147957	-0.0233784
0.538865	-0.204317	0.325196	0.000345805	-0.150289	-0.0254961
0.538871	-0.204465	0.325179	0.0012127	-0.150218	-0.0234743
0.538873	-0.204617	0.325151	0.0010214	-0.149074	-0.0271276
0.538878	-0.204763	0.32513	0.00285391	-0.146335	-0.0266551
0.538881	-0.204911	0.325104	0.00218538	-0.147312	-0.0274846
0.538882	-0.205064	0.325072	0.00241672	-0.15024	-0.0291129
0.538886	-0.205213	0.325052	0.00280715	-0.147866	-0.0271152
0.53889	-0.205365	0.32503	0.00338741	-0.147435	-0.0267
0.538897	-0.205515	0.325004	0.00360923	-0.150075	-0.0256915
0.5389	-0.205674	0.32498	0.00254361	-0.152528	-0.0262495
0.538907	-0.205825	0.324955	0.00478029	-0.150506	-0.0233704
0.538912	-0.205976	0.324933	0.00386664	-0.15297	-0.0222956
0.538917	-0.206131	0.324911	0.00386148	-0.152876	-0.02165
0.538924	-0.20628	0.324887	0.00474071	-0.148808	-0.0227419
0.538928	-0.20644	0.324868	0.00351744	-0.153032	-0.024639
0.538935	-0.20659	0.324843	0.0045034	-0.151477	-0.0236939
0.538937	-0.20675	0.324817	0.00330645	-0.154168	-0.0251593
0.538949	-0.206893	0.324798	0.00585679	-0.151638	-0.0220413
0.538956	-0.207042	0.324764	0.00620579	-0.149811	-0.0246555
0.538963	-0.207193	0.324741	0.00477744	-0.151411	-0.0247004
0.538968	-0.207345	0.324716	0.00547914	-0.150323	-0.0238489
0.538972	-0.207499	0.324689	0.00491406	-0.151258	-0.0252058
0.538984	-0.207647	0.32467	0.00689738	-0.149897	-0.0232774
0.538987	-0.207802	0.324634	0.00599361	-0.150158	-0.02629
0.539	-0.207947	0.324615	0.00899064	-0.147769	-0.024226
0.539005	-0.208101	0.324586	0.00785364	-0.149352	-0.0238769
0.539015	-0.208251	0.32456	0.00876171	-0.149794	-0.0237678
0.539024	-0.2084	0.324529	0.00862185	-0.149078	-0.0262065
0.539032	-0.20855	0.324505	0.00974482	-0.15007	-0.0229984
0.539038	-0.208703	0.324476	0.00747584	-0.152088	-0.0280799
0.539047	-0.208856	0.324456	0.00877313	-0.15085	-0.0263385
0.539053	-0.209006	0.324424	0.00950282	-0.148412	-0.0278803
0.53906	-0.209157	0.324397	0.00902653	-0.151786	-0.0253216
0.539074	-0.209302	0.324378	0.0105076	-0.14954	-0.0230737
0.539079	-0.209457	0.324344	0.00755484	-0.150157	-0.0304926
0.539088	-0.209605	0.324323	0.00771269	-0.147766	-0.0284311
0.539095	-0.209754	0.324291	0.00742064	-0.147969	-0.0287788
0.539101	-0.209906	0.324267	0.00633286	-0.152071	-0.0300821
0.539106	-0.210058	0.324239	0.00354835	-0.154342	-0.032328
0.539109	-0.210214	0.324202	0.00352999	-0.154981	-0.032297
0.539117	-0.210362	0.324178	0.00426629	-0.151717	-0.0316452
0.539124	-0.210513	0.324145	0.00637872	-0.153912	-0.0288336
0.53913	-0.210667	0.324117	0.00513315	-0.154221	-0.0287293
0.539136	-0.210816	0.324089	0.00531995	-0.154338	-0.0255334
0.53914	-0.210965	0.324054	0.00492246	-0.153144	-0.0275524
0.539144	-0.211124	0.324025	0.00347864	-0.155836	-0.0309879
0.539149	-0.211278	0.323992	0.00536235	-0.155566	-0.0280674
0.539152	-0.211425	0.323959	0.00397791	-0.155046	-0.0295957
0.53916	-0.211578	0.323931	0.00483381	-0.15592	-0.0282348
0.539164	-0.211736	0.323891	0.00607458	-0.154748	-0.0280639
0.539167	-0.211889	0.323859	0.0040331	-0.155901	-0.0299655
0.539171	-0.212041	0.323825	0.0047317	-0.155338	-0.027732
0.539174	-0.212195	0.323791	0.00478745	-0.153949	-0.0301785
0.539179	-0.212344	0.323759	0.00510989	-0.151526	-0.0289521
0.539183	-0.212496	0.323721	0.00503289	-0.150309	-0.0296667
0.539187	-0.212646	0.32369	0.00483268	-0.152712	-0.029507
0.539193	-0.212797	0.323654	0.00435897	-0.152207	-0.0336663
0.539198	-0.212945	0.323617	0.00441067	-0.150045	-0.0335819
0.539206	-0.213096	0.323588	0.004485	-0.151068	-0.0335985
0.539203	-0.213255	0.323545	0.00386975	-0.152359	-0.0347447
0.539207	-0.213405	0.323512	0.00342249	-0.153375	-0.0342874
0.539213	-0.213556	0.323486	0.00424854	-0.151566	-0.0315079
0.539216	-0.213708	0.323442	0.00293848	-0.151483	-0.0369262
0.539221	-0.213858	0.323405	0.00248134	-0.15219	-0.0382561
0.539225	-0.214016	0.32337	0.00439315	-0.153073	-0.035807
0.53923	-0.214172	0.323332	0.00471379	-0.153607	-0.0362172
0.539232	-0.214332	0.323297	0.00338748	-0.156178	-0.0377172
0.539238	-0.214484	0.323256	0.00647465	-0.153041	-0.0360148
0.539244	-0.214635	0.323216	0.00680157	-0.151621	-0.037333
0.53925	-0.214791	0.323181	0.00807874	-0.150188	-0.0355695
0.539253	-0.214949	0.323139	0.006484	-0.151203	-0.0386436
0.539257	-0.215098	0.323091	0.00547133	-0.152501	-0.0405394
0.539265	-0.215257	0.323053	0.00734111	-0.154853	-0.037307
0.539271	-0.215417	0.323017	0.00581254	-0.156967	-0.0365204
0.539275	-0.215573	0.322975	0.00510109	-0.156495	-0.0377404
0.53928	-0.21573	0.322932	0.00522181	-0.155782	-0.0383281
0.539287	-0.215884	0.322898	0.00504022	-0.154971	-0.0381242
0.539293	-0.216039	0.322852	0.00636708	-0.152559	-0.0372093
0.539299	-0.216193	0.322807	0.00593811	-0.153871	-0.0403761
0.539307	-0.216349	0.322766	0.00546451	-0.155625	-0.0391694
0.539314	-0.216503	0.322715	0.00631639	-0.155388	-0.0396473
0.539326	-0.216658	0.32267	0.00681379	-0.155031	-0.0430627
0.539333	-0.216814	0.322628	0.00853684	-0.152585	-0.0413865
0.53934	-0.216966	0.322574	0.0089131	-0.151378	-0.0473598
0.539353	-0.217114	0.322534	0.0100384	-0.15066	-0.0441708
0.539354	-0.217278	0.322476	0.00870249	-0.153909	-0.0469365
0.539366	-0.217426	0.322427	0.00971449	-0.154174	-0.045742
0.539378	-0.217578	0.322387	0.0102688	-0.151655	-0.0447412
0.539388	-0.217736	0.322334	0.011366	-0.152701	-0.0455547
0.539399	-0.217888	0.322293	0.0106723	-0.151818	-0.043897
0.539408	-0.218038	0.322244	0.0121166	-0.151463	-0.0414522
0.539418	-0.218188	0.322189	0.0112663	-0.154664	-0.0443263
0.53943	-0.218337	0.322145	0.010391	-0.152425	-0.0463019
0.53944	-0.218488	0.322086	0.0107271	-0.151706	-0.0489504
0.539453	-0.218636	0.322044	0.0110311	-0.152372	-0.0470178
0.539465	-0.218787	0.321999	0.0109053	-0.151501	-0.0476325
0.539476	-0.21894	0.321954	0.0112449	-0.151884	-0.0469102
0.539485	-0.219091	0.321902	0.0105431	-0.149467	-0.0500345
0.539497	-0.219233	0.321842	0.0118746	-0.146613	-0.0520188
0.539507	-0.219384	0.321793	0.0104882	-0.146856	-0.054657
0.539518	-0.219537	0.321748	0.00919272	-0.147957	-0.0511598
0.539529	-0.219687	0.321698	0.0102419	-0.147016	-0.0506999
0.539543	-0.219834	0.321647	0.0107499	-0.148205	-0.0520268
0.539554	-0.219983	0.321593	0.0112758	-0.14691	-0.0538106
0.539568	-0.220127	0.321541	0.0117159	-0.147907	-0.0529023
0.539583	-0.22027	0.321487	0.0117851	-0.144384	-0.053065
0.539596	-0.220417	0.321435	0.0122502	-0.144804	-0.0532461
0.539607	-0.220565	0.321386	0.0119604	-0.145861	-0.0524205
0.539618	-0.220713	0.321331	0.0132779	-0.146919	-0.0524128
0.539632	-0.220861	0.321285	0.0126727	-0.148467	-0.0551125
0.539648	-0.221006	0.321234	0.0127239	-0.146728	-0.0551626
0.539659	-0.221157	0.321177	0.0121552	-0.147304	-0.0559592
0.53967	-0.221299	0.32113	0.011444	-0.146048	-0.0529203
0.539687	-0.221443	0.321082	0.0135282	-0.144943	-0.0504735
0.539697	-0.221588	0.321027	0.0124862	-0.144137	-0.0576354
0.539711	-0.221733	0.320981	0.0132825	-0.143965	-0.052073
0.539723	-0.22188	0.32092	0.0130758	-0.145187	-0.0528381
0.539736	-0.222029	0.320868	0.0124017	-0.146359	-0.0550833
0.53975	-0.222169	0.320816	0.0121688	-0.14253	-0.0543
0.539761	-0.222317	0.32076	0.0117304	-0.143384	-0.0542363
0.539776	-0.222462	0.32071	0.0128143	-0.142902	-0.0549806
0.539788	-0.222603	0.320647	0.0128093	-0.142462	-0.0565355
0.539804	-0.22275	0.320593	0.0124354	-0.144892	-0.059147
0.53982	-0.222896	0.320542	0.0132826	-0.145583	-0.0547407
0.539834	-0.223045	0.320484	0.0137664	-0.144871	-0.0551638
0.53985	-0.223189	0.320433	0.0127906	-0.146691	-0.0573482
0.539864	-0.223338	0.320377	0.0143456	-0.149084	-0.0533132
0.539879	-0.223487	0.320321	0.0137389	-0.149496	-0.0538712
0.539897	-0.223628	0.320259	0.0160674	-0.145282	-0.0559422
0.539912	-0.223778	0.320203	0.0163666	-0.14661	-0.0534989
0.539933	-0.223929	0.320152	0.0168746	-0.147772	-0.0542818
0.539953	-0.224074	0.320096	0.017016	-0.145765	-0.0546592
0.539969	-0.224223	0.320033	0.0168789	-0.146066	-0.0594579
0.539987	-0.224368	0.319971	0.0163745	-0.146507	-0.0615923
0.540006	-0.224515	0.319906	0.0190823	-0.145089	-0.0597399
0.540027	-0.224659	0.319849	0.0197224	-0.145386	-0.0607218
0.54005	-0.224805	0.319795	0.020638	-0.14587	-0.0572145
0.540071	-0.224951	0.319733	0.0186655	-0.147358	-0.0599508
0.540095	-0.225094	0.319674	0.0193424	-0.145856	-0.0606132
0.540115	-0.225244	0.319612	0.0207244	-0.147865	-0.0585352
0.540137	-0.225386	0.319548	0.0206427	-0.147001	-0.0610299
0.540158	-0.22553	0.319492	0.020099	-0.146891	-0.0610506
0.540181	-0.225674	0.319434	0.0212785	-0.145511	-0.0581486
0.540204	-0.225821	0.319381	0.0198691	-0.146795	-0.0601013
0.540231	-0.225964	0.319319	0.0201902	-0.146687	-0.0624893
0.540254	-0.226105	0.319261	0.0210562	-0.145858	-0.0632995
0.540278	-0.226246	0.319203	0.0221002	-0.144634	-0.0600976
0.5403	-0.22639	0.319141	0.0217499	-0.145295	-0.0608469
0.540324	-0.226533	0.319087	0.0219628	-0.14393	-0.0620859
0.540349	-0.226682	0.319034	0.023605	-0.142292	-0.0611199
0.540373	-0.226823	0.318971	0.0229617	-0.141903	-0.0618131
0.540396	-0.226961	0.318908	0.0231006	-0.140032	-0.0601539
0.540416	-0.227107	0.318843	0.0232753	-0.139915	-0.0599089
0.540438	-0.227244	0.318787	0.022858	-0.137709	-0.0617053
0.54046	-0.227383	0.318727	0.0213138	-0.139815	-0.0617375
0.540488	-0.227526	0.31867	0.0226389	-0.141062	-0.0604666
0.540508	-0.227665	0.318608	0.0217018	-0.138561	-0.0616018
0.540531	-0.227802	0.318546	0.023125	-0.137235	-0.057308
0.540552	-0.227947	0.318488	0.022442	-0.141827	-0.0570389
0.540573	-0.228089	0.318425	0.0214147	-0.14149	-0.0601429
0.540595	-0.228231	0.318354	0.0226362	-0.139955	-0.0637648
0.540621	-0.228368	0.318296	0.0240677	-0.13919	-0.0607781
0.540643	-0.22851	0.318234	0.0230211	-0.138862	-0.0614221
0.540665	-0.228653	0.31817	0.0217332	-0.140224	-0.066003
0.540685	-0.228793	0.318105	0.0217412	-0.138882	-0.0648456
0.540706	-0.228936	0.318032	0.0235489	-0.138738	-0.065477
0.540725	-0.229077	0.317959	0.0225217	-0.138331	-0.0671478
0.540747	-0.229222	0.317892	0.0225504	-0.14115	-0.0648299
0.540767	-0.229365	0.317824	0.0214392	-0.140093	-0.0667532
0.540786	-0.229507	0.317751	0.020277	-0.138744	-0.0696443
0.540806	-0.22965	0.31768	0.022925	-0.139671	-0.0644478
0.540826	-0.229792	0.317607	0.0212867	-0.141626	-0.0671248
0.540852	-0.229932	0.317544	0.0228459	-0.1404	-0.0657741
0.540869	-0.23008	0.317466	0.0208107	-0.14471	-0.0669485
0.540894	-0.23022	0.317399	0.0227544	-0.141149	-0.067482
0.540915	-0.230361	0.317316	0.0216128	-0.1409	-0.0718717
0.540936	-0.230502	0.317236	0.0213556	-0.138167	-0.0787964
0.540962	-0.230645	0.317167	0.0213871	-0.14102	-0.0766654
0.540982	-0.230779	0.317079	0.0212772	-0.139753	-0.0801793
0.541009	-0.230916	0.317007	0.021381	-0.139546	-0.0821603
0.541034	-0.231058	0.316934	0.0219065	-0.13814	-0.0813412
0.541061	-0.231192	0.316851	0.0235457	-0.135932	-0.0796341
0.541086	-0.231324	0.316771	0.0234527	-0.134138	-0.0795268
0.541112	-0.231461	0.316695	0.0254088	-0.135962	-0.0770385
0.541138	-0.231596	0.316622	0.025732	-0.137587	-0.074175
0.541164	-0.231732	0.316548	0.0258842	-0.137445	-0.0741042
0.541189	-0.231868	0.316458	0.0253365	-0.135347	-0.080677
0.541218	-0.232003	0.316383	0.0260904	-0.134249	-0.0783238
0.541244	-0.23214	0.316308	0.0272454	-0.134877	-0.0743444
0.541269	-0.232276	0.316227	0.026176	-0.134911	-0.0804496
0.541298	-0.232411	0.316148	0.0261944	-0.13511	-0.0830012
0.541321	-0.232549	0.316054	0.0248964	-0.136597	-0.0846055
0.541351	-0.232689	0.315982	0.0260685	-0.138541	-0.0792978
0.541378	-0.232826	0.315904	0.0254958	-0.137767	-0.0788749
0.541404	-0.232964	0.315824	0.0256452	-0.136646	-0.0833682
0.541429	-0.233101	0.315738	0.0247854	-0.137436	-0.0843215
0.541456	-0.233233	0.315652	0.0276488	-0.13698	-0.0803343
0.541481	-0.233369	0.315579	0.027269	-0.135909	-0.0817248
0.541508	-0.233509	0.315503	0.0267614	-0.136201	-0.0819989
0.541533	-0.233643	0.31542	0.0262602	-0.135297	-0.0797965
0.541557	-0.233776	0.315334	0.0240188	-0.13453	-0.0830651
0.54158	-0.233911	0.315246	0.0256752	-0.133302	-0.0826952
0.541604	-0.234048	0.315173	0.0236916	-0.13704	-0.0825912
0.541631	-0.234186	0.3151	0.0252699	-0.136649	-0.0774581
0.541654	-0.234323	0.315011	0.0255553	-0.13631	-0.0791974
0.541683	-0.234453	0.314934	0.0266949	-0.132681	-0.078877
0.541705	-0.234588	0.314847	0.0244904	-0.135381	-0.0796531
0.541727	-0.234723	0.314763	0.0229538	-0.138988	-0.0844987
0.541752	-0.234856	0.314679	0.0231246	-0.139177	-0.084065
0.541774	-0.234994	0.314592	0.0226529	-0.138074	-0.0861963
0.541802	-0.235126	0.31451	0.0237901	-0.136434	-0.0841971
0.541823	-0.235268	0.314428	0.0224426	-0.138224	-0.0825716
0.541845	-0.235402	0.314342	0.0219618	-0.134851	-0.088408
0.541868	-0.235538	0.314257	0.0222742	-0.134111	-0.0851129
0.541893	-0.235671	0.314164	0.0244909	-0.13358	-0.0860546
0.541916	-0.235809	0.31408	0.0243736	-0.134257	-0.0852668
0.541943	-0.235945	0.313997	0.0252148	-0.134893	-0.0843156
0.541965	-0.236083	0.313902	0.0255364	-0.134346	-0.0871734
0.541989	-0.236217	0.313814	0.0247598	-0.135072	-0.0874558
0.542017	-0.236349	0.313723	0.0276506	-0.13299	-0.0848422
0.542039	-0.236482	0.313633	0.0251956	-0.134294	-0.0845378
0.542063	-0.236623	0.313549	0.0250749	-0.13615	-0.0826228
0.542092	-0.236752	0.313464	0.0272906	-0.132004	-0.0835837
0.542121	-0.236885	0.313386	0.0267594	-0.132824	-0.0839669
0.542147	-0.237016	0.313289	0.024918	-0.132416	-0.0898577
0.542175	-0.237142	0.313203	0.025545	-0.130929	-0.0925871
0.542201	-0.237271	0.313112	0.0258995	-0.128741	-0.0927375
0.542232	-0.237401	0.313026	0.0277988	-0.128564	-0.0894646
0.542261	-0.237531	0.312938	0.0269603	-0.128998	-0.0895112
0.542296	-0.237657	0.312855	0.0289106	-0.127324	-0.0874613
0.542322	-0.23779	0.312763	0.0278781	-0.128304	-0.0892554
0.542351	-0.237916	0.312681	0.0268955	-0.127044	-0.0885852
0.542382	-0.238039	0.312585	0.0287812	-0.126514	-0.0914068
0.542414	-0.238161	0.312496	0.0299494	-0.126563	-0.0889608
0.542447	-0.238288	0.312418	0.0301537	-0.126956	-0.0842184
0.542476	-0.238408	0.312319	0.029071	-0.124433	-0.0876665
0.542501	-0.23854	0.312232	0.0271686	-0.127495	-0.0885451
0.542532	-0.23866	0.312134	0.0302481	-0.125552	-0.0893007
0.542562	-0.238785	0.312045	0.0295036	-0.12709	-0.0884231
0.54259	-0.238909	0.311953	0.0280013	-0.128389	-0.0882123
0.542621	-0.239034	0.311861	0.0277897	-0.125666	-0.0920933
0.542649	-0.239158	0.311764	0.0292959	-0.123902	-0.0931636
0.542676	-0.239278	0.311658	0.0282781	-0.122954	-0.09455
0.542703	-0.2394	0.311562	0.0278068	-0.123561	-0.0957397
0.542731	-0.23952	0.311471	0.0271584	-0.123853	-0.0939528
0.542761	-0.239639	0.311373	0.0287141	-0.122598	-0.0944865
0.542788	-0.239762	0.311279	0.0274885	-0.123571	-0.0952103
0.542816	-0.23988	0.311178	0.0287605	-0.120064	-0.0962612
0.542842	-0.239999	0.311072	0.0286291	-0.119531	-0.0985856
0.542868	-0.24012	0.31097	0.027881	-0.118308	-0.101136
0.542887	-0.240242	0.310856	0.027389	-0.120723	-0.102193
0.542915	-0.240358	0.31075	0.0277083	-0.11917	-0.105528
0.54294	-0.240484	0.31065	0.0280694	-0.11893	-0.102849
0.542966	-0.240598	0.310539	0.027282	-0.116248	-0.105777
0.542992	-0.240712	0.310433	0.0247835	-0.115638	-0.106888
0.543012	-0.240834	0.310317	0.0248256	-0.117754	-0.104427
0.543034	-0.240956	0.310209	0.0231206	-0.118367	-0.10577
0.54306	-0.241071	0.310104	0.0233572	-0.116285	-0.106104
0.543083	-0.241188	0.309986	0.0239127	-0.115763	-0.108136
0.54311	-0.241305	0.309886	0.0244733	-0.115295	-0.108421
0.543133	-0.24142	0.309767	0.0234178	-0.113307	-0.112269
0.543152	-0.241544	0.30966	0.0223965	-0.116255	-0.11093
0.543174	-0.24166	0.309548	0.020753	-0.116524	-0.113925
0.543197	-0.241773	0.309434	0.021209	-0.115156	-0.112961
0.543221	-0.241888	0.309316	0.0208463	-0.112981	-0.115771
0.543249	-0.241999	0.309207	0.0218287	-0.112534	-0.114074
0.543269	-0.242119	0.309092	0.0210419	-0.113803	-0.113422
0.543292	-0.242232	0.308983	0.0232701	-0.109102	-0.109936
0.543316	-0.24235	0.308868	0.0249033	-0.111746	-0.107115
0.543338	-0.24246	0.308758	0.0232721	-0.110835	-0.108864
0.543359	-0.242575	0.308645	0.0235683	-0.111411	-0.107883
0.543381	-0.242687	0.30853	0.0235606	-0.109865	-0.109121
0.543403	-0.242804	0.308418	0.0220291	-0.111252	-0.112222
0.543427	-0.242915	0.308298	0.0216746	-0.112605	-0.112965
0.543448	-0.243029	0.30819	0.021949	-0.111136	-0.115911
0.543473	-0.243134	0.308078	0.0225641	-0.108886	-0.114792
0.543492	-0.243246	0.307952	0.0218275	-0.110427	-0.11667
0.543513	-0.243364	0.307839	0.0209608	-0.113387	-0.119311
0.543538	-0.243475	0.307726	0.0223075	-0.112569	-0.116378
0.543559	-0.243584	0.307604	0.0224827	-0.11088	-0.115305
0.543582	-0.243691	0.307489	0.0230113	-0.107901	-0.115428
0.543603	-0.243799	0.307366	0.0262399	-0.106728	-0.110523
0.543624	-0.243907	0.307247	0.0244961	-0.106095	-0.112611
0.543643	-0.244025	0.307127	0.0221624	-0.108512	-0.116157
0.543667	-0.24413	0.307003	0.0227462	-0.104712	-0.118556
0.54369	-0.244238	0.306882	0.0235304	-0.104021	-0.120201
0.543713	-0.244347	0.306763	0.0246138	-0.106026	-0.115784
0.543738	-0.244449	0.306641	0.0240378	-0.105444	-0.122879
0.543756	-0.244562	0.306513	0.0225228	-0.108955	-0.125162
0.543777	-0.24467	0.306381	0.0216587	-0.108848	-0.127755
0.543802	-0.244774	0.306263	0.0232146	-0.107367	-0.124144
0.543827	-0.244881	0.306141	0.0242777	-0.106291	-0.122721
0.543848	-0.244987	0.306021	0.0231336	-0.105537	-0.12315
0.543869	-0.245098	0.305901	0.0210379	-0.107325	-0.122865
0.543888	-0.24521	0.305772	0.0225558	-0.108498	-0.119883
0.54391	-0.245318	0.305659	0.0242705	-0.106224	-0.116428
0.54393	-0.245424	0.305531	0.0221182	-0.107106	-0.119902
0.543954	-0.245525	0.305408	0.0236902	-0.104685	-0.116934
0.543975	-0.24563	0.305283	0.0223888	-0.107287	-0.118667
0.543999	-0.245738	0.305168	0.0232534	-0.107958	-0.113092
0.544017	-0.245841	0.305048	0.0212581	-0.109354	-0.112959
0.544035	-0.24595	0.30492	0.0204313	-0.105992	-0.118712
0.54407	-0.246155	0.304674	0.0184055	-0.102785	-0.121773
0.544091	-0.246259	0.304557	0.018812	-0.103085	-0.122081
0.544107	-0.246363	0.304438	0.0189447	-0.103062	-0.124326
0.544127	-0.246468	0.304318	0.0186344	-0.103205	-0.124826
0.544141	-0.24657	0.304188	0.0175719	-0.100909	-0.124653
0.544157	-0.246672	0.304069	0.0169167	-0.100081	-0.122761
0.544173	-0.246777	0.303943	0.0186687	-0.0991031	-0.121414
0.54419	-0.246874	0.30382	0.0170762	-0.0986883	-0.121574
0.544205	-0.246975	0.30369	0.0170211	-0.0997494	-0.121149
0.544218	-0.24708	0.30356	0.0153838	-0.103119	-0.122167
0.544234	-0.247185	0.303437	0.0134742	-0.104116	-0.124054
0.544251	-0.247286	0.303312	0.0141355	-0.101101	-0.125844
0.544264	-0.247386	0.303184	0.0150341	-0.0991754	-0.12578
0.544276	-0.247488	0.303056	0.0137841	-0.0999413	-0.125838
0.544289	-0.247593	0.302924	0.0154856	-0.100636	-0.125106
0.5443	-0.247696	0.302794	0.0132208	-0.101756	-0.127009
0.544314	-0.247796	0.302653	0.014422	-0.100971	-0.12893
0.544328	-0.247899	0.302519	0.0150523	-0.100754	-0.127829
0.544345	-0.247999	0.30239	0.0153081	-0.0998821	-0.125109
0.544359	-0.248101	0.302253	0.013706	-0.100099	-0.129016
0.544371	-0.248205	0.302125	0.0126562	-0.101676	-0.131822
0.54438	-0.248308	0.301983	0.0117934	-0.100267	-0.132587
0.544395	-0.248408	0.301853	0.0133639	-0.0984108	-0.130035
0.544408	-0.248511	0.301719	0.0136676	-0.0993418	-0.131581
0.544425	-0.248611	0.301586	0.0133689	-0.0993356	-0.132885
0.544438	-0.248717	0.301449	0.0146555	-0.10021	-0.131965
0.544453	-0.248822	0.301324	0.0135805	-0.101145	-0.131106
0.544466	-0.248924	0.30119	0.0154884	-0.100087	-0.129641
0.544483	-0.249021	0.301058	0.01454	-0.100985	-0.132835
0.544496	-0.249128	0.300917	0.0139677	-0.101363	-0.135958
0.544514	-0.249217	0.300781	0.0160541	-0.0962438	-0.135066
0.544532	-0.249317	0.300651	0.0160619	-0.0980726	-0.135141
0.54455	-0.249418	0.300518	0.0182944	-0.0990704	-0.134199
0.544565	-0.249519	0.300386	0.0171139	-0.0988604	-0.135841
0.544582	-0.249617	0.300251	0.0161758	-0.0991666	-0.136655
0.544595	-0.249714	0.300117	0.0164389	-0.0979912	-0.132821
0.544613	-0.249817	0.299995	0.0169019	-0.100372	-0.130463
0.544627	-0.249915	0.299858	0.0147262	-0.0996232	-0.133526
0.544641	-0.250014	0.299723	0.01544	-0.0996726	-0.130947
0.544658	-0.25011	0.299593	0.015411	-0.0981006	-0.131221
0.544675	-0.250204	0.299459	0.0177907	-0.0969925	-0.129986
0.54469	-0.250299	0.29933	0.0163323	-0.0954091	-0.131311
0.544705	-0.250397	0.299193	0.0161699	-0.0938879	-0.134421
0.544721	-0.25049	0.299056	0.0158252	-0.0939085	-0.135311
0.544736	-0.250587	0.298925	0.0145961	-0.0955047	-0.135126
0.544749	-0.250686	0.298792	0.0159915	-0.0960252	-0.131714
0.544762	-0.250784	0.298662	0.0137208	-0.0996367	-0.133988
0.544776	-0.250885	0.298526	0.0142986	-0.0989684	-0.131698
0.544791	-0.250985	0.298399	0.0144543	-0.0991907	-0.129405
0.544804	-0.25108	0.298265	0.0126182	-0.0979865	-0.132854
0.544817	-0.251182	0.298132	0.0122201	-0.10108	-0.131692
0.544827	-0.251284	0.297999	0.0124266	-0.101029	-0.134079
0.544841	-0.251382	0.297862	0.0130674	-0.099895	-0.130871
0.544851	-0.251484	0.297724	0.011241	-0.103997	-0.130951
0.544864	-0.251582	0.297591	0.0113563	-0.10224	-0.136544
0.544879	-0.25168	0.297452	0.0124003	-0.100236	-0.138068
0.54489	-0.251785	0.297319	0.0114724	-0.102848	-0.135076
0.544901	-0.251885	0.297191	0.0116557	-0.101923	-0.132888
0.54491	-0.251991	0.297066	0.0105758	-0.103654	-0.128423
0.544916	-0.252089	0.296927	0.00887253	-0.103349	-0.131714
0.544926	-0.252193	0.2968	0.00955927	-0.101792	-0.129056
0.544938	-0.252289	0.296668	0.0100978	-0.100434	-0.129265
0.544946	-0.252391	0.29654	0.00841629	-0.102704	-0.129598
0.544957	-0.252489	0.296406	0.0112982	-0.10255	-0.124571
0.544967	-0.252597	0.296284	0.0104229	-0.102774	-0.127197
0.544979	-0.252691	0.296153	0.0106784	-0.0983434	-0.128679
0.544986	-0.252782	0.296014	0.0102058	-0.092377	-0.13277
0.544996	-0.252886	0.295884	0.0096438	-0.0963981	-0.13322
0.545007	-0.252978	0.295748	0.00991874	-0.0962425	-0.136215
0.545014	-0.253077	0.295616	0.0104483	-0.0950093	-0.133502
0.545023	-0.25317	0.295485	0.0113498	-0.0912344	-0.132679
0.545033	-0.253266	0.295355	0.0126842	-0.0901519	-0.129439
0.545041	-0.253367	0.295229	0.0108359	-0.0913503	-0.12805
0.545052	-0.253458	0.295093	0.0103877	-0.0917786	-0.129787
0.545057	-0.253555	0.294958	0.00893319	-0.0920891	-0.12926
0.545064	-0.253653	0.294822	0.00900303	-0.0943256	-0.1331
0.545071	-0.253742	0.294683	0.0098766	-0.09138	-0.132916
0.545079	-0.253836	0.294546	0.0077428	-0.0921597	-0.137456
0.545087	-0.253931	0.294409	0.0082962	-0.093512	-0.134497
0.545097	-0.254023	0.294273	0.00911689	-0.0927105	-0.13615
0.545109	-0.254116	0.294144	0.00943104	-0.0930668	-0.135574
0.545112	-0.254216	0.294004	0.0074047	-0.0930388	-0.138166
0.545117	-0.254313	0.293866	0.00684608	-0.0929069	-0.140815
0.545126	-0.254402	0.293727	0.00809577	-0.092255	-0.137261
0.545134	-0.254499	0.293589	0.0071689	-0.0946852	-0.136012
0.545138	-0.254597	0.293447	0.00536789	-0.0971155	-0.1376
0.545145	-0.254696	0.293302	0.00419714	-0.100766	-0.13806
0.545155	-0.254793	0.293164	0.00759634	-0.0994145	-0.133789
0.545163	-0.254892	0.293023	0.00772903	-0.0994152	-0.136701
0.54517	-0.254986	0.292883	0.00708283	-0.0981505	-0.138245
0.54518	-0.255086	0.292744	0.00767223	-0.0976275	-0.138044
0.545193	-0.255172	0.292601	0.00793515	-0.0936167	-0.141398
0.545199	-0.255274	0.292459	0.00790686	-0.0993209	-0.137282
0.545205	-0.255373	0.292318	0.00692812	-0.0986344	-0.139802
0.545215	-0.255466	0.292179	0.00845598	-0.0979928	-0.139669
0.545222	-0.255563	0.292041	0.00754942	-0.0990725	-0.137413
0.545235	-0.255659	0.291911	0.0094133	-0.0973882	-0.134634
0.545248	-0.255755	0.29178	0.00987739	-0.0974511	-0.1303
0.545257	-0.255851	0.291645	0.00911513	-0.0977747	-0.132095
0.545264	-0.255949	0.291502	0.00808061	-0.09848	-0.133072
0.545274	-0.256043	0.291365	0.00826807	-0.0966181	-0.137492
0.545311	-0.256319	0.290964	0.0104501	-0.0937375	-0.133596
0.545324	-0.256415	0.290834	0.00999525	-0.0964163	-0.133354
0.545333	-0.256513	0.290701	0.00923902	-0.0964878	-0.13378
0.545348	-0.2566	0.290574	0.0100768	-0.0929686	-0.134149
0.545357	-0.256695	0.290445	0.0104908	-0.0920049	-0.131885
0.545369	-0.256785	0.290314	0.00988784	-0.0908952	-0.138219
0.54538	-0.256879	0.290178	0.00971153	-0.0916144	-0.137357
0.545392	-0.256968	0.290053	0.0102091	-0.0902959	-0.133825
0.545404	-0.257064	0.289927	0.0107928	-0.0929879	-0.131894
0.545415	-0.257162	0.289793	0.0114423	-0.0937918	-0.130643
0.545423	-0.257257	0.289662	0.00969804	-0.0930412	-0.133217
0.545437	-0.257344	0.289531	0.0112316	-0.0910429	-0.132205
0.545446	-0.257438	0.289395	0.0100122	-0.0934105	-0.130653
0.545454	-0.257533	0.289262	0.00954262	-0.0947026	-0.134607
0.545467	-0.257624	0.28913	0.00922267	-0.0944977	-0.13335
0.545473	-0.257719	0.288994	0.00989208	-0.0941684	-0.132425
0.545488	-0.257812	0.28887	0.0119536	-0.0935034	-0.128684
0.545496	-0.257908	0.288741	0.0124283	-0.0933155	-0.124946
0.545506	-0.258003	0.288604	0.0115277	-0.0933828	-0.127952
0.545517	-0.258095	0.288472	0.012264	-0.09302	-0.126214
0.545528	-0.258187	0.28834	0.0120117	-0.0932321	-0.125616
0.545537	-0.258283	0.288205	0.0107595	-0.0925929	-0.131018
0.545547	-0.258377	0.28807	0.0117674	-0.092493	-0.130109
0.545556	-0.258479	0.287942	0.0107078	-0.0963544	-0.13458
0.545571	-0.258569	0.287815	0.0120518	-0.0940935	-0.13404
0.545584	-0.258659	0.287689	0.0124471	-0.0936177	-0.130417
0.5456	-0.258749	0.287565	0.0119069	-0.094428	-0.129206
0.545611	-0.258841	0.287438	0.0118626	-0.0929801	-0.125575
0.545624	-0.25893	0.287314	0.0121952	-0.091479	-0.127131
0.545636	-0.25902	0.287183	0.0114204	-0.0908575	-0.126797
0.545646	-0.259109	0.287051	0.0112104	-0.0917217	-0.127465
0.545657	-0.259202	0.286922	0.0105557	-0.0918035	-0.132743
0.545674	-0.259289	0.286795	0.0115895	-0.0919173	-0.129897
0.545688	-0.259381	0.286679	0.0136108	-0.0903251	-0.124431
0.5457	-0.259472	0.286552	0.0125759	-0.0895594	-0.127268
0.545712	-0.259562	0.286428	0.0120128	-0.0906647	-0.122904
0.545725	-0.259651	0.286307	0.0112097	-0.0911627	-0.123152
0.545738	-0.259737	0.286175	0.0105437	-0.0893544	-0.126865
0.545752	-0.259825	0.28606	0.0113699	-0.0889294	-0.124609
0.545767	-0.259911	0.285938	0.0133592	-0.0869546	-0.125518
0.545782	-0.259997	0.285816	0.0153889	-0.087074	-0.12317
0.545797	-0.26009	0.285701	0.0152298	-0.0874302	-0.125503
0.54581	-0.260178	0.285576	0.0134608	-0.0882472	-0.125872
0.545822	-0.260267	0.285452	0.0131447	-0.087217	-0.125561
0.545838	-0.260354	0.285331	0.0129293	-0.0886531	-0.123174
0.54585	-0.260443	0.285202	0.0110746	-0.088285	-0.127077
0.545859	-0.260537	0.285071	0.0108715	-0.0912699	-0.126148
0.545879	-0.260627	0.284954	0.0135908	-0.089588	-0.125585
0.545892	-0.260722	0.284834	0.0127226	-0.0922763	-0.12421
0.545907	-0.260813	0.284718	0.0129146	-0.0905398	-0.126435
0.545919	-0.260907	0.284589	0.0123163	-0.0917558	-0.126405
0.545935	-0.260993	0.284469	0.01486	-0.0889357	-0.120359
0.545948	-0.26109	0.284346	0.0137154	-0.0899308	-0.123086
0.54596	-0.261179	0.284216	0.0148357	-0.0909865	-0.120667
0.545979	-0.261265	0.284094	0.0161378	-0.0912931	-0.120498
0.545995	-0.261365	0.283972	0.0160803	-0.0939888	-0.121417
0.54601	-0.261456	0.28385	0.0153689	-0.0916541	-0.124577
0.546027	-0.261549	0.283732	0.015353	-0.0923246	-0.124023
0.546039	-0.261643	0.283604	0.0160506	-0.0930978	-0.123639
0.546056	-0.261733	0.283487	0.0177059	-0.0904932	-0.122666
0.546069	-0.261826	0.283361	0.0173055	-0.0897002	-0.122383
0.546082	-0.261919	0.283243	0.0174435	-0.0910408	-0.11756
0.546098	-0.262017	0.28313	0.0184859	-0.0924037	-0.113878
0.546113	-0.262108	0.28301	0.0161395	-0.0924476	-0.116194
0.546131	-0.262193	0.282894	0.0173345	-0.0892182	-0.112479
0.546145	-0.262289	0.28278	0.0158273	-0.0908767	-0.115096
0.546161	-0.262374	0.282661	0.016902	-0.0892683	-0.114441
0.546177	-0.262465	0.282545	0.0168785	-0.0896505	-0.113244
0.546195	-0.262555	0.282423	0.0167207	-0.0908059	-0.115211
0.546208	-0.262649	0.282307	0.0172479	-0.0902686	-0.111266
0.546227	-0.262738	0.282192	0.0177928	-0.0907333	-0.113631
0.546245	-0.262826	0.282077	0.0193393	-0.089807	-0.110706
0.546259	-0.262918	0.281963	0.016495	-0.0907099	-0.113814
0.54628	-0.262999	0.281846	0.0179817	-0.0867238	-0.11356
0.546292	-0.263093	0.281732	0.0177228	-0.0872901	-0.110839
0.54631	-0.263179	0.281622	0.0183566	-0.087044	-0.108591
0.546326	-0.263268	0.281509	0.0183945	-0.0857342	-0.10879
0.546342	-0.263361	0.281397	0.0185358	-0.0863953	-0.113606
0.546361	-0.263449	0.281286	0.0176904	-0.084508	-0.11515
0.546375	-0.263534	0.281172	0.0176839	-0.0828374	-0.113896
0.546393	-0.263617	0.281061	0.0177279	-0.0841648	-0.112862
0.546407	-0.263704	0.280945	0.0162998	-0.0859115	-0.112221
0.546417	-0.263792	0.28082	0.0143127	-0.0860942	-0.114774
0.546431	-0.263882	0.280705	0.0151296	-0.0873725	-0.11359
0.546444	-0.263969	0.280587	0.0151141	-0.0858043	-0.115717
0.546458	-0.264061	0.280478	0.0136873	-0.0865741	-0.114317
0.546471	-0.264148	0.280356	0.0127807	-0.0851039	-0.118771
0.546486	-0.26423	0.280242	0.0135091	-0.084984	-0.115874
0.546493	-0.264326	0.280124	0.0104518	-0.0892545	-0.114517
0.546504	-0.264412	0.280003	0.0130133	-0.0858977	-0.11462
0.546516	-0.264497	0.27989	0.0136534	-0.0834137	-0.114735
0.546528	-0.264582	0.279763	0.0127192	-0.0831873	-0.119549
0.546541	-0.264671	0.279645	0.0121388	-0.0853589	-0.116935
0.546554	-0.26476	0.279527	0.0120115	-0.0861882	-0.121673
0.546568	-0.264846	0.279412	0.012548	-0.0864127	-0.118627
0.546582	-0.264929	0.279298	0.0133264	-0.0842397	-0.117233
0.546589	-0.265018	0.279171	0.0113382	-0.0849047	-0.119855
0.5466	-0.265103	0.279052	0.0113275	-0.0842821	-0.117099
0.546609	-0.26519	0.27894	0.0112825	-0.0844342	-0.11628
0.546623	-0.265277	0.278827	0.0118699	-0.0853574	-0.114036
0.546638	-0.265362	0.278722	0.014749	-0.0842029	-0.107795
0.546653	-0.265441	0.278607	0.0143859	-0.082865	-0.112739
0.546665	-0.265527	0.278499	0.0156561	-0.0835848	-0.107899
0.546676	-0.265612	0.278387	0.0147389	-0.0817569	-0.114509
0.546686	-0.265697	0.278269	0.0136926	-0.0806487	-0.116877
0.5467	-0.26578	0.278163	0.0139725	-0.0807382	-0.113539
0.546713	-0.265865	0.278049	0.0124665	-0.081005	-0.115789
0.546728	-0.265947	0.277939	0.013013	-0.0819094	-0.111373
0.546743	-0.26603	0.277834	0.0141972	-0.0823075	-0.112659
0.546762	-0.266109	0.277729	0.0154716	-0.0813716	-0.109726
0.546773	-0.266194	0.277612	0.0140048	-0.0841002	-0.109959
0.546792	-0.266272	0.277506	0.0156112	-0.0815193	-0.110715
0.546804	-0.266355	0.277394	0.0147541	-0.0817906	-0.110805
0.546817	-0.266437	0.277287	0.0145053	-0.0807418	-0.109636
0.546831	-0.266517	0.277177	0.0141865	-0.0807496	-0.110639
0.546845	-0.266603	0.277067	0.0146776	-0.0816753	-0.107688
0.546864	-0.266682	0.276966	0.0161814	-0.0805516	-0.105013
0.546878	-0.266769	0.276859	0.0142346	-0.0824634	-0.10403
0.546894	-0.266849	0.27675	0.0156797	-0.0815603	-0.104921
0.546905	-0.266931	0.276635	0.0147427	-0.0803492	-0.107379
0.546915	-0.267021	0.276521	0.0148325	-0.0841654	-0.104734
0.546931	-0.267097	0.276411	0.0136977	-0.0814309	-0.107259
0.546943	-0.267183	0.276301	0.0129995	-0.0825439	-0.106174
0.546955	-0.267266	0.276191	0.0141011	-0.081609	-0.105829
0.546974	-0.267345	0.276088	0.0159876	-0.0795946	-0.10512
0.546986	-0.267432	0.275983	0.0138743	-0.0792151	-0.107253
0.546997	-0.267513	0.275864	0.0130369	-0.0799542	-0.110828
0.54701	-0.267593	0.275754	0.0129658	-0.0801369	-0.1106
0.547022	-0.267677	0.275643	0.014249	-0.0805244	-0.108699
0.547031	-0.26776	0.275531	0.0125035	-0.0810175	-0.109686
0.547042	-0.267843	0.275419	0.0126725	-0.0804305	-0.10922
0.547056	-0.267924	0.275306	0.013743	-0.079279	-0.109385
0.547074	-0.268003	0.275196	0.0148715	-0.0774598	-0.110543
0.547085	-0.26809	0.275088	0.0137438	-0.0809685	-0.109076
0.547098	-0.268174	0.274981	0.0138438	-0.0814932	-0.108813
0.54711	-0.268253	0.274866	0.0126617	-0.0789996	-0.111837
0.547122	-0.268336	0.274756	0.0136697	-0.078032	-0.111992
0.547138	-0.268409	0.274642	0.0131066	-0.0776942	-0.112392
0.547148	-0.268495	0.274535	0.0121026	-0.0795836	-0.111583
0.547164	-0.268578	0.274436	0.0129047	-0.079906	-0.113658
0.54718	-0.268654	0.274323	0.012124	-0.0799626	-0.113697
0.547194	-0.268736	0.274216	0.0118991	-0.0808761	-0.112782
0.547206	-0.268813	0.274106	0.0111213	-0.0818532	-0.110865
0.547218	-0.268899	0.274003	0.0114087	-0.0829555	-0.106994
0.54723	-0.268981	0.273896	0.0121469	-0.0827024	-0.104862
0.547244	-0.269058	0.273784	0.0126738	-0.0791065	-0.107346
0.547257	-0.269136	0.273674	0.0128227	-0.0776675	-0.108196
0.547268	-0.269219	0.273563	0.0119043	-0.0799388	-0.110772
0.547285	-0.269303	0.273464	0.0132315	-0.0808727	-0.107619
0.547299	-0.269382	0.27336	0.0132058	-0.0790753	-0.106161
0.547311	-0.269467	0.27325	0.0117059	-0.0809688	-0.108761
0.547322	-0.269543	0.273135	0.0131204	-0.0795748	-0.10726
0.547334	-0.269625	0.273035	0.0132427	-0.0811121	-0.104459
0.547352	-0.269698	0.272925	0.0142125	-0.0779189	-0.10694
0.547363	-0.269779	0.272827	0.0139876	-0.0772067	-0.104115
0.547379	-0.269856	0.272725	0.0137613	-0.0787924	-0.104136
0.547393	-0.269937	0.27262	0.0136658	-0.0780441	-0.105819
0.547406	-0.270017	0.272515	0.0113244	-0.0805207	-0.105089
0.54742	-0.270095	0.272413	0.0117792	-0.0816236	-0.101332
0.54743	-0.270174	0.272309	0.0118918	-0.0808084	-0.0990039
0.547445	-0.270253	0.272207	0.0141451	-0.0797468	-0.0985792
0.547457	-0.270328	0.272099	0.0136585	-0.0789231	-0.100336
0.547468	-0.270405	0.271992	0.0138252	-0.0775522	-0.100055
0.547482	-0.270482	0.271887	0.0154501	-0.0761355	-0.100135
0.547495	-0.27056	0.271785	0.0159164	-0.0758819	-0.0983395
0.54751	-0.270639	0.271689	0.0152314	-0.0767339	-0.0989123
0.54752	-0.270717	0.271577	0.0131755	-0.0763861	-0.104383
0.54753	-0.270797	0.271472	0.0107789	-0.0785111	-0.105573
0.54754	-0.270878	0.271364	0.0109566	-0.0775441	-0.108106
0.547555	-0.270952	0.271264	0.0145435	-0.075488	-0.102981
0.547564	-0.271033	0.271162	0.0132388	-0.079017	-0.102121
0.547579	-0.271111	0.27106	0.0141813	-0.0787231	-0.100358
0.547593	-0.271192	0.270952	0.0151711	-0.0802518	-0.0993065
0.547611	-0.271271	0.270851	0.0159842	-0.0786884	-0.10403
0.547625	-0.271354	0.270751	0.015439	-0.0792239	-0.103702
0.547638	-0.271434	0.270643	0.0159287	-0.0785797	-0.102618
0.547652	-0.271514	0.270541	0.0160095	-0.0785953	-0.102276
0.547667	-0.271592	0.270435	0.0181729	-0.0716621	-0.104009
0.547684	-0.27167	0.270335	0.0183638	-0.0721296	-0.103757
0.547701	-0.271752	0.270237	0.0173492	-0.0740241	-0.104146
0.547716	-0.271836	0.27014	0.017288	-0.0794462	-0.09771
0.547732	-0.271917	0.270041	0.0165453	-0.0789297	-0.0992479
0.547748	-0.271997	0.26994	0.0176583	-0.0808749	-0.0958153
0.547764	-0.272076	0.269845	0.0157686	-0.0802217	-0.10009
0.54778	-0.272159	0.269747	0.0161334	-0.0805064	-0.0985885
0.547792	-0.272237	0.269646	0.0134129	-0.0798765	-0.101577
0.547809	-0.27232	0.269552	0.0143023	-0.0808984	-0.0987599
0.547828	-0.272395	0.269454	0.0140615	-0.0798967	-0.100794
0.547848	-0.27247	0.269361	0.0159194	-0.0775911	-0.10097
0.547866	-0.272547	0.269258	0.0155529	-0.0765501	-0.102972
0.547884	-0.27262	0.269166	0.0158998	-0.0754238	-0.0987717
0.547898	-0.272699	0.269072	0.0142472	-0.0773401	-0.101034
0.547915	-0.272777	0.268974	0.0155772	-0.0771263	-0.0981493
0.547929	-0.272855	0.26888	0.0154645	-0.0787782	-0.0949225
0.547949	-0.272928	0.268785	0.0165297	-0.0770053	-0.0965672
0.547963	-0.273007	0.268693	0.0161676	-0.0783182	-0.092333
0.54798	-0.273085	0.268606	0.0157615	-0.077272	-0.0937287
0.547996	-0.27316	0.268509	0.0156475	-0.0738962	-0.0951463
0.548014	-0.273232	0.268417	0.0156971	-0.0728217	-0.0951677
0.548028	-0.273307	0.268325	0.015196	-0.0731095	-0.0924862
0.54804	-0.273385	0.268231	0.0155475	-0.0764957	-0.0891138
0.548055	-0.273459	0.268137	0.0149648	-0.0748712	-0.0945975
0.548071	-0.273531	0.268039	0.0154425	-0.0732606	-0.0975221
0.548084	-0.273612	0.267947	0.0141446	-0.0771247	-0.0949918
0.548098	-0.273691	0.26785	0.0142428	-0.0760873	-0.0956771
0.548118	-0.273762	0.267757	0.0155186	-0.0735449	-0.0945446
0.548129	-0.273836	0.267661	0.0136175	-0.0721505	-0.0959407
0.548142	-0.273911	0.26756	0.0123458	-0.0733187	-0.0997021
0.548153	-0.27399	0.267467	0.011912	-0.0752362	-0.0993409
0.548164	-0.274059	0.267369	0.0111404	-0.0734759	-0.100166
0.548175	-0.274136	0.267265	0.0106155	-0.075422	-0.0995909
0.54819	-0.274208	0.26717	0.012282	-0.0739102	-0.0971434
0.548206	-0.274284	0.267076	0.0127755	-0.0753039	-0.0964326
0.548218	-0.27436	0.26698	0.014554	-0.0749226	-0.0937319
0.54823	-0.274437	0.266878	0.0128394	-0.0758243	-0.0963556
0.548242	-0.27451	0.266775	0.0131434	-0.074854	-0.0982721
0.548253	-0.274584	0.266673	0.0133204	-0.0731525	-0.0985092
0.548268	-0.274655	0.266576	0.0132414	-0.0713015	-0.100604
0.548279	-0.274735	0.266474	0.0141402	-0.0735751	-0.0991962
0.548296	-0.274805	0.266382	0.0154808	-0.071807	-0.101807
0.548309	-0.274879	0.26628	0.0144747	-0.0718199	-0.102693
0.548324	-0.274953	0.266183	0.0151502	-0.0723964	-0.097785
0.54834	-0.275028	0.266088	0.0149857	-0.073751	-0.0963009
0.548354	-0.275099	0.265993	0.0147203	-0.0737255	-0.0958783
0.54837	-0.275166	0.265898	0.0153753	-0.0700795	-0.0969433
0.548385	-0.27524	0.265804	0.0138157	-0.0731247	-0.0970556
0.548401	-0.275308	0.265704	0.0153639	-0.0713734	-0.0974285
0.548414	-0.27538	0.265608	0.0152158	-0.0715797	-0.0966865
0.54843	-0.275457	0.265517	0.0152505	-0.0725116	-0.0946904
0.548447	-0.275528	0.265426	0.0157857	-0.0717884	-0.0921665
0.548466	-0.275595	0.265328	0.0168511	-0.0704835	-0.0931466
0.548482	-0.275663	0.26523	0.0178035	-0.0697285	-0.0914578
0.5485	-0.275734	0.265136	0.0184868	-0.0706667	-0.0890047
0.548512	-0.275808	0.265033	0.0182086	-0.0694702	-0.0915984
0.548533	-0.275877	0.264945	0.0193983	-0.07038	-0.0897586
0.548553	-0.275947	0.264856	0.0201256	-0.0674624	-0.0907047
0.548573	-0.276021	0.264773	0.0208483	-0.068554	-0.0871701
0.548594	-0.276093	0.264684	0.0215856	-0.0661514	-0.0891437
0.548612	-0.276163	0.264591	0.0193682	-0.0659066	-0.0905918
0.548631	-0.276234	0.264503	0.0188377	-0.066967	-0.0875383
0.548656	-0.276296	0.26442	0.0204014	-0.065732	-0.0857832
0.548675	-0.276365	0.264328	0.0208883	-0.064894	-0.0871884
0.548694	-0.276434	0.264241	0.0217532	-0.0646381	-0.0845357
0.548715	-0.276501	0.264149	0.0211337	-0.0648018	-0.0901765
0.548732	-0.276576	0.264059	0.0203042	-0.0677353	-0.0892478
0.548756	-0.276639	0.263979	0.0208579	-0.0668369	-0.0886977
0.548774	-0.27671	0.263889	0.0198591	-0.0669992	-0.0918694
0.548795	-0.276777	0.263801	0.0207017	-0.0666791	-0.0910885
0.548815	-0.276847	0.263711	0.0207913	-0.0674962	-0.0904304
0.548833	-0.276915	0.263614	0.0210171	-0.0675871	-0.0888655
0.548853	-0.276986	0.263529	0.0205337	-0.0688073	-0.0878668
0.548874	-0.277051	0.26344	0.0204542	-0.0689237	-0.0860884
0.548893	-0.277124	0.263354	0.0202133	-0.0697878	-0.0872454
0.548913	-0.277196	0.26327	0.0185942	-0.0701489	-0.0912501
0.548933	-0.277265	0.263177	0.0176238	-0.0684967	-0.0941008
0.548951	-0.277332	0.263087	0.0181415	-0.0672314	-0.0926522
0.548968	-0.27741	0.263	0.0179554	-0.0700292	-0.0917348
0.54899	-0.277472	0.262912	0.0187173	-0.0671396	-0.0902178
0.549008	-0.277542	0.262822	0.0182951	-0.0682846	-0.0915465
0.54903	-0.277615	0.262737	0.0197787	-0.0692938	-0.0877781
0.549052	-0.277685	0.262645	0.0210921	-0.0697156	-0.0879459
0.549073	-0.277758	0.262559	0.020818	-0.0686174	-0.0882356
0.549095	-0.277818	0.262468	0.0238372	-0.0646236	-0.087388
0.549115	-0.27789	0.262383	0.0219694	-0.0651938	-0.086806
0.549139	-0.277956	0.262293	0.0211028	-0.0675943	-0.0893182
0.549157	-0.278024	0.262199	0.0206636	-0.0658875	-0.0916313
0.549179	-0.278087	0.26211	0.0213511	-0.064893	-0.0907719
0.549198	-0.278158	0.262027	0.0207165	-0.0661798	-0.0872602
0.549222	-0.278226	0.26195	0.0211382	-0.0663058	-0.0886568
0.549244	-0.278291	0.261867	0.0213722	-0.0652047	-0.0863788
0.549262	-0.27836	0.261779	0.0213703	-0.0645716	-0.0839458
0.54928	-0.278427	0.261693	0.0183943	-0.0657939	-0.0888101
0.549299	-0.278491	0.2616	0.0182502	-0.0659205	-0.0893529
0.549323	-0.278555	0.261522	0.0200101	-0.0659331	-0.0842068
0.54934	-0.278624	0.261438	0.0182382	-0.0672415	-0.0857816
0.549363	-0.278689	0.261358	0.0200586	-0.067061	-0.0812036
0.549386	-0.278757	0.261282	0.0202761	-0.0689262	-0.0800509
0.54941	-0.278817	0.261195	0.0207925	-0.0664919	-0.0800958
0.549425	-0.278887	0.261105	0.0194569	-0.0682596	-0.0819439
0.549444	-0.278956	0.261025	0.021232	-0.0662094	-0.0789921
0.549465	-0.279021	0.26094	0.0241167	-0.0648226	-0.0780983
0.549486	-0.279086	0.260861	0.0241887	-0.0634042	-0.0804536
0.549505	-0.279151	0.260775	0.0224115	-0.0646886	-0.0839734
0.549527	-0.279213	0.260692	0.02236	-0.0621029	-0.083902
0.549548	-0.279283	0.260617	0.0226486	-0.0626569	-0.0812122
0.549572	-0.27934	0.260534	0.023702	-0.0594108	-0.0810615
0.549592	-0.279404	0.260453	0.0239848	-0.058059	-0.0816726
0.549611	-0.279465	0.260365	0.0218775	-0.057601	-0.0862632
0.549632	-0.279527	0.260286	0.0215833	-0.0573705	-0.0831204
0.549649	-0.279597	0.260203	0.0204373	-0.0613095	-0.0852015
0.549668	-0.279664	0.26012	0.020299	-0.06423	-0.0824213
0.549689	-0.279732	0.260042	0.0223385	-0.0646127	-0.0759833
0.549711	-0.279792	0.259958	0.0215709	-0.0629796	-0.0797566
0.54973	-0.279858	0.259878	0.0191588	-0.064301	-0.0791729
0.549748	-0.279927	0.259795	0.0197466	-0.0660902	-0.0787043
0.549768	-0.279988	0.259705	0.0199188	-0.0634713	-0.0828539
0.549787	-0.280051	0.259622	0.0192679	-0.0636869	-0.0836418
0.549804	-0.280119	0.259539	0.018918	-0.0642048	-0.0818285
0.549825	-0.280181	0.25946	0.0205034	-0.0619861	-0.0806318
0.549846	-0.280249	0.259384	0.0196181	-0.0656235	-0.0819953
0.549868	-0.280317	0.259306	0.0208087	-0.0659464	-0.0793065
0.549886	-0.280387	0.259218	0.0196633	-0.0677307	-0.0813946
0.549908	-0.280448	0.259135	0.0203455	-0.0651515	-0.0818045
0.549923	-0.280519	0.259052	0.0193874	-0.0656946	-0.0815809
0.549942	-0.280583	0.25896	0.0203793	-0.06449	-0.0845302
0.549965	-0.280646	0.258877	0.0209553	-0.0629269	-0.0841257
0.549984	-0.280714	0.258793	0.0207907	-0.0662431	-0.0826858
0.550006	-0.280782	0.258712	0.0208465	-0.0668979	-0.0826902
0.550035	-0.280848	0.258634	0.0224336	-0.0671537	-0.0798847
0.550053	-0.280917	0.258557	0.0207254	-0.0687629	-0.0781914
0.550077	-0.280978	0.258472	0.0216914	-0.0667879	-0.0786151
0.550099	-0.281045	0.258389	0.0205663	-0.0708833	-0.0793197
0.550122	-0.281111	0.258312	0.0200554	-0.0690173	-0.0800668
0.550142	-0.281177	0.258223	0.0196392	-0.0694202	-0.0797938
0.550164	-0.281243	0.258142	0.0201667	-0.0688494	-0.0777056
0.550186	-0.281311	0.258062	0.019139	-0.0682974	-0.0790775
0.55021	-0.281376	0.257985	0.0192536	-0.0671959	-0.0791915
0.550231	-0.281441	0.257909	0.0188512	-0.0674104	-0.0785395
0.550254	-0.281505	0.25782	0.0190238	-0.0673285	-0.084454
0.550277	-0.281571	0.257744	0.0208601	-0.068388	-0.0773489
0.5503	-0.281633	0.257661	0.0204515	-0.0664569	-0.0802528
0.550322	-0.281702	0.257585	0.0209584	-0.0680107	-0.0789956
0.550344	-0.281767	0.25751	0.020995	-0.0681597	-0.0764075
0.550371	-0.281832	0.257435	0.0217314	-0.0675473	-0.0770663
0.550391	-0.281903	0.257354	0.0214497	-0.0665527	-0.0786095
0.550415	-0.281969	0.257277	0.0208076	-0.0660767	-0.0831717
0.550438	-0.282033	0.257197	0.021216	-0.0636335	-0.0829512
0.550463	-0.282098	0.257126	0.0221521	-0.0650493	-0.0788422
0.550485	-0.282162	0.257049	0.0214075	-0.0637538	-0.0817277
0.550507	-0.282231	0.256975	0.0235818	-0.0672833	-0.0762316
0.550533	-0.282296	0.256902	0.0235721	-0.0673845	-0.0768571
0.550558	-0.282356	0.256822	0.0240833	-0.0641913	-0.0784727
0.550579	-0.282426	0.256749	0.0247222	-0.0654976	-0.0737446
0.550599	-0.28249	0.256676	0.0219691	-0.0651669	-0.0764734
0.550622	-0.282549	0.256601	0.0226358	-0.0651049	-0.0733419
0.550642	-0.282617	0.256528	0.0219725	-0.0666778	-0.0721573
0.550659	-0.282681	0.256444	0.0206352	-0.0644558	-0.0781342
0.550675	-0.282748	0.25636	0.0191119	-0.065259	-0.0794258
0.550694	-0.282818	0.256289	0.019284	-0.0661707	-0.077476
0.550716	-0.282883	0.256215	0.0211316	-0.0651997	-0.0746062
0.550732	-0.282949	0.256138	0.0198981	-0.0659439	-0.0752231
0.550751	-0.283013	0.256058	0.019368	-0.0635738	-0.0774996
0.550766	-0.283083	0.255984	0.0183561	-0.0661817	-0.07488
0.550785	-0.283144	0.255902	0.0186321	-0.0619398	-0.0797205
0.550801	-0.283212	0.255824	0.0175247	-0.0635754	-0.080678
0.550817	-0.283276	0.255745	0.0176761	-0.0639434	-0.0788022
0.550836	-0.283341	0.255669	0.0183486	-0.0654319	-0.0782931
0.55085	-0.283412	0.255593	0.016342	-0.0663941	-0.0790096
0.550865	-0.283481	0.255519	0.0152148	-0.0661682	-0.0816093
0.550881	-0.283545	0.255432	0.0151256	-0.0654807	-0.0839104
0.550894	-0.283611	0.255349	0.0153804	-0.0642449	-0.0821709
0.55091	-0.283676	0.255269	0.0159494	-0.0644257	-0.0812671
0.550929	-0.283737	0.255192	0.0160446	-0.0637586	-0.0810084
0.550944	-0.283802	0.255112	0.0156415	-0.0639559	-0.0801697
0.550961	-0.283865	0.255032	0.0160482	-0.0653409	-0.0788177
0.55098	-0.283925	0.254952	0.0172094	-0.064738	-0.0767695
0.550997	-0.283996	0.254875	0.0174335	-0.068216	-0.0758117
0.551014	-0.284061	0.254793	0.016612	-0.0657745	-0.0775961
0.551031	-0.284121	0.254714	0.0163809	-0.0638678	-0.0774346
0.55105	-0.284186	0.254636	0.0169792	-0.0626851	-0.0793915
0.551067	-0.28425	0.25456	0.0178557	-0.0652481	-0.0756989
0.551084	-0.284316	0.254482	0.0172263	-0.0636778	-0.0799242
0.551104	-0.284374	0.2544	0.0179668	-0.0613473	-0.0788619
0.551122	-0.284444	0.254324	0.019154	-0.0632996	-0.0752988
0.551144	-0.284504	0.254246	0.0184966	-0.0629251	-0.0777937
0.551165	-0.28457	0.254178	0.0180478	-0.0626285	-0.0753124
0.551183	-0.284634	0.254102	0.0179426	-0.0626501	-0.0757868
0.551205	-0.284695	0.254028	0.0169548	-0.0633784	-0.0760724
0.551228	-0.284753	0.253954	0.0192325	-0.0616466	-0.0728553
0.551245	-0.284821	0.253874	0.0175358	-0.0647046	-0.0750549
0.551267	-0.284886	0.253804	0.0203335	-0.0647533	-0.071035
0.551289	-0.284951	0.253734	0.0218448	-0.0643193	-0.071022
0.551311	-0.285015	0.253662	0.0217728	-0.0643773	-0.0713419
0.551333	-0.285079	0.253592	0.0243438	-0.0630222	-0.0673145
0.551356	-0.285141	0.253516	0.0241892	-0.0620009	-0.0691221
0.551376	-0.285201	0.253443	0.0243666	-0.0617639	-0.0659692
0.551398	-0.285267	0.253374	0.0237282	-0.063316	-0.064468
0.551418	-0.285328	0.253301	0.0224359	-0.0631031	-0.0682746
0.55144	-0.285394	0.253234	0.0234425	-0.0642788	-0.064545
0.551464	-0.285456	0.253168	0.0222369	-0.0647099	-0.0684487
0.551488	-0.28552	0.253097	0.0217193	-0.0660535	-0.0703737
0.55151	-0.285581	0.253024	0.0221497	-0.0629576	-0.0709559
0.55153	-0.285645	0.252954	0.0210347	-0.0631879	-0.0722401
0.55155	-0.285714	0.25289	0.0199394	-0.0666849	-0.0689161
0.55157	-0.285778	0.252823	0.0198938	-0.0653074	-0.0674384
0.551588	-0.285845	0.252752	0.0185928	-0.0643321	-0.0698124
0.551608	-0.28591	0.252686	0.0203878	-0.0642775	-0.0660775
0.551632	-0.285976	0.252621	0.0210754	-0.0650136	-0.0642462
0.551652	-0.286041	0.252549	0.0222638	-0.062432	-0.0667204
0.55167	-0.286105	0.252478	0.0202194	-0.063031	-0.0692129
0.551692	-0.286171	0.252416	0.0204131	-0.0650255	-0.0663002
0.55171	-0.286237	0.252345	0.0206074	-0.0663735	-0.0651996
0.551729	-0.286305	0.252279	0.0197449	-0.0674446	-0.0683464
0.551748	-0.286371	0.252211	0.0188461	-0.0663063	-0.070036
0.551763	-0.286438	0.252136	0.0181246	-0.066824	-0.0709897
0.551782	-0.286509	0.252068	0.0174961	-0.0684408	-0.070034
0.551803	-0.286576	0.252004	0.0182425	-0.0680212	-0.0690013
0.551824	-0.286639	0.251942	0.0189263	-0.0641543	-0.0696938
0.551841	-0.286703	0.251874	0.0170393	-0.0650725	-0.0705822
0.551857	-0.286772	0.251804	0.0176621	-0.0659475	-0.0699625
0.551876	-0.286835	0.251732	0.0176072	-0.0657469	-0.0715676
0.551896	-0.286901	0.251665	0.0190354	-0.0646104	-0.0683532
0.55191	-0.286967	0.251593	0.0165686	-0.0655629	-0.0708943
0.551933	-0.287028	0.25153	0.0176383	-0.065216	-0.0688434
0.551954	-0.287089	0.251461	0.0196712	-0.0660127	-0.0666259
0.551974	-0.287154	0.251396	0.0190743	-0.0653172	-0.0697453
0.551994	-0.287225	0.251328	0.0186848	-0.0676491	-0.0690981
0.552011	-0.287287	0.251254	0.0171268	-0.0664294	-0.070696
0.552029	-0.287354	0.251183	0.0176544	-0.0656838	-0.0703548
0.552051	-0.287417	0.251116	0.0198633	-0.0644753	-0.0684944
0.552071	-0.287479	0.25105	0.0208265	-0.0631478	-0.0686371
0.552089	-0.28755	0.250983	0.0189172	-0.0668922	-0.0671741
0.552114	-0.28761	0.250918	0.0211308	-0.0638443	-0.0670936
0.552136	-0.287675	0.250852	0.0198427	-0.0645272	-0.0678287
0.552158	-0.287738	0.250787	0.0212665	-0.0634467	-0.0665095
0.552177	-0.287802	0.250718	0.0197528	-0.0634017	-0.0658402
0.552202	-0.287859	0.250651	0.0207809	-0.0611443	-0.0664833
0.552219	-0.287931	0.250588	0.0203548	-0.0617054	-0.0656595
0.55224	-0.287997	0.250527	0.0214479	-0.062071	-0.0637059
0.552264	-0.288057	0.250461	0.0224953	-0.0606606	-0.0631936
0.552287	-0.288125	0.2504	0.0226037	-0.0624809	-0.0627413
0.55231	-0.288188	0.250333	0.0233314	-0.0618679	-0.0643424
0.55233	-0.288258	0.250271	0.0242667	-0.062806	-0.0605341
0.552354	-0.288319	0.250213	0.0248443	-0.0614648	-0.0577231
0.552376	-0.288384	0.250149	0.0235832	-0.0614727	-0.0599159
0.552401	-0.288447	0.250087	0.0248031	-0.0606962	-0.0591907
0.552425	-0.288512	0.250021	0.0242996	-0.0608629	-0.0619612
0.55245	-0.288579	0.24996	0.0233388	-0.0636919	-0.0625767
0.552476	-0.288645	0.249899	0.0237378	-0.0663885	-0.0615797
0.552502	-0.288712	0.249841	0.0229703	-0.0674215	-0.0617639
0.552531	-0.288777	0.249785	0.0253083	-0.0658339	-0.058718
0.552552	-0.288846	0.249725	0.024134	-0.0658434	-0.0605546
0.552577	-0.288914	0.24967	0.0249379	-0.065184	-0.0587834
0.552603	-0.288982	0.249614	0.0241691	-0.0664446	-0.0569725
0.552626	-0.28905	0.249552	0.0227564	-0.0684338	-0.0594364
0.552653	-0.289115	0.249498	0.0247136	-0.0658729	-0.0566826
0.552681	-0.289188	0.249457	0.025731	-0.0690868	-0.0492991
0.552704	-0.289253	0.249398	0.0247384	-0.0667602	-0.0532806
0.552732	-0.289321	0.249351	0.0265043	-0.06728	-0.0503192
0.552754	-0.28939	0.249292	0.0256908	-0.0667909	-0.0525163
0.552779	-0.289459	0.249244	0.0275791	-0.0673712	-0.047775
0.552799	-0.289527	0.24918	0.0245559	-0.0668336	-0.0576102
0.552823	-0.289596	0.249131	0.0243261	-0.0674372	-0.053763
0.552848	-0.289666	0.249082	0.0254692	-0.0686095	-0.0504197
0.552871	-0.289737	0.249028	0.0246658	-0.0695776	-0.0512178
0.552894	-0.289813	0.248979	0.0237533	-0.0697896	-0.0512915
0.552916	-0.28988	0.248925	0.0234496	-0.0674792	-0.0538868
0.55294	-0.289946	0.24887	0.0231696	-0.0669909	-0.0545308
0.552964	-0.290017	0.248817	0.0244938	-0.0687747	-0.0529522
0.552989	-0.290082	0.248764	0.0246811	-0.0687019	-0.0525168
0.553013	-0.290151	0.248711	0.0240097	-0.068712	-0.0546212
0.553038	-0.290224	0.248664	0.0234971	-0.0710438	-0.0510883
0.553065	-0.290289	0.248613	0.023846	-0.0692533	-0.0535257
0.553085	-0.290361	0.248561	0.0229209	-0.0684558	-0.052446
0.55311	-0.29043	0.248507	0.0236738	-0.0680898	-0.0541283
0.553133	-0.2905	0.24845	0.0233014	-0.0692087	-0.0551321
0.553155	-0.290568	0.248394	0.0225113	-0.06951	-0.0534211
0.55318	-0.29064	0.248344	0.0241934	-0.0710478	-0.0517086
0.553207	-0.290708	0.24829	0.024173	-0.0728992	-0.0505051
0.553234	-0.290775	0.248241	0.0233697	-0.071999	-0.0542137
0.553258	-0.290842	0.248187	0.0222802	-0.0711202	-0.0576306
0.553285	-0.290909	0.248139	0.0232347	-0.0698735	-0.0545431
0.553309	-0.290974	0.24808	0.0226851	-0.0684842	-0.0572813
0.553332	-0.291043	0.24802	0.0239879	-0.0684587	-0.0568118
0.553354	-0.291109	0.247958	0.0232189	-0.0685299	-0.0571341
0.55338	-0.291175	0.247905	0.0226684	-0.0684822	-0.0554559
0.553405	-0.291246	0.247855	0.0225428	-0.0706505	-0.0542802
0.553431	-0.291312	0.247799	0.0223478	-0.0700599	-0.0565512
0.553456	-0.291376	0.247742	0.0219701	-0.0692896	-0.0588791
0.553477	-0.291441	0.24768	0.0223959	-0.0684744	-0.0590082
0.553503	-0.291503	0.24762	0.0237858	-0.0655271	-0.058524
0.553528	-0.291565	0.247567	0.0260455	-0.0631337	-0.0563119
0.553549	-0.291633	0.247512	0.0251267	-0.0648092	-0.0531103
0.553579	-0.291694	0.24746	0.0270284	-0.063344	-0.0531192
0.553603	-0.29176	0.247407	0.0262747	-0.0648038	-0.0525567
0.553629	-0.291823	0.247352	0.0256071	-0.0653911	-0.0519435
0.553653	-0.291886	0.247296	0.0248304	-0.0668405	-0.0522928
0.553675	-0.291949	0.247238	0.0232681	-0.0648197	-0.0548011
0.553701	-0.292012	0.247183	0.0237355	-0.0639038	-0.0546656
0.553723	-0.292077	0.247132	0.0252048	-0.0621444	-0.050604
0.553747	-0.292139	0.247079	0.0246967	-0.061994	-0.0517461
0.553771	-0.292206	0.247029	0.0247508	-0.063627	-0.0503791
0.553796	-0.292272	0.246976	0.0242256	-0.0662985	-0.0506633
0.55382	-0.292332	0.246919	0.0246323	-0.0620052	-0.0546771
0.553844	-0.292393	0.246864	0.0242535	-0.0645543	-0.0533175
0.553864	-0.292457	0.246807	0.0232939	-0.0643499	-0.0535906
0.553887	-0.292522	0.246759	0.0238879	-0.0634767	-0.0515724
0.553912	-0.292582	0.246711	0.0252131	-0.0604265	-0.0505052
0.553932	-0.292644	0.246652	0.0234911	-0.0615931	-0.0528125
0.553958	-0.292708	0.246605	0.0248183	-0.0633209	-0.0493705
0.553981	-0.292775	0.246552	0.0243186	-0.0650286	-0.0499647
0.554003	-0.29284	0.246503	0.0232425	-0.0642484	-0.0517868
0.554026	-0.292897	0.246447	0.0235927	-0.0616595	-0.0501209
0.55405	-0.292957	0.246398	0.0237591	-0.0612032	-0.0498774
0.554075	-0.293017	0.246348	0.0240969	-0.0597662	-0.0505979
0.554095	-0.293079	0.246293	0.0219154	-0.0599373	-0.0539258
0.55412	-0.293138	0.246241	0.0226205	-0.0588316	-0.0552416
0.554143	-0.293198	0.24619	0.024653	-0.0585928	-0.0510252
0.554167	-0.293262	0.246141	0.0235869	-0.0606965	-0.0524256
0.554189	-0.293325	0.246087	0.0217673	-0.0614595	-0.0545487
0.554214	-0.29338	0.246032	0.0223677	-0.0624229	-0.0515975
0.554239	-0.293432	0.245976	0.0227277	-0.0583984	-0.0536642
0.554261	-0.293495	0.245924	0.0232102	-0.0613095	-0.0524958
0.554282	-0.293552	0.245869	0.0223659	-0.0610693	-0.0545024
0.554303	-0.293617	0.245815	0.0234325	-0.0625009	-0.0517361
0.554326	-0.293674	0.245759	0.0252497	-0.0596988	-0.0517478
0.554349	-0.293734	0.245698	0.0243676	-0.0585612	-0.0557397
0.554372	-0.293788	0.24564	0.0241335	-0.0553302	-0.0573159
0.554395	-0.293846	0.245589	0.023252	-0.0551544	-0.0577889
0.554414	-0.293904	0.245528	0.0208984	-0.0566113	-0.06064
0.554437	-0.293959	0.24547	0.0211117	-0.0577888	-0.0600282
0.55446	-0.294015	0.245412	0.020798	-0.0573604	-0.0603936
0.554482	-0.294073	0.245353	0.0207954	-0.0591953	-0.0581168
0.554503	-0.294129	0.245292	0.0219426	-0.0580495	-0.0584446
0.554525	-0.294189	0.245231	0.021511	-0.0577535	-0.0592079
0.55455	-0.294242	0.245167	0.0235603	-0.0555839	-0.0574632
0.554572	-0.294297	0.245104	0.02203	-0.0568555	-0.0605821
0.554594	-0.294352	0.245043	0.0213933	-0.0576006	-0.0602365
0.554614	-0.294406	0.244978	0.0210951	-0.0584904	-0.0601428
0.554637	-0.294463	0.244915	0.020654	-0.0603928	-0.0612625
0.554659	-0.294514	0.24485	0.0217761	-0.0593769	-0.0597887
0.554682	-0.294568	0.244789	0.0234733	-0.0571863	-0.0581882
0.554703	-0.294626	0.244722	0.0218912	-0.0567381	-0.0620082
0.554724	-0.294681	0.244662	0.0226249	-0.0557059	-0.0606302
0.554747	-0.294735	0.244597	0.022499	-0.0543707	-0.0620149
0.55477	-0.294786	0.244538	0.0227496	-0.0529816	-0.0601687
0.554792	-0.294833	0.244471	0.0223589	-0.0522053	-0.0615801
0.554811	-0.29489	0.244409	0.0207236	-0.0549294	-0.0615558
0.554836	-0.29493	0.24434	0.0227881	-0.0478801	-0.0633137
0.554853	-0.294989	0.244274	0.0203387	-0.0513849	-0.0652995
0.554876	-0.295039	0.244218	0.0208761	-0.0527237	-0.060383
0.554896	-0.295093	0.244157	0.0208556	-0.0525594	-0.0604993
0.554919	-0.295142	0.244098	0.0204915	-0.0504521	-0.0625549
0.55494	-0.295188	0.244031	0.0209318	-0.0498783	-0.062453
0.55496	-0.29524	0.243974	0.0208412	-0.050798	-0.0617063
0.554981	-0.295292	0.243906	0.0208211	-0.0510506	-0.061904
0.554999	-0.295343	0.243839	0.0208332	-0.050368	-0.0613019
0.555017	-0.295393	0.243777	0.0186851	-0.0493781	-0.0626507
0.555038	-0.295449	0.243722	0.0202578	-0.0525706	-0.0591582
0.555058	-0.295493	0.243654	0.0208328	-0.0485796	-0.0641406
0.55508	-0.295547	0.243596	0.0203417	-0.0494366	-0.063801
0.5551	-0.295599	0.243529	0.019646	-0.0497087	-0.065668
0.555124	-0.295641	0.243466	0.0196575	-0.0490036	-0.0662184
0.55514	-0.295695	0.2434	0.0188275	-0.0515276	-0.0649883
0.555158	-0.295744	0.243335	0.0191396	-0.0515221	-0.064278
0.555179	-0.295789	0.243271	0.0188629	-0.0499847	-0.066
0.555196	-0.295839	0.243207	0.0175712	-0.0496757	-0.0657643
0.555218	-0.295885	0.243144	0.0193385	-0.04745	-0.0670209
0.555237	-0.295934	0.243084	0.0188818	-0.048133	-0.0647574
0.555255	-0.295982	0.243017	0.0199229	-0.0475286	-0.0649884
0.555273	-0.296034	0.242956	0.0179896	-0.0483901	-0.0655696
0.555292	-0.296078	0.242891	0.0191577	-0.0473329	-0.0636858
0.555305	-0.296131	0.242823	0.016776	-0.0507856	-0.0634855
0.555327	-0.296171	0.242764	0.0197399	-0.0472279	-0.0589031
0.555344	-0.296219	0.242703	0.0197048	-0.0462932	-0.0583354
0.55536	-0.296265	0.242628	0.0192135	-0.0454649	-0.0623337
0.555377	-0.296312	0.242562	0.0187315	-0.044144	-0.0645195
0.555394	-0.296359	0.242492	0.018343	-0.0451348	-0.0645701
0.555414	-0.296402	0.242425	0.0174143	-0.0440055	-0.0677749
0.555434	-0.296445	0.242361	0.0191772	-0.0450118	-0.064901
0.555451	-0.296497	0.242294	0.0181356	-0.0498248	-0.0655651
0.555471	-0.296537	0.242227	0.0172907	-0.0469997	-0.0677671
0.555486	-0.296585	0.242161	0.0174412	-0.0475977	-0.0661844
0.555505	-0.296627	0.242082	0.0165084	-0.0464568	-0.0714761
0.555523	-0.29667	0.242014	0.0163372	-0.0490333	-0.0686734
0.555542	-0.296713	0.241941	0.0165676	-0.0479132	-0.0692437
0.555557	-0.296757	0.241869	0.0176018	-0.0456132	-0.0677386
0.555578	-0.296798	0.241801	0.018882	-0.0439205	-0.0673657
0.555594	-0.296846	0.241731	0.0182882	-0.0445341	-0.0680773
0.555615	-0.296888	0.241662	0.0185483	-0.045325	-0.0689157
0.555631	-0.296928	0.24159	0.0165126	-0.0431048	-0.0719633
0.555648	-0.296972	0.241514	0.0146906	-0.0443023	-0.0735477
0.555664	-0.297015	0.24144	0.0155097	-0.0436483	-0.0711182
0.555681	-0.297056	0.24136	0.0167179	-0.0407886	-0.0760275
0.555699	-0.297096	0.241286	0.018211	-0.0384761	-0.0737854
0.555715	-0.297139	0.241213	0.0178929	-0.0397986	-0.0732025
0.555735	-0.297172	0.241131	0.0174842	-0.0364793	-0.0797062
0.555751	-0.297217	0.241053	0.0167595	-0.0407768	-0.0778584
0.555769	-0.297258	0.24098	0.0165218	-0.0414586	-0.0769392
0.555786	-0.297303	0.240903	0.0169488	-0.0427447	-0.0765682
0.555805	-0.297339	0.240825	0.0192744	-0.0413681	-0.071978
0.555821	-0.297383	0.240746	0.0186841	-0.0429998	-0.0729304
0.555835	-0.297422	0.240668	0.017949	-0.0420656	-0.0725483
0.555851	-0.29746	0.240588	0.0175038	-0.0400271	-0.0760838
0.555869	-0.297502	0.240513	0.017	-0.0396214	-0.0771748
0.555885	-0.297543	0.240439	0.015285	-0.0439502	-0.0746875
0.555901	-0.297581	0.240357	0.0153032	-0.0419695	-0.0765476
0.555919	-0.297621	0.240281	0.0159875	-0.0413826	-0.0749164
0.555939	-0.297656	0.240207	0.0166246	-0.0399544	-0.0771569
0.555954	-0.297696	0.240132	0.0150393	-0.0393276	-0.0779631
0.555972	-0.297738	0.240061	0.0148291	-0.0407184	-0.0774844
0.555985	-0.297779	0.239981	0.0148274	-0.0408994	-0.0775237
0.556003	-0.297812	0.239904	0.0155822	-0.0386615	-0.076568
0.556018	-0.297847	0.239824	0.0166937	-0.0386505	-0.0736043
0.556034	-0.297884	0.239747	0.0173538	-0.0375186	-0.0748056
0.556049	-0.297919	0.239668	0.0168507	-0.0370785	-0.075197
0.556066	-0.29796	0.239599	0.0166302	-0.0384764	-0.0724083
0.55608	-0.297996	0.239521	0.0156203	-0.0379312	-0.0732625
0.556095	-0.298036	0.239446	0.0165288	-0.0371684	-0.0733631
0.556109	-0.298069	0.239367	0.016453	-0.0339808	-0.0764735
0.556121	-0.298111	0.239289	0.0162111	-0.036823	-0.0738065
0.556136	-0.298141	0.239213	0.0157826	-0.0349795	-0.0745647
0.55615	-0.298173	0.239133	0.0147593	-0.0336878	-0.0763247
0.55616	-0.298216	0.23906	0.0143319	-0.0371782	-0.0736562
0.556173	-0.298248	0.23898	0.0144629	-0.0359825	-0.0753231
0.556186	-0.29828	0.2389	0.0134606	-0.036795	-0.0756378
0.556193	-0.298316	0.23882	0.0101941	-0.0383344	-0.075307
0.5562	-0.298355	0.238734	0.0100677	-0.0371448	-0.0781898
0.556212	-0.298392	0.238661	0.011037	-0.0370513	-0.0752857
0.556224	-0.298422	0.23858	0.0115836	-0.0329309	-0.079633
0.556236	-0.298457	0.238503	0.0123406	-0.0343197	-0.0759929
0.556245	-0.298494	0.238427	0.0111382	-0.0353537	-0.0770322
0.556257	-0.298524	0.238347	0.0103449	-0.0334109	-0.0790318
0.556265	-0.298559	0.238262	0.0103106	-0.0321429	-0.0807065
0.556272	-0.298592	0.238177	0.0106624	-0.0311976	-0.0818518
0.55628	-0.298628	0.238094	0.0117683	-0.0305274	-0.0818538
0.55629	-0.298656	0.238008	0.0110696	-0.0291524	-0.085586
0.556297	-0.298692	0.237919	0.00925057	-0.0305612	-0.0888026
0.556308	-0.298723	0.23784	0.0113124	-0.0299145	-0.0834365
0.556313	-0.298753	0.237749	0.00980228	-0.0291573	-0.0895774
0.556321	-0.298785	0.237662	0.00720698	-0.0311614	-0.0893531
0.556327	-0.298821	0.237578	0.00682984	-0.0333326	-0.0855782
0.556334	-0.298851	0.237484	0.00641286	-0.0322061	-0.0887943
0.556345	-0.298881	0.237399	0.00801243	-0.0319654	-0.0868794
0.556352	-0.298914	0.237311	0.00823267	-0.0308332	-0.087019
0.556359	-0.298943	0.237223	0.00764152	-0.0279216	-0.0893872
0.556362	-0.298974	0.23713	0.00639404	-0.029769	-0.0895777
0.556368	-0.299003	0.237042	0.0072839	-0.0277726	-0.0890171
0.556372	-0.299036	0.236951	0.00578538	-0.029414	-0.0892368
0.55638	-0.299061	0.236856	0.00777393	-0.0267711	-0.0888247
0.556385	-0.299093	0.236765	0.00567702	-0.0287153	-0.092174
0.556392	-0.299119	0.236674	0.00630601	-0.0284272	-0.090407
0.556396	-0.299151	0.236579	0.00616695	-0.0304088	-0.0904297
0.556401	-0.299178	0.236487	0.00600646	-0.0273956	-0.0925288
0.556411	-0.299205	0.236394	0.0063278	-0.0277612	-0.0935445
0.556417	-0.299234	0.236298	0.00519223	-0.02851	-0.0957182
0.556423	-0.299261	0.2362	0.00663818	-0.027167	-0.0953866
0.556431	-0.299288	0.236108	0.00692012	-0.0280009	-0.092812
0.556435	-0.29932	0.236014	0.00525746	-0.029513	-0.0921955
0.556444	-0.299348	0.235925	0.00611514	-0.029553	-0.0925926
0.556449	-0.299372	0.23583	0.00686836	-0.0273162	-0.0933342
0.556456	-0.299399	0.235738	0.00650651	-0.0275007	-0.0934805
0.55646	-0.29943	0.235644	0.00454713	-0.0293956	-0.0920458
0.556466	-0.299457	0.235551	0.00442133	-0.0285493	-0.0942956
0.556474	-0.29948	0.235457	0.00576573	-0.0263411	-0.0923687
0.55648	-0.299514	0.235369	0.00522574	-0.0300463	-0.0899209
0.556487	-0.299537	0.235281	0.00582598	-0.0269054	-0.089226
0.556494	-0.299561	0.235187	0.00556687	-0.0268934	-0.0920601
0.556501	-0.299591	0.235096	0.00641442	-0.0271324	-0.0915525
0.556505	-0.29962	0.235004	0.00642041	-0.0267026	-0.0899591
0.556511	-0.299649	0.234916	0.00619049	-0.0277678	-0.0911857
0.556518	-0.299678	0.234821	0.0067269	-0.0274601	-0.0906165
0.556523	-0.299707	0.234728	0.00701013	-0.0262679	-0.0917992
0.556529	-0.299736	0.234636	0.0087882	-0.024334	-0.0909354
0.556536	-0.299767	0.234552	0.00878266	-0.0249951	-0.0886905
0.556539	-0.299795	0.234451	0.00743658	-0.0262056	-0.0911712
0.556546	-0.299824	0.234362	0.00690083	-0.0273149	-0.0910892
0.556549	-0.299851	0.234261	0.00568994	-0.0282779	-0.0926927
0.55656	-0.29988	0.234179	0.00715611	-0.0294693	-0.0875787
0.556564	-0.299908	0.234081	0.0058652	-0.028758	-0.0916385
0.556574	-0.299932	0.233994	0.00793978	-0.0265277	-0.0879191
0.556578	-0.299965	0.233902	0.00700402	-0.0270461	-0.0913165
0.556587	-0.299995	0.233817	0.008117	-0.0267786	-0.0893549
0.556595	-0.30002	0.233724	0.00881367	-0.0248572	-0.0900372
0.556602	-0.300047	0.233634	0.00879703	-0.0268442	-0.088258
0.55661	-0.300077	0.233548	0.00724872	-0.0284113	-0.0869502
0.556616	-0.300102	0.233452	0.00590391	-0.0277978	-0.0901436
0.556621	-0.300134	0.233363	0.00731318	-0.0294409	-0.0849843
0.556627	-0.300154	0.233268	0.00794135	-0.0260529	-0.0889447
0.556631	-0.300188	0.233183	0.00743367	-0.0276589	-0.0858316
0.556639	-0.300212	0.233094	0.00778493	-0.025812	-0.0869475
0.55664	-0.300244	0.232998	0.00633273	-0.0260462	-0.0907642
0.556649	-0.300265	0.232906	0.00838171	-0.0234448	-0.0902004
0.556652	-0.300295	0.232812	0.00708084	-0.0240966	-0.0896385
0.556658	-0.300319	0.23272	0.00650713	-0.0240518	-0.0903336
0.556664	-0.300348	0.232633	0.0071378	-0.025668	-0.0887581
0.556669	-0.300379	0.232544	0.0061207	-0.0270342	-0.0897862
0.556674	-0.300409	0.232449	0.00504204	-0.0281974	-0.0901231
0.556678	-0.300439	0.232356	0.0049178	-0.0292942	-0.0881314
0.556687	-0.300461	0.232262	0.00577784	-0.027767	-0.0918903
0.556689	-0.300492	0.232167	0.00455453	-0.0300581	-0.0905759
0.556696	-0.300515	0.232072	0.00580781	-0.0285296	-0.0909342
0.5567	-0.300541	0.231977	0.00391236	-0.0309139	-0.0920047
0.556707	-0.300565	0.231885	0.0048639	-0.0276209	-0.0916567
0.556713	-0.300591	0.231792	0.00515082	-0.0268432	-0.0928756
0.556718	-0.300619	0.231694	0.00497473	-0.026189	-0.0936555
0.556722	-0.300643	0.231596	0.0046957	-0.0247346	-0.0957472
0.556728	-0.300669	0.231501	0.00535494	-0.0242487	-0.0956432
0.556733	-0.300691	0.231404	0.00532261	-0.0233013	-0.0964124
0.556738	-0.300716	0.231308	0.005116	-0.0235346	-0.0957098
0.556744	-0.300743	0.231218	0.00584925	-0.0240235	-0.092829
0.55675	-0.300768	0.231122	0.00546532	-0.0255404	-0.0919949
0.556759	-0.300789	0.231027	0.00615189	-0.0237904	-0.0921397
0.556763	-0.300817	0.230932	0.00531087	-0.0241396	-0.092308
0.55677	-0.300837	0.230834	0.00419124	-0.0232798	-0.0962252
0.556774	-0.300862	0.230735	0.00393364	-0.0238979	-0.0946945
0.55678	-0.300888	0.230646	0.00534545	-0.0247483	-0.0905826
0.556785	-0.30091	0.230545	0.00508958	-0.0230411	-0.093456
0.556791	-0.300934	0.230455	0.00536772	-0.0252245	-0.0899814
0.556796	-0.300956	0.230358	0.00512972	-0.0233526	-0.0953911
0.556804	-0.30098	0.23027	0.00389442	-0.023631	-0.0957302
0.556809	-0.300999	0.23017	0.00308796	-0.0231501	-0.0977176
0.556813	-0.301027	0.230081	0.00342213	-0.0240663	-0.0945248
0.556819	-0.301047	0.229987	0.00297611	-0.0239247	-0.0956805
0.556822	-0.301076	0.229895	0.00325383	-0.0229816	-0.0950495
0.556828	-0.301101	0.229808	0.00470971	-0.0206321	-0.0948187
0.556833	-0.301126	0.229721	0.00607651	-0.0214933	-0.0907149
0.556836	-0.30115	0.229625	0.00457347	-0.0223782	-0.0923861
0.556842	-0.301176	0.229539	0.00577312	-0.0226916	-0.0898866
0.556845	-0.301198	0.229446	0.00564032	-0.0225049	-0.0872491
0.55685	-0.301224	0.229356	0.00534186	-0.024244	-0.0867837
0.556853	-0.301251	0.229269	0.00616267	-0.0242558	-0.0839854
0.556855	-0.301276	0.229179	0.00443176	-0.0254326	-0.0874719
0.556861	-0.301299	0.229089	0.00577006	-0.0242507	-0.0858731
0.556864	-0.301326	0.229003	0.0059218	-0.0263252	-0.0837949
0.55687	-0.301352	0.228914	0.00531726	-0.0248746	-0.0857127
0.556872	-0.301378	0.228824	0.00284025	-0.0268902	-0.087372
0.556876	-0.301401	0.228733	0.0029435	-0.0266479	-0.0902667
0.556882	-0.301428	0.228649	0.00369878	-0.0254054	-0.0898152
0.556886	-0.301459	0.228566	0.00385573	-0.025407	-0.0886301
0.556891	-0.301482	0.228477	0.00486811	-0.0241847	-0.0894598
0.556896	-0.301515	0.228396	0.0049053	-0.0270999	-0.0857346
0.556899	-0.30154	0.228304	0.00255297	-0.0255758	-0.0900622
0.556903	-0.301568	0.22822	0.00303236	-0.0249714	-0.0886803
0.556907	-0.301592	0.228135	0.00491058	-0.0240294	-0.0848222
0.556913	-0.301616	0.228044	0.00577199	-0.0232065	-0.0860855
0.556916	-0.301647	0.22796	0.00471271	-0.0236269	-0.0871693
0.55692	-0.301669	0.227874	0.00515783	-0.0223518	-0.0857589
0.556921	-0.301699	0.227785	0.00376794	-0.0224606	-0.0904017
0.556925	-0.301725	0.227696	0.00318183	-0.0235174	-0.0907128
0.556928	-0.301753	0.227611	0.003226	-0.0248599	-0.0876804
0.55693	-0.301782	0.227524	0.00270412	-0.0266277	-0.087492
0.556937	-0.301802	0.227438	0.00382428	-0.0251114	-0.0860341
0.556939	-0.301832	0.227346	0.00315698	-0.0277858	-0.0865393
0.556943	-0.301858	0.227259	0.00493191	-0.0268356	-0.0859005
0.55695	-0.301884	0.227176	0.00570631	-0.0275355	-0.0853267
0.556956	-0.301912	0.227091	0.0055821	-0.0273388	-0.088297
0.556963	-0.301942	0.227012	0.00603455	-0.0294327	-0.0831265
0.556964	-0.301968	0.226918	0.00448133	-0.0285811	-0.0873517
0.55697	-0.301993	0.226831	0.00474944	-0.0280957	-0.0886855
0.556974	-0.302015	0.226733	0.00479655	-0.0268946	-0.0907363
0.556978	-0.302049	0.226653	0.00507792	-0.0278298	-0.0878701
0.556985	-0.302071	0.226569	0.00692728	-0.02534	-0.0855203
0.55699	-0.302099	0.22648	0.00629408	-0.0261144	-0.0852382
0.556994	-0.302126	0.226391	0.00694477	-0.0254687	-0.0830718
0.556999	-0.302155	0.226308	0.00750499	-0.0256996	-0.080402
0.557005	-0.302177	0.226213	0.00576512	-0.0245644	-0.0871563
0.557009	-0.302206	0.226122	0.00507206	-0.0262978	-0.08791
0.557015	-0.302233	0.226031	0.0045571	-0.024466	-0.0933533
0.557021	-0.302258	0.225942	0.00518912	-0.0246131	-0.0917802
0.557027	-0.302283	0.225851	0.00537519	-0.0250566	-0.0912803
0.557034	-0.302315	0.225764	0.00529179	-0.027626	-0.0891169
0.55704	-0.302342	0.22568	0.00738873	-0.026449	-0.0861712
0.557045	-0.30237	0.225587	0.00701047	-0.0257217	-0.0880411
0.557052	-0.302394	0.225496	0.00633682	-0.0254079	-0.0914829
0.557056	-0.302423	0.225407	0.00542416	-0.0268157	-0.0893249
0.557061	-0.302454	0.225318	0.00473696	-0.028325	-0.0889224
0.557066	-0.302481	0.22523	0.00530146	-0.0264157	-0.0899136
0.557074	-0.302508	0.225144	0.00652729	-0.0267122	-0.0873191
0.557082	-0.302538	0.225061	0.00645697	-0.0260474	-0.0877666
0.557092	-0.302564	0.22498	0.00681587	-0.0263199	-0.085895
0.557096	-0.302595	0.224891	0.00553092	-0.027535	-0.087631
0.557106	-0.302618	0.224804	0.00729787	-0.0249975	-0.0867001
0.557109	-0.302655	0.22472	0.00497265	-0.0288875	-0.0869037
0.557121	-0.302675	0.22463	0.00638007	-0.0265716	-0.0870354
0.55713	-0.30271	0.22456	0.00668678	-0.0306269	-0.0812253
0.557136	-0.302742	0.224474	0.00561499	-0.030881	-0.0831756
0.557145	-0.30277	0.224394	0.00622586	-0.0289192	-0.0837477
0.557151	-0.302805	0.224314	0.00587663	-0.0300839	-0.0822085
0.557155	-0.302834	0.224224	0.00501409	-0.0292003	-0.085933
0.557166	-0.302859	0.224144	0.00682468	-0.0285129	-0.0833249
0.55717	-0.302898	0.224064	0.00663812	-0.0317539	-0.0813584
0.55718	-0.302926	0.223986	0.00657286	-0.0304039	-0.0804786
0.557187	-0.302957	0.223905	0.00584937	-0.0319221	-0.0819399
0.557195	-0.30299	0.223823	0.00573736	-0.0312834	-0.0841442
0.557202	-0.303025	0.223747	0.00758802	-0.031037	-0.0811845
0.557211	-0.303055	0.223663	0.00758695	-0.0331986	-0.079856
0.55722	-0.30309	0.223586	0.00684294	-0.0352244	-0.0794545
0.557227	-0.303125	0.223508	0.00778045	-0.0382442	-0.0747203
0.557237	-0.303163	0.223431	0.00787749	-0.0378732	-0.077148
0.557244	-0.303195	0.223354	0.00712428	-0.0358258	-0.0794205
0.557254	-0.303226	0.223275	0.0068256	-0.0340585	-0.0812546
0.55726	-0.30326	0.2232	0.00584936	-0.0359288	-0.0791718
0.557268	-0.303294	0.223119	0.00569911	-0.0360116	-0.0791392
0.557277	-0.303326	0.223042	0.00735979	-0.0326707	-0.0784534
0.557287	-0.303361	0.222967	0.00812203	-0.0332512	-0.0779871
0.557291	-0.303396	0.222889	0.00687448	-0.0342061	-0.077337
0.557299	-0.303428	0.222811	0.00899208	-0.03219	-0.0761037
0.55731	-0.303461	0.222742	0.00964892	-0.0325421	-0.0731863
0.557316	-0.303495	0.222659	0.00790746	-0.0324697	-0.077929
0.557322	-0.303535	0.222586	0.00687829	-0.0341527	-0.0767526
0.557335	-0.303563	0.222516	0.00810196	-0.0317887	-0.0741979
0.557338	-0.3036	0.222432	0.00652696	-0.0330408	-0.0769015
0.55735	-0.303632	0.22236	0.00830903	-0.03272	-0.076231
0.557355	-0.303666	0.222276	0.00793388	-0.0333354	-0.0778245
0.557362	-0.3037	0.222198	0.00713793	-0.0329214	-0.0795469
0.557372	-0.303734	0.222128	0.0091601	-0.0337528	-0.0739322
0.557376	-0.30377	0.222042	0.00778401	-0.0344254	-0.0786468
0.557383	-0.303806	0.221968	0.00708286	-0.0335611	-0.0791679
0.557392	-0.303841	0.221894	0.00775505	-0.0338314	-0.0769468
0.557401	-0.303875	0.221812	0.0074851	-0.0348211	-0.0796353
0.557408	-0.303912	0.221732	0.00949549	-0.0343028	-0.0757632
0.557414	-0.303947	0.221654	0.00879287	-0.0339073	-0.0764119
0.557429	-0.303982	0.221583	0.010041	-0.0343024	-0.0740016
0.557434	-0.30402	0.22151	0.00908997	-0.0352724	-0.0734075
0.557442	-0.304052	0.221428	0.00809461	-0.0356313	-0.0748791
0.55745	-0.304088	0.221352	0.00730338	-0.0370967	-0.0761402
0.557457	-0.304124	0.221272	0.00872515	-0.0347527	-0.0763537
0.557465	-0.304157	0.221194	0.00951912	-0.032157	-0.0766173
0.557472	-0.304198	0.221122	0.0103175	-0.0353879	-0.0706361
0.557481	-0.304227	0.221039	0.00904778	-0.0350789	-0.0759016
0.55749	-0.304266	0.220967	0.0093014	-0.0359718	-0.0740583
0.5575	-0.304294	0.220889	0.0101099	-0.0341045	-0.0749912
0.557511	-0.30433	0.220814	0.00993181	-0.0344027	-0.0771811
0.557521	-0.30437	0.220744	0.00955274	-0.0360164	-0.0744995
0.557528	-0.304405	0.220659	0.00896411	-0.0353362	-0.0769358
0.557536	-0.304443	0.220581	0.00829616	-0.0353071	-0.0761227
0.557547	-0.304478	0.220513	0.00946487	-0.0351964	-0.0711896
0.557553	-0.304515	0.22043	0.00866609	-0.035557	-0.0725755
0.557564	-0.30455	0.220364	0.00862913	-0.0362517	-0.0717346
0.557572	-0.304588	0.22029	0.00895349	-0.037208	-0.0708538
0.557581	-0.304624	0.220216	0.00923658	-0.0363577	-0.0730689
0.557592	-0.304655	0.220145	0.0104121	-0.0348358	-0.0700755
0.5576	-0.304689	0.220068	0.00923398	-0.0365462	-0.0715576
0.55761	-0.304729	0.219997	0.00832009	-0.039427	-0.0718626
0.557619	-0.304763	0.219923	0.00798014	-0.0397103	-0.0715458
0.557631	-0.304802	0.219857	0.00856906	-0.040117	-0.0700392
0.557643	-0.304836	0.219791	0.00956109	-0.0386095	-0.0686378
0.557653	-0.304872	0.21972	0.00834926	-0.0387323	-0.0719766
0.557663	-0.304908	0.21965	0.00840005	-0.0382635	-0.0718656
0.557673	-0.304943	0.219584	0.00829034	-0.0390516	-0.0683593
0.557681	-0.304983	0.219514	0.00783628	-0.0390948	-0.0699989
0.557691	-0.305014	0.21944	0.00830186	-0.0366181	-0.0715233
0.557702	-0.305053	0.219377	0.00972369	-0.0379055	-0.0661998
0.55771	-0.305086	0.219304	0.00874404	-0.0365887	-0.0677345
0.557722	-0.305124	0.219242	0.0100331	-0.0371011	-0.0639296
0.557733	-0.305161	0.219176	0.00918705	-0.0388158	-0.0643798
0.557747	-0.305196	0.219117	0.0113293	-0.0356094	-0.0622872
0.557754	-0.305238	0.219046	0.00950618	-0.0385052	-0.0648848
0.557765	-0.305276	0.218986	0.00986324	-0.037911	-0.0636296
0.557774	-0.30531	0.218917	0.0106839	-0.0372233	-0.0628844
0.557785	-0.305347	0.218855	0.010509	-0.0367223	-0.0633349
0.557793	-0.305384	0.218788	0.00910687	-0.0380278	-0.065731
0.557803	-0.305424	0.218723	0.00890519	-0.0383276	-0.0666824
0.557813	-0.305463	0.218664	0.00733509	-0.0388334	-0.0681924
0.557825	-0.305499	0.218604	0.00948152	-0.0384378	-0.0636222
0.557831	-0.305538	0.218534	0.00984365	-0.0361925	-0.0672464
0.557841	-0.30558	0.218473	0.00947169	-0.0395138	-0.0647361
0.557853	-0.305613	0.21841	0.0105729	-0.0368385	-0.0641699
0.557863	-0.305653	0.218347	0.0108067	-0.0376771	-0.063596
0.557873	-0.305692	0.218288	0.00912333	-0.0368233	-0.0654711
0.557881	-0.30573	0.21822	0.0079234	-0.03616	-0.0678492
0.557892	-0.305764	0.218159	0.00813279	-0.03434	-0.0660497
0.5579	-0.305799	0.218095	0.00781658	-0.0359098	-0.0645621
0.557907	-0.30584	0.218032	0.00826951	-0.0381332	-0.0617429
0.557921	-0.305877	0.217974	0.0101222	-0.0368664	-0.0598703
0.557925	-0.305919	0.217905	0.00727504	-0.038005	-0.0624632
0.55794	-0.305952	0.217842	0.00896432	-0.0351286	-0.0647285
0.557948	-0.305993	0.217776	0.00962925	-0.0372791	-0.0634612
0.557959	-0.306035	0.217712	0.0115699	-0.0355131	-0.065098
0.557974	-0.306072	0.217654	0.0114239	-0.0368352	-0.0628719
0.55798	-0.306114	0.217588	0.010984	-0.0361724	-0.0646733
0.557995	-0.30615	0.217526	0.0128309	-0.0353974	-0.0643796
0.558003	-0.30619	0.217462	0.0102859	-0.0403652	-0.0647304
0.558013	-0.306226	0.217392	0.00987484	-0.0400535	-0.0663524
0.558023	-0.306264	0.21733	0.0121059	-0.0389324	-0.0626859
0.558035	-0.306302	0.217267	0.0117778	-0.0376211	-0.0630734
0.558046	-0.306341	0.217205	0.0115828	-0.0381265	-0.0633983
0.558058	-0.306377	0.217141	0.0120617	-0.0375245	-0.0633532
0.558066	-0.306414	0.217072	0.0101117	-0.038609	-0.0663682
0.55808	-0.306454	0.217016	0.0114946	-0.0391365	-0.0622651
0.558094	-0.306488	0.216953	0.0125776	-0.0371078	-0.0612934
0.558107	-0.306528	0.216893	0.0128918	-0.0382364	-0.0603804
0.558118	-0.306564	0.216831	0.0123403	-0.0369959	-0.0597071
0.558131	-0.306602	0.216767	0.01333	-0.0374088	-0.0596416
0.558148	-0.306676	0.216634	0.0124947	-0.036492	-0.0591149
0.558161	-0.306714	0.216573	0.0131691	-0.0367423	-0.0598077
0.558169	-0.306756	0.216512	0.0110728	-0.0378613	-0.0618343
0.558181	-0.306797	0.216454	0.012518	-0.0385799	-0.0583025
0.558196	-0.306831	0.216389	0.0119798	-0.0372372	-0.0621379
0.558209	-0.306872	0.216331	0.011646	-0.0392383	-0.0596794
0.558215	-0.306919	0.216267	0.0100993	-0.0406097	-0.0621524
0.558228	-0.30696	0.216208	0.00970124	-0.039135	-0.0639276
0.558239	-0.306997	0.216147	0.00987712	-0.0401273	-0.0619141
0.558249	-0.30704	0.216086	0.00939248	-0.0393754	-0.0633844
0.55826	-0.307077	0.21603	0.00909239	-0.0393381	-0.0622254
0.558268	-0.307121	0.215965	0.00840815	-0.0418803	-0.0636179
0.558282	-0.307161	0.215916	0.00931598	-0.0426007	-0.0599875
0.558291	-0.307204	0.215859	0.00739698	-0.0425265	-0.0612502
0.558297	-0.307245	0.215795	0.00591713	-0.0420536	-0.0648935
0.558314	-0.307282	0.215742	0.00912632	-0.0399809	-0.0622059
0.558323	-0.30733	0.215691	0.00901834	-0.041769	-0.0580529
0.558333	-0.307369	0.215634	0.00966909	-0.0398289	-0.058429
0.558346	-0.307415	0.215585	0.0106856	-0.0427404	-0.0530354
0.558355	-0.307453	0.215529	0.00990262	-0.042307	-0.0536263
0.558364	-0.307494	0.215474	0.00916515	-0.0427367	-0.0543051
0.558373	-0.307536	0.21542	0.00910349	-0.042639	-0.0534008
0.558381	-0.307582	0.21537	0.00772473	-0.0449799	-0.0542446
0.55839	-0.307623	0.215317	0.00857352	-0.0423304	-0.0542286
0.5584	-0.307666	0.215257	0.00919263	-0.0435085	-0.0558465
0.558404	-0.30771	0.215204	0.00886191	-0.0435131	-0.0536613
0.558413	-0.307757	0.215154	0.00938504	-0.0448951	-0.0513101
0.558421	-0.3078	0.215099	0.00761871	-0.0457757	-0.0537072
0.55843	-0.307848	0.215051	0.00960012	-0.0451124	-0.0499899
0.558439	-0.307893	0.214997	0.0099039	-0.0454436	-0.0507853
0.55845	-0.307937	0.214948	0.00995564	-0.0449161	-0.0494459
0.558456	-0.307982	0.214895	0.00910901	-0.0451952	-0.0510413
0.558464	-0.30802	0.214835	0.0083849	-0.0424821	-0.0567412
0.558472	-0.308066	0.214785	0.00907513	-0.0446323	-0.0521614
0.558477	-0.308109	0.214722	0.00851963	-0.0451125	-0.0542457
0.558487	-0.308152	0.214676	0.00869552	-0.044609	-0.0512464
0.558497	-0.308196	0.214628	0.00875561	-0.0442562	-0.0494427
0.558503	-0.308236	0.21457	0.00896119	-0.0441662	-0.0488489
0.558509	-0.308286	0.214524	0.00741565	-0.0454241	-0.0485348
0.558519	-0.308327	0.214475	0.00813859	-0.0435037	-0.0486975
0.558525	-0.308374	0.214421	0.00832916	-0.0455597	-0.0489751
0.558534	-0.30842	0.214371	0.00798138	-0.047769	-0.0480679
0.55854	-0.308466	0.214319	0.00775871	-0.0477803	-0.0466251
0.558547	-0.308506	0.214267	0.00816422	-0.0459468	-0.0487071
0.558552	-0.308548	0.214212	0.00755533	-0.0452023	-0.0509547
0.558556	-0.308598	0.21416	0.00600759	-0.0490677	-0.0487519
0.558561	-0.308643	0.214108	0.00495563	-0.0474585	-0.0504429
0.558568	-0.308685	0.214056	0.00503425	-0.0454069	-0.0528707
0.558572	-0.308732	0.214009	0.00372872	-0.0440507	-0.0546591
0.558574	-0.308778	0.213955	0.00508042	-0.0458992	-0.0509336
0.558585	-0.308818	0.213908	0.00711306	-0.0436486	-0.0522632
0.558589	-0.308864	0.213855	0.00559596	-0.0443048	-0.0525871
0.558591	-0.308909	0.2138	0.00559927	-0.0466601	-0.0503685
0.558597	-0.308956	0.213751	0.00617663	-0.0454584	-0.0492227
0.558602	-0.309	0.213698	0.00511314	-0.0454351	-0.051139
0.558604	-0.309051	0.213644	0.00346595	-0.0478292	-0.0515415
0.558608	-0.309094	0.213594	0.00460529	-0.0456645	-0.0503732
0.558611	-0.309145	0.213545	0.00508013	-0.0461881	-0.0493742
0.558614	-0.309187	0.213491	0.00453796	-0.0460799	-0.0508397
0.558618	-0.309233	0.213439	0.00339863	-0.0478025	-0.050801
0.558622	-0.30928	0.213385	0.00236879	-0.048093	-0.0526764
0.558628	-0.309321	0.213335	0.00246599	-0.0460851	-0.0525748
0.558632	-0.30937	0.213289	0.00255767	-0.049076	-0.0495235
0.558637	-0.309415	0.213236	0.00110484	-0.0497426	-0.0528778
0.558642	-0.309463	0.213187	0.0027032	-0.0486951	-0.0513315
0.558648	-0.30951	0.213139	0.00383415	-0.0477952	-0.0504391
0.558651	-0.309559	0.213089	0.00241775	-0.0462727	-0.053038
0.558656	-0.309603	0.213043	0.00303585	-0.0478893	-0.0485063
0.558658	-0.309654	0.212992	0.00352204	-0.0486594	-0.0470829
0.558664	-0.309699	0.212944	0.00401596	-0.0465564	-0.0486569
0.558667	-0.309742	0.212896	0.0051903	-0.0450831	-0.0454523
0.55867	-0.30979	0.212847	0.00439243	-0.0449299	-0.0475716
0.558672	-0.309837	0.2128	0.0025061	-0.045539	-0.050143
0.558674	-0.309888	0.212749	0.00282483	-0.0460353	-0.0507004
0.558682	-0.309931	0.212701	0.00497895	-0.044485	-0.0491109
0.558684	-0.309982	0.212654	0.00578746	-0.0470586	-0.0450576
0.558692	-0.310025	0.212609	0.00587676	-0.0456	-0.0449268
0.558697	-0.310076	0.212564	0.0047917	-0.0477761	-0.045826
0.558702	-0.310128	0.212519	0.00426192	-0.0502438	-0.0457697
0.558708	-0.310173	0.212476	0.00370594	-0.049115	-0.0449232
0.558713	-0.310223	0.212435	0.00496867	-0.0509634	-0.042152
0.558717	-0.310271	0.212387	0.00504062	-0.0491364	-0.0464344
0.55872	-0.310321	0.212341	0.00209948	-0.0513292	-0.04797
0.558725	-0.310367	0.212292	0.00393987	-0.0484018	-0.0484975
0.558733	-0.310417	0.212252	0.00520563	-0.0480825	-0.0471383
0.558738	-0.310467	0.212207	0.00489984	-0.048502	-0.047844
0.558742	-0.310514	0.212154	0.00507811	-0.0467657	-0.0498119
0.558746	-0.310564	0.212115	0.00446272	-0.0489215	-0.046724
0.558755	-0.310617	0.212083	0.00585376	-0.0493475	-0.042738
0.558761	-0.310662	0.212035	0.00685256	-0.0447547	-0.0455317
0.558772	-0.310708	0.211998	0.00681773	-0.0435382	-0.0442906
0.558772	-0.310762	0.21195	0.00478369	-0.0468938	-0.0465725
0.558783	-0.310805	0.211912	0.00924854	-0.0409286	-0.0452263
0.558788	-0.310852	0.211869	0.00731633	-0.0442486	-0.0435678
0.558797	-0.310898	0.211825	0.00813977	-0.0459874	-0.0420901
0.558799	-0.310949	0.21178	0.00564123	-0.046513	-0.0427412
0.558804	-0.310997	0.211736	0.00429876	-0.0480979	-0.0449428
0.55881	-0.311044	0.211695	0.00524048	-0.0488619	-0.0413708
0.558818	-0.311087	0.211654	0.00723953	-0.0491441	-0.0374372
0.558824	-0.311141	0.211615	0.00592942	-0.0496081	-0.0409668
0.558827	-0.311196	0.211579	0.00396424	-0.051903	-0.0415394
0.558835	-0.311243	0.211542	0.00607286	-0.0495137	-0.0401009
0.558842	-0.31129	0.211501	0.00548021	-0.0472202	-0.0423396
0.55885	-0.311338	0.211464	0.00665545	-0.0467343	-0.0407863
0.558851	-0.311389	0.211415	0.00350804	-0.0487294	-0.0440925
0.558859	-0.311438	0.211379	0.00361814	-0.0490787	-0.0425934
0.558862	-0.311486	0.211334	0.00422772	-0.048626	-0.0404907
0.558869	-0.311537	0.211295	0.0056237	-0.0503688	-0.037919
0.558875	-0.311588	0.211259	0.00566105	-0.0526497	-0.0357904
0.558879	-0.311636	0.211213	0.00533698	-0.0502414	-0.0385908
0.558886	-0.311681	0.211175	0.0057711	-0.047753	-0.0392643
0.558893	-0.311733	0.211138	0.00615796	-0.0512919	-0.0363754
0.5589	-0.31178	0.211096	0.00523735	-0.0505781	-0.0407418
0.558906	-0.311835	0.21106	0.00391093	-0.0517139	-0.0409928
0.558911	-0.311886	0.21102	0.0037771	-0.0502274	-0.0432979
0.558917	-0.311934	0.210979	0.00340948	-0.0493258	-0.0446502
0.558924	-0.31198	0.210942	0.0052323	-0.0478727	-0.0418916
0.558929	-0.31203	0.210899	0.00413853	-0.0503833	-0.0398411
0.558933	-0.31208	0.21086	0.00381788	-0.0498256	-0.039325
0.558937	-0.312127	0.210821	0.0033731	-0.0475742	-0.0411699
0.558942	-0.312177	0.210786	0.00513709	-0.0479885	-0.0372137
0.55895	-0.312223	0.210753	0.00554752	-0.0463322	-0.0380214
0.558954	-0.312274	0.210714	0.00632875	-0.0473464	-0.0362443
0.558961	-0.312318	0.210676	0.0074554	-0.0463678	-0.0346066
0.558966	-0.312365	0.210634	0.00697869	-0.0460418	-0.0363179
0.558973	-0.312415	0.210601	0.00500031	-0.047537	-0.0370038
0.558978	-0.312462	0.210567	0.00494852	-0.0460756	-0.0381279
0.55898	-0.31251	0.21052	0.003902	-0.0480427	-0.0401292
0.558981	-0.312559	0.210483	0.00177225	-0.0492439	-0.03937
0.558987	-0.312605	0.21045	0.00326799	-0.0503168	-0.0359268
0.558991	-0.312652	0.210413	0.00346637	-0.0479799	-0.0371454
0.558991	-0.3127	0.210368	0.00240791	-0.0461227	-0.0406912
0.558992	-0.312749	0.210334	0.00209847	-0.0483657	-0.0368472
0.558996	-0.312799	0.2103	0.00226889	-0.0477101	-0.0371105
0.558994	-0.312848	0.21026	0.00033577	-0.04869	-0.0369323
0.558999	-0.312891	0.210216	0.00283719	-0.0464039	-0.0372915
0.559002	-0.312942	0.210184	0.000736639	-0.0466364	-0.0385762
0.559006	-0.312987	0.210152	0.00370855	-0.046165	-0.0337636
0.559005	-0.313038	0.210111	0.00148556	-0.0486838	-0.0351766
0.559011	-0.313085	0.210075	0.0025561	-0.0488643	-0.0352182
0.559012	-0.313131	0.210034	0.00207704	-0.0471401	-0.0362123
0.559014	-0.313178	0.209995	0.000858439	-0.0475499	-0.0384432
0.559014	-0.313225	0.209959	0.000928066	-0.0473253	-0.0366306
0.559013	-0.313274	0.209921	0.000191036	-0.0498625	-0.0358322
0.559015	-0.313322	0.209886	-5.72115e-05	-0.0496977	-0.0369955
0.559015	-0.313369	0.209847	-0.000918922	-0.0492833	-0.0381401
0.559015	-0.313417	0.209813	5.89277e-05	-0.04726	-0.036953
0.559017	-0.313462	0.209776	0.000874596	-0.0484244	-0.0347907
0.559014	-0.313506	0.209732	-0.00139862	-0.0482358	-0.0378145
0.559015	-0.313552	0.209699	9.02185e-05	-0.0472713	-0.0354702
0.559017	-0.313595	0.209661	0.000625681	-0.0446527	-0.0360456
0.559019	-0.313634	0.209619	0.000886822	-0.0427579	-0.0396375
0.559018	-0.313687	0.209587	-0.000612426	-0.04694	-0.0366018
0.559018	-0.31373	0.209546	0.00122902	-0.045286	-0.0364337
0.559018	-0.313775	0.209508	-0.000868248	-0.0461701	-0.0376655
0.559018	-0.313823	0.209477	-0.00174574	-0.0480009	-0.0358406
0.559022	-0.31386	0.209437	-0.00148589	-0.0461213	-0.0383945
0.559021	-0.313907	0.209407	-0.00141601	-0.047505	-0.0353899
0.559019	-0.313952	0.209364	-0.00226189	-0.0477193	-0.0377546
0.559019	-0.313995	0.209327	-0.00262156	-0.0467643	-0.0389421
0.559013	-0.314042	0.209287	-0.00317216	-0.0468148	-0.0383355
0.559017	-0.314085	0.209251	-0.00224179	-0.0459115	-0.0400687
0.559016	-0.314132	0.209217	-0.00193632	-0.0454713	-0.0378038
0.559014	-0.314173	0.209171	-0.00155265	-0.0429051	-0.0418297
0.559014	-0.314218	0.209134	-0.00166963	-0.0422436	-0.0438597
0.559013	-0.314266	0.2091	-0.00178085	-0.0457065	-0.03912
0.559015	-0.314306	0.209058	-0.00107356	-0.044979	-0.0400691
0.559014	-0.314355	0.209024	-0.00125531	-0.0446473	-0.0404722
0.559014	-0.3144	0.208985	-0.00151154	-0.0465031	-0.0387709
0.559015	-0.314441	0.208945	-0.000270343	-0.0444863	-0.0387374
0.559018	-0.314482	0.20891	0.000114498	-0.0424283	-0.0381224
0.559015	-0.314525	0.208864	-0.000677503	-0.0424538	-0.0402776
0.559013	-0.314575	0.208829	-0.00233983	-0.0437316	-0.0399416
0.559013	-0.314615	0.208793	-0.00144804	-0.0417185	-0.0400707
0.559013	-0.314662	0.208759	-0.00116725	-0.0445295	-0.0362477
0.559015	-0.314705	0.208724	0.000185323	-0.043894	-0.0356721
0.55901	-0.314749	0.208681	-0.00044907	-0.0436439	-0.0376666
0.559011	-0.314795	0.208647	-0.00102176	-0.0440022	-0.038092
0.559012	-0.314833	0.208609	0.00157987	-0.0403678	-0.0351976
0.559011	-0.314877	0.208568	0.00218751	-0.0389305	-0.0365635
0.559017	-0.314915	0.20854	0.00219934	-0.040468	-0.0352382
0.559015	-0.314964	0.208504	0.000165791	-0.0419806	-0.0375201
0.559015	-0.315009	0.208472	0.000982663	-0.0419066	-0.0368308
0.559016	-0.315055	0.208444	2.78887e-05	-0.0446037	-0.0357144
0.559018	-0.315098	0.208408	0.00102618	-0.0437957	-0.0367179
0.559018	-0.315144	0.20838	0.000261922	-0.0438295	-0.0362829
0.559022	-0.315185	0.20835	0.00100655	-0.0441303	-0.0336533
0.559018	-0.315231	0.208313	-0.000800683	-0.0437911	-0.0370183
0.55902	-0.315275	0.208286	0.00153227	-0.0433008	-0.0321146
0.559015	-0.31532	0.208242	-0.000271025	-0.0459301	-0.0340734
0.559016	-0.315368	0.208215	-0.000508932	-0.0445813	-0.0350739
0.559015	-0.315412	0.208184	0.000247998	-0.0435263	-0.0326086
0.559015	-0.315454	0.208149	-0.00152259	-0.0435187	-0.0340057
0.559016	-0.315495	0.208114	-0.00167573	-0.0437807	-0.034485
0.559014	-0.315543	0.208084	-0.00167265	-0.04709	-0.0315556
0.559012	-0.315587	0.208048	-0.00184077	-0.0466424	-0.030615
0.559011	-0.315635	0.208017	-0.000252104	-0.0477197	-0.0284742
0.559013	-0.315682	0.207992	0.00029468	-0.0466123	-0.0276847
0.559013	-0.315725	0.207959	0.000180949	-0.0451667	-0.0309542
0.559017	-0.31577	0.207934	0.00221323	-0.0451055	-0.0272054
0.559018	-0.315812	0.2079	0.00150936	-0.0440228	-0.0288308
0.559018	-0.315859	0.207869	0.000576122	-0.0445064	-0.030632
0.559014	-0.315904	0.207832	-0.00157483	-0.0461161	-0.0317071
0.559015	-0.31595	0.207802	-0.000747001	-0.0459676	-0.0298464
0.559016	-0.315993	0.207769	0.00114517	-0.0451869	-0.0279783
0.559011	-0.31604	0.207728	-0.000184317	-0.0450275	-0.0306896
0.55901	-0.316084	0.20769	-0.00048541	-0.0441842	-0.0328839
0.559012	-0.316127	0.207657	0.00114076	-0.0444246	-0.030589
0.559011	-0.316172	0.207625	0.000981544	-0.0451266	-0.0295926
0.559014	-0.31621	0.207593	0.00237099	-0.0436136	-0.0278444
0.559012	-0.316254	0.207556	0.00066311	-0.043652	-0.0303961
0.559016	-0.316295	0.207528	0.00223943	-0.041168	-0.0307184
0.559015	-0.316341	0.207495	0.00170633	-0.0434762	-0.0296903
0.559015	-0.316382	0.207456	-0.000203062	-0.0435697	-0.0327574
0.559023	-0.31642	0.207437	0.00161263	-0.0414258	-0.0307566
0.559024	-0.316462	0.207397	0.00150187	-0.0417625	-0.0333971
0.559025	-0.316506	0.207365	0.00147534	-0.0417849	-0.0339712
0.559025	-0.316545	0.207332	0.000240644	-0.0401385	-0.0350101
0.559029	-0.316586	0.2073	0.00131246	-0.0386987	-0.0365884
0.559029	-0.316627	0.207266	0.000614169	-0.0391535	-0.035762
0.559027	-0.316669	0.207228	0.000772675	-0.0381333	-0.0362363
0.559029	-0.316711	0.207196	0.00130748	-0.0394667	-0.0333068
0.559029	-0.316752	0.207164	0.000689737	-0.0396002	-0.0343423
0.55903	-0.316796	0.20713	0.0012326	-0.0401247	-0.0345995
0.559028	-0.316835	0.207097	5.16572e-05	-0.0398593	-0.0339656
0.55903	-0.316871	0.207063	-0.000202694	-0.0386081	-0.0350549
0.55903	-0.316911	0.20703	-0.000373008	-0.0404308	-0.0337745
0.559028	-0.316956	0.206999	0.000305586	-0.0434357	-0.0290595
0.559031	-0.316996	0.206965	0.0012645	-0.0424032	-0.0302593
0.559032	-0.317039	0.206938	0.000195238	-0.0423517	-0.0303864
0.559032	-0.317074	0.206905	-0.000141517	-0.0389431	-0.0332881
0.559029	-0.317121	0.20687	-0.000708799	-0.0411486	-0.0341615
0.559031	-0.317163	0.20684	-0.000704033	-0.041141	-0.0341132
0.559027	-0.317202	0.206803	-0.00177639	-0.0410297	-0.0313937
0.559028	-0.31724	0.206771	-0.000362622	-0.0403728	-0.0308322
0.559028	-0.317278	0.20674	0.000938446	-0.0403112	-0.0279667
0.559023	-0.317323	0.206704	-0.00119967	-0.0414129	-0.0313713
0.559021	-0.317363	0.206673	-0.00158386	-0.0402244	-0.0319352
0.559015	-0.31741	0.20664	-0.00370455	-0.0421205	-0.0322807
0.559013	-0.317446	0.206609	-0.00443829	-0.0409708	-0.0337165
0.559011	-0.317493	0.206583	-0.000409665	-0.0414231	-0.0282614
0.55901	-0.317527	0.206546	-0.00196065	-0.0402487	-0.0339566
0.559005	-0.317569	0.206512	-0.00272884	-0.0410667	-0.0324976
0.559001	-0.317613	0.206483	-0.003013	-0.0418103	-0.0320607
0.558997	-0.317652	0.206445	-0.00297796	-0.040623	-0.0336858
0.558996	-0.317691	0.206416	-0.00171526	-0.0404549	-0.0313914
0.558992	-0.317726	0.206379	-0.00228867	-0.0399364	-0.031314
0.55899	-0.317769	0.206346	-0.00209166	-0.0385643	-0.0338591
0.558987	-0.317808	0.206313	-0.00228572	-0.0387741	-0.0336959
0.558987	-0.317845	0.206279	-0.00219171	-0.0397309	-0.0328069
0.558983	-0.317883	0.206246	-0.00252314	-0.0390271	-0.0335515
0.558976	-0.317926	0.206207	-0.00370164	-0.0398481	-0.0361954
0.558973	-0.317964	0.206177	-0.00321262	-0.038563	-0.0327858
0.558967	-0.318009	0.20615	-0.00419669	-0.0427489	-0.0290221
0.558961	-0.318046	0.206113	-0.00465802	-0.0405117	-0.0303245
0.558955	-0.318087	0.206079	-0.0049569	-0.0397769	-0.0316074
0.558955	-0.318121	0.206051	-0.00279648	-0.0380572	-0.0298648
0.558946	-0.318161	0.206013	-0.0056629	-0.0397197	-0.0332675
0.558946	-0.318196	0.205986	-0.00482499	-0.0394952	-0.0307549
0.558938	-0.31824	0.205949	-0.00547688	-0.0386567	-0.0345192
0.558937	-0.318273	0.205917	-0.00555242	-0.0380766	-0.0347209
0.558925	-0.318319	0.205884	-0.00735739	-0.0402594	-0.0339516
0.558921	-0.318354	0.205846	-0.00541221	-0.0384505	-0.0342686
0.558916	-0.318392	0.205812	-0.00609955	-0.0369546	-0.0372506
0.558907	-0.318435	0.205781	-0.00584753	-0.039432	-0.033919
0.558901	-0.31847	0.205743	-0.0069048	-0.0392065	-0.0351023
0.558894	-0.31851	0.205712	-0.00599481	-0.0383576	-0.0333382
0.558891	-0.318547	0.20568	-0.00550581	-0.0377433	-0.0341433
0.558882	-0.318589	0.205646	-0.0062123	-0.038073	-0.0343684
0.558877	-0.318628	0.205618	-0.00598077	-0.0390289	-0.0301201
0.558868	-0.318666	0.205581	-0.00795296	-0.0403304	-0.0330992
0.558859	-0.318709	0.205548	-0.00868765	-0.0405535	-0.0340149
0.558854	-0.318741	0.205514	-0.0078217	-0.0367788	-0.0352857
0.558843	-0.318785	0.205478	-0.00944778	-0.0389499	-0.0365219
0.558835	-0.318823	0.20545	-0.00782386	-0.0389308	-0.0307147
0.558826	-0.318862	0.205413	-0.00783924	-0.0386757	-0.0315286
0.558822	-0.31889	0.205377	-0.00679918	-0.0350452	-0.0331883
0.558808	-0.318939	0.205342	-0.0090054	-0.0388947	-0.0342133
0.558805	-0.318966	0.205308	-0.00722528	-0.0352944	-0.0332753
0.558793	-0.319006	0.205272	-0.00909907	-0.0381066	-0.034239
0.558785	-0.319038	0.205236	-0.00927532	-0.0376654	-0.0332307
0.558773	-0.319081	0.205206	-0.00973878	-0.0393817	-0.0320572
0.558762	-0.319117	0.205169	-0.0106028	-0.0391067	-0.0342829
0.55875	-0.319157	0.205132	-0.0108934	-0.0389073	-0.036117
0.558742	-0.319192	0.205099	-0.0110481	-0.0383176	-0.0349562
0.558732	-0.31923	0.205065	-0.0115272	-0.0379569	-0.0350158
0.558722	-0.319265	0.205028	-0.0104613	-0.0370661	-0.0348474
0.558707	-0.319306	0.204999	-0.0110034	-0.0388198	-0.0311146
0.558699	-0.319342	0.204963	-0.0107529	-0.0392995	-0.0328529
0.558688	-0.319376	0.204926	-0.0115397	-0.038198	-0.0346438
0.558673	-0.319419	0.204891	-0.0120413	-0.0389741	-0.0358879
0.55866	-0.319456	0.204853	-0.0118924	-0.0379601	-0.0355711
0.558651	-0.319491	0.204824	-0.00977558	-0.0375091	-0.0305061
0.55864	-0.319531	0.204791	-0.0112325	-0.0374985	-0.0332332
0.558626	-0.319569	0.204755	-0.0125963	-0.0369116	-0.0338489
0.558616	-0.319603	0.20472	-0.0111872	-0.0369557	-0.0327146
0.558605	-0.319641	0.204689	-0.011129	-0.0380321	-0.0316633
0.558594	-0.319681	0.204655	-0.0104713	-0.038065	-0.0317316
0.558582	-0.319716	0.204617	-0.0112927	-0.0364861	-0.0346553
0.558569	-0.319755	0.204587	-0.0106427	-0.0371531	-0.0323609
0.558554	-0.319794	0.204549	-0.0129994	-0.0375655	-0.0335476
0.558543	-0.319826	0.204512	-0.0124141	-0.0352309	-0.0348934
0.55853	-0.319861	0.204479	-0.0122597	-0.0347201	-0.034149
0.558515	-0.3199	0.204442	-0.0146896	-0.0383907	-0.0358402
0.558503	-0.319935	0.204411	-0.013046	-0.0365274	-0.0346224
0.558492	-0.319967	0.204375	-0.0122778	-0.0345935	-0.0350187
0.558479	-0.320001	0.204337	-0.0134597	-0.0340703	-0.0361301
0.558464	-0.320039	0.204304	-0.0127959	-0.035164	-0.0330681
0.558452	-0.320075	0.204273	-0.0128845	-0.0369153	-0.0308146
0.558438	-0.320107	0.204234	-0.012769	-0.0357715	-0.0323917
0.558426	-0.320138	0.2042	-0.0115467	-0.0343434	-0.0302821
0.558408	-0.32018	0.204163	-0.0132169	-0.0361676	-0.0319138
0.558396	-0.320212	0.204129	-0.0117315	-0.0346089	-0.0301382
0.558382	-0.320249	0.204096	-0.0115381	-0.0350023	-0.03013
0.558371	-0.320275	0.204058	-0.0112401	-0.0337629	-0.0304669
0.558356	-0.320314	0.204023	-0.0117301	-0.0349424	-0.0313401
0.558339	-0.320352	0.203984	-0.0123393	-0.03362	-0.0346271
0.558325	-0.320382	0.203947	-0.0128491	-0.0340597	-0.0331517
0.55831	-0.32042	0.203914	-0.0136968	-0.0343935	-0.0358429
0.558294	-0.320451	0.203873	-0.0136861	-0.0330072	-0.0377619
0.55828	-0.320487	0.203839	-0.0132078	-0.0336456	-0.0349655
0.558266	-0.320516	0.203804	-0.0132415	-0.0306441	-0.0363375
0.558249	-0.320552	0.203762	-0.0152962	-0.0328501	-0.0391521
0.558236	-0.320582	0.203724	-0.0145003	-0.033029	-0.0385685
0.55822	-0.320617	0.203686	-0.0155858	-0.0342636	-0.0399039
0.558205	-0.320656	0.203659	-0.0153795	-0.034747	-0.0372131
0.55819	-0.320691	0.203627	-0.0156153	-0.0357428	-0.0344893
0.558174	-0.320721	0.203583	-0.015978	-0.0335595	-0.0388559
0.55816	-0.320757	0.203554	-0.0141803	-0.0316275	-0.0367784
0.558142	-0.320795	0.203513	-0.015244	-0.0341856	-0.0384129
0.558125	-0.320829	0.203477	-0.0163003	-0.0354139	-0.0373146
0.558114	-0.320857	0.203448	-0.0139312	-0.0323231	-0.0335343
0.558097	-0.320893	0.203409	-0.0161166	-0.0345531	-0.0367177
0.558083	-0.320925	0.203375	-0.0147157	-0.0335684	-0.0370481
0.558018	-0.321056	0.203221	-0.0165051	-0.035072	-0.0381878
0.558005	-0.321087	0.203188	-0.0142366	-0.0346606	-0.0338848
0.557986	-0.32112	0.203149	-0.0161171	-0.0338572	-0.0353923
0.557969	-0.321151	0.203106	-0.0171971	-0.0325401	-0.0396401
0.557954	-0.321176	0.203068	-0.0173327	-0.0308165	-0.038985
0.557934	-0.321215	0.203032	-0.0173155	-0.0333691	-0.0365197
0.557918	-0.321247	0.202996	-0.0171922	-0.0345212	-0.0349325
0.557902	-0.321276	0.202961	-0.016997	-0.0317074	-0.036732
0.557883	-0.32131	0.202919	-0.0188994	-0.0335132	-0.0388308
0.557862	-0.321344	0.202879	-0.0187543	-0.0333688	-0.0400396
0.557847	-0.321375	0.202847	-0.0173083	-0.0315989	-0.0378358
0.557832	-0.321405	0.202809	-0.0152704	-0.030145	-0.0364398
0.557813	-0.321441	0.202773	-0.0150891	-0.0315949	-0.0346229
0.557793	-0.32147	0.202728	-0.0165333	-0.0300101	-0.0384984
0.557777	-0.321501	0.202693	-0.0159199	-0.0293083	-0.0370926
0.557758	-0.321538	0.202658	-0.0174391	-0.0334273	-0.0359344
0.557741	-0.321566	0.202619	-0.0179923	-0.0298417	-0.0398532
0.557723	-0.321598	0.202579	-0.0185994	-0.0314915	-0.039243
0.557703	-0.321628	0.202537	-0.019773	-0.0307389	-0.0422998
0.557685	-0.321665	0.202502	-0.0187151	-0.0341102	-0.0364881
0.557663	-0.321699	0.202462	-0.0199876	-0.0354493	-0.0382848
0.557644	-0.32173	0.202419	-0.0206464	-0.034903	-0.0397036
0.557624	-0.321763	0.20238	-0.020599	-0.0345478	-0.0402184
0.557604	-0.321795	0.202335	-0.0204535	-0.0331705	-0.0419023
0.557591	-0.321826	0.202308	-0.0192537	-0.0333497	-0.0386576
0.557569	-0.321862	0.202267	-0.0208327	-0.0351593	-0.0394589
0.557552	-0.321889	0.202225	-0.0208131	-0.033786	-0.0420711
0.557532	-0.321921	0.202186	-0.020489	-0.0344526	-0.0412946
0.557515	-0.32195	0.202148	-0.0182247	-0.0308332	-0.0405399
0.557492	-0.321987	0.202105	-0.0202454	-0.0336743	-0.0406357
0.557477	-0.322013	0.202071	-0.0168159	-0.0306676	-0.037068
0.557458	-0.322045	0.202031	-0.0178455	-0.0301982	-0.0409872
0.557436	-0.322076	0.20199	-0.0193137	-0.0315638	-0.0401614
0.557421	-0.322108	0.201957	-0.0180017	-0.0313048	-0.0389082
0.557401	-0.322136	0.201911	-0.0191997	-0.0305169	-0.0432917
0.55738	-0.32217	0.201871	-0.0183604	-0.0302651	-0.0396572
0.55736	-0.322201	0.201834	-0.0206975	-0.0310984	-0.040449
0.55734	-0.322236	0.201796	-0.0194148	-0.030992	-0.0391431
0.557323	-0.322263	0.201756	-0.0193975	-0.0309687	-0.0391834
0.557304	-0.322295	0.201718	-0.0188646	-0.0311531	-0.0378926
0.557285	-0.322323	0.201679	-0.0186762	-0.0294798	-0.0385098
0.557265	-0.322358	0.201641	-0.0187818	-0.0302948	-0.0378212
0.557251	-0.322382	0.201599	-0.0172779	-0.0276007	-0.0407263
0.557229	-0.322415	0.201561	-0.0196775	-0.0308564	-0.0396327
0.557211	-0.322444	0.201515	-0.01774	-0.0304222	-0.039524
0.55719	-0.322478	0.201479	-0.0185409	-0.0313468	-0.0380894
0.557178	-0.322505	0.201449	-0.0173519	-0.0311601	-0.0352717
0.557159	-0.322531	0.201403	-0.0184377	-0.0291235	-0.0399141
0.557137	-0.322566	0.201365	-0.0192703	-0.0301808	-0.0399245
0.557119	-0.322595	0.201323	-0.0188509	-0.0299945	-0.0401207
0.557102	-0.322623	0.201286	-0.0175906	-0.0282967	-0.0388329
0.557081	-0.322658	0.201251	-0.0178283	-0.0296754	-0.0352957
0.557065	-0.322688	0.201214	-0.0188715	-0.0301223	-0.0370309
0.557047	-0.322715	0.20117	-0.0198365	-0.0300329	-0.0407985
0.55703	-0.322744	0.201132	-0.0192789	-0.0303936	-0.0395195
0.557012	-0.322773	0.201088	-0.0207976	-0.0306202	-0.0414995
0.556995	-0.322801	0.201056	-0.020595	-0.0313148	-0.0385649
0.556981	-0.322825	0.201011	-0.0191479	-0.0283196	-0.0422487
0.556963	-0.322856	0.200973	-0.019313	-0.0291151	-0.0417469
0.556949	-0.32288	0.20094	-0.0165322	-0.0281944	-0.0367964
0.556934	-0.322906	0.200896	-0.0167481	-0.0275232	-0.0412965
0.556919	-0.322936	0.200861	-0.016981	-0.0285228	-0.0394143
0.5569	-0.322959	0.200817	-0.0181157	-0.0294727	-0.0399265
0.556884	-0.322989	0.20078	-0.0183036	-0.0301494	-0.0401953
0.556869	-0.323015	0.200742	-0.0173309	-0.0282814	-0.039638
0.556854	-0.323039	0.2007	-0.0167925	-0.0271407	-0.0396188
0.556839	-0.323066	0.200667	-0.0156912	-0.0259544	-0.0386798
0.556823	-0.323091	0.200627	-0.0163516	-0.0264355	-0.0381459
0.55681	-0.323116	0.200595	-0.0148918	-0.0273541	-0.0336047
0.556793	-0.323144	0.200555	-0.0144316	-0.0240616	-0.03744
0.556776	-0.323171	0.200512	-0.0158112	-0.0259167	-0.0393367
0.556764	-0.323194	0.20048	-0.0155776	-0.0259395	-0.037447
0.55675	-0.323217	0.200447	-0.0144668	-0.0243592	-0.0346305
0.556737	-0.323243	0.200412	-0.0158968	-0.025289	-0.0371066
0.556722	-0.323271	0.200382	-0.0152802	-0.0249971	-0.0351827
0.556705	-0.323296	0.200339	-0.0151253	-0.0237315	-0.0367702
0.556691	-0.323319	0.200304	-0.0153975	-0.0240048	-0.0364985
0.556678	-0.323343	0.200269	-0.0151358	-0.0253865	-0.0351189
0.556664	-0.323368	0.200233	-0.0136204	-0.0229846	-0.0342247
0.556647	-0.323392	0.200193	-0.0155371	-0.0234046	-0.0371003
0.556636	-0.323416	0.200166	-0.0134606	-0.0222945	-0.0341573
0.556622	-0.32344	0.200127	-0.0112018	-0.0207818	-0.0344134
0.556606	-0.323465	0.200089	-0.0135028	-0.0224144	-0.0374106
0.556596	-0.323485	0.200056	-0.0116873	-0.0204565	-0.0361635
0.556577	-0.323513	0.200015	-0.0122007	-0.0223334	-0.0363728
0.556562	-0.323539	0.199977	-0.0142286	-0.0244168	-0.0389729
0.556551	-0.323561	0.199945	-0.0117653	-0.0229341	-0.0359577
0.556538	-0.323583	0.19991	-0.0120513	-0.0217151	-0.0352142
0.556524	-0.323605	0.199869	-0.0120936	-0.0225996	-0.0348647
0.556506	-0.323634	0.19983	-0.0151649	-0.0258201	-0.0383024
0.556497	-0.323656	0.199802	-0.0142529	-0.0230644	-0.0370876
0.556483	-0.323675	0.199756	-0.0133677	-0.0227076	-0.0383084
0.556472	-0.323697	0.199724	-0.0139882	-0.0209406	-0.0395473
0.55646	-0.323718	0.199691	-0.0135352	-0.0201182	-0.0387848
0.556446	-0.323744	0.199655	-0.0141608	-0.0211311	-0.0402133
0.556437	-0.32376	0.199622	-0.0109644	-0.0184764	-0.0372857
0.556424	-0.323786	0.199584	-0.0108073	-0.0184659	-0.0380634
0.556408	-0.323811	0.199547	-0.0112402	-0.0180452	-0.0372389
0.5564	-0.323824	0.199509	-0.0113261	-0.0170606	-0.0383048
0.556392	-0.323843	0.199476	-0.00924773	-0.0170005	-0.0359061
0.556379	-0.323864	0.199438	-0.0113213	-0.0177552	-0.0386456
0.556367	-0.323886	0.1994	-0.0110107	-0.0198315	-0.0358925
0.556355	-0.32391	0.199365	-0.0105453	-0.0218631	-0.0335177
0.556345	-0.323929	0.19933	-0.0108694	-0.0207588	-0.0349826
0.556335	-0.323948	0.199287	-0.00934424	-0.0190102	-0.0364238
0.556323	-0.323976	0.199255	-0.00964166	-0.0221814	-0.0334477
0.556309	-0.323996	0.199213	-0.0119591	-0.0211232	-0.0377073
0.556301	-0.324016	0.199178	-0.0110901	-0.0225696	-0.0346064
0.556291	-0.324037	0.19914	-0.00964529	-0.0213999	-0.0359382
0.556277	-0.32406	0.199099	-0.0108078	-0.0219266	-0.0382236
0.556267	-0.324081	0.199062	-0.0106473	-0.0215766	-0.0370736
0.556261	-0.324101	0.199031	-0.0103669	-0.0212446	-0.035856
0.556249	-0.324123	0.198994	-0.0117536	-0.0207316	-0.0364082
0.55624	-0.324144	0.198959	-0.0117469	-0.020551	-0.0373969
0.556232	-0.324161	0.198921	-0.00976365	-0.0191736	-0.0370835
0.556222	-0.324187	0.198889	-0.00943888	-0.0223327	-0.0327876
0.55621	-0.324208	0.198851	-0.00986856	-0.0218567	-0.0335697
0.556203	-0.324231	0.198822	-0.00939228	-0.0224601	-0.032997
0.556195	-0.324251	0.198787	-0.00946752	-0.0237416	-0.0321406
0.556182	-0.324275	0.198744	-0.0118929	-0.0256533	-0.0367881
0.556174	-0.324295	0.198709	-0.0109792	-0.0240848	-0.0359778
0.556146	-0.32436	0.198601	-0.0100963	-0.0213591	-0.0347501
0.556134	-0.324382	0.19856	-0.0104595	-0.019161	-0.0389431
0.556122	-0.324406	0.198526	-0.010284	-0.0201786	-0.0380185
0.556113	-0.324427	0.198489	-0.0102758	-0.0219875	-0.0368001
0.556105	-0.324447	0.198453	-0.00986612	-0.0217109	-0.0358535
0.556094	-0.324471	0.198413	-0.0108225	-0.0222903	-0.0370819
0.556085	-0.324495	0.198376	-0.0105792	-0.0239733	-0.0366567
0.556073	-0.324516	0.198337	-0.0126635	-0.0247723	-0.0378093
0.556067	-0.324536	0.198306	-0.0103076	-0.023399	-0.0365126
0.556056	-0.324559	0.198268	-0.0107916	-0.0239747	-0.038414
0.556047	-0.324581	0.198236	-0.0110706	-0.0227967	-0.0383194
0.556039	-0.324603	0.198201	-0.0117338	-0.0220141	-0.0404136
0.55603	-0.324626	0.19817	-0.0105143	-0.0222002	-0.0386728
0.556024	-0.324646	0.198138	-0.00823377	-0.0197322	-0.0353342
0.556016	-0.324668	0.198098	-0.00937452	-0.0202217	-0.0377361
0.556007	-0.324691	0.198065	-0.00944676	-0.0209766	-0.0376542
0.556	-0.324712	0.198031	-0.00959579	-0.0206312	-0.0369278
0.555993	-0.324732	0.197998	-0.00898462	-0.0201135	-0.0372501
0.555983	-0.324753	0.197959	-0.00751217	-0.0193707	-0.0362982
0.555979	-0.324774	0.197927	-0.00659184	-0.0192541	-0.0353541
0.555971	-0.324792	0.197886	-0.00792282	-0.0182442	-0.039057
0.555962	-0.324821	0.197854	-0.00913465	-0.0238019	-0.0376684
0.555955	-0.32484	0.197819	-0.00934555	-0.0235244	-0.0359899
0.555945	-0.324863	0.197778	-0.0085668	-0.0222047	-0.0383601
0.555942	-0.324881	0.197747	-0.00536432	-0.0186447	-0.0364093
0.555933	-0.324899	0.197703	-0.0070344	-0.0186342	-0.0379176
0.555926	-0.324921	0.197668	-0.00655284	-0.0197837	-0.0365727
0.555918	-0.324947	0.197631	-0.00594192	-0.0206414	-0.0351931
0.555912	-0.324964	0.197595	-0.00454549	-0.0182553	-0.0337828
0.555906	-0.324985	0.197557	-0.00436237	-0.0172976	-0.037664
0.555901	-0.325007	0.197524	-0.00469097	-0.019516	-0.0344862
0.555899	-0.325025	0.19749	-0.00478111	-0.0191587	-0.0330937
0.555892	-0.325048	0.197453	-0.00574283	-0.0179855	-0.036342
0.555888	-0.325067	0.197418	-0.00568918	-0.0192677	-0.0339356
0.555884	-0.325091	0.197387	-0.00486027	-0.0212744	-0.0330815
0.555882	-0.32511	0.197352	-0.00271576	-0.0198929	-0.0320694
0.55588	-0.325125	0.197313	-0.00274137	-0.0180472	-0.0361917
0.555874	-0.325152	0.197277	-0.00335812	-0.0198065	-0.0365874
0.555872	-0.325172	0.197243	-0.00195094	-0.0194784	-0.0353668
0.555869	-0.325189	0.197203	-0.00353153	-0.0184553	-0.0393282
0.555868	-0.325209	0.197165	-0.00310535	-0.0189697	-0.0402566
0.555865	-0.325231	0.197128	-0.0022257	-0.0188391	-0.0384465
0.555866	-0.325248	0.197091	-0.00283416	-0.0201086	-0.0393664
0.555865	-0.325268	0.197057	-0.00213677	-0.0188915	-0.0393218
0.555865	-0.325286	0.197018	-0.00131375	-0.0179072	-0.0381258
0.555861	-0.325311	0.196978	-0.00196557	-0.0198059	-0.0391348
0.555858	-0.325331	0.19694	-0.00192935	-0.0205713	-0.0373112
0.555862	-0.325349	0.196907	0.000512553	-0.0214245	-0.033798
0.555863	-0.325365	0.196868	0.00213664	-0.0195285	-0.0331807
0.555864	-0.325386	0.196836	0.00161996	-0.0208505	-0.0320194
0.555862	-0.325406	0.196797	-0.00083941	-0.0230077	-0.0355927
0.555863	-0.325429	0.196765	0.000415522	-0.0223722	-0.0334231
0.555864	-0.32545	0.196725	-0.000188759	-0.0222324	-0.0368971
0.555868	-0.325469	0.196693	0.00189001	-0.0230732	-0.0333514
0.55587	-0.325488	0.196656	0.00178108	-0.0209994	-0.0354324
0.555873	-0.325509	0.196623	0.00334829	-0.0212318	-0.0336566
0.555873	-0.32553	0.196585	0.00309833	-0.0205872	-0.0334372
0.555879	-0.325546	0.196551	0.00390589	-0.0181091	-0.0346365
0.555882	-0.325565	0.196512	0.00221596	-0.0198307	-0.0353952
0.555886	-0.325588	0.196485	0.0022363	-0.0195636	-0.0348661
0.555891	-0.325605	0.196447	0.00243461	-0.0196864	-0.0365647
0.555897	-0.325624	0.196414	0.00319939	-0.0182704	-0.0385356
0.555897	-0.325646	0.196375	0.000275111	-0.0196383	-0.0393172
0.555904	-0.325661	0.19634	0.00302678	-0.0161362	-0.0383282
0.555907	-0.325681	0.196309	0.00312445	-0.0167262	-0.0354234
0.555913	-0.325698	0.19627	0.00407512	-0.0185195	-0.035167
0.555916	-0.325725	0.196236	0.00408652	-0.0202191	-0.0352089
0.555926	-0.325738	0.196208	0.0054901	-0.0186701	-0.0342049
0.555932	-0.325757	0.196173	0.00673736	-0.0192845	-0.0336268
0.555939	-0.325775	0.196138	0.00690233	-0.0182882	-0.0351844
0.555945	-0.325794	0.196103	0.00655994	-0.017608	-0.038206
0.555955	-0.325819	0.196078	0.00832081	-0.019086	-0.0332373
0.555959	-0.325836	0.19604	0.00733207	-0.017822	-0.0336411
0.555965	-0.325856	0.196004	0.00735591	-0.0194106	-0.0343968
0.555972	-0.325875	0.19597	0.00733642	-0.020576	-0.0328852
0.555978	-0.325897	0.195935	0.00780423	-0.0205472	-0.0319514
0.555985	-0.325919	0.195903	0.00640659	-0.0214674	-0.0319389
0.555994	-0.325936	0.19587	0.0082359	-0.0182405	-0.030583
0.555998	-0.325958	0.195833	0.00622199	-0.0200879	-0.0333203
0.556005	-0.325979	0.195797	0.00590485	-0.0189509	-0.0355843
0.556013	-0.325995	0.195757	0.00738844	-0.0173777	-0.0347488
0.55602	-0.326008	0.195718	0.00783963	-0.0157097	-0.0343416
0.556029	-0.326033	0.195691	0.00770786	-0.0191497	-0.0318688
0.556037	-0.326049	0.19565	0.00751676	-0.0194895	-0.0329294
0.556047	-0.326067	0.195619	0.00902887	-0.0184133	-0.031517
0.556053	-0.326089	0.195583	0.00725419	-0.0206446	-0.0330606
0.556069	-0.326126	0.195514	0.00918763	-0.0187932	-0.0319285
0.556076	-0.326144	0.195471	0.00918543	-0.0178248	-0.036463
0.556085	-0.326162	0.195436	0.00961194	-0.0176072	-0.0351805
0.556092	-0.326182	0.195398	0.00866205	-0.0182326	-0.034891
0.556103	-0.326198	0.195363	0.00906562	-0.0177468	-0.0366703
0.55611	-0.326216	0.195318	0.0080746	-0.0174996	-0.0383684
0.556121	-0.326232	0.195282	0.00826608	-0.0188277	-0.0366144
0.556127	-0.326254	0.195241	0.00805506	-0.0191059	-0.0370735
0.556138	-0.326267	0.195203	0.00965512	-0.0191766	-0.0358394
0.556147	-0.326287	0.195161	0.00960314	-0.0195165	-0.0365492
0.556157	-0.326304	0.195127	0.00925825	-0.019485	-0.0367883
0.556166	-0.326322	0.195086	0.0100438	-0.0193586	-0.0363602
0.55618	-0.326338	0.19505	0.0113994	-0.0175412	-0.0361275
0.556193	-0.326353	0.195014	0.0104995	-0.0169979	-0.0360632
0.556196	-0.326378	0.194975	0.00857908	-0.0198769	-0.0367358
0.556212	-0.326394	0.194942	0.0115379	-0.0182427	-0.0343528
0.556223	-0.326413	0.194906	0.0126583	-0.0177056	-0.0355003
0.556235	-0.326431	0.194871	0.0118468	-0.0190673	-0.0347387
0.556247	-0.326448	0.194837	0.0105837	-0.0205443	-0.0339696
0.556261	-0.326463	0.194796	0.011185	-0.0181824	-0.036427
0.556269	-0.326487	0.194763	0.0114425	-0.018343	-0.0345647
0.556285	-0.326498	0.194727	0.0121767	-0.0181776	-0.0338218
0.556296	-0.326519	0.19469	0.0122751	-0.0187918	-0.0344505
0.556307	-0.326536	0.194655	0.0107957	-0.0196205	-0.0360065
0.556322	-0.326552	0.194619	0.0136567	-0.0161706	-0.0348347
0.556335	-0.326567	0.194581	0.0137742	-0.0140031	-0.0363647
0.556348	-0.326588	0.194554	0.0138327	-0.0159963	-0.0326604
0.556358	-0.326605	0.194514	0.0131518	-0.0142715	-0.036077
0.556375	-0.326621	0.194484	0.0157296	-0.0126539	-0.0336388
0.556388	-0.326639	0.19445	0.0165155	-0.0129739	-0.0318181
0.556402	-0.326652	0.194417	0.0156908	-0.0125547	-0.0324687
0.556414	-0.326668	0.194384	0.0140382	-0.0152726	-0.0323533
0.556428	-0.326686	0.194349	0.0132007	-0.0159419	-0.0339998
0.556441	-0.326704	0.194319	0.0149057	-0.0148474	-0.0315192
0.556457	-0.326719	0.194287	0.016748	-0.0129761	-0.03112
0.556471	-0.326735	0.194253	0.0154872	-0.0130028	-0.0334085
0.556482	-0.326752	0.19422	0.0150199	-0.0125245	-0.0330673
0.556496	-0.326768	0.194185	0.0138819	-0.0155941	-0.0330926
0.556512	-0.326785	0.194157	0.0142955	-0.0162561	-0.0315109
0.556524	-0.326807	0.194124	0.0132835	-0.0181451	-0.0312757
0.556535	-0.326826	0.194086	0.0112754	-0.0205398	-0.0333923
0.556551	-0.32684	0.194056	0.011678	-0.0199133	-0.0317713
0.556567	-0.326855	0.194022	0.0148802	-0.0159579	-0.0299442
0.556581	-0.326872	0.193987	0.0141016	-0.0160874	-0.0314467
0.556598	-0.326888	0.193963	0.0135409	-0.0171683	-0.0308137
0.556612	-0.326906	0.19393	0.0135824	-0.0180728	-0.0325607
0.556624	-0.326926	0.193897	0.0126812	-0.0188984	-0.0333671
0.556638	-0.326938	0.193858	0.0140029	-0.0128969	-0.0357604
0.556652	-0.326957	0.193827	0.0136693	-0.0154237	-0.0354613
0.556669	-0.326972	0.193801	0.0137696	-0.0151274	-0.0346378
0.556686	-0.326981	0.193763	0.0138996	-0.0156047	-0.0353214
0.556699	-0.327005	0.193736	0.0132466	-0.0171653	-0.0331365
0.556714	-0.327018	0.193698	0.0139519	-0.0169062	-0.0338676
0.55673	-0.327033	0.193668	0.0161079	-0.0160346	-0.0314618
0.556745	-0.327047	0.193635	0.0167049	-0.01241	-0.032541
0.556765	-0.327058	0.193601	0.0178405	-0.013121	-0.0315238
0.556776	-0.327077	0.193566	0.0163125	-0.0143217	-0.0333188
0.556793	-0.327091	0.193537	0.0166529	-0.0151528	-0.0317715
0.556809	-0.327104	0.193501	0.0166838	-0.0153696	-0.0332167
0.556829	-0.327121	0.193481	0.0185346	-0.0145982	-0.0296856
0.556843	-0.327138	0.193446	0.0165755	-0.0168021	-0.0314313
0.556863	-0.327154	0.193425	0.0170064	-0.0153382	-0.0299163
0.556883	-0.327167	0.193399	0.0177038	-0.0138311	-0.0286194
0.556901	-0.327182	0.193371	0.0167804	-0.0146051	-0.0297333
0.556915	-0.327203	0.193345	0.0148796	-0.0171968	-0.0297586
0.556937	-0.327208	0.193309	0.0173794	-0.0128827	-0.0301917
0.556955	-0.327228	0.193288	0.0167734	-0.0156919	-0.0287637
0.556971	-0.327241	0.193259	0.0153405	-0.0157075	-0.0280388
0.556991	-0.327253	0.193228	0.0171955	-0.0145387	-0.0297039
0.557014	-0.327265	0.193208	0.0193141	-0.0138086	-0.0252564
0.55703	-0.327283	0.193176	0.0167465	-0.0154896	-0.0275186
0.557048	-0.327299	0.193149	0.015842	-0.0163232	-0.0283753
0.557068	-0.32732	0.19313	0.0168689	-0.0168563	-0.0259001
0.557086	-0.327333	0.193093	0.0175347	-0.014116	-0.0309926
0.557108	-0.32735	0.193078	0.0190398	-0.0138659	-0.0260082
0.557127	-0.327365	0.193047	0.0183166	-0.0156268	-0.0262946
0.55715	-0.327381	0.193029	0.0185004	-0.0159867	-0.0246941
0.557171	-0.327401	0.193009	0.0184722	-0.0183945	-0.022067
0.557193	-0.327416	0.192984	0.0200268	-0.0169365	-0.0208936
0.557216	-0.327429	0.192966	0.0195491	-0.0163352	-0.0214475
0.557238	-0.327448	0.192946	0.0199276	-0.0186798	-0.0183641
0.557259	-0.327461	0.192918	0.020207	-0.0186821	-0.0194521
0.557282	-0.327483	0.192903	0.0203367	-0.018142	-0.0216153
0.557305	-0.327494	0.192875	0.0222637	-0.0144965	-0.0225602
0.557332	-0.327505	0.192857	0.0232236	-0.0115481	-0.0238312
0.557353	-0.327527	0.192841	0.0229041	-0.0147683	-0.0203926
0.557377	-0.32754	0.192811	0.0231489	-0.0134474	-0.0241603
0.557404	-0.327551	0.192794	0.0240502	-0.0121162	-0.0219496
0.557428	-0.327569	0.192771	0.0243792	-0.0138628	-0.0213639
0.557454	-0.327583	0.192751	0.0241949	-0.0134127	-0.0218552
0.557479	-0.3276	0.192734	0.0245978	-0.0157437	-0.0190087
0.557503	-0.327612	0.192704	0.0245444	-0.0140979	-0.0216016
0.557531	-0.327627	0.19269	0.0265344	-0.0125099	-0.0191422
0.557553	-0.327643	0.192667	0.0259573	-0.0131848	-0.0190606
0.557582	-0.327654	0.192649	0.0266395	-0.0138781	-0.0189892
0.557609	-0.327667	0.192626	0.0271023	-0.0120119	-0.0195151
0.557634	-0.327683	0.192605	0.0263628	-0.0129124	-0.0213114
0.557662	-0.327694	0.192589	0.0265495	-0.0122154	-0.0198923
0.557687	-0.327713	0.192574	0.0255347	-0.0160995	-0.0178472
0.557713	-0.327725	0.192549	0.025211	-0.0147256	-0.0209809
0.557738	-0.327738	0.192527	0.0257455	-0.0122223	-0.0214709
0.557764	-0.327754	0.192513	0.0260604	-0.0117802	-0.0191857
0.557843	-0.327787	0.19245	0.0245245	-0.0113377	-0.0223381
0.557873	-0.3278	0.192439	0.0253302	-0.0135354	-0.0192994
0.557895	-0.327817	0.192415	0.0227985	-0.0159178	-0.0213414
0.557926	-0.327829	0.192402	0.022853	-0.0162571	-0.0218143
0.557951	-0.327842	0.192385	0.0231012	-0.0142327	-0.0210413
0.557974	-0.327854	0.19236	0.0234169	-0.013887	-0.021972
0.558002	-0.327866	0.192347	0.024487	-0.0132961	-0.0184325
0.558027	-0.327877	0.192324	0.0251906	-0.013317	-0.0198344
0.558049	-0.327895	0.192309	0.0253541	-0.0132719	-0.0173563
0.558078	-0.327903	0.192295	0.0280903	-0.00930044	-0.0168822
0.558103	-0.327917	0.192276	0.026082	-0.0125845	-0.016295
0.55813	-0.327926	0.192257	0.0264096	-0.0116879	-0.0163263
0.558155	-0.327942	0.19225	0.0249954	-0.0131458	-0.0153639
0.558175	-0.327956	0.192229	0.0246389	-0.0116621	-0.0183438
0.558201	-0.327968	0.192214	0.0246794	-0.010169	-0.0191733
0.55822	-0.327982	0.192188	0.0212164	-0.0122358	-0.021471
0.558247	-0.327995	0.192179	0.023097	-0.0128292	-0.0175523
0.558265	-0.328005	0.192156	0.0199014	-0.0134907	-0.0194645
0.55829	-0.328009	0.192135	0.020192	-0.0121143	-0.0213891
0.558308	-0.328027	0.192118	0.0192347	-0.0144234	-0.0195662
0.558328	-0.328036	0.192097	0.0193565	-0.0128622	-0.0214267
0.558347	-0.328054	0.19208	0.0186138	-0.0138987	-0.0203656
0.558368	-0.328065	0.192067	0.0176588	-0.014024	-0.0191634
0.558388	-0.328073	0.192042	0.0177067	-0.011379	-0.0241142
0.558406	-0.328084	0.192021	0.0180986	-0.0108145	-0.0231984
0.558425	-0.328095	0.192005	0.0198896	-0.0104222	-0.0177547
0.558442	-0.328109	0.191982	0.0193286	-0.0111263	-0.018322
0.558458	-0.328121	0.191967	0.0181986	-0.0106683	-0.0174487
0.558474	-0.328134	0.191945	0.0171614	-0.0131752	-0.0184488
0.558492	-0.328142	0.191927	0.0175992	-0.0108621	-0.0201829
0.558509	-0.328155	0.191911	0.0160446	-0.0102934	-0.0234843
0.558523	-0.328168	0.191888	0.0151907	-0.0129148	-0.0225766
0.55854	-0.328179	0.191873	0.0153627	-0.0117712	-0.0214556
0.558555	-0.328191	0.191851	0.0154902	-0.0112392	-0.0209116
0.558573	-0.328198	0.191835	0.0160844	-0.010055	-0.018929
0.558586	-0.328212	0.191819	0.0158814	-0.0114958	-0.0160916
0.558601	-0.328222	0.191798	0.0161872	-0.0109629	-0.0179488
0.558611	-0.328233	0.191775	0.0130361	-0.0125311	-0.0207783
0.558623	-0.328247	0.191755	0.0134986	-0.0121745	-0.0214021
0.558641	-0.328254	0.191737	0.0151913	-0.00818928	-0.0231002
0.558651	-0.328266	0.191718	0.0128252	-0.00852447	-0.0227106
0.558663	-0.328277	0.191695	0.0137214	-0.00918134	-0.0217752
0.558676	-0.328285	0.191675	0.0133283	-0.00832866	-0.0233317
0.558689	-0.328297	0.19166	0.0137448	-0.00924958	-0.0199711
0.558701	-0.328305	0.19164	0.0126348	-0.0102851	-0.0179183
0.55871	-0.328316	0.19162	0.0117186	-0.0107733	-0.0175773
0.558719	-0.32833	0.191597	0.0102459	-0.0104471	-0.0221635
0.558729	-0.328339	0.191577	0.00881904	-0.0110842	-0.0231908
0.558742	-0.328349	0.191565	0.0104238	-0.0104754	-0.0211134
0.558748	-0.328362	0.191536	0.00949344	-0.010899	-0.0228525
0.55876	-0.328368	0.191519	0.0102035	-0.0106902	-0.02155
0.558767	-0.328379	0.191494	0.00855988	-0.0123886	-0.0227257
0.558774	-0.32839	0.191479	0.0061129	-0.0121682	-0.0250777
0.558782	-0.328401	0.191459	0.00567803	-0.0106234	-0.0256739
0.558791	-0.328412	0.191443	0.00682106	-0.010205	-0.0217533
0.558799	-0.328419	0.191423	0.00661868	-0.0105817	-0.0218173
0.558804	-0.328433	0.191405	0.00576781	-0.013354	-0.0189715
0.558807	-0.32844	0.191378	0.00396304	-0.0125534	-0.0215493
0.558814	-0.328455	0.191368	0.00458284	-0.0123344	-0.0187616
0.558819	-0.328467	0.191346	0.00563368	-0.0122648	-0.0184882
0.558824	-0.328478	0.191333	0.00551847	-0.0132223	-0.0159384
0.558831	-0.328484	0.19131	0.00591409	-0.00965818	-0.0205707
0.558837	-0.328499	0.191298	0.00534803	-0.0121354	-0.0173173
0.558839	-0.328511	0.191281	0.00465396	-0.0116064	-0.0171696
0.558845	-0.328515	0.191257	0.00412104	-0.010503	-0.018883
0.558845	-0.328532	0.191237	0.00275092	-0.0128705	-0.0199851
0.558849	-0.328543	0.191221	0.00224279	-0.0131317	-0.0192283
0.558854	-0.328547	0.191198	0.00350596	-0.00914607	-0.0206822
0.558857	-0.328559	0.19118	0.00229813	-0.0110035	-0.020255
0.558858	-0.328574	0.191164	0.00252874	-0.0113291	-0.0190485
0.558862	-0.328581	0.191144	0.00368426	-0.00916652	-0.0188141
0.558864	-0.328596	0.191131	0.0022037	-0.0122994	-0.0175064
0.558863	-0.328604	0.191104	0.00125327	-0.00986004	-0.0212305
0.558869	-0.32861	0.191086	0.00385107	-0.00747582	-0.0195927
0.558869	-0.328621	0.191067	0.00195314	-0.00959764	-0.0190088
0.558871	-0.328629	0.191048	0.00240747	-0.00843822	-0.0197344
0.55887	-0.328639	0.191029	0.000690535	-0.0100311	-0.0196023
0.558871	-0.328648	0.191007	0.000412447	-0.0109394	-0.0204918
0.558871	-0.328664	0.190993	0.00139809	-0.0113667	-0.0189405
0.55887	-0.328671	0.190971	0.000361212	-0.00992909	-0.0208102
0.558871	-0.328674	0.190945	0.00112686	-0.00629339	-0.0213478
0.558869	-0.328685	0.190923	-0.000608605	-0.00826941	-0.0226872
0.558871	-0.328695	0.190907	0.00107504	-0.00868412	-0.0187382
0.558869	-0.328704	0.190891	-0.00164046	-0.0115029	-0.017283
0.558868	-0.328713	0.190871	-0.000696003	-0.0103484	-0.0170612
0.558869	-0.328718	0.190851	0.00156388	-0.00886751	-0.0162843
0.558868	-0.328725	0.190828	0.00112746	-0.00856371	-0.0187339
0.558868	-0.328737	0.190817	0.00120028	-0.0087371	-0.0171076
0.558867	-0.328743	0.190794	0.00150336	-0.00668601	-0.018237
0.558865	-0.328751	0.190778	0.00104753	-0.0064588	-0.0166814
0.558863	-0.32876	0.190762	-2.95424e-05	-0.00608133	-0.0166215
0.558861	-0.328769	0.190743	-1.51684e-05	-0.00619411	-0.0151132
0.558859	-0.328777	0.190723	-0.00105587	-0.00760122	-0.0159088
0.558855	-0.328786	0.190704	-0.00127153	-0.00679949	-0.0168104
0.558857	-0.328792	0.190691	7.2417e-05	-0.00540809	-0.0155423
0.558847	-0.328807	0.190643	-0.00398466	-0.00781679	-0.021445
0.55884	-0.328822	0.190605	-0.00258037	-0.00680157	-0.0184125
0.558836	-0.328832	0.190586	-0.00365477	-0.00714745	-0.020592
0.558833	-0.328837	0.190569	-0.00359131	-0.00699379	-0.0194657
0.558828	-0.328846	0.190549	-0.00426182	-0.00652755	-0.0216576
0.558824	-0.328853	0.190533	-0.00515658	-0.00750785	-0.0223033
0.55882	-0.328862	0.190514	-0.00494443	-0.00722928	-0.0222489
0.558813	-0.32887	0.190492	-0.00523472	-0.0065789	-0.0224094
0.558808	-0.328872	0.190469	-0.00484427	-0.00509493	-0.0228876
0.558805	-0.328879	0.190454	-0.00460909	-0.00682216	-0.0188749
0.558802	-0.328888	0.190441	-0.0037292	-0.0069678	-0.0158545
0.558797	-0.32889	0.190412	-0.00488795	-0.00496329	-0.0213244
0.558791	-0.328899	0.190396	-0.00480952	-0.00601507	-0.0196604
0.558787	-0.328902	0.190377	-0.0052338	-0.00618048	-0.020085
0.558779	-0.328913	0.190357	-0.00673512	-0.00772617	-0.0205827
0.558774	-0.328917	0.190338	-0.00532142	-0.00593123	-0.0187797
0.558768	-0.328923	0.190318	-0.00494613	-0.00606426	-0.0178796
0.558762	-0.328933	0.190303	-0.00614933	-0.00791826	-0.0180906
0.558756	-0.32894	0.190286	-0.00594369	-0.0069967	-0.0180208
0.558752	-0.328941	0.190263	-0.00527509	-0.00452002	-0.0191535
0.558744	-0.328951	0.19025	-0.00467804	-0.00393936	-0.0179426
0.558738	-0.328955	0.190231	-0.00465279	-0.00350705	-0.0174324
0.558735	-0.328964	0.190216	-0.00448437	-0.00440948	-0.0174198
0.558726	-0.328966	0.190195	-0.00407826	-0.00158114	-0.0170603
0.558715	-0.328978	0.190171	-0.00556061	-0.00433877	-0.0180779
0.558709	-0.328982	0.190153	-0.0046743	-0.00345398	-0.0169405
0.558704	-0.328985	0.190137	-0.0051421	-0.00422128	-0.0153826
0.55869	-0.328999	0.190112	-0.00789283	-0.00687629	-0.0189094
0.558686	-0.328998	0.190095	-0.00614172	-0.00356591	-0.0177197
0.558678	-0.329005	0.190076	-0.00723739	-0.00584692	-0.0170095
0.558667	-0.329012	0.190052	-0.00773868	-0.00578962	-0.0176774
0.558664	-0.329017	0.190042	-0.00616836	-0.00600001	-0.0142605
0.558652	-0.329025	0.190017	-0.00754288	-0.00521498	-0.0182234
0.558647	-0.329027	0.19	-0.00683849	-0.00404367	-0.0192112
0.558636	-0.329036	0.18998	-0.00798062	-0.00547039	-0.0188509
0.558628	-0.329043	0.189963	-0.00733601	-0.0053131	-0.0177514
0.55862	-0.329048	0.189947	-0.00520808	-0.00600907	-0.0139587
0.558611	-0.329056	0.189923	-0.00710651	-0.00776979	-0.0166014
0.558607	-0.329056	0.18991	-0.00584942	-0.00496879	-0.0162881
0.558595	-0.329066	0.189888	-0.0076956	-0.00649525	-0.017951
0.558588	-0.329072	0.189873	-0.00688502	-0.0056417	-0.0170721
0.558581	-0.329078	0.189857	-0.00715892	-0.00526562	-0.0181546
0.558569	-0.329081	0.18983	-0.00871133	-0.00433102	-0.0224324
0.558562	-0.329091	0.18982	-0.00816344	-0.00505181	-0.0204923
0.558554	-0.329098	0.189805	-0.00771338	-0.0049398	-0.0188885
0.558543	-0.329104	0.189781	-0.0081603	-0.00500938	-0.020484
0.558537	-0.329114	0.189771	-0.00758907	-0.00569651	-0.0188718
0.558528	-0.329121	0.189755	-0.00845245	-0.00708306	-0.0173016
0.558521	-0.329125	0.189736	-0.00734141	-0.00608712	-0.0160773
0.558513	-0.329132	0.189722	-0.00716159	-0.00578577	-0.0146067
0.558505	-0.329134	0.189698	-0.00685479	-0.00415151	-0.0173021
0.558498	-0.329141	0.189682	-0.00774263	-0.00635436	-0.0165492
0.558487	-0.32915	0.189665	-0.00818789	-0.00764206	-0.0141322
0.558481	-0.329159	0.189653	-0.00723191	-0.00651592	-0.015164
0.558473	-0.329164	0.189638	-0.00688899	-0.00543667	-0.0135692
0.558462	-0.329172	0.189616	-0.00905746	-0.00745492	-0.0165412
0.558453	-0.329179	0.189599	-0.00852002	-0.006697	-0.017829
0.558445	-0.329185	0.189584	-0.0082054	-0.00522799	-0.0189709
0.558438	-0.329195	0.189569	-0.00814665	-0.00651865	-0.0180842
0.558431	-0.329198	0.189555	-0.00785392	-0.00499064	-0.0154868
0.558422	-0.329209	0.189543	-0.00752117	-0.00583517	-0.0130547
0.558417	-0.329211	0.189525	-0.00726627	-0.00529333	-0.0151184
0.558409	-0.32922	0.189516	-0.00728666	-0.00577943	-0.0133727
0.558396	-0.329231	0.189492	-0.00971198	-0.00831784	-0.0172086
0.558385	-0.329242	0.189479	-0.00985959	-0.00868888	-0.016237
0.558379	-0.329249	0.189468	-0.00799088	-0.00687144	-0.0149907
0.558373	-0.329253	0.189452	-0.00760163	-0.0065659	-0.015334
0.558364	-0.329264	0.18944	-0.00861513	-0.00945756	-0.012326
0.558354	-0.329271	0.189421	-0.0086147	-0.00968055	-0.0141577
0.558348	-0.329279	0.189412	-0.00771853	-0.00883795	-0.0129264
0.558341	-0.329286	0.189399	-0.00788214	-0.0090795	-0.0133721
0.558332	-0.329294	0.189382	-0.00836403	-0.00824967	-0.0150151
0.558323	-0.329301	0.189369	-0.00642428	-0.00523008	-0.0140429
0.558312	-0.329312	0.18935	-0.0071514	-0.00619427	-0.0143911
0.558305	-0.32932	0.189338	-0.00692034	-0.00568476	-0.0155694
0.558297	-0.329329	0.189327	-0.00787133	-0.00719016	-0.0151773
0.55829	-0.329334	0.189311	-0.00720552	-0.00616778	-0.0145046
0.558282	-0.329343	0.189299	-0.00692099	-0.00582311	-0.0142214
0.558272	-0.329352	0.189286	-0.00864961	-0.00745181	-0.0147961
0.558266	-0.329357	0.189271	-0.00811316	-0.007737	-0.0138643
0.558258	-0.329368	0.189262	-0.00779162	-0.00781085	-0.0134173
0.558247	-0.329377	0.189243	-0.00938103	-0.00963079	-0.0141975
0.558241	-0.329383	0.189232	-0.00783311	-0.00749485	-0.0141265
0.558236	-0.32939	0.189226	-0.00747275	-0.00883142	-0.0103655
0.558222	-0.329405	0.189207	-0.0104922	-0.0113447	-0.0147072
0.558217	-0.329407	0.189198	-0.00881879	-0.00958208	-0.0113816
0.55821	-0.329416	0.189185	-0.0085032	-0.0089934	-0.0127934
0.558206	-0.329416	0.189172	-0.00583821	-0.0035209	-0.0137625
0.558192	-0.329431	0.189158	-0.00851272	-0.0065428	-0.0162814
0.558189	-0.329434	0.189148	-0.0075677	-0.00604422	-0.0155622
0.558178	-0.329446	0.189133	-0.00713471	-0.00548749	-0.0161273
0.558173	-0.329451	0.189125	-0.00625117	-0.00438473	-0.0139015
0.558162	-0.329459	0.189105	-0.00738257	-0.00507018	-0.0155001
0.558156	-0.329469	0.189099	-0.00728815	-0.00745744	-0.012365
0.558145	-0.329479	0.189081	-0.00773251	-0.00772614	-0.0132007
0.558145	-0.32948	0.189076	-0.00516016	-0.00509402	-0.0100447
0.558132	-0.329491	0.189047	-0.00506284	-0.00459455	-0.0105922
0.55812	-0.329506	0.18904	-0.00705659	-0.00728875	-0.0105625
0.558115	-0.329507	0.189025	-0.00786331	-0.0083204	-0.0115912
0.558109	-0.329514	0.189015	-0.00778819	-0.00735166	-0.0123719
0.558101	-0.329523	0.189004	-0.00840374	-0.00928976	-0.0115198
0.558093	-0.329529	0.18899	-0.00829367	-0.00849227	-0.0130714
0.55809	-0.329533	0.188985	-0.0067456	-0.00694028	-0.0105001
0.55808	-0.329542	0.188969	-0.00756664	-0.00720624	-0.0120047
0.558075	-0.329548	0.188964	-0.00560034	-0.00465932	-0.0113691
0.558072	-0.329552	0.188959	-0.00469996	-0.00408598	-0.00930592
0.558062	-0.32956	0.188941	-0.00624795	-0.00504855	-0.0118468
0.558059	-0.329565	0.188936	-0.00477666	-0.00483224	-0.00888361
0.558051	-0.329574	0.188926	-0.00550256	-0.00621695	-0.00706147
0.558045	-0.329581	0.188919	-0.0063041	-0.00805994	-0.00694834
0.558038	-0.329584	0.188907	-0.00652062	-0.00636881	-0.00825745
0.558033	-0.329591	0.188896	-0.00589135	-0.00656505	-0.00815989
0.558026	-0.329594	0.188885	-0.00575614	-0.00575638	-0.00826297
0.55802	-0.329604	0.188878	-0.00702897	-0.00801233	-0.00929934
0.558014	-0.32961	0.188868	-0.00804739	-0.00871511	-0.0116134
0.55801	-0.329614	0.18886	-0.00800658	-0.00927507	-0.0100466
0.558	-0.329624	0.188851	-0.00855146	-0.00965865	-0.00921457
0.557995	-0.32963	0.188838	-0.0075524	-0.00861934	-0.0104047
0.55799	-0.329634	0.188834	-0.00592835	-0.00534013	-0.0103333
0.557983	-0.329641	0.18882	-0.00623734	-0.00588503	-0.0111806
0.557979	-0.329649	0.188818	-0.00544341	-0.00634771	-0.00819891
0.557972	-0.329657	0.188812	-0.00523785	-0.00645799	-0.00540455
0.557967	-0.329658	0.188795	-0.00563492	-0.00514838	-0.00898215
0.557962	-0.329664	0.188791	-0.00435517	-0.00579311	-0.00660861
0.557956	-0.329669	0.18878	-0.00502626	-0.00553868	-0.00788616
0.557952	-0.329674	0.188777	-0.00372606	-0.00594818	-0.00395893
0.557944	-0.329685	0.188767	-0.00535697	-0.00717861	-0.00744808
0.557936	-0.329689	0.188754	-0.00636432	-0.00579919	-0.00953528
0.557933	-0.329697	0.188751	-0.00553167	-0.00703876	-0.00735542
0.55793	-0.329699	0.188741	-0.00453486	-0.00516536	-0.00826571
0.557925	-0.329705	0.188737	-0.00379493	-0.00371242	-0.00673076
0.557918	-0.329709	0.188726	-0.00366765	-0.00207138	-0.00788057
0.557913	-0.329714	0.188714	-0.00575975	-0.0017314	-0.0119711
0.557909	-0.329718	0.188708	-0.00545836	-0.00309186	-0.00910751
0.557901	-0.329725	0.1887	-0.00643585	-0.00441345	-0.00911033
0.557898	-0.329731	0.188692	-0.00461288	-0.00261796	-0.00893102
0.557891	-0.329741	0.188689	-0.00608306	-0.00655601	-0.00721999
0.557884	-0.329743	0.188673	-0.00803689	-0.00698793	-0.0120628
0.557883	-0.329745	0.188669	-0.00597713	-0.00558691	-0.0101523
0.557874	-0.329755	0.188663	-0.00785202	-0.00889588	-0.00880795
0.557868	-0.329761	0.188652	-0.00608712	-0.00641867	-0.00786066
0.557863	-0.329765	0.188641	-0.00616583	-0.0059255	-0.0086964
0.557859	-0.32977	0.188639	-0.00552409	-0.00630401	-0.00682395
0.557855	-0.329772	0.18863	-0.00541816	-0.00472985	-0.00870026
0.557848	-0.329779	0.188622	-0.00599373	-0.0060566	-0.00844767
0.557844	-0.329781	0.188613	-0.00635758	-0.00656387	-0.00689926
0.557839	-0.329784	0.188603	-0.00658205	-0.00614033	-0.00961361
0.557832	-0.329794	0.1886	-0.00661403	-0.007316	-0.00752001
0.557825	-0.3298	0.18859	-0.00586824	-0.00531154	-0.00867107
0.557822	-0.329804	0.188583	-0.00453163	-0.00233624	-0.00932388
0.557815	-0.32981	0.188573	-0.00539081	-0.00344214	-0.00953428
0.55781	-0.329815	0.188565	-0.0051926	-0.00418017	-0.00919307
0.557806	-0.329816	0.188557	-0.00506458	-0.00338432	-0.00836678
0.557801	-0.329824	0.18855	-0.00548953	-0.00522724	-0.00801786
0.557794	-0.329832	0.18854	-0.00568005	-0.00593027	-0.00866897
0.557791	-0.329836	0.188533	-0.00505932	-0.00479057	-0.00848365
0.557782	-0.329842	0.188522	-0.00592409	-0.00593503	-0.0071068
0.557781	-0.329847	0.18852	-0.00449014	-0.00537544	-0.00585162
0.557775	-0.32985	0.188507	-0.0061162	-0.00700988	-0.00809779
0.55777	-0.329856	0.1885	-0.00588612	-0.00681853	-0.00734287
0.557766	-0.329859	0.188496	-0.00552768	-0.00610084	-0.00654195
0.557759	-0.329868	0.188487	-0.00759062	-0.00916668	-0.00766106
0.557756	-0.329871	0.18848	-0.00616634	-0.00736009	-0.00783013
0.557751	-0.329874	0.188473	-0.005883	-0.00629601	-0.00756598
0.557744	-0.329884	0.188463	-0.00634262	-0.0073288	-0.00844232
0.557741	-0.329888	0.188461	-0.00499267	-0.00448675	-0.00577372
0.557739	-0.329885	0.188448	-0.00352869	-0.00120028	-0.00862578
0.557731	-0.329897	0.188447	-0.00460516	-0.0043318	-0.00615911
0.557727	-0.329902	0.18844	-0.00486088	-0.00466184	-0.00668801
0.557718	-0.329909	0.188427	-0.00690193	-0.0066892	-0.00918867
0.557718	-0.329912	0.188429	-0.00511361	-0.00614274	-0.00623697
0.55771	-0.32992	0.188415	-0.00666777	-0.00712642	-0.00886687
0.557708	-0.329921	0.188412	-0.00515123	-0.00543498	-0.00679394
0.557701	-0.329931	0.188407	-0.00491109	-0.0054842	-0.00606034
0.557698	-0.329933	0.188399	-0.00434578	-0.00459446	-0.00686966
0.557691	-0.329941	0.188392	-0.00536282	-0.0057704	-0.0070206
0.557691	-0.329942	0.188386	-0.00410774	-0.00377963	-0.00893557
0.557684	-0.32995	0.18838	-0.00423378	-0.0034518	-0.00860946
0.557677	-0.329956	0.188372	-0.00505773	-0.00503308	-0.00702465
0.557675	-0.329957	0.188364	-0.00434546	-0.00439549	-0.00725236
0.557672	-0.329964	0.188363	-0.00443751	-0.00489323	-0.00727375
0.557665	-0.32997	0.188351	-0.0054322	-0.0051664	-0.00917064
0.557662	-0.329971	0.188343	-0.00379009	-0.00267435	-0.00949228
0.55766	-0.329975	0.188343	-0.00211401	-0.00191935	-0.00464692
0.557653	-0.329985	0.188333	-0.00311161	-0.00246825	-0.00694044
0.557648	-0.329989	0.188326	-0.00393947	-0.00303438	-0.00854206
0.557645	-0.32999	0.188322	-0.0034142	-0.00293496	-0.00556133
0.55764	-0.329995	0.188313	-0.0051415	-0.00529023	-0.00736833
0.557636	-0.330001	0.188309	-0.00494825	-0.00575682	-0.00655478
0.557633	-0.330002	0.188297	-0.00465877	-0.00464517	-0.00885827
0.557626	-0.330013	0.188296	-0.00602173	-0.00706955	-0.00721287
0.55762	-0.330018	0.188288	-0.00582854	-0.00589076	-0.00780206
0.557617	-0.330021	0.188281	-0.00497244	-0.00586459	-0.00594502
0.557613	-0.330022	0.188274	-0.00517951	-0.00491896	-0.00700146
0.557608	-0.330033	0.18827	-0.00446936	-0.00558642	-0.00626054
0.557595	-0.330046	0.188255	-0.0038111	-0.00374922	-0.00559444
0.557584	-0.330056	0.188235	-0.00471725	-0.00488737	-0.00757571
0.55758	-0.330063	0.188237	-0.00508176	-0.00580705	-0.00550293
0.557577	-0.330068	0.188229	-0.00495547	-0.00655227	-0.00500936
0.557576	-0.330066	0.188224	-0.00278535	-0.00263044	-0.0039977
0.55757	-0.330075	0.188221	-0.00304079	-0.00360539	-0.00409257
0.557563	-0.330077	0.188211	-0.00449071	-0.00332997	-0.00683285
0.557564	-0.330079	0.188209	-0.00283236	-0.00331177	-0.00362449
0.557557	-0.330086	0.188202	-0.00454921	-0.0046496	-0.0057826
0.557554	-0.330087	0.188195	-0.00333171	-0.00280887	-0.00687784
0.557548	-0.330097	0.188192	-0.003213	-0.00373223	-0.00416266
0.557548	-0.330091	0.188185	-0.00281583	-0.00115316	-0.00623272
0.557546	-0.330097	0.188184	-0.00208794	-0.00185486	-0.0036826
0.557538	-0.330104	0.188174	-0.00379647	-0.0044504	-0.00416888
0.557537	-0.330107	0.188173	-0.00314343	-0.0049111	-0.00190828
0.557535	-0.330106	0.188168	-0.00313792	-0.00411011	-0.00108831
0.557532	-0.330112	0.188163	-0.00309026	-0.00402745	-0.00306049
0.557526	-0.330114	0.188155	-0.00299269	-0.00244974	-0.00364378
0.557522	-0.330119	0.188151	-0.00271634	-0.00211314	-0.00411309
0.557517	-0.330126	0.188147	-0.00269388	-0.00239728	-0.00487485
0.557516	-0.330126	0.188143	-0.00253693	-0.00225132	-0.00483458
0.557513	-0.330129	0.188137	-0.00310826	-0.00322416	-0.00593847
0.557508	-0.330135	0.188134	-0.00312256	-0.00332179	-0.00424586
0.557505	-0.330136	0.188129	-0.0025381	-0.00226107	-0.00306003
0.557505	-0.330131	0.188117	-0.000976928	0.000621816	-0.00436503
0.557502	-0.330137	0.188116	-0.00120449	-0.0015445	-0.00176609
0.557497	-0.330141	0.18811	-0.00282942	-0.00271844	-0.00381597
0.557494	-0.330141	0.188101	-0.00331459	-0.00276766	-0.00586034
0.557493	-0.330145	0.188104	-0.0020925	-0.00248499	-0.00298302
0.55749	-0.330146	0.188093	-0.00217904	-0.00120882	-0.00624639
0.557482	-0.330152	0.188083	-0.00344125	-0.00161895	-0.00789142
0.557483	-0.330151	0.18808	-0.00223967	0.000169744	-0.00625987
0.557482	-0.33015	0.188074	-0.00152585	0.000704808	-0.00522269
0.557477	-0.330154	0.18807	-0.00209061	-0.000291313	-0.00346679
0.557476	-0.330154	0.188064	-0.00231733	-0.00126506	-0.00423315
0.557471	-0.330158	0.188054	-0.0041238	-0.00299046	-0.00673065
0.557471	-0.330161	0.188057	-0.00345757	-0.00299249	-0.00605245
0.557464	-0.330163	0.18804	-0.00401454	-0.00252512	-0.0081181
0.557465	-0.330164	0.188043	-0.00173276	-0.00136521	-0.00474971
0.557461	-0.330164	0.188035	-0.00421488	-0.0029006	-0.00805923
0.55746	-0.330163	0.188027	-0.00353719	-0.00303051	-0.00685006
0.557456	-0.330168	0.188025	-0.00320189	-0.00274162	-0.00602599
0.557452	-0.330171	0.188017	-0.00445565	-0.00458244	-0.00556006
0.557451	-0.330171	0.18801	-0.00381503	-0.00391611	-0.00628933
0.557444	-0.330177	0.188005	-0.0051289	-0.0034203	-0.00617674
0.557442	-0.330177	0.187997	-0.00359183	-0.00111116	-0.00712672
0.557443	-0.330177	0.187998	-0.00209421	-0.000553615	-0.00509706
0.557435	-0.330181	0.187982	-0.00441241	-0.00227171	-0.00928768
0.557437	-0.330182	0.187983	-0.00179675	-0.00133964	-0.00520355
0.557433	-0.330188	0.187983	-0.00215883	-0.00268014	-0.00202275
0.55743	-0.330183	0.187969	-0.00261065	-0.00142103	-0.00453814
0.557424	-0.330186	0.187964	-0.0039796	-0.00360486	-0.00302145
0.557421	-0.33019	0.187957	-0.00422296	-0.00492036	-0.00455313
0.557419	-0.330189	0.187951	-0.00483834	-0.00332622	-0.00466268
0.557415	-0.330195	0.187949	-0.00486807	-0.00561667	-0.00363187
0.557413	-0.330194	0.187938	-0.003855	-0.00317723	-0.00589909
0.557412	-0.330194	0.187935	-0.00339087	-0.002955	-0.00607881
0.557407	-0.330199	0.187928	-0.00554851	-0.00645988	-0.00513117
0.557404	-0.3302	0.187921	-0.00396638	-0.00409373	-0.00601541
0.557401	-0.330203	0.187919	-0.0041409	-0.00475759	-0.00484109
0.557395	-0.330207	0.187908	-0.00554446	-0.0057077	-0.00722221
0.557392	-0.330211	0.187904	-0.00516912	-0.005875	-0.00658056
0.557389	-0.330211	0.187899	-0.00441061	-0.00495539	-0.00472307
0.557387	-0.330212	0.187894	-0.00437425	-0.00481721	-0.00540898
0.557383	-0.330217	0.187888	-0.00511298	-0.00630597	-0.00595117
0.55738	-0.330217	0.187882	-0.00516362	-0.00541425	-0.00685386
0.557377	-0.330217	0.187875	-0.00376604	-0.00340679	-0.00539161
0.557372	-0.330223	0.187867	-0.00409653	-0.00385714	-0.00693617
0.55737	-0.330224	0.187863	-0.00333759	-0.0035507	-0.00450032
0.557366	-0.330228	0.187859	-0.00490811	-0.00394708	-0.00608106
0.557362	-0.330227	0.187848	-0.00432556	-0.0015976	-0.00785074
0.557359	-0.330232	0.187844	-0.00403331	-0.00389037	-0.005152
0.557352	-0.330238	0.187835	-0.0045605	-0.00384592	-0.00672291
0.557353	-0.330238	0.18783	-0.00251605	-0.00187824	-0.00703681
0.557348	-0.330239	0.187825	-0.00247627	-0.000901853	-0.0051892
0.557347	-0.330238	0.187818	-0.00159309	0.000625625	-0.00617438
0.557342	-0.330242	0.18781	-0.00206165	0.000388913	-0.00783145
0.557338	-0.330248	0.187808	-0.00270001	-0.00285645	-0.00426617
0.557337	-0.330246	0.1878	-0.00209136	-0.00230706	-0.0039969
0.55733	-0.330252	0.187797	-0.00224831	-0.00240493	-0.00366589
0.557327	-0.330256	0.187794	-0.0017455	-0.00250369	-0.00245813
0.557323	-0.330254	0.187779	-0.00227446	-0.00193926	-0.00451762
0.557324	-0.330254	0.18778	-0.0019356	-0.00102205	-0.00269104
0.557315	-0.330263	0.187772	-0.00413113	-0.00443512	-0.0025994
0.557314	-0.330264	0.187769	-0.00258894	-0.00292177	-0.00229564
0.557306	-0.330271	0.187762	-0.00306964	-0.00351296	-0.00177868
0.557304	-0.330268	0.187752	-0.00307858	-0.00209027	-0.00561122
0.5573	-0.330274	0.187747	-0.00260259	-0.00215769	-0.00511814
0.557295	-0.330276	0.187739	-0.00368621	-0.00275018	-0.00677034
0.557295	-0.330274	0.187735	-0.00222098	-0.00216303	-0.00389813
0.557289	-0.330284	0.187733	-0.00498632	-0.00534404	-0.00441933
0.557285	-0.330286	0.187725	-0.00454977	-0.00243542	-0.0054467
0.55728	-0.330289	0.187717	-0.0043378	-0.000982347	-0.00834007
0.557278	-0.33029	0.187708	-0.00425296	-0.00167849	-0.00900738
0.557276	-0.330289	0.187702	-0.00407235	-0.00098227	-0.0105263
0.557271	-0.330299	0.187701	-0.00447315	-0.00529049	-0.00549795
0.557265	-0.330298	0.187687	-0.00557388	-0.00429606	-0.00852559
0.557262	-0.330305	0.187686	-0.0061461	-0.00554151	-0.00732057
0.557261	-0.330301	0.187676	-0.0045264	-0.00183908	-0.0090215
0.557252	-0.330304	0.187654	-0.00230383	0.00165233	-0.0101206
0.557247	-0.330314	0.187655	-0.00277854	-0.00111345	-0.00851894
0.557244	-0.330316	0.187646	-0.00176657	0.000567986	-0.00736679
0.557238	-0.330322	0.187638	-0.00250862	-0.000864015	-0.00797883
0.557238	-0.330317	0.187632	-0.0023876	0.000327118	-0.00788435
0.557232	-0.330324	0.187624	-0.0034832	-0.00246257	-0.00659428
0.557229	-0.330328	0.187621	-0.00324145	-0.00400123	-0.00339263
0.557227	-0.330331	0.187614	-0.00240057	-0.00305177	-0.00337317
0.557219	-0.330332	0.1876	-0.00336092	-0.00162491	-0.00675608
0.557218	-0.330338	0.187599	-0.00192407	-0.00169199	-0.00514911
0.557214	-0.330341	0.187592	-0.00367771	-0.00190655	-0.00714902
0.557214	-0.330343	0.187591	-0.00271584	-0.00256253	-0.00372734
0.557209	-0.330345	0.187582	-0.00381657	-0.00312394	-0.00541392
0.557202	-0.330349	0.187571	-0.00447691	-0.00253012	-0.00787191
0.557201	-0.330351	0.187566	-0.0039667	-0.00319024	-0.00751626
0.557195	-0.330356	0.18756	-0.00371805	-0.00170273	-0.00781501
0.557193	-0.330358	0.187552	-0.00252646	-0.000826376	-0.00808787
0.557188	-0.330363	0.187549	-0.00350334	-0.00260073	-0.00666491
0.557181	-0.330365	0.187535	-0.00377696	-0.000888558	-0.00956617
0.557182	-0.330369	0.187537	-0.00197155	-0.000642656	-0.00641422
0.557176	-0.330372	0.187526	-0.00132408	0.00175166	-0.008048
0.557173	-0.330375	0.18752	-0.00308973	-0.00110102	-0.00984211
0.557168	-0.330379	0.187515	-0.00453855	-0.00235611	-0.0112685
0.557164	-0.330385	0.187505	-0.00400015	-0.0020308	-0.0111714
0.557158	-0.330388	0.187496	-0.00470217	-0.00263282	-0.011243
0.557155	-0.330391	0.187491	-0.00490115	-0.00333763	-0.0106598
0.557147	-0.330398	0.187477	-0.0062331	-0.00524174	-0.011712
0.557144	-0.330399	0.187471	-0.00523117	-0.00428322	-0.0101322
0.557139	-0.330405	0.187464	-0.00651916	-0.00681306	-0.00926771
0.557135	-0.330409	0.187455	-0.00604063	-0.00656833	-0.00925235
0.557131	-0.330412	0.187448	-0.0056758	-0.00578915	-0.00852843
0.55713	-0.330414	0.18744	-0.00342211	-0.00360071	-0.00791758
0.557119	-0.330426	0.187431	-0.00617463	-0.00684154	-0.00781514
0.557116	-0.330431	0.187426	-0.00516562	-0.00694358	-0.00501334
0.557111	-0.330432	0.187412	-0.00429429	-0.00389958	-0.007273
0.55711	-0.330434	0.187411	-0.00380228	-0.00451852	-0.00517211
0.557105	-0.330437	0.187396	-0.00357163	-0.00291891	-0.00773905
0.557097	-0.330445	0.187386	-0.00456483	-0.00292939	-0.0102055
0.557094	-0.330448	0.187381	-0.00390066	-0.00357183	-0.00749361
0.557092	-0.330453	0.18737	-0.00352336	-0.00394467	-0.00832869
0.557086	-0.330459	0.187364	-0.0049645	-0.00516531	-0.00883662
0.557081	-0.330461	0.187352	-0.00541816	-0.00416414	-0.01112
0.557077	-0.330464	0.187341	-0.00495516	-0.00405144	-0.0107392
0.55707	-0.330472	0.187334	-0.0061363	-0.00535776	-0.0111036
0.557067	-0.330471	0.187322	-0.00516687	-0.0038548	-0.0108764
0.557058	-0.330477	0.187308	-0.00651731	-0.0049073	-0.01153
0.557057	-0.330481	0.1873	-0.00508772	-0.00533284	-0.00931459
0.557052	-0.330482	0.187288	-0.00512024	-0.00397456	-0.00970531
0.557048	-0.330487	0.18728	-0.00425544	-0.00343575	-0.00898645
0.557045	-0.33049	0.18727	-0.00415321	-0.00380979	-0.00865925
0.557037	-0.330496	0.187257	-0.00550681	-0.00495975	-0.00956299
0.557033	-0.330501	0.18725	-0.00493768	-0.00467733	-0.00810283
0.557027	-0.330507	0.187239	-0.00549604	-0.00542954	-0.00858975
0.557021	-0.33051	0.187228	-0.00432402	-0.00387784	-0.00668129
0.557016	-0.330516	0.187215	-0.00468492	-0.00495739	-0.00802726
0.557011	-0.330515	0.187202	-0.00499639	-0.00340968	-0.00998623
0.557007	-0.330523	0.187199	-0.00508545	-0.00568244	-0.00671168
0.557003	-0.330522	0.187183	-0.00410134	-0.00241774	-0.00911277
0.556999	-0.330528	0.187174	-0.00385628	-0.00390236	-0.00733331
0.556994	-0.330527	0.187161	-0.00286259	-0.000642006	-0.00828343
0.556985	-0.330539	0.187148	-0.00441442	-0.00225726	-0.0121276
0.556979	-0.33054	0.187136	-0.00394927	-0.000433705	-0.0108905
0.556977	-0.330539	0.187122	-0.00361969	-6.47299e-06	-0.0128621
0.556973	-0.330543	0.187113	-0.00218379	-0.000254997	-0.00976839
0.556968	-0.330551	0.187103	-0.00235742	-0.00118381	-0.0100692
0.556962	-0.330551	0.187085	-0.00158669	-0.00203139	-0.00920005
0.556954	-0.330561	0.187072	-0.00342806	-0.0052738	-0.00806765
0.556948	-0.330564	0.187057	-0.00298695	-0.00286696	-0.00883834
0.55694	-0.330571	0.187043	-0.0038165	-0.0029478	-0.0107865
0.556941	-0.330571	0.187037	-0.0023652	-0.00187437	-0.00938249
0.556934	-0.330573	0.187019	-0.00343868	-0.00233051	-0.0107578
0.556928	-0.33058	0.187007	-0.00431666	-0.00364189	-0.0115524
0.556921	-0.330586	0.186991	-0.0047691	-0.00502237	-0.011068
0.556917	-0.330588	0.18698	-0.00387514	-0.00352873	-0.011603
0.55691	-0.330592	0.186966	-0.00382593	-0.00232561	-0.0124596
0.556905	-0.330598	0.186951	-0.00490176	-0.00340353	-0.0155638
0.5569	-0.330597	0.186935	-0.00413258	-0.000956091	-0.0164922
0.556895	-0.330603	0.186924	-0.00349424	-0.00274883	-0.0122942
0.556889	-0.330608	0.186909	-0.00471528	-0.0029087	-0.0142229
0.556885	-0.330612	0.186899	-0.00442857	-0.00360528	-0.0129468
0.55688	-0.330612	0.18688	-0.00477815	-0.00252063	-0.0136642
0.556874	-0.330619	0.186868	-0.00428927	-0.00268079	-0.013023
0.556869	-0.330622	0.186853	-0.00370384	-0.00112385	-0.015446
0.556863	-0.330627	0.186838	-0.00382541	-0.00221624	-0.0153353
0.556861	-0.330628	0.186824	-0.00336134	-0.00341129	-0.0141632
0.556852	-0.330634	0.186808	-0.00480416	-0.00437303	-0.0149537
0.556851	-0.330637	0.186799	-0.0040845	-0.00410998	-0.0131003
0.556843	-0.330643	0.18678	-0.00625521	-0.00440524	-0.0168398
0.556836	-0.330647	0.18676	-0.00728123	-0.00434098	-0.0169455
0.556831	-0.330652	0.186747	-0.00627326	-0.00467062	-0.0153881
0.556828	-0.330654	0.186734	-0.00429178	-0.00201965	-0.0160328
0.556824	-0.330657	0.186722	-0.00393804	-0.0023647	-0.0145955
0.556819	-0.330663	0.186708	-0.00481111	-0.00369053	-0.0146766
0.556813	-0.330666	0.186689	-0.00593001	-0.00350332	-0.0180329
0.556808	-0.330671	0.186673	-0.0056839	-0.0038112	-0.0172278
0.556803	-0.330671	0.186659	-0.00575102	-0.00315832	-0.016375
0.556796	-0.330678	0.186641	-0.00575792	-0.00422012	-0.0167941
0.556791	-0.330683	0.186625	-0.00523494	-0.00463022	-0.0156968
0.556774	-0.330697	0.186582	-0.00588062	-0.00450252	-0.0146597
0.556769	-0.3307	0.186562	-0.00429797	-0.00233869	-0.0154399
0.556759	-0.330707	0.186544	-0.00739097	-0.00579129	-0.0162235
0.556754	-0.330712	0.186528	-0.00659035	-0.0055961	-0.0150538
0.556748	-0.330715	0.186509	-0.00614806	-0.00517407	-0.0175278
0.55674	-0.330721	0.186494	-0.00707616	-0.00535268	-0.0165736
0.556732	-0.330726	0.18647	-0.00736744	-0.00492282	-0.0204266
0.556726	-0.330729	0.186454	-0.0071229	-0.00418108	-0.0204464
0.55672	-0.330736	0.186441	-0.00544858	-0.00258818	-0.0190063
0.556713	-0.330738	0.186419	-0.00641499	-0.00407388	-0.0197215
0.556708	-0.330741	0.186405	-0.00753768	-0.00481536	-0.0185692
0.556699	-0.330743	0.18638	-0.00766229	-0.00389269	-0.0198252
0.556692	-0.330751	0.186364	-0.00727672	-0.00511984	-0.0169417
0.556687	-0.330752	0.186346	-0.00673142	-0.00389175	-0.0163572
0.556679	-0.330762	0.186329	-0.00811384	-0.00777599	-0.0163738
0.556672	-0.330766	0.186313	-0.00926846	-0.00835755	-0.0173725
0.556664	-0.330772	0.186295	-0.0083509	-0.00756877	-0.0151343
0.556655	-0.330774	0.186271	-0.00838296	-0.00627599	-0.0168478
0.556648	-0.330783	0.186257	-0.00913339	-0.00772665	-0.0161143
0.556639	-0.330784	0.186231	-0.00844601	-0.00600089	-0.0183282
0.556632	-0.330791	0.186217	-0.00813323	-0.00541385	-0.0161085
0.556623	-0.330796	0.186193	-0.00965663	-0.00699012	-0.0190115
0.556613	-0.330804	0.186176	-0.0107518	-0.00860294	-0.0180586
0.556606	-0.330806	0.186159	-0.00868463	-0.00645584	-0.0178607
0.556598	-0.330811	0.186135	-0.0102205	-0.00902298	-0.0208448
0.55659	-0.330811	0.186111	-0.00875857	-0.00601599	-0.021935
0.556579	-0.330822	0.186093	-0.00851721	-0.00482085	-0.0223943
0.556568	-0.330827	0.186068	-0.00903842	-0.00421103	-0.0225516
0.55656	-0.330831	0.186051	-0.00938679	-0.00476615	-0.0213314
0.556552	-0.330832	0.186028	-0.00877651	-0.002858	-0.0216206
0.556545	-0.330839	0.186011	-0.00733868	-0.0033187	-0.0203312
0.556532	-0.330849	0.185989	-0.0100336	-0.00591839	-0.0234859
0.556521	-0.330854	0.185962	-0.00896525	-0.0054586	-0.0227767
0.556512	-0.330855	0.18594	-0.00882554	-0.00287389	-0.0238791
0.556504	-0.330862	0.185922	-0.00888317	-0.00564602	-0.0228079
0.556492	-0.330866	0.185897	-0.0101233	-0.00542118	-0.0233169
0.556483	-0.330872	0.185875	-0.00964389	-0.00710225	-0.0213679
0.556471	-0.33088	0.185851	-0.00951647	-0.00723744	-0.0219217
0.556463	-0.330885	0.185835	-0.00929639	-0.00532006	-0.021556
0.556454	-0.330885	0.185808	-0.00975926	-0.00407386	-0.0248892
0.55644	-0.330899	0.185787	-0.010341	-0.00695651	-0.0223804
0.556436	-0.330898	0.185769	-0.00942348	-0.00465452	-0.0223672
0.556421	-0.330911	0.185746	-0.0111592	-0.00599315	-0.0237254
0.556413	-0.33091	0.185721	-0.0114814	-0.00655358	-0.0249614
0.5564	-0.33092	0.1857	-0.0105308	-0.00784568	-0.0211691
0.55639	-0.330926	0.185676	-0.0100491	-0.00815183	-0.021769
0.556378	-0.330939	0.185657	-0.0117272	-0.0101561	-0.0223747
0.556368	-0.33094	0.185628	-0.0117981	-0.00553554	-0.0261725
0.556358	-0.330945	0.185605	-0.0110102	-0.00290849	-0.028867
0.556347	-0.330955	0.185585	-0.00921239	-0.00448674	-0.0239272
0.556331	-0.330966	0.185558	-0.0124555	-0.00795511	-0.0261244
0.556326	-0.330968	0.185538	-0.0103123	-0.00673965	-0.0245097
0.556313	-0.330979	0.185516	-0.0105353	-0.00593322	-0.0250518
0.556302	-0.330986	0.18549	-0.0110678	-0.0065099	-0.0243121
0.55629	-0.330994	0.185471	-0.0101136	-0.00536665	-0.021528
0.556281	-0.331004	0.185453	-0.00936799	-0.00634858	-0.021171
0.556269	-0.331012	0.185425	-0.0104732	-0.00618273	-0.0242803
0.556256	-0.331023	0.185405	-0.0110158	-0.00701152	-0.0220585
0.556245	-0.331031	0.185381	-0.0101982	-0.00590448	-0.0216467
0.556234	-0.331038	0.185356	-0.0104782	-0.00745877	-0.0225014
0.556223	-0.33105	0.185337	-0.00954474	-0.00690564	-0.0216697
0.55621	-0.331059	0.185312	-0.00938083	-0.00617914	-0.022999
0.5562	-0.331068	0.18529	-0.00855572	-0.00718631	-0.0220004
0.556188	-0.331074	0.185259	-0.00873746	-0.00462952	-0.0256377
0.55618	-0.331084	0.185239	-0.00739972	-0.00651489	-0.0214184
0.556167	-0.331097	0.185218	-0.00976382	-0.0101163	-0.0208669
0.556156	-0.331108	0.185196	-0.00875705	-0.00898277	-0.0214968
0.556147	-0.331122	0.185179	-0.00821065	-0.00956582	-0.0203537
0.556138	-0.331123	0.185152	-0.00676513	-0.0060726	-0.0219287
0.556125	-0.331135	0.185128	-0.00797652	-0.00719338	-0.0224347
0.556117	-0.331141	0.18511	-0.00893485	-0.00828047	-0.0198423
0.556103	-0.331149	0.185083	-0.00945276	-0.00733016	-0.0213186
0.556091	-0.331155	0.18506	-0.0104063	-0.0071736	-0.022464
0.556084	-0.331159	0.185046	-0.00963807	-0.00848292	-0.0183521
0.556069	-0.331169	0.185022	-0.0110937	-0.00978628	-0.0189939
0.556058	-0.331179	0.185009	-0.0104245	-0.00856228	-0.0172557
0.556043	-0.331181	0.184985	-0.0122171	-0.00588045	-0.0207649
0.556032	-0.331186	0.184975	-0.011888	-0.00568157	-0.0177298
0.55602	-0.331196	0.184954	-0.0117045	-0.00516962	-0.01938
0.556006	-0.331206	0.18494	-0.0128767	-0.00679081	-0.0188573
0.555993	-0.331208	0.184921	-0.011534	-0.00607701	-0.0159722
0.555981	-0.331216	0.184903	-0.0120905	-0.00645423	-0.0176325
0.555968	-0.331224	0.184887	-0.0115518	-0.00590249	-0.0155625
0.555956	-0.33123	0.184872	-0.0116684	-0.00596046	-0.0142705
0.555945	-0.331238	0.184857	-0.0112602	-0.00652268	-0.0130163
0.555933	-0.331244	0.18484	-0.0111605	-0.0041415	-0.0172118
0.555921	-0.331253	0.184828	-0.0107232	-0.00339381	-0.0166309
0.555913	-0.331254	0.184813	-0.0102886	-0.00258348	-0.0174751
0.555902	-0.331261	0.184799	-0.00997153	-0.0017768	-0.017516
0.555891	-0.331268	0.184785	-0.0113363	-0.00488006	-0.0160225
0.555883	-0.331274	0.184778	-0.00974426	-0.00616044	-0.0111227
0.555875	-0.331274	0.184765	-0.00929644	-0.00497735	-0.0122221
0.555866	-0.331281	0.184754	-0.00930702	-0.00547363	-0.0116225
0.555853	-0.331288	0.184738	-0.0107217	-0.00622033	-0.0126329
0.555845	-0.33129	0.18473	-0.00913591	-0.00404438	-0.0105452
0.555837	-0.331293	0.184719	-0.00907516	-0.0040168	-0.0106765
0.555825	-0.331303	0.184714	-0.0100039	-0.0056254	-0.00846692
0.55582	-0.331303	0.184707	-0.0070131	-0.00334394	-0.00676989
0.555811	-0.331301	0.184694	-0.00698782	-0.000823376	-0.00882245
0.555806	-0.331306	0.184692	-0.00641444	-0.00215813	-0.0066254
0.555799	-0.331309	0.184685	-0.00738399	-0.00326779	-0.00654362
0.555795	-0.331305	0.184682	-0.00511748	-0.00122734	-0.00406837
0.555789	-0.331307	0.184677	-0.00484509	-0.00275352	-0.0029959
0.555786	-0.331307	0.184675	-0.00412242	-0.00161696	-0.0025858
0.555778	-0.331305	0.184666	-0.00585972	-0.00155469	-0.00480099
0.555771	-0.331311	0.18466	-0.00571039	-0.00152659	-0.00516902
0.555769	-0.331306	0.184657	-0.00578587	0.000723021	-0.00579344
0.555762	-0.331306	0.18465	-0.00570086	0.000746458	-0.00619387
0.555764	-0.331303	0.18465	-0.00320897	0.00180941	-0.00419571
0.555756	-0.331305	0.184649	-0.00377842	7.79817e-05	-0.00207542
0.555754	-0.331299	0.184642	-0.0021199	0.00178489	-0.00281212
0.555754	-0.331297	0.184643	-0.00146035	0.00185062	-0.00142434
0.555751	-0.331299	0.184642	-0.00206033	0.0011868	-0.00145164
0.555749	-0.331296	0.18464	-0.00279473	0.00262558	-0.00328766
0.555752	-0.331288	0.18464	-0.00123128	0.0048227	-0.00284226
0.555752	-0.331288	0.184644	-0.00162541	0.00385144	-0.0016551
0.555751	-0.331283	0.184645	-0.00106336	0.00325748	-0.000145971
0.555753	-0.331277	0.184647	0.00142483	0.00312776	0.00574733
0.555749	-0.331277	0.184645	0.000672479	0.00163936	0.00438191
0.555748	-0.331278	0.184649	0.000598465	0.000154686	0.00515575
0.55575	-0.331273	0.184655	0.00175648	0.00118482	0.00639157
0.555751	-0.331272	0.184661	0.00170073	0.00103161	0.00653954
0.555755	-0.331259	0.184662	0.00291325	0.00430245	0.00561937
0.555755	-0.331258	0.184662	0.00151744	0.00314612	0.00334049
0.555757	-0.331254	0.184668	0.00113088	0.00294473	0.00391213
0.555759	-0.331249	0.184673	0.00107465	0.00379767	0.00381141
0.555762	-0.331244	0.184676	0.00205878	0.00358084	0.00383665
0.555765	-0.331241	0.184683	0.00178313	0.003589	0.00447406
0.555766	-0.331235	0.184686	0.000775669	0.00424507	0.00285208
0.555768	-0.331232	0.184685	0.00119548	0.00372676	0.00214665
0.555774	-0.331226	0.184697	0.00428055	0.00568535	0.00585675
0.555776	-0.331222	0.184697	0.00335499	0.00433197	0.00410449
0.555778	-0.33122	0.184704	0.00288896	0.0031687	0.00503426
0.555782	-0.331215	0.184709	0.00373294	0.00362568	0.00563414
0.555783	-0.331213	0.184711	0.0029944	0.00288983	0.00480284
0.55579	-0.33121	0.184724	0.0054797	0.00459333	0.00737437
0.555791	-0.331206	0.184723	0.00378986	0.00399744	0.00452271
0.555795	-0.331201	0.184731	0.00388317	0.00410312	0.00560841
0.555801	-0.331197	0.184737	0.00433353	0.00348535	0.00557769
0.555807	-0.33119	0.184744	0.00451406	0.00413763	0.0055899
0.555809	-0.331192	0.184749	0.00418358	0.00278154	0.00588299
0.555812	-0.331187	0.184751	0.00380155	0.00349492	0.00407918
0.555818	-0.331182	0.184761	0.00423318	0.00345257	0.00627354
0.555824	-0.331176	0.184763	0.00581966	0.00543483	0.00504015
0.555827	-0.331173	0.184765	0.00468005	0.0046869	0.00409625
0.555832	-0.331173	0.184773	0.00453948	0.00291222	0.00512807
0.555836	-0.331168	0.184777	0.00418058	0.00323471	0.00476876
0.555838	-0.331169	0.184781	0.00381779	0.0014068	0.00647836
0.555844	-0.331163	0.18479	0.004266	0.00257697	0.00701066
0.555843	-0.331161	0.184784	0.00287527	0.00259418	0.00294144
0.55585	-0.331162	0.184795	0.00365528	0.00102523	0.00547901
0.555853	-0.331158	0.184799	0.00426524	0.00310902	0.00519571
0.555857	-0.331157	0.184802	0.00379138	0.00230044	0.00428152
0.55586	-0.331154	0.184806	0.00358437	0.00227902	0.00397023
0.555862	-0.331154	0.184809	0.00265914	0.00158326	0.00320212
0.555866	-0.331151	0.184814	0.00389999	0.00344599	0.00381229
0.555866	-0.331148	0.184813	0.00302222	0.0029644	0.00263698
0.555869	-0.331146	0.184814	0.00366173	0.00418274	0.00204187
0.555869	-0.331144	0.184813	0.00250854	0.0031546	0.00164929
0.555872	-0.331143	0.184815	0.00245658	0.00243332	0.00128906
0.555871	-0.331142	0.184812	0.00171931	0.00184002	0.000350423
0.555875	-0.331141	0.184819	0.0019968	0.00201219	0.00199763
0.555875	-0.33114	0.184818	0.00137803	0.00159282	0.000729791
0.555874	-0.33114	0.184817	0.000135801	0.000386528	9.83171e-06
0.555876	-0.331139	0.18482	0.00178244	0.00219514	0.00107686
0.555874	-0.33114	0.184813	0.00111785	0.00184756	-0.0013683
0.555875	-0.331138	0.184813	0.000929525	0.00128001	-0.000322982
0.555878	-0.331136	0.184819	0.00185374	0.00216026	0.00117008
0.555871	-0.331144	0.184812	-0.000873187	-0.00106568	-0.00131371
0.555872	-0.331139	0.184813	-0.000191897	0.00126725	-0.00063576
0.555871	-0.331138	0.184805	-0.000520967	0.000512619	-0.0023333
0.555869	-0.331136	0.184798	-0.00087826	0.000911914	-0.00375381
0.555868	-0.331136	0.184799	-0.00072996	0.000737638	-0.00226315
0.555866	-0.331139	0.184798	-0.00115143	-0.000389988	-0.00214443
0.555867	-0.331139	0.184797	-0.000674539	-0.000383604	-0.00164662
0.555863	-0.331136	0.184787	-0.00243251	0.00152455	-0.00579733
0.555862	-0.331136	0.184784	-0.00179785	0.00113183	-0.00448329
0.55586	-0.331136	0.184778	-0.00282957	0.000755508	-0.00887693
0.555858	-0.331134	0.184773	-0.00260568	0.00111241	-0.00757367
0.555858	-0.331136	0.184771	-0.00409952	-0.00293119	-0.00664063
0.555854	-0.331136	0.184763	-0.00275525	0.00204958	-0.00795327
0.555854	-0.331137	0.184768	-0.00151401	0.00110369	-0.00398909
0.555851	-0.331139	0.184762	-0.00215376	0.000280042	-0.0044811
0.555848	-0.331139	0.184754	-0.00236723	0.000385779	-0.00586747
0.555845	-0.331143	0.184755	-0.00218083	-0.000784501	-0.00347555
0.555845	-0.331141	0.184751	-0.00353218	-0.00314191	-0.00329748
0.555843	-0.331139	0.184742	-0.00320539	-0.00185533	-0.00476918
0.555841	-0.331143	0.184743	-0.00298999	-0.00304244	-0.00312715
0.55584	-0.331141	0.184737	-0.00228513	-0.00116876	-0.0041973
0.555839	-0.331141	0.184737	-0.00180957	-0.00149846	-0.00223396
0.555833	-0.331149	0.184731	-0.00314262	-0.0039268	-0.00314445
0.555834	-0.331143	0.184726	-0.00175154	-0.000682937	-0.00414251
0.555832	-0.331145	0.184726	-0.00132406	-0.00042527	-0.00244729
0.555829	-0.331148	0.18472	-0.0023423	-0.0021263	-0.0038245
0.555829	-0.331148	0.184723	-0.00161522	-0.00132643	-0.00188316
0.555827	-0.331149	0.18472	-0.00145388	-0.00136978	-0.00168165
0.555828	-0.33115	0.184719	-0.000324653	-0.000753534	-0.00108599
0.555823	-0.331152	0.184713	-0.00186859	-0.0013436	-0.00268569
0.555825	-0.331153	0.184717	-0.000713503	-0.00131347	-0.000243787
0.555825	-0.33115	0.184711	-0.000567056	-6.11064e-05	-0.00243433
0.555827	-0.331152	0.184719	0.00014235	-0.000533456	0.000477365
0.555822	-0.331154	0.184707	-0.00139714	-0.00121418	-0.00335771
0.555822	-0.331157	0.18471	-0.000938517	-0.0015251	-0.000990331
0.555824	-0.331154	0.184714	0.000435992	-0.000432771	0.000949298
0.555822	-0.331157	0.184709	-0.000658427	-0.000997768	-0.00122977
0.555825	-0.331156	0.184715	0.000789523	-0.000180883	0.00142526
0.555824	-0.331152	0.184708	-0.000351876	0.000674572	-0.00210041
0.555822	-0.331156	0.184707	-0.000418384	-0.000927766	-0.00124532
0.555827	-0.331152	0.184711	0.00102655	0.00126094	-0.0011965
0.555825	-0.331155	0.184709	-0.000148124	-0.00062592	-0.00182552
0.555828	-0.331153	0.184713	0.000634424	0.000404945	-0.000188771
0.555828	-0.331154	0.184716	0.000780236	-0.000858889	0.00468472
0.555828	-0.331152	0.18471	0.000777436	0.000775151	0.000976143
0.555829	-0.331153	0.184715	0.00117308	-1.60534e-05	0.00301672
0.555831	-0.331152	0.184715	0.00151585	0.000142548	0.00228853
0.555832	-0.331148	0.184713	0.0012763	0.0013296	0.000829265
0.555833	-0.331154	0.184721	0.000167116	-0.000654885	0.00237547
0.555838	-0.331148	0.184724	0.00144837	0.00135513	0.0020274
0.555838	-0.331145	0.184721	0.000737404	0.00183095	0.000664476
0.555839	-0.331144	0.18472	0.00112664	0.0013796	0.000610005
0.555839	-0.331144	0.184723	0.00170068	0.000791747	0.00193146
0.555844	-0.331147	0.184735	0.00279014	-0.000100939	0.00539967
0.555844	-0.331141	0.184728	0.0017214	0.00165072	0.00121954
0.555848	-0.33114	0.184733	0.00222048	0.000994777	0.00271324
0.555848	-0.33114	0.184736	0.00345039	0.00339286	0.00258342
0.555853	-0.331132	0.184741	0.00448495	0.00533041	0.00311074
0.555852	-0.331132	0.18474	0.00240121	0.00363779	0.00186179
0.555859	-0.331126	0.184744	0.00378499	0.00454843	0.0023093
0.555861	-0.331126	0.184751	0.00338698	0.00249427	0.00393758
0.555863	-0.331125	0.184753	0.0026901	0.00213432	0.00327021
0.555861	-0.331127	0.184753	0.00106468	0.00144466	0.00141364
0.555866	-0.331121	0.184758	0.00238474	0.00259321	0.00260586
0.55587	-0.33112	0.184762	0.00251177	0.00172666	0.00306275
0.55587	-0.331118	0.184763	0.00191977	0.00173366	0.00283504
0.555876	-0.331109	0.184765	0.00326788	0.00315367	0.00466387
0.555875	-0.331113	0.184768	0.0019006	0.00080658	0.00410691
0.555879	-0.33111	0.184775	0.00181602	0.000836018	0.00497678
0.555881	-0.331104	0.184774	0.00183267	0.00228218	0.00307644
0.555885	-0.331099	0.184777	0.00304962	0.00394244	0.00359629
0.555891	-0.331098	0.184786	0.00348492	0.00238637	0.00487167
0.555892	-0.331091	0.184782	0.00310677	0.00431079	0.00223609
0.555892	-0.331093	0.184787	0.00298478	0.00333896	0.00313575
0.555895	-0.331093	0.184795	0.00320903	0.00243115	0.00491986
0.555899	-0.331088	0.184796	0.00381511	0.00452671	0.00392085
0.555902	-0.331081	0.184791	0.00328871	0.00436311	0.00133892
0.555906	-0.331079	0.184802	0.00338321	0.0036255	0.00397551
0.555906	-0.331075	0.184797	0.00216627	0.00281178	0.00143365
0.555912	-0.331073	0.184806	0.00327515	0.00269125	0.00365166
0.555911	-0.331074	0.184805	0.00126512	0.000570565	0.0017267
0.555914	-0.33107	0.184807	0.00159114	0.00124949	0.00191277
0.555915	-0.331071	0.18481	0.000922933	-0.00035759	0.00256684
0.555922	-0.33106	0.184813	0.00233983	0.002785	0.0022756
0.555922	-0.331064	0.184819	0.00198561	0.00169394	0.00347779
0.555925	-0.331062	0.184818	0.00269908	0.00193682	0.00247841
0.555929	-0.331056	0.184821	0.00309987	0.00211592	0.00437325
0.55593	-0.331053	0.184821	0.00197914	0.0017561	0.0031985
0.555934	-0.331049	0.184823	0.00279981	0.00266905	0.00295619
0.555938	-0.331049	0.184831	0.00271284	0.0013931	0.00397835
0.555938	-0.331047	0.184826	0.001755	0.00123477	0.00166777
0.555939	-0.331045	0.184829	0.000616438	8.8752e-05	0.00184274
0.555941	-0.331044	0.184832	0.00292808	0.00316477	0.00256928
0.555945	-0.331038	0.184831	0.00253634	0.00295283	0.000958473
0.555948	-0.331034	0.184832	0.00174506	0.00235012	0.000938894
0.555947	-0.331035	0.184832	0.0026559	0.00355494	0.000936677
0.55595	-0.331033	0.184833	0.00203045	0.00275418	0.000743031
0.555951	-0.331031	0.184832	0.00251651	0.00387213	0.000212176
0.555957	-0.331023	0.184835	0.0031542	0.00416553	0.00118664
0.555957	-0.331022	0.184836	0.00166784	0.00203558	0.000825214
0.555959	-0.331021	0.184838	0.00102193	0.00106244	0.000994619
0.555964	-0.331014	0.184838	0.00245194	0.00161141	0.00443338
0.555966	-0.331011	0.184838	0.00234185	0.000627408	0.00414203
0.555967	-0.331008	0.184838	0.0015984	0.000502173	0.0025074
0.555971	-0.331006	0.184841	0.00177561	0.000403068	0.00300065
0.555971	-0.331004	0.184841	0.00075313	-4.58555e-05	0.00186556
0.555972	-0.331005	0.184842	0.000325243	-0.00111475	0.0015927
0.555978	-0.330997	0.184843	0.00150712	0.00112404	0.00142891
0.555977	-0.330999	0.184842	0.00140015	0.000970395	0.000696518
0.555981	-0.330994	0.184842	0.00163526	0.00166087	-0.000176119
0.555982	-0.330991	0.18484	0.00184283	0.00323867	-0.000822544
0.555981	-0.33099	0.184835	0.00184425	0.00363636	-0.00145214
0.555981	-0.330985	0.184831	0.000710455	0.0033963	-0.00203405
0.555982	-0.330987	0.184834	0.000967322	0.0014628	-0.000398414
0.555986	-0.330979	0.18483	0.00115202	0.00300513	-0.00172847
0.555985	-0.330982	0.184832	0.00023174	0.000540041	-0.000974318
0.555987	-0.330974	0.184825	0.000445367	0.00243143	-0.00270392
0.555987	-0.330972	0.184823	-1.74986e-05	0.00190023	-0.00264952
0.555986	-0.330972	0.184821	-0.0010871	0.000815636	-0.00256393
0.555987	-0.33097	0.184817	-0.000502131	0.00121316	-0.00322506
0.555989	-0.330965	0.184816	-0.000237356	0.00151822	-0.00240972
0.555986	-0.330966	0.18481	-0.00156355	5.61436e-05	-0.00378914
0.555987	-0.330963	0.184808	-0.000676696	0.00125387	-0.00281058
0.555986	-0.330961	0.184809	-0.00187554	0.00130224	-0.00601558
0.555983	-0.330956	0.184796	-0.00256062	0.00207917	-0.00843705
0.555987	-0.330951	0.184798	-7.74606e-05	0.00248802	-0.0048951
0.555983	-0.330955	0.1848	-0.000546574	0.00170998	-0.00270225
0.555981	-0.330953	0.184791	-0.00144674	0.0016255	-0.00503938
0.555977	-0.330955	0.184788	-0.00199755	0.000690882	-0.00431153
0.55598	-0.330949	0.184784	-0.000424285	0.00207316	-0.00419962
0.555974	-0.330946	0.184769	-0.00102253	0.00165584	-0.00444875
0.555973	-0.330946	0.184766	-0.00116135	0.000891453	-0.00430803
0.555973	-0.330944	0.184764	-0.00108454	0.000795493	-0.00322269
0.555975	-0.330943	0.184765	0.000146935	0.00132321	-0.00172766
0.555971	-0.330942	0.184761	-0.00095158	0.00106603	-0.00231419
0.555969	-0.330945	0.184753	-0.00155723	-9.57157e-06	-0.00425078
0.555969	-0.330943	0.184752	-0.00155221	0.00124577	-0.00404337
0.555969	-0.330943	0.184751	-0.00123112	0.000250891	-0.00300713
0.555965	-0.330943	0.184744	-0.00204313	0.000407462	-0.00455904
0.555965	-0.330944	0.184747	-0.001444	-0.00035036	-0.00200577
0.555967	-0.330945	0.184748	-0.00028875	-6.96171e-05	-0.00117731
0.555965	-0.330944	0.184746	-0.00105509	-0.000105575	-0.00156188
0.555964	-0.330951	0.184745	-0.00111492	-0.00178245	-0.001037
0.555963	-0.330946	0.184739	-0.000666958	0.000172294	-0.0022081
0.555962	-0.330948	0.18474	-0.000941264	-0.000265818	-0.00128035
0.555958	-0.330953	0.184735	-0.00177989	-0.00205435	-0.00233674
0.555959	-0.330954	0.184739	-0.00136578	-0.00127613	-0.00231239
0.555957	-0.330957	0.184735	-0.00138556	-0.0019561	-0.00285364
0.555955	-0.33096	0.184733	-0.00161648	-0.00213797	-0.00273833
0.555954	-0.330959	0.184733	-0.00153876	-0.00111027	-0.00200668
0.555954	-0.330963	0.184737	-0.000842796	-0.00235049	0.000488875
0.555952	-0.330964	0.184737	-0.00108524	-0.00189357	0.00038019
0.555953	-0.330969	0.184737	-0.000819977	-0.00269789	2.04825e-05
0.555949	-0.33097	0.184732	-0.00155148	-0.00233584	-0.00160143
0.555947	-0.330972	0.18473	-0.00159779	-0.00185402	-0.00145094
0.555944	-0.330979	0.184733	-0.00137079	-0.00321771	0.000181137
0.555945	-0.330979	0.184735	-0.000820726	-0.00227742	0.000768453
0.55594	-0.330987	0.184731	-0.00220877	-0.00373983	-0.000861203
0.555941	-0.330984	0.184731	-0.000896177	-0.00149852	-0.000531405
0.555942	-0.330985	0.184732	-0.000398328	-0.00114174	-0.000132393
0.555939	-0.330989	0.184728	-0.00154882	-0.00189923	-0.00161852
0.555938	-0.330992	0.184733	-0.000756645	-0.00153568	0.000661011
0.555935	-0.330995	0.18473	-0.00105762	-0.00214484	0.000127084
0.555932	-0.330999	0.184731	-0.00126522	-0.00237474	0.000838243
0.55593	-0.331003	0.184729	-0.00179188	-0.00304015	-0.000486658
0.555932	-0.331001	0.184729	-0.000557494	-0.00104409	-0.000230944
0.555931	-0.331003	0.184733	-0.00121157	-0.00258737	0.000919162
0.555928	-0.331008	0.184729	-0.00197183	-0.00314101	-0.000704756
0.555925	-0.33101	0.18473	-0.00201704	-0.00242978	-0.000113502
0.555926	-0.331013	0.184732	-0.00132387	-0.0025298	9.22554e-06
0.555923	-0.331017	0.184732	-0.00135139	-0.00215987	0.000261435
0.555919	-0.331023	0.184733	-0.00197461	-0.00346531	0.000569045
0.555922	-0.331018	0.184733	-0.000175194	-0.000422684	0.000624694
0.555921	-0.331022	0.184734	-0.000205002	-0.000969156	0.000664744
0.555916	-0.331028	0.184733	-0.00155139	-0.00234901	-9.42778e-05
0.555917	-0.331027	0.184731	-0.00160323	-0.0028842	-0.000307327
0.555918	-0.331026	0.184737	-0.000414731	-0.00139492	0.00203188
0.555915	-0.331027	0.184734	-0.00106229	-0.0011959	0.000284568
0.555913	-0.331031	0.184735	-0.00119565	-0.00188119	0.000665504
0.555913	-0.331032	0.184737	-0.000788926	-0.00147301	0.00108401
0.555915	-0.33103	0.184739	-0.000814248	-0.0018811	0.0014305
0.555915	-0.331035	0.184743	-0.00070658	-0.00291617	0.00213218
0.555917	-0.331034	0.184746	0.000409213	-0.00140068	0.00244263
0.555915	-0.331038	0.184746	-0.000331976	-0.00203467	0.0016033
0.555915	-0.331043	0.184754	5.85166e-05	-0.00248502	0.00368637
0.555918	-0.331038	0.184756	0.00103437	0.000350183	0.0028792
0.555917	-0.331041	0.184755	0.00052131	-0.0011486	0.00202738
0.555917	-0.331045	0.184759	0.000136316	-0.0013202	0.0017959
0.555919	-0.331043	0.184764	0.00189257	-0.00106886	0.00742895
0.55592	-0.331044	0.184767	0.0015112	-0.000974034	0.00635613
0.555922	-0.331046	0.184772	0.00142019	-0.00100186	0.00550788
0.555925	-0.331044	0.184777	0.00114112	-0.0018884	0.00499688
0.555921	-0.331047	0.184771	-0.000534604	-0.00252047	0.00235735
0.555923	-0.331047	0.184777	0.000540738	-0.00115467	0.00354653
0.555926	-0.331047	0.184783	0.00123013	-0.000911892	0.0038137
0.555927	-0.331048	0.184785	0.00121025	-0.000994138	0.0035893
0.555931	-0.331048	0.184792	0.00212348	-0.000394012	0.00449614
0.55593	-0.331051	0.184793	0.0020594	-0.00159847	0.00391806
0.555931	-0.331051	0.184795	0.00184897	-0.000732471	0.00335852
0.555932	-0.331051	0.184797	0.00141953	-0.000621477	0.00291421
0.555938	-0.331049	0.184802	0.00290478	0.000163508	0.00357735
0.555936	-0.331047	0.184802	0.00170637	0.00103369	0.00252934
0.555941	-0.331047	0.18481	0.00252927	0.000266726	0.00456101
0.555939	-0.331049	0.18481	0.00121432	-0.000103082	0.00267571
0.555942	-0.331046	0.184812	0.00173997	0.00130985	0.00246212
0.555944	-0.331047	0.184819	0.00209739	0.000877483	0.00382666
0.555944	-0.331046	0.184815	0.00123176	0.000759823	0.00140484
0.555947	-0.331046	0.184821	0.00269516	-0.000372523	0.0041444
0.55595	-0.331042	0.184823	0.00223511	0.00093497	0.00250971
0.555953	-0.331042	0.184823	0.00236934	0.000539679	0.00172347
0.555955	-0.331037	0.184827	0.00238815	0.0018817	0.00251767
0.555956	-0.331033	0.184823	0.00179168	0.00258407	0.000704971
0.555954	-0.331038	0.184826	0.0021775	0.00278587	0.00147679
0.555956	-0.331034	0.184825	0.00248471	0.00369935	0.000558622
0.555959	-0.331028	0.184823	0.00287454	0.00472389	-4.70428e-05
0.55596	-0.331031	0.18483	0.00227895	0.00232807	0.00205935
0.555961	-0.331025	0.184822	0.00187323	0.00365345	-0.00107276
0.555962	-0.331022	0.184823	0.00384767	0.00715433	-0.000466214
0.555964	-0.331024	0.184827	0.00278045	0.00360845	0.000942438
0.555966	-0.331017	0.184822	0.00291054	0.00561832	-0.00131684
0.555966	-0.331018	0.184826	0.00190148	0.00334538	0.00060572
0.555968	-0.331014	0.184824	0.00177825	0.00346383	-0.000225691
0.555969	-0.33101	0.184824	0.00161361	0.0035712	-0.000416309
0.55597	-0.331006	0.184823	0.00148235	0.0036654	-0.000562082
0.55597	-0.331008	0.184821	0.000693205	0.00137495	-0.00101226
0.55597	-0.331006	0.184821	0.000618858	0.00160902	-0.000467302
0.555972	-0.331001	0.184817	0.000758394	0.00226932	-0.0018937
0.555971	-0.330999	0.184815	0.00025825	0.00245064	-0.00195467
0.555973	-0.331	0.184818	0.00063125	0.00132884	-0.00028347
0.555973	-0.330995	0.184813	0.000254864	0.00186656	-0.00182328
0.555973	-0.330994	0.184813	-5.49305e-05	0.0013785	-0.00140642
0.555974	-0.330992	0.18481	-0.00193827	-0.00155528	-0.00222849
0.555974	-0.33099	0.184804	-0.00126571	-0.000639728	-0.00343872
0.555971	-0.330989	0.184803	-0.00210898	-0.000456209	-0.00261048
0.55597	-0.330991	0.184799	-0.0028227	-0.000804186	-0.00710512
0.555971	-0.330987	0.184798	-0.00167616	0.000658467	-0.00546663
0.555974	-0.330988	0.184805	-0.000205095	0.000250969	-0.001934
0.555974	-0.330983	0.184797	-0.000586669	0.00128697	-0.00429672
0.555974	-0.330978	0.184791	-0.000826885	0.00186561	-0.00473907
0.555971	-0.330983	0.18479	-0.00161818	-0.000829869	-0.00369205
0.555975	-0.330976	0.18479	0.00037605	0.00188509	-0.0023492
0.555974	-0.330975	0.184789	0.000986203	0.00301442	-0.0016711
0.555972	-0.330976	0.184784	0.000706798	0.00336854	-0.0028947
0.555972	-0.330971	0.184778	0.000653161	0.00386394	-0.00379952
0.555971	-0.330977	0.184784	0.000185602	0.000858951	-0.000697309
0.555974	-0.330972	0.184781	0.000921134	0.0023845	-0.0015216
0.55597	-0.330975	0.184778	-0.000637524	0.000454295	-0.00199657
0.55597	-0.330974	0.184774	-0.000543777	0.000605962	-0.00256202
0.555971	-0.33097	0.184773	6.34549e-05	0.000863817	-0.00198769
0.555967	-0.330972	0.184767	-0.000948763	0.00071572	-0.00322661
0.55597	-0.330969	0.184766	-0.000134123	0.000852839	-0.00228712
0.555967	-0.330972	0.184764	-0.000934646	-0.000178643	-0.00195971
0.555968	-0.330971	0.184763	-0.00015561	0.000292005	-0.00153586
0.555963	-0.330973	0.184757	-0.00145889	-0.000797792	-0.00272228
0.555967	-0.330966	0.184757	-3.53788e-05	0.00161709	-0.00203845
0.555966	-0.330964	0.184753	-0.000457032	0.00152383	-0.002911
0.555965	-0.330968	0.184752	-0.000766145	-0.000134875	-0.00216884
0.555961	-0.330971	0.184748	-0.00144583	-0.000812081	-0.00237348
0.555963	-0.330965	0.184745	-0.000275158	0.00119661	-0.00278148
0.55596	-0.33097	0.184745	-0.00145321	-0.00101577	-0.00171667
0.555958	-0.33097	0.184741	-0.00123539	-0.000480712	-0.00236872
0.555957	-0.330967	0.184736	-0.00119374	0.000806566	-0.00345518
0.555961	-0.330967	0.184744	0.000315281	0.000304952	0.000255162
0.555959	-0.330967	0.184738	-0.000582621	9.18189e-05	-0.00138962
0.555959	-0.330964	0.184734	-0.00111812	0.00213392	-0.00361935
0.555955	-0.33097	0.184735	-0.00186341	-0.000502495	-0.00211279
0.555958	-0.330967	0.184735	-0.000544225	0.000534025	-0.00156854
0.555957	-0.330967	0.184733	-0.000725856	-3.23743e-05	-0.00126957
0.555955	-0.330966	0.184725	6.15703e-05	0.000101465	-0.00235294
0.555953	-0.330968	0.184725	-0.000338473	-0.00023247	-0.00145326
0.555956	-0.330965	0.184726	0.00068091	0.000618739	-0.000511795
0.555951	-0.330971	0.184727	-0.000848646	-0.00148879	-0.000142378
0.555955	-0.330962	0.184723	0.000552372	0.00187949	-0.00143852
0.555953	-0.330964	0.184721	-0.000310828	0.000349303	-0.00155074
0.555957	-0.330961	0.184723	0.000894566	0.000814687	-0.00026914
0.555954	-0.330964	0.184727	-0.000310098	-0.000230069	0.00109807
0.55595	-0.330964	0.184718	-0.00228342	0.000947708	-0.00367684
0.555956	-0.33096	0.184722	0.000403655	0.00185212	-0.000754403
0.555955	-0.330957	0.184718	0.0002175	0.00209087	-0.00144282
0.555952	-0.330961	0.184717	-0.000577664	0.000485441	-0.00158421
0.555955	-0.330958	0.18472	0.00028447	0.000584639	0.000245907
0.555956	-0.330958	0.18472	0.000630236	0.000666378	0.000112097
0.555956	-0.330958	0.184719	0.00018471	0.000696378	-0.00034556
0.555957	-0.330957	0.184722	0.000271195	0.000303921	0.000845285
0.555959	-0.330955	0.184723	0.000740497	0.000530556	0.000899395
0.555958	-0.33095	0.184716	0.000287034	0.00203249	-0.00175513
0.555959	-0.330955	0.184724	0.000454965	-0.000399298	0.00173071
0.55596	-0.330949	0.184716	0.000623743	0.00179081	-0.00137442
0.55596	-0.330952	0.184723	0.000462713	0.000280759	0.00142205
0.55596	-0.33095	0.18472	0.000379895	0.000895406	-0.000254394
0.555962	-0.330949	0.184723	0.000617495	0.000352239	0.000690941
0.555963	-0.330951	0.184728	4.35495e-05	0.000516704	-0.00154543
0.555963	-0.33095	0.184726	-0.00011602	0.000573944	-0.00208451
0.555966	-0.330947	0.184732	0.000794088	0.00113349	0.000206716
0.555966	-0.330943	0.184728	0.000694657	0.00205864	-0.00130308
0.555966	-0.330949	0.18473	0.000535682	-0.000169577	-0.000127975
0.555967	-0.330951	0.184736	0.000378716	-0.000850863	0.00153116
0.55597	-0.330947	0.184735	0.00102636	0.000304726	0.000811016
0.555972	-0.330943	0.184738	0.00127259	0.00115158	0.00191309
0.555968	-0.330944	0.184733	-0.000441355	0.000393752	-0.00071265
0.555971	-0.330951	0.184741	0.000454201	-0.00189022	0.00181213
0.555973	-0.330944	0.184743	0.00106355	0.00108954	0.00201196
0.555973	-0.330944	0.184742	0.000522177	0.000140552	0.000998013
0.555975	-0.330944	0.18475	0.00106969	0.000155973	0.00311664
0.555973	-0.330946	0.184748	1.54453e-06	-0.000791824	0.00140707
0.555974	-0.330947	0.184749	0.000218677	-0.000733892	0.00126572
0.555975	-0.330947	0.184753	0.000521069	-0.000731805	0.00257858
0.555979	-0.330944	0.184752	0.00124781	0.000213312	0.00140309
0.555978	-0.330946	0.184752	0.000460418	-0.00036343	0.00088507
0.555979	-0.330944	0.184755	0.000598973	0.000298242	0.00142913
0.555979	-0.330946	0.184758	0.000194273	-0.000407462	0.00153924
0.555979	-0.330946	0.184759	0.000552814	-0.000548529	0.00194926
0.555979	-0.330948	0.184762	0.000130132	-0.000965954	0.00186174
0.555977	-0.330948	0.184759	-0.00163501	-0.000661204	-0.000500846
0.555983	-0.330943	0.184761	0.000326336	0.000711817	0.000432955
0.55598	-0.330947	0.184761	-0.000515916	-0.000484082	0.000119814
0.55598	-0.330945	0.184759	-0.000388762	0.000413042	-0.000714256
0.555981	-0.330948	0.184766	-7.29809e-06	-0.000684561	0.00157232
0.555983	-0.330947	0.184767	0.000534607	-0.000104176	0.00131582
0.555981	-0.330949	0.184764	-0.000659909	-0.000777328	-0.000110437
0.555982	-0.330948	0.184766	0.000363188	0.000217597	0.000395074
0.555982	-0.330948	0.184765	0.00099368	-0.000518827	0.000977427
0.55598	-0.330948	0.184765	0.000195069	0.000147067	0.000732028
0.555982	-0.330949	0.184765	0.000770024	-0.000378078	0.000458224
0.555981	-0.330948	0.184764	0.000298046	-8.82779e-05	4.94807e-05
0.555983	-0.330948	0.18477	0.000501403	-0.000376529	0.00187236
0.55598	-0.330951	0.184769	-0.000464472	-0.000991534	0.000783935
0.555978	-0.33095	0.184766	-0.0011243	-0.000696923	-0.00027982
0.555985	-0.330946	0.184769	0.00137034	0.000649585	0.000966843
0.555978	-0.330955	0.184767	-0.00107603	-0.00223733	-2.52793e-05
0.55598	-0.330953	0.184769	-0.000307426	-0.00111321	0.000649641
0.555984	-0.330948	0.184772	0.00120023	0.000981285	0.000970538
0.555983	-0.330951	0.184773	0.000343999	-0.000339365	0.00104379
0.55598	-0.330949	0.184765	-0.000708756	0.0005786	-0.00239927
0.555981	-0.33095	0.184767	-0.000100107	-1.54545e-05	-0.000481888
0.55598	-0.330953	0.18477	-0.000124236	-0.000627329	0.000734799
0.555978	-0.330956	0.184767	-0.000809482	-0.00137917	-0.000958406
0.555976	-0.330956	0.18477	-0.00119639	-0.00110325	0.00039939
0.555976	-0.330957	0.184766	-0.000876113	-0.0014101	-0.000755416
0.555978	-0.330952	0.184764	-5.87121e-05	0.000836359	-0.00133067
0.55598	-0.330953	0.184765	0.000355473	0.000172411	-0.000681589
0.555979	-0.330954	0.184767	0.000217841	0.000136183	0.000384947
0.555976	-0.330957	0.184768	-0.000668486	-0.000719069	0.000292963
0.555974	-0.33096	0.184764	-0.00123366	-0.00188135	-0.000805807
0.555975	-0.330956	0.184763	-0.000756273	7.12394e-05	-0.00112092
0.555975	-0.330955	0.18476	-0.000298882	0.00065585	-0.00133574
0.555975	-0.330958	0.184762	-0.000474675	-0.000920986	-0.000805108
0.555977	-0.330958	0.184767	0.00050342	-0.000551704	0.00112025
0.555974	-0.330957	0.18476	-0.000372128	0.000247339	-0.00115138
0.555972	-0.33096	0.184759	-0.000713245	-0.000993352	-0.000995061
0.555975	-0.330956	0.184763	0.000465672	0.000827893	0.000716779
0.555972	-0.330959	0.184758	-0.00103087	-0.000382066	-0.00171633
0.555972	-0.330963	0.18476	-0.000368858	-0.00149195	-6.68194e-05
0.555971	-0.330957	0.184754	-0.000726239	0.000344154	-0.00175477
0.555971	-0.330958	0.18475	-0.000220585	0.000798248	-0.00251596
0.55597	-0.330964	0.184756	-0.000490672	-0.00150254	0.000412051
0.555967	-0.330962	0.184749	-0.00114955	-0.000254009	-0.00224766
0.555965	-0.330966	0.184748	-0.00171443	-0.00166716	-0.00159569
0.555966	-0.330959	0.184743	-0.000937198	0.00100413	-0.00288935
0.555967	-0.33096	0.184748	-0.000168475	0.000271196	-0.000388835
0.555963	-0.330972	0.184751	-0.00127615	-0.0033102	0.000822569
0.555966	-0.330962	0.184744	-0.000321985	0.000306478	-0.00191311
0.555965	-0.330962	0.18474	-0.000104507	0.000948989	-0.00252464
0.555962	-0.330968	0.184744	-0.00117807	-0.00146029	-0.000305789
0.555959	-0.330969	0.184738	-0.00147713	-0.00110559	-0.00218362
0.555962	-0.330967	0.184742	-0.000187192	-2.16216e-05	-6.21067e-05
0.555959	-0.330966	0.184738	-0.000689851	0.000547872	-0.00139846
0.555959	-0.33097	0.184738	-0.000707107	-0.00100379	-0.000824053
0.555958	-0.330967	0.184737	-0.00108363	-7.30025e-05	-0.0010904
0.555958	-0.330966	0.184733	-0.000839473	2.50688e-05	-0.00217922
0.555955	-0.33097	0.184735	-0.000933955	-0.00116343	-0.000325494
0.555956	-0.330969	0.184732	-0.000533048	-0.000162532	-0.00124962
0.555954	-0.330969	0.184732	-0.000798872	-0.00041383	-0.000749548
0.555954	-0.330969	0.184731	-0.00078507	-6.25043e-05	-0.000860058
0.555952	-0.330971	0.184728	-0.00100039	-0.000377078	-0.00172557
0.555955	-0.330969	0.184731	0.000293448	0.000425422	-0.000128648
0.555952	-0.330972	0.184731	-0.000617313	-0.000522598	-4.9984e-05
0.555951	-0.330974	0.184729	-0.000677406	-0.000938495	-0.000777575
0.555952	-0.33097	0.184729	5.2792e-06	0.000483293	-0.000218026
0.555949	-0.330973	0.184723	-0.00176924	-0.000305573	-0.00539282
0.555951	-0.330971	0.184726	-0.000596904	0.000832855	-0.00382236
0.55595	-0.330973	0.184728	-0.000806367	4.75277e-05	-0.00188668
0.555949	-0.330972	0.184724	-0.00101788	0.000503983	-0.00304824
0.555951	-0.330972	0.184729	4.33857e-05	-0.000249856	-0.000257999
0.555951	-0.330971	0.184725	-0.000225048	4.40038e-05	-0.00147614
0.55595	-0.33097	0.184725	-6.35816e-05	0.000655248	-0.00121515
0.55595	-0.330971	0.184727	0.000220015	0.000215176	-7.3751e-05
0.555949	-0.330975	0.184727	-0.000487214	-0.00153233	0.000146626
0.555952	-0.330968	0.184727	0.000666009	0.00116855	-0.000125529
0.555953	-0.330975	0.184735	0.000643124	-0.000909254	0.00230628
0.555954	-0.330968	0.184728	0.000711324	0.00135726	-0.000509179
0.555953	-0.330973	0.184733	0.000319779	-0.000482884	0.00111261
0.55595	-0.330975	0.184727	-0.000670547	-0.0010311	-0.00108457
0.55595	-0.330973	0.184728	-0.000164457	0.000594812	-0.00029685
0.55595	-0.330976	0.184732	-0.000263219	-0.000994202	0.00126223
0.555952	-0.330975	0.184733	0.000563752	-0.000485985	0.000991668
0.555955	-0.330973	0.184737	0.000960716	0.000643045	0.00164402
0.555958	-0.330971	0.184737	0.00157992	0.00104872	0.00132311
0.555959	-0.330967	0.184739	0.0013336	0.00198295	0.00131108
0.555957	-0.33097	0.184739	0.0024235	0.00381258	0.000848251
0.555956	-0.33097	0.184734	0.00172916	0.00285486	-0.000768721
0.555962	-0.330967	0.184743	0.0033872	0.00335064	0.0026115
0.555955	-0.330972	0.18474	0.000106346	0.000542074	0.000536971
0.555959	-0.33097	0.184745	0.00126865	0.000992761	0.00247499
0.555959	-0.33097	0.184745	0.000839093	0.000833523	0.00114206
0.555959	-0.330969	0.18474	0.000852387	0.00119748	-0.000643187
0.555963	-0.330967	0.184743	0.00148661	0.0015784	0.000100416
0.555963	-0.330966	0.184747	0.00109771	0.00102358	0.00149405
0.555963	-0.330968	0.184749	0.000447528	0.000173361	0.00138381
0.555966	-0.330964	0.184751	0.00157981	0.00133384	0.00194378
0.555964	-0.330967	0.184749	0.000346272	-3.56396e-05	0.00070749
0.555966	-0.330962	0.184752	0.000845458	0.00164148	0.00108693
0.555967	-0.330963	0.184755	0.000923016	0.000795966	0.0016737
0.555969	-0.330962	0.184752	0.00109457	0.000904112	4.93462e-05
0.555969	-0.330962	0.184755	0.00297732	0.00363138	0.00170062
0.555967	-0.330959	0.184749	0.00178049	0.00377756	-0.000629552
0.555968	-0.330962	0.184751	0.00149069	0.00182665	0.000237439
0.555971	-0.33096	0.184758	0.00199653	0.00203548	0.00209149
0.555969	-0.330958	0.184751	0.00096116	0.00195735	-0.000270259
0.555972	-0.330957	0.184758	0.00129396	0.00153991	0.00174295
0.555973	-0.330956	0.184758	0.00121117	0.00160873	0.00117145
0.555972	-0.330961	0.184758	0.000553782	-0.000162105	0.000354657
0.555974	-0.330956	0.184761	0.000910118	0.00102072	0.00187479
0.555971	-0.330958	0.184756	-1.76398e-05	0.000477975	-0.000534315
0.555973	-0.330956	0.184758	0.000439506	0.000755297	0.000257867
0.555975	-0.330956	0.184763	0.000758503	0.000118823	0.00171186
0.555973	-0.330957	0.184757	0.000206739	0.000366119	-0.000622387
0.555975	-0.330954	0.18476	0.000408613	0.000841028	0.000330835
0.555974	-0.330957	0.184759	0.000159316	-3.56443e-05	-5.33313e-05
0.555975	-0.330959	0.184763	0.00021807	-0.000970796	0.00154975
0.555975	-0.330954	0.184762	0.000244757	0.000732719	0.000456711
0.555973	-0.330957	0.184759	-0.00063946	-0.00026815	-0.00101657
0.555975	-0.330956	0.184761	0.000235522	2.98579e-05	0.000271931
0.555977	-0.33095	0.184761	0.000807299	0.00165466	3.73238e-05
0.555976	-0.330957	0.184761	0.000255526	-0.000903488	0.000351637
0.555976	-0.330957	0.184764	0.000152498	-0.000576592	0.00107328
0.555978	-0.330956	0.184763	0.000490389	9.39361e-05	-7.55654e-05
0.555977	-0.330954	0.184759	-8.99328e-05	0.000382289	-0.00104675
0.555974	-0.330957	0.184758	-0.00113271	-0.00104889	-0.0010612
0.555975	-0.330954	0.184758	-0.000177335	0.000294519	-0.00065749
0.555978	-0.330953	0.184764	0.00105387	0.000736071	0.00168787
0.555974	-0.330953	0.184757	-0.000927771	0.00034473	-0.00125308
0.555974	-0.330956	0.18476	-0.00057168	-0.000593595	0.000113742
0.555976	-0.330956	0.18476	0.000420688	-0.000236456	0.000278319
0.555973	-0.330958	0.184756	-0.000523618	-0.000864247	-0.00115095
0.555974	-0.330957	0.184759	0.000155286	-0.000339736	0.00049679
0.555973	-0.330957	0.184756	-0.000193813	-2.63475e-05	-0.00091522
0.555973	-0.330956	0.184759	-0.000556508	0.00030137	0.000168114
0.555973	-0.330959	0.184763	-0.000590034	-0.00109724	0.00101361
0.555972	-0.330956	0.184755	-0.000558102	0.000162162	-0.00172523
0.55597	-0.33096	0.184754	-0.00118645	-0.0013164	-0.00124002
0.555969	-0.330961	0.184753	-0.000747912	-0.00112366	-0.00096474
0.55597	-0.330958	0.184752	-0.000207959	0.000586715	-0.00157022
0.555969	-0.33096	0.184753	-0.000344354	-0.000219017	-0.000458074
0.555967	-0.330961	0.184749	-0.000992751	-0.000863775	-0.00156119
0.555969	-0.33096	0.184749	8.36738e-06	0.000398784	-0.000921053
0.555969	-0.330961	0.184753	-0.000164339	-0.00037022	0.000384632
0.555964	-0.330964	0.184745	-0.00182317	-0.00105062	-0.00224388
0.555967	-0.330963	0.184751	8.22459e-05	-0.000363988	0.000488067
0.555967	-0.330964	0.184752	-0.000275721	-0.000711073	0.000231126
0.555967	-0.330962	0.18475	-6.53856e-05	0.000245458	-0.000159185
0.555965	-0.330965	0.184747	-0.000799153	-0.000685739	-0.000827513
0.555961	-0.330963	0.184741	-0.00151796	-0.000363365	-0.00242761
0.555962	-0.330966	0.184743	-0.00103313	-0.000977708	-0.00123299
0.555963	-0.330966	0.184745	-0.000594187	-0.000789891	-0.000161055
0.555962	-0.330966	0.184745	-0.00042178	-0.000472996	-0.000205061
0.555963	-0.330963	0.184745	0.000145896	0.000799108	0.000141376
0.555961	-0.330969	0.184741	-0.000438746	-0.0012507	-0.00122822
0.555958	-0.330968	0.184739	-0.00124733	-0.000754582	-0.00138403
0.55596	-0.330964	0.184738	-0.000138313	0.000370243	-0.0011253
0.555959	-0.330968	0.184738	-0.000301593	-0.000283277	-0.000678266
0.555958	-0.330969	0.184743	-0.000480593	-0.000715103	0.000855321
0.555957	-0.330966	0.184735	-0.00083084	0.000699392	-0.00184386
0.555956	-0.330969	0.184737	-0.000909826	-0.000738724	-0.000940642
0.555959	-0.330965	0.18474	0.000482581	0.000833875	0.000599653
0.555957	-0.33097	0.184739	-0.000450136	-0.00111644	0.000172054
0.555957	-0.33097	0.184739	-0.000292248	-0.000696845	4.20639e-05
0.555957	-0.330969	0.184736	0.000166826	6.31308e-05	-0.000860391
0.555957	-0.330966	0.184736	6.63525e-05	0.000798408	-0.000514737
0.555959	-0.330967	0.18474	0.000616147	1.3849e-05	0.000941692
0.555956	-0.33097	0.184739	-0.000598734	-0.000640869	0.000422943
0.55596	-0.330964	0.184739	0.000692132	0.000903965	0.000223485
0.555955	-0.330969	0.184739	-0.000739588	-0.000568109	0.000388255
0.555957	-0.33097	0.184737	9.17568e-05	-0.000172644	-0.000988386
0.555959	-0.33097	0.184745	0.000649324	0.000106351	0.00201734
0.555958	-0.330969	0.18474	-0.000146513	-0.000173906	-0.000395612
0.55596	-0.330968	0.184741	0.000950461	0.000453348	0.000482311
0.555958	-0.330968	0.184739	-0.000140358	0.000256829	-0.000449781
0.55596	-0.33097	0.184746	0.000440753	-0.000273698	0.00173204
0.55596	-0.330968	0.184746	0.00061704	0.000240289	0.00132136
0.555962	-0.330965	0.184743	0.00085531	0.00137079	-0.000271077
0.555961	-0.330965	0.184745	0.000175538	0.000394105	0.000682445
0.555959	-0.330965	0.184743	-0.000135457	0.000476113	9.45968e-05
0.55596	-0.330966	0.184739	-6.57085e-05	-0.000382942	-0.00137571
0.555963	-0.330965	0.184746	0.000719302	0.000578196	0.00114855
0.555964	-0.330963	0.184745	0.000945177	0.00143	0.000296321
0.555962	-0.330966	0.184743	1.02019e-05	-5.68302e-06	-0.00031838
0.555964	-0.330965	0.184748	0.000583346	0.00029593	0.00139698
0.555964	-0.330965	0.184744	0.000226906	-0.000469358	-0.000101535
0.555964	-0.330965	0.184746	0.000616743	5.51431e-05	0.000640355
0.555966	-0.330964	0.18475	0.000588738	-4.56462e-05	0.00137842
0.555963	-0.330966	0.184744	-0.00044026	-0.000116094	-0.00105344
0.555965	-0.330961	0.184748	0.000492114	0.00154758	0.000849266
0.555966	-0.330959	0.184746	0.000415217	0.000983106	-0.000168714
0.555969	-0.330958	0.184749	0.00105178	0.00070442	0.000658419
0.555972	-0.330959	0.184756	0.00176269	0.000990881	0.00294075
0.555969	-0.330959	0.18475	0.000324744	0.000779245	-0.000325336
0.555967	-0.330959	0.184749	-0.000241209	0.000124496	1.12588e-05
0.555966	-0.330964	0.184752	-0.000367888	-0.00136148	0.000656314
0.55597	-0.330958	0.184752	0.00103632	0.00100346	0.000647104
0.55597	-0.330957	0.184756	0.000759409	0.00130028	0.00152293
0.555971	-0.33096	0.184756	0.000259251	-0.0010516	0.00127711
0.555969	-0.330957	0.184751	-0.000147517	0.000941747	-0.000706973
0.555973	-0.330953	0.184751	0.00121311	0.00186859	-0.000782596
0.55597	-0.330958	0.184755	-0.000348446	-0.000693438	0.000648579
0.555969	-0.33096	0.184753	-0.000148392	-0.000668853	0.00024695
0.555971	-0.330951	0.184751	0.00041485	0.00211482	-0.000652539
0.555971	-0.330955	0.184753	0.000146505	4.15176e-05	0.000116688
0.555973	-0.330959	0.184758	0.00061862	-0.00122072	0.00172583
0.555972	-0.330958	0.184755	5.90143e-05	-0.000504437	0.000201216
0.555971	-0.330955	0.184754	-2.58114e-05	0.000512106	2.37493e-05
0.555974	-0.330951	0.184754	0.000822048	0.00188781	-0.000403222
0.555972	-0.330956	0.184751	-0.000676014	-0.000695983	-0.00134877
0.555972	-0.330955	0.184756	-0.000546022	-0.000399749	0.000733285
0.555974	-0.330951	0.184752	0.00051969	0.00125027	-0.000749431
0.555972	-0.330955	0.184751	-0.000111359	-0.000279071	-0.00079954
0.555971	-0.330959	0.184756	-0.00033805	-0.00135668	0.00109492
0.555973	-0.330955	0.184755	0.000250108	0.000128797	0.000206404
0.555972	-0.330955	0.184753	-8.5742e-05	0.000299232	-0.00022277
0.555973	-0.330957	0.184756	0.00041067	-0.000267445	0.000622389
0.555972	-0.330958	0.184754	-5.95002e-05	-0.000642445	0.00031745
0.555969	-0.330958	0.184754	-0.000938073	-0.000404577	-0.000234081
0.55597	-0.330957	0.184751	-0.000544212	-0.000307982	-0.000947232
0.555973	-0.330954	0.184753	0.000469456	0.000615771	-0.000295732
0.555973	-0.330958	0.184755	4.40011e-05	-0.00105988	0.000889297
0.55597	-0.330959	0.184751	-0.000693751	-0.000786609	-0.000991703
0.555969	-0.330959	0.184753	-0.00058129	-0.000528134	0.000180416
0.555968	-0.330959	0.18475	-0.00154378	-2.1895e-05	-0.00505077
0.555968	-0.330959	0.184749	-0.00116011	-9.42496e-05	-0.00358067
0.555969	-0.330955	0.18475	-0.000321628	0.00112685	-0.00238361
0.555968	-0.33096	0.184753	-0.000500178	-0.000464488	-0.000911857
0.555969	-0.330958	0.184751	-0.000378331	0.000431177	-0.00158313
0.555966	-0.330961	0.184749	-0.000967838	-0.000445365	-0.00198302
0.555967	-0.33096	0.184748	-0.000235311	1.52421e-05	-0.00144672
0.555967	-0.33096	0.184748	-0.000137719	1.20899e-05	-0.00100049
0.555965	-0.330963	0.184746	-0.000580664	-0.00105009	-0.00110503
0.555965	-0.330964	0.184746	-0.000643039	-0.00126451	-0.000650281
0.555965	-0.330963	0.184748	-0.000379528	-0.000226554	-0.000230433
0.555967	-0.330963	0.18475	6.6389e-05	-0.000329247	0.000163359
0.555964	-0.330963	0.184743	-0.000966242	-7.42118e-05	-0.00187539
0.555964	-0.330964	0.184745	-0.000348472	-0.000299965	-0.000431084
0.555964	-0.33096	0.184742	-0.000205508	0.00126204	-0.00143543
0.555964	-0.330964	0.184747	-0.000336338	-0.000625557	0.000621746
0.555964	-0.330964	0.184745	4.93872e-05	0.000220688	-0.000202859
0.555961	-0.330967	0.184745	-0.000911503	-0.00134907	-0.000233222
0.555962	-0.330965	0.184741	-0.000512137	-0.000243849	-0.00126257
0.555962	-0.330967	0.184745	-0.000130069	-0.000299678	0.000260834
0.555963	-0.330965	0.184746	7.08856e-05	-0.000349257	0.000880759
0.55596	-0.330965	0.184741	-0.00155756	0.000423237	-0.00188795
0.555963	-0.330966	0.184746	-0.000432177	-0.000285689	0.00012792
0.55596	-0.330971	0.184745	-0.00126125	-0.00164226	-0.000107374
0.555958	-0.330972	0.184741	-0.00167505	-0.0011525	-0.00174019
0.555962	-0.330971	0.184747	0.000225589	-0.00040043	0.00083022
0.55596	-0.33097	0.184742	-0.000394894	0.000153286	-0.00105244
0.555958	-0.330974	0.184745	-0.000964629	-0.00158832	0.000410073
0.555962	-0.330969	0.184749	0.000687353	0.000757783	0.00147688
0.555958	-0.330971	0.184742	-0.000967544	0.000172009	-0.00145173
0.55596	-0.330967	0.184742	0.00025251	0.000968889	-0.000660669
0.555959	-0.330972	0.184743	-0.000500702	-0.00107202	-0.000156935
0.55596	-0.33097	0.184744	5.49598e-05	0.000406794	0.000144753
0.55596	-0.330971	0.18475	8.66545e-05	-0.000516533	0.00184691
0.555955	-0.330972	0.184741	-0.0013534	-0.000638871	-0.0012702
0.555959	-0.330971	0.184744	0.000200254	8.82689e-05	1.72299e-05
0.555961	-0.330969	0.184747	0.00110164	0.000788804	0.000958781
0.555958	-0.330973	0.184743	-0.000713053	-0.00121869	-0.000779935
0.555962	-0.33097	0.184746	0.00081204	0.000290195	0.000670155
0.555958	-0.330974	0.184746	-0.000543232	-0.00109197	0.000432346
0.555958	-0.330973	0.184743	-0.000504182	-0.000558235	-0.00084142
0.555959	-0.330972	0.184746	-9.07158e-05	8.82397e-05	0.000399413
0.555958	-0.330972	0.184741	-0.00038942	0.000385487	-0.00159396
0.555958	-0.330969	0.184744	0.000150374	0.0014017	5.33557e-05
0.55596	-0.330971	0.184747	0.000848708	0.000243325	0.00118964
0.555961	-0.330969	0.184747	0.000929251	0.00062271	0.000912528
0.555962	-0.330972	0.184752	0.000614169	-0.000326738	0.00224302
0.555961	-0.330969	0.184746	0.000135995	0.000789264	-0.000597274
0.55596	-0.330968	0.184745	-0.000225634	0.000749375	-0.000805688
0.555963	-0.330971	0.18475	0.000731704	-0.000231655	0.0010989
0.555963	-0.330968	0.184747	0.000450722	0.000658068	-0.000157463
0.555961	-0.330972	0.184749	-0.000277277	-0.00140747	0.000785267
0.555962	-0.33097	0.184749	0.00042943	9.35796e-05	0.0005235
0.555962	-0.33097	0.184749	0.000285783	6.05936e-05	0.000349209
0.555967	-0.330964	0.184754	0.00187306	0.00221443	0.00169122
0.555963	-0.330968	0.184751	-0.00030979	-5.11069e-05	-0.00012828
0.555962	-0.33097	0.184749	-0.000559669	-0.000514856	-0.000554303
0.555965	-0.330968	0.184752	0.00053229	0.000394466	0.000532034
0.555965	-0.330968	0.184752	0.000151836	-0.000225063	0.00035464
0.555967	-0.330966	0.184756	0.000849192	0.000664762	0.00143835
0.555966	-0.330967	0.184752	0.000472025	0.000467547	-0.000398925
0.555967	-0.330967	0.184755	0.000558859	0.000164579	0.000863945
0.555969	-0.33096	0.184752	0.00198895	0.00162601	0.000582351
0.555963	-0.33097	0.18475	-0.000572247	-0.00169459	-0.00049004
0.555965	-0.330968	0.184756	0.000472618	-0.000358035	0.00188442
0.555965	-0.330968	0.184752	0.0003399	-0.000189128	-9.05243e-05
0.555966	-0.330965	0.184753	0.000689904	0.000981716	0.000244822
0.555966	-0.330971	0.184759	0.000311061	-0.00147152	0.0020314
0.555966	-0.330965	0.184753	0.000430661	0.00103538	-0.000366272
0.555968	-0.330962	0.184753	0.000798237	0.000999843	8.05174e-05
0.555966	-0.330964	0.18475	6.85576e-05	0.000420837	-0.00117934
0.555967	-0.330961	0.18475	7.30566e-05	0.000920819	-0.00107562
0.555966	-0.330964	0.184751	-7.70456e-05	0.000132005	-0.000238437
0.555967	-0.330963	0.18475	7.47548e-05	-2.65765e-05	-0.00040598
0.555966	-0.330964	0.18475	5.24775e-05	-2.19722e-05	-0.000267504
0.555964	-0.330963	0.184749	-0.000371216	0.000278902	-0.000236757
0.555969	-0.330959	0.18475	0.00097333	0.00134187	-0.000394298
0.555966	-0.330961	0.184749	-0.000144145	0.000139134	-0.000276935
0.555967	-0.33096	0.184748	-0.000152682	0.000171376	-0.000688599
0.555966	-0.330965	0.184752	-0.000507858	-0.00100568	0.000515364
0.555967	-0.330961	0.18475	0.000341342	6.23371e-05	0.0003009
0.555964	-0.330962	0.184748	-0.000403422	-5.98254e-06	-4.40481e-05
0.555966	-0.33096	0.184746	7.43183e-05	0.00107286	-0.00103492
0.555965	-0.330961	0.184745	-0.00028836	0.000378391	-0.00131842
0.555969	-0.330963	0.184752	0.00102046	-0.000189665	0.00145858
0.555967	-0.330963	0.184753	0.000332505	-0.000566434	0.00171653
0.555966	-0.33096	0.184744	-0.00055548	0.000394874	-0.00221242
0.555966	-0.330962	0.184748	-0.000151909	-0.000622272	3.80797e-05
0.555966	-0.330958	0.184741	-0.000352313	0.000591741	-0.00210049
0.555969	-0.330955	0.184744	0.000745244	0.00171677	-0.000674802
0.555966	-0.330961	0.184748	-0.000344088	-0.000365133	0.000831291
0.555966	-0.330959	0.184743	7.08436e-07	0.000331529	-0.000816954
0.555967	-0.330961	0.184747	-9.59549e-05	-0.000435917	0.000560215
0.555969	-0.33096	0.184748	0.000664282	-0.000260914	0.000690872
0.555968	-0.330957	0.184743	-0.000293739	0.000450294	-0.00146033
0.555965	-0.330962	0.184747	-0.000461095	-0.000875834	0.000655043
0.555965	-0.330961	0.184742	-0.000646639	-0.000300468	-0.00135391
0.555966	-0.330959	0.184745	0.000379672	0.000601072	0.000346857
0.555966	-0.330958	0.184743	-0.000975535	0.000709349	-0.00399854
0.555967	-0.330957	0.18474	-0.000200837	0.000886431	-0.00403249
0.555966	-0.330959	0.184739	7.7316e-06	0.000793616	-0.00204079
0.555967	-0.330961	0.184746	9.19037e-05	-0.000241545	0.000801279
0.555965	-0.330961	0.184741	-0.000272526	-0.000565134	-0.000994448
0.555964	-0.330962	0.184741	-0.000682824	-0.000756595	-0.000517247
0.555963	-0.330963	0.184739	0.00124	0.00237214	-0.000525189
0.555963	-0.330961	0.184742	0.00126064	0.00305372	0.000234337
0.555967	-0.330962	0.184748	0.00202144	0.00218322	0.00201402
0.555963	-0.330962	0.184741	0.000536371	0.00154978	-0.00073111
0.555965	-0.330959	0.184741	0.00101213	0.00218565	-0.000505591
0.555965	-0.330959	0.184741	0.000504232	0.00109164	-0.000295907
0.555966	-0.330959	0.184743	0.000486203	0.000750749	0.00032051
0.555967	-0.330963	0.184746	0.000700288	-0.000633396	0.00129637
0.555961	-0.330962	0.184737	-0.00152531	-0.000768679	-0.00189876
0.555965	-0.330958	0.18474	0.000461785	0.00106107	-8.16242e-05
0.555966	-0.330957	0.184744	0.000894665	0.00104771	0.00117062
0.555963	-0.330962	0.184741	-0.000544905	-0.000543057	-0.000508795
0.555963	-0.330963	0.184743	-0.000297809	-0.000250129	0.000402917
0.555966	-0.330957	0.184742	0.000549965	0.00140874	-0.000222843
0.555965	-0.330959	0.18474	9.65116e-05	-0.000295129	-0.000651216
0.555966	-0.330961	0.184747	0.000434746	-0.000598797	0.0019672
0.555965	-0.330961	0.184743	0.000122318	-0.000214672	0.000159341
0.555965	-0.33096	0.184744	-3.06452e-05	1.92559e-05	0.000284505
0.555964	-0.330962	0.184745	-6.69215e-05	-0.000670353	0.000477884
0.555966	-0.330956	0.18474	0.000125966	0.00163377	-0.00145722
0.555967	-0.33096	0.184749	0.000357644	-8.24511e-05	0.00172384
0.555966	-0.330959	0.184745	0.000121601	0.000246793	-8.06348e-05
0.555969	-0.330957	0.184749	0.00113311	0.00075739	0.00149786
0.555967	-0.330961	0.184749	-0.000157428	-0.000993394	0.000925759
0.555966	-0.330963	0.184748	-0.000551879	-0.00178188	0.000375899
0.555965	-0.33096	0.184745	-0.000435855	0.000292716	-0.00096222
0.555966	-0.330963	0.184748	9.27487e-05	-0.000119479	0.000330117
0.555969	-0.330958	0.18475	0.000950948	0.00140372	0.00109017
0.555967	-0.330963	0.184753	0.000332479	-0.000994259	0.00187704
0.555967	-0.33096	0.184748	3.26812e-05	0.000215491	-0.000239124
0.555963	-0.330965	0.184744	-0.00130445	-0.000974066	-0.00168552
0.555966	-0.330964	0.184749	0.000109012	-0.00068752	0.00061821
0.555965	-0.330968	0.184753	-0.000298331	-0.00164065	0.00154245
0.555967	-0.330961	0.184752	0.000757553	0.00105517	0.000884122
0.555966	-0.330962	0.184749	-4.23061e-05	0.000283083	-0.000522858
0.555966	-0.330964	0.184752	-0.000373743	-0.000157599	0.000305858
0.555967	-0.330967	0.184756	8.30744e-05	-0.00114989	0.00153867
0.555969	-0.330962	0.184754	0.000835039	0.000837756	0.000484186
0.555967	-0.330965	0.184757	0.00014623	-0.000658223	0.00149983
0.555965	-0.330965	0.184749	-0.000464874	0.000130082	-0.00164263
0.555968	-0.330962	0.184756	0.000678509	0.000755087	0.00123394
0.555968	-0.330962	0.184755	0.00057215	0.000384317	0.00057265
0.555967	-0.330963	0.184753	-0.000314014	5.06608e-05	-0.000591992
0.555963	-0.330966	0.184748	-0.00133554	-0.00114317	-0.00188339
0.555966	-0.330964	0.184753	0.00102532	-0.000296905	0.00105161
0.555964	-0.330967	0.184753	-4.50866e-06	-0.0009876	0.000754663
0.55597	-0.330963	0.18476	0.00194036	0.000555748	0.00273117
0.555965	-0.330965	0.184753	-0.000270638	-0.000387912	-0.000275497
0.555966	-0.330964	0.184754	0.000426642	0.000684368	-3.43964e-05
0.555967	-0.330965	0.184756	0.000615235	-0.000424363	0.000643792
0.555967	-0.330963	0.184753	0.000306817	0.000460759	-0.000407576
0.555965	-0.330966	0.184756	-0.00027056	-0.000757364	0.00111982
0.555966	-0.330968	0.184756	0.000131748	-0.000750716	0.000299056
0.555965	-0.330966	0.184755	-0.000117821	-0.000371034	0.000386822
0.555964	-0.330969	0.184759	-0.000134645	-0.000910063	0.00139242
0.555965	-0.330969	0.184756	-0.000389392	-0.00111693	-0.000353549
0.555966	-0.330967	0.184754	-0.00184104	-0.00277325	-0.00143212
0.555968	-0.330964	0.184757	-0.000572593	-0.000719223	3.24324e-05
0.555966	-0.330966	0.184755	-0.00121274	-0.00147705	-0.000758502
0.555965	-0.330968	0.184756	-0.00109342	-0.00244444	0.000396926
0.555964	-0.330967	0.184753	-0.00128515	-0.00133721	-0.00131168
0.555964	-0.330967	0.184755	-0.00105931	-0.000851717	-0.000659044
0.555964	-0.330968	0.184752	-0.000723649	-0.00140009	-0.000881961
0.555966	-0.330965	0.184754	-1.6658e-05	4.73371e-05	0.000246628
0.555963	-0.330969	0.184756	-0.000727686	-0.000881097	0.00036228
0.555963	-0.33097	0.184754	-0.00041466	-0.000723825	-3.78083e-05
0.555962	-0.330968	0.184747	-0.000749471	-2.61869e-05	-0.00208212
0.555963	-0.330966	0.184753	4.84745e-05	0.000867266	8.67298e-05
0.555964	-0.330967	0.184751	0.000434479	0.000386215	-0.000471087
0.555964	-0.330969	0.184754	9.16073e-05	-0.000388386	0.000716965
0.555962	-0.330969	0.184747	-0.000646599	-0.000417451	-0.00181859
0.555966	-0.330962	0.18475	0.000756438	0.00172819	-0.000286247
0.555965	-0.330965	0.184752	0.000351836	0.000479581	0.000517318
0.555963	-0.330968	0.184748	-0.000711538	-0.00104635	-0.00121824
0.555963	-0.330966	0.184744	-0.000141732	0.000442582	-0.00189259
0.555965	-0.330964	0.184749	0.000479709	0.000588135	0.000347912
0.555962	-0.330967	0.184747	-0.000548491	-0.000402405	-0.000514123
0.555964	-0.330966	0.184752	7.0013e-05	-3.41636e-05	0.00131616
0.555967	-0.33096	0.184748	0.000831767	0.00176156	-0.00070948
0.555964	-0.330963	0.184745	-0.000217973	0.000291432	-0.00118129
0.555964	-0.330964	0.184746	0.00010645	-2.12392e-05	-0.000426989
0.555965	-0.330965	0.184749	-3.62712e-05	-0.000663653	0.000761478
0.555963	-0.330966	0.184745	-0.000776162	-0.000564474	-0.000971559
0.555968	-0.330959	0.184745	0.00111713	0.00189994	-0.000666049
0.555961	-0.330968	0.184746	-0.00112015	-0.00144971	-0.000522803
0.555964	-0.330963	0.184746	8.29901e-05	0.000414097	-0.000106656
0.555964	-0.33096	0.184743	-0.000174143	0.00123176	-0.00081774
0.555964	-0.330965	0.184746	6.6413e-05	-0.000816759	0.000489222
0.555965	-0.330962	0.184747	0.000500617	0.000562643	0.000626714
0.555965	-0.330963	0.184745	0.000345001	0.000253677	-0.00033366
0.555965	-0.330966	0.184745	0.000170283	-0.00111433	0.000289343
0.555965	-0.330961	0.184742	0.000382314	0.00124791	-0.000997664
0.555964	-0.33096	0.18474	-0.00113322	0.000696236	-0.0012869
0.555963	-0.330967	0.184746	-0.00151141	-0.00217278	0.000375409
0.555965	-0.33096	0.184741	-0.000332019	0.00103036	-0.00135915
0.555962	-0.330965	0.184741	-0.000505334	-3.13996e-05	-0.000810437
0.555965	-0.330959	0.184743	0.000370576	0.00161361	-0.000281974
0.555966	-0.330963	0.184749	0.000459673	3.27141e-05	0.00193707
0.555964	-0.33096	0.18474	-4.43441e-05	0.00115857	-0.00144763
0.555962	-0.330964	0.184741	-0.00064035	-0.00095737	-0.000637633
0.555963	-0.33096	0.18474	-0.000428856	0.000798622	-0.00115261
0.555968	-0.330959	0.184743	0.000391934	0.00148942	-0.00353784
0.555967	-0.33096	0.184748	-5.30587e-05	0.000468133	-0.00128384
0.555968	-0.330957	0.184743	0.000223275	0.0015613	-0.00277876
0.555968	-0.330957	0.184745	0.000183156	0.000985205	-0.00147489
0.555967	-0.33096	0.184744	-0.000411056	-0.000229952	-0.00121237
0.555965	-0.330958	0.184741	0.000381738	-1.81351e-05	-0.00109215
0.555966	-0.330958	0.184742	0.000697682	0.00036803	-0.000103648
0.555968	-0.330959	0.184743	0.0012584	0.000418667	7.47774e-05
0.555967	-0.330957	0.184744	0.000662737	0.000316091	0.000312301
0.555966	-0.330959	0.184746	0.000152955	-0.000187086	0.000953899
0.555966	-0.330956	0.18474	9.18813e-05	0.000671758	-0.00115894
0.555965	-0.330959	0.184744	-0.000639423	-0.00128568	0.000401039
0.555964	-0.330961	0.184743	-0.0003031	-0.000902991	-0.00050389
0.555968	-0.330954	0.184743	0.00112728	0.00201775	-6.75776e-05
0.555966	-0.330958	0.184743	9.26302e-05	-0.000320976	0.000224077
0.555968	-0.330955	0.184743	0.000481983	0.000878597	-2.51576e-06
0.555966	-0.330955	0.18474	-0.00036879	0.000384869	-0.000976814
0.55597	-0.330956	0.184747	0.00100117	-8.64014e-06	0.00151251
0.555967	-0.33096	0.184746	-0.00049982	-0.00123954	0.000557051
0.555966	-0.330959	0.184744	-0.000513873	-0.000580815	-1.42201e-05
0.555966	-0.330959	0.184745	-0.000372497	-0.000386937	-3.13765e-05
0.555968	-0.330959	0.18475	0.000595158	-0.000141291	0.00201166
0.555972	-0.330954	0.184749	0.00139153	0.00122956	0.000839363
0.555967	-0.330959	0.184749	-0.000397361	-0.000332727	0.000295211
0.555965	-0.330963	0.184746	-0.00108342	-0.00167278	-0.000698244
0.555969	-0.330956	0.184747	0.000434726	0.000825202	-0.000351377
0.555969	-0.330959	0.18475	0.000464947	-0.000267241	0.00117971
0.555968	-0.330961	0.18475	1.02392e-05	-0.000648852	0.000714066
0.555965	-0.330963	0.184744	-0.000872328	-0.00119905	-0.00120877
0.555971	-0.330959	0.184753	0.00128941	0.00064395	0.00192229
0.555969	-0.330958	0.184749	0.000253952	0.000952631	-2.82662e-05
0.555968	-0.330961	0.184749	-0.00108126	0.000257374	-0.00397757
0.555968	-0.330959	0.18475	-0.000438232	0.000614369	-0.0023643
0.555969	-0.330959	0.184747	-9.7107e-05	0.000277122	-0.00278355
0.555965	-0.330963	0.184749	-0.00131354	-0.000988329	-0.00178687
0.555966	-0.330964	0.18475	-0.000662093	-0.000943379	-0.000823373
0.555968	-0.330958	0.184748	-4.0864e-05	0.00136889	-0.00137364
0.555967	-0.33096	0.184749	-0.000125034	0.000200961	-0.000655019
0.555963	-0.330963	0.184743	-0.00141107	-0.000891377	-0.00216737
0.555969	-0.330959	0.184751	0.00103	0.000653723	0.00113358
0.555965	-0.330963	0.184752	-0.000533683	-0.000817518	0.00110674
0.555968	-0.330961	0.184749	0.000383696	0.000371537	-0.00076623
0.555968	-0.330963	0.184752	0.000172125	-0.000448898	0.000614285
0.555967	-0.330965	0.184752	-0.000551467	-0.00122965	0.00020403
0.555966	-0.330968	0.184755	-0.000473182	-0.00152046	0.00130293
0.555968	-0.330965	0.184755	0.000470909	-0.000151052	0.000727227
0.555965	-0.330961	0.184746	-0.000755066	0.00090539	-0.00247595
0.555965	-0.330969	0.184753	-0.000144987	-0.00129471	0.000639032
0.555964	-0.330967	0.184749	-0.000474033	-0.000505706	-0.000620828
0.555964	-0.330963	0.184749	-0.000418718	0.00047145	-0.000476573
0.555967	-0.330962	0.184751	0.000302582	0.000566045	0.000135507
0.555964	-0.330967	0.18475	-0.000507362	-0.000516231	-0.000571983
0.555968	-0.330968	0.184758	0.0010299	-0.000752583	0.00246522
0.555963	-0.330966	0.184748	-0.000934345	0.000120377	-0.00156523
0.555963	-0.330968	0.184749	-0.000707931	-0.000645307	-0.000705749
0.555963	-0.330968	0.184752	-0.000301211	-0.000607039	0.000680835
0.555962	-0.330968	0.184746	0.00178356	0.00301005	-0.00101036
0.555963	-0.330967	0.184749	0.0012657	0.00227781	0.000174995
0.555962	-0.330971	0.184751	0.000692363	0.000475395	0.000927091
0.555962	-0.330972	0.18475	0.00047698	0.000470913	0.000221641
0.555962	-0.330971	0.184751	0.000553348	0.00110679	0.000321238
0.555963	-0.330968	0.184749	0.00099249	0.00189391	-0.000242074
0.55596	-0.330971	0.184746	-0.00021711	-0.000205253	-0.00102877
0.555961	-0.330968	0.184749	0.000314102	0.00105428	0.000401678
0.555961	-0.330967	0.184744	0.000931665	0.000824396	-0.000689391
0.555961	-0.330971	0.18475	0.00066336	-0.000911803	0.00160366
0.555962	-0.330971	0.184749	0.000677019	-0.000674899	0.000819549
0.555962	-0.330967	0.184747	0.00107305	0.00131491	-0.00016126
0.555963	-0.330968	0.184752	0.00108396	0.000607917	0.00165015
0.555957	-0.330972	0.184743	-0.00106937	-0.000955622	-0.00172554
0.55596	-0.330968	0.184743	0.00037395	0.000626759	-0.00070143
0.555963	-0.33097	0.184751	0.000878362	-7.4941e-05	0.0016591
0.555961	-0.330969	0.184746	-0.000434839	4.85542e-05	-0.000746685
0.555962	-0.330969	0.184747	4.29893e-05	-0.000147615	-0.000155496
0.555962	-0.330967	0.184747	-7.51134e-05	0.000723475	-0.000218087
0.555962	-0.330967	0.184746	6.42493e-05	0.000385785	-0.000293932
0.555963	-0.330964	0.184747	0.000447645	0.000696322	0.000335866
0.555962	-0.330966	0.184744	0.000109746	0.000646393	-0.000892879
0.555963	-0.330966	0.184746	0.000664925	0.000728029	-0.000210968
0.555961	-0.33097	0.184743	-0.000490763	-0.0010785	-0.00100351
0.555963	-0.330966	0.184747	-3.38233e-05	0.0013432	-0.00310593
0.555962	-0.330965	0.184747	-0.000174615	0.00106858	-0.0021799
0.555961	-0.330967	0.184742	-0.000633771	0.000428834	-0.00372642
0.555962	-0.33097	0.184749	-0.000356793	-0.000518789	-0.000444237
0.55596	-0.330968	0.184744	-0.000690666	-2.60128e-05	-0.00174565
0.555963	-0.330968	0.184749	0.000218063	0.00017844	9.26188e-05
0.555961	-0.330969	0.184748	-0.000392413	-0.000172112	-0.000351483
0.555961	-0.330967	0.184743	-0.000347987	-4.45465e-05	-0.00166367
0.555962	-0.330966	0.184745	-0.000476705	0.000209425	-0.000649187
0.555962	-0.330967	0.184749	0.000428957	0.000268272	0.0010136
0.555964	-0.330967	0.184747	0.000753911	0.000454179	-0.000212116
0.555962	-0.330965	0.184742	4.41741e-05	0.000707579	-0.00169759
0.555962	-0.330965	0.184744	-4.17296e-05	0.000594799	-0.000498085
0.555963	-0.330962	0.184742	0.000503001	0.00143019	-0.000761619
0.555963	-0.330967	0.184749	4.9131e-05	-0.00103101	0.00189868
0.555964	-0.330965	0.184748	0.000465346	0.000383359	0.000383449
0.555966	-0.330964	0.184751	0.000572343	0.000109602	0.00134499
0.555965	-0.330965	0.184747	0.000304867	0.000135931	-0.000478182
0.555964	-0.330964	0.184746	-0.000206089	0.000385068	-0.000381687
0.555966	-0.330964	0.184749	0.000735358	0.000264903	0.000972282
0.555963	-0.330966	0.184746	-0.00049505	-0.000508247	-0.000340513
0.555968	-0.330962	0.184752	0.00109416	0.000766275	0.00136986
0.555967	-0.33096	0.184747	0.000553446	0.00132482	-0.000501112
0.555965	-0.330961	0.184745	-0.000321953	0.000680419	-0.00130603
0.555965	-0.330964	0.18475	-0.000470063	-0.000639807	0.000689687
0.555966	-0.330964	0.18475	-0.0002025	-0.000582531	0.000278146
0.555967	-0.330962	0.184751	0.000582377	0.000555632	0.000773162
0.555966	-0.330962	0.184751	0.000302761	0.000486476	0.000789911
0.555966	-0.330962	0.184747	5.80177e-05	0.000475724	-0.00140891
0.555968	-0.330958	0.184748	0.000251075	0.000783492	-0.000117024
0.555968	-0.33096	0.184748	0.000585717	0.000268009	2.66157e-05
0.555969	-0.330956	0.184748	0.000709716	0.00129341	-0.000206029
0.555969	-0.33096	0.184753	-0.000649134	-0.000413212	0.0010629
0.555967	-0.330958	0.184745	-0.00111952	0.00100373	-0.00229983
0.555969	-0.33096	0.184752	-0.000199733	0.000186601	0.000533207
0.555965	-0.330961	0.184747	-0.0014693	-0.000916258	-0.000886477
0.555969	-0.330955	0.184745	6.50057e-05	0.00143736	-0.00145432
0.555969	-0.33096	0.184752	-0.000106471	-0.000494673	0.000957706
0.555969	-0.330962	0.184753	0.000160268	-0.000542608	0.000984005
0.555967	-0.33096	0.184749	-0.000261866	-4.9706e-05	-0.000304728
0.555968	-0.330959	0.18475	-4.76267e-05	-3.38458e-05	0.000311997
0.555965	-0.330961	0.184749	-0.000820746	-0.000108672	-0.000497748
0.55597	-0.330959	0.184754	0.000818888	0.000145094	0.00135108
0.555969	-0.330958	0.184748	0.000148074	0.000484252	-0.000592991
0.555969	-0.33096	0.184754	0.000668693	-0.000995293	0.00469376
0.555968	-0.330959	0.184751	-4.46595e-05	-0.000871299	0.00293288
0.555969	-0.330955	0.184746	0.000729037	0.000851563	0.000545336
0.555969	-0.330957	0.184748	0.000123737	-0.000377414	0.000900546
0.555971	-0.330952	0.184748	0.000727688	0.00129658	0.000970167
0.555966	-0.330959	0.184747	-0.000657489	-0.00113592	0.000710069
0.555968	-0.330959	0.184752	0.000148245	-0.000451347	0.00177485
0.555967	-0.33096	0.184748	-0.000206072	-0.000797393	0.000304549
0.555968	-0.33096	0.184753	-4.66835e-05	-0.000605919	0.00167354
0.555968	-0.330961	0.184749	0.000351776	4.28449e-07	-0.000376187
0.55597	-0.330958	0.184751	0.000712194	0.000385046	0.000794703
0.55597	-0.330959	0.184753	0.000339922	0.000184383	0.00103292
0.555968	-0.330961	0.184751	-0.000356261	-0.000793105	-0.000298876
0.555967	-0.330958	0.184749	-0.000278972	0.000957414	-0.000592193
0.555967	-0.330963	0.184754	-0.000607056	-0.00117764	0.00101357
0.555965	-0.330961	0.184746	-0.00105221	-0.000206789	-0.00197476
0.555967	-0.33096	0.184749	8.03785e-05	-2.39519e-05	0.000189491
0.555967	-0.33096	0.184749	0.000167565	-0.000177622	-4.84203e-05
0.555966	-0.330964	0.184751	-0.000322841	-0.00116545	0.000461408
0.555968	-0.330963	0.184754	0.000383332	-0.000555487	0.00121101
0.555967	-0.330961	0.18475	-0.000499723	0.000161256	-0.00096994
0.555967	-0.330962	0.184754	6.25199e-06	-0.000176063	0.00114501
0.555965	-0.330961	0.184748	-3.06949e-05	0.00058644	-0.000936679
0.555967	-0.33096	0.18475	0.000117939	0.000387723	-0.000100122
0.555966	-0.330964	0.184751	3.08975e-05	-0.000427041	0.000221855
0.555966	-0.330963	0.184749	-8.81189e-05	-0.000236187	-0.000368089
0.555967	-0.330958	0.184749	0.000404999	0.000995351	-1.69996e-05
0.555966	-0.330964	0.184753	-0.000290631	-0.00114803	0.000865759
0.555969	-0.330962	0.184754	0.00053076	0.000107856	0.000396312
0.555966	-0.330964	0.18475	-0.00063724	-0.000603095	-0.000779271
0.555965	-0.330963	0.184746	-0.000225614	0.000226751	-0.00149561
0.555966	-0.330962	0.184751	-0.000286197	0.0002283	0.000554542
0.555962	-0.330964	0.184746	-0.00104193	-0.000630319	-0.00104003
0.555966	-0.330964	0.184751	0.000203528	-0.000519039	0.000761297
0.555966	-0.330959	0.184744	0.000228356	0.00111649	-0.00146217
0.555964	-0.330965	0.184746	-0.000259242	-0.00119327	-0.000325392
0.555966	-0.330962	0.18475	0.000475583	0.000130279	0.00120255
0.555965	-0.330965	0.184753	-7.19259e-05	-0.000995005	0.00176175
0.555963	-0.330965	0.184748	-0.00029765	-0.000442927	-0.000471365
0.555965	-0.330963	0.184747	-7.95788e-05	0.000322353	-0.00091637
0.55597	-0.330958	0.184752	0.00163357	0.00169675	0.00112468
0.555966	-0.330966	0.18475	-0.000338342	-0.00131172	-0.000216912
0.555963	-0.330966	0.184746	-0.00109223	-0.000901465	-0.000985686
0.555963	-0.330963	0.184744	-0.000782854	0.000174786	-0.00153355
0.555962	-0.330965	0.184745	-0.000693696	-0.000498238	-0.000408764
0.555966	-0.330964	0.18475	0.000740184	0.000140632	0.00105075
0.555964	-0.330967	0.184747	-0.000307222	-0.000717272	-0.000490063
0.555965	-0.330966	0.184749	0.000234483	-5.84304e-05	0.000283876
0.555962	-0.330965	0.184745	-0.00186632	0.000218354	-0.00202816
0.555965	-0.330962	0.184745	-0.000165169	0.00140267	-0.00139595
0.555966	-0.33096	0.184748	6.79438e-05	0.00128066	0.000458218
0.555964	-0.33096	0.18474	-0.000957643	0.00101323	-0.00247548
0.555964	-0.330964	0.184745	-0.000457433	-0.000208306	-0.000163695
0.555966	-0.330964	0.184747	0.000149333	-0.000514104	0.000497286
0.555968	-0.330961	0.18475	0.000910114	0.000467864	0.00152905
0.555963	-0.330964	0.184745	-0.00105856	-0.000626487	-0.000853041
0.555962	-0.330967	0.184747	-0.00109412	-0.00154032	0.000418783
0.555964	-0.330964	0.184748	0.000398186	0.000266621	0.000683604
0.555964	-0.330965	0.184749	0.000259309	0.000179866	0.000450831
0.555963	-0.330966	0.184743	-0.000261764	-0.000299633	-0.00154315
0.555963	-0.330964	0.184743	0.00167349	0.00321362	-0.000427837
0.555964	-0.330962	0.184743	0.00164841	0.00287437	-0.000126628
0.555965	-0.330963	0.184747	0.000785658	0.00117495	0.000261303
0.555965	-0.330962	0.184747	0.000886109	0.00126678	0.000350601
0.555966	-0.330961	0.184746	0.000762233	0.00151075	-0.000394899
0.555962	-0.330963	0.184742	-0.000436585	0.00032224	-0.00120753
0.555965	-0.330957	0.184742	0.000396235	0.00200845	-0.00116211
0.555968	-0.33096	0.184747	0.00112992	0.000518965	0.000989146
0.555968	-0.330962	0.184751	0.00086819	-0.000537854	0.00211518
0.555965	-0.33096	0.184743	-0.000695918	0.000177667	-0.00148864
0.555967	-0.330958	0.184743	0.000449758	0.00153777	-0.000832131
0.555964	-0.330963	0.184746	-0.000644545	-0.00109159	0.000511487
0.555966	-0.330959	0.184746	-0.000555785	0.000939264	-0.00363551
0.555965	-0.330963	0.184748	-0.000723986	-0.000577459	-0.00234272
0.555967	-0.330958	0.184747	0.000305267	0.00177268	-0.0020304
0.555971	-0.33096	0.184754	0.00292831	0.00308842	0.00120201
0.555968	-0.33096	0.18475	0.00148862	0.00231769	-0.00045365
0.55597	-0.33096	0.18475	0.00183445	0.00253037	-0.000407166
0.555967	-0.330961	0.184749	0.000316442	0.00125728	-0.000582435
0.55597	-0.330954	0.184746	0.00111436	0.00318844	-0.00118222
0.555968	-0.330963	0.184751	0.000452556	-0.000439646	0.000655445
0.555967	-0.33096	0.184749	-0.000419193	0.000421609	-0.000667795
0.55597	-0.330959	0.184751	0.000521554	0.000329316	0.000323506
0.555968	-0.330959	0.184748	-0.000247027	0.000130148	-0.000752284
0.555967	-0.330961	0.184746	-2.91026e-05	4.76152e-07	-0.00076164
0.555967	-0.330962	0.18475	0.000178711	-0.00024813	0.000690188
0.555968	-0.330962	0.184753	0.000367182	-0.000246351	0.00156717
0.55597	-0.330959	0.184753	0.00068987	0.00084293	0.000567085
0.555966	-0.330962	0.184749	-0.000766482	-0.000532337	-0.000711528
0.555968	-0.330959	0.184748	-0.000326476	0.000253978	-0.00103097
0.55597	-0.330957	0.18475	0.000518279	0.00102389	-4.7472e-05
0.55597	-0.330958	0.184751	0.000455109	0.000685477	0.000468951
0.555968	-0.330961	0.184749	-0.000320504	-0.000693153	-0.000406412
0.555969	-0.330959	0.184753	0.000235401	-1.2772e-05	0.0011466
0.55597	-0.330956	0.184747	0.000586205	0.00113259	-0.00112363
0.555967	-0.330964	0.184752	-0.000862305	-0.0019044	0.000700912
0.555965	-0.330961	0.184749	-0.000969218	-3.86852e-05	-0.000598847
0.555969	-0.330958	0.18475	0.000879783	0.00079349	0.000302859
0.55597	-0.330958	0.184749	0.000589338	0.000600082	-0.000258888
0.555968	-0.330963	0.184753	-0.000502466	-0.00104704	0.000988077
0.555966	-0.330959	0.184746	-0.000826531	0.000519085	-0.00176956
0.555966	-0.330962	0.184748	-0.000383819	-0.000594457	-0.000480889
0.555969	-0.33096	0.184749	0.000603745	0.000325468	0.000127022
0.555967	-0.330964	0.18475	-0.000405527	-0.00122681	0.000382309
0.555966	-0.330962	0.184749	-0.00050007	-0.000654479	-1.09703e-05
0.555965	-0.330965	0.184748	-0.00050347	-0.00103606	-0.00027074
0.555967	-0.330963	0.184751	0.000288796	9.45708e-05	0.00053238
0.555969	-0.330963	0.184754	0.000852689	0.000268198	0.00130442
0.555968	-0.330963	0.18475	1.55143e-05	9.76334e-05	-0.000169844
0.555966	-0.330962	0.18475	-0.000358653	0.000395269	-0.000220648
0.555966	-0.330962	0.184746	-0.000316612	0.000320884	-0.00151807
0.555967	-0.330965	0.184752	6.19382e-05	-0.000794576	0.00108069
0.555967	-0.330962	0.184751	5.56244e-05	0.000161972	0.000407227
0.555967	-0.330962	0.184748	-0.000115262	0.000324701	-0.00089427
0.555965	-0.330961	0.184745	-0.000471089	0.000486395	-0.00149814
0.555966	-0.330962	0.184748	-1.60661e-05	7.39729e-05	-0.000169402
0.555963	-0.330966	0.184746	-0.000994183	-0.00137014	-0.00074839
0.555967	-0.330965	0.184751	0.000405244	-0.00101501	0.00138776
0.555966	-0.330963	0.184748	0.000193245	9.9918e-05	8.20622e-05
0.555961	-0.330968	0.184747	-0.00149234	-0.00152174	-0.000352995
0.555965	-0.330965	0.18475	0.000181029	0.000200761	0.000716169
0.555965	-0.330965	0.184749	0.000105881	0.000168668	3.0308e-05
0.555966	-0.330963	0.184752	0.000565657	0.00113908	0.000861942
0.555964	-0.330963	0.184745	-0.000286725	0.000643152	-0.00176793
0.555964	-0.330969	0.18475	0.000180797	-0.00138583	0.000971403
0.555966	-0.330964	0.184751	0.000597391	0.000883195	0.000636638
0.555961	-0.330969	0.184748	-0.00144242	-0.00156233	-0.000718391
0.555965	-0.330963	0.184749	0.000498376	0.000675467	9.82639e-05
0.555965	-0.330963	0.184745	-0.000143154	0.000846551	-0.00143553
0.555966	-0.330968	0.184756	0.000301383	-0.00130352	0.00257531
0.555965	-0.330963	0.184748	-3.07164e-05	0.000894848	-0.00117961
0.555964	-0.330965	0.184746	-0.00225096	-0.00320901	-0.00160402
0.555964	-0.330964	0.184747	-0.00123554	-0.00203403	-0.000424596
0.555965	-0.330963	0.184746	-0.00114934	-0.00144341	-0.000975159
0.555962	-0.330967	0.184747	0.000247677	0.000584742	0.000545457
0.555963	-0.330964	0.184746	0.000784529	0.00165819	-0.000143077
0.555962	-0.330965	0.184744	0.000115119	0.000759717	-0.000641203
0.555964	-0.330966	0.184746	0.00098151	0.000711683	0.000259992
0.555962	-0.330966	0.184747	0.000115061	0.000318884	0.000529775
0.555964	-0.330966	0.184749	0.00036017	4.89459e-05	0.000720667
0.555964	-0.330969	0.184752	0.000286322	-0.000707419	0.00134081
0.555963	-0.330966	0.184744	-0.000118713	0.000551933	-0.00159093
0.555963	-0.330966	0.184747	0.000107777	0.000208789	9.72401e-05
0.555962	-0.330969	0.184748	-0.000104148	-0.000450229	0.000619083
0.555961	-0.330969	0.184746	-0.000146568	-0.000159939	-0.000187626
0.555964	-0.330967	0.184749	0.000569738	0.000766556	0.000528243
0.555961	-0.330969	0.184745	-0.000381454	-0.000259915	-0.000886776
0.555963	-0.330967	0.18475	0.000345993	4.07025e-05	0.00118783
0.555963	-0.330968	0.184751	0.000232458	2.89399e-05	0.00079266
0.555963	-0.330964	0.184747	7.23806e-05	0.000803796	-0.000369916
0.555962	-0.330967	0.184747	-0.000257107	2.3739e-05	-0.00024652
0.555962	-0.330965	0.184745	8.84694e-05	0.000698732	-0.000815915
0.555961	-0.330969	0.184743	-0.000814068	-0.00111298	-0.00136
0.555962	-0.330969	0.18475	0.000810704	-0.00124101	0.00538807
0.555963	-0.330964	0.184745	0.000917124	0.000423312	0.00221437
0.555965	-0.330961	0.184745	0.00125412	0.00118476	0.001868
0.555965	-0.330965	0.184751	0.000557398	-0.000491592	0.00306464
0.555964	-0.330964	0.184748	0.000300277	-0.000214778	0.00152149
0.555965	-0.330965	0.184748	0.000400615	-0.000343985	0.0010443
0.555966	-0.330962	0.184748	0.00112951	0.00118027	0.000888848
0.555962	-0.330963	0.184746	-0.00100133	0.000135345	-0.000376249
0.555964	-0.330967	0.184749	0.00011998	-0.000570528	0.000959674
0.555966	-0.330966	0.184751	0.00123547	0.000213985	0.00140434
0.555965	-0.330964	0.184749	0.000282654	0.000536448	0.000275697
0.555966	-0.330961	0.184748	0.0003219	0.00116145	-0.000263226
0.555963	-0.330968	0.184748	-0.000656278	-0.00158058	-9.58934e-05
0.555965	-0.330965	0.184749	0.000100091	1.97209e-06	0.000328012
0.555966	-0.330964	0.184751	0.000436189	0.00038644	0.000858747
0.555965	-0.330963	0.184747	0.000104592	0.000476582	-0.000614593
0.555965	-0.330963	0.18475	0.000497413	0.000528208	0.000825852
0.555963	-0.330967	0.184747	-0.00070275	-0.000847046	-0.000752883
0.555967	-0.330962	0.18475	0.000990631	0.00103513	0.000551578
0.555966	-0.330962	0.184748	-7.37638e-05	0.000731305	-0.000464331
0.555965	-0.330967	0.18475	-0.000122714	-0.00093641	0.000362476
0.555967	-0.330962	0.184749	0.000551587	0.00110204	-6.86379e-05
0.555965	-0.33097	0.184752	-0.000657588	-0.00223337	0.000603881
0.555967	-0.330963	0.184751	0.000524541	0.00070226	0.000186732
0.555966	-0.330966	0.184754	0.000246414	-0.000232653	0.00130178
0.555965	-0.330964	0.184748	-0.000146464	0.000759081	-0.00115933
0.555968	-0.330966	0.184756	0.000472486	-0.000577678	0.0015428
0.555966	-0.330962	0.184749	-0.000129388	0.000611048	-0.000732402
0.555969	-0.33096	0.18475	0.000584444	0.00138378	-0.000368662
0.555964	-0.330966	0.184748	-0.000844242	-0.000905213	-0.000574846
0.555966	-0.330962	0.184746	-0.000425906	4.05387e-05	-0.00140712
0.555966	-0.330965	0.184751	0.000232842	-0.000454299	0.00110742
0.555965	-0.330963	0.184748	7.26753e-05	0.000546581	-0.000620732
0.555966	-0.330959	0.184746	3.93089e-06	0.00101783	-0.000756942
0.555965	-0.330961	0.184745	-0.00010664	0.000725321	-0.00102071
0.55597	-0.330958	0.184749	0.00107356	0.000978601	0.000518181
0.555965	-0.330963	0.184748	-0.000519927	-0.000476572	0.000137232
0.555968	-0.330961	0.184752	0.000613717	0.000307395	0.00112818
0.555965	-0.33096	0.184747	-0.000767704	-0.000170828	-0.000694568
0.555966	-0.330964	0.184751	-0.000277509	-0.00114528	0.00079986
0.555966	-0.330961	0.184745	-9.26385e-05	0.000697884	-0.00143635
0.555967	-0.330961	0.18475	-0.000601232	0.000171599	-0.00339144
0.555967	-0.330962	0.184748	-0.000542448	0.000291595	-0.00318877
0.555966	-0.330959	0.184744	-0.00070199	0.00127431	-0.00368042
0.555968	-0.330961	0.18475	0.000219646	0.000218889	-0.000702687
0.555967	-0.330962	0.184751	-0.000136943	-0.00026549	-0.000725535
0.555966	-0.330964	0.184749	-0.000285571	-0.000252393	-0.00093193
0.555967	-0.330962	0.18475	0.000201701	0.000371402	-0.000256031
0.555967	-0.330961	0.184746	-6.83593e-05	0.000435466	-0.00134729
0.555965	-0.330965	0.184752	-0.000270466	-0.00109713	0.00135375
0.555966	-0.330964	0.184753	0.000121642	-0.000208658	0.000869649
0.555967	-0.33096	0.184749	0.000146156	0.000569802	-0.000646581
0.555966	-0.330964	0.184751	-0.000384134	-0.000745977	0.000163945
0.555967	-0.33096	0.184748	3.80291e-05	0.000880891	-0.000903293
0.555967	-0.330965	0.184753	0.000203872	-0.00116936	0.00101045
0.555966	-0.33096	0.184748	0.000181498	0.00132424	-0.00077017
0.555965	-0.330961	0.184745	-0.000330686	0.00072038	-0.00184661
0.555965	-0.330962	0.184745	-0.000546377	-0.000725943	-0.000924997
0.555968	-0.330961	0.184753	0.000595485	0.000223849	0.00169188
0.555967	-0.330958	0.18475	0.000301256	0.000801835	0.000384841
0.555967	-0.330962	0.184751	0.000505598	-0.000283649	0.000885492
0.555965	-0.330961	0.184746	-0.000666516	-9.37511e-05	-0.00125104
0.555966	-0.330957	0.184745	-0.000381836	0.000715145	-0.00126815
0.555969	-0.33096	0.184751	0.000549773	-0.00038485	0.00090218
0.555968	-0.330958	0.184748	0.000107182	0.00070462	-0.000168019
0.555963	-0.330963	0.184743	-0.00136248	-0.00111195	-0.00207538
0.555967	-0.33096	0.184746	0.000410364	0.000358387	-0.000171197
0.555969	-0.330958	0.184748	0.000711195	0.000591514	0.000956419
0.555966	-0.330963	0.18475	-0.000338919	-0.00120338	0.00115391
0.555967	-0.330962	0.184749	-5.31622e-05	-0.000183793	0.000155085
0.555966	-0.330959	0.184743	-0.000111108	0.000771059	-0.00132798
0.555966	-0.330961	0.184746	1.26021e-05	-0.000273378	1.67556e-05
0.555967	-0.33096	0.184746	0.000452419	0.000125171	-7.26492e-05
0.555966	-0.330964	0.18475	-0.000318644	-0.000901857	0.00110591
0.555968	-0.330956	0.184744	0.000630841	0.00163089	-0.00130107
0.555967	-0.330962	0.184751	-0.00012976	-0.000718291	0.00131551
0.555967	-0.330963	0.184749	-2.76508e-05	-0.000516585	0.000119166
0.555965	-0.33096	0.184743	-0.000806187	0.000425834	-0.00161573
0.555967	-0.330959	0.184747	0.000327103	0.000982107	-0.000128236
0.555964	-0.330962	0.184746	-0.000326072	-0.000344881	-0.000110383
0.555963	-0.330966	0.184746	-0.000603088	-0.00142943	0.000192741
0.555966	-0.330962	0.184747	0.000235639	3.14168e-05	0.00022274
0.555965	-0.330961	0.184745	-0.000227081	0.000332213	-0.000822667
0.555964	-0.330963	0.184745	-0.000239541	-0.000501692	-0.000213132
0.555964	-0.330962	0.184742	-0.000285023	-0.000194499	-0.000824861
0.555966	-0.330959	0.184746	0.000355773	0.000750084	0.000497982
0.555966	-0.330962	0.184747	0.000547899	-0.000279031	0.000891096
0.555967	-0.33096	0.184746	0.000248367	0.000605264	-0.000330164
0.555967	-0.33096	0.184747	-6.63864e-06	-0.000212801	0.00039368
0.555965	-0.330959	0.184744	-5.11961e-05	0.000681673	-0.000686652
0.555966	-0.330959	0.184743	0.000138863	0.000282383	-0.000591228
0.555965	-0.330963	0.184746	-0.000442706	-0.000886738	9.98941e-05
0.555964	-0.330962	0.184743	-0.000634839	-0.000194045	-0.00102713
0.555964	-0.330964	0.184747	-0.000425525	-0.000993432	0.00105331
0.555968	-0.330958	0.184747	0.0010907	0.00117918	0.000677849
0.555964	-0.330962	0.184745	-5.40446e-05	-0.000147995	-0.000183178
0.555968	-0.330961	0.184753	0.00072406	-1.96649e-06	0.00229304
0.555965	-0.330961	0.184745	-0.000530987	0.000111318	-0.00124634
0.555966	-0.330962	0.184748	-1.08597e-07	-0.000233466	0.000118224
0.555963	-0.330965	0.184746	-0.000827292	-0.000939389	-0.000328343
0.555966	-0.33096	0.184744	0.000656455	0.000588847	-0.000530412
0.555965	-0.33096	0.184746	-8.53648e-05	0.000845426	-0.000235779
0.555967	-0.330963	0.184747	0.000260978	-0.00049721	0.000313456
0.555967	-0.330963	0.184752	0.000175491	-0.00102995	0.00177156
0.555965	-0.330963	0.184748	-0.000277774	-0.000418641	0.000279301
0.555966	-0.330963	0.184747	-6.36275e-05	-0.000330516	-0.000524049
0.555965	-0.330965	0.184749	-9.99068e-05	-0.000177636	0.000407851
0.55596	-0.330964	0.184741	-0.00161732	-0.000243402	-0.0020722
0.555967	-0.330965	0.184752	0.000796052	-0.000341445	0.00188974
0.555968	-0.330961	0.184751	0.00103577	0.000851208	0.000743703
0.555967	-0.330964	0.184748	-0.000519912	0.000232848	-0.00428054
0.555966	-0.33096	0.184745	-0.000708842	0.00120239	-0.00441938
0.555966	-0.330965	0.18475	-0.000242857	-0.000156616	-0.00110373
0.555963	-0.330964	0.184745	-0.00141257	-0.000454959	-0.00241031
0.555964	-0.33096	0.184746	-0.000379525	0.00141137	-0.00126808
0.555965	-0.330964	0.184745	5.4683e-05	-0.000110417	-0.00170735
0.555967	-0.330963	0.184749	0.000469857	0.000278361	-8.60166e-05
0.555965	-0.330965	0.184751	-0.000266983	-0.000775489	0.000642519
0.555965	-0.330965	0.184747	-0.000263092	-0.000452775	-0.000986425
0.555966	-0.330964	0.184748	0.000220772	8.17189e-05	-2.95897e-05
0.555965	-0.330961	0.184746	0.000105742	0.000809185	-0.000474862
0.555964	-0.330966	0.184748	-0.000825954	-0.00101677	-0.000312075
0.555964	-0.330966	0.18475	-0.000318275	-0.00081075	0.000848789
0.555965	-0.330964	0.184747	-6.395e-05	0.000190686	-0.000612607
0.555964	-0.330964	0.184746	-0.000217028	0.000184889	-0.000979397
0.555965	-0.330963	0.184748	0.000283079	0.000453605	9.92282e-05
0.555963	-0.330964	0.184745	-0.000514146	-0.000547276	-0.000671325
0.555966	-0.330963	0.184749	0.000457271	0.000446427	0.000739754
0.555963	-0.330967	0.184747	-0.000331058	-0.000617006	-6.40227e-05
0.555964	-0.330967	0.184752	4.09169e-05	-0.000476688	0.0012715
0.555965	-0.330965	0.184751	0.000561885	0.000755525	0.000352796
0.555965	-0.330965	0.184751	0.000345586	0.000512571	0.000211746
0.555964	-0.330967	0.184749	-0.000196802	-0.000772658	-0.000137502
0.555965	-0.330966	0.184752	-0.000146439	-0.000492669	0.000749618
0.555963	-0.330966	0.18475	-0.000821509	-0.000523359	-0.000497231
0.555964	-0.330964	0.184747	-0.000104155	0.000809294	-0.00135545
0.555965	-0.330967	0.184753	0.000184147	-0.000373653	0.0010193
0.555963	-0.330968	0.184749	-0.000451927	-0.000570118	-0.000544782
0.555965	-0.330965	0.184751	0.000441535	0.000509395	0.000322482
0.555964	-0.330966	0.184749	0.00022998	0.000473761	-0.000423949
0.555964	-0.330969	0.18475	0.000760473	-0.00101815	0.00390573
0.555966	-0.330964	0.184748	0.0011124	0.000339797	0.00248988
0.555964	-0.330965	0.184749	0.000139948	-0.000260281	0.00209375
0.555964	-0.330968	0.184751	0.000312293	-0.000957381	0.00247417
0.555969	-0.330961	0.184754	0.00181849	0.00164915	0.00258191
0.555962	-0.330966	0.184746	-0.00105524	-0.000620534	-0.000814908
0.555965	-0.330964	0.184752	0.000464574	7.92608e-05	0.00167191
0.555967	-0.330963	0.184752	0.000770815	0.0003966	0.00101523
0.555965	-0.330963	0.184748	-0.000152915	2.04311e-05	-0.000293053
0.555966	-0.330963	0.184749	-0.000121378	5.048e-05	-0.000257002
0.555966	-0.330962	0.184746	-1.07891e-05	0.000638761	-0.00114609
0.555964	-0.330969	0.184752	-0.00056183	-0.00196958	0.00110518
0.555966	-0.330964	0.184751	0.000193675	-0.000369151	0.000870124
0.555965	-0.330966	0.18475	2.89328e-05	-0.000155344	1.67316e-06
0.555965	-0.330966	0.18475	1.1948e-05	-0.000155148	8.16902e-05
0.555967	-0.330958	0.184747	0.000824769	0.00222964	-0.000805725
0.555968	-0.330961	0.184753	0.00085404	0.000474225	0.00158183
0.555964	-0.330963	0.184749	-0.000681103	-0.000191957	-0.000273742
0.555965	-0.330963	0.184747	-0.000388145	-0.000122954	-0.00101003
0.555965	-0.330963	0.184748	-0.000118948	0.000519947	-0.000430046
0.555964	-0.330965	0.184746	-6.27139e-05	-0.000338574	-0.000826517
0.555965	-0.330965	0.184749	-0.000406685	-0.000700651	0.000207405
0.555966	-0.330963	0.18475	0.000462137	0.000382255	0.000893833
0.555964	-0.330962	0.184746	-0.000138379	0.000642082	-0.000881896
0.555964	-0.330963	0.184748	-0.000370891	-0.000159612	-0.000105149
0.555964	-0.330962	0.184747	-2.45253e-05	0.00053801	-0.000671829
0.555967	-0.330959	0.184745	0.000258067	0.0015966	-0.00452767
0.555964	-0.330962	0.184746	-0.00138622	3.24638e-05	-0.00326263
0.555968	-0.330959	0.184746	0.000358616	0.0012707	-0.00228056
0.555965	-0.330961	0.184746	-0.000501026	0.000697101	-0.00183145
0.555967	-0.330963	0.184751	7.01657e-05	-0.000545081	0.000419588
0.555966	-0.330961	0.184745	-0.000237299	-8.84006e-05	-0.00150467
0.555966	-0.330961	0.184746	-0.000314453	0.000119485	-0.000922661
0.555966	-0.330961	0.184747	-0.000249189	9.39791e-05	-0.000693831
0.555966	-0.330962	0.184746	-5.68847e-05	-4.72997e-05	-0.000757881
0.555967	-0.33096	0.184748	0.000393185	0.0003503	0.000148359
0.555966	-0.330963	0.184746	-0.000421562	-0.0006638	-0.000563366
0.555966	-0.330963	0.18475	-1.29122e-05	-0.000663555	0.00121942
0.555968	-0.330958	0.184746	0.000565245	0.00120014	-0.000698169
0.555965	-0.330962	0.184747	-0.000652161	-0.000486701	-0.00038497
0.555965	-0.330962	0.184749	-0.000206724	-0.00046382	0.000804478
0.555965	-0.330962	0.184745	4.35613e-05	0.000262368	-0.00123492
0.555969	-0.33096	0.184749	0.00125023	0.000512831	0.00108836
0.55597	-0.33096	0.18475	0.000899103	0.000426206	0.000679901
0.555964	-0.330966	0.184748	-0.00115598	-0.00129782	-0.000364986
0.555964	-0.330963	0.184747	-0.000587941	-0.000180398	-0.000125747
0.555964	-0.330962	0.184745	-0.000655966	2.32987e-05	-0.00117847
0.555966	-0.330959	0.184745	0.000240556	0.00103777	-0.000739555
0.555966	-0.330961	0.184747	-7.42635e-05	9.08499e-05	7.22406e-05
0.555965	-0.33096	0.184747	8.99139e-05	0.000662931	0.000289095
0.555964	-0.330967	0.184747	-0.000742731	-0.00188119	0.000239411
0.555965	-0.330962	0.184743	0.000105838	0.00047998	-0.00146146
0.555965	-0.330963	0.184747	0.000132542	0.000306906	0.000357598
0.555966	-0.330964	0.184748	0.000368687	-2.11243e-05	0.000621702
0.555965	-0.330964	0.184746	-0.000192641	-0.000430584	-0.000196643
0.555963	-0.330964	0.184746	-0.00058566	-0.00068024	9.67361e-05
0.555963	-0.330964	0.184745	-0.000689751	-0.000921975	-8.22423e-06
0.555962	-0.330965	0.184743	-0.000664172	-0.000431582	-0.00118236
0.555967	-0.330962	0.184749	0.00101882	0.000731273	0.00135144
0.555963	-0.330963	0.184744	-0.000344063	-0.000115202	-0.000627784
0.555963	-0.330964	0.184745	-0.00046438	-0.000679705	0.000147703
0.555966	-0.330963	0.184751	0.000793987	0.000105004	0.00163325
0.555966	-0.330962	0.184748	0.000329005	0.000174226	0.000428648
0.555966	-0.330963	0.184748	0.000427933	-0.000119631	0.000308947
0.555964	-0.330965	0.184747	-7.23301e-05	-0.000499711	1.46384e-05
0.555963	-0.330965	0.184748	-0.00038577	2.51563e-05	-7.03479e-05
0.555963	-0.330967	0.184747	-0.000726163	-0.00104991	-0.000383142
0.555964	-0.330963	0.184744	-0.000165576	0.000590409	-0.00108579
0.555964	-0.330964	0.184748	4.40115e-05	0.00018433	0.000440983
0.555963	-0.330964	0.184744	-0.000187246	0.000347715	-0.000918657
0.555964	-0.330963	0.184746	3.51795e-07	9.13278e-05	7.03963e-05
0.555963	-0.330966	0.184749	-0.000135439	-0.000578593	0.00107031
0.555964	-0.330965	0.184748	0.000526893	-0.000125597	0.000316661
0.555966	-0.330966	0.184752	0.000538672	-0.000300864	0.00140122
0.555966	-0.330964	0.184751	0.00052748	0.000606168	0.000855327
0.555966	-0.330961	0.184748	0.000842669	0.000995782	0.00027152
0.555966	-0.330961	0.184746	0.000476933	0.00079097	-0.000420867
0.555966	-0.330965	0.18475	0.000355033	-0.000285133	0.000609455
0.555963	-0.330964	0.184745	-0.000821633	-0.000167027	-0.00144921
0.555964	-0.330963	0.184745	-0.000226271	-0.000296591	-0.000630151
0.555967	-0.330962	0.184749	0.000617739	0.000610344	0.000749217
0.555966	-0.330963	0.184748	0.000264039	-0.000244366	0.000330804
0.555964	-0.330964	0.184747	-0.000347154	-0.000427782	-0.000189682
0.555966	-0.330961	0.184747	0.000116625	0.000872277	-0.000342408
0.555966	-0.330964	0.184748	0.000171864	-0.000275284	-9.52575e-05
0.555966	-0.330964	0.184748	0.000232863	-0.000372618	0.000943561
0.555968	-0.330962	0.184752	0.000589082	0.000118383	0.00131564
0.555966	-0.330963	0.184748	-0.000388064	-1.29447e-06	-0.000698327
0.555967	-0.330961	0.184751	-0.000468785	0.000846624	0.000140874
0.555965	-0.330965	0.184748	-0.000897493	-0.00027149	-0.00100904
0.555966	-0.330962	0.184748	-0.000622678	0.000407488	-0.000476807
0.555967	-0.330962	0.184749	-0.000394066	0.000309625	-0.000378437
0.555965	-0.330963	0.184748	-0.000857912	-8.73865e-05	-0.000639967
0.555968	-0.330962	0.184753	0.00042834	-0.000125968	0.00151492
0.555966	-0.330965	0.184752	-0.000169026	-0.000448497	0.000308313
0.555967	-0.330962	0.184749	0.000320429	0.000865241	-0.000827285
0.555965	-0.330963	0.184749	-0.000684997	-0.000156873	-0.000213365
0.555966	-0.330962	0.18475	0.000321251	0.000542606	0.000398778
0.555969	-0.33096	0.18475	0.000617	0.00097437	-0.000633764
0.555967	-0.330961	0.184748	0.000531288	-0.000264808	0.00315481
0.55597	-0.330956	0.184746	0.00119081	0.00132447	0.00190514
0.555967	-0.330965	0.184751	4.60377e-05	-0.00216318	0.00314457
0.555968	-0.330963	0.184752	0.000247643	-0.000837002	0.00252978
0.555968	-0.33096	0.184751	0.00083116	-0.000629995	0.00551517
0.555969	-0.330959	0.184749	0.000981398	-0.000604388	0.00356746
0.555965	-0.330961	0.184748	-0.000452529	-0.000319529	0.00241988
0.555967	-0.330962	0.18475	0.000426262	-0.000811383	0.00237089
0.555966	-0.330957	0.184743	-2.66082e-05	0.00119113	-0.000353203
0.555967	-0.330962	0.18475	0.000660715	-0.000427162	0.00193997
0.55597	-0.330956	0.184746	0.00119004	0.00197524	0.000124803
0.555968	-0.33096	0.184747	0.000180137	-0.000324866	0.000382477
0.555967	-0.33096	0.184749	-0.000269193	-0.000695679	0.00104427
0.555964	-0.330964	0.184745	-0.0011699	-0.00172883	-0.000523678
0.555968	-0.330963	0.184752	0.000592603	-0.000903783	0.00222983
0.555969	-0.330958	0.18475	0.00033354	0.00081712	0.000315923
0.555968	-0.330961	0.184747	-8.56421e-05	1.62629e-06	-0.000576787
0.55597	-0.330958	0.184752	0.000695595	0.000959162	0.00104487
0.555967	-0.330958	0.184749	-0.000376346	0.000554373	-3.63646e-05
0.555971	-0.330958	0.184753	0.000813918	0.000240397	0.00106492
0.555966	-0.330959	0.184747	-0.000892105	-4.50697e-05	-0.00101946
0.55597	-0.330959	0.184751	0.00050028	-0.000160595	0.000428033
0.555965	-0.330965	0.18475	-0.000888136	-0.00212928	0.000216566
0.555968	-0.330956	0.184744	6.40952e-05	0.00168488	-0.00209398
0.555968	-0.330961	0.184751	8.79771e-05	-0.00034526	0.0010996
0.555968	-0.330963	0.184751	-6.46859e-05	-0.000875223	0.000531538
0.555967	-0.330957	0.184743	0.000144444	0.00148087	-0.00141922
0.555966	-0.33096	0.184747	-0.00029492	-0.000227632	0.000195278
0.555965	-0.330961	0.184746	-0.000614417	-0.000436273	-0.000583637
0.55597	-0.33096	0.184753	0.00111009	-0.000216841	0.0019487
0.555966	-0.330964	0.184749	-0.000771397	-0.000961402	-0.000630001
0.555966	-0.330963	0.184747	-0.000646408	-0.000544879	-0.00103033
0.555965	-0.330961	0.184746	-0.000518622	-0.000255477	-0.000411048
0.555966	-0.330961	0.184749	0.0005724	0.000527284	0.000663291
0.555967	-0.33096	0.184748	0.000119719	0.000644496	5.06231e-05
0.555966	-0.330963	0.184747	-0.000411209	-0.000647514	-0.000677172
0.555967	-0.330964	0.184751	0.000340324	-0.000904355	0.00078535
0.555967	-0.330962	0.184749	0.000717226	-0.000223328	0.00365009
0.555964	-0.330966	0.184749	-0.00027362	-0.00109506	0.00290429
0.555968	-0.330964	0.18475	0.00109605	-0.000377549	0.00285505
0.555967	-0.330961	0.18475	0.000349254	6.28641e-05	0.00189609
0.555966	-0.330961	0.184749	-0.000212226	-0.000230825	0.00138764
0.555964	-0.330961	0.184742	-0.000464423	0.000135654	-0.00114732
0.555966	-0.330963	0.184751	0.000899819	-0.000280122	0.00247296
0.555962	-0.330966	0.184746	-0.00102551	-0.00104594	-0.000299083
0.555965	-0.330963	0.184748	0.00040824	-9.7906e-05	0.000540528
0.555964	-0.330964	0.184748	-0.000371371	-0.000206697	0.000176644
0.555966	-0.330961	0.184747	0.000264643	0.000882553	-0.000242585
0.555966	-0.330961	0.184749	0.000344428	0.000418812	0.00095217
0.555966	-0.330959	0.184746	0.000338679	0.000924835	-0.000397414
0.555963	-0.330963	0.184743	-0.000632371	-0.000876956	-0.00121527
0.555964	-0.330962	0.184746	-0.00030544	-7.35717e-07	0.000349778
0.555963	-0.330966	0.184745	-0.000522614	-0.00119479	-0.000324683
0.555965	-0.330963	0.184744	-0.000141995	-0.000187273	-0.000800801
0.555964	-0.330964	0.184745	-0.000250527	-4.46628e-05	-0.000230679
0.555963	-0.330967	0.184745	-2.76864e-05	-0.000799942	-0.000141031
0.555962	-0.330968	0.184748	-0.000500698	-0.000895146	0.000918624
0.555963	-0.330963	0.184744	4.62412e-05	0.000571013	-0.000457022
0.555963	-0.330962	0.184742	0.000199595	0.000950494	-0.000842228
0.555964	-0.330964	0.18475	0.000497661	0.000281035	0.00170924
0.555964	-0.330965	0.184747	0.000109728	-0.000418252	0.000479734
0.555963	-0.33097	0.184752	-0.000252076	-0.001399	0.00171334
0.555963	-0.330966	0.184744	-0.000195038	-6.7935e-05	-0.00110536
0.555963	-0.330966	0.18475	0.000170373	0.000291632	0.000803793
0.555963	-0.330968	0.184749	-7.24312e-06	-0.000407434	0.00025837
0.555963	-0.330967	0.184746	-0.000204877	-0.000138362	-0.000873788
0.555966	-0.330964	0.184748	0.00083897	0.000677703	0.000294266
0.555965	-0.330967	0.184752	0.000138672	-0.000755703	0.00131445
0.555966	-0.330963	0.184751	0.000274904	0.000871457	0.000721427
0.555965	-0.330965	0.184751	1.84378e-05	-0.000104924	0.000325673
0.555961	-0.33097	0.184746	-0.00116078	-0.00126595	-0.00161188
0.555965	-0.330968	0.184752	0.0003252	-0.000281875	0.0009452
0.555963	-0.330968	0.184747	0.00151826	0.00288328	-0.000280857
0.555964	-0.330964	0.184745	0.00175864	0.00330158	-0.000686717
0.555963	-0.330966	0.184749	0.00100881	0.00184356	0.000896612
0.555963	-0.330965	0.184746	0.000576011	0.00155832	-0.000497424
0.555962	-0.330965	0.184743	0.000218641	0.001342	-0.00151606
0.555964	-0.330967	0.184748	0.000948272	0.000402634	0.000853432
0.555964	-0.330964	0.184749	0.000692657	0.00105385	0.00107024
0.555966	-0.330964	0.184751	0.00101434	0.00101121	0.00113159
0.555967	-0.33096	0.184747	0.0010379	0.00186536	-0.000762507
0.555966	-0.330964	0.184748	0.000200154	0.000243502	-5.72054e-06
0.555966	-0.330966	0.184752	0.000355923	-0.000688259	0.00145275
0.555965	-0.330963	0.184744	-0.000182045	0.000707072	-0.00182656
0.555964	-0.330966	0.184747	-0.000251407	-0.000213659	-6.3759e-05
0.555965	-0.330964	0.184746	0.000344116	0.000158186	-7.71836e-05
0.555965	-0.330964	0.184752	1.54023e-05	-0.000493879	0.00176464
0.555967	-0.330965	0.184754	0.000329076	-0.000549418	0.00158486
0.555965	-0.33096	0.184746	2.95761e-05	0.00132372	-0.00129856
0.555964	-0.330966	0.18475	-0.000196772	-0.000438145	0.000421759
0.555965	-0.330966	0.184749	5.46675e-05	-0.000415368	7.81668e-05
0.555967	-0.330959	0.184747	0.000348421	0.00169466	-0.00105365
0.555966	-0.330964	0.184751	7.0723e-05	-0.000249686	0.000704529
0.555966	-0.330963	0.184749	-4.73601e-05	-2.93159e-05	-0.000190905
0.555967	-0.330962	0.184751	0.000427935	0.000307085	0.000652856
0.555967	-0.330962	0.18475	0.00117923	0.00015823	0.000514584
0.555967	-0.330964	0.184753	0.00102076	-0.000823945	0.00194427
0.555964	-0.330966	0.184749	-0.00050649	-0.00100593	-0.000448116
0.555964	-0.330965	0.184749	-1.67031e-05	-0.000245442	-0.000134376
0.555966	-0.330961	0.184748	0.000894419	0.00134398	-2.473e-05
0.555968	-0.330963	0.184749	9.34541e-05	0.000716993	-0.00378543
0.555966	-0.330963	0.184747	-0.00034947	0.000746209	-0.00364061
0.555964	-0.330967	0.184751	-0.000151243	-0.00112715	0.00253815
0.555966	-0.330962	0.18475	0.000184509	0.000520007	0.00096662
0.555967	-0.330959	0.184747	0.000594684	0.000641175	0.000597594
0.555963	-0.330965	0.184747	-0.000725386	-0.000952475	0.000533854
0.555966	-0.330964	0.18475	0.000646861	-4.80811e-05	0.00114151
0.555969	-0.330958	0.18475	0.00124976	0.00217372	0.00091111
0.555966	-0.330965	0.184755	-0.000189253	-0.00136004	0.00197189
0.555963	-0.330966	0.184744	-0.0010226	-0.000839661	-0.0022027
0.555967	-0.330963	0.18475	0.000442188	-5.85642e-05	0.000666992
0.555962	-0.330965	0.184746	-0.0010308	-0.000386063	-0.000669588
0.555966	-0.330959	0.184743	0.000209371	0.00124933	-0.00161458
0.555966	-0.330964	0.18475	0.000303543	-0.000850006	0.00126562
0.55597	-0.330956	0.18475	0.00165467	0.00183717	0.00103476
0.555965	-0.330966	0.18475	-0.000654705	-0.00169936	0.000510336
0.555964	-0.330965	0.18475	-0.000801208	-0.000757421	0.000161262
0.555963	-0.330966	0.184746	-0.000884756	-0.000970186	-0.0012357
0.555968	-0.330963	0.18475	0.000958558	0.000287286	0.000656992
0.555967	-0.330962	0.184748	0.00036021	0.000454558	-1.81031e-05
0.555965	-0.330962	0.184748	-0.000201673	0.000655392	-0.000224698
0.555967	-0.330961	0.18475	0.00071801	0.00111307	0.000371107
0.555966	-0.330962	0.184746	-0.000621799	-0.000488149	-0.00102981
0.555968	-0.330958	0.184747	0.00056465	0.000993148	3.98696e-05
0.555966	-0.330963	0.184749	-0.000142663	-0.000355844	0.000466575
0.555969	-0.33096	0.184751	0.000684404	0.000690581	0.000947164
0.555966	-0.330962	0.18475	-0.000187251	-0.000564302	0.000609159
0.555963	-0.330965	0.184747	-0.000959368	-0.00118251	-0.000809182
0.555966	-0.330962	0.184748	3.11434e-05	0.000188052	-0.000419817
0.555966	-0.330961	0.184747	7.54346e-05	0.000854669	-0.00064016
0.555964	-0.330965	0.184746	-0.000442696	-0.00057582	-0.000677347
0.555964	-0.330965	0.184748	-0.000402262	-0.00103337	0.000594688
0.555963	-0.330966	0.184746	-0.000652824	-0.00103217	-0.000277792
0.555966	-0.330964	0.184751	0.000610484	-0.000136513	0.00143823
0.555966	-0.330966	0.18475	-2.55399e-06	-0.000516335	0.00037054
0.555965	-0.330963	0.184749	0.000334646	0.000789439	-3.28737e-05
0.555966	-0.330964	0.184751	2.99572e-05	-2.96728e-07	0.000422937
0.555963	-0.330963	0.184743	-0.000637081	0.000528903	-0.00230132
0.555964	-0.330969	0.184753	-0.000301216	-0.00200311	0.00194944
0.555964	-0.330962	0.184747	-3.13573e-05	0.000742832	-0.000476154
0.555966	-0.330964	0.184748	0.000244754	0.000102135	-0.000576838
0.555964	-0.330964	0.184747	-0.000529317	7.35889e-05	-0.000751481
0.555965	-0.330958	0.184742	-0.000104391	0.00141984	-0.00189409
0.555964	-0.330966	0.184749	0.000341287	-0.000947859	0.00142837
0.555965	-0.330963	0.184749	0.000131949	0.000219563	0.00081988
0.555961	-0.330965	0.184744	-0.00100227	-0.00049126	-0.00095421
0.555962	-0.330963	0.18474	-0.000391976	0.000200893	-0.00194659
0.555964	-0.330965	0.184748	0.0003583	-0.000436491	0.00133584
0.555963	-0.330963	0.184745	-0.000319829	0.000262273	-0.000410378
0.555964	-0.330965	0.18475	0.000154787	-0.000896054	0.00147111
0.555965	-0.330964	0.184747	0.000209811	5.02096e-05	-6.52355e-05
0.555964	-0.330962	0.184746	0.00026572	0.00140064	-0.00059776
0.555969	-0.330962	0.184754	0.00151243	0.000583931	0.0022957
0.555965	-0.330965	0.184747	-0.00027397	-0.000759763	-0.0008147
0.555964	-0.330966	0.184747	-0.00139241	-0.000187776	-0.0011082
0.555966	-0.330961	0.184745	-0.000542135	0.000977139	-0.00134438
0.555965	-0.330961	0.184746	-0.000460979	0.000630206	-0.000895127
0.555965	-0.330963	0.184749	-0.000670974	-0.000713244	0.000411155
0.555965	-0.330966	0.184747	-0.000425193	-0.000508423	-0.000510585
0.555965	-0.330959	0.184747	3.47362e-05	0.00159604	-0.000179875
0.555963	-0.330966	0.184747	-0.000563221	-0.000773301	-6.29821e-05
0.555964	-0.330962	0.184747	-0.000118183	0.000900101	-0.000269992
0.555966	-0.330964	0.184749	0.000636433	-3.60733e-05	0.000870714
0.555963	-0.330964	0.184743	-0.000739772	-0.000529099	-0.00156523
0.555964	-0.330963	0.184746	-0.000261637	6.15847e-05	-1.50616e-05
0.555964	-0.330963	0.184747	-0.000386905	-0.00050999	0.0004434
0.555963	-0.330965	0.184745	-0.000456119	-0.000167053	-0.000824891
0.555966	-0.330962	0.184751	0.000306853	0.000540661	0.000754725
0.555968	-0.33096	0.184753	0.000942567	0.00077702	0.00145588
0.555967	-0.33096	0.184748	0.000337914	0.000826723	-0.000808563
0.555966	-0.330962	0.184749	-0.000255825	3.02397e-05	-0.000211395
0.555965	-0.330961	0.184746	-0.000532518	-0.000319649	-0.00073616
0.555966	-0.330961	0.184747	-9.75135e-05	-0.000387928	-0.000202224
0.555968	-0.330964	0.184754	0.00103549	-0.000481243	0.00236464
0.555964	-0.33096	0.184744	-0.000520707	0.000737039	-0.0019198
0.555967	-0.330959	0.184748	0.000358657	0.00128978	-0.000529229
0.555963	-0.330964	0.184748	-0.000853115	-0.00114857	3.91389e-05
0.555965	-0.330962	0.184746	-4.76793e-05	0.000344247	-0.000503014
0.555969	-0.330962	0.184753	0.0012258	-7.22964e-05	0.00186417
0.555967	-0.330961	0.184751	0.000298292	0.000238405	0.000681418
0.555965	-0.330961	0.184745	-0.000584065	0.00021625	-0.00165359
0.555965	-0.330963	0.184748	-0.000136644	-0.000246477	-0.000135211
0.555966	-0.330962	0.184747	-0.000269585	0.000180326	-0.000565662
0.555966	-0.330961	0.184749	-5.62351e-05	-8.76383e-05	0.000765948
0.555965	-0.330963	0.184745	-0.000284083	-0.000493604	-0.000835543
0.555966	-0.330962	0.184745	0.000171043	8.18897e-05	-0.000857341
0.555968	-0.33096	0.184751	0.000556386	0.000284182	0.00152531
0.555964	-0.330959	0.184741	-0.000793933	0.000599236	-0.0021367
0.555967	-0.330962	0.184749	0.000269755	-0.000300671	0.00100362
0.555968	-0.330959	0.184749	0.000499361	0.000915271	0.00044524
0.555966	-0.330964	0.18475	-7.47838e-05	-0.00122871	0.000855985
0.555965	-0.330965	0.184751	-0.000173789	-0.000748197	0.00089606
0.555966	-0.330962	0.184748	3.2954e-05	0.000165042	-0.000110671
0.555969	-0.330958	0.184752	0.00113323	0.00133264	0.00126271
0.555966	-0.330962	0.184748	-0.000698227	-0.000822418	-0.00090483
0.555967	-0.330964	0.184752	-4.6013e-05	-0.000887243	0.000778086
0.55597	-0.33096	0.184754	0.000986283	0.000821869	0.00117923
0.55597	-0.330956	0.184748	0.000616739	0.00193788	-0.00119106
0.555967	-0.33096	0.184748	-0.000563493	-6.1771e-07	-0.000714827
0.555964	-0.330962	0.184748	-0.00110015	-0.000873635	-0.000295551
0.555966	-0.330962	0.184748	-1.31441e-06	-0.000453715	3.00937e-05
0.555964	-0.330964	0.184746	-0.000456158	-0.000679769	-0.000629128
0.555968	-0.330959	0.18475	0.00055259	0.00109216	0.000410163
0.555966	-0.330963	0.184748	-0.000117397	-0.000311099	-0.000509039
0.555969	-0.330962	0.184757	0.000721369	-0.000188163	0.0026166
0.555967	-0.330961	0.184748	-0.000389354	-0.000178721	-0.00118645
0.555966	-0.330961	0.18475	-0.000283438	-8.21398e-05	-8.75694e-06
0.555965	-0.330963	0.184749	-0.000380508	-0.000690894	-0.000258383
0.555964	-0.330964	0.184748	-0.00073532	-0.000683462	-0.000630145
0.555968	-0.330961	0.184751	0.000722604	7.8438e-06	0.000962024
0.555966	-0.330963	0.184749	-0.000242084	-0.00018973	-0.000355301
0.555967	-0.330959	0.18475	0.000322832	0.000883406	0.000175353
0.555967	-0.33096	0.184749	9.50461e-05	4.13161e-05	-0.000176012
0.555969	-0.330959	0.184747	0.000635335	0.000938622	-0.000857058
0.555968	-0.330961	0.184753	2.42199e-05	-0.000469833	0.00132374
0.555965	-0.330962	0.184747	-0.000543048	-0.000478881	-0.00094635
0.555967	-0.330965	0.184752	-0.000222145	-0.00122084	0.000847256
0.555966	-0.330963	0.184749	-0.000226038	9.97479e-06	-0.000405918
0.555963	-0.330965	0.184747	-0.000679132	-0.000296256	-0.000609336
0.555968	-0.330962	0.184754	0.00094939	0.000781796	0.00181701
0.555965	-0.330961	0.184749	-0.000192492	0.00053206	-0.000961553
0.555965	-0.330967	0.184752	-0.000162945	-0.00114839	0.000571224
0.555965	-0.330964	0.18475	-0.000311825	0.000138614	-0.000268382
0.555964	-0.330967	0.184749	-0.00062488	-0.000980645	-0.000526202
0.555964	-0.330963	0.184745	-0.000569282	0.00016344	-0.00168495
0.555968	-0.330959	0.18475	0.000948147	0.0012319	0.000402188
0.555966	-0.330961	0.184748	-0.000187935	8.25287e-05	-0.000211381
0.555965	-0.330964	0.184752	-0.000262106	-0.000639624	0.00101107
0.555964	-0.330964	0.184747	-0.000162304	-0.000430567	-0.000552364
0.555965	-0.330963	0.184751	-8.5753e-06	0.000394544	0.00061688
0.555969	-0.330957	0.18475	0.00129846	0.00207128	0.000298649
0.555968	-0.330963	0.184749	0.00028121	-0.000974378	-2.5067e-05
0.555966	-0.330961	0.184747	-0.00034628	-0.000213789	-0.000760157
0.555966	-0.330963	0.184749	0.000105014	-0.000488326	0.000456125
0.555965	-0.330964	0.184748	-0.000244348	-3.42026e-05	-0.000563718
0.555966	-0.330964	0.18475	0.000181726	-0.000317817	0.00051404
0.555964	-0.330963	0.184746	-0.000497469	0.000350964	-0.00100262
0.555963	-0.330966	0.184749	-0.00074635	-0.000932988	0.000377979
0.555963	-0.330968	0.184749	-0.000488538	-0.00136138	0.000659491
0.555964	-0.330966	0.184748	-0.000161308	-0.000338731	-0.000101493
0.555965	-0.330965	0.184749	0.000169828	0.000295588	-8.99308e-05
0.555964	-0.330962	0.184744	-3.89884e-05	0.00101606	-0.00139432
0.555962	-0.330967	0.184748	-0.000481218	-0.00112965	0.000332622
0.555966	-0.330964	0.18475	0.000616251	0.000700011	0.000388607
0.555967	-0.330961	0.184751	0.000497269	0.00107132	0.000512103
0.555966	-0.330962	0.184749	0.000251934	0.000153432	1.6168e-05
0.555964	-0.330966	0.184747	-0.000599187	-0.000714744	-0.00115475
0.555966	-0.330962	0.184747	0.000437692	0.000949825	-0.000600354
0.555966	-0.330961	0.184749	9.0224e-05	0.000839387	0.000513088
0.555965	-0.330963	0.184746	-4.49986e-05	-0.000160987	-0.000571454
0.555965	-0.330964	0.184746	-0.000293156	-0.000539213	-0.000503326
0.555966	-0.330961	0.184746	0.000374858	0.000588361	-0.000213193
0.555964	-0.330962	0.184746	-0.000485938	0.000264213	-0.00037204
0.555965	-0.330967	0.184751	0.000286713	-0.00103623	0.00133853
0.555965	-0.330967	0.18475	-0.00010865	-0.00116111	0.000819936
0.555964	-0.330966	0.184748	-0.000452283	-0.00051233	-0.000293922
0.555963	-0.330963	0.184744	-0.000402778	0.000411676	-0.00116079
0.555964	-0.330964	0.184745	0.000316538	0.000522611	-0.000315702
0.555965	-0.330963	0.184748	0.000433706	0.000164677	0.000930312
0.555965	-0.330961	0.184745	0.000448601	0.00148012	-0.000785329
0.555964	-0.330965	0.184748	-0.000170135	-0.000908973	0.000883136
0.555968	-0.330965	0.184755	0.00087121	-0.000701618	0.00246495
0.555966	-0.330962	0.184748	-0.000471118	0.00127185	-0.00416046
0.555966	-0.330964	0.184752	-0.000536718	0.00021239	-0.00197155
0.555965	-0.330962	0.184746	-0.000845384	0.000685337	-0.00362649
0.555966	-0.330964	0.184748	-0.00013887	-2.67063e-05	-0.0017612
0.555965	-0.330963	0.184746	-0.000614233	0.000475844	-0.00210533
0.555963	-0.330965	0.184748	-0.000664936	-0.000213309	-0.0010723
0.555967	-0.330961	0.184748	0.000674429	0.00118626	-0.00076987
0.555964	-0.330964	0.184743	-0.000365344	3.89512e-05	-0.00189274
0.555965	-0.330961	0.184745	-0.000494194	0.000369566	-0.00117013
0.555967	-0.33096	0.184747	0.000105665	0.000665478	-0.000187507
0.555967	-0.330962	0.184748	0.000241958	-0.000451177	0.000487881
0.555967	-0.330959	0.184745	-3.14982e-06	0.000476377	-0.00106328
0.555968	-0.330962	0.18475	0.000487499	-5.78081e-05	0.00121628
0.555965	-0.330961	0.184743	-0.000460567	-3.81367e-05	-0.00128715
0.555966	-0.330959	0.184747	3.64627e-05	0.000396007	0.000555657
0.555966	-0.330964	0.184751	-0.000230208	-0.00103265	0.00124425
0.555966	-0.330962	0.184746	-0.000219551	-3.2869e-05	-0.000767529
0.555965	-0.330963	0.18475	-0.000302827	-0.000465569	0.000742534
0.555968	-0.330959	0.184748	0.000703697	0.0010671	-0.000148854
0.555968	-0.33096	0.184749	0.000317604	0.000321387	0.000283191
0.555966	-0.330961	0.184749	-0.000250854	-0.000216798	0.000487431
0.555968	-0.330959	0.184746	0.000333286	0.000856473	-0.000981947
0.555965	-0.330965	0.184745	-0.000777309	-0.00148004	-0.000995948
0.555966	-0.330964	0.184749	-9.29688e-05	-0.000841199	0.000459702
0.555967	-0.330961	0.184749	0.000318866	0.000475037	0.000590109
0.555967	-0.33096	0.184748	0.000409993	0.000276847	0.000159077
0.555968	-0.330961	0.184747	0.000818302	-0.000435121	0.00353235
0.555967	-0.330962	0.184751	0.000601326	-0.000984045	0.00422839
0.555967	-0.33096	0.184749	0.000517101	6.36411e-05	0.00228322
0.555967	-0.330962	0.18475	0.000264888	-0.000663489	0.00194847
0.555967	-0.330962	0.184747	6.31142e-07	-0.000330606	0.000391603
0.555964	-0.330963	0.184746	-0.000877542	-0.00104783	-1.76889e-05
0.555969	-0.330959	0.18475	0.00112146	0.00160419	0.00124923
0.555964	-0.330964	0.184745	-0.000873115	-0.000479514	-0.000724363
0.555967	-0.33096	0.184751	0.000437783	0.000346748	0.00185601
0.555964	-0.330962	0.184747	-0.000254234	-0.000144568	0.000140611
0.555968	-0.330959	0.184746	0.000503617	0.000793365	-0.000548931
0.555968	-0.330961	0.184752	-0.000288821	0.00042315	-0.00247404
0.555966	-0.330962	0.184747	-0.000485543	-0.000179045	-0.00277972
0.555966	-0.330961	0.184748	-0.000774926	0.000263159	-0.00226976
0.555967	-0.330964	0.18475	-0.000318743	-0.000747985	-0.000938787
0.55597	-0.330958	0.184753	0.000838032	0.0014887	0.000154239
0.555965	-0.330966	0.184753	-0.000915788	-0.00144202	-0.000104464
0.555968	-0.330961	0.184751	0.000369645	0.000518036	-0.000862851
0.555965	-0.330962	0.184749	-0.000753785	0.000396345	-0.00114417
0.555967	-0.330959	0.184749	-0.000202749	0.000784934	-0.000802655
0.55597	-0.330956	0.184748	0.0010412	0.00164387	-0.00075295
0.555964	-0.330962	0.184744	-0.000875123	-0.000471797	-0.00170806
0.555966	-0.33096	0.184745	-0.000523066	-0.000323486	-0.00110829
0.555965	-0.330961	0.184744	-0.000310552	-0.000175947	-0.000798686
0.555965	-0.330965	0.184751	-7.2343e-05	-0.00114259	0.00152535
0.555966	-0.330964	0.184747	-5.95237e-05	-0.000713897	-0.0003113
0.555966	-0.330959	0.184746	-7.35297e-05	0.00115374	-0.000778326
0.555967	-0.330961	0.184749	0.000269543	-0.000261796	0.000749811
0.555968	-0.33096	0.184749	0.000478539	0.000294695	0.000569475
0.555967	-0.330959	0.184749	0.000672844	-0.000183532	0.00383548
0.555966	-0.330965	0.184752	0.000202229	-0.00215554	0.00404277
0.555968	-0.33096	0.184749	0.000793948	0.000282856	0.00217796
0.555967	-0.330963	0.184753	0.000496634	-0.000506135	0.00276254
0.555966	-0.330964	0.184749	-0.000311454	-0.000594979	0.000222863
0.555967	-0.330964	0.184751	0.000154544	-0.000707589	0.00113983
0.555965	-0.330961	0.184746	-0.000212714	0.000508074	-0.000367758
0.555965	-0.330965	0.184748	0.00010526	-0.000578806	0.000485891
0.555967	-0.330962	0.184749	0.00074917	0.000558942	0.000871729
0.555964	-0.330967	0.184748	-0.000969098	-0.00141047	-0.000205273
0.555967	-0.330965	0.184751	0.000219325	-0.000192798	0.0007051
0.555968	-0.330961	0.184749	0.000665039	0.000939848	3.06479e-05
0.555966	-0.330963	0.184748	-5.01479e-05	0.00031205	-0.000279301
0.555965	-0.330961	0.184747	-0.000215775	0.000384418	-0.000101035
0.555966	-0.330964	0.18475	0.000117577	-0.000702805	0.000708757
0.555963	-0.330966	0.184748	-0.000842893	-0.00122915	-2.08425e-06
0.555964	-0.330961	0.184746	-0.000433836	0.000552525	-0.000552044
0.555964	-0.330964	0.184747	-0.000477472	-0.00092527	-0.000317498
0.555967	-0.330962	0.184753	0.000807278	-0.000106916	0.00190798
0.555962	-0.330967	0.184747	-0.00111051	-0.00091035	-0.00079388
0.555963	-0.330965	0.184747	-0.000100094	0.000371435	-0.00043024
0.555966	-0.330967	0.184756	0.00103657	-3.19067e-05	0.00234534
0.555964	-0.330966	0.184748	-0.000558406	-0.000388409	-0.00123609
0.555966	-0.330963	0.184745	0.000509741	0.000537114	-0.00130485
0.555966	-0.330963	0.184747	0.000215977	0.000428947	-0.000544062
0.555966	-0.330962	0.184746	0.000192332	0.000973167	-0.000650769
0.555966	-0.330963	0.184749	0.000259119	0.000486538	0.000637042
0.555963	-0.330965	0.184747	-0.00061601	-0.000414481	-3.30143e-05
0.555963	-0.330966	0.184748	-0.00275596	-0.00403163	-0.000437418
0.555963	-0.330965	0.184743	-0.00169892	-0.0023009	-0.00180066
0.555967	-0.330957	0.184748	-4.48202e-05	5.48204e-05	0.000396824
0.555966	-0.330963	0.184751	-0.000712091	-0.00182197	0.00100633
0.555966	-0.330964	0.184749	-0.000761883	-0.00189032	-7.85636e-05
0.555965	-0.330964	0.184748	-0.000707997	-0.00112467	-4.05335e-05
0.555966	-0.330963	0.184749	-0.000252218	-0.000378537	8.26963e-05
0.555965	-0.330961	0.184744	-0.00013075	0.000427014	-0.00153905
0.555967	-0.330957	0.184746	0.000426588	0.00131684	-0.000237271
0.555967	-0.33096	0.184747	0.00021917	0.000164013	0.000126142
0.555966	-0.330961	0.184746	-0.000424732	-0.000207823	-0.000279977
0.555968	-0.330959	0.18475	0.000839557	0.000234272	0.00117426
0.555963	-0.330963	0.184742	-0.00143522	-0.000965214	-0.00188706
0.555965	-0.330962	0.184746	-0.00018025	-0.000318124	0.000142743
0.555967	-0.330962	0.184751	0.000317181	-0.000481657	0.00118303
0.555966	-0.33096	0.184745	0.000499221	0.000983486	-0.000940926
0.555966	-0.330959	0.184743	-2.88413e-05	0.000918795	-0.00150466
0.555966	-0.330965	0.18475	0.000174184	-0.00106714	0.00135135
0.555964	-0.330961	0.184742	-0.000789505	-4.66732e-05	-0.00152654
0.555966	-0.330963	0.184748	0.000439725	-0.000715234	0.00145747
0.555966	-0.330964	0.184751	0.00010152	-0.000395316	0.00124699
0.555966	-0.330966	0.18475	0.000544669	-0.00141902	0.00435479
0.555966	-0.330959	0.184747	0.00060609	0.00110532	0.00231899
0.555966	-0.330963	0.184748	0.000256911	-0.000598353	0.00184014
0.555969	-0.33096	0.18475	0.000284191	0.00108513	-0.00187686
0.555966	-0.330967	0.184751	-0.000546773	-0.00100527	-0.00110503
0.555968	-0.330962	0.184749	0.000146776	0.000497057	-0.00134527
0.555967	-0.33096	0.184747	-0.000146146	0.0013039	-0.00174738
0.555966	-0.330963	0.184748	-0.000465522	-0.000316994	-0.000957025
0.555966	-0.330959	0.184746	9.98415e-05	0.000996552	-0.00093988
0.555967	-0.330962	0.184751	0.000598233	0.000214059	0.00045968
0.555966	-0.330962	0.184747	-0.000106804	-0.0001887	-0.000845911
0.555966	-0.330964	0.184751	-0.000365428	-0.000639238	0.000659461
0.555968	-0.330957	0.184746	0.000319877	0.00116415	-0.00100372
0.555969	-0.330959	0.184753	0.000635237	0.0005351	0.00153071
0.555968	-0.330961	0.18475	0.000164449	-0.000181385	0.000192557
0.555966	-0.330964	0.184747	-0.000660046	-0.000874894	-0.00106402
0.555967	-0.330962	0.184749	-3.1507e-05	-0.000156945	-0.000127056
0.555967	-0.33096	0.184746	-3.43041e-05	0.000716204	-0.0010136
0.555966	-0.330962	0.184749	9.987e-05	0.000217726	0.00047898
0.555967	-0.330963	0.184754	0.000549989	-0.000299341	0.00195105
0.555967	-0.330963	0.184749	-0.000226279	-0.000306747	-0.00057007
0.555965	-0.330965	0.184748	-0.000444781	-0.000633423	-0.00052576
0.555966	-0.330962	0.184749	0.000177762	0.000650338	-1.33382e-05
0.555967	-0.330959	0.184749	0.000167031	0.00107055	-0.000283307
0.555967	-0.330965	0.184754	-9.51676e-05	-0.00135233	0.00162145
0.555968	-0.330959	0.184748	0.000316801	0.0011719	-0.0010588
0.555964	-0.330961	0.184744	-0.000750623	9.92907e-05	-0.00172731
0.555966	-0.330963	0.184749	-0.000361925	-0.000840333	0.000326957
0.555966	-0.330961	0.184748	5.85748e-05	-8.9531e-05	0.000290157
0.555968	-0.330959	0.184744	0.000566927	0.00089358	-0.00101605
0.555968	-0.330963	0.18475	0.00026232	-0.000704507	0.000723367
0.555967	-0.330965	0.18475	-0.000472483	-0.00149382	0.000456919
0.555968	-0.33096	0.184748	0.000417297	0.000754031	-8.53374e-06
0.555968	-0.330957	0.184746	0.000180826	0.00114746	-0.000745445
0.55597	-0.330959	0.184753	0.000532398	0.000546498	0.00163858
0.555968	-0.330964	0.184754	0.000237568	-0.000976539	0.0017076
0.555964	-0.330962	0.184743	-0.0013694	-7.03112e-05	-0.00280261
0.555964	-0.330965	0.18475	-0.000520676	-0.00044519	0.000498267
0.555967	-0.330961	0.184748	0.000356208	0.000693426	-0.00040357
0.555965	-0.330962	0.184747	-0.000614391	-0.000264204	-0.000774353
0.555966	-0.330963	0.184749	0.000205139	4.94886e-06	0.000423719
0.555966	-0.33096	0.184745	-7.80923e-05	0.00078444	-0.00108455
0.555964	-0.330965	0.184748	-0.000843248	-0.00167804	4.2007e-05
0.555969	-0.330963	0.184752	0.000915236	-0.000119743	0.00132572
0.555966	-0.330963	0.18475	-6.62969e-05	-0.00026675	0.000776535
0.555968	-0.330961	0.184751	0.000263979	0.000341896	0.000517228
0.555965	-0.330965	0.184749	-0.000532765	-0.000665549	-0.000316164
0.555969	-0.33096	0.184748	0.000541052	0.000893974	-0.000784284
0.555968	-0.330963	0.184752	0.000425911	-6.08023e-05	0.00107191
0.555968	-0.330957	0.184746	0.00035476	0.00202522	-0.00150368
0.555967	-0.330964	0.184753	0.000440645	-0.00097985	0.00167087
0.555966	-0.33096	0.184745	-0.00026526	0.000475546	-0.00127127
0.55597	-0.330959	0.184751	0.000575938	0.00044227	0.000631257
0.555967	-0.330959	0.184747	-0.000452697	0.00037627	-0.000872508
0.555966	-0.330965	0.184753	-0.000724745	-0.00167902	0.00129368
0.555966	-0.330962	0.184748	-0.000319725	0.000292878	-0.000539063
0.555968	-0.330959	0.184747	0.000150587	0.000580387	-0.00102766
0.555967	-0.330962	0.184747	9.11299e-05	-0.000201448	-0.00046266
0.555966	-0.330963	0.184751	2.79903e-05	-0.000312591	0.0011494
0.555965	-0.330965	0.184748	-0.000459337	-0.00114855	-0.000103769
0.555965	-0.33096	0.184745	-0.000480895	0.000919731	-0.00117622
0.555968	-0.330961	0.184749	0.000794519	0.000327201	0.000507628
0.555966	-0.330964	0.184749	-4.34073e-06	-0.00070214	0.000610845
0.555966	-0.330964	0.184747	-0.000210029	-0.000379421	-0.000566652
0.555964	-0.330962	0.184745	-0.000535061	0.000129427	-0.000582699
0.555967	-0.330962	0.184749	0.00035026	0.000247322	0.000621446
0.555966	-0.330962	0.184748	0.000177606	0.000222226	0.000294545
0.555964	-0.330962	0.184745	-0.00108508	-0.000327647	-0.00112652
0.555967	-0.330962	0.184751	0.000575758	0.000123321	0.00123233
0.555967	-0.330962	0.184748	0.000434629	-5.55408e-05	0.000151405
0.555964	-0.330964	0.184748	-0.000722785	-0.000581261	-0.000250041
0.555968	-0.330961	0.18475	0.000900307	0.000596941	0.000691443
0.555964	-0.330965	0.18475	-0.000428445	-0.000895474	0.000552105
0.555966	-0.330962	0.184749	-7.99661e-05	1.29686e-05	-0.000220643
0.555967	-0.330964	0.184749	0.000352091	-0.000382339	0.000116614
0.555967	-0.330962	0.184751	0.000538673	0.00103176	0.000474749
0.555964	-0.330963	0.184746	-0.000657294	0.000128999	-0.00128441
0.555965	-0.330964	0.184748	-0.000256334	-0.000161409	-0.000470808
0.555965	-0.330963	0.184747	-0.000388885	0.000103222	-0.000649627
0.555964	-0.33096	0.184742	-0.000155955	0.000769623	-0.00161012
0.555966	-0.330962	0.184749	0.000135946	-0.000487852	0.000994097
0.555965	-0.330965	0.184751	0.00013696	-0.0011503	0.00161203
0.555964	-0.330966	0.184748	-0.000128049	-0.000537921	-0.000141164
0.555966	-0.330962	0.184748	0.000303567	0.000838441	-0.000357444
0.555964	-0.330967	0.184749	-0.000584324	-0.000991587	0.000169458
0.555967	-0.330962	0.184747	0.000547718	0.000768546	-0.000522932
0.555967	-0.330964	0.184752	0.000345283	-0.000320598	0.00143092
0.555965	-0.33096	0.184744	-0.000248491	0.0010883	-0.00161834
0.555966	-0.330961	0.184748	4.49595e-05	0.000460075	0.000205558
0.555964	-0.330966	0.184749	-0.000137247	-0.00110183	0.000738912
0.555966	-0.330964	0.184747	2.84526e-05	-0.000282044	-0.000262811
0.555962	-0.330966	0.184745	-0.00120539	-0.000582778	-0.0007908
0.555965	-0.330968	0.18475	3.6739e-05	-0.00116286	0.00115665
0.555966	-0.330963	0.184748	0.000328569	0.000548854	-9.41047e-05
0.555966	-0.330959	0.184746	0.000282616	0.00174835	-0.000664774
0.555965	-0.330965	0.184748	5.51962e-05	-0.00024734	0.00018352
0.555962	-0.330967	0.184747	-0.000815269	-0.000892093	-0.000382862
0.555967	-0.330963	0.184747	0.000425127	1.58741e-05	-3.01475e-06
0.555965	-0.330966	0.184747	1.02654e-05	-0.000509716	2.28233e-05
0.555965	-0.330963	0.184744	-3.3555e-05	0.000525799	-0.00100588
0.555967	-0.330964	0.184753	0.000743291	0.000374105	0.00226054
0.555966	-0.330962	0.184747	0.000233481	0.000511277	-0.000174634
0.555966	-0.330962	0.18475	0.000153716	0.000324946	0.0007607
0.555965	-0.330965	0.184749	-0.0001593	-0.00105384	0.000448067
0.555965	-0.330963	0.184748	-2.81276e-05	-2.07729e-05	3.25921e-05
0.555964	-0.330964	0.184749	-0.000204968	7.22909e-05	0.000299374
0.555962	-0.330969	0.184746	-0.00083	-0.00153369	-0.00100215
0.555968	-0.330961	0.184749	0.00167986	0.000629904	0.00413578
0.555965	-0.330958	0.184744	0.000352665	0.00109989	0.00144188
0.555962	-0.330968	0.184746	-0.000928679	-0.00265315	0.00213979
0.555965	-0.33096	0.184746	0.000710653	0.000862833	0.00149274
0.555965	-0.330965	0.184748	0.000400792	-0.000822929	0.00171135
0.555964	-0.330966	0.184748	-7.56558e-06	-0.00038936	0.000932069
0.555966	-0.330965	0.18475	0.000716763	-0.000106151	0.00170902
0.555966	-0.330963	0.184747	0.000530892	0.000577511	0.00010498
0.555965	-0.330963	0.18475	-0.000120024	2.01034e-05	0.00112439
0.555964	-0.330964	0.184745	-0.00011835	5.92808e-05	-0.000563274
0.555964	-0.330965	0.184747	-0.000243203	-0.00053434	0.000187841
0.555966	-0.330962	0.18475	0.000517308	0.000595033	0.000651207
0.555964	-0.330962	0.184742	-0.000357331	0.000239013	-0.00184715
0.555966	-0.330962	0.184748	0.000376479	0.000396372	0.000544574
0.555965	-0.330965	0.184751	-0.000104543	-0.00095429	0.00153618
0.555967	-0.33096	0.18475	0.000788976	0.000920541	0.000982896
0.555966	-0.330963	0.184748	-2.96699e-05	-0.000460255	-9.77082e-05
0.555964	-0.330964	0.184745	-0.00066506	-0.000422599	-0.001156
0.555968	-0.330961	0.184748	0.000960399	0.000698413	0.000170255
0.555966	-0.330963	0.18475	-0.00209218	-0.00306262	-1.32488e-05
0.555967	-0.330961	0.18475	-0.00150425	-0.00232452	-2.05296e-06
0.555967	-0.330964	0.184751	-0.00136092	-0.00231344	0.000462447
0.55597	-0.330958	0.18475	0.000238441	0.000193462	-0.000334799
0.555971	-0.330959	0.184751	0.000330512	-0.000247005	0.000192804
0.555967	-0.330963	0.184752	-0.00084131	-0.00171084	0.000776309
0.555966	-0.330959	0.184747	-0.00108142	0.000136791	-0.00120265
0.555966	-0.330963	0.184749	0.000101329	-0.00147297	0.00375861
0.555967	-0.330961	0.184745	6.91916e-05	-0.000420997	0.00125947
0.555965	-0.330964	0.18475	-0.000439031	-0.00211638	0.00321808
0.555966	-0.330965	0.184752	1.45102e-05	-0.00163874	0.00263807
0.555967	-0.330958	0.184746	0.000303658	0.000966868	0.000175455
0.555967	-0.330958	0.184748	0.000232249	0.000407401	0.000863429
0.55597	-0.33096	0.184756	0.00100943	-0.000365794	0.0030741
0.555966	-0.330959	0.184746	-0.000284751	0.000546429	-0.000957238
0.555968	-0.330959	0.184752	0.000694749	0.000279027	0.00158503
0.555968	-0.330963	0.184751	-6.31007e-05	-0.000795486	0.0002078
0.555965	-0.33096	0.184744	-0.00101487	0.000337521	-0.0021348
0.555969	-0.330959	0.184752	0.000544394	0.000538069	0.0013884
0.555966	-0.330959	0.184746	-0.000182759	0.000839723	-0.00112822
0.555969	-0.330958	0.184749	0.000468566	1.44122e-06	0.000580921
0.555965	-0.330964	0.184749	-0.000831283	-0.00189226	0.000210622
0.555967	-0.330962	0.184751	0.000425509	5.56113e-05	0.0008721
0.555965	-0.330963	0.184749	-0.000237623	-0.000172017	0.000159928
0.555968	-0.33096	0.184751	0.000401049	0.000185223	0.000470448
0.555966	-0.330963	0.184749	-0.000442206	-0.000774585	-0.000344442
0.555966	-0.330963	0.184748	-0.000386337	-0.000433705	-0.000757474
0.555966	-0.33096	0.184747	-0.000331771	0.000571717	-0.000673292
0.555969	-0.330961	0.18475	0.000965168	7.91356e-05	0.000515006
0.555966	-0.33096	0.184749	-0.000177901	0.000641076	0.000107188
0.555967	-0.330962	0.184751	5.82748e-05	-0.000374305	0.000608928
0.555966	-0.330963	0.18475	-0.000486735	-0.000556581	7.08461e-05
0.555965	-0.330963	0.184745	-6.72476e-05	0.0001556	-0.00122658
0.555965	-0.330967	0.18475	-0.000234165	-0.00122846	0.000492253
0.555966	-0.33096	0.184745	-0.000358561	0.0015384	-0.00473959
0.555967	-0.330961	0.184749	-0.000659676	0.000599204	-0.0027206
0.555966	-0.330962	0.184749	-0.000380992	0.000516431	-0.00207024
0.555966	-0.330962	0.184748	-0.000221036	0.000259972	-0.00180097
0.555967	-0.330962	0.184749	-3.95324e-05	0.000145354	-0.000852045
0.555966	-0.330964	0.184749	-0.000391304	-0.000440943	-0.000621643
0.555966	-0.330964	0.184747	-0.000509034	-0.000749879	-0.00139201
0.555965	-0.330965	0.184752	0.000153489	-0.000217894	0.00114146
0.555964	-0.330962	0.184746	-0.000483757	0.000344943	-0.00137047
0.555964	-0.330962	0.184742	-0.000344246	0.000338814	-0.00240084
0.555966	-0.330966	0.184752	0.000188657	-0.000901445	0.00152496
0.555967	-0.33096	0.184747	0.000305976	0.000726198	-0.000312774
0.555966	-0.330963	0.184747	-0.000126994	2.47486e-05	-0.000317064
0.555966	-0.330963	0.184747	-8.05371e-05	5.83567e-05	-0.000293228
0.555965	-0.330963	0.184749	2.30039e-05	-0.000130815	0.000471022
0.555966	-0.330962	0.18475	0.000201685	0.000548706	0.00055832
0.555962	-0.330963	0.184744	-0.000941759	-0.000179663	-0.0012777
0.555963	-0.330965	0.184743	-0.000599249	-0.000844098	-0.00136058
0.555967	-0.330963	0.184749	0.000926062	0.000456006	0.000822933
0.555964	-0.330965	0.184746	-0.000124856	-0.000581844	-0.000139357
0.555963	-0.33097	0.184751	-0.000355499	-0.00160781	0.00149333
0.555963	-0.330968	0.184751	-0.000704508	-0.000602981	0.000223434
0.555962	-0.330963	0.184741	-0.000303346	0.000864361	-0.00195268
0.555968	-0.330959	0.184747	0.000758873	0.00281968	-0.00365792
0.555964	-0.330964	0.184744	-0.000942635	9.17499e-05	-0.0039918
0.555966	-0.330965	0.184751	-0.000299797	-0.000208767	-0.000710047
0.555966	-0.330962	0.184745	-7.6604e-05	0.000509036	-0.00252097
0.555967	-0.330964	0.184748	0.000612103	0.00051769	-0.00077278
0.555963	-0.330966	0.184749	-0.000711775	-0.000244735	-9.13166e-05
0.555964	-0.330962	0.184745	-0.000105539	0.00113921	-0.0017985
0.555964	-0.330971	0.184753	-0.000210354	-0.00212707	0.00141161
0.555964	-0.330963	0.184747	-0.000286484	0.000887816	-0.00123075
0.555965	-0.330959	0.184744	0.000270514	0.00158131	-0.00130412
0.555965	-0.330967	0.184752	0.000132326	-0.001056	0.00142125
0.555964	-0.330965	0.184748	-0.000521294	-0.000179872	-0.000380532
0.555966	-0.330961	0.184747	0.000195962	0.000949553	-0.000702957
0.555961	-0.330968	0.184744	-0.00154464	-0.00166556	-0.00140369
0.555966	-0.330961	0.184747	6.4541e-05	0.000404496	-0.00028618
0.555967	-0.330961	0.184748	0.000563219	0.000474507	0.000232146
0.555963	-0.330966	0.184748	-0.00104497	-0.00211738	0.000375321
0.555966	-0.330963	0.184751	0.000339784	-9.18189e-05	0.00107832
0.555963	-0.330965	0.184745	-0.000622034	-5.16714e-05	-0.00142179
0.555965	-0.330963	0.184746	-0.000162387	-0.00024766	-0.000588534
0.555964	-0.330961	0.184746	0.000322312	0.000995797	-0.000190258
0.555963	-0.330963	0.184746	-0.00050977	-0.000277008	2.57048e-05
0.555967	-0.330961	0.184747	0.0010652	0.000811261	7.80849e-05
0.555962	-0.330967	0.184748	-0.000782847	-0.00119105	0.00032993
0.555964	-0.330965	0.184747	-8.93711e-05	-0.000408784	2.61702e-05
0.555967	-0.330965	0.184754	0.000821001	-0.00029225	0.00218213
0.555966	-0.330964	0.18475	0.000343888	-8.52717e-06	0.000277391
0.555966	-0.330961	0.184745	0.000139146	0.00158869	-0.00158238
0.555966	-0.33096	0.184747	0.000123499	0.000878929	-0.0004262
0.555969	-0.330958	0.184748	0.00100478	0.00134643	0.000196019
0.555965	-0.330965	0.184749	0.000236361	-0.00168704	0.00437412
0.555968	-0.330963	0.184753	0.0010261	-0.000371762	0.0044939
0.555968	-0.330959	0.184747	0.000599968	0.000500208	0.00101205
0.555967	-0.33096	0.184747	0.000263101	-0.000214913	0.0013834
0.555968	-0.330961	0.18475	0.00028348	-0.00034675	0.00167811
0.555967	-0.33096	0.184745	0.000189264	0.000543589	-0.000506422
0.555969	-0.330962	0.184752	0.000525215	-0.000608375	0.00225927
0.555967	-0.330963	0.184752	4.67461e-05	-0.000972873	0.00163668
0.555966	-0.330959	0.184747	-0.000230226	0.000377706	-0.000152426
0.555967	-0.330962	0.184751	-0.000101952	-0.000580277	0.000880813
0.555967	-0.33096	0.184748	5.07169e-05	0.000304122	-0.000506698
0.555966	-0.330962	0.18475	-0.000139768	-0.000480127	0.000751583
0.555966	-0.330962	0.184747	-0.000257041	-0.000245771	-0.000491378
0.555966	-0.330966	0.184749	4.07449e-05	-0.000973175	0.000244772
0.555966	-0.330964	0.184751	-6.47453e-05	-0.000609436	0.000904166
0.555966	-0.330962	0.184746	2.58543e-05	0.000321284	-0.00097855
0.55597	-0.330956	0.184746	0.00092879	0.00241019	-0.00096625
0.555966	-0.330962	0.184746	-0.000313044	-0.000537762	-0.000417471
0.555966	-0.330962	0.184748	-0.00033634	-0.000288814	4.69665e-05
0.555968	-0.330962	0.184752	0.000429604	-0.000143785	0.0015292
0.555965	-0.330963	0.184747	-0.000918228	-0.000398708	-0.000908373
0.555967	-0.330962	0.184747	8.98804e-05	-0.000133594	-0.000399463
0.555968	-0.33096	0.18475	0.000616964	0.000985865	0.000491636
0.555965	-0.330961	0.184748	-0.000211482	0.000366181	-7.93463e-05
0.555966	-0.330965	0.184753	-4.05418e-05	-0.00135915	0.00177356
0.555968	-0.330959	0.184748	0.000718424	-6.51185e-06	0.00303435
0.555966	-0.330961	0.184746	-0.00026876	-8.54059e-05	-0.0017811
0.555967	-0.33096	0.184749	-0.000285259	1.68145e-06	-0.000537081
0.555965	-0.330962	0.184751	-0.000522657	-0.000480963	0.000421777
0.555966	-0.330959	0.184747	-0.000545482	0.000564865	-0.00125554
0.555964	-0.330962	0.184744	-0.00084762	-0.00060972	-0.00172684
0.555966	-0.330961	0.184749	0.000295348	0.000274079	0.000652224
0.555967	-0.330962	0.18475	0.000373793	5.91146e-05	0.000209455
0.555969	-0.330956	0.184747	0.000901398	0.00163749	-0.000878479
0.555963	-0.330969	0.184747	-0.00130479	-0.00249914	-0.000564958
0.555964	-0.330965	0.184747	-0.000320378	-0.00056931	-1.5366e-05
0.555967	-0.330963	0.18475	0.000412786	-0.000113436	0.000779589
0.555967	-0.330964	0.18475	0.000267529	-0.000118762	0.000587298
0.555967	-0.330963	0.184748	0.000277287	0.000472523	-0.000570673
0.555968	-0.33096	0.184751	0.000507801	0.000877865	0.000851166
0.555965	-0.330965	0.18475	-0.00122161	-0.000307119	-0.00340386
0.555967	-0.330965	0.184751	-0.000161067	2.84315e-05	-0.00246533
0.555967	-0.330962	0.18475	-0.000354205	0.000958247	-0.00253853
0.555963	-0.330965	0.184745	-0.0010687	-0.000142782	-0.00306762
0.555963	-0.330968	0.184749	-0.00112046	-0.00124254	-0.00111533
0.555965	-0.330965	0.184749	-0.000181434	0.000221717	-0.000869263
0.555966	-0.330966	0.184748	0.000505949	0.000371937	-0.000959958
0.555965	-0.330964	0.184747	0.000585661	2.45619e-05	0.00302121
0.555968	-0.330961	0.184747	0.00119143	0.000796623	0.00221525
0.555966	-0.330962	0.184749	0.000213334	0.000234493	0.00208786
0.555962	-0.330967	0.184747	-0.00073772	-0.00132896	0.00140786
0.555965	-0.330962	0.184747	0.000562998	0.000427612	0.00100933
0.555964	-0.330962	0.184746	-0.00012047	5.35042e-05	0.000282926
0.555967	-0.330961	0.184749	0.000605167	0.000193324	0.00124099
0.555965	-0.330962	0.184745	-0.000396951	5.1208e-05	-0.000720232
0.555966	-0.330965	0.184748	0.000275398	-0.000574682	0.000479716
0.555965	-0.330961	0.184744	-2.58065e-06	0.000598388	-0.000444523
0.555964	-0.330962	0.184747	-0.000162297	-0.00020112	0.000652064
0.555966	-0.330967	0.184756	0.000367194	-0.00214639	0.00339599
0.555964	-0.330961	0.184743	-0.000653701	0.000866241	-0.00197756
0.555965	-0.330964	0.184747	0.000158821	2.54246e-05	-6.31181e-05
0.555967	-0.330961	0.184746	0.000389625	0.00051223	-0.000408948
0.555963	-0.330965	0.184745	-0.000726329	-0.000412586	-0.000794542
0.555966	-0.330963	0.184747	0.000660223	0.000271822	0.000293041
0.555964	-0.330964	0.184747	-0.000296952	4.63569e-05	-3.09162e-05
0.555965	-0.330963	0.184744	-0.000116148	-6.6469e-06	-0.000809776
0.555967	-0.330961	0.184752	0.000362001	0.00022746	0.00155562
0.555965	-0.330961	0.184747	-0.000279604	-4.54358e-05	-0.000264032
0.555965	-0.330962	0.184748	0.000181624	0.000185689	0.000525994
0.555962	-0.330967	0.184744	-0.00106511	-0.00167516	-0.00125347
0.555965	-0.330964	0.184748	6.85332e-06	-0.000301603	0.00034512
0.555965	-0.330967	0.184753	8.46276e-05	-0.00100745	0.00200741
0.555964	-0.330967	0.184751	-0.000108572	-0.00056713	0.000702653
0.555965	-0.330963	0.184746	0.000278812	0.000911753	-0.00121253
0.555966	-0.330962	0.184748	0.000799297	0.000733003	0.000260463
0.555967	-0.330964	0.184755	0.00100014	0.000159288	0.00244426
0.555969	-0.330964	0.184751	0.000834998	-4.23214e-05	0.000563054
0.555963	-0.330965	0.184744	-0.00130082	-0.000667893	-0.00196884
0.555965	-0.330964	0.184746	-0.000519714	-0.000130481	-0.00112914
0.555965	-0.330964	0.184749	-0.000181702	-0.000253827	0.000342787
0.555965	-0.330967	0.184752	-3.14344e-05	-0.000912495	0.00105577
0.555966	-0.330961	0.184747	0.000410392	0.00124452	-0.000652356
0.555964	-0.330964	0.184745	-0.000435774	-6.60434e-05	-0.0010956
0.555965	-0.330963	0.184749	1.33735e-05	0.000338924	0.000734903
0.555966	-0.330959	0.184746	0.00043052	0.00143697	-0.000628671
0.555962	-0.330967	0.184747	-0.000902192	-0.00107172	-0.000465817
0.555965	-0.330966	0.184749	0.000216507	-0.00058505	0.00033844
0.555968	-0.330963	0.184751	0.00108909	0.000257557	0.00126008
0.555964	-0.330964	0.184747	-0.000330186	0.000345098	-0.000313913
0.55597	-0.330959	0.184751	0.00171328	0.00146776	0.00108211
0.555967	-0.330959	0.184747	-5.0682e-05	0.000645048	-0.000763882
0.555964	-0.330962	0.184745	-0.000829434	-0.000352653	-0.000894938
0.555965	-0.330963	0.184748	-0.000497867	-0.00035669	-1.70245e-05
0.555962	-0.330964	0.184746	-0.000924542	-0.000532425	-0.000396987
0.555966	-0.330961	0.184747	0.000221458	0.000533341	-0.000386417
0.555965	-0.330963	0.184747	6.22186e-05	-0.000371889	8.09273e-05
0.555968	-0.330959	0.18475	0.00104163	0.00107993	0.00074264
0.555967	-0.330962	0.18475	0.000195533	-0.000265764	0.000924378
0.555967	-0.33096	0.184749	5.08676e-05	-0.000135876	0.000122422
0.55597	-0.330957	0.184748	0.000828186	0.00145476	-0.000383724
0.555964	-0.330964	0.184745	-0.000736079	-0.000871977	-0.000980866
0.555967	-0.330963	0.184751	0.000357098	-0.000592429	0.00148559
0.555963	-0.330964	0.184747	-0.00129002	-0.000631652	-0.000799633
0.555966	-0.330963	0.184746	-0.00020854	-0.000164239	-0.000905268
0.555967	-0.330963	0.18475	0.000579747	2.00377e-05	0.000850435
0.555964	-0.330967	0.184751	-0.000652002	-0.00141968	0.000820157
0.555967	-0.330964	0.18475	0.000296196	-3.11581e-05	0.000293789
0.555968	-0.330957	0.184746	0.00051292	0.00189951	-0.000892742
0.555967	-0.330964	0.184748	0.000407447	-0.000874619	7.13307e-05
0.555968	-0.330961	0.184753	0.000414017	0.000568477	0.00142287
0.555964	-0.330964	0.184745	-0.000929981	-0.000644805	-0.00150828
0.555963	-0.330963	0.184744	-0.00085297	0.000479812	-0.00167697
0.555964	-0.330965	0.184746	-0.000270385	-0.000720631	0.000191927
0.555964	-0.330968	0.18475	-8.7402e-05	-0.0011847	0.000959555
0.555965	-0.33096	0.184746	0.000225603	0.00119526	-0.00048973
0.555966	-0.330965	0.184749	0.000607314	-0.000316273	0.000682529
0.555965	-0.330961	0.184745	-0.000485583	0.000536582	-0.00124072
0.555963	-0.330964	0.184745	-0.000739396	6.55003e-06	-0.000646892
0.555964	-0.330963	0.184747	-0.000100899	0.00039336	0.000170595
0.555966	-0.330967	0.184752	0.000520974	-0.000950014	0.0017337
0.555965	-0.330961	0.184744	0.00030607	0.000933164	-0.00142817
0.555966	-0.330962	0.184749	0.000469059	0.000356751	0.000732668
0.555967	-0.330958	0.18475	0.00076359	0.00125447	0.000875539
0.555965	-0.330962	0.184746	-0.000619032	-0.000346867	-0.000791037
0.555965	-0.330965	0.184749	-0.000311769	-0.00105322	0.000409742
0.555966	-0.330961	0.184745	0.000142241	0.000471554	-0.000819958
0.555964	-0.330966	0.184747	-0.000717281	-0.00128005	-3.05626e-05
0.555965	-0.330962	0.184747	0.000177079	0.000820263	-0.000236355
0.555965	-0.330963	0.184748	0.000250653	0.000503279	0.000324714
0.555967	-0.330961	0.184749	0.0004814	0.000105238	0.000624814
0.555967	-0.330963	0.184751	0.000465915	-0.000268279	0.000866993
0.555965	-0.330965	0.184745	-0.000582108	-0.000757725	-0.00136316
0.555968	-0.330963	0.184754	0.000745859	-1.81642e-05	0.00214422
0.555964	-0.330966	0.184745	-0.000864338	-0.00105628	-0.00112969
0.555968	-0.330958	0.184747	0.000852099	0.00185512	-0.000261264
0.555968	-0.330961	0.184747	0.000376104	0.000599083	-0.000426538
0.555965	-0.330962	0.184746	-0.000460934	0.000127482	-0.000327385
0.555967	-0.330963	0.184753	0.000228831	-0.00099437	0.00207245
0.555965	-0.330965	0.184749	-0.00061676	-0.000820915	-8.40187e-05
0.555967	-0.330962	0.18475	0.000202617	0.000482827	-5.57945e-05
0.555966	-0.330965	0.184752	0.000211188	-0.000508648	0.000934371
0.555966	-0.330964	0.184749	-0.000268605	2.72962e-05	-0.000446127
0.555965	-0.330964	0.18475	-0.000259504	0.000171404	-9.41482e-05
0.555966	-0.33096	0.184749	0.000112785	0.00128701	-0.00032649
0.555965	-0.330963	0.184745	-0.000323806	-0.000292328	-0.00127539
0.555965	-0.330965	0.184748	-0.000105836	-0.00103003	0.000146167
0.555967	-0.330962	0.184748	0.000284386	0.000514717	-0.000190722
0.555965	-0.330965	0.184746	-0.000297043	-0.000760372	-0.000449771
0.555966	-0.330961	0.184747	0.0005724	0.00116034	-7.15089e-05
0.555967	-0.33096	0.184746	0.00049174	0.000614637	-0.00022864
0.555965	-0.330965	0.184749	-0.00031173	-0.000590257	0.000630412
0.555965	-0.330963	0.184745	0.000595046	-0.000272872	0.00316535
0.555965	-0.330961	0.184747	0.000395631	-0.00019206	0.00319561
0.555965	-0.330965	0.18475	0.000496317	-0.00115681	0.00316978
0.555965	-0.330964	0.184748	5.47728e-05	-0.000467025	0.00135793
0.555968	-0.330966	0.184753	0.00042801	-0.00140562	0.00278857
0.555966	-0.330963	0.184746	-0.000195919	0.000217056	-0.000392871
0.555966	-0.330962	0.184747	0.000435628	0.000391191	0.000248493
0.555964	-0.330962	0.184746	-0.000661579	0.000285429	-0.000268799
0.555967	-0.330962	0.184749	0.000436291	0.000193525	0.00109019
0.555969	-0.33096	0.184751	0.000739091	0.000541247	0.0013732
0.555967	-0.330963	0.18475	0.000320151	-0.000187859	0.000542707
0.555964	-0.330962	0.184744	-0.0013831	0.000499354	-0.00510408
0.555963	-0.330965	0.184747	-0.00129961	-6.04759e-05	-0.00299189
0.555969	-0.330961	0.184751	0.000725317	0.000817547	-0.00101858
0.55597	-0.330958	0.184749	0.000668833	0.00116732	-0.00137697
0.555966	-0.330965	0.18475	-0.000789941	-0.00117466	-0.00118929
0.555966	-0.330963	0.184749	-0.000453912	-4.14425e-05	-0.00122349
0.555967	-0.330961	0.184751	0.000115712	0.000291636	0.000256259
0.555967	-0.330964	0.184749	-0.00015797	-0.000402036	-0.000545653
0.555964	-0.330964	0.184749	-0.000787127	-0.000471068	-0.000125869
0.555966	-0.330959	0.184744	-0.000218087	0.000946732	-0.00174843
0.555967	-0.330965	0.184754	0.00018508	-0.0011064	0.00170893
0.555965	-0.330964	0.18475	-0.000448293	-0.000172005	-0.000237455
0.555966	-0.330961	0.184745	0.000306105	0.000734816	-0.001598
0.555964	-0.330962	0.184743	-0.00050928	0.000430761	-0.0017984
0.555967	-0.330964	0.184751	-0.000244624	0.000206282	-0.00269047
