Xl_x	Xl_y	Xl_z	Vl_x	Vl_y	Vl_z
0.55789	-0.314019	0.181014	-0.000479658	-0.000222981	-0.000684503
0.537892	-0.0238119	0.304908	0.000462582	-0.000222869	0.00142071
0.537893	-0.0238089	0.304907	0.000326542	0.000849924	0.000448476
0.537892	-0.0238134	0.304906	-0.000124987	-0.000920692	-6.03498e-05
0.537891	-0.0238133	0.304905	-0.000362291	-0.000596919	7.7098e-05
0.537892	-0.0238134	0.304903	-5.00396e-05	-0.000408654	-0.000616381
0.537892	-0.0238177	0.304904	0.000266338	-0.00173471	0.000496082
0.537892	-0.0238122	0.304902	0.000163541	0.000293074	-0.00116632
0.537892	-0.0238085	0.304901	0.000175217	0.00168966	-0.000776588
0.537892	-0.0238132	0.304907	0.000122074	-0.000374287	0.00145288
0.537891	-0.0238148	0.304903	-0.000602947	-0.000713033	-0.000795226
0.537892	-0.0238162	0.304907	0.000240557	-0.000954954	0.00123281
0.537889	-0.0238161	0.304899	-0.00080078	-0.000592969	-0.00179694
0.53789	-0.0238133	0.304902	-0.000160656	0.000536116	-0.000315194
0.537893	-0.0238134	0.304905	0.000782489	0.000318309	0.000437129
0.537892	-0.0238134	0.304904	0.000209843	0.000224227	0.000381831
0.537891	-0.0238118	0.304906	-0.000425168	0.000676353	0.000466243
0.537895	-0.023809	0.304909	0.00101027	0.00138731	0.00186489
0.537892	-0.0238119	0.304907	-0.000224732	-3.39763e-05	0.000146246
0.537892	-0.0238147	0.304909	-0.000194543	-0.000964606	0.000571381
0.537893	-0.0238131	0.304904	0.000113237	0.000292325	-0.00123345
0.537892	-0.0238123	0.304905	6.90541e-05	0.000198407	-0.000350544
0.537893	-0.023812	0.304907	7.19677e-05	0.000128556	0.000265919
0.537891	-0.0238104	0.304906	-0.00017641	0.000597038	0.000322476
0.537891	-0.0238089	0.304906	-4.07195e-05	0.000888932	0.000739475
0.53789	-0.0238133	0.304901	-0.000502448	-0.00087558	-0.00188968
0.537892	-0.0238132	0.304908	0.000355696	-0.000565647	0.00100279
0.537892	-0.0238149	0.304899	-2.31395e-06	-0.000915761	-0.0023292
0.537891	-0.0238132	0.3049	-0.000200456	-5.24606e-05	-0.000959763
0.537891	-0.0238148	0.304908	-0.000339632	-0.000580784	0.00194951
0.537892	-0.0238119	0.304906	0.000382715	0.000587874	0.000592324
0.537891	-0.0238135	0.304903	-0.000455792	-0.000523781	-0.00089709
0.537891	-0.0238144	0.304905	2.51261e-05	-0.000416101	0.000284709
0.53789	-0.0238132	0.304903	-0.000204806	0.000231926	-0.000140694
0.537893	-0.0238119	0.304907	0.000495908	0.000625248	0.000670789
0.537891	-0.0238177	0.304903	-0.000174509	-0.00151008	-0.00098795
0.537891	-0.0238103	0.304903	-0.000254482	0.00144936	-0.000510655
0.537891	-0.0238118	0.304904	-0.000198371	0.000467523	0.00013035
0.537892	-0.0238092	0.304905	0.000532849	0.000780354	0.000880313
0.53789	-0.0238129	0.304904	-0.000360919	-0.000446306	-0.000230458
0.537892	-0.0238118	0.304902	0.000342785	0.000177163	-0.00086303
0.537893	-0.0238107	0.304904	0.000342115	0.000112333	0.000474717
0.537892	-0.023813	0.304907	-0.000108661	-0.000408903	0.000881631
0.537891	-0.0238102	0.304902	-0.000350005	0.000739059	-0.00124064
0.537891	-0.0238103	0.304904	3.62462e-05	0.000477484	3.97806e-06
0.537891	-0.0238133	0.304905	3.84983e-05	-0.000683536	0.000528221
0.537891	-0.0238118	0.304902	-4.10846e-06	5.19528e-05	-0.000648038
0.537892	-0.0238104	0.304905	0.000100363	0.000528145	0.000592088
0.537891	-0.0238148	0.304903	-0.000359541	-0.00112699	-0.000512062
0.537892	-0.0238134	0.304906	0.000389525	-0.000205094	0.00089602
0.537892	-0.0238122	0.304904	-1.24542e-05	-0.000114522	0.000242939
0.537891	-0.0238107	0.304902	-3.42027e-05	-7.07159e-05	-0.000338611
0.537891	-0.0238109	0.304904	2.56739e-05	0.000457333	0.000274845
0.537891	-0.0238115	0.304901	-9.35214e-05	0.000312814	-0.00134349
0.537892	-0.0238147	0.304904	4.31169e-06	-0.000791471	0.00063011
0.53789	-0.0238146	0.304903	-0.000271058	-0.000461962	6.08442e-05
0.537891	-0.0238133	0.304903	2.77913e-05	0.000130335	-0.000150658
0.537893	-0.0238104	0.304905	0.000673196	0.00105844	0.000665106
0.537892	-0.0238134	0.304906	0.000215883	-0.000284217	0.000634526
0.537891	-0.0238161	0.304903	-0.000534501	-0.00110564	-0.000843958
0.537891	-0.0238162	0.304906	-0.000115616	-0.000751138	0.000246428
0.537892	-0.0238149	0.304904	0.000224976	-6.41478e-05	-0.000426916
0.537892	-0.0238134	0.304906	-0.000110066	0.000468327	0.000307452
0.537891	-0.0238135	0.304905	-2.66895e-06	-0.000137519	0.000278865
0.53789	-0.0238142	0.304899	-0.000326446	-7.57417e-05	-0.0011687
0.537891	-0.0238145	0.304904	7.80866e-05	-6.4923e-05	0.000551556
0.537891	-0.0238148	0.304902	2.67345e-05	-9.26427e-05	-0.000606747
0.537892	-0.0238133	0.304903	1.08728e-05	0.000436553	-0.000428423
0.537891	-0.0238147	0.304905	3.92595e-05	-0.000162729	0.000711795
0.53789	-0.0238133	0.304902	-0.000258853	0.000358817	9.40667e-05
0.537891	-0.0238162	0.304906	0.000149214	-0.000642723	0.000967794
0.537891	-0.0238132	0.304904	8.89863e-05	0.000579366	0.000121667
0.537894	-0.0238153	0.304908	0.000652326	-0.000690287	0.000870487
0.537892	-0.023813	0.304907	-0.000166501	0.000573946	0.00026453
0.537892	-0.0238161	0.304905	9.66464e-05	-0.000655444	-0.000441563
0.53789	-0.0238102	0.304905	-0.000407909	0.00152685	-5.69538e-05
0.53789	-0.0238132	0.304902	-0.000485398	-0.0033521	-0.00101869
0.537892	-0.0238151	0.304906	-4.70691e-05	-0.00348374	0.00020137
0.537893	-0.02381	0.304907	0.000376459	-0.000609116	0.00101756
0.537892	-0.0238191	0.304902	3.5511e-05	-0.00349884	-0.000824514
0.537893	-0.0238134	0.304906	0.000156509	-0.00051465	0.000452103
0.537892	-0.0238104	0.304908	-0.000141058	0.000579039	0.00089222
0.537892	-0.0238134	0.304906	-0.000160693	-0.000676769	-0.000378596
0.537891	-0.0238104	0.304908	1.27896e-05	0.000487226	0.00124827
0.53789	-0.0238146	0.304903	-0.000716504	-0.00112056	-0.00141017
0.537891	-0.0238147	0.304903	4.37657e-05	-0.000801938	-0.000726042
0.537892	-0.0238164	0.304906	0.000236754	-0.000553052	0.000599871
0.537892	-0.023813	0.304907	-0.000129338	0.00121038	-8.48516e-05
0.53789	-0.023816	0.304903	-0.000703227	-0.000116795	-0.0012708
0.537891	-0.0238118	0.304905	0.000169974	0.00133704	0.000367978
0.537892	-0.0238149	0.304907	0.000374208	-0.000122043	0.00062665
0.537892	-0.0238122	0.304902	0.000199949	0.000420769	-0.0015538
0.537893	-0.0238174	0.304909	0.000202133	-0.00117661	0.000985665
0.537892	-0.0238147	0.304906	-0.00021593	0.000182664	-0.000274772
0.537893	-0.0238119	0.304907	0.000205482	0.00110739	0.000199113
0.537892	-0.0238148	0.304906	-0.000179928	-0.000249999	-0.000222643
0.537891	-0.0238148	0.304902	-0.000204706	-0.000164782	-0.00117458
0.537893	-0.0238163	0.304905	0.000268863	-0.000580085	0.000175737
0.537893	-0.0238133	0.304907	0.000188014	0.000614572	0.000565946
0.537892	-0.0238164	0.304907	1.73022e-05	-0.000639061	0.000327322
0.537892	-0.0238177	0.304908	4.67088e-05	-0.000875111	0.000740895
0.537892	-0.0238177	0.304906	-0.000299969	-0.000565505	-0.000387977
0.537893	-0.0238177	0.304903	5.97798e-05	-0.000384732	-0.00134926
0.537894	-0.0238149	0.304905	0.000412935	0.000671333	-1.57794e-05
0.537892	-0.0238153	0.304903	-2.60638e-05	-4.2454e-05	0.000107762
0.537892	-0.0238177	0.304907	-3.98643e-05	-0.000974382	0.00104139
0.537893	-0.0238129	0.304906	0.000374243	0.00128057	0.000129968
0.537893	-0.0238162	0.304908	-7.66822e-05	-0.000129875	0.000679671
0.537893	-0.0238147	0.30491	2.80785e-05	0.000458698	0.00097579
0.537892	-0.0238147	0.304903	-0.000114352	0.00031311	-0.00137187
0.537893	-0.0238164	0.304908	-5.50425e-05	-0.000344627	0.000558225
0.537892	-0.0238177	0.304902	-0.000160702	-0.000671775	-0.00162718
0.537893	-0.0238148	0.304905	2.16237e-05	0.000544125	-5.86438e-05
0.537892	-0.0238147	0.304902	-4.39147e-05	0.000372035	-0.000565616
0.53789	-0.0238161	0.304904	-0.00057719	-0.00022929	-0.000115516
0.537892	-0.0238177	0.304906	-7.26701e-05	-0.000665401	0.000329205
0.537893	-0.0238163	0.304905	0.000564327	2.41458e-05	1.17223e-05
0.537893	-0.0238119	0.304908	0.000180615	0.00147236	0.00109929
0.537891	-0.0238133	0.3049	-0.000645113	0.000519616	-0.00205507
0.537892	-0.0238177	0.304907	0.000132764	-0.00112892	0.000840735
0.537893	-0.0238149	0.304907	0.000221067	0.00019139	0.000637067
0.537892	-0.0238149	0.304908	0.00014445	0.00012739	0.000900407
0.537892	-0.0238163	0.304905	5.34234e-05	-0.00035784	-0.000376858
0.537894	-0.023812	0.304911	0.00048283	0.00118548	0.00163173
0.537893	-0.0238134	0.304905	-0.000112328	0.00031209	-0.000816292
0.537893	-0.0238148	0.304906	-3.98696e-05	-0.000243644	-2.24769e-05
0.537892	-0.0238147	0.304907	-0.000341228	-0.000148399	0.000551124
0.537891	-0.0238133	0.304901	-0.000558398	0.000364218	-0.00148595
0.537891	-0.0238162	0.304906	-0.000362184	-0.000707408	7.73488e-06
0.537891	-0.0238148	0.304903	-0.000306016	-1.46702e-05	-0.00102012
0.537893	-0.0238119	0.304911	0.000615945	0.000944109	0.00213572
0.537891	-0.0238162	0.304909	-0.000325202	-0.00078075	0.000605617
0.537893	-0.0238104	0.304903	0.000382129	0.00139987	-0.00130007
0.537894	-0.023812	0.304912	0.000635389	0.000415095	0.00198581
0.537893	-0.0238164	0.304904	-0.000744948	-0.00116821	-0.00197831
0.537892	-0.0238177	0.304907	-0.000580648	-0.00122106	-0.000417534
0.537892	-0.0238162	0.304907	-0.000733066	-0.000301333	-0.000711574
0.537894	-0.0238123	0.304907	-0.00018201	0.000736421	-0.000602841
0.537891	-0.0238143	0.304903	-0.00075794	7.17409e-05	-0.00117259
0.537891	-0.0238136	0.304903	-0.00056023	-5.03533e-06	-0.00130238
0.537891	-0.0238144	0.304903	-0.000396288	-4.01957e-06	-0.000408012
0.537892	-0.0238147	0.304907	-0.000172045	-6.473e-06	0.0012375
0.537891	-0.0238148	0.3049	-0.000317475	7.33821e-06	-0.00173219
0.537893	-0.0238134	0.304909	0.000487492	0.000470322	0.00157646
0.537893	-0.0238134	0.30491	0.000130131	0.000323388	0.00123882
0.537894	-0.0238163	0.304908	0.000536927	-0.00075062	0.000534683
0.537892	-0.0238149	0.304905	-0.000262272	-2.65833e-05	-0.000909815
0.537892	-0.0238119	0.304906	-0.000107081	0.000983663	-0.00010911
0.537893	-0.0238108	0.304908	0.000257812	0.000638735	0.000808486
0.537892	-0.02381	0.304907	-0.000392034	0.000947679	0.000272783
0.537893	-0.0238088	0.304907	1.28243e-05	0.00112061	-0.000435051
0.537891	-0.0238132	0.304908	-0.000338513	-0.000686217	0.000299514
0.537892	-0.0238149	0.304904	4.10112e-05	-0.00101787	-0.0013414
0.537892	-0.0238134	0.304907	-0.000239742	-0.000169071	0.000171066
0.537893	-0.0238134	0.30491	0.000232619	-0.000131739	0.00104842
0.537892	-0.0238147	0.304905	-0.000251133	-0.000512349	-0.000709499
0.537891	-0.023815	0.304907	-0.000442936	-0.000831677	0.000143774
0.537891	-0.0238128	0.304903	-5.68275e-05	0.000433396	-0.00104775
0.537893	-0.0238118	0.304907	0.000345749	0.000720592	0.000212052
0.537893	-0.0238159	0.304912	0.00060054	-0.000487764	0.00204455
0.537891	-0.023818	0.304903	-0.000419701	-0.00128176	-0.0014509
0.537891	-0.0238119	0.304902	-0.0001612	0.00108602	-0.000938578
0.537893	-0.0238135	0.304907	0.000506683	0.000192581	0.00063845
0.537892	-0.0238122	0.304903	-0.000298618	0.000158439	-0.00083859
0.537893	-0.023813	0.304905	7.34309e-05	9.22769e-05	-0.000204658
0.537892	-0.0238132	0.304906	4.61925e-05	6.54223e-05	0.000339251
0.537892	-0.0238103	0.304908	-0.000116723	0.0010469	0.000894888
0.537894	-0.0238134	0.304911	0.000517381	-0.000326701	0.00138415
0.537892	-0.0238134	0.304904	-0.00046094	-0.00356669	-0.00132027
0.537894	-0.023812	0.304908	0.000277137	-0.00218916	0.000333598
0.537892	-0.0238134	0.304906	-0.000489738	-0.00214087	-0.000570468
0.537892	-0.0238134	0.304907	-0.000245876	-0.00158787	0.000169835
0.537894	-0.0238105	0.304908	0.000456179	-0.000213528	0.000855568
0.537892	-0.0238089	0.304906	-4.13243e-05	0.000289294	-0.000338612
0.537893	-0.0238119	0.30491	0.000315007	-0.000890631	0.00118065
0.537891	-0.0238148	0.304906	-0.000505383	-0.00161211	-0.000503153
0.537892	-0.0238147	0.304905	-8.30536e-05	-0.00106672	-0.000954264
0.537893	-0.0238134	0.30491	4.1137e-05	-0.000301621	0.000864436
0.537891	-0.0238177	0.304906	-0.000368699	-0.00164929	-0.000307476
0.537893	-0.0238134	0.304907	0.00113043	0.000271741	0.000532535
0.537893	-0.0238149	0.304906	0.000814423	-0.000333673	0.000423924
0.537893	-0.0238164	0.304908	0.000888191	-0.000747644	0.000716588
0.537894	-0.0238163	0.304909	0.000913573	-0.00046891	0.000871006
0.537892	-0.0238119	0.304906	9.77551e-05	0.00115573	-0.000153989
0.537892	-0.0238134	0.304904	7.58368e-05	0.000265042	-0.000552606
0.537892	-0.0238149	0.304909	0.000155068	-0.000334223	0.00117072
0.537891	-0.0238117	0.304904	-0.0002542	0.000845282	-0.000641436
0.537892	-0.0238152	0.304905	0.000110928	-0.00100075	-8.35967e-06
0.537893	-0.0238085	0.304904	0.000134002	0.00182384	-0.000522335
0.537892	-0.0238149	0.304907	0.000794031	-0.00126047	0.0016238
0.537893	-0.0238147	0.304906	0.00114622	-0.000947725	0.000419995
0.537892	-0.0238143	0.304903	0.000518687	-0.00017729	-0.0005455
0.537892	-0.0238132	0.304904	0.000443256	0.000371865	0.000176898
0.537892	-0.0238149	0.304907	0.000329692	-0.000262941	0.00112096
0.537892	-0.0238149	0.304905	-8.37628e-05	-0.000167362	-0.000110617
0.537892	-0.0238193	0.30491	0.000258024	-0.001579	0.00132324
0.537892	-0.0238147	0.304903	0.000182481	0.0004489	-0.00107645
0.537892	-0.0238149	0.304907	-9.60271e-05	0.000254188	0.000409507
0.537893	-0.0238175	0.304904	0.000150023	-0.000334513	-0.000836262
0.537893	-0.0238138	0.304906	0.000420379	0.000759104	0.000279032
0.537893	-0.0238149	0.30491	0.000433964	5.08963e-05	0.00176288
0.537891	-0.0238145	0.304905	-0.000411128	0.000513509	-0.000635473
0.537895	-0.0238094	0.304907	0.000745873	0.00178909	0.000279619
0.537892	-0.023812	0.304907	-0.000131881	0.000229372	0.000396005
0.537892	-0.0238134	0.304905	-0.000196703	-0.000424538	-0.000760963
0.537893	-0.0238166	0.304909	0.00016289	-0.00175222	0.000873368
0.537893	-0.023813	0.304905	-0.000151325	0.000287556	-0.000769832
0.537892	-0.0238103	0.304903	-2.72636e-05	0.00118218	-0.000486842
0.537893	-0.0238132	0.304907	0.000209913	-0.000172298	0.000504146
0.537894	-0.0238108	0.304909	0.000247555	0.000324519	0.000887715
0.537893	-0.0238145	0.304907	6.626e-05	-0.000776408	6.85028e-05
0.53789	-0.0238175	0.304905	-0.000919828	-0.00142546	-0.000629193
0.537893	-0.0238119	0.304906	-0.000569219	0.000993554	-0.000540069
0.537893	-0.0238147	0.304906	-0.000809308	-0.000266181	-0.00081245
0.537892	-0.0238149	0.304902	-0.000990073	-0.000209939	-0.00199743
0.537892	-0.0238134	0.304904	-0.000359698	0.000347313	-1.54204e-05
0.537892	-0.0238149	0.304907	-0.000270852	-0.000270069	0.000460523
0.537893	-0.0238119	0.304904	0.000126168	0.000807597	-0.00077936
0.537892	-0.0238136	0.304908	-0.000483811	-0.000386427	0.000696284
0.537892	-0.023813	0.304907	-0.000372359	0.000193767	-7.0642e-05
0.537892	-0.0238118	0.304905	-0.000295783	0.000631726	-0.000582739
0.537893	-0.0238119	0.304907	9.96982e-05	0.000405829	-1.20802e-05
0.537893	-0.0238149	0.304907	0.000354008	-0.000737532	0.000395073
0.537893	-0.0238149	0.304907	-0.000106495	-0.00047799	-0.000149672
0.537894	-0.023812	0.30491	0.000333373	0.000659013	0.000807115
0.537891	-0.0238118	0.304902	-0.00074512	0.000483571	-0.00208589
0.537892	-0.0238119	0.304905	0.000108911	0.000299165	-0.000152894
0.537892	-0.0238104	0.304905	-0.000186032	0.00070652	1.60918e-05
0.537892	-0.0238134	0.304903	-0.000227821	-0.000520759	-0.000517668
0.537892	-0.0238122	0.304906	-6.80759e-05	-0.000351617	0.000680351
0.537892	-0.0238145	0.3049	4.52815e-05	-0.000739756	-0.00171358
0.537893	-0.0238135	0.304909	0.000217089	-0.000449641	0.00187609
0.537893	-0.02381	0.304905	0.00022455	0.00114643	-0.000167897
0.537892	-0.0238118	0.304906	9.17445e-05	0.00026417	0.000336634
0.537893	-0.0238134	0.304905	4.19008e-05	-0.000319286	-0.000252391
0.537893	-0.0238104	0.304907	7.51437e-06	0.000786708	0.000257438
0.537894	-0.0238163	0.30491	0.000311353	-0.00144049	0.00110246
0.537891	-0.0238118	0.304905	-0.00064396	0.000527528	-0.000410155
0.537892	-0.0238122	0.304904	0.000135983	-0.000168547	-0.00048517
0.537891	-0.0238145	0.304901	-0.000262981	-0.000602076	-0.0012054
0.537892	-0.0238133	0.304904	0.000116508	8.66742e-05	2.74474e-05
0.537891	-0.0238135	0.304905	5.48387e-05	-0.000390458	0.000493111
0.537894	-0.0238146	0.304911	0.000557539	0.00276551	0.00173505
0.537891	-0.0238145	0.304903	-0.000270544	0.00218417	-0.0010807
0.537892	-0.0238118	0.304906	0.000230209	0.00257602	0.000187167
0.537893	-0.0238107	0.304907	0.000131031	0.00186721	9.98953e-05
0.537893	-0.02381	0.304904	6.20891e-05	0.00185218	-0.000931691
0.537891	-0.0238121	0.304907	-0.000226183	0.000329966	0.000495433
0.537891	-0.0238143	0.304903	-4.11021e-05	0.00321667	-0.000641304
0.537893	-0.0238146	0.304907	0.000289468	0.0024585	0.000431952
0.537892	-0.0238162	0.304905	-0.000123392	0.00139984	-9.39196e-05
0.537892	-0.0238134	0.304903	-5.53269e-05	0.00206289	-0.00103581
0.537892	-0.0238104	0.304906	6.55883e-05	0.00251104	0.000308929
0.537892	-0.0238192	0.304907	0.000194171	-0.00117783	0.000562675
0.537891	-0.0238162	0.304903	-0.000430224	0.000321848	-0.00086503
0.537891	-0.0238118	0.304903	8.48259e-05	0.00170057	-0.000193445
0.53789	-0.0238118	0.3049	-0.000334263	0.00119464	-0.00106067
0.537892	-0.0238107	0.304904	0.000106994	0.000815462	0.000650545
0.537892	-0.0238115	0.304903	0.000380332	0.000548714	0.000341284
0.537892	-0.0238161	0.3049	-0.000105322	-0.00104301	-0.00110591
0.537891	-0.0238161	0.304905	5.57809e-06	-0.000684864	0.00123634
0.537892	-0.0238134	0.304901	0.000276148	0.000488755	-0.000765241
0.537891	-0.0238176	0.304902	-0.000466674	-0.00107879	-0.000302183
0.537892	-0.0238147	0.304909	0.000450727	0.000250625	0.00208591
0.537892	-0.0238149	0.304904	0.00021735	0.000121072	0.000369273
0.537892	-0.0238162	0.304908	-9.91006e-05	-0.000356288	0.000886187
0.537893	-0.0238134	0.304907	0.000200382	0.000706612	-4.92013e-05
0.537893	-0.0238119	0.304906	0.000129728	0.000972249	-0.000531459
0.537892	-0.0238119	0.304905	-0.000192793	0.000657895	-0.000236983
0.53789	-0.0238176	0.304901	-0.000516803	-0.00148517	-0.0010197
0.537891	-0.0238133	0.304903	-3.67934e-05	0.000441481	-0.00034461
0.537892	-0.0238134	0.304902	0.000161032	0.00367501	-0.00067202
0.537893	-0.0238149	0.304907	0.000731342	0.00220636	0.00129147
0.537893	-0.0238147	0.30491	0.000275002	0.00174367	0.00150139
0.537892	-0.0238133	0.304902	7.71861e-05	0.00177655	-0.0010203
0.537891	-0.0238147	0.304903	-0.000213424	0.000864645	-0.000539585
0.53789	-0.0238148	0.304903	-0.000419781	0.000625147	-0.000241367
0.537892	-0.0238162	0.304904	8.51905e-06	2.499e-05	0.000219693
0.537891	-0.0238133	0.304905	4.68552e-05	0.00101033	0.000624069
0.537894	-0.0238148	0.304909	0.000652323	0.000233341	0.00120377
0.537892	-0.0238107	0.304906	-0.00018713	0.00116324	-0.000483738
0.537893	-0.0238144	0.304907	0.000139298	-0.000165662	5.80189e-05
0.537893	-0.0238161	0.304906	4.55365e-05	-0.000590008	-0.000460906
0.537892	-0.0238118	0.304908	-0.000132137	0.00107337	0.000811132
0.537892	-0.0238119	0.304901	8.72189e-05	0.000714211	-0.00157407
0.537892	-0.0238147	0.304905	6.21979e-05	-0.000460289	0.000419805
0.537892	-0.0238092	0.304908	-8.5949e-05	0.00114813	0.000950428
0.537892	-0.023813	0.304901	7.36963e-05	-0.000235902	-0.00148217
0.537893	-0.0238148	0.304907	4.37393e-05	-0.000652657	0.000457998
0.537892	-0.0238163	0.304904	-0.000262524	-0.000919143	-0.00052574
0.537891	-0.0238135	0.304901	-0.000205712	-6.02669e-05	-0.000874892
0.537892	-0.0238115	0.304903	0.000239003	0.000889948	-0.000174271
0.537893	-0.0238118	0.304906	0.000182692	0.000599616	0.000857227
0.537892	-0.0238118	0.304905	-0.000154502	0.00040982	0.00021407
0.537893	-0.0238134	0.304907	0.000144506	-0.000239327	0.000972831
0.537892	-0.0238104	0.304903	-0.000154982	0.000855407	-0.000680218
0.537892	-0.0238149	0.304907	-0.000146483	-0.000925969	0.00051992
0.537893	-0.0238093	0.304907	0.000215112	0.000865557	0.000203331
0.537892	-0.0238085	0.304904	-0.000168738	0.00108702	-0.000268746
0.537892	-0.0238132	0.304905	-2.94758e-05	-0.000772627	0.000420211
0.537892	-0.0238102	0.304904	0.000273155	0.000520118	0.000134078
0.537893	-0.0238119	0.304907	0.0002163	-0.000209717	0.000617733
0.537892	-0.0238133	0.304905	-0.000241388	-0.000614021	-0.000497949
0.537892	-0.0238089	0.304906	-0.00111397	0.00112878	-0.000693979
0.537892	-0.0238149	0.304905	-0.000938831	-0.00123182	-0.00103191
0.537891	-0.0238147	0.304903	0.000318313	-0.000818724	-0.000388451
0.537892	-0.0238119	0.304905	0.000622664	0.000389253	0.000655329
0.537891	-0.0238147	0.304904	0.000341987	-0.000691258	-6.85529e-05
0.537892	-0.0238104	0.304905	3.37066e-05	0.000994683	9.15911e-05
0.537891	-0.0238104	0.304908	0.000122713	0.000659307	0.00109914
0.537892	-0.0238147	0.304904	0.000198025	-0.0010106	-0.000902478
0.537892	-0.0238119	0.304906	0.000267495	0.000269476	0.000433571
0.537893	-0.0238104	0.304908	0.00022639	0.000674777	0.00126681
0.537891	-0.0238148	0.304902	-0.000232158	-0.00103052	-0.00098265
0.537892	-0.0238149	0.304908	0.00017721	-0.000703159	0.000705565
0.537892	-0.0238104	0.304906	-8.89201e-05	0.00104246	0.00011526
0.537894	-0.0238149	0.304909	0.000457807	-0.00083075	0.000818267
0.53789	-0.0238118	0.304902	-0.000649304	0.000488174	-0.00162526
0.537892	-0.0238119	0.304904	-3.88505e-05	0.000310419	-0.000150756
0.537891	-0.0238103	0.304904	-0.000308111	0.000718998	-0.000481111
0.537891	-0.0238162	0.304906	-0.000264892	-0.0014664	0.000177601
0.537891	-0.0238132	0.304905	-3.18399e-05	-0.00337432	-2.89417e-05
0.537891	-0.0238148	0.304905	-0.000336735	-0.00306667	9.86592e-05
0.537891	-0.0238133	0.304904	-0.000176082	-0.00176009	-0.00038319
0.537891	-0.0238148	0.304903	-0.000240421	-0.00182685	-0.000333337
0.537892	-0.0238134	0.304904	0.000161796	-0.000853778	0.000159964
0.537893	-0.0238104	0.304906	0.00048614	0.00032702	0.000516736
0.537893	-0.0238149	0.304907	0.000254826	-0.00134724	0.000343475
0.537892	-0.0238149	0.304909	-5.64417e-05	-0.000938353	0.000869806
0.537892	-0.0238104	0.304908	-1.91596e-06	0.000834287	0.000556874
0.537892	-0.0238119	0.304904	-0.00010921	3.46331e-05	-0.000655878
0.537893	-0.0238104	0.304904	0.000234251	0.000491448	-0.00102634
0.537891	-0.0238118	0.304903	-0.000145748	-0.000173291	-0.000567869
0.537891	-0.0238133	0.304906	-0.000405672	-0.00061965	0.000212391
0.537894	-0.0238108	0.304904	0.000650232	3.60793e-05	-0.00015956
0.537892	-0.0238115	0.304904	-0.000186513	4.92229e-05	7.64879e-05
0.537891	-0.0238147	0.304903	-0.000162322	-0.000974076	-0.000420763
0.537893	-0.0238164	0.304908	0.000506	-0.00117882	0.000982738
0.537893	-0.0238145	0.304907	0.000105198	0.000222621	0.000296785
0.537894	-0.0238109	0.304904	0.000367223	0.00112711	-0.000416222
0.537892	-0.0238163	0.304907	-9.73423e-05	-0.00117706	0.000810472
0.537893	-0.0238105	0.304904	0.000248191	0.00114364	-0.00057252
0.537893	-0.0238149	0.304905	-0.000150946	-0.00071961	-0.000242344
0.537892	-0.0238134	0.304906	-0.00038666	3.28347e-05	-6.8159e-05
0.537895	-0.0238135	0.304908	0.000660748	-1.90172e-05	0.000625746
0.537892	-0.0238119	0.304909	-6.97941e-05	0.000506586	0.00115239
0.537893	-0.0238074	0.304905	-9.39519e-05	0.00183718	-0.000280858
0.537891	-0.0238148	0.304903	-0.000776825	-0.00123779	-0.00142643
0.537892	-0.0238119	0.304909	-9.04287e-05	0.000154205	0.000930184
0.537893	-0.0238149	0.304906	8.99286e-05	-0.000906172	-0.000523354
0.537894	-0.0238122	0.30491	0.000474163	-7.04266e-05	0.00105868
0.537892	-0.0238115	0.304907	-0.000245413	0.000426909	-3.30583e-05
0.537892	-0.0238131	0.304904	-0.000114518	0.00322221	-0.00104052
0.537891	-0.0238118	0.304907	-2.45112e-05	0.00287356	0.000281967
0.537892	-0.0238134	0.304904	0.000198033	0.00161935	-0.000929136
0.537891	-0.0238118	0.304905	-0.00036457	0.00176123	-0.000357554
0.537892	-0.0238132	0.304905	4.763e-05	0.000834221	0.000142334
0.537893	-0.0238123	0.304905	0.000280049	0.000581465	-4.73578e-05
0.537893	-0.0238116	0.304907	0.000296207	0.000946109	0.000993742
0.537894	-0.0238148	0.304911	0.000515642	-0.000334569	0.00156843
0.537892	-0.0238122	0.304903	-7.07118e-05	0.000335318	-0.001359
0.537891	-0.0238144	0.304903	-0.000597335	-0.000224551	-0.000646411
0.537892	-0.0238102	0.304904	-8.06968e-05	0.00136106	-0.000573103
0.537892	-0.0238134	0.304908	0.0002888	-9.59078e-05	0.00102341
0.537892	-0.0238119	0.304904	-0.000145187	0.000458749	-0.000222585
0.537892	-0.0238149	0.304902	-0.000253999	-0.000672357	-0.00119939
0.537893	-0.0238119	0.304907	0.000348826	0.000532052	0.00115632
0.537893	-0.0238149	0.304906	0.000439043	-0.000643781	0.000629648
0.537891	-0.0238134	0.304904	-0.000327961	0.000103763	-0.000371722
0.537892	-0.0238132	0.304907	-0.00016424	0.000120124	0.000750563
0.537892	-0.0238119	0.304904	-0.000167813	0.000528976	-0.000996659
0.537891	-0.0238103	0.304906	-4.97861e-06	0.000851149	0.000361712
0.537891	-0.0238118	0.304903	-0.000327517	8.61368e-05	-0.000616838
0.537891	-0.0238147	0.304906	-0.000269941	-0.000892205	0.00053535
0.537892	-0.0238119	0.304906	0.000446563	0.000330461	0.000622736
0.537892	-0.0238134	0.304902	0.000232842	-0.000279535	-0.00153249
0.537892	-0.0238096	0.304904	0.000167877	0.000312952	-7.32545e-05
0.537893	-0.0238112	0.304905	0.000111848	0.000207022	-4.88385e-05
0.537893	-0.0238117	0.304908	0.000126894	0.000140181	0.000967645
0.537893	-0.0238118	0.304906	9.09685e-05	9.05844e-05	0.000171427
0.537892	-0.0238134	0.304902	-4.59886e-05	-0.00043198	-0.000911861
0.537893	-0.0238104	0.304907	6.55999e-05	0.000707443	0.00039133
0.537893	-0.0238074	0.304906	8.77121e-05	0.00146188	0.000263754
0.537892	-0.0238104	0.304903	-0.000342653	2.59229e-06	-0.0012076
0.537892	-0.0238134	0.304909	-0.000135936	-0.00100271	0.00121936
0.537891	-0.0238107	0.304904	-8.50867e-05	-0.000168877	-0.000634154
0.537892	-0.0238128	0.304907	-5.71108e-05	-0.000560794	0.000547734
0.537892	-0.0238091	0.304903	0.000230978	0.000562256	-0.000749587
0.53789	-0.0238084	0.304901	-0.000437405	0.000896583	-0.000787654
0.537893	-0.0238118	0.304905	0.000608806	-0.000439815	0.000643778
0.537891	-0.0238151	0.304901	-0.000605098	-0.00175071	-0.000741612
0.537892	-0.023813	0.304905	-8.9348e-05	-0.000179046	0.000337628
0.537892	-0.0238148	0.304904	0.000200307	-0.000633313	-0.000367941
0.537891	-0.0238103	0.304902	-0.000351927	0.00109954	-0.000482387
0.537892	-0.0238107	0.304906	0.000347208	0.000210189	0.000913785
0.537892	-0.0238115	0.304903	-9.97421e-05	0.000154551	-0.000271762
0.537892	-0.0238046	0.304905	8.04533e-05	0.00209406	0.00034727
0.537891	-0.0238114	0.304904	-6.74611e-05	-0.00059924	0.000201723
0.537891	-0.0238087	0.304905	6.08206e-05	0.00059663	0.000186275
0.537891	-0.0238118	0.304903	-0.000334757	-0.000582604	-0.00075772
0.537893	-0.0238138	0.304908	0.000612561	-0.00142917	0.00108956
0.537891	-0.0238144	0.304905	-0.000507061	-0.000909097	-0.000419547
0.53789	-0.0238132	0.304904	-0.000257423	-0.00011072	0.00024587
0.537892	-0.0238133	0.304902	8.44125e-05	-8.62263e-05	-0.000927769
0.537891	-0.0238118	0.304905	-0.000203589	0.000457818	-2.64446e-05
0.537891	-0.0238162	0.304904	4.65909e-05	-0.00115523	-0.000163691
0.537891	-0.0238147	0.304905	-0.000193515	-0.00026324	3.60639e-05
0.537893	-0.0238149	0.304908	0.000505517	-0.000248153	0.00128912
0.537893	-0.0238163	0.304907	0.00031996	-0.000615484	0.000382852
0.537891	-0.0238177	0.304904	-0.000114069	-0.000897432	-0.000127061
0.537891	-0.0238163	0.304905	-5.60644e-05	-0.000148038	-8.38425e-05
0.537892	-0.0238207	0.304905	8.7098e-05	-0.00155464	-0.000249798
0.537892	-0.0238166	0.304904	-0.000115421	-2.99695e-05	1.62508e-06
0.537892	-0.023816	0.304904	0.000196123	0.000417337	-0.000614041
0.537891	-0.0238236	0.304904	-0.00028927	-0.00214957	-0.00032172
0.537892	-0.0238222	0.304905	-8.31767e-05	-0.000938143	0.000335971
0.537891	-0.0238207	0.304904	-8.84213e-05	-0.000126697	-0.000298604
0.537891	-0.0238222	0.304905	0.000217668	-0.000594707	0.000654974
0.537891	-0.0238237	0.304906	-6.19334e-05	-0.00088354	0.000630767
0.537891	-0.0238263	0.304907	-9.61483e-05	-0.00108949	0.000392638
0.537893	-0.0238242	0.30491	0.000253488	-0.000248803	0.00159436
0.537889	-0.0238267	0.3049	-0.000859172	-0.00110948	-0.00253312
0.537892	-0.0238252	0.304905	8.5798e-05	-0.000270009	-0.000423594
0.537891	-0.0238282	0.304903	-1.57902e-05	-0.00117263	-0.000306312
0.537892	-0.0238282	0.304905	0.000320494	-0.000800608	0.000676739
0.537891	-0.0238311	0.304906	-0.000171141	-0.00151298	0.000516699
0.53789	-0.0238296	0.304905	-0.000306676	-0.000500619	3.78849e-05
0.537891	-0.0238327	0.304906	5.63169e-05	-0.00134913	0.000406587
0.53789	-0.0238341	0.304903	-0.000344727	-0.00138014	-0.000635727
0.537892	-0.023837	0.304905	0.000341505	-0.001895	-0.00013493
0.53789	-0.0238353	0.304908	-1.89189e-05	-0.000302365	0.000975774
0.537891	-0.0238356	0.304905	0.000304237	-0.000167056	8.53623e-05
0.537891	-0.0238405	0.304908	-0.000167801	-0.00209332	0.000647061
0.53789	-0.0238398	0.304905	-0.000141798	-0.000893362	-0.00056786
0.537891	-0.0238405	0.304904	0.000129985	-0.00110552	-0.000521855
0.53789	-0.0238426	0.304907	-0.000342527	-0.00116707	0.000486214
0.537892	-0.0238371	0.304904	0.000299668	0.00114347	-0.000481155
0.537892	-0.0238429	0.304907	0.000188401	-0.00073667	0.000201815
0.537891	-0.0238449	0.304904	2.87793e-05	-0.0014287	-0.000391762
0.537891	-0.023843	0.304907	0.000116108	-1.0276e-05	0.000263222
0.537891	-0.0238422	0.304908	4.1892e-05	-6.94043e-06	0.000625222
0.537891	-0.0238445	0.304906	7.38768e-05	-0.000506531	-5.05829e-06
0.53789	-0.0238461	0.304907	2.27225e-05	-0.000786306	0.000467516
0.537892	-0.0238449	0.304909	0.00027878	-8.57903e-05	0.000644001
0.537892	-0.0238434	0.304906	-9.0547e-05	0.00045852	-0.000425664
0.53789	-0.0238434	0.304905	-0.00162021	0.000371192	-0.00135358
0.537891	-0.0238449	0.304908	-0.000883797	-0.000263292	-0.000114505
0.537891	-0.0238478	0.30491	-0.000456972	-0.00266985	0.000252291
0.53789	-0.0238434	0.304908	-0.000630902	-0.000443208	-0.000278086
0.537893	-0.023845	0.304909	0.000413621	-0.000934268	-3.90541e-05
0.537891	-0.0238435	0.304907	-0.000254399	-0.000165991	-0.000262041
0.537891	-0.0238405	0.304906	-0.000514612	0.000842431	-0.000622324
0.53789	-0.0238419	0.304906	-0.000381792	2.70863e-05	-0.000429098
0.537891	-0.0238435	0.30491	7.0975e-05	-0.000528186	0.000610539
0.537892	-0.0238435	0.30491	0.000343002	-0.000392143	0.000783352
0.53789	-0.0238389	0.304905	-0.000348198	0.00125342	-0.000747155
0.53789	-0.0238404	0.304907	-0.000259535	0.000323795	-0.000501998
0.53789	-0.0238431	0.304907	-0.000228153	-0.000292347	-0.000362466
0.537891	-0.023838	0.304909	0.000207613	0.00122802	0.000612118
0.537891	-0.0238403	0.304911	0.000203906	0.000361708	0.000956892
0.537891	-0.0238392	0.30491	6.67208e-05	0.00069288	8.62463e-05
0.537892	-0.0238395	0.304911	4.94362e-05	1.03692e-05	0.000556195
0.537891	-0.0238363	0.30491	0.000223954	0.00432824	0.000376584
0.53789	-0.0238373	0.304906	-0.000196232	0.00317898	-0.0011295
0.537891	-0.023829	0.304907	2.12016e-05	0.00482169	-0.000723196
0.537891	-0.0238303	0.304909	2.46004e-05	0.00287029	1.6538e-05
0.537891	-0.0238343	0.30491	3.17702e-06	0.0010317	0.000510652
0.537893	-0.0238321	0.30491	0.000586172	0.00124804	0.00010579
0.537892	-0.0238273	0.304909	0.000180943	0.00241282	0.000187862
0.53789	-0.0238271	0.304908	-0.000432734	0.00168188	-0.000115806
0.537892	-0.0238268	0.304905	0.000238492	0.00163368	-0.000834435
0.537892	-0.023826	0.304907	0.000432958	0.00110738	-0.000199944
0.537892	-0.0238228	0.304909	0.000113093	0.0017652	0.000510558
0.537892	-0.0238272	0.304909	9.56244e-06	-0.000307722	0.000339412
0.537894	-0.0238216	0.304914	0.000703158	0.0012755	0.00196512
0.537891	-0.0238194	0.304903	-0.000781	0.00187027	-0.00218979
0.537892	-0.0238197	0.304908	-0.000195914	0.00123325	-0.000105254
0.537893	-0.0238194	0.30491	0.000229645	0.00131501	0.000339043
0.537892	-0.0238172	0.304906	-0.000188616	0.00139241	-0.000682799
0.537892	-0.0238184	0.304909	-3.40478e-05	0.000428336	0.000594872
0.537893	-0.0238169	0.304908	0.000252515	0.000773359	-0.000220364
0.537892	-0.0238123	0.304907	-7.0396e-05	0.00202845	-0.000527284
0.537893	-0.0238124	0.30491	0.000248812	0.00133897	0.000979174
0.537893	-0.0238139	0.304907	9.82232e-05	0.00039655	-0.000820122
0.537893	-0.0238139	0.30491	0.000146615	0.000262932	0.000476415
0.537893	-0.0238124	0.304909	6.48721e-05	0.000676416	-0.000204973
0.537893	-0.0238098	0.304908	3.26132e-05	0.000949204	-0.000164524
0.537892	-0.0238163	0.30491	-0.00025583	-0.00129852	0.000556281
0.537894	-0.0238123	0.304908	0.000396733	0.000553271	-0.000384564
0.537892	-0.0238081	0.304908	2.96224e-05	0.00138098	-0.000138089
0.537892	-0.0238108	0.304907	-0.0003296	-6.19529e-05	-0.00047531
0.537893	-0.0238107	0.304907	8.53471e-05	-5.76963e-05	6.54166e-05
0.537893	-0.0238107	0.304911	0.000137819	-4.46038e-05	0.00106677
0.537891	-0.0238106	0.304903	-0.000378835	-2.02723e-06	-0.00172233
0.537893	-0.0238073	0.304912	0.000310518	0.00146624	0.00178683
0.537892	-0.023808	0.304908	-0.000234006	0.000494282	-0.000241152
0.537894	-0.023812	0.304908	0.000663467	-0.000701801	-1.50363e-05
0.537891	-0.023808	0.304906	-0.0003443	0.000569697	-0.000129793
0.537891	-0.0238066	0.304904	-0.000281691	0.000380607	-0.00108576
0.537893	-0.0238088	0.304905	9.53954e-05	-0.000256132	-0.000342507
0.537891	-0.0238105	0.304909	-0.000490863	-0.000648104	0.000505924
0.537894	-0.0238106	0.304909	0.000536319	-0.00046966	0.000484933
0.537891	-0.0238061	0.304906	-0.000491874	0.00122312	-0.000823595
0.537894	-0.023811	0.304911	0.000554208	-0.00122555	0.0011204
0.537892	-0.0238076	0.304908	-0.000530731	0.000225977	-0.000422911
0.537892	-0.0238101	0.304909	-1.57731e-05	-0.000366951	0.00062485
0.537891	-0.0238119	0.304902	-0.00047086	-0.000720858	-0.00198907
0.537892	-0.0238135	0.304911	6.68484e-05	-0.000995159	0.00152551
0.537892	-0.0238109	0.304907	-1.15167e-05	-0.000163316	-0.000480894
0.537892	-0.0238132	0.304904	-8.19222e-05	-0.000606936	-0.00131983
0.537892	-0.0238182	0.304908	0.000277967	-0.00236753	0.000549698
0.537891	-0.0238135	0.304904	-0.000110783	-0.000118945	-0.000535633
0.537892	-0.0238146	0.304909	0.000189369	-8.77456e-05	0.000944783
0.537892	-0.0238166	0.304906	-0.000185408	-0.000992698	-0.000202084
0.537891	-0.0238144	0.304904	-0.000348982	0.000351772	-0.000965794
0.537891	-0.0238179	0.304907	-0.000227021	-0.000817976	0.000356232
0.537892	-0.0238154	0.304907	0.000120947	-5.76116e-05	9.62416e-05
0.537891	-0.023816	0.304908	-0.000170269	2.39925e-05	0.000680241
0.537891	-0.0238178	0.304903	0.000120427	-0.00049424	-0.000639144
0.53789	-0.0238238	0.304901	-0.000332815	-0.00230901	-0.00178166
0.537892	-0.0238209	0.304909	0.00017	-0.00056209	0.00114311
0.537891	-0.0238152	0.304905	-0.000116059	0.00113731	-0.000568624
0.537892	-0.0238179	0.304906	0.00012207	-0.000251647	-4.76245e-05
0.537894	-0.0238179	0.304911	0.000772649	-0.000201168	0.00175504
0.537891	-0.0238248	0.304903	-0.000349321	-0.00209211	-0.00164482
0.53789	-0.0238251	0.304905	-0.000703527	-0.00137157	-0.000311444
0.537891	-0.0238227	0.304907	0.000134404	-0.000444358	0.000533031
0.537892	-0.023822	0.304906	0.000637598	0.000181609	9.47518e-05
0.537889	-0.0238222	0.304901	-0.000763072	0.000176718	-0.00143908
0.537891	-0.0238254	0.304904	5.7336e-05	-0.00090995	-0.000195768
0.537892	-0.0238295	0.304909	0.000406496	-0.00161709	0.00177361
0.537891	-0.0238246	0.304904	0.000236846	-8.31843e-05	-0.000315501
0.537892	-0.0238297	0.304904	9.16706e-05	-0.00154806	-0.000212244
0.537891	-0.0238253	0.304908	-9.97665e-05	0.000468974	0.000977932
0.53789	-0.0238298	0.3049	-0.000603558	-0.00115553	-0.0017825
0.537891	-0.023828	0.304907	0.000362767	0.000189887	0.00110296
0.537889	-0.0238287	0.304905	-0.000335524	-0.000343263	0.000493309
0.537891	-0.0238285	0.304902	-2.27288e-05	-0.000239313	-0.00128731
0.537889	-0.0238253	0.304902	-0.0002854	0.000854555	-0.000290174
0.537889	-0.023834	0.304902	-0.00124387	-0.00188734	-0.000974241
0.537892	-0.0238303	0.304908	0.00104314	-0.000342231	0.00172941
0.537891	-0.02383	0.304907	0.000105665	-0.000199654	0.000406248
0.537891	-0.0238311	0.304906	2.73095e-05	-0.000128612	-0.000242995
0.537891	-0.0238318	0.304906	0.000338637	-0.000604291	0.000728475
0.53789	-0.0238313	0.304906	-0.000286097	-0.000329536	0.000280576
0.53789	-0.0238325	0.304903	-0.000293594	-0.000264938	-0.00133132
0.537893	-0.0238304	0.304909	0.000766358	0.000281504	0.00123472
0.53789	-0.0238285	0.304899	-0.000450524	0.000730513	-0.00229132
0.537891	-0.0238281	0.304905	0.000413059	0.000956547	0.000737193
0.537893	-0.0238285	0.304908	0.000611349	0.00061521	0.000901283
0.537891	-0.0238316	0.304907	8.6114e-05	-0.00056562	0.000718506
0.53789	-0.0238289	0.304905	-0.000591382	0.000150303	-0.000336422
0.537891	-0.0238316	0.304907	-9.98621e-05	-0.000912577	0.000184681
0.537892	-0.0238282	0.304907	0.000272899	0.000871375	0.000480947
0.537892	-0.02383	0.304911	0.000245023	7.94554e-05	0.00134719
0.53789	-0.023833	0.304903	-0.000656504	-0.000906682	-0.00191641
0.537891	-0.0238301	0.304908	2.55944e-05	0.000372463	0.00015593
0.537891	-0.0238301	0.304906	0.000296234	0.000231416	-1.32085e-05
0.53789	-0.0238286	0.304904	-0.000423169	0.00068347	-0.000800172
0.537891	-0.0238283	0.304909	6.85495e-05	0.000940227	0.00082617
0.537889	-0.0238248	0.3049	-0.000617722	0.0011584	-0.00218923
0.537889	-0.0238283	0.304906	-0.000319258	-0.000232209	0.000564982
0.537892	-0.0238286	0.304908	0.00067014	-0.00019754	0.00149762
0.53789	-0.0238286	0.304902	-0.000180184	-0.000101926	-0.00121512
0.537891	-0.0238256	0.304906	0.000245744	0.000909448	0.00102216
0.53789	-0.0238286	0.304903	-0.000237491	-0.000369839	-0.000701975
0.537892	-0.0238242	0.304905	0.000524987	0.00122299	-0.000175137
0.537892	-0.0238245	0.304909	0.000100897	0.000328124	0.000999818
0.53789	-0.0238237	0.304904	-0.000304053	0.000652724	-0.000741044
0.53789	-0.0238288	0.304907	-8.31381e-05	-0.00493636	0.000878181
0.537891	-0.0238207	0.304905	4.5115e-05	-0.000584333	-0.000383587
0.537892	-0.023824	0.304907	3.13062e-05	-0.00160335	0.000265495
0.53789	-0.0238225	0.304905	-0.0006098	-0.000697239	-0.000138146
0.53789	-0.0238241	0.304903	-0.000207155	-0.00109879	-0.00120985
0.537891	-0.02382	0.304907	0.000256682	0.000161891	0.00105241
0.53789	-0.0238226	0.304906	-9.0865e-05	-0.000948604	0.000392979
0.53789	-0.0238179	0.304906	-8.41581e-05	0.000815485	-0.000287606
0.537891	-0.0238224	0.304907	-6.54141e-05	-0.000991572	0.000333765
0.53789	-0.0238208	0.304902	-0.000344419	-0.000173483	-0.00160689
0.537889	-0.0238235	0.304905	-0.000268768	-0.000637337	0.000348842
0.53789	-0.0238199	0.304903	0.000147785	0.000492206	-0.00035568
0.537891	-0.0238225	0.304906	0.00038721	-0.000645524	0.000642948
0.537891	-0.023821	0.304908	0.000305693	5.41988e-05	0.000928227
0.537891	-0.0238239	0.304905	-0.000168712	-0.000945319	-0.000739747
0.53789	-0.0238205	0.304901	-0.000468	0.000881591	-0.00144792
0.537891	-0.0238213	0.304906	0.00014583	5.75072e-05	0.000517898
0.537892	-0.0238222	0.304907	0.000645909	9.69752e-06	0.00105901
0.53789	-0.0238224	0.304905	-0.000179908	3.23389e-05	-5.95401e-05
0.537891	-0.0238214	0.304906	0.000152673	9.03804e-06	0.000315686
0.537891	-0.0238226	0.304908	0.000199667	-0.000501985	0.000787816
0.53789	-0.0238221	0.304905	-0.000208514	0.000182757	-0.00038361
0.537891	-0.0238228	0.304904	3.03654e-05	-0.000387054	-0.000924478
0.537891	-0.023824	0.304906	2.12879e-05	-0.000758883	0.000359953
0.537891	-0.023824	0.304909	0.000130694	-0.000510524	0.000813386
0.537891	-0.0238218	0.304905	7.01067e-05	0.00110546	-0.000478128
0.537892	-0.0238202	0.304907	0.000104012	0.000786984	0.000203928
0.537889	-0.0238207	0.304903	-0.000596088	0.000553959	-0.00115217
0.537888	-0.0238242	0.304902	-0.000463611	-0.00112237	-0.000770978
0.537891	-0.0238211	0.304909	8.55243e-05	0.000223653	0.00134215
0.537891	-0.0238255	0.304907	0.00030562	-0.00135485	0.000327709
0.53789	-0.0238224	0.304904	-0.00039152	0.000120813	-0.000570037
0.53789	-0.0238265	0.304903	0.000246606	-0.000941218	-0.00014197
0.537891	-0.0238236	0.304907	0.00016543	-0.00251307	0.000925967
0.537891	-0.0238233	0.304907	4.95354e-05	-0.00245841	0.000118105
0.537889	-0.0238183	0.304904	-0.000522684	-0.00037725	-0.000685394
0.537892	-0.0238199	0.304909	0.00026501	-0.00138554	0.00130477
0.53789	-0.023822	0.304906	-0.000487087	-0.00151169	-0.000394584
0.537891	-0.0238223	0.304902	0.000206496	-0.00112079	-0.00147319
0.537891	-0.0238209	0.304907	-4.4251e-05	-0.000306638	0.000633921
0.53789	-0.0238235	0.304903	-0.000167435	-0.000749328	-0.000626592
0.53789	-0.0238227	0.304907	-0.000278734	-0.000525255	0.00074768
0.537889	-0.0238254	0.304904	-0.000283453	-0.00137592	-0.000500835
0.537889	-0.0238224	0.304903	-0.000200767	5.94595e-05	-0.000856514
0.537891	-0.0238269	0.304909	0.000480925	-0.00150501	0.00216223
0.53789	-0.0238223	0.304903	3.8733e-05	0.000497958	-0.000885591
0.537888	-0.0238264	0.304902	-0.000385313	-0.000652789	-0.00102448
0.53789	-0.0238257	0.304904	4.78265e-05	-0.000460276	-0.000300719
0.537891	-0.0238297	0.304907	0.000318832	-0.00131919	0.000679515
0.537891	-0.0238269	0.304911	6.19713e-05	0.000118502	0.00159838
0.537891	-0.0238289	0.304909	-6.16151e-05	-0.000916492	0.000537142
0.537891	-0.0238297	0.304907	0.000273564	-0.000626295	-0.000207059
0.53789	-0.0238254	0.30491	-4.01847e-05	0.00108412	0.000929588
0.537889	-0.0238258	0.304903	-0.000120304	0.000232398	-0.00135278
0.537889	-0.0238273	0.304905	-9.83278e-05	-0.000842246	-0.000403192
0.537891	-0.0238262	0.304907	0.000283529	0.000414226	0.000114443
0.53789	-0.0238256	0.304907	-8.99691e-05	0.000292529	0.000193625
0.537891	-0.023827	0.304905	0.000225824	-0.000321361	3.47169e-05
0.537891	-0.0238299	0.304905	5.1425e-05	-0.00120546	-0.000502304
0.537889	-0.023828	0.304906	-8.59852e-05	0.00358716	0.000240606
0.53789	-0.0238317	0.30491	2.45155e-06	0.00117258	0.0012091
0.53789	-0.0238296	0.304905	-2.27505e-05	0.00199674	-0.000691419
0.537889	-0.0238272	0.30491	-0.000219775	0.00199496	0.00112957
0.53789	-0.0238282	0.304908	0.000111983	0.00143977	0.00013634
0.537891	-0.0238315	0.304909	0.00040101	3.40908e-05	0.000522277
0.537889	-0.0238315	0.304911	-0.000288068	0.000113242	0.000582955
0.53789	-0.0238289	0.304908	3.07108e-05	0.000622664	-0.000751736
0.537893	-0.0238317	0.304916	0.000971295	-0.000596062	0.0021437
0.53789	-0.0238311	0.304908	-0.000329318	0.000174077	-0.000742896
0.537891	-0.0238285	0.304911	7.08028e-06	-0.00225487	0.000382121
0.537892	-0.0238304	0.304911	0.000227683	-0.00278124	0.000134997
0.53789	-0.0238297	0.304909	-0.000107459	-0.00154073	-0.000264808
0.53789	-0.0238299	0.30491	-0.000357417	-0.0011637	-5.95027e-05
0.537892	-0.0238286	0.304914	0.000444084	-0.000423244	0.0012492
0.537891	-0.0238346	0.30491	0.000122962	-0.00235259	-0.000193384
0.53789	-0.0238346	0.304912	-0.000479199	-0.00160772	0.000105598
0.537892	-0.0238332	0.304909	0.000540986	-0.000658837	-0.000755447
0.537891	-0.0238286	0.304908	-0.000187929	0.00104933	-0.00079259
0.53789	-0.0238301	0.304911	-6.73934e-05	0.000173595	0.000494717
0.537891	-0.0238316	0.304911	-6.79304e-05	-0.000403376	0.000329773
0.537889	-0.02383	0.304911	-0.000637108	0.000243667	-6.90751e-05
0.537891	-0.0238256	0.304911	0.000225295	0.00161678	0.000220811
0.537891	-0.0238271	0.304907	0.000322436	0.000567746	-0.000997232
0.537891	-0.0238316	0.304912	1.51662e-05	-0.00112151	0.000527555
0.537891	-0.0238256	0.304908	3.98302e-05	0.00124676	-0.00017292
0.537889	-0.0238297	0.304907	-0.000351828	-0.000148864	-0.000524365
0.537891	-0.023832	0.304911	0.000113704	-0.00112372	0.000585071
0.537891	-0.0238303	0.304907	0.000263397	-0.000258969	-0.000777351
0.53789	-0.0238298	0.30491	-6.20131e-05	0.000337616	0.000570454
0.53789	-0.0238275	0.304909	1.94502e-05	0.000794346	-6.74233e-05
0.53789	-0.0238272	0.304908	-0.000353393	0.000553306	-0.000477108
0.53789	-0.0238271	0.30491	-0.000176711	0.000373528	0.000207508
0.53789	-0.0238286	0.304907	-0.000162779	-0.000242951	-0.000836964
0.537891	-0.0238317	0.30491	0.000454866	-0.00118441	0.000682314
0.53789	-0.0238286	0.30491	-0.000175339	0.000231314	0.000241693
0.53789	-0.0238271	0.304909	-0.000156429	0.000653427	0.000110291
0.537891	-0.0238286	0.304913	0.000233972	-7.54963e-05	0.00097937
0.53789	-0.0238286	0.304904	-0.000340915	-2.5834e-05	-0.00227926
0.537892	-0.0238287	0.304911	0.000493763	-4.98268e-05	0.000769892
0.53789	-0.0238301	0.30491	-0.000251222	-0.000507754	0.000748861
0.537891	-0.0238256	0.304909	0.000181031	0.00114763	-9.2817e-05
0.537892	-0.0238287	0.304911	0.00038184	-0.000242873	0.000320424
0.537891	-0.0238271	0.304907	-0.000109694	0.000351615	-0.00119184
0.537892	-0.0238302	0.304908	0.000216787	-0.00077803	-0.000389303
0.537892	-0.0238245	0.304912	-1.64358e-05	0.000981891	0.000858932
0.537891	-0.0238267	0.304911	-6.20266e-05	0.000155446	0.000549656
0.537891	-0.0238258	0.304909	-9.99271e-05	0.000109367	-0.000162005
0.537892	-0.0238279	0.304913	0.00029733	5.98122e-05	0.000800829
0.53789	-0.0238303	0.304906	-0.00022925	-0.000938289	-0.00134822
0.537891	-0.0238283	0.304912	-4.69361e-06	0.000361364	0.00110061
0.537891	-0.0238305	0.304909	-9.62751e-05	-0.000747393	-0.000743099
0.537891	-0.0238287	0.304911	-5.15469e-05	6.83936e-07	0.000453002
0.537891	-0.0238272	0.304908	-5.89267e-06	0.000494219	-0.000169753
0.537891	-0.023829	0.304908	-7.40009e-05	-0.000663248	-0.000612781
0.537892	-0.0238287	0.304914	0.000301147	-0.000463597	0.00144571
0.537891	-0.0238281	0.304909	-0.000101581	0.000210046	-0.000390806
0.537889	-0.0238287	0.304903	-0.000723475	-0.000332975	-0.00200043
0.537891	-0.0238282	0.304907	0.000121367	0.000252686	-0.000592002
0.53789	-0.0238303	0.304907	-0.000580299	-0.00080222	-0.000687506
0.537892	-0.0238267	0.304912	0.000646939	0.000913607	0.00168874
0.537891	-0.0238315	0.304909	6.94625e-05	-0.000867114	-0.000206781
0.53789	-0.0238285	0.30491	-0.000191655	0.000427926	0.000457073
0.537891	-0.0238286	0.30491	0.000238848	0.000266341	0.000737841
0.537892	-0.0238287	0.304908	0.00032488	0.000172459	-0.000675499
0.537892	-0.0238347	0.304911	0.000180192	-0.00188068	0.000546039
0.537893	-0.0238349	0.30491	0.000382383	-0.00171476	-0.000228038
0.537892	-0.0238331	0.304916	0.000573602	1.97486e-05	0.0022449
0.537891	-0.0238319	0.304909	-2.68629e-05	3.21143e-05	-0.000883216
0.537892	-0.0238356	0.304914	5.06092e-05	-0.000935214	0.000936954
0.537891	-0.023836	0.30491	-2.04102e-05	-0.000666817	-0.000375554
0.537891	-0.0238331	0.304906	-0.000326709	0.000567531	-0.00163094
0.537891	-0.0238361	0.304912	0.000150171	-0.000638742	0.000816817
0.537891	-0.0238346	0.30491	-0.000209033	8.85932e-05	-0.000338326
0.53789	-0.0238374	0.304908	-0.000207521	-0.000891425	-0.000724215
0.537891	-0.0238359	0.30491	-6.39074e-05	-9.31571e-05	0.00051739
0.537892	-0.023836	0.304909	0.000210613	-7.11676e-05	-0.000272013
0.537891	-0.0238361	0.304911	-0.000143957	-8.4289e-05	0.000409764
0.537891	-0.0238359	0.304911	-0.000126256	-5.30566e-06	0.000248178
0.537889	-0.0238389	0.304909	-0.000372136	-0.000989868	-0.000167923
0.537893	-0.023839	0.304913	0.000667236	-0.00070688	0.00103493
0.537891	-0.0238389	0.304906	3.5628e-05	-0.000449049	-0.00169081
0.53789	-0.0238389	0.304912	-0.000212722	-0.000287626	0.000937755
0.53789	-0.0238434	0.304907	2.53487e-05	-0.00170121	-0.000964097
0.537891	-0.0238375	0.304909	0.00013161	0.000864116	-0.000142152
0.537893	-0.023839	0.304911	0.000370702	6.176e-05	0.000286568
0.537892	-0.0238377	0.304907	0.000243849	0.000489927	-0.000784275
0.537892	-0.0238376	0.30491	-0.00011941	0.000341407	7.01752e-05
0.537892	-0.0238317	0.30491	8.64537e-06	0.00221613	4.96463e-05
0.537891	-0.0238388	0.30491	-8.92281e-05	-0.000515252	0.000502935
0.537892	-0.0238365	0.304915	0.000102499	0.000154707	0.00188499
0.537892	-0.0238436	0.30491	9.92915e-05	-0.00235003	-0.000412271
0.537892	-0.0238332	0.304911	-2.77753e-05	0.00188352	-0.000126789
0.537892	-0.0238332	0.304913	7.49519e-06	0.00125282	0.000416049
0.537893	-0.0238406	0.304913	0.000114163	-0.00161859	0.000106338
0.537893	-0.0238344	0.304916	0.000632339	0.00134558	0.00153006
0.537892	-0.0238377	0.304913	1.71159e-05	-8.23553e-05	0.00011133
0.537892	-0.0238363	0.304913	-0.000271464	0.00046027	-0.000306158
0.537894	-0.0238338	0.304914	0.000425179	0.000772643	6.08587e-05
0.537893	-0.0238407	0.30491	-0.000181961	-0.0019054	-0.00134382
0.537894	-0.0238333	0.304916	0.000370291	0.00115283	0.000988143
0.537894	-0.0238318	0.304914	0.000272008	0.00127015	0.000183066
0.537892	-0.0238328	0.304913	-0.000126868	0.000857276	0.000216397
0.537892	-0.0238313	0.30491	-0.000397568	0.00158716	-0.00123727
0.537895	-0.0238312	0.304913	0.00059588	0.000521119	0.000294177
0.537894	-0.0238317	0.304911	0.000153604	0.000357571	-0.000134389
0.537895	-0.0238293	0.304914	0.000426555	0.000718653	0.000768399
0.537894	-0.0238334	0.304914	0.000218031	-0.00101708	0.000511309
0.537893	-0.0238273	0.304914	-0.000321376	0.00134612	0.000101739
0.537894	-0.0238284	0.304911	7.13516e-05	0.000882469	-0.000522208
0.537895	-0.0238262	0.304913	0.000152681	0.00108749	-0.00310276
0.537893	-0.0238259	0.304914	-0.000440952	0.000748655	-0.00206615
0.537895	-0.02382	0.304911	0.000314336	0.00241765	-0.00230277
0.537895	-0.0238243	0.304911	0.000108981	0.000168464	-0.00170558
0.537894	-0.0238213	0.304913	-0.000174487	0.00112237	-0.000654559
0.537895	-0.0238213	0.304915	0.000272164	0.000731297	0.000414052
0.537894	-0.0238228	0.304913	-0.000203782	1.13987e-05	-0.000691784
0.537894	-0.0238154	0.304911	-0.000299842	0.00245701	-0.00133431
0.537895	-0.02382	0.304915	-1.46551e-06	0.000205324	0.000380026
0.537895	-0.0238213	0.304916	-5.06632e-05	-0.000297331	0.00020188
0.537895	-0.0238198	0.304914	2.31487e-05	0.000306964	-0.0003335
0.537895	-0.0238213	0.304912	0.000274523	-0.000309945	-0.000829844
0.537894	-0.0238139	0.30491	-0.000322138	0.00227459	-0.000851149
0.537894	-0.0238198	0.304913	2.98314e-05	-0.000443678	0.000304517
0.537893	-0.0238199	0.304912	-0.000349182	-0.000326066	-0.000235362
0.537894	-0.0238154	0.304912	0.000141238	0.00126286	-0.000254897
0.537894	-0.0238154	0.304911	-0.000123512	0.000853664	-4.24808e-06
0.537894	-0.0238139	0.304908	-0.000141453	0.00107106	-0.00102857
0.537894	-0.0238158	0.304911	0.000192626	-0.00029823	0.00019331
0.537894	-0.023812	0.304911	-0.00014311	0.00131212	-0.000279869
0.537894	-0.0238111	0.304911	0.000209814	0.00086297	0.000194632
0.537894	-0.023812	0.304912	0.000172515	0.000576274	0.000155855
0.537894	-0.0238152	0.304911	-0.000234472	-0.000600594	-0.000279964
0.537894	-0.0238127	0.304907	-0.000244794	0.00010709	-0.00171287
0.537894	-0.023815	0.304913	-1.96711e-05	-0.000435123	0.000906099
0.537895	-0.0238142	0.30491	0.000489987	-0.000318523	-0.000153434
0.537894	-0.023812	0.304912	0.000111251	0.000796782	0.000989089
0.537893	-0.0238129	0.304908	-0.000657934	-0.000353243	-0.00113031
0.537895	-0.0238163	0.304911	0.000220713	-0.00120281	8.38955e-05
0.537895	-0.0238091	0.304914	0.00030766	0.00164357	0.00105692
0.537895	-0.0238138	0.30491	0.000304446	-0.000408588	-0.000461893
0.537894	-0.0238118	0.304911	-0.000310719	0.000760974	-7.33113e-05
0.537896	-0.0238123	0.304915	0.000461584	0.000471303	0.00124221
0.537895	-0.0238112	0.304909	-7.52636e-05	0.000337655	-0.00105208
0.537894	-0.0238123	0.304911	-0.000325506	-0.000261971	-8.73353e-05
0.537896	-0.0238112	0.304913	0.000640021	-0.000214092	0.000564037
0.537896	-0.0238119	0.304912	0.000209189	-0.000129841	0.000544177
0.537892	-0.0238105	0.304911	-0.0010362	0.000464076	-0.000191098
0.537895	-0.0238137	0.304909	0.000105298	-0.000727545	-0.000956035
0.537894	-0.0238092	0.304909	-0.000203904	0.00103224	-0.000568944
0.537896	-0.0238123	0.304911	0.000491567	-0.000344357	0.000435161
0.537895	-0.0238137	0.304911	2.66858e-05	-0.000708689	0.000405522
0.537893	-0.023808	0.304909	-0.000529412	0.00104504	-1.56806e-05
0.537896	-0.0238149	0.304914	0.000753252	-0.00135366	0.00101624
0.537896	-0.0238151	0.304916	0.000249039	-0.000891106	0.00129444
0.537895	-0.0238137	0.304912	-0.000201468	-7.30268e-05	-0.000544532
0.537895	-0.0238137	0.304912	-0.00010164	-4.78998e-05	-0.000336106
0.537895	-0.0238122	0.304914	9.2093e-06	0.0004609	0.000300425
0.537895	-0.0238137	0.304911	-6.80918e-05	-0.000189737	-0.000799918
0.537895	-0.0238152	0.304911	-9.65466e-05	-0.000626562	-0.000557204
0.537895	-0.0238171	0.304914	-2.73684e-05	-0.00141458	0.000650743
0.537894	-0.0238148	0.304911	-8.75175e-05	6.32944e-05	-0.000616243
0.537895	-0.0238152	0.304913	0.000272643	2.06475e-05	0.000472039
0.537894	-0.0238136	0.30491	-0.000432299	0.000548774	-0.000950469
0.537896	-0.0238152	0.304912	0.000299945	-0.000164081	0.000130941
0.537896	-0.0238167	0.304915	0.000262474	-0.000613037	0.00111345
0.537895	-0.0238122	0.304914	-3.48338e-05	0.00110403	0.000383927
0.537894	-0.0238152	0.304911	-0.000398719	-0.000250122	-0.00062501
0.537895	-0.0238182	0.304913	0.000238798	-0.00118953	0.000296128
0.537896	-0.0238168	0.304912	0.000496052	-0.000305662	-0.000368692
0.537896	-0.0238123	0.304914	0.000202168	0.00129407	0.000898634
0.537896	-0.0238138	0.304913	0.000304472	0.00035946	-6.86853e-05
0.537894	-0.0238152	0.304913	-0.000715145	-0.000216907	-0.000221308
0.537896	-0.0238153	0.304915	0.000195003	-0.00017813	0.000667888
0.537896	-0.0238123	0.304911	0.000339859	0.000873469	-0.000721185
0.537897	-0.0238138	0.304913	0.000230401	7.9418e-05	1.88291e-05
0.537896	-0.0238141	0.304915	-6.00874e-05	-0.000436381	0.000679376
0.537895	-0.0238149	0.304913	-0.000400202	-0.00027384	-0.000452923
0.537895	-0.0238121	0.304916	-0.000144555	0.000809926	0.00119787
0.537895	-0.0238165	0.304912	4.08438e-05	-0.000907569	-0.000820375
0.537896	-0.0238137	0.304916	0.000176208	0.000333649	0.000978645
0.537896	-0.0238152	0.304912	-4.42099e-05	-0.000268111	-0.000898226
0.537897	-0.0238153	0.304913	0.000308076	-0.000198902	-0.000189615
0.537895	-0.0238137	0.304914	-0.000302048	0.000386389	0.000132154
0.537897	-0.0238126	0.304913	0.000354381	0.000240701	0.000329167
0.537896	-0.0238147	0.304915	-0.00012469	-0.000280886	0.00028506
0.537897	-0.0238152	0.304915	0.000284477	-0.000250809	0.000148341
0.537897	-0.0238153	0.304913	0.00016363	-0.000165701	-0.000400729
0.537895	-0.0238166	0.304914	-0.000192973	-0.000548152	0.000325006
0.537893	-0.0238178	0.304908	-0.000459136	-0.000400587	-0.00114008
0.537896	-0.0238157	0.304915	0.000316963	0.000205539	0.00095295
0.537896	-0.0238167	0.304918	3.23948e-05	-0.000303981	0.00132913
0.537897	-0.0238139	0.304913	0.00026456	0.000732745	-0.000728287
0.537897	-0.0238153	0.304918	0.000171006	-6.65184e-06	0.000961557
0.537897	-0.0238153	0.304912	3.57488e-05	-4.344e-06	-0.000857836
0.537895	-0.0238182	0.304912	-0.000325448	-0.000984765	-0.000954182
0.537896	-0.0238181	0.304914	-0.000159767	-0.000608181	-0.00011344
0.537895	-0.0238196	0.30491	-0.000209621	-0.000900319	-0.00109879
0.537897	-0.0238167	0.304912	0.000543657	0.000366081	5.59828e-05
0.537896	-0.0238138	0.304915	-0.000156733	0.00121611	0.00075045
0.537896	-0.0238166	0.304911	8.07492e-05	-0.000141318	-0.000619041
0.537895	-0.0238168	0.304913	-0.000234181	-0.00013483	0.000178198
0.537896	-0.0238153	0.304915	-4.6471e-05	0.00040502	0.000669255
0.537896	-0.0238196	0.304916	-0.000124029	-0.00117508	0.000421387
0.537896	-0.0238196	0.304917	-6.33212e-05	-0.000787143	0.00125325
0.537895	-0.0238211	0.30491	-0.000135631	-0.00101361	-0.00113702
0.537895	-0.0238196	0.304914	-0.000295326	-0.000165943	0.000359511
0.537894	-0.0238225	0.304909	-0.00037795	-0.00110321	-0.00178764
0.537896	-0.0238196	0.304912	0.000490221	0.000229559	0.000125203
0.537896	-0.0238211	0.304917	0.000353817	-0.000347997	0.00155746
0.537894	-0.0238195	0.30491	-0.000491955	0.000301659	-0.00127503
0.537896	-0.0238241	0.304914	0.000303613	-0.00132655	0.000463116
0.537896	-0.0238241	0.304912	0.000179125	-0.00088708	-0.000666585
0.537895	-0.0238241	0.304911	-0.000188587	-0.000575098	-0.000350983
0.537895	-0.0238211	0.304913	-8.78873e-05	0.00061663	0.00024064
0.537895	-0.023821	0.304908	-0.000383424	0.000423839	-0.00119516
0.537895	-0.0238226	0.30491	2.76438e-05	-0.000226472	-0.000414473
0.537896	-0.0238256	0.304915	0.000298756	-0.00116602	0.00107736
0.537895	-0.0238241	0.304909	-0.000129384	-0.000260839	-0.00113601
0.537894	-0.0238225	0.304908	-0.000314446	0.000333189	-0.000615139
0.537895	-0.0238252	0.304908	0.000265118	-0.000297619	-0.000695578
0.537895	-0.0238275	0.30491	2.87044e-05	0.00217956	0.000157778
0.537895	-0.0238268	0.304913	0.000138406	0.00222916	0.00113284
0.537895	-0.0238245	0.304909	4.56342e-05	0.00219887	-0.000742276
0.537894	-0.0238283	0.304911	-0.000259886	0.000639353	0.000120485
0.537895	-0.0238316	0.30491	3.42533e-05	-0.000465922	-6.46462e-05
0.537894	-0.0238317	0.304909	2.68744e-05	-0.000219631	-4.29238e-05
0.537896	-0.0238262	0.304913	0.00041828	0.00139699	0.00085534
0.537895	-0.0238246	0.30491	-1.72592e-05	0.00100221	-0.000284673
0.537894	-0.0238323	0.304913	-0.000325468	-0.0012795	0.000923983
0.537895	-0.02383	0.30491	0.00011057	0.000159515	2.39757e-05
0.537896	-0.0238321	0.30491	0.000283536	-0.000882218	-0.000600925
0.537895	-0.0238299	0.304912	-2.21061e-05	0.000435724	0.000693017
0.537895	-0.0238301	0.304907	-8.94483e-05	0.000306193	-0.00151349
0.537896	-0.0238321	0.304913	0.000218449	-0.000795591	0.000820403
0.537895	-0.0238314	0.304912	-0.000111206	-1.53394e-05	0.000665225
0.537896	-0.0238305	0.304908	0.000188673	-1.7611e-05	-0.00112091
0.537896	-0.0238299	0.304911	0.000171149	0.000488124	0.000229014
0.537896	-0.0238272	0.304913	0.000184274	0.00132066	0.000652298
0.537896	-0.0238288	0.304911	0.000104066	0.00039156	-4.17783e-05
0.537895	-0.0238261	0.304913	-0.000190735	0.000767239	0.000567082
0.537895	-0.0238257	0.304907	-0.000230985	0.000527184	-0.00162329
0.537896	-0.0238298	0.304913	0.000246499	-0.000669784	0.000849801
0.537894	-0.0238286	0.304912	-0.000430421	8.049e-05	0.000275605
0.537896	-0.0238276	0.30491	0.000209828	3.00235e-05	-0.00010079
0.537894	-0.0238268	0.304911	-0.000363801	0.00054144	0.000194367
0.537896	-0.0238275	0.304908	0.000296596	-0.000161928	-0.00058173
0.537896	-0.0238284	0.304908	0.000168969	-0.00010337	-0.000410779
0.537895	-0.0238256	0.304909	-0.000148393	0.000941668	-0.00065615
0.537894	-0.0238257	0.304908	-0.000404193	0.000639964	-0.000819729
0.537895	-0.0238273	0.304912	6.57368e-05	-8.8877e-05	0.00083601
0.537896	-0.0238243	0.30491	0.000341169	0.000927903	-5.96074e-05
0.537896	-0.0238273	0.304912	0.000209367	-0.00037629	0.000457975
0.537894	-0.0238212	0.304914	-0.000365725	0.00177084	0.000991622
0.537895	-0.0238216	0.304909	2.25339e-05	0.000667169	-0.000406568
0.537895	-0.0238269	0.304912	7.49528e-07	-0.00105439	0.000727241
0.537896	-0.0238212	0.304911	0.000309472	0.00128265	-0.000158076
0.537896	-0.0238243	0.30491	0.000136067	-0.000143097	-0.00060405
0.537896	-0.0238217	0.304912	0.00019744	0.000399315	0.000623457
0.537896	-0.0238196	0.30491	0.000147584	0.00121359	-8.21657e-05
0.537895	-0.0238182	0.30491	-0.000182654	0.00136923	-0.00043794
0.537896	-0.0238243	0.304916	0.00014066	-0.00109544	0.00156134
0.537895	-0.0238173	0.304909	-0.000203269	0.00123272	-0.000838449
0.537896	-0.0238155	0.304911	0.000191661	0.00130451	-0.000176675
0.537895	-0.0238178	0.30491	-0.000164896	0.00043002	-0.000474033
0.537897	-0.0238172	0.304912	0.000466001	0.000217306	0.000422531
0.537896	-0.0238166	0.304913	7.95481e-05	0.000653104	0.000898632
0.537895	-0.0238155	0.304906	-0.000600598	0.000518135	-0.00163831
0.537894	-0.0238134	0.304909	-0.000584175	0.00125066	-0.0012981
0.537897	-0.0238127	0.304916	0.00029896	0.000802069	0.0013971
0.537895	-0.0238139	0.304911	-0.000452596	6.56236e-05	-0.000805523
0.537896	-0.0238108	0.304911	8.30207e-05	0.00102165	-0.000601595
0.537897	-0.023815	0.304914	0.000368276	-0.000335396	0.000979518
0.537896	-0.0238115	0.304913	-9.90895e-05	0.000291266	0.000220837
0.537895	-0.023812	0.304914	-0.000344916	0.000213579	0.000264557
0.537897	-0.0238122	0.304913	0.000389674	0.000108308	-6.49095e-06
0.537897	-0.0238123	0.304912	0.000233876	7.86299e-05	-0.000505862
0.537897	-0.0238097	0.304918	0.000220645	0.000549206	0.00161138
0.537895	-0.0238103	0.304908	-0.000262247	0.000385567	-0.00130749
0.537897	-0.023811	0.304913	0.000199106	-0.00018515	6.1195e-05
0.537896	-0.0238118	0.304915	-0.000181432	-9.83155e-05	0.000606923
0.537894	-0.0238091	0.304911	-0.00071312	0.000960721	-0.00085768
0.537897	-0.0238108	0.304916	0.000444383	0.000106513	0.00107378
0.537896	-0.0238123	0.304911	0.000163749	-0.000415816	-0.000810877
0.537897	-0.0238105	0.304912	0.000179456	0.000719041	-3.90448e-05
0.537896	-0.0238127	0.304913	-0.000148825	-0.000591781	0.000615794
0.537895	-0.0238094	0.304909	-0.000165825	0.000605167	-0.00111429
0.537897	-0.0238112	0.304915	0.000260777	-0.000622853	0.00116616
0.537895	-0.0238104	0.30491	-0.000193865	0.00010316	-0.00063197
0.537898	-0.0238062	0.304914	0.000579834	0.00153263	0.000371147
0.537895	-0.0238137	0.304913	-0.000587445	-0.00143336	9.78651e-05
0.537897	-0.0238123	0.304911	0.000191637	-0.000483037	-0.000645108
0.537897	-0.0238112	0.304916	0.000205874	-0.000325305	0.0010688
0.537896	-0.0238134	0.304911	-0.000271145	-0.00070041	-0.000692935
0.537896	-0.0238121	0.304913	-0.000132665	3.0182e-05	3.76633e-05
0.537895	-0.0238103	0.30491	-0.000346423	0.00103339	-0.000831924
0.537895	-0.0238126	0.30491	-5.76358e-05	-0.000321947	-0.00072278
0.537895	-0.0238112	0.304913	-0.00017142	-0.000207982	0.000711501
0.537895	-0.0238119	0.304911	-0.000227863	-0.000133053	-0.000575741
0.537896	-0.0238136	0.304912	0.000131166	-0.000600929	-2.48882e-06
0.537895	-0.023815	0.304911	-0.000211589	-0.000835989	0.000114804
0.537897	-0.0238182	0.304914	0.00073014	-0.00159944	0.00122247
0.537894	-0.023814	0.304908	-0.000717871	-5.96693e-05	-0.001212
0.537895	-0.0238163	0.304913	-0.000143465	-0.00055628	0.000573532
0.537895	-0.0238155	0.30491	0.000131455	-0.000380645	-0.000734212
0.537896	-0.0238133	0.304915	0.000210094	0.000744479	0.0010094
0.537895	-0.0238155	0.304912	-1.79037e-05	-0.000500701	-0.000377153
0.537896	-0.0238162	0.304912	0.000139459	-0.000287504	0.000348997
0.537896	-0.0238165	0.304913	6.0398e-05	-0.000190215	0.000205752
0.537893	-0.0238136	0.304907	-0.00094677	0.000869851	-0.00205796
0.537895	-0.0238167	0.304911	1.93001e-05	-0.000458112	0.000418754
0.537894	-0.023821	0.304908	-0.000382315	-0.0017311	-0.000605517
0.537895	-0.0238126	0.304911	0.000158567	0.00127369	-1.86083e-05
0.537895	-0.0238181	0.304912	0.000350629	-0.00111309	0.000867691
0.537894	-0.023819	0.304909	-0.000402419	-0.000707578	-0.000685745
0.537894	-0.0238163	0.304911	-0.000198145	0.000522915	4.24528e-05
0.537895	-0.0238195	0.304912	0.000375534	-0.000673115	0.000266364
0.537894	-0.0238184	0.304911	3.59132e-06	-0.00044186	0.000321807
0.537894	-0.0238248	0.304911	-9.6503e-05	-0.00178928	0.000186669
0.537895	-0.0238228	0.304909	0.000185085	-0.000696313	-0.000994029
0.537894	-0.0238268	0.304908	-0.00013855	-0.00145477	-0.000494528
0.537894	-0.023823	0.30491	-5.11998e-05	2.20316e-05	0.00014888
0.537895	-0.0238227	0.30491	0.000274171	6.3894e-06	4.89908e-06
0.537893	-0.023824	0.304912	-0.000371675	-0.000470378	0.000735617
0.537894	-0.023821	0.30491	-1.20046e-05	0.000672203	-0.000174496
0.537894	-0.0238237	0.304911	0.000362525	-7.04486e-05	0.00081546
0.537894	-0.0238271	0.304912	-0.000107603	-0.00102747	0.000160391
0.537894	-0.023826	0.304908	-0.000178865	-0.000681377	-0.00141586
0.537896	-0.0238228	0.304912	0.000282284	0.000527672	0.000438591
0.537894	-0.0238196	0.304909	-9.87104e-05	0.00136677	-0.000588562
0.537893	-0.0238237	0.304908	-0.000415278	-7.37495e-05	-0.000775628
0.537892	-0.023827	0.304911	-0.000580834	-0.00103714	0.000571603
0.537895	-0.0238216	0.304909	0.000549195	0.000765819	5.79232e-05
0.537893	-0.023823	0.304909	-0.000295053	-0.000458796	-0.000255181
0.537893	-0.0238237	0.304908	-0.000196509	-0.000301441	-0.000170115
0.537894	-0.0238224	0.304906	5.64563e-05	0.000285444	-0.00127986
0.537894	-0.0238195	0.304912	-3.15742e-05	0.00119484	0.0013134
0.537894	-0.023824	0.304914	0.000282761	-0.000639577	0.00130884
0.537892	-0.0238255	0.304907	-0.000583342	-0.000883856	-0.00144267
0.537894	-0.0238225	0.304911	0.000289168	0.00038696	0.000779096
0.537894	-0.0238225	0.304908	0.000169849	0.000263459	-0.000455916
0.537895	-0.0238237	0.304914	0.000252952	0.000171192	0.00124576
0.537894	-0.0238211	0.304912	0.000151501	0.00111823	0.000780632
0.537894	-0.0238245	0.304909	-0.000289781	-0.000729703	-0.000836109
0.537895	-0.0238212	0.304914	0.00023724	0.000493137	0.000849011
0.537892	-0.0238225	0.304905	-0.000640183	-0.000138812	-0.0022479
0.537894	-0.0238211	0.304911	0.000290412	0.000375135	0.000293099
0.537894	-0.0238226	0.304914	0.000252529	-0.00025154	0.00121761
0.537894	-0.0238182	0.30491	0.000151444	0.00128068	-0.000208649
0.537894	-0.0238195	0.30491	-0.000169186	0.000416643	3.26358e-07
0.537894	-0.0238165	0.304909	0.000123109	0.00127004	-0.000667559
0.537895	-0.0238226	0.304911	8.12323e-05	-0.00115142	0.000103503
0.537894	-0.0238182	0.304911	-0.000189863	0.000690266	0.000165179
0.537894	-0.0238165	0.30491	-9.9418e-05	0.00100857	-0.000366442
0.537894	-0.0238167	0.30491	0.000207808	0.000609196	0.0001159
0.537892	-0.0238166	0.30491	-0.000419742	0.000433074	0.000310957
0.537895	-0.0238167	0.304913	0.000298032	0.000263882	0.00094499
0.537895	-0.0238152	0.304914	0.000282211	0.000668796	0.000681782
0.537894	-0.0238182	0.304909	9.18026e-05	-0.000550317	-0.00054568
0.537893	-0.0238152	0.304912	-0.000209147	0.000647733	0.000202326
0.537893	-0.0238191	0.304909	-0.000200893	-0.000513836	-0.000838303
0.537894	-0.0238141	0.304908	0.00017662	0.00108897	-0.000701291
0.537894	-0.0238138	0.304909	-9.99568e-05	0.000735133	-0.000300328
0.537895	-0.0238164	0.304911	0.00021653	-2.11445e-05	0.000182079
0.537893	-0.0238137	0.304908	-0.000450756	0.00101275	-0.000666167
0.537893	-0.0238127	0.304912	-0.000280933	0.000675838	0.000528216
0.537895	-0.0238109	0.304912	-0.00163253	0.00102092	-0.00196707
0.537895	-0.0238163	0.30491	-0.00132338	-0.000759157	-0.00200744
0.537894	-0.0238126	0.304912	-0.00128492	0.000465157	-0.0009326
0.537894	-0.023812	0.304908	-0.000922937	0.000809671	-0.00169253
0.537894	-0.0238115	0.304911	-0.00279465	0.0001398	-0.00335049
0.537894	-0.0238089	0.304908	-0.00213203	0.00110449	-0.0035459
0.537894	-0.0238121	0.30491	-0.00158466	-0.000253454	-0.00158023
0.537896	-0.0238089	0.304913	-0.000482165	0.00130538	5.07558e-05
0.537893	-0.0238095	0.304911	-0.00132292	0.000414715	-0.00120684
0.537893	-0.0238093	0.30491	-0.00101292	0.000279259	-0.00142065
0.537894	-0.0238062	0.304911	-0.000347434	0.00117489	-0.000606744
0.537894	-0.0238077	0.304911	-0.000301008	0.000283732	1.72891e-05
0.537893	-0.0238065	0.30491	-0.000503764	0.000202031	-0.000381088
0.537893	-0.0238087	0.30491	-0.000406526	-0.000353925	-0.000783267
0.537894	-0.0238102	0.304911	7.83412e-05	-0.000256608	-0.000110537
0.537893	-0.0238065	0.304911	-0.000257239	0.000838493	-2.14009e-05
0.537893	-0.0238092	0.30491	-0.000312774	-0.000431068	-0.000577757
0.537894	-0.0238122	0.30491	8.05436e-05	-0.00130399	-0.000461689
0.537892	-0.0238106	0.304906	-0.000260728	-0.000350558	-0.00119745
0.537892	-0.0238095	0.30491	-0.000376025	-0.00022506	0.00033708
0.537893	-0.0238129	0.304908	-5.16687e-05	-0.000659032	-0.000419967
0.537891	-0.0238063	0.304905	-0.000617151	0.00158932	-0.00157108
0.537894	-0.0238122	0.304913	0.000274467	-0.000970337	0.00176149
0.537891	-0.0238091	0.304905	-0.000488875	0.000376739	-0.00158844
0.537892	-0.0238091	0.304906	0.000248074	0.000227489	0.000152242
0.537892	-0.0238091	0.304908	-8.20936e-05	0.000158888	0.000244819
0.537891	-0.0238083	0.304903	-0.000187853	-0.000383137	-0.00136322
0.537893	-0.0238084	0.30491	0.000341345	0.000225784	0.0010217
0.537891	-0.0238088	0.304906	-0.000437993	0.000181388	-0.000605457
0.537891	-0.0238105	0.304903	-0.00033771	-0.000381809	-0.0013802
0.537892	-0.0238105	0.304907	0.000135548	-0.000187925	0.000460334
0.53789	-0.0238105	0.304902	-0.000571906	-8.97374e-05	-0.00145516
0.537891	-0.0238109	0.304903	-0.000126904	-0.000562024	-0.000613766
0.537891	-0.0238117	0.304905	-6.49388e-05	-0.000371602	0.000564019
0.537892	-0.0238123	0.304904	0.000220379	-0.000755458	-0.000215041
0.537891	-0.0238105	0.304906	-8.42416e-05	4.49652e-06	0.000473528
0.537891	-0.0238134	0.304903	0.000153086	-0.000998388	-0.000301284
0.537891	-0.0238088	0.304907	-6.2241e-05	0.000760075	0.000917479
0.53789	-0.0238129	0.304902	-0.00046941	-0.000481691	-0.00127048
0.537891	-0.0238119	0.304901	0.000293384	0.000150237	-0.000583002
0.537889	-0.0238092	0.304902	-0.000340845	0.000620751	-0.00015499
0.537891	-0.0238101	0.304903	0.000106672	0.000390906	0.000304784
0.53789	-0.0238133	0.3049	-0.000258476	0.000905751	-0.00118014
0.537891	-0.023812	0.304907	0.000232601	0.00113829	0.00157092
0.537888	-0.0238137	0.304897	-0.000657978	-0.000104671	-0.00224324
0.53789	-0.0238135	0.304902	1.55086e-05	-3.0353e-05	-3.43346e-05
0.537889	-0.0238159	0.304901	-1.58552e-05	-0.000461819	0.000447898
0.537889	-0.0238118	0.304899	-0.000364438	0.00124189	-0.000656152
0.537889	-0.0238104	0.304899	0.000114787	0.00134695	-3.21799e-05
0.537888	-0.0238149	0.304898	-0.000261479	-0.00056536	-0.000377791
0.537889	-0.0238134	0.304898	0.000156803	0.000127942	-0.000344305
0.537888	-0.0238134	0.304899	-0.000235693	0.000109774	-0.000162088
0.537887	-0.0238167	0.304895	-0.000521744	-0.00140013	-0.000964964
0.537888	-0.0238089	0.304895	-1.93384e-05	0.00155897	-0.000809552
0.537888	-0.0238144	0.304896	8.73734e-06	-0.000452278	8.83206e-06
0.537888	-0.0238121	0.304896	5.6958e-05	0.000198096	2.98056e-05
0.537889	-0.0238145	0.3049	0.000285677	-0.000378504	0.000851898
0.537886	-0.0238105	0.304896	-0.000706934	0.000790341	-0.00107854
0.537886	-0.0238118	0.304895	-0.000460642	3.01428e-05	-0.000692113
0.537887	-0.0238113	0.304897	-0.000989525	0.000547736	-0.000434178
0.537888	-0.0238162	0.304895	-0.000523642	-0.00113325	-0.000950451
0.537889	-0.0238138	0.304902	4.83134e-05	-0.000282392	0.00172019
0.537888	-0.023813	0.304899	-0.000716546	0.000350087	-0.000706691
0.537889	-0.0238163	0.304899	-0.000245224	-0.000771425	-0.00059163
0.537886	-0.0238133	0.304898	-0.000762825	0.000508274	-0.000707188
0.537888	-0.0238134	0.304895	1.14851e-06	0.000320154	-0.000746416
0.537887	-0.0238089	0.304897	-0.000165648	0.00171465	-0.000339832
0.537885	-0.0238118	0.304893	-0.000640116	0.00329436	-0.000989976
0.537887	-0.0238118	0.304892	0.000113307	0.00243359	-0.00136348
0.537888	-0.0238077	0.304896	0.000505862	0.00280053	0.000442262
0.537888	-0.023807	0.304895	0.000299166	0.00250513	0.000241065
0.537886	-0.0238087	0.304896	-0.00037298	0.00130847	-8.02505e-05
0.537888	-0.0238104	0.304901	0.000386029	0.00042167	0.00218081
0.537889	-0.0238048	0.304899	0.00058412	0.00183137	0.000362594
0.537888	-0.0238043	0.304897	-0.000226738	0.00130014	-5.1366e-05
0.537887	-0.0238057	0.304897	-0.000140256	0.000400861	-8.25549e-06
0.537889	-0.0238039	0.304897	0.000535113	0.00125883	0.000259715
0.537891	-0.0238017	0.304901	0.000982884	0.00133071	0.00140895
0.537889	-0.023804	0.304899	2.29802e-05	0.000429801	0.00017529
0.53789	-0.0238014	0.3049	0.000426336	0.00127884	0.00054969
0.537891	-0.0237955	0.304902	0.000369691	0.00285323	0.000844811
0.537893	-0.0237971	0.304903	0.000837936	0.00138662	0.000850978
0.53789	-0.0238003	0.304898	-0.000231707	-0.000535885	-0.00124937
0.53789	-0.0237981	0.304899	-2.26045e-05	0.000641154	-0.000281597
0.537892	-0.0237943	0.3049	0.000305326	0.00141272	0.000172483
0.53789	-0.0237911	0.304901	-0.00031287	0.0019155	0.000349587
0.53789	-0.0237957	0.304899	-1.25986e-05	-0.000679506	-0.00036096
0.53789	-0.0237919	0.304899	-0.000221397	0.00105481	-0.000122386
0.537892	-0.0237941	0.304902	0.000723978	-0.000332683	0.00106526
0.537891	-0.0237905	0.304901	-9.91648e-05	0.00125622	0.000394361
0.53789	-0.0237925	0.3049	-0.000413242	-9.75755e-05	-0.000118435
0.537893	-0.0237893	0.304902	0.000719598	0.000887392	0.000619117
0.537891	-0.0237863	0.304899	-0.000143675	0.00157161	-0.000875377
0.537892	-0.0237864	0.304901	0.0002094	0.00103368	-0.000201303
0.537891	-0.0237864	0.3049	-0.0001676	0.000656812	-0.000515625
0.537892	-0.0237863	0.304902	0.000221502	0.000468934	0.000537283
0.537891	-0.0237893	0.3049	-0.000201555	-0.000667818	-2.50581e-05
0.537892	-0.0237848	0.304902	-6.81568e-05	0.00105102	-1.57486e-05
0.537891	-0.0237834	0.304905	2.63785e-05	0.00114354	0.000989591
0.53789	-0.0237849	0.3049	-0.00036164	0.000281349	-0.000720829
0.53789	-0.0237847	0.304899	-0.000271443	0.000241542	-0.000509287
0.537891	-0.0237819	0.304902	0.000298802	0.0027621	0.000573373
0.53789	-0.0237819	0.304902	-9.98079e-05	0.00199375	1.18735e-06
0.537891	-0.0237819	0.304903	0.000210699	0.00142097	0.000356371
0.537892	-0.0237823	0.3049	0.000374898	0.000514474	-0.000380175
0.537891	-0.0237792	0.304899	-0.000241458	0.000929697	-0.000940161
0.53789	-0.0237784	0.304903	-0.000182127	0.00115698	0.0007724
0.537889	-0.023777	0.304898	-0.000393679	0.00131754	-0.000816646
0.53789	-0.0237772	0.304899	7.27844e-05	0.000887627	-0.000138175
0.53789	-0.0237802	0.3049	-3.01995e-05	-0.000384826	0.000356704
0.53789	-0.0237787	0.304897	-4.94213e-05	0.000261804	-0.000761396
0.53789	-0.023776	0.3049	4.17372e-05	0.000682029	0.000492614
0.537888	-0.0237771	0.304896	-0.000623949	-1.1e-05	-0.00140847
0.537889	-0.0237754	0.304897	-0.000338551	0.000497134	-0.000415431
0.537889	-0.0237784	0.3049	1.64613e-07	-0.000670582	0.000552207
0.537889	-0.0237758	0.304897	2.72034e-06	5.3412e-05	-0.000603216
0.537891	-0.0237778	0.304904	0.00069046	5.92911e-06	0.00186225
0.537891	-0.0237784	0.3049	0.000382201	8.11691e-06	-0.000257349
0.53789	-0.0237733	0.3049	-0.000291891	0.00103076	3.71383e-05
0.537889	-0.0237737	0.304898	-0.000220762	0.00068562	-0.000474858
0.537889	-0.0237798	0.304898	-0.000202721	-0.00153433	-0.000292534
0.537891	-0.0237754	0.304903	0.000288496	0.000459676	0.00118842
0.537892	-0.0237729	0.304901	0.000434942	0.000794933	0.000149388
0.537889	-0.0237769	0.304898	-0.000415612	-0.00093693	-0.000690825
0.537891	-0.0237783	0.304902	0.00036612	-0.00115707	0.00082756
0.537891	-0.0237798	0.3049	0.000228764	-0.00126455	7.80493e-05
0.537889	-0.0237795	0.304901	-0.000403562	-0.000766254	0.000285822
0.53789	-0.0237811	0.304899	-6.39341e-05	-0.00101744	-0.000926004
0.537889	-0.0237767	0.3049	-0.000264425	0.000777314	-2.54864e-05
0.537891	-0.0237779	0.304901	0.000161562	0.000503411	0.000393172
0.537891	-0.0237772	0.304898	0.000302113	0.000325162	-0.000881358
0.537889	-0.0237798	0.304904	-0.000322912	-0.000759195	0.00114496
0.537891	-0.023784	0.304901	0.000287681	-0.0019289	5.41297e-05
0.53789	-0.0237837	0.304896	-0.000178275	-0.000820137	-0.00137235
0.537889	-0.0237844	0.304901	-0.000309281	-0.00103557	0.000727228
0.537889	-0.0237796	0.304898	-0.000188943	0.000813425	-0.000989136
0.537888	-0.023784	0.304895	-0.00080273	-0.000929774	-0.00142496
0.537889	-0.0237854	0.304901	4.30511e-05	-0.00109721	0.00123965
0.537889	-0.0237854	0.304896	1.20396e-05	-0.000730575	-0.000622539
0.537889	-0.0237839	0.304898	2.36489e-05	1.29419e-05	5.86388e-05
0.537888	-0.0237851	0.304897	-0.000291891	-3.19938e-05	-0.000344161
0.537888	-0.0237917	0.304898	-0.000270094	-0.00246277	-0.000205402
0.537888	-0.0237851	0.304896	0.000209526	0.000838054	-0.000250425
0.537887	-0.0237857	0.304895	-0.000492758	8.80509e-05	-0.000931518
0.537887	-0.0237881	0.304898	-0.000298592	-0.000444336	0.000377249
0.537888	-0.0237829	0.304894	-0.000938983	0.00118938	-0.00214089
0.537887	-0.0237884	0.304897	-0.00104826	-0.00113257	-0.000917332
0.537888	-0.023784	0.304899	-0.000333544	0.000674672	0.000220037
0.537887	-0.0237853	0.304896	-0.000652935	1.63779e-05	-0.000819789
0.537887	-0.0237838	0.304896	-0.00041565	0.000512476	-0.000563584
0.537889	-0.023784	0.304898	2.55946e-05	0.000278554	0.000472238
0.537886	-0.0237824	0.304894	-0.000645126	0.000716003	-0.00146142
0.537885	-0.0237853	0.304895	-0.000742124	-0.000506354	-0.000377814
0.537886	-0.023781	0.304893	-0.000468018	0.00110591	-0.00076262
0.537887	-0.0237824	0.304897	0.000236834	0.000264545	0.000682323
0.537886	-0.0237839	0.304896	-0.000116129	-0.00030963	0.000125961
0.537885	-0.0237867	0.30489	-0.000507364	-0.00113584	-0.00180301
0.537886	-0.0237822	0.304893	-0.000260811	0.001137	-0.000728897
0.537886	-0.0237813	0.304894	0.000218365	0.00078852	0.000442627
0.537887	-0.0237826	0.304897	0.000451186	1.09665e-05	0.0011602
0.537885	-0.0237839	0.304893	-0.000390174	-0.000459078	-0.000506133
0.537885	-0.0237852	0.30489	4.67857e-06	-0.000765752	-0.000928839
0.537884	-0.0237896	0.304891	-0.000375652	-0.00199104	-0.000531769
0.537884	-0.0237867	0.304892	-0.000148402	-0.00033688	0.000173138
0.537885	-0.0237823	0.304891	-9.38316e-05	0.00122906	-0.000410717
0.537884	-0.0237863	0.304889	-0.000185974	-0.000125577	-0.00129835
0.537885	-0.0237827	0.304892	0.00034969	0.00253252	0.00051981
0.537885	-0.0237853	0.304893	0.000284796	0.000876204	0.000897005
0.537886	-0.0237839	0.304894	0.000488925	0.00112732	0.000941118
0.537885	-0.0237882	0.304892	-9.67931e-05	-0.00059497	-0.000268987
0.537886	-0.0237869	0.304894	0.000320025	9.25833e-05	0.00071518
0.537886	-0.0237882	0.304894	0.000162902	-0.000340739	0.000450844
0.537883	-0.0237822	0.304887	-0.000770193	0.00179282	-0.00183023
0.537885	-0.0237867	0.304893	8.61804e-05	-0.000255314	0.000542673
0.537885	-0.0237863	0.304891	5.41758e-05	0.000344308	-0.00013591
0.537885	-0.0237842	0.30489	-0.000213008	0.000709424	-0.00092262
0.537884	-0.0237894	0.304893	-0.000153188	-0.000959105	0.000383191
0.537883	-0.0237915	0.304889	-0.000198217	-0.00162988	-0.00074472
0.537886	-0.0237913	0.304891	0.000415296	-0.0011085	0.000202941
0.537884	-0.0237909	0.304891	5.04891e-05	-0.000226754	0.000292768
0.537884	-0.0237927	0.304892	7.04643e-05	-0.000643698	0.000718828
0.537886	-0.0237914	0.304895	0.000613401	4.17847e-05	0.00165625
0.537884	-0.0237955	0.30489	-0.000293117	-0.000935633	-0.00112196
0.537885	-0.0237963	0.304894	0.000170944	-0.00113792	0.000646137
0.537885	-0.0237945	0.30489	8.41065e-05	-0.000253165	-0.00056846
0.537885	-0.0237959	0.304894	8.60062e-05	-0.000672375	0.000620245
0.537884	-0.0238019	0.304896	-7.29894e-05	-0.0024377	0.00133114
0.537883	-0.0238015	0.304892	-0.000291871	-0.00111599	-0.000404059
0.537885	-0.0238038	0.304895	0.000373783	-0.00176701	0.000482923
0.537884	-0.0238061	0.304896	-0.000271717	-0.00165412	0.000618749
0.537883	-0.0238052	0.304889	-0.000651929	-0.00107729	-0.00201904
0.537883	-0.0238094	0.304894	-0.000117676	-0.0022352	0.000534118
0.537883	-0.0238063	0.304892	-2.77172e-05	-0.000491652	-0.00011662
0.537883	-0.0238097	0.304892	-8.47643e-05	-0.00182519	-7.77467e-05
0.537885	-0.0238086	0.304897	0.000314424	-0.000234254	0.00129145
0.537884	-0.0238108	0.304896	0.000161484	-0.000653788	0.000361354
0.537887	-0.0238086	0.3049	0.00074627	-0.000414738	0.00150423
0.537884	-0.0238101	0.304895	-0.00013898	-0.000248631	-0.000261369
0.537884	-0.0238151	0.304894	-0.000220284	-0.00165469	-0.000226028
0.537885	-0.0238153	0.304894	0.000222592	-0.00112302	-0.000194223
0.537885	-0.023818	0.304893	3.89971e-05	-0.00123829	-0.00067896
0.537885	-0.0238203	0.304895	7.63957e-06	-0.00182843	4.60092e-05
0.537884	-0.0238212	0.304897	-0.000248018	-0.00120768	0.00064761
0.537884	-0.0238278	0.304893	-0.000321441	-0.00329519	-0.00104209
0.537885	-0.0238201	0.304899	0.000273095	0.000279717	0.00166101
0.537884	-0.0238244	0.304894	-0.000267449	-0.00128866	-0.000774735
0.537882	-0.0238269	0.30489	-0.000773929	-0.00133416	-0.00171648
0.537884	-0.0238288	0.304897	0.000368676	-0.00138301	0.000937565
0.537883	-0.023829	0.30489	-0.000168585	-0.000948254	-0.00128095
0.537883	-0.0238335	0.304894	-7.17369e-05	-0.00213364	0.000665917
0.537884	-0.0238349	0.304894	-9.38717e-05	-0.00187238	-5.56688e-05
0.537881	-0.0238345	0.304889	-0.0006137	-0.000721046	-0.00123519
0.537882	-0.0238322	0.304893	-6.22412e-05	2.14372e-06	0.000533047
0.537883	-0.0238318	0.304891	0.000174963	0.000443694	-0.000800368
0.537883	-0.0238361	0.304893	0.000126708	-0.00065428	0.000464687
0.537884	-0.0238366	0.304894	0.000389558	-0.000452684	0.000692072
0.537884	-0.0238398	0.304893	0.000251054	-0.00129782	1.1649e-05
0.537883	-0.0238386	0.304891	-0.000199432	-0.000849017	-0.000426306
0.537883	-0.0238366	0.30489	-8.4305e-05	0.000383303	-0.000755945
0.537882	-0.0238353	0.304895	-0.0002046	0.00076018	0.00115138
0.537882	-0.0238343	0.304894	-0.000162537	0.000506081	0.000267971
0.537884	-0.0238365	0.304893	0.000338159	-0.000130152	-0.000144105
0.537885	-0.0238383	0.304894	0.0005989	-0.000605155	0.000360008
0.537883	-0.0238394	0.304891	-0.000211008	-0.00037265	-0.000524558
0.537883	-0.0238402	0.304893	-0.000165885	-0.000749521	0.000124067
0.537885	-0.0238368	0.304895	0.000502283	0.000917185	0.000798357
0.537883	-0.0238399	0.30489	-0.000340676	-0.000306677	-0.00120763
0.537883	-0.0238372	0.304889	-0.000239989	0.000748984	-0.00132861
0.537884	-0.0238416	0.304891	-0.000169044	-0.000947506	-0.000363165
0.537886	-0.0238372	0.304895	0.000561103	0.000834352	0.00100006
0.537884	-0.0238343	0.304897	0.000217768	0.00150734	0.00180813
0.537885	-0.0238343	0.304894	0.000433976	0.000996783	0.000139706
0.537884	-0.0238371	0.304896	-6.76282e-05	-0.000275137	0.000658279
0.537884	-0.0238343	0.304896	5.86655e-05	0.000766647	0.000489691
0.537887	-0.0238373	0.304897	0.0011043	-0.000486473	0.00080555
0.537887	-0.0238388	0.304897	0.000162238	-0.000798744	0.000298028
0.537888	-0.0238347	0.3049	0.000483495	0.000445137	0.0010825
0.537887	-0.0238314	0.3049	5.93538e-05	0.00126254	0.000340339
0.537885	-0.0238323	0.304896	-0.000291744	0.000855266	-0.000655009
0.537886	-0.0238327	0.304897	0.000110793	0.000559458	-5.53405e-05
0.537887	-0.0238347	0.304897	9.10688e-05	-0.000628994	1.29798e-05
0.537888	-0.0238325	0.304897	0.000351615	0.000569911	-0.000135583
0.537887	-0.0238328	0.304898	0.000231384	0.000376173	0.000386258
0.537887	-0.0238302	0.304901	0.000228425	0.000745588	0.00125769
0.537886	-0.0238321	0.304896	-0.000263471	0.000520888	-0.00107053
0.537889	-0.0238347	0.3049	0.000477849	-0.000688348	0.000601327
0.537891	-0.0238317	0.304904	0.000970321	0.000512892	0.00164117
0.537889	-0.023833	0.3049	0.000267623	-0.000137741	-0.000287412
0.537889	-0.023836	0.304902	0.000215118	-0.00109399	0.000829632
0.537887	-0.0238329	0.304899	-0.000390248	0.0002912	-0.000182669
0.537891	-0.0238357	0.304902	0.000824937	-0.000352832	0.000356358
0.537891	-0.023835	0.304904	0.000569444	-0.000236766	0.0012099
0.537889	-0.0238331	0.304899	-0.000228108	0.000370089	-0.000929347
0.537889	-0.023833	0.304898	-0.000210674	0.00025105	-0.00114705
0.53789	-0.0238361	0.304904	0.000231063	-0.000853457	0.00114335
0.537891	-0.0238346	0.3049	0.000403234	-8.0919e-05	-0.000353376
0.537891	-0.0238389	0.304904	-5.48742e-05	-0.0014854	0.00085216
0.53789	-0.0238342	0.304901	-2.28769e-06	0.00096038	-0.000430169
0.53789	-0.0238393	0.304905	2.26799e-05	-0.00131557	0.00123802
0.53789	-0.023836	0.304901	-0.000297794	0.000138098	-0.000554261
0.53789	-0.0238376	0.304901	2.35426e-05	-0.000468701	-0.00051662
0.53789	-0.0238406	0.304908	0.000108237	-0.00131474	0.00168002
0.53789	-0.0238389	0.304902	-0.000319273	-0.00030898	-0.000785172
0.53789	-0.0238419	0.304902	0.000109625	-0.00121868	-9.22371e-05
0.537891	-0.0238434	0.304909	0.000126017	-0.00131721	0.0019121
0.537891	-0.0238405	0.304905	0.000322775	0.000110552	0.000132215
0.537891	-0.0238461	0.304911	0.000259451	-0.00142845	0.00161296
0.537888	-0.0238422	0.304902	-0.000747331	9.43359e-05	-0.00154649
0.53789	-0.0238505	0.304907	2.67029e-05	-0.00241298	0.00070708
0.537888	-0.0238481	0.304906	-0.000541452	-0.0010822	-0.000269276
0.537891	-0.0238476	0.304907	0.000460258	-0.000258731	0.000393944
0.537892	-0.0238497	0.304912	0.000674868	-0.00118738	0.00216676
0.53789	-0.0238562	0.304906	-0.000272548	-0.00226189	-0.000792035
0.53789	-0.0238523	0.304908	-8.92638e-05	-1.32704e-05	-2.74514e-05
0.53789	-0.0238574	0.304912	-4.09289e-05	-0.00200644	0.00150257
0.53789	-0.0238597	0.304904	-0.000143558	-0.0017513	-0.00147031
0.537889	-0.0238615	0.304906	-0.000432289	-0.00164681	-0.000415044
0.537888	-0.02386	0.304906	-0.000674861	-0.00212138	-0.000208283
0.537891	-0.0238632	0.304911	0.000736432	-0.00428173	0.00145899
0.537888	-0.0238616	0.304906	-0.000772787	-0.00252654	-0.00107936
0.53789	-0.023867	0.304912	0.00040005	-0.00290879	0.00142634
0.537889	-0.0238737	0.30491	-0.000132939	-0.00404931	0.000565589
0.53789	-0.0238728	0.304913	-0.000115925	-0.00448744	0.00137391
0.537888	-0.0238736	0.304904	-0.000522337	-0.00318775	-0.00196575
0.537891	-0.0238736	0.304914	0.000381204	-0.0018218	0.0014523
0.537891	-0.0238756	0.304913	0.000262106	-0.00183586	0.000519214
0.537889	-0.0238798	0.304909	-0.000266436	-0.00229518	-0.00058771
0.537889	-0.0238816	0.304913	0.000143174	-0.00360739	0.0015123
0.537888	-0.0238815	0.304906	-0.000363498	-0.00211578	-0.00142263
0.537887	-0.0238863	0.304908	-0.000533152	-0.00298191	-0.000305485
0.537889	-0.0238836	0.304914	3.94938e-05	-0.00115698	0.00117869
0.537888	-0.023888	0.30491	-0.000168799	-0.00398521	-0.000217578
0.53789	-0.0238904	0.304917	0.000287896	-0.00287489	0.00223543
0.537889	-0.0238908	0.304911	0.000139036	-0.0015574	-0.000958149
0.537889	-0.0238901	0.304911	7.21721e-05	-0.000701548	-0.000188339
0.537888	-0.0238929	0.304911	-0.000256918	-0.00103748	-8.3606e-06
0.537888	-0.0238962	0.30491	-0.000242218	-0.00169992	-0.000506142
0.537888	-0.0238947	0.304915	-4.34757e-05	-0.000239731	0.00116221
0.537888	-0.0239006	0.30491	-0.000143976	-0.00163818	-0.000701035
0.537889	-0.0239038	0.304916	0.000202273	-0.00163325	0.00136102
0.537889	-0.0239043	0.304914	6.53861e-05	-0.00279548	0.000431383
0.537889	-0.0239053	0.304912	6.78695e-06	-0.00151842	-0.00071099
0.537889	-0.0239091	0.304916	6.2065e-05	-0.00212959	0.00104762
0.53789	-0.0239064	0.304918	0.000419764	-0.000522989	0.00110937
0.537889	-0.0239092	0.304918	-8.31818e-05	-0.0008994	0.000328338
0.537891	-0.0239123	0.304921	0.000588967	-0.00118184	0.00150993
0.537889	-0.0239109	0.304914	1.97878e-05	0.000198261	-0.000901517
0.537891	-0.0239127	0.304919	0.00064515	6.69931e-05	0.00114075
0.53789	-0.0239117	0.304918	-0.000132845	0.000552416	0.000495486
0.53789	-0.0239217	0.304917	0.000114449	-0.00215184	-0.000239614
0.53789	-0.023915	0.304918	-0.000124802	0.00106292	-6.55472e-05
0.537888	-0.0239197	0.304917	-0.000455506	-0.000783698	-0.000428871
0.537889	-0.023921	0.304917	-2.48303e-05	-0.000543213	-0.000402297
0.53789	-0.0239152	0.30492	0.000143884	0.00206972	0.000733788
0.53789	-0.0239197	0.304918	0.00020271	-0.00126424	-0.000156705
0.537891	-0.0239175	0.304921	0.000222724	-4.92793e-05	0.00089725
0.53789	-0.0239214	0.304915	4.64753e-05	-0.000631377	-0.00137755
0.53789	-0.0239208	0.304919	0.000127542	-9.20512e-06	0.000580341
0.537888	-0.0239191	0.304916	-0.000682361	-0.00226651	-0.000904579
0.53789	-0.0239238	0.304915	4.51513e-05	-0.00284512	-0.000838049
0.537889	-0.0239258	0.304918	-0.000168198	-0.0026248	0.000608434
0.53789	-0.0239197	0.304918	0.000296043	0.000549817	0.000789621
0.537888	-0.0239197	0.304912	-0.000536283	0.000767616	-0.00178707
0.537888	-0.0239243	0.304918	-0.000347781	-0.00226044	0.000824863
0.537888	-0.0239204	0.304911	-0.000279001	-0.000223776	-0.00144607
0.537888	-0.0239247	0.304917	-0.000159585	-0.00131346	0.000533594
0.53789	-0.0239234	0.304918	0.000455418	-2.34502e-05	0.000570626
0.537888	-0.0239238	0.304911	-0.000356143	-7.2027e-05	-0.00185627
0.537888	-0.0239222	0.304917	-0.000166487	-0.000796499	0.000758611
0.537887	-0.0239241	0.304913	-0.00047021	-0.00120971	-0.000853179
0.537891	-0.0239244	0.30492	0.000926927	-0.00100581	0.00145978
0.53789	-0.0239229	0.304916	-9.65565e-07	-0.000249598	-0.000290287
0.537888	-0.0239255	0.304914	-0.000360449	-0.000728	-0.000599887
0.53789	-0.0239199	0.304916	0.000205932	0.00143129	0.000507705
0.537888	-0.023923	0.304915	-0.000214275	-7.36255e-05	-4.48615e-05
0.53789	-0.0239243	0.304916	0.000410897	-0.000111008	0.000211081
0.537889	-0.0239201	0.304914	8.19861e-06	0.00141259	-0.000740294
0.537889	-0.0239233	0.304914	2.18557e-05	-7.48799e-05	-0.000443677
0.53789	-0.0239248	0.304916	0.000290438	-0.000575536	0.000559199
0.537888	-0.0239218	0.304916	-0.00032074	0.00062958	0.000607422
0.53789	-0.0239174	0.304916	0.000410473	0.00187643	0.000172184
0.537889	-0.0239196	0.304919	1.74242e-05	0.0012596	0.00120647
0.53789	-0.0239178	0.304914	-7.06817e-05	0.00133328	-0.00119228
0.53789	-0.0239207	0.304917	0.000301155	-0.000127927	0.000136946
0.53789	-0.0239207	0.304916	0.000164557	-0.000165386	6.3319e-05
0.537889	-0.0239206	0.304911	-0.000276757	-9.93572e-05	-0.00136231
0.537892	-0.0239177	0.304919	0.000794354	0.000875356	0.00121196
0.53789	-0.0239161	0.304918	-8.58796e-08	0.00110579	0.000569901
0.537889	-0.0239161	0.304911	-0.000383538	0.000751548	-0.00150218
0.537889	-0.0239132	0.304915	-0.000440671	0.00145618	0.000116912
0.537892	-0.0239133	0.304913	0.000546593	0.000932707	-0.000749731
0.53789	-0.0239133	0.304916	0.000137029	0.000625652	0.00061674
0.537889	-0.0239131	0.304914	-0.000237557	0.00048513	-0.000471612
0.537888	-0.0239132	0.304913	-0.000683603	0.000291679	-0.000527698
0.537891	-0.0239133	0.304913	0.000657965	0.000144234	-0.000345396
0.53789	-0.0239088	0.304909	0.000209471	0.00160505	-0.00155907
0.537891	-0.0239103	0.30491	0.0003614	0.000568291	-0.000709812
0.537891	-0.023905	0.304913	5.79724e-05	0.00137961	0.000645256
0.53789	-0.023911	0.304912	-2.48801e-05	-0.000574222	-4.64764e-05
0.53789	-0.0239026	0.304912	-0.000226396	0.00257638	3.6456e-05
0.537891	-0.0239061	0.304912	0.000404349	0.000235696	-0.000158567
0.537891	-0.0239069	0.304911	-7.11931e-05	0.000170739	-3.92228e-05
0.537891	-0.0239057	0.304915	8.8566e-05	0.000613463	0.00102394
0.537889	-0.0239034	0.304909	-0.000603527	0.000437508	-0.00108216
0.537891	-0.0239039	0.304915	0.000292516	0.000256621	0.0010693
0.537889	-0.0239009	0.304907	-0.000510499	0.00120587	-0.00160046
0.537891	-0.0238981	0.304908	0.000317183	0.0017692	-0.000776188
0.537891	-0.0239056	0.304912	0.000123843	-0.00131131	0.000455966
0.53789	-0.0238984	0.30491	-0.000134072	0.00113133	-7.7373e-05
0.537888	-0.0238994	0.304908	-0.000721709	0.000289135	-0.000817115
0.537889	-0.023898	0.304905	-0.000240823	0.000628063	-0.0011886
0.537891	-0.0238977	0.30491	0.000254357	0.00089928	0.000140344
0.53789	-0.0238998	0.30491	9.20014e-05	-0.000347103	0.000543303
0.537888	-0.0238954	0.304905	-0.000458155	0.0022824	-0.00137471
0.537889	-0.023896	0.30491	5.987e-05	0.00168503	0.000466012
0.537887	-0.0238987	0.304904	-0.000672862	0.000756931	-0.001481
0.537886	-0.0238985	0.304901	-0.000768586	4.02217e-05	-0.00184423
0.53789	-0.0238921	0.304908	0.000572265	0.00202466	0.00142005
0.537886	-0.0238991	0.304902	-0.000631449	-0.00101028	-0.00115144
0.537887	-0.0238972	0.304903	-0.000131539	0.000344213	-0.000435215
0.537887	-0.0238951	0.304907	1.42885e-05	0.000697206	0.000733013
0.537886	-0.0238977	0.304902	-0.000420236	-0.000495095	-0.000918672
0.537886	-0.0238916	0.304906	-0.000417915	0.00168738	0.000506964
0.537885	-0.0238901	0.304899	-0.000351429	0.00322308	-0.00171036
0.537886	-0.0238931	0.304904	0.000146351	0.00127203	0.000290208
0.537885	-0.0238932	0.304904	-0.000229496	0.00051462	0.000285789
0.537884	-0.0238885	0.304899	-0.00044258	0.00188399	-0.00119099
0.537885	-0.0238899	0.304902	-0.000229875	0.000813212	0.000232147
0.537884	-0.0238898	0.3049	-0.000514878	0.000609197	-0.000754994
0.537884	-0.0238883	0.3049	-0.000348681	0.000936034	-0.000526302
0.537883	-0.0238908	0.304897	-0.000523299	0.00016179	-0.00118289
0.537881	-0.023887	0.304894	-0.000909511	0.0011543	-0.00201358
0.537884	-0.0238914	0.3049	0.000232109	-0.000760161	0.000737593
0.537884	-0.0238883	0.3049	0.000170495	0.000500058	0.000468756
0.537883	-0.0238882	0.304897	0.000117015	0.000343298	-0.000163186
0.537882	-0.0238852	0.3049	-0.000403036	0.00125671	0.000154679
0.537882	-0.0238866	0.304892	-0.000453432	0.000353406	-0.0024228
0.53788	-0.0238866	0.304892	-0.000858854	0.00026574	-0.00136718
0.537879	-0.0238869	0.304891	-0.000864317	-0.000305129	-0.00174346
0.53788	-0.0238832	0.304894	-0.000246588	0.00127793	0.000143348
0.537881	-0.023888	0.304893	0.000211113	0.000886653	5.5029e-05
0.537879	-0.0238865	0.304891	-0.000503235	0.00125023	-0.000777757
0.53788	-0.0238895	0.304895	1.08495e-05	-7.9765e-05	0.000884066
0.537878	-0.0238865	0.304893	-0.000555755	0.00104004	-0.000173293
0.537877	-0.0238883	0.304888	-0.000798536	-0.000226923	-0.00152284
0.537876	-0.0238879	0.30489	-0.000475539	-0.00011434	-0.000490749
0.537875	-0.0238888	0.304884	-0.000699	-2.65593e-05	-0.00220826
0.537875	-0.023888	0.304886	-0.00074412	1.68693e-05	-0.00135389
0.537878	-0.0238909	0.304889	0.000373121	-0.00100796	0.000718028
0.537877	-0.0238821	0.304884	0.000282087	0.00184087	-0.00101823
0.537875	-0.0238843	0.304886	-0.000392051	0.000761233	-0.000444166
0.537876	-0.0238804	0.304883	6.53049e-05	0.00149782	-0.00088722
0.537876	-0.0238876	0.304885	-0.000102585	-0.0014873	-0.000146516
0.537875	-0.0238914	0.304882	-0.000408912	-0.00191925	-0.000952645
0.537877	-0.023886	0.304887	0.000505511	0.00063822	0.00115355
0.537876	-0.0238891	0.304883	-9.37458e-05	-0.000558211	-0.000636389
0.537875	-0.0238861	0.304884	-0.000242052	0.000640659	0.000217553
0.537874	-0.0238804	0.304882	-0.000149954	0.00192378	-0.000376587
0.537873	-0.0238886	0.304882	-0.000460971	-0.00119593	-0.000114571
0.537874	-0.0238893	0.304882	-7.92757e-05	-0.00130856	-0.000216678
0.537874	-0.023883	0.30488	9.76669e-06	0.00112361	-0.000642153
0.537873	-0.0238885	0.30488	-0.000338814	-0.000726162	-0.000312667
0.537873	-0.0238902	0.304876	-0.000178083	-0.000939393	-0.00437451
0.537874	-0.0238907	0.304882	-7.88534e-05	-0.00112933	-0.00172682
0.537873	-0.0238901	0.304881	-4.25216e-05	-0.000297428	-0.00134593
0.537874	-0.0238878	0.304879	0.000241739	0.000283187	-0.0016077
0.537873	-0.0238916	0.304882	-0.000456072	-0.000776565	-0.000525304
0.537874	-0.0238948	0.304881	0.000207755	-0.00149227	-0.000667567
0.537873	-0.0238978	0.304882	-0.000162046	-0.0019794	0.000110581
0.537873	-0.0238937	0.304882	-5.97348e-05	-0.000326528	-0.000444012
0.537872	-0.0238959	0.304878	-0.000145785	-0.000709125	-0.0013076
0.537871	-0.0238976	0.304878	-0.000681412	-0.00094161	-0.000712893
0.537871	-0.0239022	0.304877	-0.000515393	-0.0021246	-0.000969258
0.537873	-0.0238994	0.30488	0.000582843	-0.000463626	0.000459182
0.53787	-0.0239007	0.304877	-0.000552498	-0.000761333	-0.000375921
0.537871	-0.0239007	0.304878	-2.12618e-06	-0.000526831	0.000174301
0.537869	-0.0239007	0.304878	-0.000342336	-0.000336098	0.000178466
0.53787	-0.0239024	0.304876	-1.75905e-05	-0.00118204	-0.000505318
0.537867	-0.0239045	0.304874	-0.00192888	-0.00119853	-0.00224663
0.537868	-0.0239061	0.304874	-0.00109292	-0.000859022	-0.00172174
0.537868	-0.0239051	0.304874	-0.000830692	-6.33755e-05	-0.00127929
0.537867	-0.0239085	0.304875	-0.000920737	-0.00152839	-0.000296411
0.537867	-0.0239107	0.304874	-0.000422709	-0.00147749	-0.000389011
0.537866	-0.0239098	0.304873	-0.000613544	-0.000968071	-0.000676577
0.537866	-0.0239107	0.304874	-0.000402806	-0.000646441	2.49363e-05
0.537864	-0.0239165	0.304869	-0.00104143	-0.00188981	-0.00179205
0.537865	-0.0239158	0.304872	-0.00121089	-0.00123245	-0.00134997
0.537865	-0.0239153	0.304873	-0.000607472	-0.000338008	-0.000663275
0.537863	-0.0239188	0.30487	-0.00118817	-0.00168206	-0.00132817
0.537863	-0.0239156	0.304872	-0.000715701	-0.000130543	-0.000403568
0.537861	-0.023918	0.304869	-0.000907492	-0.000563555	-0.0007552
0.537861	-0.0239172	0.304869	-0.000636141	-0.000374242	-0.000542554
0.537862	-0.0239226	0.30487	-0.000208844	-0.00175882	-9.70246e-06
0.537861	-0.0239256	0.304868	-0.000266545	-0.00166523	-0.000579826
0.53786	-0.0239215	0.304865	-0.000484387	0.000404563	-0.00130691
0.537858	-0.0239249	0.304866	-0.000652625	-0.00121632	-0.000269574
0.537859	-0.0239201	0.304864	-0.000122537	0.000678173	-0.000803055
0.537858	-0.0239241	0.304867	-0.00042015	-0.000529283	0.000520509
0.53786	-0.0239234	0.30487	0.000354903	-0.000388405	0.00113118
0.537858	-0.0239242	0.304867	-0.000376742	-0.00022705	-1.33659e-05
0.537857	-0.0239274	0.304864	-0.000385493	-0.00114255	-0.00056416
0.537857	-0.0239305	0.304864	-0.000303169	-0.0017599	-0.000378308
0.537856	-0.023929	0.304865	-0.000216589	-0.000670582	0.00019491
0.537857	-0.0239287	0.304863	0.000129891	3.94694e-05	-0.000487268
0.537856	-0.023929	0.30486	-0.000245332	4.44049e-05	-0.00120762
0.537854	-0.0239321	0.304862	-0.000769797	-0.000945409	-9.54514e-05
0.537854	-0.0239336	0.304859	-0.000558991	-0.00112498	-0.00104131
0.537854	-0.0239276	0.304864	-0.000205947	0.0012407	0.000805112
0.537853	-0.0239321	0.304863	-0.000171468	-0.000668182	0.000562409
0.537855	-0.0239307	0.304862	0.000712453	1.17784e-05	-2.28011e-06
0.537853	-0.0239348	0.304864	-0.000130556	-0.000959197	0.000707699
0.537853	-0.0239321	0.304861	-0.000164574	-0.00120512	-0.0005275
0.537852	-0.0239352	0.304863	-0.0014226	-0.00187338	-0.000520156
0.537853	-0.0239349	0.304861	-0.00069958	-0.000859237	-0.00101665
0.537853	-0.0239368	0.304859	-0.000265404	-0.00107474	-0.00134622
0.537852	-0.0239369	0.304863	-0.000794008	-0.000741663	0.000226605
0.537851	-0.0239328	0.304856	-0.000662241	0.000394934	-0.00191752
0.537853	-0.0239321	0.304864	0.000329174	0.000695337	0.00150315
0.537852	-0.0239383	0.304861	-0.000221737	-0.00154116	9.34936e-05
0.537852	-0.0239384	0.304858	1.81595e-06	-0.00105371	-0.00112459
0.53785	-0.0239399	0.30486	-0.000593782	-0.00118551	-5.3382e-05
0.537849	-0.0239372	0.304861	-0.000606807	-0.000297304	0.000595693
0.537849	-0.0239361	0.304857	-0.000215019	-0.000906113	-0.000729498
0.537851	-0.0239387	0.304867	0.000512762	-0.00178253	0.00274508
0.537848	-0.0239395	0.304853	-0.000735797	-0.00124601	-0.00279451
0.537849	-0.0239427	0.304858	-0.000217249	-0.00187724	-3.81037e-05
0.53785	-0.0239427	0.304861	0.000140348	-0.000873984	0.000803871
0.537849	-0.0239419	0.304858	-8.49424e-05	-0.000615485	-0.0005659
0.53785	-0.0239402	0.304862	0.000320379	4.02195e-05	0.00100175
0.537846	-0.0239451	0.304855	-0.000954593	-0.000895311	-0.00126107
0.537845	-0.023945	0.304854	-0.000757873	-0.00112756	-0.000444576
0.537842	-0.0239469	0.304852	-0.00108743	-0.000813121	-0.00103282
0.537845	-0.0239504	0.304852	3.43304e-05	-0.00152758	-0.000594032
0.537844	-0.0239491	0.304853	-0.000205606	-0.000513773	-0.00025512
0.537843	-0.0239491	0.304848	-5.36801e-05	-0.00034913	0.00143233
0.537844	-0.0239477	0.304848	-0.000747184	0.000260949	0.000267713
0.537843	-0.0239467	0.304852	-0.00217103	0.000203798	-0.00177774
0.53784	-0.0239492	0.304846	-0.0034436	-0.00043973	-0.00421784
0.537839	-0.0239576	0.30485	-0.00307923	-0.001538	-0.00227161
0.537837	-0.023961	0.304845	-0.00252821	-0.00170917	-0.00164751
0.537834	-0.0239679	0.304839	-0.00182883	-0.000829752	-0.0022425
0.537833	-0.023973	0.304835	-0.000511458	-0.00138196	0.00027714
0.537832	-0.0239771	0.304822	0.000146692	-0.00253137	-0.00334004
0.537829	-0.0239875	0.304816	-0.00101997	-0.00158885	-0.00356913
0.537829	-0.023993	0.304815	-0.000678403	-0.00148606	-0.000728488
0.537828	-0.0239946	0.304807	-0.00119357	-0.00184751	-0.003445
0.537826	-0.0240034	0.304805	-0.00147976	-0.00301063	-0.00354868
0.537825	-0.0240028	0.304799	-0.00105878	-0.00174864	-0.00490254
0.537823	-0.0240111	0.304789	-0.00108145	-0.00399099	-0.0051045
0.53782	-0.0240178	0.304783	-0.00160853	-0.00495937	-0.00586799
0.53782	-0.0240194	0.304779	-0.00118469	-0.00444782	-0.00578142
0.537817	-0.0240261	0.304772	-0.00190377	-0.00610231	-0.00591503
0.537815	-0.0240285	0.304766	-0.00229457	-0.00629235	-0.00558789
0.537812	-0.0240333	0.304756	-0.00319423	-0.00568977	-0.00707581
0.537812	-0.0240452	0.304757	-0.00108545	-0.00880612	-0.0028172
0.537809	-0.024045	0.304746	-6.72085e-05	-0.00637911	-0.00305082
0.537808	-0.0240547	0.304741	8.95344e-05	-0.0082676	-0.00271452
0.537806	-0.0240611	0.304732	-0.000801473	-0.00849559	-0.0035782
0.537801	-0.0240705	0.304722	-0.00326335	-0.00915388	-0.00598411
0.537799	-0.0240768	0.304713	-0.00233177	-0.00837084	-0.0057104
0.537797	-0.0240862	0.304709	-0.0030345	-0.00713088	-0.00703476
0.537794	-0.0240959	0.304702	-0.00301352	-0.00959458	-0.00619939
0.537792	-0.0241038	0.304695	-0.00266644	-0.0102566	-0.00667371
0.537789	-0.0241136	0.304692	-0.00360759	-0.00979033	-0.00573896
0.537785	-0.0241204	0.304677	-0.00301455	-0.00841729	-0.007476
0.537782	-0.0241285	0.304672	-0.00256401	-0.00746022	-0.00556283
0.537779	-0.0241445	0.304669	-0.00352323	-0.00924261	-0.00478518
0.537777	-0.0241517	0.304658	-0.00373107	-0.00881187	-0.00674332
0.537774	-0.0241633	0.304654	-0.00323776	-0.0103598	-0.00506719
0.53777	-0.0241734	0.304644	-0.00265601	-0.00939499	-0.00489158
0.537764	-0.0241816	0.304631	-0.00429728	-0.00744928	-0.00908064
0.537762	-0.0241945	0.304624	-0.00376275	-0.0090147	-0.00910773
0.537759	-0.0242001	0.304615	-0.00366141	-0.00685517	-0.0100789
0.537755	-0.0242124	0.304608	-0.00375473	-0.0100462	-0.0101753
0.537752	-0.0242288	0.304596	-0.00317798	-0.0138455	-0.00915375
0.537749	-0.0242419	0.304587	-0.00280201	-0.0150733	-0.00936068
0.537745	-0.0242523	0.304579	-0.00275873	-0.0133387	-0.00890731
0.537742	-0.0242692	0.304566	-0.00297513	-0.01491	-0.0100556
0.537737	-0.0242824	0.304558	-0.00426638	-0.0140948	-0.0101453
0.537734	-0.0242954	0.304543	-0.00438545	-0.01335	-0.0107997
0.537728	-0.0243207	0.30452	-0.00350877	-0.0114616	-0.0106422
0.537722	-0.0243396	0.304504	-0.00415526	-0.0151206	-0.012039
0.537718	-0.0243505	0.304498	-0.00257133	-0.0134126	-0.00788578
0.537713	-0.0243713	0.304484	-0.00516753	-0.017033	-0.0117429
0.537709	-0.0243857	0.30447	-0.00409404	-0.0147084	-0.011355
0.537704	-0.0244043	0.304455	-0.00325521	-0.0147863	-0.0103853
0.5377	-0.0244144	0.304438	-0.00362609	-0.0124343	-0.0119896
0.537696	-0.0244339	0.304429	-0.00286401	-0.0167011	-0.0105775
0.537688	-0.0244547	0.304415	-0.00439253	-0.018047	-0.0110087
0.537686	-0.0244688	0.304398	-0.00465392	-0.0169746	-0.0143545
0.537682	-0.0244886	0.304386	-0.00379509	-0.0174319	-0.0130809
0.537677	-0.0245061	0.304371	-0.0042978	-0.0173342	-0.0128205
0.537671	-0.0245275	0.304355	-0.00490301	-0.0165682	-0.0144423
0.537665	-0.0245477	0.304338	-0.00597839	-0.0170952	-0.0165912
0.537661	-0.0245685	0.304322	-0.00571963	-0.0184181	-0.0163318
0.537656	-0.0245853	0.30431	-0.00578856	-0.0153477	-0.0149271
0.537649	-0.0246129	0.304291	-0.00617588	-0.0203023	-0.0153948
0.537645	-0.0246293	0.304277	-0.00570032	-0.0198666	-0.0144699
0.53764	-0.0246524	0.304261	-0.0056713	-0.0200409	-0.0141804
0.537634	-0.0246704	0.304245	-0.0064111	-0.0207175	-0.0146916
0.53763	-0.0246909	0.304233	-0.00651262	-0.0217759	-0.0153516
0.537623	-0.0247139	0.304215	-0.00705668	-0.0229502	-0.0160403
0.537617	-0.0247358	0.304197	-0.00706944	-0.021681	-0.0177324
0.537612	-0.0247552	0.304185	-0.00706405	-0.0219974	-0.0181703
0.537606	-0.0247813	0.304167	-0.00780278	-0.023123	-0.0187122
0.537601	-0.0247986	0.304154	-0.00682237	-0.0215367	-0.0163673
0.537594	-0.0248238	0.304139	-0.00730208	-0.024998	-0.0159206
0.537586	-0.0248486	0.304118	-0.00741661	-0.0270601	-0.018669
0.53758	-0.0248726	0.304105	-0.00651011	-0.0253412	-0.0157298
0.537575	-0.0248942	0.304088	-0.00588148	-0.023023	-0.0151894
0.537569	-0.0249155	0.304069	-0.00545572	-0.0213499	-0.0163801
0.53756	-0.0249415	0.304052	-0.00715005	-0.0214962	-0.0170803
0.537554	-0.0249641	0.304036	-0.00650131	-0.0206408	-0.016307
0.537549	-0.0249908	0.30402	-0.00551208	-0.0222661	-0.0146845
0.537543	-0.0250187	0.304008	-0.00626733	-0.022107	-0.0142533
0.537538	-0.025043	0.303991	-0.00641904	-0.0236376	-0.0162369
0.537532	-0.0250714	0.303977	-0.00662347	-0.0260273	-0.0165882
0.537526	-0.0250969	0.303958	-0.00601688	-0.0241254	-0.0165869
0.53752	-0.0251271	0.303939	-0.00550839	-0.0269043	-0.0169572
0.537514	-0.0251543	0.303923	-0.00565718	-0.0279029	-0.0155271
0.537508	-0.0251804	0.303906	-0.00636298	-0.0269388	-0.0170558
0.537504	-0.0252047	0.303892	-0.00602961	-0.0275252	-0.0163076
0.537498	-0.0252371	0.303872	-0.00568759	-0.0271948	-0.0173901
0.537495	-0.0252632	0.303856	-0.00408188	-0.025993	-0.0152839
0.537488	-0.0252931	0.303836	-0.00468263	-0.0260821	-0.0178732
0.537484	-0.025319	0.303815	-0.00488855	-0.0268953	-0.0198189
0.53748	-0.0253509	0.3038	-0.00417498	-0.0274241	-0.0173557
0.537479	-0.0253756	0.303791	-0.00345963	-0.0257855	-0.0147844
0.537471	-0.0254101	0.303763	-0.00549524	-0.0269474	-0.0213748
0.53747	-0.0254329	0.303754	-0.00441011	-0.0280604	-0.0170835
0.537464	-0.025465	0.303732	-0.00399707	-0.0284053	-0.0177645
0.53746	-0.025498	0.303715	-0.00455121	-0.0306587	-0.017986
0.537454	-0.0255299	0.303698	-0.00468622	-0.0319209	-0.0188038
0.537449	-0.025557	0.303677	-0.00501911	-0.0284899	-0.0192747
0.537446	-0.0255942	0.303663	-0.00346346	-0.0329191	-0.01476
0.537442	-0.0256262	0.303645	-0.00412086	-0.0330042	-0.0160523
0.537438	-0.0256586	0.30363	-0.00407254	-0.0340236	-0.0153334
0.537435	-0.0256899	0.303615	-0.00306292	-0.033954	-0.0143138
0.537429	-0.0257261	0.303598	-0.00328735	-0.0348889	-0.0142407
0.537425	-0.0257588	0.303581	-0.00358202	-0.0354497	-0.0161408
0.537419	-0.0257928	0.303561	-0.00389996	-0.0388367	-0.0166743
0.537418	-0.0258217	0.303547	-0.00304139	-0.0348612	-0.0158312
0.537411	-0.025859	0.303528	-0.0041353	-0.0350165	-0.0166902
0.537407	-0.0258959	0.303512	-0.00405033	-0.0368662	-0.0161147
0.537404	-0.0259313	0.303497	-0.00420864	-0.0381499	-0.0159839
0.5374	-0.025965	0.303482	-0.00458114	-0.0399015	-0.0163685
0.537393	-0.0260001	0.30346	-0.00603301	-0.0387083	-0.0188987
0.537392	-0.0260391	0.303453	-0.00403843	-0.037485	-0.0144916
0.537386	-0.0260798	0.303432	-0.00485305	-0.0412573	-0.0173265
0.53738	-0.0261193	0.303416	-0.00349419	-0.0402403	-0.0145675
0.537377	-0.0261557	0.303402	-0.00472618	-0.0399057	-0.0158491
0.537372	-0.026192	0.303388	-0.00476468	-0.0370318	-0.0137263
0.537368	-0.0262312	0.303371	-0.00437445	-0.0393477	-0.0144172
0.537363	-0.0262685	0.303349	-0.00463265	-0.037372	-0.0165052
0.537359	-0.0263135	0.303338	-0.0041022	-0.0393446	-0.0159965
0.537354	-0.0263501	0.303321	-0.00506105	-0.0389211	-0.0184013
0.537351	-0.0263918	0.303302	-0.00457974	-0.0405472	-0.0189927
0.537345	-0.026432	0.303289	-0.00520698	-0.040735	-0.0173473
0.537341	-0.0264735	0.303273	-0.00355846	-0.0433099	-0.0153819
0.537336	-0.0265144	0.303258	-0.00457426	-0.0395726	-0.0158149
0.53733	-0.0265568	0.303241	-0.0040352	-0.0407716	-0.0164755
0.537328	-0.0265994	0.303226	-0.00375441	-0.0439866	-0.0160069
0.537322	-0.0266436	0.30321	-0.00479864	-0.0439049	-0.0176118
0.537316	-0.0266905	0.303192	-0.00560363	-0.0444134	-0.0193087
0.537312	-0.0267325	0.303177	-0.0048225	-0.0449139	-0.0176386
0.537307	-0.0267786	0.303165	-0.00517727	-0.0451575	-0.0161925
0.5373	-0.0268244	0.303141	-0.00613733	-0.0460761	-0.0189819
0.537295	-0.0268713	0.303126	-0.00637719	-0.0470749	-0.0175747
0.537291	-0.0269147	0.303111	-0.00557253	-0.0443838	-0.0176815
0.537286	-0.0269606	0.303094	-0.00539996	-0.04126	-0.0174049
0.537281	-0.0270117	0.30308	-0.00500697	-0.0451296	-0.0172462
0.537275	-0.0270541	0.303061	-0.00443231	-0.0437316	-0.0165714
0.53727	-0.0271069	0.303045	-0.00375427	-0.0470333	-0.0161267
0.537265	-0.0271532	0.303026	-0.00474674	-0.0481371	-0.0175216
0.537258	-0.0272005	0.30301	-0.0049628	-0.0486437	-0.0159905
0.537253	-0.0272534	0.302995	-0.0049083	-0.051736	-0.0154268
0.537248	-0.0272993	0.302978	-0.00561536	-0.0517422	-0.0165397
0.537242	-0.0273506	0.30296	-0.00636802	-0.0517989	-0.0170778
0.537236	-0.0273993	0.302948	-0.00635621	-0.0497665	-0.0155805
0.537231	-0.027451	0.302928	-0.00642197	-0.050223	-0.0172855
0.537225	-0.0275007	0.302911	-0.00707191	-0.0495799	-0.0187859
0.537217	-0.027555	0.302894	-0.00660556	-0.0527173	-0.017594
0.537213	-0.0276001	0.30288	-0.00632649	-0.0498794	-0.0171448
0.537207	-0.0276586	0.302865	-0.0065744	-0.052501	-0.0184836
0.537202	-0.0277079	0.302848	-0.00702112	-0.05291	-0.0203515
0.537196	-0.0277591	0.302836	-0.00604157	-0.0527456	-0.0173002
0.53719	-0.0278134	0.302818	-0.00641981	-0.0519506	-0.0179486
0.537184	-0.0278656	0.302802	-0.00705812	-0.0557014	-0.0184753
0.537179	-0.0279222	0.30279	-0.00608819	-0.0547371	-0.0169075
0.537172	-0.0279774	0.302771	-0.00588098	-0.055003	-0.0172829
0.537167	-0.0280289	0.302758	-0.00481592	-0.0526021	-0.0155842
0.53716	-0.0280864	0.302742	-0.00518224	-0.0556268	-0.0130498
0.537155	-0.0281423	0.302725	-0.00453475	-0.0568629	-0.0134866
0.537149	-0.0282027	0.302715	-0.00425452	-0.0560443	-0.0117055
0.537145	-0.0282554	0.3027	-0.00448232	-0.0544245	-0.0134988
0.53714	-0.0283143	0.302685	-0.00447131	-0.0569316	-0.0133124
0.537133	-0.0283725	0.302667	-0.0046955	-0.0571173	-0.0135402
0.537129	-0.0284292	0.302652	-0.00418734	-0.0597274	-0.0127895
0.537124	-0.0284883	0.302638	-0.00414805	-0.0593742	-0.0127117
0.53712	-0.0285408	0.302619	-0.00396516	-0.0575199	-0.0120948
0.537114	-0.0285985	0.302604	-0.00416478	-0.0556418	-0.0124886
0.537111	-0.0286596	0.302592	-0.0039413	-0.055273	-0.0118641
0.537106	-0.0287163	0.302576	-0.0041815	-0.0560843	-0.0128207
0.537101	-0.0287768	0.302562	-0.00417212	-0.0579879	-0.012663
0.537096	-0.0288381	0.302545	-0.00446633	-0.0586602	-0.0134405
0.537092	-0.0289016	0.302532	-0.00398667	-0.0585578	-0.0131386
0.53709	-0.0289573	0.302523	-0.00353523	-0.0580569	-0.0110328
0.537084	-0.0290173	0.302508	-0.00399212	-0.0587869	-0.0118605
0.537081	-0.02908	0.302494	-0.00317899	-0.0603007	-0.0118782
0.537076	-0.0291399	0.302484	-0.00431591	-0.0618466	-0.0111659
0.537073	-0.0292017	0.302467	-0.00378258	-0.0615941	-0.0138459
0.537068	-0.0292683	0.302456	-0.00421155	-0.0623928	-0.0128702
0.537063	-0.0293334	0.302443	-0.004076	-0.0619615	-0.0122478
0.53706	-0.0294009	0.302427	-0.0040056	-0.0638145	-0.0130366
0.537056	-0.029463	0.302419	-0.00401047	-0.0646135	-0.0113503
0.537053	-0.0295276	0.302404	-0.00390687	-0.0656482	-0.0118648
0.53705	-0.0295912	0.302394	-0.00332446	-0.0647028	-0.0107758
0.537045	-0.0296581	0.302377	-0.0040729	-0.0647255	-0.0142137
0.53704	-0.0297202	0.302365	-0.00399584	-0.0633386	-0.0127312
0.537037	-0.0297842	0.302355	-0.00404789	-0.0637668	-0.0121977
0.537031	-0.0298518	0.302339	-0.00255459	-0.0644193	-0.0126932
0.537029	-0.0299222	0.302332	-0.00263963	-0.0677961	-0.0123862
0.537026	-0.0299881	0.302319	-0.00265229	-0.0655052	-0.0115488
0.537022	-0.0300595	0.302307	-0.00228825	-0.0687804	-0.0119424
0.537018	-0.030125	0.302297	-0.00278407	-0.0672378	-0.0115661
0.537015	-0.0301959	0.302285	-0.00275252	-0.0684491	-0.0115816
0.537012	-0.0302671	0.302277	-0.00333536	-0.0710866	-0.0112942
0.537006	-0.0303335	0.302263	-0.00410008	-0.0704134	-0.012584
0.537002	-0.0304067	0.302253	-0.00439741	-0.0718555	-0.0140286
0.536999	-0.0304745	0.302247	-0.00332708	-0.0699801	-0.0108663
0.536994	-0.030544	0.30223	-0.00370789	-0.0689575	-0.0133228
0.536991	-0.0306151	0.302224	-0.00354882	-0.0694827	-0.011097
0.536989	-0.030684	0.302212	-0.0032415	-0.0686992	-0.0102559
0.536984	-0.0307532	0.302203	-0.00426568	-0.0705394	-0.0105475
0.536981	-0.030824	0.302193	-0.00416978	-0.0714696	-0.0111495
0.536976	-0.0308942	0.302179	-0.00423207	-0.0676062	-0.0125079
0.536973	-0.0309635	0.302172	-0.00428763	-0.0671654	-0.0114278
0.536969	-0.0310351	0.302162	-0.0044568	-0.0690938	-0.0121427
0.536966	-0.0311088	0.302151	-0.00442239	-0.0713828	-0.012332
0.536962	-0.0311792	0.302144	-0.00439977	-0.0701117	-0.011292
0.536956	-0.03125	0.302128	-0.00535591	-0.0716702	-0.0139236
0.536954	-0.0313233	0.302121	-0.0047413	-0.0701071	-0.0124736
0.536949	-0.0314007	0.302112	-0.00528603	-0.0726564	-0.0123657
0.536946	-0.031475	0.3021	-0.00489402	-0.073983	-0.0118911
0.536943	-0.0315404	0.302094	-0.00420772	-0.0682142	-0.0105078
0.536938	-0.0316149	0.302083	-0.00465749	-0.071377	-0.011578
0.536935	-0.0316879	0.302073	-0.00437639	-0.0708678	-0.0118327
0.536931	-0.0317639	0.302067	-0.00459616	-0.072497	-0.0104487
0.536927	-0.0318359	0.302055	-0.00371338	-0.0740204	-0.00915861
0.536921	-0.0319137	0.302046	-0.00472974	-0.0733287	-0.00848264
0.53692	-0.0319921	0.302042	-0.00373531	-0.0729451	-0.00675594
0.536915	-0.0320657	0.302026	-0.00418586	-0.0721555	-0.0102467
0.536909	-0.032143	0.302019	-0.00357828	-0.0747782	-0.00868215
0.536907	-0.0322217	0.302012	-0.00209002	-0.0773738	-0.00699362
0.536902	-0.0323017	0.301999	-0.00366946	-0.0798056	-0.0085878
0.536899	-0.0323782	0.301994	-0.00245454	-0.0758041	-0.00670509
0.536895	-0.0324573	0.301984	-0.00315085	-0.0772633	-0.00753712
0.536891	-0.0325351	0.301976	-0.00381291	-0.0780147	-0.00825268
0.536887	-0.0326111	0.301964	-0.00314435	-0.0765873	-0.00890927
0.536883	-0.0326851	0.301958	-0.00383299	-0.0745531	-0.00959692
0.536878	-0.0327683	0.301952	-0.00456383	-0.077744	-0.00909653
0.536875	-0.0328468	0.301944	-0.00435843	-0.0755945	-0.00910136
0.536871	-0.0329292	0.301934	-0.00495245	-0.080696	-0.0104078
0.536868	-0.0330033	0.301929	-0.00471718	-0.0783804	-0.00979982
0.536864	-0.0330924	0.301918	-0.00444248	-0.0813216	-0.00958097
0.536859	-0.0331687	0.301911	-0.0052167	-0.0783874	-0.0100583
0.536857	-0.0332514	0.301901	-0.00509667	-0.0789307	-0.0117013
0.536854	-0.0333377	0.301899	-0.00505784	-0.0828074	-0.00893073
0.53685	-0.0334144	0.301891	-0.00550329	-0.0806939	-0.0102304
0.536844	-0.0334958	0.301882	-0.005146	-0.0802156	-0.0102832
0.536843	-0.0335777	0.301875	-0.0032484	-0.0811059	-0.00929851
0.536839	-0.0336548	0.301866	-0.00305025	-0.0814128	-0.007491
0.536836	-0.0337383	0.301862	-0.00224985	-0.0824719	-0.00483601
0.536832	-0.0338174	0.301857	-0.0022504	-0.0813422	-0.0033203
0.536829	-0.0339001	0.301849	-0.00289303	-0.0822331	-0.00469776
0.536826	-0.0339834	0.301846	-0.00361027	-0.0826804	-0.00563948
0.536824	-0.0340636	0.301841	-0.00256963	-0.0803667	-0.00366018
0.536819	-0.0341514	0.301832	-0.00397602	-0.0839732	-0.00534932
0.536815	-0.0342297	0.301826	-0.00318595	-0.0813482	-0.00521257
0.536812	-0.0343174	0.30182	-0.00311673	-0.0839226	-0.00590827
0.53681	-0.0343992	0.301814	-0.00245896	-0.0830781	-0.00588776
0.536806	-0.0344799	0.301805	-0.0037219	-0.0833394	-0.00794689
0.536804	-0.0345689	0.301804	-0.00283587	-0.0855572	-0.00658739
0.536801	-0.034654	0.3018	-0.00261582	-0.0863655	-0.00429754
0.536798	-0.0347376	0.30179	-0.00363674	-0.0877918	-0.00686795
0.536796	-0.0348222	0.301786	-0.00306474	-0.08633	-0.00483723
0.536792	-0.0349084	0.301781	-0.00431818	-0.0873367	-0.00565409
0.53679	-0.034995	0.301775	-0.00453677	-0.0885842	-0.00633728
0.536786	-0.0350846	0.301774	-0.00408224	-0.086564	-0.00392417
0.536783	-0.0351732	0.301769	-0.0046741	-0.0872169	-0.00458297
0.536781	-0.0352581	0.301764	-0.0039844	-0.0869084	-0.00470485
0.536779	-0.0353414	0.301764	-0.00319294	-0.0874846	-0.00286894
0.536776	-0.0354296	0.301755	-0.00305691	-0.0880354	-0.00389346
0.536773	-0.0355172	0.301755	-0.00370147	-0.0870726	-0.00339411
0.536768	-0.0356108	0.301749	-0.00427743	-0.092268	-0.00361359
0.536768	-0.0356947	0.301751	-0.00236373	-0.0897903	-0.00115775
0.536763	-0.0357877	0.301749	-0.00264976	-0.0899004	-0.000579786
0.536759	-0.0358755	0.301742	-0.00387231	-0.0883626	-0.0039474
0.536758	-0.035967	0.301746	-0.00263354	-0.0872857	-0.00232802
0.536752	-0.0360593	0.301733	-0.00229357	-0.0881611	-0.00359961
0.53675	-0.0361466	0.301735	-0.000825802	-0.0882063	-0.000182007
0.536749	-0.0362346	0.301736	-0.00149329	-0.0865745	-0.000460526
0.536744	-0.0363217	0.301729	-0.00253254	-0.088469	-0.00251428
0.536743	-0.0364192	0.301735	-0.00193596	-0.0908338	-0.001297
0.53674	-0.0365099	0.30173	-0.00264506	-0.0926309	-0.00280693
0.536737	-0.0366015	0.301726	-0.00270563	-0.0933998	-0.00333816
0.536736	-0.0366905	0.301729	-0.00223486	-0.0908897	-0.00137143
0.536732	-0.0367851	0.301724	-0.00352125	-0.0919978	-0.00408252
0.53673	-0.0368781	0.301724	-0.00320299	-0.0909516	-0.00424302
0.536726	-0.0369706	0.301725	-0.00296508	-0.0928147	-0.000815013
0.536726	-0.0370569	0.301723	-0.00210411	-0.0914071	-7.27974e-06
0.536723	-0.037145	0.301727	-0.00246746	-0.0904599	-0.000207787
0.536721	-0.0372402	0.301723	-0.00270974	-0.0929398	-0.00240795
0.536719	-0.037338	0.301726	-0.00347373	-0.0945371	-0.000926598
0.536717	-0.0374278	0.301729	-0.00313747	-0.0920017	0.000474751
0.536711	-0.0375185	0.301724	-0.00295979	-0.0919398	-0.000837483
0.536711	-0.0376114	0.301728	-0.00223549	-0.0919894	0.000400032
0.536709	-0.0377109	0.301727	-0.00126859	-0.0926145	0.000898171
0.536707	-0.0378047	0.301729	-0.00171189	-0.0928096	0.000405454
0.536706	-0.0378925	0.301733	-0.00145457	-0.0909336	0.00148363
0.536703	-0.0379834	0.301731	-0.00205526	-0.0917229	0.00095375
0.5367	-0.0380785	0.301733	-0.00277424	-0.0935783	0.00233645
0.536698	-0.0381748	0.301735	-0.00173381	-0.0949675	0.00432787
0.5367	-0.0382678	0.301741	-0.000106497	-0.0959053	0.00542323
0.536697	-0.0383668	0.301741	-0.000140479	-0.0958039	0.00418863
0.536696	-0.0384574	0.301742	-0.000765366	-0.0941508	0.00289155
0.536695	-0.0385595	0.301747	-0.00135002	-0.0962693	0.00399319
0.536693	-0.038659	0.301748	-0.00169644	-0.0956293	0.00374092
0.536692	-0.0387539	0.301748	-0.00115447	-0.097051	0.00431589
0.536691	-0.038849	0.301758	-0.00148161	-0.0974977	0.00518205
0.536688	-0.0389381	0.301755	-0.00215514	-0.0946209	0.00212235
0.53669	-0.0390332	0.301766	-0.000315197	-0.0949033	0.00485336
0.536685	-0.0391295	0.301762	-0.000971353	-0.0952037	0.0039284
0.536684	-0.0392218	0.301768	-0.00132413	-0.0934824	0.00325689
0.536683	-0.0393166	0.30177	-0.00156071	-0.093621	0.00151993
0.536682	-0.0394106	0.301774	-0.00213713	-0.0942275	0.00266606
0.536682	-0.0395115	0.301783	-0.00212524	-0.0980864	0.00288257
0.536679	-0.0396096	0.301787	-0.00297435	-0.097324	0.00306681
0.536677	-0.0397082	0.301786	-0.00228233	-0.0998293	0.0023503
0.536675	-0.0397981	0.301792	-0.0026439	-0.0972623	0.00275129
0.536675	-0.0399029	0.301799	-0.00133954	-0.0997031	0.00342761
0.536671	-0.0399978	0.301803	-0.0013652	-0.0984708	0.00384378
0.53667	-0.0401018	0.301808	-0.000544787	-0.099501	0.00531954
0.536669	-0.0402017	0.301814	5.51173e-05	-0.100493	0.00697085
0.536666	-0.0403082	0.301815	-0.00120565	-0.102908	0.00493664
0.536663	-0.0404127	0.301822	-0.00135566	-0.103194	0.00702313
0.536661	-0.0405111	0.301827	-0.00149682	-0.102578	0.00652555
0.536662	-0.040612	0.30184	-0.000925998	-0.101633	0.00887594
0.53666	-0.0407167	0.301839	-0.000904925	-0.102799	0.00551045
0.536656	-0.0408177	0.301844	-0.00140675	-0.104411	0.0049243
0.536653	-0.0409209	0.301851	-0.00296617	-0.104182	0.00425704
0.536651	-0.041023	0.301855	-0.00304601	-0.103789	0.00223538
0.536649	-0.0411298	0.301864	-0.00333679	-0.1062	0.00406367
0.536646	-0.0412339	0.301868	-0.00346211	-0.105021	0.00377443
0.536643	-0.0413361	0.301873	-0.0035787	-0.104293	0.0045532
0.53664	-0.0414423	0.301881	-0.00253797	-0.104417	0.00655458
0.536637	-0.0415374	0.301881	-0.00306695	-0.101533	0.00425249
0.536635	-0.0416419	0.301888	-0.00249882	-0.103778	0.00471779
0.536632	-0.0417452	0.301893	-0.00177188	-0.104124	0.00572931
0.536629	-0.0418534	0.301901	-0.00147884	-0.10643	0.00739272
0.536629	-0.0419566	0.301915	-0.00138344	-0.105167	0.0076071
0.536624	-0.0420594	0.301916	-0.00269754	-0.104517	0.00510792
0.536623	-0.0421644	0.301927	-0.002523	-0.105984	0.00680649
0.536618	-0.0422711	0.301929	-0.00365059	-0.104971	0.00443843
0.536618	-0.0423699	0.301937	-0.00302635	-0.103603	0.00542627
0.536614	-0.0424751	0.301947	-0.00322656	-0.104049	0.0068892
0.536611	-0.0425827	0.301948	-0.00368902	-0.104412	0.00425643
0.536607	-0.0426871	0.301954	-0.00510638	-0.103125	0.00333308
0.536604	-0.0427921	0.301962	-0.00465905	-0.103463	0.00449279
0.536599	-0.0428978	0.301968	-0.00521276	-0.104496	0.00438757
0.536596	-0.0430021	0.301974	-0.00357873	-0.104623	0.00579154
0.536594	-0.043112	0.30198	-0.00242128	-0.104295	0.00677265
0.536591	-0.0432158	0.301988	-0.00245728	-0.102737	0.0072714
0.536586	-0.0433179	0.301991	-0.00307429	-0.101161	0.00586304
0.536582	-0.0434199	0.301999	-0.00346843	-0.100157	0.00637583
0.53658	-0.0435258	0.302009	-0.00317613	-0.100646	0.00702855
0.536578	-0.04363	0.302012	-0.0030149	-0.10058	0.00557057
0.536575	-0.0437363	0.302021	-0.00342788	-0.101316	0.00590012
0.536571	-0.0438428	0.302028	-0.00302616	-0.104296	0.00672847
0.536569	-0.0439517	0.302036	-0.0020771	-0.105224	0.0080355
0.536564	-0.0440552	0.302041	-0.00310599	-0.105942	0.00690189
0.536561	-0.0441541	0.30205	-0.00242433	-0.102687	0.00835106
0.536558	-0.0442567	0.302055	-0.00308259	-0.104793	0.0069958
0.536555	-0.0443654	0.302063	-0.00361134	-0.106397	0.00693965
0.536551	-0.0444754	0.302066	-0.00298987	-0.10718	0.00672888
0.53655	-0.0445734	0.302077	-0.00195377	-0.106519	0.00859667
0.536544	-0.0446872	0.302081	-0.00337146	-0.108052	0.00700176
0.536541	-0.0447953	0.302091	-0.00358744	-0.111444	0.00802171
0.536539	-0.0449028	0.302099	-0.00241781	-0.110361	0.00817497
0.536533	-0.0450142	0.3021	-0.00273084	-0.110051	0.00690068
0.536532	-0.0451144	0.30211	-0.00211066	-0.10724	0.00822666
0.536526	-0.045222	0.302114	-0.00405392	-0.110578	0.00673436
0.536522	-0.0453331	0.302121	-0.00411215	-0.109439	0.00604004
0.536521	-0.0454401	0.302134	-0.00354795	-0.10893	0.00770169
0.536517	-0.0455414	0.302139	-0.00215803	-0.107182	0.00815258
0.53651	-0.0456521	0.302145	-0.002909	-0.109769	0.00854867
0.536508	-0.0457612	0.302154	-0.0028321	-0.109717	0.00795607
0.536504	-0.0458692	0.302157	-0.00356377	-0.107729	0.00641688
0.536501	-0.0459699	0.302164	-0.0035785	-0.104483	0.00623535
0.536498	-0.0460749	0.302174	-0.00390483	-0.105629	0.00703984
0.536493	-0.0461851	0.302178	-0.00311989	-0.105164	0.00730223
0.53649	-0.0462912	0.302189	-0.00457879	-0.105837	0.00693482
0.536486	-0.0463988	0.302191	-0.00369016	-0.105542	0.00622585
0.536482	-0.0465064	0.302197	-0.00411868	-0.106796	0.0060524
0.536477	-0.0466115	0.302205	-0.00444551	-0.104146	0.00643384
0.536476	-0.0467206	0.302212	-0.00364363	-0.106058	0.00601096
0.53647	-0.0468227	0.302219	-0.00396393	-0.104371	0.00715973
0.536466	-0.0469273	0.302222	-0.00391182	-0.104059	0.00557249
0.536462	-0.047035	0.302231	-0.00415325	-0.105301	0.00663511
0.536458	-0.0471448	0.302238	-0.00447252	-0.106698	0.00630093
0.536453	-0.0472545	0.302243	-0.00477291	-0.106274	0.00536744
0.536449	-0.0473532	0.302251	-0.00492363	-0.103368	0.00592181
0.536445	-0.0474615	0.302256	-0.00376466	-0.105114	0.00639636
0.53644	-0.047572	0.302261	-0.00427251	-0.103254	0.00572741
0.536437	-0.0476775	0.302272	-0.00435375	-0.104757	0.00686008
0.536431	-0.0477783	0.302272	-0.00525736	-0.105003	0.00463446
0.536427	-0.0478878	0.302282	-0.0048209	-0.10711	0.0060504
0.536422	-0.0479926	0.302284	-0.00622771	-0.105421	0.0031458
0.536418	-0.0480999	0.30229	-0.00576506	-0.105463	0.00400669
0.536413	-0.048205	0.302297	-0.00617793	-0.107212	0.00437568
0.536406	-0.0483159	0.302301	-0.00638101	-0.107618	0.00416111
0.536403	-0.048416	0.302309	-0.00503038	-0.102854	0.0052883
0.536399	-0.0485215	0.302316	-0.00418166	-0.103496	0.00688469
0.536393	-0.0486262	0.302321	-0.00356181	-0.10447	0.00764574
0.536388	-0.0487317	0.302326	-0.00424316	-0.104642	0.00718277
0.536382	-0.0488359	0.30233	-0.00434885	-0.103022	0.00572702
0.536377	-0.0489427	0.302337	-0.00463369	-0.104503	0.00619231
0.536371	-0.0490496	0.30234	-0.00538816	-0.10886	0.00527383
0.536365	-0.0491551	0.302345	-0.00563117	-0.110822	0.00534425
0.53636	-0.0492617	0.302351	-0.00519396	-0.109045	0.00625443
0.536353	-0.0493688	0.302349	-0.00565284	-0.106866	0.00350801
0.536347	-0.0494742	0.302358	-0.00602552	-0.10812	0.00516106
0.536342	-0.049585	0.302362	-0.0059544	-0.111942	0.00466128
0.536335	-0.0496951	0.302365	-0.00544401	-0.109731	0.00534745
0.536328	-0.0498011	0.302372	-0.00514533	-0.105604	0.00636614
0.53632	-0.0499116	0.302368	-0.00602033	-0.1054	0.00322711
0.536314	-0.050026	0.302378	-0.00567063	-0.108099	0.00539694
0.536307	-0.0501357	0.302379	-0.00590105	-0.107761	0.00467986
0.536302	-0.0502454	0.302384	-0.00529357	-0.108734	0.00523702
0.536294	-0.0503509	0.302388	-0.00561618	-0.105579	0.00525747
0.536285	-0.0504584	0.302388	-0.0061312	-0.108154	0.00447286
0.536276	-0.0505713	0.302393	-0.00649989	-0.109147	0.0052765
0.53627	-0.0506736	0.302396	-0.00576814	-0.106017	0.00517875
0.536262	-0.0507861	0.302396	-0.00674183	-0.107535	0.00327331
0.536247	-0.0510026	0.302406	-0.00824751	-0.111478	0.00357235
0.536238	-0.0511134	0.302408	-0.0077195	-0.110513	0.00391618
0.536229	-0.0512184	0.302409	-0.008648	-0.109437	0.00250949
0.536219	-0.0513281	0.302409	-0.00924675	-0.110782	0.00138612
0.536211	-0.0514343	0.30241	-0.00924788	-0.109967	0.000947142
0.536205	-0.0515401	0.302419	-0.00846947	-0.108252	0.00335837
0.536193	-0.0516501	0.302415	-0.00994996	-0.107464	0.000198942
0.536184	-0.0517606	0.302415	-0.00906813	-0.109658	0.000771063
0.536175	-0.0518757	0.302419	-0.009418	-0.10998	0.0016905
0.536166	-0.051985	0.302423	-0.00831607	-0.109075	0.00337444
0.536156	-0.0520938	0.302424	-0.00917906	-0.108968	0.00258081
0.536148	-0.0522011	0.302425	-0.00936036	-0.109247	0.00121936
0.536137	-0.0523102	0.302421	-0.0102912	-0.108171	-0.00084209
0.536129	-0.052421	0.302428	-0.00958417	-0.107963	0.00180312
0.536117	-0.0525317	0.302426	-0.0105366	-0.107421	-5.01006e-05
0.536109	-0.0526383	0.302432	-0.0100966	-0.107191	0.00141998
0.536098	-0.0527535	0.302434	-0.0099584	-0.110757	0.00223324
0.536088	-0.0528608	0.302431	-0.0101822	-0.109761	0.00011128
0.536081	-0.0529644	0.302435	-0.00910874	-0.106935	0.00180895
0.536069	-0.053071	0.30243	-0.0101397	-0.106611	-0.000435594
0.53606	-0.0531797	0.302433	-0.0102523	-0.106553	0.000235802
0.536049	-0.0532837	0.30243	-0.0106624	-0.105715	-0.00120934
0.53604	-0.0533907	0.302436	-0.00967136	-0.10027	0.00110747
0.53603	-0.0534996	0.302437	-0.00984474	-0.101544	0.0012875
0.536018	-0.0536158	0.302435	-0.01066	-0.104658	-0.000534807
0.53601	-0.0537209	0.302439	-0.0102395	-0.104982	0.000588704
0.536	-0.0538307	0.302436	-0.00915474	-0.105179	0.000514805
0.535989	-0.053942	0.302434	-0.0100175	-0.10645	-0.000377242
0.535979	-0.0540528	0.302438	-0.0102262	-0.109685	0.000112665
0.535967	-0.0541664	0.302436	-0.0108152	-0.110204	-0.000823351
0.535955	-0.0542765	0.302436	-0.0113841	-0.10786	-0.000959045
0.535947	-0.0543886	0.302437	-0.00917231	-0.107238	0.000841936
0.535935	-0.0545083	0.302437	-0.00904295	-0.111517	0.00192672
0.535924	-0.0546197	0.30244	-0.00941157	-0.10931	0.00195349
0.535913	-0.054736	0.302435	-0.0111526	-0.111059	-0.000843875
0.535901	-0.0548393	0.302431	-0.0114345	-0.109194	-0.00194246
0.535889	-0.0549601	0.302437	-0.0117303	-0.111437	0.000820225
0.53588	-0.0550783	0.302436	-0.00981798	-0.111721	0.00150861
0.535868	-0.0551857	0.302435	-0.00964101	-0.108183	0.000106994
0.535856	-0.0552986	0.302433	-0.0101623	-0.109291	-0.000401376
0.535846	-0.0554143	0.302439	-0.0104007	-0.110214	0.0017298
0.535835	-0.055528	0.302437	-0.0100841	-0.107219	0.00105384
0.535823	-0.0556363	0.302434	-0.00982378	-0.107791	0.000613736
0.535813	-0.0557484	0.302434	-0.0100052	-0.109162	0.000903292
0.535803	-0.0558601	0.302435	-0.0100673	-0.109718	0.00112102
0.53579	-0.0559743	0.302431	-0.0112432	-0.110617	-0.000475877
0.535779	-0.0560888	0.302437	-0.0110791	-0.112373	0.00206041
0.535768	-0.0561997	0.302432	-0.0113886	-0.112548	-0.000513278
0.535759	-0.0563141	0.302437	-0.0108348	-0.112146	0.00137272
0.535746	-0.0564253	0.302435	-0.0121244	-0.112273	-0.000234724
0.535737	-0.0565401	0.302436	-0.0113744	-0.111978	0.000197592
0.535724	-0.0566493	0.302433	-0.012246	-0.112628	-0.00111819
0.535715	-0.05676	0.302436	-0.0116816	-0.111117	0.000117929
0.535703	-0.0568743	0.302434	-0.0124312	-0.114567	-0.000795972
0.535693	-0.0569862	0.302437	-0.0120326	-0.114633	0.000782625
0.535681	-0.057105	0.302434	-0.0123817	-0.116709	-0.000902016
0.535672	-0.0572119	0.302438	-0.0105718	-0.112238	0.00245659
0.53566	-0.0573281	0.302433	-0.0114329	-0.113343	0.000435721
0.53565	-0.057439	0.302438	-0.0104283	-0.113481	0.00319571
0.535639	-0.0575494	0.302438	-0.0101319	-0.113247	0.00319566
0.535629	-0.0576595	0.302434	-0.00915459	-0.111147	0.00260137
0.535616	-0.0577714	0.302432	-0.0107369	-0.112789	0.00120925
0.535605	-0.0578846	0.302435	-0.0108948	-0.112332	0.00202429
0.535595	-0.0579991	0.302436	-0.0105542	-0.11206	0.00227437
0.535585	-0.058112	0.302438	-0.0101383	-0.113372	0.00188738
0.535574	-0.0582277	0.302438	-0.0098831	-0.11432	0.000614088
0.535564	-0.0583314	0.302436	-0.00999697	-0.109227	1.91693e-05
0.535553	-0.0584441	0.302439	-0.0108893	-0.112993	0.000488533
0.535542	-0.0585591	0.302438	-0.0103631	-0.112301	-0.000439577
0.535533	-0.0586744	0.302442	-0.00926412	-0.113806	0.00227888
0.535519	-0.0587835	0.302433	-0.0106899	-0.111845	-0.00111297
0.535508	-0.0589028	0.302434	-0.010377	-0.114927	0.00109181
0.535499	-0.059011	0.302439	-0.0102865	-0.112528	0.00230256
0.535488	-0.0591239	0.302441	-0.00878322	-0.112019	0.00416176
0.535477	-0.0592328	0.302438	-0.00909542	-0.112398	0.00293883
0.535467	-0.0593458	0.302442	-0.0084633	-0.11127	0.00482117
0.535458	-0.0594566	0.302441	-0.0091982	-0.110023	0.00239811
0.535447	-0.059571	0.302444	-0.00928525	-0.111701	0.00386052
0.535436	-0.0596836	0.302442	-0.00901718	-0.111357	0.00321995
0.535425	-0.0597961	0.302446	-0.00800301	-0.112314	0.00626867
0.535413	-0.0599107	0.302442	-0.00757796	-0.11269	0.00535865
0.535404	-0.060016	0.30244	-0.00855001	-0.10935	0.00207068
0.535396	-0.0601227	0.302443	-0.0089258	-0.109286	0.000866576
0.535385	-0.0602381	0.302443	-0.00912294	-0.111828	0.000419936
0.535376	-0.0603445	0.302444	-0.0101112	-0.112063	-0.00121087
0.535365	-0.0604557	0.302446	-0.0109703	-0.112096	-0.000237503
0.535357	-0.0605694	0.302451	-0.0100372	-0.113409	0.00022373
0.535346	-0.0606783	0.302448	-0.0103706	-0.112498	2.4995e-05
0.535337	-0.0607874	0.30245	-0.0103593	-0.109691	-0.000579315
0.535327	-0.0608993	0.302447	-0.00975879	-0.108633	-0.000131167
0.535318	-0.0610009	0.302452	-0.0100935	-0.105881	0.000928246
0.535308	-0.0611206	0.30245	-0.00964433	-0.110351	-0.000324286
0.535296	-0.0612315	0.302452	-0.0110053	-0.108386	0.000625478
0.535289	-0.0613376	0.302453	-0.0104592	-0.108623	-0.000361572
0.535279	-0.061448	0.302451	-0.0105527	-0.109028	-0.00159508
0.53527	-0.0615588	0.302451	-0.00988514	-0.10866	-0.00265148
0.53526	-0.0616652	0.302454	-0.0106838	-0.107287	-0.00143825
0.53525	-0.0617771	0.302454	-0.010186	-0.108218	-0.000259582
0.535241	-0.0618817	0.302452	-0.0095735	-0.10708	-0.0012239
0.535231	-0.0619987	0.302453	-0.00984134	-0.110128	-0.000854704
0.535225	-0.0621004	0.302458	-0.00857358	-0.10699	0.000426051
0.535214	-0.0622179	0.302458	-0.00947092	-0.108597	0.000621057
0.535206	-0.0623253	0.30246	-0.00842323	-0.10723	0.00255448
0.535195	-0.0624384	0.302461	-0.00952143	-0.10988	0.00164774
0.535185	-0.0625511	0.302454	-0.00948209	-0.109716	-0.00148183
0.535178	-0.0626571	0.30246	-0.00839179	-0.107474	0.00103399
0.535169	-0.0627645	0.302461	-0.00774002	-0.106474	0.00127676
0.53516	-0.0628762	0.30246	-0.00772398	-0.107527	0.00167139
0.535153	-0.0629843	0.302466	-0.00658148	-0.108086	0.00425079
0.535142	-0.0630985	0.302462	-0.00817163	-0.110183	0.000583917
0.535134	-0.0632126	0.302468	-0.00721658	-0.109348	0.00401759
0.535126	-0.0633226	0.302471	-0.00668769	-0.109874	0.0044745
0.535113	-0.0634369	0.302466	-0.0081574	-0.109844	0.00110176
0.535111	-0.0635419	0.302472	-0.00558329	-0.108002	0.0048401
0.535099	-0.0636597	0.302469	-0.00697943	-0.111585	0.00239474
0.535091	-0.0637693	0.302471	-0.00764663	-0.112679	0.00221412
0.535082	-0.0638827	0.302476	-0.00814782	-0.11342	0.00251118
0.535073	-0.0639981	0.302476	-0.00871669	-0.114462	0.000623335
0.535066	-0.0641092	0.302479	-0.0073676	-0.11051	0.00361468
0.53506	-0.0642258	0.302484	-0.00621708	-0.112186	0.00475992
0.535051	-0.0643435	0.302483	-0.00769439	-0.114189	0.00238963
0.535042	-0.0644515	0.302485	-0.00851266	-0.113465	0.0016282
0.535037	-0.0645636	0.302488	-0.0076875	-0.11172	0.00120781
0.535028	-0.0646755	0.302489	-0.00813461	-0.113955	0.00161318
0.535021	-0.0647874	0.302493	-0.00830541	-0.112719	0.00158558
0.535013	-0.064906	0.302493	-0.00730724	-0.116999	0.00281685
0.535006	-0.0650168	0.302498	-0.00673254	-0.115022	0.00369313
0.534997	-0.0651282	0.302495	-0.00670389	-0.113151	0.00240895
0.534992	-0.0652455	0.302501	-0.00698064	-0.113828	0.00283143
0.534984	-0.0653591	0.302504	-0.00691876	-0.112138	0.00314152
0.534978	-0.0654675	0.302507	-0.0058324	-0.108139	0.00326981
0.534971	-0.0655786	0.302511	-0.00620581	-0.109611	0.00208389
0.534965	-0.0656959	0.302513	-0.00706633	-0.111145	0.000596577
0.534958	-0.065806	0.302516	-0.00794723	-0.109917	0.00031498
0.534951	-0.0659221	0.302516	-0.00752309	-0.111818	0.00186173
0.534943	-0.0660378	0.302519	-0.00766617	-0.114169	0.00217366
0.534938	-0.0661513	0.302529	-0.00624581	-0.112407	0.00512838
0.534932	-0.0662639	0.302534	-0.00599694	-0.110981	0.00525439
0.534925	-0.066375	0.302531	-0.00653464	-0.112352	0.00253484
0.53492	-0.0664893	0.30254	-0.0065629	-0.114501	0.00451687
0.534912	-0.0666103	0.302537	-0.00575154	-0.11686	0.00473412
0.534907	-0.0667266	0.302547	-0.00549846	-0.117014	0.00662436
0.534902	-0.0668421	0.302548	-0.00516086	-0.116943	0.00672244
0.534893	-0.0669655	0.30255	-0.00622796	-0.117094	0.00579064
0.534886	-0.0670771	0.302554	-0.00624702	-0.114417	0.00554282
0.534882	-0.0671897	0.302557	-0.00569636	-0.113671	0.00484462
0.534876	-0.0673011	0.30256	-0.0069481	-0.113523	0.00192093
0.534871	-0.0674122	0.302564	-0.00681722	-0.111769	0.00266193
0.534865	-0.067529	0.302569	-0.00694488	-0.113207	0.00289659
0.53486	-0.0676434	0.302576	-0.00664476	-0.113475	0.00578059
0.534852	-0.0677632	0.302576	-0.00731544	-0.116495	0.00535232
0.534848	-0.0678749	0.302578	-0.00565267	-0.114465	0.00573826
0.534843	-0.0679891	0.30258	-0.00610021	-0.11546	0.00485186
0.534838	-0.0681105	0.302586	-0.00510946	-0.117921	0.00704651
0.534834	-0.0682268	0.302589	-0.0042769	-0.117524	0.00745353
0.534826	-0.0683438	0.302593	-0.00578713	-0.117479	0.00657129
0.534823	-0.0684662	0.302597	-0.00549658	-0.118885	0.0060007
0.534815	-0.0685864	0.302604	-0.00646531	-0.118895	0.00635622
0.534808	-0.0687083	0.302604	-0.00637246	-0.121331	0.00555454
0.534804	-0.0688297	0.302608	-0.00635543	-0.1218	0.0057026
0.534799	-0.0689493	0.302619	-0.00527803	-0.119678	0.00716312
0.534793	-0.0690717	0.302617	-0.00513748	-0.120109	0.0038994
0.534788	-0.0691924	0.302623	-0.00508174	-0.121872	0.00459648
0.534783	-0.0693171	0.302627	-0.00480953	-0.122366	0.00473721
0.534779	-0.0694395	0.30263	-0.00557657	-0.123627	0.00236972
0.534774	-0.0695645	0.302637	-0.00438365	-0.12516	0.00482055
0.534769	-0.0696901	0.302636	-0.00438703	-0.12322	0.00222038
0.534765	-0.0698105	0.302646	-0.00394291	-0.121442	0.00608093
0.534761	-0.0699329	0.302648	-0.00358783	-0.118745	0.00439845
0.534755	-0.0700548	0.302652	-0.00456133	-0.120109	0.00552531
0.534749	-0.0701805	0.302654	-0.00500126	-0.122178	0.00447499
0.534746	-0.0703009	0.302658	-0.00398607	-0.120982	0.0040262
0.534741	-0.0704241	0.302663	-0.00444939	-0.121779	0.00395628
0.534738	-0.0705533	0.302669	-0.00519691	-0.124595	0.00275159
0.534732	-0.0706769	0.30267	-0.004696	-0.122941	0.00353336
0.534728	-0.0707998	0.302676	-0.00371008	-0.123966	0.00519129
0.534724	-0.0709259	0.302677	-0.00424199	-0.12628	0.00372271
0.534721	-0.0710513	0.302687	-0.00380486	-0.125512	0.00563416
0.534715	-0.0711763	0.302689	-0.00346743	-0.12561	0.00523467
0.534713	-0.0713092	0.302695	-0.00334409	-0.127258	0.00510316
0.534709	-0.0714342	0.302699	-0.0037999	-0.127091	0.00413606
0.534703	-0.0715637	0.302697	-0.00297787	-0.123086	0.00380636
0.534702	-0.0716839	0.302708	-0.00246982	-0.12144	0.00597253
0.534697	-0.0718077	0.302709	-0.00416192	-0.122063	0.00197483
0.534695	-0.0719387	0.30272	-0.00284086	-0.122498	0.00553973
0.534692	-0.0720635	0.302725	-0.00329484	-0.122277	0.00485114
0.534688	-0.0721856	0.302727	-0.0030974	-0.122157	0.00353196
0.534685	-0.0723151	0.30273	-0.00352176	-0.124748	0.00333822
0.534683	-0.0724392	0.302739	-0.00329689	-0.122967	0.00467851
0.534677	-0.0725679	0.302738	-0.00415402	-0.125825	0.00275678
0.534678	-0.0726887	0.302745	-0.00340953	-0.128346	0.00401536
0.534676	-0.0728099	0.302749	-0.00371099	-0.125265	0.0016838
0.534671	-0.0729385	0.302753	-0.00370285	-0.125611	0.00356814
0.53467	-0.0730663	0.302759	-0.00273174	-0.125969	0.00662436
0.534668	-0.0731931	0.302761	-0.00250682	-0.127893	0.00477188
0.534666	-0.0733276	0.30277	-0.00225429	-0.129348	0.00547423
0.534664	-0.0734495	0.302771	-0.00240137	-0.126514	0.00486546
0.534661	-0.0735767	0.302776	-0.00208309	-0.125835	0.00428252
0.53466	-0.073706	0.302783	-0.00284157	-0.124544	0.00293234
0.534658	-0.073831	0.302785	-0.00201171	-0.125383	0.00297633
0.534655	-0.0739563	0.302788	-0.000100966	-0.12551	0.00648777
0.534656	-0.0740888	0.302799	0.000291822	-0.12673	0.00704844
0.534652	-0.0742173	0.302799	-0.000181053	-0.126659	0.0059015
0.534649	-0.0743363	0.302801	-0.00180944	-0.124085	0.00300888
0.534648	-0.0744642	0.302806	-0.00161454	-0.123888	0.00482795
0.534645	-0.0745952	0.302809	-0.00199434	-0.125552	0.00391291
0.534645	-0.0747158	0.302813	-9.92055e-05	-0.124432	0.0050413
0.53464	-0.0748429	0.302811	-0.00157905	-0.125198	0.00270039
0.534639	-0.0749697	0.302819	-0.001598	-0.127297	0.00439675
0.534642	-0.0750935	0.302826	-0.0016157	-0.126062	0.00323027
0.534636	-0.0752207	0.302822	-0.00335138	-0.126756	0.000600382
0.534636	-0.0753451	0.30283	-0.00258538	-0.125478	0.00184039
0.534634	-0.0754697	0.30283	-0.00180019	-0.126338	0.002349
0.534633	-0.0755972	0.302835	-0.00194774	-0.126257	0.00455645
0.534631	-0.0757253	0.302839	-0.00215875	-0.127513	0.00251459
0.534631	-0.0758512	0.302842	-0.00179882	-0.126726	0.00235169
0.534628	-0.0759864	0.302842	-0.00158106	-0.128298	0.00256848
0.534628	-0.0761094	0.302848	-0.00153936	-0.125961	0.00234318
0.534628	-0.0762386	0.302849	-0.00124888	-0.125741	0.00183006
0.534627	-0.0763634	0.302852	-0.00081328	-0.126604	0.00335184
0.534628	-0.0764873	0.302853	0.000451778	-0.125068	0.00251189
0.534627	-0.0766165	0.302857	0.000121295	-0.122085	0.00178202
0.534624	-0.0767446	0.302858	-0.00148718	-0.125544	0.00155428
0.534623	-0.0768706	0.302857	-0.00130142	-0.123393	0.00127667
0.534622	-0.0769979	0.302862	-0.000979837	-0.125488	0.00343349
0.534623	-0.0771244	0.302859	0.00138691	-0.125306	0.00405641
0.534624	-0.077251	0.302871	0.00267497	-0.125366	0.00877165
0.534625	-0.0773795	0.302869	0.00236526	-0.124354	0.00521794
0.534624	-0.0775116	0.302872	0.00165302	-0.126072	0.0058254
0.534623	-0.0776364	0.302875	0.000875869	-0.127181	0.00590754
0.534627	-0.0777669	0.302878	0.00310597	-0.127176	0.00743741
0.534628	-0.0779007	0.302887	0.00331649	-0.129683	0.00866093
0.534628	-0.0780262	0.302887	0.0022797	-0.128247	0.00551381
0.534627	-0.0781576	0.302887	0.000229975	-0.130281	0.00329432
0.534629	-0.0782883	0.302894	0.00110621	-0.12705	0.00558576
0.53463	-0.0784177	0.302896	0.00280696	-0.125721	0.00685599
0.534629	-0.0785509	0.302898	0.000691101	-0.129252	0.00554083
0.534629	-0.0786861	0.302902	0.00152358	-0.130603	0.00576861
0.534629	-0.0788173	0.302903	0.00240988	-0.130034	0.00650085
0.53463	-0.078945	0.302904	0.00168998	-0.128759	0.00477492
0.534629	-0.0790801	0.302907	0.0007459	-0.131217	0.00403419
0.53463	-0.079212	0.302908	0.000718498	-0.131112	0.00347017
0.534629	-0.0793446	0.30291	0.000278461	-0.130123	0.00132743
0.53463	-0.0794802	0.30291	0.000520219	-0.13222	0.000527822
0.534632	-0.0796122	0.302914	0.00224874	-0.12812	0.00136275
0.534633	-0.0797417	0.302912	0.00137614	-0.126239	-0.000506886
0.534633	-0.0798698	0.302914	-0.000467222	-0.128252	-0.00176152
0.534636	-0.0800073	0.302916	-0.000290653	-0.132131	-0.00274557
0.534635	-0.0801407	0.302911	-0.000750116	-0.131453	-0.00333107
0.534636	-0.0802818	0.302917	-0.000910587	-0.134465	-0.000973486
0.534637	-0.0804179	0.302916	-0.000185719	-0.134905	-0.000505225
0.53464	-0.0805502	0.302918	0.000675118	-0.133524	-0.000474956
0.53464	-0.0806792	0.302917	0.00186633	-0.130704	0.000340814
0.534645	-0.0808188	0.302922	0.00178464	-0.13456	0.000327527
0.534645	-0.0809531	0.302922	0.00193705	-0.13421	0.0019582
0.53465	-0.0810904	0.302923	0.00263573	-0.136218	0.00281213
0.534652	-0.0812304	0.30292	0.00108768	-0.138812	-0.000181953
0.534653	-0.0813653	0.302922	0.00120412	-0.138034	0.0010228
0.534657	-0.0814985	0.302922	0.00212382	-0.136233	0.00215397
0.53466	-0.0816291	0.302924	0.00302389	-0.133638	0.0040562
0.53466	-0.0817666	0.302923	0.00220017	-0.134761	0.00265884
0.534661	-0.0818971	0.302916	0.00281469	-0.132967	0.000776044
0.534665	-0.0820385	0.302923	0.00445188	-0.136407	0.0046881
0.534668	-0.082173	0.302923	0.00405833	-0.136434	0.0050031
0.534669	-0.0823119	0.302921	0.00394156	-0.139976	0.00482887
0.534671	-0.0824531	0.302924	0.00435465	-0.140959	0.00538279
0.534674	-0.0825876	0.302916	0.00488389	-0.139172	0.00378001
0.534675	-0.0827297	0.302919	0.00258437	-0.141078	0.00290079
0.534679	-0.0828673	0.302919	0.00280853	-0.14003	-0.000754756
0.534678	-0.0830099	0.302915	0.00210998	-0.137796	-0.00328884
0.534678	-0.0831574	0.302914	0.00136994	-0.142356	-0.000546588
0.53468	-0.0833014	0.302914	0.00311559	-0.140611	0.00141426
0.534683	-0.0834394	0.302916	0.00281525	-0.140289	0.00211534
0.534682	-0.0835852	0.30291	0.00170711	-0.141828	-0.00152155
0.534687	-0.0837286	0.302915	0.00255334	-0.141283	-0.00101623
0.534686	-0.0838666	0.302906	0.00095352	-0.140438	-0.00489908
0.534687	-0.0840158	0.302908	0.00055107	-0.143867	-0.00452902
0.534691	-0.0841595	0.302905	0.00243807	-0.142211	-0.00228135
0.534695	-0.0842973	0.302907	0.00354581	-0.140516	-0.00162335
0.534695	-0.0844424	0.3029	0.0027776	-0.142998	-0.00227692
0.534697	-0.0845861	0.302898	0.00234167	-0.143376	-0.0014579
0.534697	-0.0847314	0.302901	0.00202321	-0.143027	0.000889184
0.534698	-0.0848766	0.302895	0.000922063	-0.144971	-0.00230834
0.534699	-0.0850174	0.302891	5.29911e-05	-0.142432	-0.00458969
0.534698	-0.0851626	0.302882	-0.000451326	-0.14308	-0.0045795
0.534704	-0.0853008	0.302882	0.00284647	-0.140648	-8.62956e-05
0.534702	-0.0854438	0.302875	0.000511016	-0.143618	-0.0012918
0.534702	-0.0855901	0.302867	0.00146574	-0.143256	-0.00215682
0.534705	-0.0857347	0.302866	0.00162977	-0.144864	-0.00174754
0.534706	-0.0858818	0.302865	0.00139373	-0.145498	-0.00198981
0.534709	-0.0860241	0.302861	0.00160323	-0.145522	-0.00221893
0.534706	-0.0861675	0.302853	-0.000957646	-0.146034	-0.00523867
0.534709	-0.0863115	0.302851	0.000239328	-0.145665	-0.00279405
0.53471	-0.0864512	0.302845	0.00132006	-0.144169	-0.00197395
0.534711	-0.0865943	0.302841	0.00110806	-0.142751	-0.00413931
0.534711	-0.0867415	0.302833	0.000428937	-0.144343	-0.00528534
0.534713	-0.0868825	0.302829	0.00176666	-0.142678	-0.00447922
0.534714	-0.0870302	0.302823	0.00178864	-0.142276	-0.00591088
0.534717	-0.0871661	0.302819	0.00103559	-0.1416	-0.00703407
0.534718	-0.0873078	0.302811	0.000917879	-0.140111	-0.00752821
0.534718	-0.0874565	0.302801	0.000831898	-0.140803	-0.00780736
0.534719	-0.0875971	0.302794	0.000317127	-0.142369	-0.00564667
0.53472	-0.0877457	0.302785	0.00192415	-0.141814	-0.0055794
0.53472	-0.08789	0.30278	0.00112944	-0.140802	-0.00612103
0.534721	-0.0880274	0.302775	0.00087228	-0.140252	-0.00575862
0.53472	-0.0881702	0.302759	0.0010615	-0.138792	-0.00897237
0.534719	-0.0883101	0.302753	0.000873932	-0.137007	-0.00862286
0.534719	-0.0884576	0.302744	0.00045392	-0.140109	-0.00927485
0.534719	-0.0885963	0.302731	0.000558448	-0.138056	-0.00954144
0.534718	-0.0887389	0.302722	-0.000272403	-0.139637	-0.0102422
0.534718	-0.0888758	0.302709	-0.000133471	-0.13723	-0.0105679
0.534719	-0.0890182	0.302701	-0.000904223	-0.140604	-0.00981461
0.534718	-0.0891576	0.302692	-0.00178794	-0.140067	-0.0112121
0.534718	-0.089299	0.302678	-0.000423418	-0.140987	-0.011316
0.534718	-0.0894398	0.302671	-0.000743574	-0.142703	-0.00951049
0.534717	-0.0895739	0.302661	-0.000225733	-0.139142	-0.00777864
0.534719	-0.0897097	0.302651	0.000720932	-0.137952	-0.00890034
0.534718	-0.0898485	0.302644	-0.000286143	-0.13923	-0.00754925
0.534717	-0.0899901	0.302626	-0.00129447	-0.138849	-0.0123462
0.534718	-0.0901244	0.302618	-0.000691519	-0.138436	-0.0113301
0.534717	-0.0902654	0.302605	-0.00107954	-0.139696	-0.0126735
0.534717	-0.0904006	0.302595	-0.000340648	-0.13567	-0.01246
0.534714	-0.0905424	0.302587	-0.0010853	-0.138811	-0.0093958
0.534712	-0.0906783	0.302569	-0.00150494	-0.137136	-0.0130762
0.53471	-0.0908185	0.302558	-0.00201347	-0.141813	-0.0123961
0.534711	-0.0909545	0.302546	-0.00208239	-0.140649	-0.0134307
0.534707	-0.0910888	0.302528	-0.00308348	-0.137027	-0.0157927
0.534706	-0.0912253	0.302515	-0.00351103	-0.138615	-0.0158482
0.534701	-0.0913693	0.302498	-0.00345801	-0.139186	-0.0155847
0.534699	-0.0915045	0.302482	-0.00248594	-0.137753	-0.0131533
0.534698	-0.0916378	0.30247	-0.00214908	-0.138713	-0.010972
0.534695	-0.0917726	0.302448	-0.0020222	-0.136194	-0.0148001
0.534693	-0.0919142	0.302437	-0.00215233	-0.139047	-0.0143876
0.534692	-0.0920558	0.302423	-0.00281082	-0.140439	-0.0166148
0.534689	-0.0921879	0.302404	-0.00327539	-0.13688	-0.0172825
0.534685	-0.0923331	0.30239	-0.0036583	-0.140461	-0.0155932
0.534682	-0.0924694	0.302367	-0.00180106	-0.137471	-0.0167376
0.534681	-0.0926067	0.302354	-0.00205771	-0.137993	-0.0146131
0.534679	-0.0927435	0.302328	-0.00114619	-0.137339	-0.0167744
0.534679	-0.0928836	0.302318	-0.000663412	-0.136397	-0.0147095
0.534675	-0.0930261	0.302297	-0.00178333	-0.139891	-0.0162271
0.534673	-0.0931639	0.302275	-0.00143784	-0.137109	-0.0174731
0.534673	-0.0933033	0.302258	-0.00161349	-0.138446	-0.0172414
0.534671	-0.0934402	0.302239	-0.00235906	-0.139018	-0.0175001
0.534671	-0.093576	0.30222	-0.00144442	-0.138583	-0.018384
0.534668	-0.0937105	0.302197	-0.00326023	-0.137244	-0.0233078
0.534667	-0.0938516	0.30217	-0.00349584	-0.13783	-0.0253396
0.534663	-0.0939914	0.302148	-0.00367886	-0.138666	-0.0242124
0.534662	-0.0941223	0.302128	-0.00303977	-0.137352	-0.0239358
0.534661	-0.0942606	0.302105	-0.00224083	-0.136127	-0.0227955
0.534658	-0.0943892	0.302081	-0.00357875	-0.133781	-0.0257985
0.534656	-0.0945293	0.302063	-0.00275209	-0.134462	-0.022746
0.534653	-0.0946641	0.30204	-0.00235272	-0.133621	-0.0219699
0.534654	-0.0947965	0.302023	-0.00181464	-0.134124	-0.0198974
0.53465	-0.0949339	0.301992	-0.00194778	-0.133063	-0.0221425
0.534649	-0.0950689	0.301973	-0.00175204	-0.134955	-0.0208332
0.534647	-0.0952007	0.30195	-0.00229672	-0.132038	-0.0217561
0.534644	-0.0953389	0.301926	-0.00105565	-0.133606	-0.021346
0.534641	-0.0954772	0.301909	-0.00246229	-0.134513	-0.022142
0.534636	-0.0956151	0.30188	-0.00307772	-0.136022	-0.0235044
0.534632	-0.0957531	0.301858	-0.00433472	-0.138471	-0.0217881
0.534631	-0.0958882	0.301836	-0.00319129	-0.136225	-0.0211839
0.534627	-0.0960272	0.30181	-0.00202051	-0.136097	-0.0217928
0.534626	-0.09616	0.301793	-0.00135323	-0.132589	-0.0189922
0.534622	-0.0962922	0.301765	-0.0017555	-0.131212	-0.0196199
0.534621	-0.0964293	0.301747	-0.000588329	-0.12966	-0.0183019
0.534618	-0.0965619	0.301727	-0.00123673	-0.130961	-0.0172797
0.534614	-0.0967032	0.301705	-0.00214297	-0.135834	-0.0180611
0.534609	-0.0968393	0.301684	-0.00232112	-0.135825	-0.0164634
0.534607	-0.0969741	0.301663	-0.00156746	-0.135484	-0.0157207
0.534602	-0.0971056	0.301635	-0.00208037	-0.133667	-0.0180722
0.534596	-0.0972529	0.301616	-0.00242163	-0.137482	-0.0168583
0.53459	-0.097391	0.301586	-0.00281604	-0.13795	-0.0204507
0.534586	-0.097528	0.301566	-0.00287937	-0.139108	-0.0183816
0.534581	-0.0976652	0.301541	-0.00388123	-0.137849	-0.0218873
0.534575	-0.0978078	0.301512	-0.00399195	-0.139622	-0.0205853
0.534572	-0.0979432	0.301489	-0.00420021	-0.137121	-0.0216089
0.534564	-0.0980845	0.301457	-0.00413644	-0.139248	-0.023573
0.534562	-0.0982245	0.301439	-0.0027525	-0.140162	-0.0207038
0.534556	-0.0983645	0.301411	-0.0044061	-0.139656	-0.024161
0.534548	-0.0985082	0.301379	-0.00494833	-0.141057	-0.0267419
0.534543	-0.0986437	0.30135	-0.00453192	-0.139591	-0.026797
0.53454	-0.0987801	0.301323	-0.0032175	-0.13705	-0.0260562
0.534535	-0.0989204	0.301296	-0.00344649	-0.137934	-0.026744
0.534529	-0.0990614	0.301269	-0.00406293	-0.137197	-0.0277148
0.534525	-0.0991994	0.301242	-0.00323663	-0.135622	-0.027152
0.534522	-0.0993363	0.30122	-0.00292715	-0.135917	-0.0248535
0.534518	-0.0994796	0.30119	-0.00311573	-0.13563	-0.0275928
0.534514	-0.0996172	0.301162	-0.00340779	-0.136068	-0.0281312
0.534512	-0.0997553	0.30114	-0.00284572	-0.138478	-0.0247996
0.534509	-0.0998906	0.30111	-0.00184385	-0.138335	-0.0259067
0.534503	-0.100032	0.301082	-0.00234995	-0.140428	-0.0247047
0.534499	-0.100172	0.301053	-0.00297017	-0.141137	-0.0252891
0.534493	-0.100314	0.301025	-0.00397615	-0.140748	-0.0269369
0.53449	-0.100455	0.300999	-0.00389343	-0.138809	-0.0291336
0.534488	-0.10059	0.300969	-0.00394598	-0.137674	-0.0318159
0.534483	-0.100724	0.300937	-0.00376313	-0.137208	-0.0299808
0.534481	-0.100863	0.300909	-0.00289098	-0.137591	-0.0295368
0.534474	-0.101274	0.300827	-0.00257681	-0.138355	-0.0267513
0.534469	-0.101411	0.300797	-0.00257396	-0.138201	-0.0267319
0.534468	-0.101543	0.30077	-0.00112081	-0.135249	-0.0257107
0.534464	-0.101683	0.300738	-0.00171597	-0.137718	-0.0273674
0.534462	-0.101821	0.300709	-0.00260683	-0.139148	-0.0281889
0.534461	-0.101956	0.300682	-0.00148524	-0.13772	-0.0267761
0.534459	-0.102096	0.300656	-0.00242706	-0.139585	-0.0285265
0.534457	-0.102235	0.30063	-0.00176538	-0.136127	-0.0280232
0.534456	-0.10237	0.300595	-0.000320097	-0.136143	-0.0277228
0.534456	-0.102503	0.300572	-0.00142149	-0.136361	-0.0280899
0.534453	-0.102644	0.300539	-0.00245206	-0.136981	-0.0290089
0.534451	-0.102779	0.300512	-0.00116961	-0.134969	-0.0276283
0.534448	-0.102913	0.300486	-0.0010035	-0.133631	-0.0267924
0.534444	-0.103052	0.300454	-0.00261399	-0.134196	-0.0287586
0.534441	-0.103187	0.300427	-0.00180423	-0.133934	-0.0274481
0.534441	-0.103321	0.300405	-0.00111983	-0.132774	-0.0266041
0.534439	-0.103457	0.300374	-0.000941903	-0.135004	-0.0270892
0.534437	-0.103586	0.300347	-0.000839983	-0.13325	-0.0277745
0.534434	-0.103726	0.30031	-0.0011376	-0.1351	-0.0304072
0.534435	-0.10386	0.300291	-0.00029443	-0.135403	-0.027751
0.534431	-0.103998	0.300258	-0.00242822	-0.138106	-0.0297818
0.53443	-0.104125	0.300225	-0.00259735	-0.134795	-0.0312254
0.534431	-0.104257	0.3002	-0.000879332	-0.134643	-0.0285154
0.53443	-0.10439	0.300168	-0.00106762	-0.133525	-0.0309975
0.534429	-0.104528	0.30014	-0.0006566	-0.132955	-0.0291545
0.53443	-0.10466	0.300111	-0.000645478	-0.1324	-0.0305925
0.53443	-0.104794	0.300078	-0.000319633	-0.133682	-0.0303769
0.534432	-0.104931	0.300054	0.00195005	-0.132787	-0.0256572
0.534434	-0.105066	0.300028	0.0014685	-0.131737	-0.0264639
0.534433	-0.1052	0.299998	0.000679629	-0.132563	-0.0266134
0.534434	-0.105335	0.299972	-0.000148288	-0.134963	-0.0281677
0.534434	-0.105466	0.299938	-6.74777e-05	-0.132846	-0.030836
0.534434	-0.105602	0.299909	2.20508e-05	-0.131627	-0.0301595
0.534435	-0.105739	0.299883	0.000803498	-0.133092	-0.0269457
0.534433	-0.105871	0.299845	0.001292	-0.131173	-0.0291944
0.534437	-0.106	0.299823	0.00293007	-0.130302	-0.0258093
0.534436	-0.10613	0.299786	0.00111509	-0.129465	-0.0314165
0.534437	-0.106267	0.299753	0.000956561	-0.131657	-0.0317256
0.534437	-0.1064	0.299726	-0.000869597	-0.133087	-0.0318357
0.534436	-0.106533	0.299687	0.000145265	-0.131626	-0.0315989
0.534438	-0.106666	0.299662	0.000270763	-0.132139	-0.0283436
0.534439	-0.106804	0.299631	0.000954921	-0.133965	-0.0292216
0.534439	-0.106936	0.2996	0.000885417	-0.132637	-0.0300432
0.534441	-0.107068	0.299576	0.00156464	-0.132741	-0.0274105
0.53444	-0.107204	0.299542	0.00175308	-0.13157	-0.0294282
0.534445	-0.107335	0.299516	0.00193924	-0.130257	-0.0293244
0.534443	-0.10747	0.299484	4.53818e-05	-0.130649	-0.0334609
0.534443	-0.107608	0.299457	-0.000111574	-0.132438	-0.0321762
0.534441	-0.107743	0.29942	-0.000461876	-0.131707	-0.0343398
0.534441	-0.107876	0.299391	0.000376271	-0.130941	-0.0317946
0.53444	-0.108009	0.299356	0.00075769	-0.131888	-0.0327484
0.534442	-0.108136	0.299329	0.000930143	-0.130265	-0.0303206
0.534441	-0.108279	0.299297	0.00145143	-0.13407	-0.0288324
0.534439	-0.108412	0.299266	-1.26738e-06	-0.135456	-0.0292689
0.534439	-0.108546	0.299235	0.000412399	-0.132702	-0.0287868
0.534441	-0.108678	0.29921	0.000297478	-0.130286	-0.0289199
0.534439	-0.108809	0.299176	-0.000512884	-0.130356	-0.0299419
0.534439	-0.108944	0.29914	-0.00098719	-0.133103	-0.0313487
0.534439	-0.109077	0.299111	0.000236135	-0.132711	-0.0301069
0.534441	-0.109207	0.29908	0.0015607	-0.130609	-0.0292001
0.53444	-0.109346	0.299042	1.76033e-05	-0.1335	-0.032727
0.534443	-0.109481	0.299017	0.00140914	-0.133309	-0.0305635
0.534443	-0.109616	0.298978	0.000995093	-0.133493	-0.0334583
0.534443	-0.109751	0.298952	0.00122684	-0.134406	-0.0288926
0.534444	-0.109887	0.298916	6.66004e-05	-0.135771	-0.0329389
0.534444	-0.110023	0.298883	-0.000470503	-0.136142	-0.0336306
0.534443	-0.110158	0.29885	0.000147482	-0.134175	-0.0320397
0.534444	-0.110296	0.298814	0.000505258	-0.13529	-0.0322385
0.534443	-0.110433	0.298782	-0.000734583	-0.134527	-0.0334995
0.534443	-0.110559	0.298748	-0.00110431	-0.131016	-0.0336553
0.534445	-0.110694	0.298715	0.000199953	-0.130023	-0.0339055
0.534445	-0.110832	0.298679	-5.652e-05	-0.131758	-0.036251
0.534446	-0.110969	0.29865	0.00136212	-0.133936	-0.0329693
0.534444	-0.111101	0.29861	-1.63616e-05	-0.131997	-0.037218
0.534445	-0.111234	0.298572	0.000123318	-0.132418	-0.0389948
0.534445	-0.111365	0.298535	0.000662599	-0.131741	-0.0381322
0.534445	-0.111503	0.298504	-0.000227346	-0.132707	-0.0377429
0.534448	-0.111637	0.298469	-0.000493876	-0.13326	-0.0388618
0.534445	-0.111778	0.298438	-0.000308843	-0.133697	-0.0357177
0.534449	-0.111913	0.29841	0.00143688	-0.132711	-0.0318922
0.534448	-0.112055	0.298376	-7.34746e-05	-0.135354	-0.0344499
0.534445	-0.112198	0.298345	-0.00112648	-0.136392	-0.0330482
0.534443	-0.112335	0.29831	-0.000503772	-0.136401	-0.0321107
0.53444	-0.112475	0.298276	-0.000278874	-0.135994	-0.0322422
0.534439	-0.112605	0.29824	-0.00109317	-0.135834	-0.0330192
0.534435	-0.112751	0.298206	-0.00228129	-0.138904	-0.0329322
0.534434	-0.112888	0.298169	-0.00229143	-0.13974	-0.0325598
0.53443	-0.113029	0.298131	-0.00285218	-0.141289	-0.0327262
0.53443	-0.113165	0.2981	0.000561039	-0.134625	-0.0307248
0.534428	-0.1133	0.298061	-0.00109663	-0.13593	-0.0327101
0.534426	-0.11344	0.298024	-0.000807047	-0.137921	-0.0334239
0.53442	-0.113584	0.297986	-0.00300146	-0.139594	-0.0357484
0.534421	-0.113719	0.297956	-0.00185249	-0.138578	-0.0335198
0.534419	-0.113861	0.297918	-0.00195363	-0.139728	-0.0344135
0.534418	-0.114004	0.297883	-0.00146281	-0.138648	-0.0357922
0.534417	-0.114145	0.297846	-0.00146064	-0.138383	-0.0371782
0.534418	-0.114282	0.297808	-0.000618592	-0.135821	-0.0377336
0.534419	-0.11442	0.297775	-0.00139168	-0.136903	-0.0382537
0.534418	-0.114559	0.297731	-0.00245127	-0.137027	-0.0412365
0.534415	-0.114703	0.297692	-0.00365712	-0.13875	-0.0414269
0.534415	-0.11484	0.297655	-0.00266191	-0.13823	-0.040451
0.534413	-0.114982	0.297612	-0.00155608	-0.13813	-0.0402449
0.534413	-0.11512	0.297579	-0.0010538	-0.13842	-0.0379345
0.534415	-0.115255	0.297538	-0.000807508	-0.138479	-0.0398226
0.534414	-0.115394	0.2975	0.000164726	-0.137285	-0.0379032
0.534416	-0.115528	0.297467	-0.000353331	-0.138048	-0.0373401
0.534414	-0.115664	0.297423	-0.000901669	-0.136449	-0.0410488
0.534412	-0.115809	0.297383	-0.00170576	-0.139907	-0.0409827
0.534414	-0.115943	0.297344	-0.00028343	-0.137479	-0.0403389
0.534413	-0.116083	0.297305	0.000491111	-0.138315	-0.0368886
0.534415	-0.116219	0.297268	-5.60802e-05	-0.138804	-0.0377835
0.534415	-0.116363	0.297232	0.00027242	-0.139836	-0.0359373
0.534415	-0.116497	0.297193	-9.31176e-05	-0.13789	-0.0363529
0.534416	-0.116637	0.297157	0.000434446	-0.139693	-0.0372835
0.534417	-0.116775	0.297125	-7.00164e-05	-0.136982	-0.0362085
0.534415	-0.116911	0.297086	-0.000998869	-0.136023	-0.036791
0.534419	-0.117042	0.297055	0.000445007	-0.133346	-0.0351854
0.534415	-0.117182	0.297017	0.000612342	-0.13369	-0.0343429
0.534414	-0.117319	0.296978	0.00017968	-0.133527	-0.0350943
0.534415	-0.117455	0.29694	-0.000597145	-0.132523	-0.0372766
0.534415	-0.117588	0.296903	-0.000802853	-0.132993	-0.0366957
0.534415	-0.117723	0.296867	-0.000216158	-0.131812	-0.0376401
0.534413	-0.117853	0.296826	0.000168433	-0.129078	-0.0383274
0.534415	-0.11799	0.296795	0.00139674	-0.131748	-0.036445
0.534413	-0.118124	0.296758	0.00205364	-0.133199	-0.0360641
0.534414	-0.118261	0.296723	0.00207527	-0.135419	-0.034134
0.534415	-0.118389	0.29669	0.00108262	-0.134759	-0.0342461
0.534418	-0.118525	0.296654	0.00267745	-0.134606	-0.0326783
0.534419	-0.118659	0.296623	0.002285	-0.132216	-0.0332317
0.534422	-0.118789	0.296583	0.00198357	-0.130976	-0.0362324
0.534422	-0.11892	0.296549	0.00133457	-0.130962	-0.0357822
0.534424	-0.119053	0.296511	0.00189239	-0.130719	-0.036373
0.534421	-0.119192	0.296464	0.00111316	-0.132099	-0.0400819
0.534427	-0.119318	0.296433	0.00352604	-0.127729	-0.0360161
0.534427	-0.119455	0.296387	0.0030274	-0.131224	-0.0395675
0.534428	-0.119591	0.296351	0.00253739	-0.132662	-0.0386512
0.534433	-0.119716	0.296318	0.00228613	-0.131242	-0.038156
0.534433	-0.119847	0.296272	0.00158116	-0.13218	-0.0402524
0.534437	-0.119975	0.29624	0.00307618	-0.130613	-0.0366235
0.534443	-0.120112	0.296205	0.00330649	-0.13313	-0.0364811
0.534445	-0.120246	0.29617	0.00337518	-0.13395	-0.0366996
0.534451	-0.120377	0.296136	0.00437213	-0.133262	-0.0361891
0.534455	-0.12051	0.296098	0.00589778	-0.132667	-0.0347887
0.534458	-0.120644	0.29606	0.00466171	-0.13349	-0.0347485
0.534464	-0.120776	0.296025	0.00545371	-0.135324	-0.0348151
0.534468	-0.120906	0.295987	0.00553136	-0.13286	-0.0350203
0.534472	-0.121038	0.295955	0.00423927	-0.135275	-0.035235
0.534476	-0.121171	0.295921	0.00426414	-0.13287	-0.0344454
0.534477	-0.121308	0.295884	0.00455628	-0.134219	-0.0344007
0.534482	-0.12144	0.29585	0.00470512	-0.132956	-0.0343278
0.534486	-0.121572	0.295812	0.00526062	-0.132364	-0.0354516
0.534492	-0.121701	0.29578	0.00537667	-0.130439	-0.0355499
0.534494	-0.121834	0.295742	0.0039479	-0.131191	-0.0365187
0.5345	-0.121969	0.295705	0.00604884	-0.131915	-0.033693
0.534506	-0.122101	0.295673	0.00623446	-0.131425	-0.0321302
0.534511	-0.122238	0.295637	0.00675269	-0.133511	-0.0317907
0.534519	-0.122368	0.295603	0.0071509	-0.130008	-0.0333309
0.534527	-0.122504	0.295575	0.00720203	-0.130541	-0.0315382
0.534533	-0.122631	0.295538	0.00658566	-0.130184	-0.0354319
0.534542	-0.12276	0.295508	0.00713124	-0.129835	-0.0357727
0.534548	-0.122896	0.295471	0.00658957	-0.132204	-0.035532
0.534557	-0.123025	0.295438	0.00729019	-0.129961	-0.036364
0.534564	-0.12316	0.295408	0.00687437	-0.130995	-0.0351246
0.534572	-0.123295	0.295369	0.00723184	-0.13153	-0.0367927
0.534581	-0.123422	0.295339	0.00780407	-0.129326	-0.0345634
0.534587	-0.123554	0.295301	0.00805865	-0.128974	-0.0341753
0.534598	-0.123686	0.295271	0.00892309	-0.131068	-0.0309135
0.534605	-0.12382	0.295238	0.00759109	-0.131786	-0.0316434
0.534614	-0.123952	0.295207	0.00730269	-0.13204	-0.0314165
0.534627	-0.124079	0.29518	0.00987971	-0.132274	-0.0292468
0.534638	-0.124209	0.295151	0.00942216	-0.13006	-0.0296902
0.534642	-0.124348	0.295113	0.00697218	-0.132271	-0.0321901
0.534656	-0.12448	0.295095	0.00885862	-0.132444	-0.0283555
0.534662	-0.124611	0.295055	0.00701982	-0.132465	-0.0324063
0.534675	-0.124744	0.295028	0.00800721	-0.131243	-0.0317956
0.534683	-0.124876	0.294989	0.00717614	-0.132479	-0.0349485
0.534694	-0.125011	0.294966	0.00896125	-0.131781	-0.0299433
0.534701	-0.125146	0.294935	0.00868363	-0.131827	-0.0311103
0.534714	-0.125282	0.294909	0.00974771	-0.132638	-0.0292523
0.534723	-0.125411	0.294878	0.00870464	-0.130289	-0.0302228
0.534733	-0.125538	0.294847	0.00905823	-0.129275	-0.0300093
0.534744	-0.125676	0.294823	0.00997257	-0.132074	-0.0266241
0.534756	-0.125801	0.294794	0.00935302	-0.131251	-0.0285114
0.534765	-0.125937	0.294765	0.0091276	-0.134276	-0.0289589
0.534776	-0.126066	0.294737	0.0102483	-0.132505	-0.0284028
0.534785	-0.126202	0.294708	0.00919143	-0.134223	-0.0280738
0.534793	-0.12634	0.294676	0.00999648	-0.134996	-0.0288649
0.534802	-0.12647	0.294648	0.00944314	-0.133693	-0.0279003
0.534815	-0.126601	0.294624	0.0102059	-0.134557	-0.0263689
0.534824	-0.126735	0.294595	0.00964693	-0.134621	-0.0265174
0.534832	-0.12687	0.294566	0.0108109	-0.132858	-0.0272701
0.534842	-0.127013	0.294536	0.0111947	-0.136045	-0.0250838
0.534851	-0.12715	0.294511	0.0104722	-0.135343	-0.025997
0.534863	-0.127281	0.294482	0.0110013	-0.133496	-0.0277401
0.534871	-0.127418	0.294451	0.00945323	-0.134542	-0.0306348
0.534879	-0.127556	0.294424	0.00799361	-0.135775	-0.0311838
0.534887	-0.127693	0.29439	0.00849534	-0.13464	-0.0330898
0.53491	-0.128106	0.294309	0.00785049	-0.135547	-0.0295134
0.534916	-0.128244	0.294278	0.00775706	-0.135635	-0.0299213
0.534925	-0.128378	0.294255	0.0062456	-0.136972	-0.0309863
0.534933	-0.128516	0.294226	0.00704175	-0.136293	-0.0294368
0.534943	-0.128648	0.294201	0.00830083	-0.135856	-0.0260419
0.534951	-0.128786	0.294175	0.0082901	-0.137414	-0.0255781
0.53496	-0.128927	0.294148	0.00721684	-0.13765	-0.0276988
0.534969	-0.129065	0.294121	0.00758072	-0.137405	-0.0270673
0.534975	-0.1292	0.294086	0.00783588	-0.136418	-0.0284918
0.534982	-0.129335	0.294059	0.00720233	-0.138909	-0.0268637
0.534992	-0.129469	0.294032	0.00873652	-0.137277	-0.0253369
0.534997	-0.129611	0.294	0.00844267	-0.138255	-0.024657
0.535006	-0.129748	0.293978	0.00736197	-0.138447	-0.0259367
0.535011	-0.129886	0.293942	0.00666293	-0.136593	-0.0303491
0.535017	-0.130028	0.293919	0.00685984	-0.138598	-0.0283432
0.535027	-0.130158	0.293889	0.0079657	-0.135649	-0.0295969
0.535034	-0.130296	0.293861	0.00749229	-0.136565	-0.0289554
0.535043	-0.130428	0.293833	0.00787858	-0.135084	-0.0294376
0.535053	-0.130562	0.2938	0.00925003	-0.136175	-0.0296776
0.53506	-0.130698	0.293771	0.00838155	-0.137312	-0.0286589
0.535069	-0.130838	0.293741	0.00843597	-0.136722	-0.0302749
0.535076	-0.130973	0.293709	0.00816788	-0.136404	-0.0311685
0.535085	-0.131105	0.293682	0.00924202	-0.133866	-0.0315682
0.535094	-0.131238	0.29365	0.00831542	-0.134732	-0.0320709
0.535101	-0.13138	0.293625	0.00768049	-0.13678	-0.0290822
0.53511	-0.131508	0.293599	0.0087353	-0.133732	-0.0293496
0.53512	-0.13164	0.293565	0.00916232	-0.131261	-0.0318438
0.535129	-0.131781	0.293542	0.00871285	-0.134021	-0.0290005
0.535138	-0.131916	0.293514	0.00820447	-0.132879	-0.0295284
0.535147	-0.132051	0.293478	0.00814432	-0.132999	-0.0319696
0.535156	-0.132183	0.29345	0.00758182	-0.134362	-0.0301823
0.535165	-0.132317	0.293422	0.00804067	-0.134812	-0.0292017
0.535173	-0.132453	0.293393	0.00828462	-0.134002	-0.0282879
0.535185	-0.132583	0.293369	0.00906292	-0.132588	-0.0266738
0.535194	-0.132714	0.293341	0.0101479	-0.130944	-0.0249384
0.535201	-0.13285	0.293311	0.00975746	-0.133213	-0.0256017
0.535213	-0.132981	0.293286	0.0105176	-0.133682	-0.0242318
0.535222	-0.13311	0.293257	0.0100157	-0.132122	-0.0245743
0.535235	-0.133243	0.293231	0.0106537	-0.133411	-0.0253672
0.535245	-0.133377	0.293197	0.0102155	-0.133659	-0.0275082
0.535258	-0.133509	0.293176	0.0107442	-0.132513	-0.028074
0.53527	-0.133643	0.293143	0.0099029	-0.132701	-0.0310811
0.535282	-0.133777	0.293121	0.00990096	-0.132312	-0.0292662
0.535293	-0.133903	0.293093	0.0101686	-0.130449	-0.0296222
0.535305	-0.134036	0.293065	0.0122582	-0.131401	-0.0273892
0.535317	-0.134159	0.293039	0.0124192	-0.129012	-0.0264521
0.53533	-0.134292	0.293006	0.0116496	-0.129035	-0.0295522
0.535341	-0.13442	0.292978	0.0111763	-0.127544	-0.03068
0.535354	-0.134549	0.292955	0.0121977	-0.129745	-0.0275509
0.535364	-0.13469	0.292921	0.0111564	-0.131867	-0.0297132
0.535381	-0.134819	0.292897	0.0137999	-0.130468	-0.0269537
0.535393	-0.134949	0.29287	0.0133073	-0.130431	-0.0271367
0.535409	-0.135083	0.292847	0.0139523	-0.130921	-0.0262105
0.535422	-0.135212	0.292823	0.0128663	-0.129422	-0.0275934
0.535434	-0.135341	0.292797	0.014597	-0.128675	-0.0235978
0.535445	-0.135473	0.292769	0.0139895	-0.128482	-0.0237668
0.53546	-0.135609	0.292751	0.0139802	-0.130259	-0.0227458
0.535473	-0.135736	0.292721	0.0130027	-0.126345	-0.0279328
0.535484	-0.135869	0.292696	0.0121588	-0.128685	-0.0280221
0.5355	-0.136002	0.29267	0.0132763	-0.128905	-0.0259555
0.535511	-0.136131	0.29264	0.0131193	-0.130913	-0.0244609
0.535527	-0.136261	0.292623	0.0142433	-0.130862	-0.0224014
0.535542	-0.136393	0.292595	0.0148836	-0.13064	-0.0226544
0.535557	-0.136526	0.29258	0.0126687	-0.13401	-0.0227245
0.535569	-0.136658	0.292554	0.0122552	-0.132875	-0.0242538
0.535584	-0.136789	0.292531	0.0129239	-0.132281	-0.0234513
0.535596	-0.13692	0.292507	0.012698	-0.134006	-0.023274
0.535609	-0.137052	0.29248	0.0123701	-0.133365	-0.0224592
0.535623	-0.137189	0.292456	0.0129256	-0.132817	-0.0224942
0.535636	-0.137322	0.292428	0.0133132	-0.133662	-0.0240159
0.535651	-0.137452	0.292398	0.0131124	-0.131144	-0.0268673
0.535668	-0.137585	0.292381	0.0144504	-0.131532	-0.0234772
0.535681	-0.137719	0.292349	0.0144067	-0.130413	-0.0268708
0.535699	-0.13786	0.292332	0.0147722	-0.132968	-0.0240219
0.535716	-0.137987	0.292314	0.0146007	-0.130283	-0.0243884
0.535728	-0.138123	0.292283	0.0128445	-0.13363	-0.0278494
0.535744	-0.138253	0.292259	0.012746	-0.131385	-0.028495
0.53576	-0.138386	0.292238	0.0132221	-0.132658	-0.0264291
0.535775	-0.13852	0.292205	0.0129852	-0.133864	-0.0300281
0.535786	-0.138658	0.292183	0.0123031	-0.134213	-0.0287438
0.535805	-0.138785	0.292157	0.0154213	-0.131193	-0.0265371
0.535821	-0.138915	0.292134	0.0152958	-0.129861	-0.0245724
0.53584	-0.139045	0.292117	0.0169182	-0.129835	-0.0221824
0.535854	-0.139182	0.292093	0.0151792	-0.130439	-0.0235275
0.535868	-0.139318	0.292077	0.0140349	-0.132816	-0.0228772
0.535882	-0.139448	0.292051	0.0154658	-0.131142	-0.0221794
0.535892	-0.139584	0.29203	0.0129813	-0.131811	-0.0234973
0.535906	-0.139719	0.292007	0.0127745	-0.132123	-0.023981
0.535916	-0.139858	0.291982	0.0119165	-0.133452	-0.024597
0.53593	-0.139985	0.291965	0.0121758	-0.132469	-0.0232649
0.53594	-0.14012	0.291935	0.0118807	-0.13226	-0.024696
0.535953	-0.140257	0.291916	0.0129393	-0.132428	-0.0206117
0.535967	-0.140391	0.291899	0.0127752	-0.133509	-0.020329
0.535979	-0.140534	0.291877	0.0120515	-0.135823	-0.0198249
0.535991	-0.140668	0.291861	0.0120889	-0.133523	-0.0176519
0.536005	-0.140798	0.291843	0.0129424	-0.130432	-0.0180011
0.536015	-0.140928	0.291821	0.011318	-0.130399	-0.0196529
0.536026	-0.141065	0.291801	0.0118214	-0.133063	-0.0200137
0.536036	-0.1412	0.291772	0.0118991	-0.134743	-0.0222004
0.536049	-0.141334	0.291754	0.0123704	-0.134378	-0.0199958
0.536057	-0.141466	0.291725	0.0112996	-0.132692	-0.0233221
0.536068	-0.141609	0.291699	0.0113351	-0.134083	-0.0243769
0.536081	-0.141741	0.291681	0.0116994	-0.132622	-0.0217433
0.536093	-0.141877	0.291654	0.0130535	-0.132955	-0.0205086
0.536106	-0.142013	0.291633	0.0128015	-0.134474	-0.0196831
0.536116	-0.142154	0.291615	0.0117233	-0.135502	-0.0201702
0.536134	-0.142433	0.29156	0.00988252	-0.136549	-0.0251156
0.536143	-0.142579	0.291541	0.0102345	-0.13807	-0.0230465
0.53615	-0.14272	0.29151	0.00868253	-0.138061	-0.0278308
0.536161	-0.142855	0.291485	0.00823668	-0.13748	-0.0298034
0.536171	-0.142999	0.291457	0.00795963	-0.138759	-0.0316736
0.536181	-0.143137	0.291431	0.00837776	-0.139719	-0.0283295
0.536195	-0.143276	0.291415	0.0106402	-0.139079	-0.0260216
0.536205	-0.143418	0.291387	0.00936895	-0.139143	-0.026966
0.536215	-0.14356	0.291368	0.0102388	-0.138805	-0.0252027
0.536223	-0.143698	0.291341	0.0108592	-0.137286	-0.0248862
0.536233	-0.14384	0.291318	0.0106572	-0.136958	-0.0242711
0.536243	-0.143978	0.291292	0.00955529	-0.137765	-0.0259995
0.536252	-0.144116	0.291267	0.00904257	-0.1364	-0.0264194
0.536262	-0.144257	0.291241	0.00821065	-0.138999	-0.0267967
0.536276	-0.144395	0.291218	0.00856259	-0.138571	-0.0275784
0.536283	-0.144541	0.29119	0.00780781	-0.140393	-0.0285873
0.536295	-0.144679	0.291165	0.00859498	-0.139839	-0.0280906
0.536308	-0.144817	0.291142	0.00847192	-0.139436	-0.027843
0.536321	-0.144959	0.291125	0.00981776	-0.138555	-0.0267487
0.536333	-0.145095	0.291102	0.0111035	-0.13641	-0.0251565
0.536344	-0.145238	0.291074	0.0113716	-0.137253	-0.0257144
0.536355	-0.145384	0.291054	0.0104188	-0.14271	-0.0236353
0.536365	-0.145525	0.291026	0.00979803	-0.140318	-0.0254692
0.536375	-0.145667	0.291005	0.0104758	-0.140425	-0.0215496
0.53639	-0.145801	0.29098	0.0133781	-0.135868	-0.019689
0.5364	-0.145944	0.290955	0.0119478	-0.138388	-0.02093
0.536415	-0.146086	0.290935	0.0121051	-0.141159	-0.0211482
0.536427	-0.146219	0.290906	0.0130246	-0.137162	-0.0217776
0.53644	-0.146359	0.290887	0.0123201	-0.139565	-0.0215847
0.536451	-0.146503	0.290872	0.0102764	-0.141187	-0.0228913
0.536464	-0.146643	0.290848	0.0122357	-0.138251	-0.0214559
0.536479	-0.146779	0.290832	0.0120507	-0.13973	-0.0207766
0.53649	-0.14692	0.290804	0.0100261	-0.139617	-0.0258571
0.536496	-0.147064	0.290776	0.00805753	-0.141391	-0.0274025
0.536511	-0.1472	0.290763	0.0101067	-0.139538	-0.0226882
0.536519	-0.147348	0.290731	0.0097868	-0.143522	-0.0244856
0.536536	-0.147488	0.290723	0.0133965	-0.140402	-0.0169813
0.536547	-0.147629	0.290697	0.0126539	-0.140854	-0.0199749
0.536559	-0.14777	0.290681	0.0130489	-0.139833	-0.0189108
0.53657	-0.14791	0.290661	0.0119956	-0.141581	-0.0194436
0.536581	-0.148045	0.290632	0.0120179	-0.138985	-0.0234898
0.536592	-0.148185	0.290618	0.0118902	-0.139785	-0.0200631
0.536604	-0.14833	0.290593	0.0118355	-0.142075	-0.020331
0.536613	-0.148468	0.290567	0.0118049	-0.13943	-0.021229
0.536624	-0.148606	0.290544	0.0123811	-0.140102	-0.0199142
0.53664	-0.148738	0.29052	0.0151689	-0.137731	-0.0181182
0.536651	-0.148881	0.290499	0.0137525	-0.139439	-0.0187568
0.536665	-0.149018	0.290478	0.0132414	-0.139643	-0.0199523
0.536675	-0.149156	0.290452	0.0129077	-0.13774	-0.0216702
0.536689	-0.149288	0.290437	0.0136913	-0.136423	-0.0189803
0.5367	-0.149428	0.290408	0.0131175	-0.137847	-0.0210078
0.536711	-0.149557	0.290381	0.0120827	-0.138582	-0.0216885
0.536724	-0.149692	0.290367	0.011812	-0.135388	-0.0219447
0.536732	-0.149829	0.290336	0.0108232	-0.137184	-0.0243285
0.536742	-0.149961	0.290308	0.0100348	-0.137854	-0.0248167
0.536752	-0.150099	0.290282	0.00879823	-0.137885	-0.0269847
0.536762	-0.150235	0.290256	0.00956488	-0.137028	-0.0261542
0.536775	-0.150374	0.290241	0.0105347	-0.13875	-0.0229981
0.536782	-0.150508	0.29021	0.0090241	-0.136362	-0.0255216
0.536791	-0.150645	0.290184	0.0084815	-0.137738	-0.0274638
0.536797	-0.150771	0.290159	0.0066446	-0.135867	-0.0263615
0.536803	-0.150911	0.290128	0.00701829	-0.136616	-0.0275005
0.53681	-0.151045	0.290102	0.00726699	-0.135847	-0.026037
0.536818	-0.151177	0.290074	0.00775689	-0.135157	-0.0250381
0.53682	-0.151318	0.29004	0.00494708	-0.137625	-0.0292704
0.536825	-0.151448	0.290012	0.00669477	-0.133837	-0.0270203
0.536832	-0.151584	0.289984	0.00835151	-0.129978	-0.0276481
0.536841	-0.151718	0.28996	0.00862652	-0.13134	-0.0264421
0.536846	-0.151855	0.289935	0.00628676	-0.13209	-0.0285603
0.536851	-0.15199	0.289905	0.00524263	-0.133365	-0.0289829
0.536855	-0.152125	0.289878	0.0050508	-0.132111	-0.0290223
0.536856	-0.152267	0.289845	0.00316324	-0.137506	-0.0290141
0.53686	-0.152398	0.289815	0.00361848	-0.133623	-0.0294542
0.536865	-0.152533	0.28978	0.00544725	-0.13291	-0.0321558
0.53687	-0.152664	0.289748	0.00501251	-0.131227	-0.0325253
0.536871	-0.152801	0.289715	0.0035611	-0.134468	-0.0317263
0.536872	-0.152939	0.289678	0.00431295	-0.134913	-0.0312538
0.536877	-0.153073	0.289647	0.00579005	-0.13288	-0.0295388
0.53688	-0.153207	0.289616	0.00589665	-0.132446	-0.0296071
0.536883	-0.153348	0.289585	0.00507542	-0.133526	-0.0310439
0.536889	-0.15348	0.289557	0.00523449	-0.130946	-0.0338721
0.536891	-0.153613	0.289523	0.0048855	-0.130408	-0.0337298
0.53689	-0.153744	0.289481	0.00213247	-0.130073	-0.0378845
0.536894	-0.153877	0.289447	0.00150639	-0.131945	-0.0375684
0.536894	-0.15401	0.28941	0.000154833	-0.130376	-0.0388995
0.536895	-0.154144	0.289372	3.90902e-05	-0.133143	-0.0370592
0.536894	-0.154278	0.28933	-0.000444281	-0.13162	-0.0388291
0.536894	-0.154408	0.289296	-3.6213e-05	-0.130051	-0.035439
0.536895	-0.154541	0.289262	-0.000372737	-0.131084	-0.036003
0.536894	-0.154672	0.289227	-8.756e-05	-0.132215	-0.0352134
0.536895	-0.154802	0.28919	-0.00050046	-0.131776	-0.0371852
0.536896	-0.154936	0.289153	-0.00104089	-0.134182	-0.0371005
0.536898	-0.155071	0.289118	-0.000405808	-0.133758	-0.0373763
0.536899	-0.155201	0.289083	-0.00128113	-0.131255	-0.0376865
0.536894	-0.155335	0.289032	-0.000906064	-0.130166	-0.041749
0.536895	-0.155466	0.288998	-0.00188993	-0.130982	-0.0402135
0.536893	-0.155598	0.288955	-0.00230566	-0.131461	-0.0418235
0.53689	-0.15573	0.288906	-0.00142076	-0.130702	-0.04316
0.53689	-0.155863	0.288868	-0.000795481	-0.130939	-0.0415563
0.536891	-0.155999	0.288825	0.000133121	-0.130149	-0.0426977
0.536889	-0.156135	0.288784	-0.000628576	-0.129868	-0.0424732
0.536888	-0.156401	0.288696	-0.000958929	-0.129811	-0.045118
0.536894	-0.15679	0.288566	-0.000152943	-0.127919	-0.0471333
0.536893	-0.156918	0.288526	-0.00020798	-0.128109	-0.0461291
0.536895	-0.157051	0.288482	-0.000178488	-0.130374	-0.0456235
0.536893	-0.157183	0.288438	-0.000664641	-0.129019	-0.0461961
0.53689	-0.157313	0.288395	-0.0011304	-0.128506	-0.0461626
0.536892	-0.157442	0.288351	-0.000185959	-0.126934	-0.0458756
0.536891	-0.157575	0.288313	-0.00131632	-0.133224	-0.0439131
0.536887	-0.157706	0.288264	-0.00153156	-0.132208	-0.0451879
0.536888	-0.157838	0.288225	8.58412e-06	-0.132569	-0.0421909
0.536886	-0.157971	0.288182	-0.000625324	-0.134494	-0.0415126
0.536884	-0.158109	0.288137	-0.00135545	-0.135374	-0.0428638
0.536883	-0.158238	0.288093	-0.000890476	-0.13373	-0.043065
0.536883	-0.158371	0.288054	-0.00106941	-0.133634	-0.0410768
0.536881	-0.158503	0.288013	-0.00161597	-0.133249	-0.0414457
0.536878	-0.158638	0.287968	-0.00372938	-0.133216	-0.0462516
0.536874	-0.158773	0.287923	-0.00309579	-0.132498	-0.0445031
0.536872	-0.158906	0.287877	-0.00241842	-0.132686	-0.0450893
0.536869	-0.159043	0.287835	-0.00296631	-0.134071	-0.0430242
0.536865	-0.159178	0.287784	-0.00303361	-0.133496	-0.04585
0.536862	-0.159305	0.287737	-0.00323058	-0.13206	-0.0466828
0.53686	-0.159439	0.287689	-0.00242441	-0.133453	-0.0468002
0.536859	-0.159571	0.287646	-0.00263746	-0.13323	-0.0468607
0.536863	-0.159699	0.287605	-0.00123839	-0.132893	-0.0461097
0.53686	-0.159832	0.287557	-0.000261006	-0.131784	-0.0471424
0.536863	-0.159961	0.287516	0.000355147	-0.132644	-0.0456523
0.536861	-0.160093	0.287468	-4.94593e-06	-0.13116	-0.047135
0.536858	-0.160229	0.287418	-0.00149728	-0.133041	-0.048093
0.536859	-0.160356	0.287371	-0.00167427	-0.130546	-0.0496589
0.536858	-0.160485	0.28732	-0.00200658	-0.129771	-0.0505551
0.536854	-0.160615	0.287268	-0.00314866	-0.131414	-0.0515328
0.536853	-0.16075	0.287223	-0.0026415	-0.131076	-0.0497509
0.536852	-0.160877	0.287174	-0.00266991	-0.129689	-0.0490735
0.536851	-0.16101	0.287129	-0.00317503	-0.131042	-0.04946
0.536847	-0.161142	0.287079	-0.0027415	-0.128907	-0.0470173
0.536847	-0.161267	0.287035	-0.00174148	-0.129042	-0.0457528
0.536848	-0.161393	0.286991	-0.00172538	-0.129495	-0.0460641
0.536847	-0.161517	0.286938	-0.00135447	-0.127332	-0.0485416
0.536847	-0.161646	0.286893	-0.00166329	-0.128718	-0.0476518
0.536842	-0.16177	0.286841	-0.00242412	-0.127803	-0.0478518
0.536838	-0.161901	0.286792	-0.00175816	-0.127331	-0.0469268
0.536836	-0.162027	0.28675	-0.00266732	-0.127213	-0.0444385
0.536831	-0.162158	0.286697	-0.00253404	-0.127272	-0.0453256
0.53683	-0.162277	0.286649	-0.00277062	-0.124051	-0.0471817
0.536829	-0.162399	0.286607	-0.00211053	-0.123512	-0.0449378
0.536827	-0.162527	0.286554	-0.00214171	-0.125055	-0.0473656
0.536822	-0.162651	0.286505	-0.00371833	-0.124742	-0.0497051
0.536818	-0.162776	0.286448	-0.00393919	-0.125896	-0.0518515
0.536817	-0.162906	0.286401	-0.00299621	-0.126194	-0.0493499
0.536811	-0.163033	0.286348	-0.00386809	-0.126238	-0.0517077
0.536809	-0.163157	0.286301	-0.00278644	-0.12386	-0.0492858
0.53681	-0.163276	0.286253	-0.00182424	-0.123088	-0.0485169
0.536807	-0.163404	0.286202	-0.00143426	-0.124091	-0.0458378
0.536802	-0.163523	0.286147	-0.00197405	-0.122462	-0.0480519
0.536798	-0.163649	0.286094	-0.00291709	-0.123734	-0.050449
0.536793	-0.16377	0.286041	-0.00426112	-0.124358	-0.0499188
0.536786	-0.163894	0.28598	-0.0054423	-0.124547	-0.0520772
0.536782	-0.164013	0.285924	-0.00466319	-0.120835	-0.0525577
0.536777	-0.164137	0.285872	-0.00436659	-0.121439	-0.0519106
0.536775	-0.16425	0.285823	-0.00441951	-0.119989	-0.0507478
0.536769	-0.164374	0.285764	-0.00404748	-0.120547	-0.054524
0.536767	-0.16449	0.285713	-0.00393593	-0.117202	-0.0545194
0.536762	-0.164613	0.285657	-0.00512666	-0.118681	-0.0561172
0.536756	-0.164733	0.285599	-0.00464377	-0.118726	-0.0549008
0.536753	-0.164857	0.285546	-0.00472391	-0.119573	-0.0562839
0.536751	-0.164968	0.285489	-0.00464549	-0.117417	-0.0567878
0.536748	-0.165085	0.285431	-0.00375671	-0.117192	-0.055826
0.536742	-0.165206	0.285372	-0.00499578	-0.118592	-0.057226
0.536737	-0.16532	0.285311	-0.00440551	-0.116093	-0.0571165
0.53673	-0.165444	0.285256	-0.00622409	-0.118351	-0.0588469
0.536727	-0.165559	0.285193	-0.00389263	-0.115221	-0.0590157
0.53672	-0.165678	0.285129	-0.00493001	-0.115933	-0.060182
0.536716	-0.1658	0.285073	-0.00475257	-0.116694	-0.0593571
0.53671	-0.165917	0.285008	-0.0046838	-0.115625	-0.0602846
0.536703	-0.166034	0.284943	-0.00472447	-0.1126	-0.0605362
0.536701	-0.16615	0.284883	-0.00431369	-0.113557	-0.0595287
0.536697	-0.166271	0.284824	-0.00427492	-0.11674	-0.0580828
0.536695	-0.166387	0.284771	-0.0038711	-0.11677	-0.0588428
0.536691	-0.166502	0.28471	-0.00399234	-0.117111	-0.0584596
0.536689	-0.166617	0.284653	-0.0038599	-0.118268	-0.0584754
0.536684	-0.166739	0.284593	-0.00523338	-0.12034	-0.0602274
0.536679	-0.166852	0.284533	-0.00522955	-0.11676	-0.06106
0.536673	-0.166969	0.284472	-0.00539118	-0.117423	-0.0613116
0.536669	-0.167083	0.284411	-0.00628794	-0.116264	-0.0635296
0.536664	-0.167196	0.284349	-0.00756799	-0.116689	-0.0634026
0.536658	-0.167314	0.284294	-0.00686699	-0.116216	-0.0593436
0.536653	-0.16743	0.284232	-0.0072644	-0.114657	-0.0610757
0.536648	-0.167542	0.284175	-0.00671522	-0.113576	-0.0594825
0.536642	-0.167664	0.284117	-0.00566636	-0.116412	-0.0568386
0.536638	-0.167778	0.284056	-0.00310446	-0.112271	-0.0558684
0.536633	-0.167892	0.283997	-0.00374319	-0.112463	-0.0555497
0.536627	-0.168006	0.283931	-0.00324524	-0.112624	-0.0579054
0.536623	-0.168129	0.283879	-0.00490307	-0.118492	-0.0576579
0.536617	-0.168244	0.283816	-0.004537	-0.116005	-0.0570635
0.536611	-0.168355	0.283755	-0.0055984	-0.11415	-0.0570316
0.536607	-0.168472	0.283703	-0.00560712	-0.115525	-0.0552492
0.536588	-0.16882	0.283522	-0.00536171	-0.113844	-0.0564623
0.536582	-0.168931	0.283452	-0.00491152	-0.11325	-0.0585342
0.536578	-0.169043	0.283396	-0.00534327	-0.113971	-0.0573624
0.536567	-0.169164	0.283328	-0.00472561	-0.117374	-0.0574893
0.536563	-0.169278	0.283273	-0.00448733	-0.115844	-0.0561011
0.536559	-0.169392	0.283217	-0.00470884	-0.115026	-0.0573978
0.536552	-0.169505	0.283154	-0.00530388	-0.113522	-0.0589308
0.536548	-0.169625	0.283097	-0.00570334	-0.116132	-0.0602847
0.536543	-0.169741	0.283037	-0.00594184	-0.115595	-0.0610523
0.536539	-0.169849	0.282976	-0.00530393	-0.114583	-0.0599856
0.536533	-0.169962	0.282916	-0.00682944	-0.114773	-0.0617042
0.53653	-0.170068	0.282854	-0.00630871	-0.112257	-0.0620342
0.536521	-0.170187	0.282794	-0.00893377	-0.116943	-0.0624618
0.536515	-0.1703	0.282737	-0.00757083	-0.11478	-0.0585996
0.536506	-0.170416	0.282678	-0.00670672	-0.11716	-0.056317
0.536499	-0.170533	0.282621	-0.00664583	-0.116752	-0.0562401
0.536493	-0.170648	0.282558	-0.00599051	-0.11464	-0.0585129
0.536488	-0.17076	0.282497	-0.00509984	-0.113379	-0.0591629
0.536483	-0.170868	0.282436	-0.00535385	-0.111634	-0.060463
0.536475	-0.170989	0.282372	-0.00463413	-0.113217	-0.0605486
0.536472	-0.171102	0.282315	-0.00402706	-0.113675	-0.0585089
0.536468	-0.171212	0.282251	-0.00389465	-0.112836	-0.0601523
0.536465	-0.171333	0.282196	-0.00205888	-0.114422	-0.0576151
0.536461	-0.171448	0.282139	-0.00270933	-0.114986	-0.0572851
0.536456	-0.171567	0.282078	-0.00418854	-0.116384	-0.0591997
0.536453	-0.171677	0.282021	-0.00340121	-0.114241	-0.0574257
0.53645	-0.171786	0.281955	-0.00346817	-0.11337	-0.0603813
0.536445	-0.171897	0.281887	-0.00449193	-0.112454	-0.0634537
0.536441	-0.17201	0.281828	-0.00435515	-0.114595	-0.0600452
0.536437	-0.172124	0.281765	-0.00447122	-0.113216	-0.0599021
0.536433	-0.172238	0.281706	-0.00381675	-0.110774	-0.0588709
0.536429	-0.17235	0.281647	-0.00305668	-0.111642	-0.056453
0.536425	-0.172461	0.281583	-0.003107	-0.108299	-0.0586512
0.536423	-0.172574	0.281526	-0.00233743	-0.109068	-0.0587751
0.536417	-0.172687	0.281459	-0.00250918	-0.109257	-0.0594028
0.536414	-0.1728	0.281396	-0.00277176	-0.111169	-0.0598907
0.536412	-0.172915	0.281336	-0.00169068	-0.11372	-0.0573073
0.536407	-0.17303	0.281273	-0.00325778	-0.113962	-0.0605904
0.536406	-0.173147	0.281217	-0.00273383	-0.115958	-0.0582466
0.536401	-0.173259	0.281148	-0.00238588	-0.114557	-0.0613507
0.536397	-0.173379	0.281088	-0.00298478	-0.115725	-0.0613269
0.53639	-0.173502	0.281025	-0.00409435	-0.116891	-0.0634537
0.536386	-0.173614	0.280953	-0.00344779	-0.116836	-0.0645278
0.536384	-0.173733	0.280893	-0.00346158	-0.117659	-0.0651986
0.536383	-0.173848	0.280833	-0.00364349	-0.118228	-0.0625861
0.536377	-0.173968	0.280764	-0.00457664	-0.11907	-0.0630994
0.536378	-0.174079	0.280704	-0.00382566	-0.116201	-0.0627764
0.536375	-0.174198	0.280641	-0.00392533	-0.116125	-0.0643706
0.536374	-0.174317	0.28058	-0.00431776	-0.117029	-0.0651619
0.536373	-0.174434	0.28052	-0.00247047	-0.114805	-0.0638047
0.536369	-0.174552	0.280455	-0.0027597	-0.114955	-0.0623748
0.536367	-0.174664	0.280393	-0.00253553	-0.114926	-0.0606281
0.536365	-0.174775	0.280328	-0.00224489	-0.113529	-0.0601873
0.536362	-0.174894	0.280268	-0.0030739	-0.115997	-0.06163
0.536361	-0.175007	0.280207	-0.00224185	-0.113686	-0.0631022
0.536358	-0.175123	0.280145	-0.00280625	-0.114013	-0.0630582
0.536355	-0.175237	0.280084	-0.00367882	-0.113699	-0.0646391
0.536352	-0.175349	0.280018	-0.00357086	-0.113361	-0.0660239
0.536348	-0.175471	0.279955	-0.00303332	-0.114164	-0.0649582
0.536348	-0.175588	0.279898	-0.00323833	-0.11449	-0.064995
0.536344	-0.175698	0.279827	-0.00343521	-0.111445	-0.0668276
0.536347	-0.175811	0.279771	-0.002711	-0.113635	-0.0641306
0.536345	-0.175934	0.279714	-0.00327239	-0.117055	-0.0631514
0.536343	-0.176048	0.279649	-0.00322853	-0.115623	-0.0641228
0.536342	-0.176164	0.279591	-0.00272264	-0.115213	-0.0613662
0.536337	-0.17628	0.279521	-0.00368433	-0.115183	-0.0641256
0.536336	-0.176395	0.279462	-0.00293791	-0.116292	-0.0636264
0.536335	-0.176509	0.279397	-0.00249394	-0.114726	-0.0655896
0.536333	-0.176625	0.279329	-0.00337158	-0.114193	-0.0679752
0.536331	-0.176732	0.279264	-0.00442793	-0.112718	-0.0696644
0.536328	-0.176851	0.279203	-0.00485639	-0.113293	-0.0685106
0.536328	-0.176964	0.279146	-0.00251954	-0.112978	-0.0642698
0.536329	-0.177074	0.279085	-0.0039322	-0.113074	-0.0667526
0.536328	-0.177193	0.279026	-0.00362208	-0.116711	-0.0630871
0.536326	-0.177308	0.278966	-0.00361943	-0.115403	-0.0641194
0.536326	-0.177419	0.278899	-0.00387779	-0.114606	-0.0669593
0.536322	-0.177535	0.278835	-0.00421671	-0.115469	-0.0650792
0.536323	-0.177644	0.278779	-0.00378101	-0.113808	-0.0645287
0.536318	-0.177759	0.278714	-0.0040349	-0.11388	-0.0642766
0.536314	-0.177873	0.278653	-0.00325999	-0.11418	-0.0643428
0.536314	-0.177985	0.278595	-0.00232681	-0.112833	-0.0617567
0.536306	-0.178103	0.278528	-0.00327121	-0.113816	-0.061346
0.536301	-0.178213	0.278466	-0.0029988	-0.114348	-0.0606212
0.5363	-0.17833	0.2784	-0.00212991	-0.114794	-0.0616527
0.536296	-0.178443	0.278334	-0.00421132	-0.115737	-0.0624481
0.536295	-0.178553	0.278274	-0.00350918	-0.113365	-0.0620749
0.536293	-0.178662	0.278212	-0.00200914	-0.111731	-0.060571
0.536292	-0.178778	0.278154	-0.00167866	-0.114119	-0.059591
0.536289	-0.178888	0.278089	-0.00208277	-0.114021	-0.0598732
0.536282	-0.179005	0.278021	-0.0028967	-0.111587	-0.0627642
0.536285	-0.179105	0.277961	-0.000664599	-0.108699	-0.0598509
0.536276	-0.179224	0.277889	-0.00195198	-0.111824	-0.0602725
0.536274	-0.179332	0.277827	-0.0025671	-0.111264	-0.0604449
0.536272	-0.179443	0.277759	-0.00271034	-0.109033	-0.0637448
0.536268	-0.179552	0.277698	-0.003003	-0.109014	-0.0616881
0.536265	-0.179661	0.277637	-0.00393752	-0.109409	-0.0630196
0.536261	-0.179772	0.277566	-0.00332552	-0.110823	-0.0645878
0.536259	-0.179881	0.277503	-0.00442916	-0.112815	-0.0641611
0.536258	-0.17999	0.277438	-0.00475706	-0.112193	-0.0649138
0.536255	-0.180097	0.27737	-0.00434088	-0.110027	-0.0662455
0.536252	-0.180209	0.277305	-0.0044683	-0.111892	-0.0643605
0.536239	-0.180647	0.277037	-0.00367599	-0.108918	-0.0661692
0.536237	-0.180758	0.276971	-0.00425586	-0.109351	-0.0690318
0.536234	-0.180868	0.276904	-0.00375128	-0.109808	-0.0686629
0.536233	-0.180978	0.276835	-0.00198175	-0.107927	-0.0694487
0.536232	-0.18109	0.27677	-0.00161657	-0.108837	-0.0679217
0.536228	-0.181207	0.276702	-0.0027818	-0.111165	-0.0682039
0.536229	-0.181316	0.276644	-0.00295209	-0.112803	-0.0662738
0.536229	-0.181431	0.276581	-0.00331349	-0.11382	-0.0679766
0.53623	-0.181535	0.276515	-0.00207633	-0.110616	-0.0674305
0.536228	-0.181647	0.276454	-0.00196716	-0.109722	-0.0664651
0.536226	-0.181757	0.276385	-0.00156296	-0.109589	-0.0671946
0.536226	-0.181864	0.276322	-0.00191484	-0.108364	-0.0674091
0.536223	-0.181982	0.276259	-0.000491172	-0.109969	-0.0643645
0.536222	-0.18209	0.276192	2.60537e-05	-0.109149	-0.0640744
0.53622	-0.182205	0.276134	-0.00093962	-0.111453	-0.0642027
0.53622	-0.182313	0.276067	0.000549914	-0.109911	-0.0628082
0.536221	-0.182424	0.276013	0.00177516	-0.110008	-0.060294
0.536223	-0.182537	0.275957	0.000788609	-0.109064	-0.0616504
0.536226	-0.182643	0.27589	0.00102003	-0.108404	-0.0646663
0.536226	-0.182758	0.275833	-0.000131872	-0.109679	-0.064472
0.536228	-0.18287	0.275772	0.000150069	-0.109035	-0.0652126
0.536225	-0.18299	0.275711	-0.000408417	-0.110683	-0.0636244
0.536226	-0.183098	0.275651	0.000144136	-0.108221	-0.0638417
0.536226	-0.183209	0.275585	0.000844987	-0.106374	-0.0655072
0.53623	-0.183319	0.275529	0.00177387	-0.108146	-0.0617952
0.53623	-0.183433	0.275463	0.000723629	-0.108445	-0.0630789
0.536231	-0.183544	0.275403	0.00100269	-0.110208	-0.0622406
0.536235	-0.183656	0.275345	0.00154426	-0.112266	-0.0606455
0.536237	-0.183768	0.27528	0.00247134	-0.109951	-0.0618008
0.536237	-0.183888	0.275225	0.00259583	-0.112922	-0.057442
0.536243	-0.184001	0.275173	0.00470987	-0.111563	-0.0569296
0.536245	-0.184116	0.275114	0.00399121	-0.111932	-0.0559237
0.536246	-0.184229	0.275053	0.003419	-0.111144	-0.0582963
0.536247	-0.184344	0.274993	0.00401785	-0.110779	-0.057633
0.536251	-0.184453	0.274934	0.00544491	-0.109286	-0.0573678
0.536257	-0.184561	0.274879	0.0054196	-0.109047	-0.0553659
0.536259	-0.184673	0.274814	0.00457024	-0.108824	-0.0579536
0.536265	-0.184784	0.274763	0.00546148	-0.108262	-0.0555807
0.536268	-0.184897	0.274708	0.00535239	-0.107317	-0.0568647
0.53627	-0.185009	0.274646	0.00541775	-0.109023	-0.0561534
0.536276	-0.185116	0.274587	0.00475942	-0.109641	-0.0581783
0.536278	-0.185236	0.274528	0.00397933	-0.113312	-0.0566926
0.536284	-0.185346	0.274472	0.00346451	-0.113408	-0.0563874
0.536286	-0.185456	0.274409	0.00394995	-0.111779	-0.0565671
0.536292	-0.185565	0.27435	0.00490238	-0.111254	-0.0547268
0.536294	-0.18568	0.2743	0.00390886	-0.112412	-0.054954
0.5363	-0.185789	0.274238	0.00558141	-0.112588	-0.0543195
0.536301	-0.185904	0.274178	0.00374083	-0.113327	-0.0561245
0.536306	-0.186012	0.274119	0.0033772	-0.112106	-0.0565597
0.536308	-0.186129	0.274057	0.00398613	-0.112419	-0.056727
0.536314	-0.186236	0.273997	0.0040829	-0.109422	-0.0591148
0.536319	-0.186352	0.27394	0.00472153	-0.111259	-0.0588806
0.536325	-0.186464	0.273887	0.00615636	-0.108221	-0.0561626
0.536329	-0.186576	0.273828	0.00470066	-0.109832	-0.058523
0.53633	-0.186693	0.27377	0.00451347	-0.111395	-0.0579118
0.536332	-0.1868	0.273708	0.00290798	-0.113432	-0.0587176
0.536335	-0.186917	0.273647	0.00353726	-0.112221	-0.0596318
0.536337	-0.18703	0.273586	0.00198774	-0.111848	-0.0617453
0.536339	-0.187148	0.273527	0.000693024	-0.112849	-0.0627306
0.536341	-0.18726	0.273458	0.00127194	-0.110808	-0.0652336
0.536347	-0.187377	0.273403	0.00296069	-0.112128	-0.0612492
0.536355	-0.187483	0.273344	0.00376186	-0.110299	-0.063887
0.536361	-0.187595	0.273284	0.00429305	-0.111513	-0.0623366
0.53637	-0.1877	0.273224	0.00557083	-0.106989	-0.0624004
0.536373	-0.187816	0.27316	0.0042804	-0.109846	-0.063157
0.536378	-0.187925	0.273095	0.0049725	-0.109476	-0.0645626
0.536382	-0.188037	0.273033	0.00420598	-0.110392	-0.0637744
0.536387	-0.188152	0.272973	0.00370072	-0.111711	-0.0630509
0.536391	-0.188265	0.272911	0.00263236	-0.111735	-0.0664381
0.536397	-0.188378	0.272849	0.00359283	-0.111811	-0.0648904
0.5364	-0.188489	0.272786	0.00249217	-0.114751	-0.063222
0.536408	-0.188602	0.272729	0.00330285	-0.115385	-0.0605317
0.536413	-0.188717	0.272666	0.00379071	-0.116904	-0.0593684
0.536419	-0.188837	0.272612	0.0037514	-0.117917	-0.0576007
0.536422	-0.188951	0.272552	0.00196958	-0.117179	-0.061102
0.536428	-0.189062	0.272492	0.00298948	-0.117975	-0.0611814
0.536428	-0.189181	0.272434	0.00186083	-0.117034	-0.061109
0.536432	-0.1893	0.272376	0.00288746	-0.116767	-0.0619336
0.536435	-0.189417	0.272317	0.00260374	-0.116694	-0.0596903
0.536442	-0.189525	0.272256	0.0025712	-0.115411	-0.0620796
0.536444	-0.189646	0.272197	0.00318685	-0.116017	-0.0599626
0.536451	-0.189762	0.272147	0.00420552	-0.117174	-0.0574081
0.536457	-0.18988	0.272086	0.00521793	-0.11812	-0.0577466
0.536464	-0.189999	0.272035	0.00424557	-0.11864	-0.0585667
0.536468	-0.190117	0.271978	0.00493927	-0.115884	-0.0573887
0.536475	-0.190235	0.271919	0.00583805	-0.115625	-0.0586606
0.536479	-0.190354	0.27186	0.00518229	-0.120376	-0.057512
0.536488	-0.190465	0.2718	0.00628639	-0.117861	-0.0591067
0.536496	-0.190585	0.271747	0.00690659	-0.118226	-0.0568006
0.536502	-0.190704	0.271687	0.00583074	-0.118018	-0.059361
0.536512	-0.190818	0.271632	0.00747048	-0.115084	-0.0585816
0.536524	-0.190929	0.271579	0.00933461	-0.114497	-0.0545514
0.536535	-0.191048	0.271529	0.0101542	-0.114297	-0.0534654
0.536542	-0.191172	0.271474	0.00810944	-0.117264	-0.0547497
0.53655	-0.191294	0.271424	0.00694099	-0.118925	-0.0559272
0.536558	-0.191407	0.271361	0.00655857	-0.119839	-0.0582568
0.536567	-0.191522	0.271308	0.0071422	-0.117215	-0.055718
0.53658	-0.19164	0.271257	0.00807947	-0.117556	-0.0553524
0.536585	-0.19176	0.271198	0.00690446	-0.117833	-0.0561192
0.536597	-0.191874	0.271153	0.00904705	-0.116156	-0.0526297
0.536608	-0.191991	0.271096	0.00902477	-0.120293	-0.0518088
0.536618	-0.192113	0.271044	0.00985292	-0.118662	-0.0504382
0.53663	-0.192235	0.270991	0.00930177	-0.119391	-0.0526308
0.536642	-0.192353	0.270937	0.00962734	-0.118741	-0.053644
0.536651	-0.192468	0.270878	0.00831204	-0.122221	-0.0551504
0.536663	-0.192584	0.270825	0.00920994	-0.123038	-0.053788
0.536673	-0.192702	0.270771	0.01043	-0.121914	-0.051331
0.536688	-0.192818	0.270722	0.011206	-0.119265	-0.0522818
0.536697	-0.192939	0.270662	0.0105292	-0.119783	-0.0547244
0.536713	-0.193055	0.270611	0.0113269	-0.118895	-0.0560752
0.536727	-0.193171	0.270555	0.010144	-0.119083	-0.0581531
0.53674	-0.193293	0.270505	0.0107915	-0.121053	-0.0562393
0.536756	-0.193413	0.270459	0.0105475	-0.122585	-0.0538991
0.536768	-0.193528	0.270402	0.0115234	-0.119861	-0.0521999
0.536782	-0.193641	0.270344	0.0109582	-0.120224	-0.0529739
0.536797	-0.193759	0.270293	0.0111793	-0.120839	-0.0522601
0.536809	-0.193883	0.270236	0.0111689	-0.121766	-0.0542545
0.53682	-0.194002	0.270178	0.0101875	-0.120461	-0.0559468
0.536838	-0.194122	0.270123	0.0133001	-0.120403	-0.0544826
0.536851	-0.19424	0.270069	0.0136594	-0.118378	-0.0524668
0.536867	-0.194357	0.270015	0.0148635	-0.118648	-0.0525262
0.536882	-0.194476	0.26996	0.0145018	-0.119123	-0.0548068
0.536901	-0.19459	0.269904	0.0157273	-0.118472	-0.0540453
0.536915	-0.194712	0.269843	0.014621	-0.120863	-0.0574269
0.53693	-0.194828	0.269786	0.016694	-0.119386	-0.0535864
0.536945	-0.194948	0.269727	0.0164843	-0.119626	-0.055216
0.536963	-0.195058	0.269672	0.0155968	-0.116622	-0.0559842
0.536979	-0.19518	0.269622	0.0158617	-0.11875	-0.0543426
0.537	-0.195292	0.269563	0.0176438	-0.1171	-0.0552631
0.537017	-0.195412	0.269513	0.0175204	-0.117933	-0.0521783
0.537037	-0.19553	0.269465	0.0175392	-0.118316	-0.0536291
0.537055	-0.195639	0.269404	0.0170211	-0.117099	-0.0551115
0.537069	-0.195761	0.269352	0.0157913	-0.120236	-0.0524097
0.537086	-0.195871	0.269295	0.0166137	-0.115459	-0.0540666
0.537103	-0.195986	0.269244	0.0168993	-0.115635	-0.0522214
0.537119	-0.196104	0.269195	0.0160782	-0.116099	-0.0524113
0.537137	-0.196221	0.269141	0.0173642	-0.115729	-0.0518535
0.537153	-0.196336	0.269086	0.0178159	-0.114191	-0.0518758
0.537172	-0.196452	0.269034	0.0183486	-0.114856	-0.0503979
0.537195	-0.196562	0.268979	0.0194659	-0.113301	-0.0516969
0.537216	-0.196673	0.268934	0.0193945	-0.111359	-0.0501197
0.53723	-0.196792	0.268872	0.0179602	-0.114718	-0.0535673
0.53725	-0.196907	0.268825	0.0193003	-0.112594	-0.0525834
0.53727	-0.197023	0.268775	0.0199436	-0.114791	-0.0518827
0.537288	-0.197137	0.268717	0.0192139	-0.115016	-0.0545189
0.537304	-0.197258	0.268662	0.0170821	-0.118177	-0.0547488
0.537326	-0.197376	0.268612	0.017257	-0.11807	-0.0546659
0.537346	-0.197493	0.268561	0.0179307	-0.114944	-0.055461
0.537373	-0.197603	0.268519	0.0204004	-0.111801	-0.0534898
0.537392	-0.197722	0.268463	0.0186496	-0.114745	-0.0554145
0.537414	-0.197836	0.268413	0.0187034	-0.114795	-0.055577
0.537433	-0.197953	0.268361	0.0195704	-0.111494	-0.0554176
0.537452	-0.198069	0.268305	0.0208407	-0.11208	-0.0555614
0.537473	-0.198182	0.268254	0.0211673	-0.110573	-0.0545362
0.537492	-0.198302	0.2682	0.0181047	-0.114148	-0.055753
0.53751	-0.198423	0.26815	0.0186895	-0.114527	-0.053883
0.537535	-0.198535	0.268106	0.0207924	-0.113671	-0.0493423
0.537557	-0.198652	0.268053	0.0213026	-0.115168	-0.0494039
0.537582	-0.198763	0.268005	0.0211407	-0.115014	-0.0490852
0.537603	-0.198884	0.267949	0.0201416	-0.117645	-0.0522087
0.537622	-0.199003	0.267897	0.019059	-0.116265	-0.0523845
0.537644	-0.199118	0.267844	0.0191681	-0.11753	-0.0516352
0.537665	-0.199231	0.267792	0.0198748	-0.114355	-0.0529364
0.53769	-0.199345	0.267742	0.0222743	-0.1124	-0.0515372
0.53771	-0.199468	0.267685	0.0210731	-0.116003	-0.0541993
0.537731	-0.19959	0.267634	0.0212998	-0.117148	-0.0539998
0.537756	-0.199701	0.267578	0.0222586	-0.115016	-0.0563464
0.537785	-0.199816	0.267531	0.0235147	-0.115179	-0.0565198
0.537808	-0.199934	0.267478	0.0224446	-0.115883	-0.056077
0.537831	-0.200051	0.267423	0.0231272	-0.11486	-0.0566691
0.537855	-0.20017	0.267371	0.0237544	-0.116762	-0.0556943
0.537876	-0.200287	0.267314	0.0240478	-0.116183	-0.0554311
0.537901	-0.200408	0.26726	0.0240983	-0.117651	-0.0557513
0.537923	-0.200529	0.267202	0.0249437	-0.117109	-0.0553184
0.537949	-0.200647	0.267148	0.0259887	-0.118044	-0.0549735
0.537976	-0.200762	0.267094	0.0285308	-0.118634	-0.0512024
0.538005	-0.200875	0.267041	0.0309857	-0.116171	-0.0492169
0.538035	-0.200995	0.266988	0.0295826	-0.117937	-0.0511102
0.538062	-0.201111	0.266934	0.0280945	-0.116636	-0.0520075
0.538089	-0.201231	0.266878	0.0285379	-0.11561	-0.0546892
0.538117	-0.201346	0.266822	0.0284089	-0.116671	-0.0509781
0.53814	-0.201469	0.266766	0.0272994	-0.118114	-0.0511502
0.53817	-0.201581	0.266707	0.0268516	-0.117258	-0.0565587
0.538201	-0.201696	0.266661	0.0279888	-0.116851	-0.0518125
0.538226	-0.201817	0.266603	0.0274859	-0.117838	-0.0536155
0.538261	-0.20193	0.266551	0.0299021	-0.114848	-0.0540275
0.538291	-0.202047	0.2665	0.0297033	-0.115035	-0.0518143
0.538319	-0.202166	0.266447	0.0294498	-0.117826	-0.0510346
0.538352	-0.20228	0.266399	0.0301899	-0.115853	-0.0499259
0.538378	-0.202403	0.266349	0.0288268	-0.116713	-0.0524576
0.538406	-0.20252	0.266296	0.0288859	-0.117938	-0.0524623
0.538435	-0.202644	0.266244	0.0280786	-0.120153	-0.0520887
0.538463	-0.202758	0.266193	0.0296012	-0.117809	-0.0479741
0.538492	-0.20288	0.266138	0.0293784	-0.118252	-0.0498365
0.538525	-0.203	0.266093	0.0314846	-0.118012	-0.0483007
0.538554	-0.203118	0.266041	0.0289663	-0.118443	-0.0519559
0.538581	-0.203239	0.265992	0.0285315	-0.117013	-0.0511496
0.538609	-0.203361	0.265935	0.029902	-0.116747	-0.051893
0.538638	-0.203483	0.265886	0.0307674	-0.116469	-0.0528505
0.538666	-0.203605	0.265835	0.0298681	-0.118306	-0.0522285
0.538695	-0.20373	0.265784	0.0298531	-0.119873	-0.0518691
0.538723	-0.203847	0.265734	0.0302535	-0.118327	-0.0484339
0.538754	-0.203964	0.265681	0.0293234	-0.118926	-0.052049
0.538789	-0.204082	0.265642	0.030801	-0.117713	-0.0485743
0.53882	-0.204205	0.265595	0.0306667	-0.119851	-0.0477255
0.538848	-0.204325	0.265543	0.0296629	-0.119281	-0.051726
0.538876	-0.204441	0.265494	0.0303644	-0.118568	-0.0493753
0.538931	-0.204686	0.265398	0.0283416	-0.122389	-0.0484425
0.538962	-0.204803	0.265356	0.0286472	-0.120733	-0.0470176
0.53899	-0.204928	0.265309	0.0287254	-0.121371	-0.0498385
0.539019	-0.205051	0.265265	0.0288992	-0.121536	-0.0478735
0.539047	-0.205178	0.265216	0.0295646	-0.12284	-0.0480946
0.539079	-0.205294	0.265168	0.0286074	-0.120789	-0.050236
0.539105	-0.205418	0.265119	0.029189	-0.120783	-0.0480176
0.539131	-0.205546	0.265072	0.0268418	-0.125441	-0.0479239
0.53916	-0.205669	0.265024	0.0286523	-0.123542	-0.0483492
0.539186	-0.2058	0.264973	0.0271541	-0.126815	-0.0515136
0.539211	-0.205926	0.26492	0.0259036	-0.126334	-0.0534335
0.539236	-0.206053	0.264865	0.0257912	-0.128072	-0.0531416
0.53927	-0.206178	0.264823	0.0272677	-0.127056	-0.0508238
0.539301	-0.206303	0.264774	0.0258667	-0.129449	-0.0511363
0.539329	-0.206431	0.264726	0.0265482	-0.128853	-0.0502216
0.539361	-0.206555	0.264676	0.0283507	-0.127094	-0.0501793
0.539387	-0.206679	0.264625	0.0291976	-0.127725	-0.0478823
0.539416	-0.20681	0.264573	0.0294031	-0.130317	-0.0495776
0.539448	-0.206932	0.264519	0.03059	-0.125269	-0.05089
0.539475	-0.207061	0.264468	0.0309506	-0.124752	-0.0484741
0.539512	-0.207179	0.264422	0.0319389	-0.124771	-0.0492822
0.539543	-0.207305	0.264374	0.0313898	-0.126663	-0.047209
0.539576	-0.207433	0.264322	0.0311352	-0.126526	-0.0488728
0.53961	-0.207562	0.264272	0.0331559	-0.125909	-0.0495756
0.539641	-0.207678	0.264219	0.0334703	-0.121934	-0.0491089
0.539676	-0.207805	0.264165	0.033793	-0.124843	-0.0493195
0.539709	-0.207937	0.264119	0.032406	-0.128623	-0.0487022
0.539738	-0.208065	0.264067	0.0320196	-0.127659	-0.0501072
0.539779	-0.20819	0.264025	0.0345062	-0.125593	-0.0475003
0.539814	-0.208311	0.263976	0.0341636	-0.125822	-0.0480193
0.539852	-0.208435	0.263926	0.0347317	-0.125289	-0.0505967
0.539888	-0.208566	0.263884	0.0343072	-0.128882	-0.0490809
0.539923	-0.208694	0.263837	0.0347098	-0.130236	-0.0473948
0.539959	-0.20882	0.263791	0.0347222	-0.129448	-0.0478342
0.539995	-0.208944	0.263742	0.0368567	-0.126328	-0.047384
0.540033	-0.209075	0.263703	0.0382137	-0.127272	-0.0430049
0.540074	-0.209201	0.263661	0.0396191	-0.127693	-0.0421593
0.540113	-0.209332	0.263618	0.0399454	-0.129153	-0.0415803
0.540155	-0.209453	0.263571	0.0412328	-0.126404	-0.0409605
0.540192	-0.209581	0.263529	0.0387463	-0.124513	-0.0450615
0.54023	-0.209712	0.263487	0.0384398	-0.126037	-0.0432352
0.540271	-0.209838	0.263446	0.0399477	-0.12674	-0.0421446
0.540311	-0.209963	0.263403	0.039366	-0.125343	-0.0428402
0.540352	-0.210092	0.263355	0.0408234	-0.127358	-0.0420582
0.540392	-0.210225	0.263322	0.0401076	-0.129714	-0.0387365
0.540433	-0.210351	0.263283	0.0401	-0.12759	-0.0385582
0.540478	-0.210477	0.263248	0.041445	-0.127043	-0.0390604
0.540518	-0.210602	0.263201	0.0422291	-0.126127	-0.0418115
0.540557	-0.210729	0.263155	0.0407648	-0.126442	-0.0411182
0.540598	-0.210858	0.263115	0.0397936	-0.128694	-0.0425652
0.54064	-0.210984	0.263078	0.0402465	-0.127177	-0.0411341
0.540678	-0.211113	0.263034	0.0386113	-0.127706	-0.0427368
0.540722	-0.211242	0.263	0.040235	-0.129023	-0.0396173
0.540763	-0.211376	0.26296	0.0421673	-0.129973	-0.0376185
0.540801	-0.211505	0.262922	0.0393982	-0.129016	-0.03953
0.540843	-0.211628	0.262881	0.0403391	-0.126424	-0.0390477
0.540882	-0.211752	0.262829	0.0393131	-0.128428	-0.0405717
0.540921	-0.211879	0.262791	0.03851	-0.1293	-0.0397517
0.540958	-0.212008	0.262746	0.0389948	-0.128845	-0.0401673
0.540997	-0.212133	0.262707	0.0383539	-0.127442	-0.0411383
0.541038	-0.212255	0.262666	0.0397738	-0.122869	-0.0424396
0.541078	-0.212383	0.262617	0.040443	-0.124811	-0.0420376
0.541116	-0.212514	0.262573	0.0372271	-0.12667	-0.0443601
0.541155	-0.212632	0.262529	0.0385705	-0.122241	-0.0435104
0.541192	-0.212756	0.262484	0.0370788	-0.121788	-0.0454315
0.541228	-0.212878	0.262438	0.0370485	-0.12329	-0.0434973
0.541267	-0.213	0.26239	0.0377377	-0.123839	-0.0447893
0.541302	-0.21312	0.262338	0.036741	-0.121955	-0.0481236
0.541338	-0.213246	0.262293	0.0368784	-0.122718	-0.046735
0.541374	-0.21337	0.262238	0.0361977	-0.125951	-0.0485193
0.541415	-0.213489	0.262195	0.0377618	-0.124005	-0.0464913
0.541451	-0.213615	0.262143	0.036649	-0.12335	-0.0502553
0.541486	-0.21374	0.262091	0.0354658	-0.123431	-0.0535865
0.541523	-0.213862	0.262038	0.0352945	-0.122872	-0.0540793
0.541561	-0.213979	0.261979	0.0367941	-0.120357	-0.0551832
0.541597	-0.214105	0.261924	0.0349164	-0.121833	-0.0566766
0.541631	-0.214228	0.261869	0.033901	-0.122035	-0.057268
0.541668	-0.214349	0.261809	0.0356401	-0.121798	-0.0585765
0.541705	-0.214478	0.261758	0.0341441	-0.123632	-0.0566369
0.541745	-0.214599	0.261702	0.0360005	-0.12205	-0.0543971
0.541778	-0.214725	0.261648	0.0341886	-0.122738	-0.0570418
0.541813	-0.214847	0.261589	0.0351627	-0.121117	-0.0566684
0.541851	-0.214971	0.261537	0.036374	-0.120379	-0.0545363
0.541886	-0.215094	0.261478	0.0385331	-0.118475	-0.0538777
0.541921	-0.215216	0.26142	0.0362197	-0.117902	-0.0564692
0.542031	-0.215587	0.261257	0.0369557	-0.121058	-0.054033
0.542064	-0.215715	0.261206	0.035363	-0.123162	-0.0532812
0.542104	-0.215833	0.261153	0.0370359	-0.120825	-0.0530231
0.542136	-0.215962	0.261103	0.0359028	-0.123282	-0.0533378
0.542173	-0.216079	0.261042	0.0345413	-0.122964	-0.0555284
0.542211	-0.216202	0.260987	0.0356201	-0.124664	-0.0568109
0.542249	-0.21633	0.260942	0.0350787	-0.124505	-0.0550417
0.542284	-0.216455	0.260879	0.036364	-0.125469	-0.0538835
0.542324	-0.216574	0.260833	0.0384544	-0.120736	-0.0523303
0.542358	-0.216702	0.260785	0.0377366	-0.123264	-0.0500808
0.542395	-0.216829	0.260729	0.0379821	-0.123461	-0.0519998
0.542431	-0.216959	0.260682	0.0385292	-0.12491	-0.0514647
0.542469	-0.217078	0.260626	0.0384636	-0.121653	-0.0491644
0.542507	-0.217198	0.260572	0.0389215	-0.122087	-0.0492149
0.542539	-0.217329	0.260526	0.0357577	-0.124081	-0.0504116
0.542574	-0.217452	0.260469	0.0348449	-0.122955	-0.051647
0.542612	-0.217581	0.260426	0.0361031	-0.126776	-0.0481889
0.542648	-0.217705	0.260371	0.0363919	-0.123493	-0.0506364
0.542683	-0.217833	0.260316	0.0342285	-0.127305	-0.0512398
0.542717	-0.217959	0.260264	0.0322034	-0.127309	-0.0548834
0.542749	-0.218083	0.260203	0.0326805	-0.124705	-0.0561263
0.542786	-0.218206	0.260155	0.0342812	-0.121654	-0.0538696
0.542817	-0.218334	0.260098	0.032986	-0.125939	-0.0535194
0.54285	-0.218458	0.26004	0.0339667	-0.124629	-0.0526536
0.542882	-0.218581	0.259983	0.032928	-0.12508	-0.0533378
0.542913	-0.218714	0.259924	0.0325645	-0.128257	-0.0533391
0.54295	-0.218834	0.259876	0.0336684	-0.126405	-0.0552368
0.542984	-0.218965	0.259823	0.0348561	-0.12806	-0.054013
0.543016	-0.219092	0.259763	0.0319391	-0.127432	-0.0598727
0.543049	-0.219211	0.259706	0.0316176	-0.12344	-0.0611018
0.54308	-0.219339	0.259644	0.0319306	-0.123039	-0.0621679
0.54311	-0.219464	0.259577	0.0286826	-0.128019	-0.0635657
0.543143	-0.219589	0.25952	0.0294962	-0.125612	-0.0628084
0.54317	-0.219718	0.259456	0.028817	-0.125692	-0.0635577
0.543206	-0.219839	0.259399	0.0292077	-0.12531	-0.0633437
0.543232	-0.219969	0.259327	0.0273798	-0.126995	-0.0654005
0.543266	-0.220096	0.259267	0.0292788	-0.12864	-0.0627134
0.5433	-0.220215	0.259204	0.0293759	-0.126601	-0.0623449
0.543327	-0.220343	0.259138	0.0278601	-0.126591	-0.0647457
0.543355	-0.22047	0.259078	0.0268259	-0.128518	-0.0641519
0.543382	-0.220598	0.259007	0.0283819	-0.129712	-0.0641053
0.54341	-0.22072	0.258939	0.0279904	-0.127483	-0.0656638
0.543437	-0.22085	0.258877	0.0274983	-0.128248	-0.0634918
0.543465	-0.220974	0.258808	0.0265517	-0.127952	-0.0645026
0.543495	-0.221101	0.258747	0.0275098	-0.125738	-0.0647764
0.543524	-0.221232	0.258691	0.0259739	-0.129047	-0.0624524
0.543553	-0.221352	0.25863	0.0276477	-0.126833	-0.061713
0.54358	-0.221475	0.258566	0.0270051	-0.124933	-0.0632349
0.543602	-0.221597	0.258492	0.0259369	-0.125311	-0.0651269
0.543631	-0.221722	0.258433	0.025875	-0.127002	-0.0618489
0.54366	-0.221841	0.258368	0.0262065	-0.123385	-0.0644713
0.543683	-0.221966	0.258302	0.0252434	-0.123176	-0.0655229
0.54371	-0.222089	0.258242	0.024384	-0.126673	-0.0630001
0.543736	-0.222219	0.258176	0.0250405	-0.127855	-0.0622293
0.543761	-0.222345	0.258112	0.0235327	-0.128035	-0.0634015
0.543786	-0.222469	0.258056	0.0232753	-0.127913	-0.0603547
0.54381	-0.222591	0.257989	0.0233878	-0.124608	-0.0627024
0.543836	-0.222713	0.257934	0.0232959	-0.123697	-0.0641829
0.543854	-0.222839	0.257862	0.0221812	-0.12602	-0.0650705
0.543875	-0.22297	0.257798	0.0212216	-0.128688	-0.0644094
0.543898	-0.223097	0.257738	0.0217338	-0.127402	-0.0633734
0.543917	-0.223225	0.257671	0.0209147	-0.126764	-0.0632453
0.543941	-0.223348	0.257606	0.0224551	-0.123006	-0.0655424
0.543966	-0.223478	0.257554	0.023375	-0.125953	-0.0593492
0.543981	-0.223608	0.257483	0.0198965	-0.127486	-0.0618811
0.544002	-0.223735	0.25742	0.018772	-0.128825	-0.0641973
0.544019	-0.223861	0.257352	0.0168487	-0.126932	-0.0665488
0.544039	-0.223987	0.257289	0.0171873	-0.126766	-0.0654022
0.544056	-0.224116	0.257221	0.0160744	-0.124843	-0.0692656
0.544076	-0.224249	0.257161	0.0177568	-0.128768	-0.0644833
0.544097	-0.224373	0.257094	0.0173951	-0.128915	-0.0630678
0.544114	-0.224504	0.257023	0.0163311	-0.129112	-0.0671016
0.544135	-0.224631	0.25696	0.0174411	-0.128693	-0.0652266
0.544157	-0.224754	0.256896	0.0182203	-0.126876	-0.0649166
0.544178	-0.22488	0.256828	0.0188192	-0.126008	-0.0670841
0.544197	-0.225007	0.256766	0.0185346	-0.126358	-0.0631242
0.544213	-0.225135	0.256691	0.018483	-0.128134	-0.0633205
0.544236	-0.225261	0.256627	0.0194047	-0.128323	-0.0630859
0.544255	-0.225387	0.256558	0.0180092	-0.128437	-0.0658371
0.544277	-0.225515	0.256489	0.0194943	-0.128035	-0.0654787
0.544299	-0.225637	0.256419	0.0190569	-0.129247	-0.0680335
0.544326	-0.225763	0.256354	0.0214171	-0.129378	-0.0663879
0.544347	-0.225888	0.25628	0.0209794	-0.127135	-0.0677036
0.54437	-0.226014	0.256213	0.0228518	-0.125131	-0.0687081
0.54439	-0.226136	0.256135	0.0217958	-0.123385	-0.0716174
0.544413	-0.226266	0.256067	0.0229404	-0.126039	-0.0678279
0.544431	-0.226395	0.255993	0.0204878	-0.127824	-0.0696189
0.544453	-0.226522	0.255924	0.0217473	-0.126497	-0.068423
0.544476	-0.226646	0.255859	0.0217647	-0.126867	-0.0685225
0.5445	-0.226772	0.255787	0.0237828	-0.130578	-0.0643337
0.544526	-0.22689	0.255719	0.0253609	-0.127972	-0.0637997
0.544548	-0.227018	0.255653	0.0245803	-0.128613	-0.0628879
0.544568	-0.227144	0.255578	0.024062	-0.12793	-0.0660616
0.544591	-0.227266	0.255511	0.0236679	-0.128289	-0.0673115
0.544615	-0.227384	0.25544	0.0237228	-0.125274	-0.0691448
0.544633	-0.22752	0.255376	0.0217676	-0.128761	-0.0669113
0.544654	-0.227641	0.2553	0.0216361	-0.125592	-0.0707531
0.544675	-0.227766	0.255232	0.0223108	-0.125978	-0.069774
0.544703	-0.227886	0.255171	0.0246974	-0.124086	-0.0665864
0.544769	-0.228253	0.254958	0.0205223	-0.125387	-0.069445
0.54479	-0.228379	0.254889	0.0215391	-0.126439	-0.065991
0.544812	-0.228501	0.254821	0.022419	-0.124014	-0.0648204
0.544833	-0.228629	0.254757	0.0218212	-0.124365	-0.0646587
0.544852	-0.228752	0.254688	0.0216607	-0.123478	-0.0654734
0.544873	-0.228876	0.254625	0.0193097	-0.123907	-0.0677045
0.544894	-0.229001	0.254554	0.020773	-0.125276	-0.0661208
0.544912	-0.229125	0.254485	0.0194609	-0.123913	-0.0670945
0.544932	-0.229249	0.254425	0.0198509	-0.121708	-0.0678324
0.544949	-0.22937	0.25436	0.0187418	-0.121346	-0.065546
0.544967	-0.22949	0.254292	0.0166803	-0.124086	-0.0660148
0.544982	-0.229615	0.254222	0.0155496	-0.123973	-0.0680408
0.544998	-0.229736	0.254159	0.0177373	-0.120851	-0.0627116
0.545015	-0.229859	0.254091	0.0165022	-0.121492	-0.0655045
0.545029	-0.229978	0.25402	0.0147071	-0.121845	-0.0672988
0.545047	-0.230095	0.253952	0.0153738	-0.12058	-0.0659211
0.545062	-0.230216	0.253886	0.012811	-0.122906	-0.0691648
0.545076	-0.230339	0.253819	0.0126459	-0.120526	-0.0691555
0.545087	-0.230457	0.253743	0.0130629	-0.117771	-0.0704589
0.545098	-0.230578	0.253668	0.0133086	-0.118358	-0.071171
0.545113	-0.230702	0.253606	0.0138933	-0.119533	-0.0669063
0.545122	-0.230815	0.253524	0.0127353	-0.11626	-0.0727144
0.545135	-0.230939	0.253462	0.0133312	-0.117392	-0.0677919
0.54515	-0.23106	0.253392	0.0144335	-0.118611	-0.0648329
0.545165	-0.231177	0.253316	0.0122562	-0.120223	-0.0703993
0.545176	-0.231302	0.253247	0.0110055	-0.123278	-0.0690475
0.545189	-0.231421	0.253174	0.0121742	-0.120745	-0.0683705
0.545198	-0.231536	0.253095	0.0106059	-0.11888	-0.0715354
0.54521	-0.231659	0.253019	0.0116527	-0.121247	-0.0707162
0.545222	-0.231783	0.252945	0.0119007	-0.12089	-0.0732081
0.545234	-0.231904	0.252872	0.0132322	-0.117585	-0.0728047
0.545249	-0.232021	0.252796	0.0134899	-0.11648	-0.0744919
0.545259	-0.23214	0.252715	0.0132	-0.116699	-0.075718
0.545273	-0.232259	0.252643	0.0135953	-0.118445	-0.0738028
0.545283	-0.232378	0.252563	0.0112298	-0.120659	-0.0777758
0.545291	-0.2325	0.252484	0.0103209	-0.118778	-0.0780418
0.545304	-0.232619	0.252413	0.0110776	-0.118987	-0.0726359
0.545316	-0.232732	0.252329	0.0120278	-0.116858	-0.0734724
0.545325	-0.232855	0.252261	0.0122022	-0.117852	-0.0709684
0.545334	-0.232974	0.252184	0.0103349	-0.118482	-0.0743914
0.545346	-0.233091	0.252113	0.0113166	-0.115893	-0.0737252
0.545361	-0.233207	0.252042	0.0106072	-0.118112	-0.075683
0.54537	-0.233329	0.25197	0.00782763	-0.119168	-0.0762407
0.545378	-0.233446	0.251896	0.00960622	-0.118352	-0.0714463
0.54539	-0.23356	0.251822	0.0102568	-0.115188	-0.0750527
0.545399	-0.233673	0.251747	0.00989844	-0.114792	-0.0726979
0.545409	-0.233794	0.251678	0.0103551	-0.11703	-0.0705788
0.54542	-0.233912	0.251606	0.0103472	-0.116195	-0.0711027
0.545428	-0.234036	0.251536	0.0108411	-0.115358	-0.0695581
0.545441	-0.234149	0.251464	0.0114361	-0.114359	-0.0712856
0.545451	-0.234265	0.251395	0.0113846	-0.115209	-0.0697048
0.545462	-0.234382	0.251328	0.0119953	-0.115508	-0.068088
0.54547	-0.234502	0.251256	0.00980383	-0.117164	-0.0711518
0.545478	-0.234616	0.251185	0.00855949	-0.116865	-0.0720312
0.545486	-0.234736	0.251113	0.00850655	-0.115299	-0.0746389
0.545494	-0.23485	0.251037	0.0103454	-0.115224	-0.0722496
0.545498	-0.234975	0.250971	0.00883939	-0.118252	-0.0687734
0.545504	-0.235103	0.250901	0.00866138	-0.120441	-0.0700128
0.545511	-0.235219	0.250832	0.00767046	-0.120068	-0.0703573
0.545521	-0.235334	0.250761	0.00720779	-0.117114	-0.0725467
0.545524	-0.235454	0.250686	0.00602745	-0.118197	-0.0736295
0.545529	-0.235571	0.250613	0.00523205	-0.118444	-0.0733402
0.545533	-0.235687	0.250538	0.00441976	-0.116834	-0.0741481
0.545539	-0.23581	0.250471	0.00454502	-0.116275	-0.0715809
0.545544	-0.235922	0.250399	0.00426573	-0.114847	-0.070247
0.545546	-0.236047	0.250329	0.00329902	-0.118339	-0.0712889
0.545551	-0.236167	0.250257	0.00310633	-0.119906	-0.0737283
0.545555	-0.236279	0.250177	0.00175093	-0.118326	-0.0793924
0.545554	-0.236404	0.250104	0.00196944	-0.121207	-0.0747318
0.545558	-0.236516	0.250032	0.00103549	-0.12118	-0.073475
0.545558	-0.236637	0.24996	-0.000198132	-0.122676	-0.0746718
0.545559	-0.236757	0.249888	0.000419061	-0.120212	-0.0730571
0.545561	-0.236865	0.249808	0.000899417	-0.118614	-0.0737487
0.545563	-0.23699	0.249739	0.000676866	-0.119584	-0.0739233
0.545559	-0.237114	0.249657	0.000732549	-0.121548	-0.0733174
0.545563	-0.23723	0.24958	0.00120602	-0.117499	-0.0762148
0.545558	-0.237347	0.249501	-0.00138265	-0.116353	-0.0797397
0.545555	-0.237469	0.249417	-0.00157256	-0.11757	-0.0798743
0.545557	-0.237581	0.249341	-0.000626064	-0.118737	-0.0771812
0.545552	-0.237703	0.249258	-0.00238575	-0.120924	-0.0785133
0.54555	-0.237822	0.249177	-0.00405784	-0.119846	-0.0818129
0.545548	-0.237936	0.249096	-0.00209643	-0.117765	-0.0788128
0.545544	-0.238057	0.249014	-0.00300887	-0.117403	-0.0811491
0.545543	-0.238179	0.248943	-0.00201901	-0.119768	-0.0780288
0.545541	-0.238299	0.24887	-0.000471449	-0.118767	-0.073502
0.54554	-0.238415	0.248787	-0.00118345	-0.118074	-0.0775153
0.545539	-0.238527	0.248706	1.16153e-05	-0.114324	-0.0766546
0.545535	-0.238647	0.248629	-0.000466458	-0.116634	-0.0759269
0.545537	-0.23876	0.248555	-0.000218196	-0.114313	-0.0778322
0.545533	-0.238876	0.248476	-0.000444654	-0.115244	-0.0758018
0.545532	-0.23899	0.248399	-0.00166299	-0.118512	-0.0758514
0.54553	-0.239108	0.248322	-0.00334573	-0.118385	-0.0799572
0.545526	-0.239229	0.248246	-0.00464688	-0.119497	-0.079672
0.545523	-0.239348	0.24817	-0.00388748	-0.118536	-0.0786627
0.545518	-0.239469	0.2481	-0.00479888	-0.120906	-0.0751891
0.545517	-0.239578	0.248019	-0.00368371	-0.117319	-0.0781091
0.545515	-0.239696	0.247946	-0.00290937	-0.119087	-0.0739141
0.545506	-0.239818	0.247865	-0.0047129	-0.118692	-0.0762128
0.545502	-0.239941	0.24779	-0.00489797	-0.119735	-0.0763198
0.545497	-0.240061	0.247716	-0.00293169	-0.11966	-0.0733683
0.545494	-0.240184	0.247636	-0.00226955	-0.12187	-0.0714756
0.545487	-0.240312	0.247567	-0.00496039	-0.123002	-0.0734132
0.545479	-0.240433	0.247493	-0.00558826	-0.122332	-0.0720419
0.545474	-0.240554	0.247419	-0.00550423	-0.121833	-0.0741191
0.545467	-0.240679	0.247348	-0.00599436	-0.123553	-0.0701368
0.545458	-0.240807	0.247276	-0.00781702	-0.125725	-0.0693606
0.545451	-0.240925	0.247203	-0.00717727	-0.11982	-0.0716728
0.545445	-0.241051	0.247139	-0.00548282	-0.121689	-0.0682468
0.545438	-0.241173	0.247067	-0.0071394	-0.120473	-0.0713266
0.545432	-0.241298	0.247002	-0.007478	-0.120847	-0.0701231
0.545419	-0.241428	0.246929	-0.00898696	-0.122564	-0.071506
0.545416	-0.241544	0.24686	-0.00734476	-0.118042	-0.07176
0.545406	-0.241666	0.246785	-0.00710355	-0.117649	-0.0705031
0.545397	-0.241792	0.246708	-0.00835734	-0.120167	-0.0729164
0.545392	-0.24191	0.246645	-0.00765892	-0.118639	-0.0698223
0.545383	-0.242034	0.246573	-0.00817604	-0.119872	-0.0697318
0.54538	-0.242153	0.246509	-0.00666439	-0.121993	-0.0672964
0.545371	-0.242277	0.246431	-0.00581235	-0.123542	-0.0683719
0.545363	-0.242405	0.24636	-0.0067603	-0.125528	-0.0681146
0.545355	-0.24253	0.246292	-0.00673211	-0.125354	-0.067801
0.545349	-0.242651	0.246218	-0.00580738	-0.124241	-0.0683898
0.545324	-0.243028	0.24601	-0.00826702	-0.12349	-0.071454
0.545319	-0.24315	0.245939	-0.0081767	-0.124001	-0.0721629
0.545312	-0.243272	0.245864	-0.00697407	-0.122709	-0.0718552
0.545306	-0.243402	0.245791	-0.00644919	-0.125577	-0.0713893
0.545302	-0.243531	0.24573	-0.00636411	-0.125499	-0.0690042
0.545295	-0.243655	0.245652	-0.00643652	-0.123889	-0.0718493
0.545292	-0.243773	0.245582	-0.00425015	-0.120761	-0.071232
0.545288	-0.243897	0.245511	-0.00305539	-0.121595	-0.0686266
0.54528	-0.244023	0.245434	-0.00460558	-0.121671	-0.0701574
0.545276	-0.244149	0.245364	-0.00364283	-0.123336	-0.0671262
0.545272	-0.244269	0.245284	-0.00211418	-0.120913	-0.0648617
0.545273	-0.244385	0.245216	-0.0014903	-0.116738	-0.0671302
0.545268	-0.244517	0.245148	-0.00222232	-0.120037	-0.0674732
0.545261	-0.244642	0.24507	-0.00316525	-0.121379	-0.0695533
0.545265	-0.244756	0.245009	-0.000522886	-0.117814	-0.0665444
0.545255	-0.244879	0.244923	-0.00245867	-0.118081	-0.0707569
0.545254	-0.245001	0.244857	-0.00248282	-0.12204	-0.0660643
0.545248	-0.245125	0.244787	-0.00429957	-0.122758	-0.0667094
0.545247	-0.245243	0.244719	-0.00324532	-0.122503	-0.0666246
0.545248	-0.245365	0.244657	-0.00224803	-0.122674	-0.0646096
0.545246	-0.245489	0.244592	-0.002636	-0.124206	-0.0646285
0.545241	-0.24561	0.24452	-0.00382991	-0.122329	-0.068275
0.545238	-0.245732	0.244455	-0.00378897	-0.124639	-0.0664281
0.545233	-0.245855	0.244382	-0.00350353	-0.122643	-0.068345
0.545231	-0.245975	0.244327	-0.00335795	-0.122237	-0.0620483
0.545228	-0.246094	0.244261	-0.00276435	-0.122267	-0.0609886
0.545226	-0.246214	0.244198	-0.00194752	-0.121795	-0.061195
0.54522	-0.246339	0.244136	-0.00335087	-0.121353	-0.0633736
0.545219	-0.246455	0.244068	-0.00242015	-0.120415	-0.0644109
0.545214	-0.246581	0.244009	-0.00632952	-0.124618	-0.0653225
0.54521	-0.246697	0.243944	-0.00475178	-0.121911	-0.0629608
0.545206	-0.246816	0.243883	-0.00337114	-0.119695	-0.0613771
0.545203	-0.246933	0.243826	-0.00550217	-0.120626	-0.0624764
0.545195	-0.247055	0.243761	-0.00564472	-0.121354	-0.0636658
0.545187	-0.247172	0.243693	-0.00674673	-0.120038	-0.0657497
0.545179	-0.247297	0.243636	-0.00729289	-0.122796	-0.063546
0.545173	-0.247417	0.243572	-0.00596799	-0.120811	-0.0641121
0.545167	-0.247538	0.243515	-0.00686532	-0.122118	-0.061565
0.545158	-0.247656	0.24345	-0.00736633	-0.120126	-0.0627789
0.545151	-0.247779	0.243394	-0.00670708	-0.119681	-0.0611375
0.545147	-0.247893	0.243335	-0.0065473	-0.118353	-0.0603691
0.545136	-0.248015	0.243266	-0.0105766	-0.122858	-0.0638366
0.545129	-0.248135	0.243208	-0.0102723	-0.122678	-0.0627001
0.545119	-0.248252	0.243132	-0.00877161	-0.120649	-0.0649822
0.54511	-0.248381	0.24307	-0.00841167	-0.124611	-0.0611733
0.545103	-0.248498	0.243007	-0.00853777	-0.121696	-0.0612206
0.545098	-0.248617	0.242944	-0.00716546	-0.120483	-0.0616971
0.545091	-0.248741	0.242886	-0.00764104	-0.12157	-0.0598597
0.545081	-0.248865	0.242821	-0.00744472	-0.120895	-0.0615856
0.545076	-0.248982	0.242756	-0.00482667	-0.117492	-0.0598434
0.545072	-0.249092	0.242689	-0.00395358	-0.114359	-0.0623687
0.54506	-0.24922	0.242618	-0.00639409	-0.121686	-0.0626732
0.545051	-0.249339	0.242553	-0.00685835	-0.121805	-0.0604965
0.545049	-0.249455	0.242492	-0.00602773	-0.120427	-0.0608431
0.545042	-0.249576	0.242423	-0.00558162	-0.118939	-0.0635696
0.545036	-0.249698	0.242366	-0.00501173	-0.118698	-0.062042
0.545028	-0.249815	0.242299	-0.0057662	-0.116648	-0.0647368
0.545024	-0.249935	0.242231	-0.00488016	-0.117158	-0.0652973
0.545022	-0.250048	0.242168	-0.00406333	-0.116214	-0.0630919
0.545014	-0.250165	0.242096	-0.00522426	-0.116409	-0.0656957
0.545013	-0.250284	0.24204	-0.00624665	-0.118022	-0.0670965
0.545006	-0.250405	0.24197	-0.00664327	-0.118531	-0.0686995
0.545005	-0.25052	0.241905	-0.00412326	-0.114809	-0.0688235
0.545002	-0.250642	0.241846	-0.00464908	-0.1174	-0.0665595
0.545001	-0.250761	0.241779	-0.00321652	-0.119339	-0.0648458
0.544997	-0.250881	0.241714	-0.00393762	-0.119766	-0.0648559
0.545	-0.250999	0.241656	-0.00241119	-0.119634	-0.0624531
0.544997	-0.251116	0.241592	0.000181065	-0.112832	-0.0624094
0.544997	-0.251237	0.241534	-0.000477123	-0.114654	-0.0626996
0.544994	-0.251359	0.241468	-0.000973368	-0.117424	-0.0630719
0.544993	-0.251479	0.241407	0.000389493	-0.118212	-0.0614657
0.544999	-0.251594	0.241352	0.00216824	-0.116187	-0.0600468
0.544997	-0.251715	0.241288	0.000688822	-0.116981	-0.0604354
0.544998	-0.251836	0.241235	0.000157913	-0.118249	-0.0576875
0.544996	-0.251963	0.241178	0.00144306	-0.120321	-0.0564401
0.544996	-0.252081	0.241121	0.00144719	-0.118954	-0.0541521
0.544999	-0.252201	0.241071	0.00119843	-0.119688	-0.0537774
0.544997	-0.252317	0.241006	-0.000479958	-0.11806	-0.0576847
0.545	-0.252436	0.240952	0.00131529	-0.117921	-0.0560491
0.545004	-0.252561	0.240902	0.00124198	-0.122188	-0.0533908
0.54501	-0.252674	0.240852	0.00208247	-0.119273	-0.0510711
0.545011	-0.252796	0.240799	0.00242961	-0.119405	-0.051783
0.545015	-0.252912	0.240747	0.00414155	-0.118276	-0.0487383
0.54502	-0.25328	0.24059	0.002736	-0.120519	-0.0516906
0.545028	-0.253398	0.240546	0.00341315	-0.119409	-0.0503854
0.545031	-0.253522	0.240494	0.00250565	-0.123155	-0.050403
0.545036	-0.253644	0.240448	0.00172163	-0.120251	-0.0521647
0.545041	-0.253766	0.240405	0.0018158	-0.120165	-0.0492978
0.545045	-0.253876	0.240353	0.00448875	-0.116359	-0.0485814
0.545048	-0.254	0.240312	0.00377071	-0.119172	-0.0455151
0.545047	-0.254129	0.240265	0.00341978	-0.120323	-0.0454239
0.54505	-0.254254	0.240215	0.00337184	-0.121988	-0.0451464
0.545055	-0.254375	0.240172	0.003089	-0.122524	-0.0439045
0.545059	-0.254497	0.240131	0.00401078	-0.121591	-0.041545
0.54506	-0.254616	0.240086	0.00171179	-0.123624	-0.040802
0.545063	-0.254741	0.240043	0.00170156	-0.125079	-0.0422832
0.545066	-0.254859	0.239998	0.00397269	-0.121763	-0.0397576
0.545066	-0.254985	0.239956	0.00256544	-0.12241	-0.0388809
0.545066	-0.255108	0.239908	0.00311092	-0.123405	-0.0395189
0.545067	-0.255233	0.239864	0.00466108	-0.122418	-0.0369656
0.545074	-0.255353	0.239821	0.0048208	-0.121637	-0.0387602
0.545083	-0.255473	0.239785	0.0062218	-0.120364	-0.036131
0.545085	-0.255591	0.23974	0.00445898	-0.120421	-0.0378607
0.545086	-0.255716	0.239691	0.00400627	-0.121871	-0.0402142
0.545096	-0.25583	0.239653	0.00618884	-0.11788	-0.0392913
0.545097	-0.255951	0.239603	0.00351532	-0.11979	-0.0433445
0.545103	-0.256069	0.239557	0.00467942	-0.120479	-0.0418512
0.54511	-0.256192	0.239517	0.00538175	-0.123735	-0.0408215
0.545118	-0.256315	0.239476	0.00689724	-0.121853	-0.040451
0.545123	-0.256434	0.239431	0.00660892	-0.121257	-0.0415222
0.545132	-0.256553	0.239393	0.00599822	-0.123305	-0.0418651
0.545135	-0.256675	0.239347	0.0070651	-0.12305	-0.0419337
0.545144	-0.256793	0.239305	0.00771093	-0.121856	-0.0406247
0.545149	-0.25692	0.239264	0.00683739	-0.124419	-0.0404947
0.545153	-0.257047	0.239216	0.00630196	-0.126794	-0.0403113
0.545165	-0.257168	0.239185	0.00845518	-0.124114	-0.0361472
0.545171	-0.257292	0.239137	0.0071742	-0.124973	-0.0392632
0.545178	-0.25742	0.239102	0.00625847	-0.125825	-0.0390862
0.545183	-0.257544	0.239058	0.00639039	-0.126122	-0.0388073
0.545196	-0.257665	0.239024	0.00957214	-0.123753	-0.0317994
0.545205	-0.257788	0.238981	0.0100338	-0.123829	-0.0349107
0.545215	-0.257914	0.238939	0.0125462	-0.126413	-0.0332339
0.545226	-0.258042	0.238903	0.0120115	-0.127065	-0.0333741
0.545242	-0.258162	0.238866	0.0136365	-0.124316	-0.0324283
0.545251	-0.258292	0.238836	0.012428	-0.124954	-0.0317096
0.545265	-0.258416	0.2388	0.0128534	-0.124682	-0.0315687
0.545278	-0.258543	0.238769	0.0108472	-0.127216	-0.0324057
0.545289	-0.258668	0.238734	0.0120714	-0.12675	-0.0317688
0.545309	-0.258794	0.238709	0.014368	-0.126589	-0.0305174
0.545322	-0.258915	0.238671	0.0135411	-0.123798	-0.031713
0.545336	-0.259039	0.23864	0.0128624	-0.126398	-0.0305396
0.545352	-0.259168	0.238618	0.0138034	-0.127453	-0.0285656
0.545366	-0.259291	0.23859	0.0151373	-0.124308	-0.028248
0.54538	-0.259415	0.238558	0.0132663	-0.125294	-0.0320484
0.545398	-0.259536	0.238535	0.0138925	-0.12438	-0.0285359
0.545413	-0.259662	0.238509	0.015095	-0.124444	-0.0278986
0.54543	-0.259792	0.238484	0.0160297	-0.125339	-0.0274005
0.545446	-0.259915	0.238455	0.0177278	-0.123186	-0.0251589
0.545462	-0.260041	0.238429	0.0156428	-0.126345	-0.0264032
0.545482	-0.260161	0.23841	0.0170789	-0.124812	-0.0249961
0.545497	-0.260294	0.238387	0.0164154	-0.129339	-0.0224712
0.545516	-0.260418	0.238366	0.0163283	-0.127715	-0.0225866
0.545533	-0.260547	0.238344	0.0162785	-0.127591	-0.0236836
0.545552	-0.260667	0.238314	0.0169014	-0.124145	-0.0264482
0.54557	-0.260794	0.238291	0.0169263	-0.126794	-0.0256988
0.545581	-0.260929	0.23827	0.016506	-0.128729	-0.0231095
0.545598	-0.261054	0.238247	0.017498	-0.126217	-0.0230262
0.545619	-0.261174	0.238227	0.0178925	-0.124583	-0.0232899
0.545638	-0.261299	0.23821	0.0166535	-0.124524	-0.0247076
0.545656	-0.26143	0.238189	0.0147748	-0.127949	-0.0238905
0.545673	-0.261553	0.238168	0.0163348	-0.122866	-0.0233777
0.545689	-0.261678	0.238143	0.0154336	-0.123776	-0.0241563
0.545704	-0.261795	0.238109	0.0176355	-0.12181	-0.0252689
0.545721	-0.261922	0.238088	0.0168331	-0.123988	-0.0243383
0.545739	-0.262046	0.238068	0.0170274	-0.123982	-0.0236567
0.545758	-0.262174	0.238052	0.0169126	-0.123122	-0.0232857
0.545774	-0.262297	0.238024	0.0145685	-0.12549	-0.0269796
0.545792	-0.262418	0.238003	0.0165605	-0.122727	-0.0263214
0.545809	-0.262534	0.237978	0.0172122	-0.119912	-0.0253851
0.545829	-0.262659	0.237958	0.0170201	-0.121947	-0.0244295
0.545842	-0.262785	0.237927	0.0176241	-0.122448	-0.0233058
0.545865	-0.262905	0.237905	0.017142	-0.121563	-0.0247313
0.545885	-0.263021	0.237881	0.0168738	-0.120358	-0.0268602
0.545899	-0.263147	0.237858	0.0165142	-0.122531	-0.0232095
0.54591	-0.263275	0.237827	0.0153311	-0.124984	-0.0244926
0.54593	-0.263389	0.237802	0.017325	-0.120975	-0.0243072
0.545948	-0.263509	0.23777	0.0178296	-0.119638	-0.0266152
0.545967	-0.263636	0.237753	0.0166974	-0.123699	-0.0246076
0.545985	-0.263751	0.237722	0.0178082	-0.1202	-0.0262276
0.546002	-0.263872	0.237691	0.0176877	-0.119397	-0.0271791
0.546016	-0.263989	0.237662	0.0191556	-0.119487	-0.0253242
0.546035	-0.264112	0.237643	0.0193731	-0.120411	-0.0230239
0.546057	-0.264232	0.237628	0.0195844	-0.122	-0.019478
0.546076	-0.26435	0.237599	0.0195153	-0.122256	-0.0219683
0.546094	-0.26447	0.23757	0.0167178	-0.123779	-0.0244523
0.546117	-0.264588	0.237549	0.018357	-0.122573	-0.0250948
0.546137	-0.264702	0.237518	0.0194498	-0.118446	-0.0251831
0.546159	-0.264818	0.237491	0.0192741	-0.117264	-0.0268826
0.546178	-0.264936	0.237465	0.0210062	-0.11838	-0.0238196
0.546195	-0.265061	0.237435	0.0205291	-0.11744	-0.0276292
0.546223	-0.265175	0.237415	0.0212777	-0.117839	-0.0257908
0.546245	-0.265295	0.237391	0.02105	-0.11721	-0.0262188
0.546266	-0.265411	0.237363	0.0198358	-0.117334	-0.0275524
0.546285	-0.26553	0.237332	0.0207152	-0.12108	-0.0273507
0.546309	-0.265651	0.237309	0.022156	-0.121071	-0.0232192
0.546332	-0.265773	0.237288	0.0236382	-0.119472	-0.0225064
0.546359	-0.265889	0.237267	0.0244521	-0.116888	-0.0229116
0.546384	-0.266005	0.237241	0.0225304	-0.116064	-0.0266683
0.546406	-0.266123	0.237219	0.0218262	-0.117037	-0.0259563
0.546427	-0.266245	0.237193	0.0225391	-0.118713	-0.0247098
0.54645	-0.266361	0.237166	0.0220952	-0.117314	-0.0269505
0.546478	-0.266483	0.237154	0.0243777	-0.1188	-0.0217228
0.546501	-0.266601	0.237131	0.0229535	-0.120109	-0.0231011
0.546528	-0.266723	0.237117	0.0229252	-0.122338	-0.0206751
0.546546	-0.266847	0.237096	0.0204359	-0.123089	-0.0228129
0.546571	-0.266964	0.237081	0.0215344	-0.11935	-0.0205213
0.546591	-0.267082	0.237057	0.0222697	-0.118264	-0.0212647
0.546617	-0.267202	0.23704	0.0226997	-0.119535	-0.0194585
0.546692	-0.267557	0.236986	0.0241726	-0.118088	-0.0160565
0.546763	-0.267918	0.236942	0.025503	-0.120154	-0.010613
0.546787	-0.268043	0.236926	0.0267501	-0.120548	-0.0108723
0.546811	-0.26816	0.236901	0.024312	-0.120123	-0.0152997
0.54684	-0.268276	0.236887	0.0250253	-0.118792	-0.0168561
0.546861	-0.268395	0.236864	0.0249411	-0.118856	-0.0160795
0.546888	-0.268515	0.236852	0.0258181	-0.120281	-0.0147086
0.546914	-0.268634	0.236837	0.0260994	-0.120918	-0.0126965
0.546941	-0.268753	0.23682	0.0263316	-0.119359	-0.0152589
0.54697	-0.268872	0.236809	0.0266138	-0.119087	-0.01498
0.546996	-0.268989	0.236793	0.0269168	-0.118177	-0.014608
0.547021	-0.269106	0.236773	0.0259761	-0.117078	-0.0175022
0.547046	-0.26923	0.236759	0.0273235	-0.121241	-0.015104
0.54707	-0.269351	0.236738	0.0281251	-0.120266	-0.0136311
0.547101	-0.269467	0.236724	0.0285023	-0.118227	-0.0141346
0.547131	-0.269578	0.236706	0.0306039	-0.11621	-0.0127669
0.547154	-0.269699	0.236683	0.0263998	-0.118703	-0.0173812
0.54718	-0.269817	0.23667	0.0252252	-0.119553	-0.015336
0.547207	-0.269934	0.23665	0.0258318	-0.119464	-0.0161455
0.547239	-0.270052	0.23664	0.0270804	-0.120106	-0.0143304
0.547267	-0.270171	0.236622	0.0265315	-0.118886	-0.017009
0.547296	-0.270282	0.236595	0.0267643	-0.115898	-0.0212423
0.547325	-0.270405	0.236583	0.0279365	-0.118014	-0.0175502
0.547352	-0.27052	0.236564	0.0280303	-0.115799	-0.0189315
0.547381	-0.270637	0.236547	0.0276654	-0.116051	-0.0196326
0.547412	-0.270754	0.236532	0.0300092	-0.115774	-0.0150894
0.547443	-0.270874	0.236508	0.0294864	-0.115865	-0.0202271
0.547476	-0.270987	0.236496	0.0303679	-0.11484	-0.0173753
0.547504	-0.271098	0.23647	0.0289817	-0.116151	-0.0186973
0.547534	-0.271211	0.236448	0.0294015	-0.113052	-0.0214251
0.547566	-0.271325	0.236431	0.032883	-0.111668	-0.017566
0.547599	-0.271438	0.236415	0.0328091	-0.112089	-0.0171608
0.547629	-0.271555	0.236395	0.0325979	-0.113248	-0.0174076
0.547662	-0.271662	0.236377	0.0318953	-0.110106	-0.0202931
0.547688	-0.271782	0.23635	0.0306657	-0.113645	-0.0214658
0.547715	-0.271895	0.236327	0.029526	-0.114026	-0.0198947
0.547745	-0.272004	0.236303	0.0304039	-0.112428	-0.0201782
0.547777	-0.272123	0.236286	0.0299024	-0.113577	-0.0202711
0.54781	-0.27223	0.236268	0.0316182	-0.110512	-0.0201392
0.547841	-0.27234	0.236243	0.0307708	-0.112228	-0.0200909
0.547868	-0.272455	0.236219	0.0282602	-0.113195	-0.0238291
0.547897	-0.272568	0.236201	0.0286515	-0.113763	-0.0196741
0.547929	-0.272677	0.236173	0.0303722	-0.111646	-0.0228055
0.547961	-0.272792	0.23616	0.0300849	-0.113343	-0.0202946
0.547987	-0.272903	0.236129	0.0274828	-0.113403	-0.0227754
0.548016	-0.273015	0.236111	0.0275244	-0.113118	-0.0222561
0.548043	-0.273129	0.236089	0.0266622	-0.113614	-0.0222176
0.548071	-0.273241	0.236069	0.0267305	-0.115123	-0.0219911
0.5481	-0.273351	0.236046	0.0280371	-0.114357	-0.0208603
0.548129	-0.273459	0.236024	0.0284488	-0.110148	-0.0226747
0.548158	-0.273571	0.236003	0.0273668	-0.112771	-0.022367
0.548184	-0.273681	0.235983	0.0278482	-0.111127	-0.0206703
0.548211	-0.273791	0.23596	0.0265932	-0.11146	-0.0218779
0.548238	-0.273903	0.235945	0.0249676	-0.112841	-0.0219492
0.548266	-0.274013	0.235925	0.0260406	-0.111187	-0.0208178
0.548295	-0.274125	0.235907	0.0256338	-0.110736	-0.0227594
0.548318	-0.274238	0.235886	0.0252896	-0.111283	-0.0202444
0.548342	-0.274347	0.235857	0.0250835	-0.111712	-0.0228706
0.548371	-0.274453	0.235835	0.026352	-0.10566	-0.024613
0.5484	-0.274558	0.23581	0.0273633	-0.105976	-0.0240438
0.548429	-0.274668	0.23579	0.0273922	-0.108706	-0.0200832
0.54846	-0.274776	0.235774	0.0313475	-0.107231	-0.0146022
0.548489	-0.27488	0.235747	0.0314511	-0.106002	-0.0169255
0.548517	-0.274986	0.235727	0.0307985	-0.104792	-0.0193147
0.548548	-0.275089	0.235706	0.030632	-0.103775	-0.0181896
0.548576	-0.275199	0.235682	0.0302352	-0.105951	-0.0192542
0.548606	-0.275305	0.23566	0.0299911	-0.107251	-0.0180839
0.548639	-0.275412	0.235638	0.0301393	-0.104983	-0.0208037
0.548668	-0.27552	0.235616	0.0284638	-0.106004	-0.0227405
0.548701	-0.27562	0.235594	0.0293644	-0.10465	-0.0226193
0.548726	-0.275731	0.235567	0.0281606	-0.108039	-0.0221417
0.54876	-0.27584	0.235552	0.0313276	-0.108225	-0.0189965
0.548789	-0.27595	0.235525	0.0311693	-0.107671	-0.0208869
0.54882	-0.276052	0.235499	0.031105	-0.104953	-0.0226216
0.548848	-0.276158	0.235473	0.0295923	-0.105624	-0.0246115
0.548879	-0.276265	0.235451	0.0304205	-0.104503	-0.0253301
0.548908	-0.276372	0.23543	0.030384	-0.10488	-0.0234676
0.548935	-0.276482	0.235404	0.0295875	-0.106798	-0.0240173
0.548966	-0.276589	0.23538	0.0303961	-0.106623	-0.0237336
0.548998	-0.276693	0.235356	0.0331699	-0.105964	-0.0210182
0.549023	-0.2768	0.235318	0.0298391	-0.107662	-0.0259849
0.549051	-0.276913	0.2353	0.0307091	-0.107019	-0.0231951
0.549074	-0.277019	0.235266	0.029304	-0.106307	-0.0265493
0.549107	-0.277127	0.235247	0.0286105	-0.108108	-0.0250373
0.54914	-0.277233	0.235226	0.0286281	-0.108139	-0.0240302
0.549169	-0.277335	0.235193	0.0290612	-0.105399	-0.0263772
0.549199	-0.277442	0.235169	0.0287008	-0.10513	-0.0267747
0.549223	-0.277548	0.235141	0.0296212	-0.102725	-0.0249746
0.54925	-0.27765	0.235106	0.0305058	-0.100321	-0.02707
0.54928	-0.277759	0.235083	0.0310465	-0.100284	-0.0268868
0.549311	-0.277863	0.235061	0.0302114	-0.100967	-0.0248769
0.549343	-0.277962	0.235039	0.0306368	-0.0987493	-0.0251053
0.549367	-0.278065	0.235006	0.0299387	-0.102384	-0.024426
0.549395	-0.278167	0.234977	0.0276606	-0.105403	-0.026032
0.549423	-0.278271	0.234955	0.0270052	-0.105822	-0.0254941
0.549449	-0.278376	0.234921	0.0278519	-0.105795	-0.0267346
0.549479	-0.278474	0.234897	0.0281752	-0.104003	-0.026104
0.549511	-0.278571	0.23487	0.0294841	-0.101439	-0.0238283
0.54954	-0.278667	0.234836	0.0292739	-0.100708	-0.0260566
0.549566	-0.27877	0.234809	0.0275895	-0.10182	-0.0267437
0.549592	-0.278866	0.23477	0.02835	-0.0977123	-0.0312341
0.549622	-0.278971	0.234739	0.0299739	-0.0987174	-0.0302805
0.549707	-0.27927	0.234641	0.0288964	-0.0998017	-0.0322175
0.549735	-0.279373	0.234614	0.02881	-0.0991985	-0.0312776
0.549761	-0.279471	0.234575	0.0282709	-0.0969517	-0.0346802
0.549791	-0.279574	0.234552	0.0290217	-0.0978747	-0.0315246
0.549823	-0.279667	0.234516	0.0309986	-0.0951699	-0.034253
0.549853	-0.279768	0.234489	0.0294646	-0.0962535	-0.0338071
0.549879	-0.279863	0.234447	0.030309	-0.0954531	-0.032691
0.549912	-0.279958	0.234419	0.0304854	-0.095499	-0.0317973
0.549939	-0.280059	0.234388	0.0290245	-0.0975214	-0.0330107
0.549966	-0.280162	0.234356	0.0292068	-0.0986648	-0.0317918
0.550004	-0.280257	0.234335	0.0304576	-0.0978412	-0.0307052
0.550034	-0.280357	0.234304	0.0299572	-0.0974491	-0.0322256
0.550063	-0.280454	0.23427	0.0300104	-0.0959892	-0.033443
0.550094	-0.280555	0.234238	0.0290102	-0.0976436	-0.0333325
0.550121	-0.28065	0.234195	0.0272318	-0.0978675	-0.0372388
0.550157	-0.280748	0.234173	0.0280602	-0.0988232	-0.0327789
0.550192	-0.28085	0.234147	0.028001	-0.101533	-0.0325767
0.550222	-0.280943	0.234108	0.0286222	-0.0994372	-0.0346079
0.550258	-0.281038	0.234084	0.030113	-0.0994512	-0.0322461
0.550291	-0.281125	0.234041	0.0310669	-0.096085	-0.0350375
0.550321	-0.281227	0.234004	0.0315457	-0.096525	-0.0348782
0.550355	-0.28132	0.233977	0.0318659	-0.0957287	-0.0310938
0.55039	-0.281413	0.233941	0.0319927	-0.0948379	-0.0333646
0.550425	-0.281505	0.233912	0.0317873	-0.0928682	-0.0349939
0.550455	-0.281597	0.233872	0.0316713	-0.0906912	-0.0370823
0.550488	-0.281689	0.233838	0.0310891	-0.0908705	-0.0373524
0.550518	-0.281784	0.233809	0.030422	-0.0928555	-0.0352687
0.550549	-0.281881	0.233772	0.0305915	-0.094538	-0.0353116
0.550583	-0.281974	0.233739	0.0314052	-0.0918084	-0.0364497
0.550616	-0.282067	0.233719	0.0313987	-0.0912039	-0.0328662
0.550641	-0.282157	0.233677	0.0277284	-0.0908062	-0.0383573
0.550674	-0.282251	0.233655	0.0298149	-0.089506	-0.0328391
0.550704	-0.282336	0.233611	0.0298989	-0.0871072	-0.0369976
0.550735	-0.282427	0.233581	0.0292799	-0.0886787	-0.0358467
0.550764	-0.282519	0.233546	0.0296322	-0.0881445	-0.0368112
0.550794	-0.28261	0.233511	0.0298158	-0.0872416	-0.0372155
0.550822	-0.282697	0.233475	0.0284953	-0.087194	-0.0378409
0.550849	-0.282787	0.233441	0.0294985	-0.0918357	-0.0320827
0.550874	-0.282877	0.2334	0.0288491	-0.0911148	-0.033226
0.5509	-0.282972	0.233368	0.0272052	-0.0930415	-0.0333756
0.550926	-0.283063	0.233326	0.0272254	-0.092915	-0.0354779
0.550954	-0.283153	0.233284	0.0246088	-0.094194	-0.0403182
0.550979	-0.28324	0.233242	0.0236189	-0.0918159	-0.0423734
0.551005	-0.283329	0.233202	0.0250202	-0.091922	-0.0403592
0.551033	-0.283411	0.233159	0.0235462	-0.0888543	-0.0460431
0.551057	-0.283501	0.233113	0.0246753	-0.0894296	-0.0458779
0.551087	-0.283586	0.233075	0.026928	-0.0886571	-0.0413113
0.551116	-0.283668	0.23303	0.0268825	-0.0886948	-0.0426364
0.551144	-0.283753	0.232987	0.0271431	-0.0866465	-0.0434241
0.551171	-0.283841	0.232938	0.0275524	-0.0856078	-0.0455165
0.551191	-0.283928	0.232885	0.0254401	-0.0847592	-0.0477898
0.551222	-0.284006	0.232841	0.0265733	-0.082408	-0.047843
0.551249	-0.284089	0.232792	0.0264033	-0.0834768	-0.0472584
0.551278	-0.284168	0.232738	0.0285718	-0.0804172	-0.0474305
0.551305	-0.28425	0.232691	0.0256383	-0.0821391	-0.0493755
0.55133	-0.284332	0.232634	0.0273637	-0.0817819	-0.048436
0.551356	-0.284415	0.232582	0.0268354	-0.0818839	-0.0483029
0.551381	-0.284494	0.232528	0.0253131	-0.0808965	-0.0501013
0.551412	-0.284569	0.232482	0.0270893	-0.0799473	-0.0474281
0.551441	-0.28465	0.232432	0.0272868	-0.0780293	-0.0491414
0.551471	-0.28473	0.232383	0.0295517	-0.0776496	-0.0477279
0.551501	-0.284805	0.232326	0.0307883	-0.0751109	-0.049344
0.551531	-0.284882	0.232279	0.0300441	-0.0737957	-0.048988
0.551558	-0.28496	0.232227	0.0305442	-0.0761579	-0.0461864
0.551585	-0.285033	0.232176	0.0298245	-0.0725535	-0.0484876
0.551617	-0.285112	0.23213	0.0314338	-0.0740353	-0.047011
0.551645	-0.285194	0.232085	0.0312613	-0.0769613	-0.0446361
0.551675	-0.285272	0.232037	0.0302686	-0.0751412	-0.047435
0.551702	-0.285348	0.231986	0.031568	-0.0757994	-0.0466559
0.551727	-0.285424	0.23193	0.0300397	-0.0756279	-0.0486201
0.551757	-0.285501	0.231884	0.030755	-0.0759873	-0.0477048
0.551781	-0.285582	0.231833	0.028087	-0.0786823	-0.0489425
0.55181	-0.28566	0.231782	0.0265935	-0.0808244	-0.0497439
0.551839	-0.285742	0.231736	0.0264543	-0.0832857	-0.0488012
0.551863	-0.285823	0.231691	0.0259935	-0.0819414	-0.0464883
0.551889	-0.285899	0.231638	0.0267828	-0.0764352	-0.0498703
0.551914	-0.285975	0.231587	0.0266917	-0.0758452	-0.049273
0.551939	-0.286049	0.231537	0.0263351	-0.0752175	-0.0489404
0.551966	-0.286125	0.231489	0.0267666	-0.0735075	-0.0501317
0.551991	-0.2862	0.231441	0.026152	-0.0747149	-0.0487772
0.552019	-0.286278	0.231399	0.0259507	-0.0767056	-0.0478061
0.552041	-0.286355	0.231342	0.02359	-0.076922	-0.0514245
0.552063	-0.286429	0.231289	0.0225534	-0.0773815	-0.0529444
0.552131	-0.286656	0.231144	0.0221108	-0.0767904	-0.0493493
0.552152	-0.286729	0.231093	0.0214475	-0.077964	-0.0509434
0.552174	-0.28681	0.231045	0.0219748	-0.0785595	-0.050015
0.552194	-0.286886	0.230993	0.0212522	-0.0756015	-0.0528453
0.552211	-0.286956	0.230934	0.0210404	-0.0734121	-0.0541618
0.55223	-0.287029	0.230877	0.0208857	-0.0721558	-0.0539244
0.552252	-0.287099	0.230824	0.0222568	-0.0704249	-0.052515
0.552269	-0.287171	0.230766	0.0195794	-0.070706	-0.0549399
0.55229	-0.287242	0.230715	0.0222982	-0.0701589	-0.052593
0.552308	-0.287314	0.230654	0.0209571	-0.0696089	-0.0560764
0.552331	-0.287382	0.2306	0.021317	-0.0687849	-0.057299
0.552349	-0.287452	0.230539	0.0192588	-0.0683376	-0.0601249
0.552366	-0.287523	0.230476	0.019875	-0.0675567	-0.0607295
0.552383	-0.287596	0.23042	0.0183486	-0.0717382	-0.057411
0.5524	-0.287664	0.230358	0.0186713	-0.0719717	-0.0574211
0.552421	-0.287729	0.230297	0.0192711	-0.0688554	-0.0581315
0.55244	-0.287801	0.230236	0.0190438	-0.0716618	-0.0595287
0.552459	-0.287868	0.230174	0.0188264	-0.0708124	-0.059216
0.552479	-0.287938	0.23011	0.0188056	-0.0703986	-0.0616181
0.552496	-0.288001	0.230033	0.0188632	-0.0680167	-0.0662035
0.552513	-0.288073	0.229971	0.0181739	-0.0677813	-0.0657104
0.552531	-0.288139	0.2299	0.0185206	-0.0667074	-0.0677983
0.552549	-0.288203	0.22983	0.0192371	-0.0655456	-0.0671736
0.552566	-0.288268	0.229758	0.0190511	-0.0656572	-0.0675805
0.552586	-0.288337	0.22969	0.0206554	-0.0687656	-0.0643328
0.552605	-0.288404	0.229619	0.0196255	-0.0697666	-0.0662542
0.552628	-0.288469	0.229551	0.0190261	-0.0672229	-0.0685995
0.552645	-0.288527	0.229476	0.0187209	-0.0647963	-0.0703935
0.552664	-0.288593	0.229407	0.0190452	-0.0653597	-0.0704901
0.552683	-0.28866	0.229337	0.0184412	-0.0674339	-0.0691668
0.552701	-0.288724	0.229266	0.0178435	-0.0675009	-0.0711131
0.552719	-0.288788	0.229194	0.0178943	-0.0657411	-0.0727754
0.552738	-0.288851	0.22912	0.0197404	-0.0653391	-0.0714241
0.552761	-0.288918	0.229058	0.0197058	-0.0659966	-0.0694243
0.552776	-0.288987	0.228985	0.0170018	-0.0666102	-0.0720207
0.552797	-0.289046	0.228917	0.0188112	-0.0616338	-0.0719849
0.552818	-0.289108	0.228853	0.0198424	-0.0617738	-0.068521
0.552835	-0.28917	0.228779	0.0185599	-0.0618464	-0.069891
0.552854	-0.289234	0.228711	0.0183344	-0.0620947	-0.0709339
0.552874	-0.289298	0.228646	0.0186094	-0.0648425	-0.0664792
0.552894	-0.289363	0.228581	0.0187202	-0.066843	-0.0647307
0.552911	-0.289429	0.228514	0.0202595	-0.0655309	-0.0637126
0.55293	-0.289495	0.228447	0.0206476	-0.0632187	-0.0651448
0.552945	-0.289562	0.228381	0.0190495	-0.064559	-0.0657919
0.552965	-0.289621	0.228307	0.0189975	-0.0629803	-0.0679578
0.552986	-0.289679	0.228237	0.0207886	-0.062249	-0.0663321
0.553	-0.289742	0.228164	0.0169897	-0.0637593	-0.0696468
0.553016	-0.289802	0.228091	0.0172671	-0.061558	-0.0702895
0.553037	-0.289868	0.228031	0.0187958	-0.0627902	-0.0652537
0.553054	-0.289931	0.227963	0.0167164	-0.0641675	-0.0686104
0.553072	-0.289992	0.227897	0.0168738	-0.065336	-0.067463
0.553086	-0.29006	0.227831	0.016244	-0.0663942	-0.0658254
0.553104	-0.290117	0.227757	0.0169096	-0.0636145	-0.068851
0.553117	-0.290181	0.22769	0.01766	-0.0629654	-0.0643979
0.553131	-0.290249	0.227617	0.0157737	-0.0646161	-0.06731
0.553147	-0.29031	0.227548	0.0168327	-0.061433	-0.0693693
0.553164	-0.290372	0.227486	0.0172832	-0.0593367	-0.0684269
0.553182	-0.290434	0.227419	0.0164135	-0.0618297	-0.06926
0.553197	-0.290496	0.227347	0.0163761	-0.0621816	-0.0705791
0.553211	-0.290558	0.227274	0.0174533	-0.0613175	-0.0692432
0.553225	-0.290617	0.227199	0.0166492	-0.059052	-0.0704709
0.553237	-0.290676	0.227122	0.0172173	-0.0579611	-0.0690571
0.553247	-0.290741	0.227045	0.0136744	-0.0597313	-0.0737733
0.553264	-0.290798	0.226976	0.0158683	-0.0603095	-0.0695517
0.55328	-0.290854	0.226897	0.0145194	-0.058892	-0.0739731
0.553291	-0.290918	0.226819	0.0122789	-0.0608338	-0.0769316
0.553311	-0.290969	0.226745	0.0146438	-0.0583965	-0.0756968
0.553325	-0.291024	0.226662	0.0133442	-0.0583222	-0.0781741
0.553337	-0.291085	0.226587	0.0138405	-0.0589797	-0.074738
0.553346	-0.291144	0.226507	0.013045	-0.0603796	-0.0740379
0.553361	-0.291195	0.226429	0.0142581	-0.0561918	-0.0761045
0.553369	-0.291258	0.226348	0.0127691	-0.059278	-0.0762346
0.553379	-0.291313	0.226257	0.0111724	-0.0585395	-0.0811217
0.553393	-0.291368	0.226176	0.012396	-0.057045	-0.0805962
0.553404	-0.291426	0.226094	0.0123117	-0.0567459	-0.0816969
0.553419	-0.291479	0.226012	0.0121801	-0.0550631	-0.0846266
0.553429	-0.291537	0.225927	0.0119248	-0.0552739	-0.0841587
0.553441	-0.29159	0.22584	0.0123387	-0.0536628	-0.0870588
0.553452	-0.291645	0.225756	0.00998553	-0.0545835	-0.0886355
0.553463	-0.291699	0.225667	0.0113592	-0.0545612	-0.0858119
0.553473	-0.291751	0.225572	0.0112519	-0.053532	-0.0891866
0.553484	-0.291806	0.22549	0.0131829	-0.0538598	-0.0846685
0.553494	-0.291859	0.225398	0.0130518	-0.0520353	-0.0863885
0.553505	-0.291919	0.225317	0.0122078	-0.0550528	-0.0841884
0.553517	-0.291968	0.225231	0.012175	-0.0520652	-0.0864569
0.553524	-0.292026	0.225139	0.0088025	-0.0539364	-0.0903158
0.553537	-0.292074	0.225052	0.00965557	-0.0513441	-0.0898034
0.553546	-0.292127	0.224965	0.00970092	-0.0504174	-0.0879127
0.553555	-0.292182	0.224886	0.00934816	-0.0515102	-0.0865235
0.553566	-0.292233	0.224801	0.00953106	-0.0526456	-0.084725
0.553574	-0.292282	0.224707	0.0080488	-0.0515203	-0.0887573
0.553584	-0.292337	0.224628	0.00857866	-0.0526574	-0.0853758
0.553594	-0.292387	0.224538	0.0100339	-0.0513311	-0.0851364
0.553604	-0.292443	0.224459	0.0108087	-0.0519749	-0.0810434
0.553615	-0.29249	0.224376	0.0111778	-0.0510374	-0.0793668
0.553623	-0.292548	0.224295	0.00981327	-0.0534246	-0.0812674
0.553631	-0.292601	0.224216	0.00885515	-0.052879	-0.0819153
0.553641	-0.292649	0.224133	0.00902581	-0.0520573	-0.0822192
0.553645	-0.292708	0.224049	0.00679696	-0.0537592	-0.0847604
0.553655	-0.292759	0.223968	0.00841577	-0.0541626	-0.0813733
0.553663	-0.292808	0.223878	0.0083249	-0.054441	-0.0822196
0.553673	-0.292862	0.223804	0.00829198	-0.0533062	-0.0808647
0.553685	-0.292912	0.223725	0.00950564	-0.0515803	-0.0811763
0.553697	-0.29296	0.223641	0.00923359	-0.052183	-0.0817654
0.553705	-0.293011	0.22356	0.00739364	-0.0529965	-0.0834257
0.553708	-0.293068	0.223471	0.00730343	-0.0535849	-0.0848895
0.553722	-0.293116	0.223394	0.0119308	-0.0499541	-0.0801262
0.553726	-0.293172	0.223311	0.0092495	-0.0531621	-0.0793267
0.553729	-0.293227	0.223223	0.00792738	-0.0534707	-0.07965
0.55374	-0.293277	0.223145	0.00816123	-0.0515712	-0.0804409
0.553747	-0.293326	0.223062	0.00757314	-0.0526334	-0.0788807
0.553757	-0.293379	0.222978	0.00874915	-0.0522714	-0.0811203
0.553764	-0.293429	0.222891	0.00939524	-0.0520076	-0.0818574
0.553776	-0.293481	0.222809	0.0104737	-0.0520331	-0.079246
0.553786	-0.293527	0.222723	0.0100107	-0.0506689	-0.0812769
0.553792	-0.293578	0.222636	0.00922401	-0.0506684	-0.0837003
0.5538	-0.293629	0.222547	0.00955271	-0.0491158	-0.0846192
0.553805	-0.29368	0.222462	0.0085155	-0.0493384	-0.0857628
0.553812	-0.293729	0.222368	0.00831496	-0.0485043	-0.0874604
0.553821	-0.29378	0.222278	0.00729461	-0.0504481	-0.0890733
0.553825	-0.293829	0.222181	0.00618789	-0.0499597	-0.0933315
0.553832	-0.293883	0.222094	0.00832074	-0.0499415	-0.0897389
0.553845	-0.293927	0.22201	0.0104859	-0.0482697	-0.086472
0.553856	-0.293977	0.221923	0.0116381	-0.0488127	-0.0837911
0.553865	-0.294026	0.221838	0.0108533	-0.0475092	-0.0844302
0.553869	-0.294076	0.221738	0.00749552	-0.0477736	-0.0915075
0.553877	-0.294126	0.221645	0.00712399	-0.0484624	-0.0912521
0.553887	-0.294177	0.221558	0.00852978	-0.049708	-0.0884796
0.553897	-0.29422	0.221461	0.00901408	-0.0484714	-0.0903358
0.553906	-0.29427	0.221374	0.0083304	-0.0516855	-0.0889227
0.553914	-0.294317	0.221278	0.00879527	-0.0513056	-0.0903433
0.553922	-0.294367	0.221185	0.00932633	-0.0517564	-0.0885958
0.553932	-0.294417	0.221095	0.00936872	-0.0496721	-0.0902838
0.55394	-0.294468	0.221002	0.00987511	-0.050616	-0.0890122
0.55395	-0.294514	0.220912	0.00952764	-0.0495284	-0.0895251
0.55396	-0.294561	0.22082	0.00952314	-0.0474196	-0.0922532
0.553967	-0.294607	0.220726	0.00845674	-0.0473596	-0.0942754
0.553977	-0.294654	0.220638	0.00886724	-0.048214	-0.091915
0.553983	-0.294703	0.220539	0.00837093	-0.0466654	-0.094215
0.553996	-0.294745	0.220451	0.0111687	-0.044674	-0.0903275
0.554007	-0.294794	0.220371	0.0128363	-0.0433788	-0.0862606
0.554021	-0.294839	0.220289	0.012413	-0.0446654	-0.0845402
0.55403	-0.294887	0.220202	0.0112153	-0.0448408	-0.0836975
0.554041	-0.294931	0.220115	0.0113245	-0.0457151	-0.0842191
0.554048	-0.294981	0.220024	0.0104664	-0.0450438	-0.0857232
0.554058	-0.295024	0.219942	0.00974629	-0.0446286	-0.0838936
0.554062	-0.295075	0.219848	0.00689532	-0.0465239	-0.0886847
0.554074	-0.295116	0.219767	0.00785042	-0.0452821	-0.0863486
0.554083	-0.295163	0.21968	0.0080751	-0.0448957	-0.0874679
0.554093	-0.29521	0.219599	0.0102528	-0.0449051	-0.0841412
0.554105	-0.295256	0.219521	0.0105476	-0.0464365	-0.082234
0.554111	-0.295303	0.219424	0.0082548	-0.0468507	-0.0878645
0.554124	-0.295348	0.219342	0.00851648	-0.0468659	-0.0851464
0.554131	-0.295401	0.219258	0.00747444	-0.0495416	-0.084816
0.554141	-0.295442	0.219172	0.00776101	-0.0473686	-0.0845944
0.554153	-0.295485	0.21909	0.00814012	-0.0468116	-0.0847079
0.554158	-0.295535	0.219008	0.00774106	-0.0476648	-0.0834147
0.554171	-0.295578	0.218927	0.0097535	-0.0454516	-0.0820303
0.55418	-0.295622	0.218842	0.00850719	-0.0431156	-0.0863659
0.554185	-0.295674	0.218761	0.00801989	-0.0448304	-0.0851533
0.554196	-0.295724	0.218683	0.00941743	-0.0452365	-0.0820387
0.554202	-0.295771	0.218597	0.0113316	-0.0451017	-0.0789205
0.554214	-0.295815	0.218522	0.00980853	-0.0464175	-0.0787384
0.554225	-0.29586	0.218444	0.00875841	-0.0469331	-0.0791416
0.554232	-0.295904	0.218356	0.00841431	-0.045072	-0.0830705
0.554242	-0.295946	0.218278	0.00814558	-0.0450713	-0.0809
0.554248	-0.295991	0.218186	0.00716504	-0.0464115	-0.0842746
0.554254	-0.29604	0.218102	0.00774374	-0.046456	-0.0834013
0.554266	-0.296078	0.218024	0.00891686	-0.0429077	-0.0825751
0.554273	-0.296125	0.217938	0.00806695	-0.0425987	-0.0854994
0.554282	-0.296168	0.217853	0.00874065	-0.0419567	-0.084911
0.554297	-0.296211	0.217775	0.0114454	-0.0418923	-0.0827512
0.554304	-0.296258	0.217688	0.0102558	-0.0420943	-0.0848705
0.554317	-0.2963	0.21761	0.0113269	-0.0406768	-0.0839983
0.554324	-0.296345	0.21752	0.0100999	-0.0428507	-0.0840349
0.554334	-0.296389	0.217439	0.00971618	-0.0434364	-0.0820508
0.554343	-0.296438	0.21736	0.00919693	-0.0440752	-0.0846298
0.554351	-0.296485	0.217274	0.00849387	-0.0457672	-0.0845523
0.554365	-0.296525	0.217192	0.00902264	-0.0454196	-0.0832581
0.554377	-0.296569	0.217108	0.0123954	-0.0455399	-0.0798154
0.554388	-0.296612	0.217018	0.0121386	-0.044115	-0.0822666
0.554403	-0.296656	0.216942	0.0139756	-0.0442712	-0.0786169
0.554415	-0.296703	0.216858	0.0135135	-0.045201	-0.0797532
0.554429	-0.296747	0.216776	0.0121176	-0.0462395	-0.0812042
0.55444	-0.29679	0.216689	0.0114246	-0.0450056	-0.0828452
0.554451	-0.296833	0.216602	0.0121595	-0.0445833	-0.0812635
0.554467	-0.296877	0.216523	0.0132461	-0.0425571	-0.0823183
0.554481	-0.29692	0.216436	0.0139381	-0.0424507	-0.0822758
0.554495	-0.296965	0.216357	0.0131803	-0.0432935	-0.0812765
0.554509	-0.297008	0.216272	0.0135738	-0.0405719	-0.0845669
0.554522	-0.297054	0.21619	0.0140164	-0.0405722	-0.0834485
0.55454	-0.297097	0.216116	0.0152075	-0.0412909	-0.080924
0.554552	-0.29714	0.216031	0.0159493	-0.0402486	-0.0812292
0.554568	-0.297181	0.215949	0.0138194	-0.0424108	-0.081637
0.554584	-0.297223	0.215871	0.0150462	-0.0411766	-0.0799706
0.554598	-0.297266	0.215795	0.0163242	-0.0410451	-0.0754338
0.554612	-0.297312	0.215719	0.0146772	-0.0406607	-0.0786607
0.554628	-0.297351	0.215642	0.0154403	-0.0388176	-0.078597
0.554644	-0.297395	0.215568	0.0159275	-0.0404052	-0.0758432
0.554661	-0.297437	0.2155	0.0154443	-0.0411787	-0.072709
0.554677	-0.29748	0.21542	0.0168074	-0.0404699	-0.0736032
0.554695	-0.297517	0.21535	0.0200505	-0.0370901	-0.0706029
0.554709	-0.297564	0.215274	0.0180206	-0.0399589	-0.0708226
0.55474	-0.297648	0.215132	0.0171475	-0.0404784	-0.0710961
0.554755	-0.297692	0.215057	0.0156047	-0.0436965	-0.072293
0.554771	-0.297735	0.214983	0.0155742	-0.0432184	-0.0733346
0.554785	-0.297781	0.214908	0.0133658	-0.0457526	-0.0735946
0.554803	-0.297824	0.214844	0.0167055	-0.0447136	-0.0676698
0.554821	-0.297866	0.214769	0.0158988	-0.043714	-0.0725183
0.554835	-0.297914	0.214701	0.0161296	-0.0454705	-0.0700723
0.554852	-0.297958	0.214633	0.0152391	-0.0447113	-0.0707607
0.554864	-0.298	0.214554	0.014189	-0.0446773	-0.0733257
0.554881	-0.298042	0.214488	0.0148634	-0.0417534	-0.0710453
0.554896	-0.298082	0.214414	0.0152857	-0.041979	-0.0706825
0.554908	-0.298129	0.21434	0.0133774	-0.0435537	-0.0733824
0.554919	-0.298172	0.214262	0.0130216	-0.0421263	-0.0755808
0.55494	-0.298208	0.214197	0.0157812	-0.0383097	-0.0733141
0.554952	-0.298255	0.214132	0.0140434	-0.041848	-0.0710969
0.554968	-0.298299	0.214061	0.0142641	-0.042185	-0.0710484
0.554986	-0.298339	0.213996	0.0140727	-0.0403416	-0.0726691
0.554997	-0.298382	0.213922	0.0129779	-0.0411714	-0.0735296
0.555012	-0.29842	0.213849	0.0125218	-0.0400655	-0.0770396
0.555022	-0.298468	0.213779	0.0121956	-0.0432526	-0.0733766
0.555035	-0.298502	0.213698	0.0131835	-0.0393496	-0.0759807
0.555047	-0.298549	0.213633	0.0126215	-0.0420542	-0.0718159
0.55506	-0.298588	0.21356	0.0132429	-0.0401278	-0.0738738
0.555075	-0.298622	0.213481	0.0148352	-0.0367386	-0.0733338
0.555089	-0.298667	0.213415	0.0137583	-0.0401421	-0.0718009
0.555104	-0.298701	0.213343	0.0141366	-0.0385877	-0.0715392
0.555115	-0.298749	0.213269	0.0130825	-0.0404187	-0.0726724
0.555129	-0.298785	0.213194	0.0145518	-0.0382372	-0.0721551
0.55514	-0.298821	0.213118	0.0130827	-0.0360161	-0.0747748
0.555155	-0.29886	0.213052	0.0143216	-0.0356752	-0.0743285
0.555168	-0.298895	0.212978	0.0141042	-0.0370242	-0.0737495
0.555178	-0.298937	0.212903	0.0129595	-0.0402357	-0.0717079
0.555192	-0.298972	0.212827	0.0138918	-0.0378365	-0.071008
0.555205	-0.299005	0.212748	0.0151335	-0.0343397	-0.0721637
0.555216	-0.299042	0.212672	0.0128704	-0.0362876	-0.0736595
0.555229	-0.299082	0.212599	0.0128833	-0.0371424	-0.0737432
0.555244	-0.299116	0.212526	0.0132457	-0.036851	-0.0740589
0.555257	-0.299157	0.212456	0.0134411	-0.0395772	-0.0724023
0.555269	-0.299193	0.212382	0.0124371	-0.0399067	-0.0702876
0.555291	-0.299263	0.212225	0.0117717	-0.0360279	-0.0780045
0.555303	-0.299298	0.212143	0.0115352	-0.0375159	-0.077653
0.555318	-0.299331	0.212074	0.0122167	-0.0379045	-0.0744531
0.555328	-0.299366	0.211996	0.0117601	-0.0373929	-0.0743251
0.55534	-0.299407	0.211925	0.0120965	-0.0384867	-0.0731676
0.555354	-0.299442	0.211853	0.013227	-0.0377851	-0.0706619
0.55537	-0.299476	0.211784	0.014422	-0.0369089	-0.0697316
0.555384	-0.29951	0.211714	0.0146168	-0.0366776	-0.0684091
0.555396	-0.299549	0.211649	0.0141636	-0.0373328	-0.0664716
0.555411	-0.299578	0.211579	0.0160246	-0.0327495	-0.0687942
0.555423	-0.299608	0.211501	0.0146608	-0.0338886	-0.0688996
0.555436	-0.299649	0.211439	0.0141326	-0.0367269	-0.0649914
0.555448	-0.299684	0.211372	0.0134902	-0.0336288	-0.069821
0.555463	-0.299718	0.211309	0.0136318	-0.0324822	-0.0683818
0.555472	-0.299755	0.211236	0.0118014	-0.0334998	-0.0707078
0.555487	-0.299786	0.211168	0.0132132	-0.0329526	-0.0695595
0.555503	-0.299823	0.211107	0.0136455	-0.0336192	-0.06709
0.555516	-0.299867	0.211043	0.0130381	-0.0361437	-0.0669872
0.555532	-0.299896	0.210978	0.0141654	-0.0351402	-0.0639525
0.555541	-0.299936	0.210905	0.0123722	-0.0348176	-0.0679423
0.555555	-0.299977	0.210852	0.0126057	-0.0384491	-0.061976
0.555569	-0.300012	0.210788	0.0136307	-0.0365785	-0.0628665
0.555586	-0.30005	0.210724	0.0145188	-0.0365456	-0.0631188
0.555599	-0.300085	0.210659	0.0154081	-0.0345044	-0.0638283
0.555612	-0.300122	0.210587	0.0148264	-0.034473	-0.0663201
0.555629	-0.300156	0.210529	0.0148624	-0.0357417	-0.0643353
0.555642	-0.300197	0.210466	0.0148646	-0.0370446	-0.062989
0.555658	-0.300233	0.210403	0.0147157	-0.0364819	-0.0628485
0.555675	-0.300273	0.21035	0.0164579	-0.0377874	-0.0582057
0.55569	-0.300308	0.210281	0.0152953	-0.0385162	-0.0617715
0.555705	-0.300348	0.210226	0.0148397	-0.0387519	-0.0602545
0.555721	-0.30038	0.210164	0.0158524	-0.0370393	-0.0592819
0.555735	-0.300418	0.210102	0.014208	-0.0396446	-0.0592511
0.555749	-0.300454	0.210041	0.0135527	-0.0380068	-0.0617841
0.555766	-0.300486	0.209975	0.0134046	-0.0351368	-0.0654322
0.55578	-0.300526	0.209922	0.0123349	-0.0387607	-0.062311
0.555794	-0.300562	0.209857	0.0130987	-0.0392567	-0.0619095
0.555813	-0.300596	0.209802	0.0158023	-0.0358161	-0.0595846
0.555829	-0.300638	0.209749	0.0148235	-0.0372874	-0.0598911
0.555844	-0.300674	0.20969	0.0149985	-0.0360747	-0.0597015
0.555857	-0.300707	0.209627	0.0147415	-0.0351056	-0.0614312
0.555871	-0.300747	0.209574	0.0153421	-0.0367814	-0.0556174
0.555883	-0.300784	0.209505	0.0141351	-0.0357769	-0.0592305
0.555899	-0.300821	0.209449	0.0144175	-0.0379281	-0.0553936
0.555909	-0.300862	0.209386	0.0119443	-0.0401323	-0.0589057
0.555925	-0.300894	0.209324	0.0134919	-0.0372594	-0.0597691
0.555938	-0.300932	0.209268	0.0143477	-0.0377664	-0.0575484
0.555953	-0.300968	0.209205	0.0135171	-0.0382633	-0.0588708
0.555969	-0.301007	0.209151	0.0142864	-0.0401259	-0.0569695
0.555982	-0.301044	0.209093	0.0135258	-0.0408075	-0.0563783
0.555991	-0.301083	0.209024	0.0108289	-0.0392833	-0.0611153
0.556011	-0.301117	0.208973	0.0120137	-0.0379697	-0.0606261
0.556018	-0.30116	0.20891	0.0117834	-0.0395006	-0.0583546
0.556032	-0.301195	0.208853	0.0119541	-0.0367646	-0.0596603
0.556043	-0.301228	0.208791	0.0122281	-0.0356369	-0.0593437
0.55607	-0.3013	0.20868	0.0126805	-0.034844	-0.0592284
0.55608	-0.301339	0.208621	0.0121427	-0.0350902	-0.0589104
0.556095	-0.301375	0.208563	0.0121957	-0.0365239	-0.0586515
0.556106	-0.301412	0.208506	0.0122923	-0.0359821	-0.0569408
0.556118	-0.301452	0.208451	0.0113934	-0.0378668	-0.055846
0.55613	-0.301488	0.208397	0.0115422	-0.0368248	-0.054803
0.556139	-0.301526	0.20833	0.0104984	-0.0360056	-0.0599874
0.55615	-0.301564	0.208276	0.00991716	-0.0354452	-0.05961
0.556159	-0.301602	0.208221	0.0100504	-0.0360477	-0.0578663
0.556172	-0.301636	0.208163	0.0115113	-0.0374539	-0.0550371
0.556183	-0.301672	0.20811	0.011446	-0.0364074	-0.0543644
0.556195	-0.301707	0.208054	0.0121908	-0.0354032	-0.0526273
0.556208	-0.301742	0.208	0.0117762	-0.034169	-0.0540737
0.55622	-0.30178	0.207948	0.0116545	-0.0346826	-0.0522053
0.556231	-0.301816	0.207887	0.0119531	-0.034603	-0.0537273
0.556245	-0.301853	0.207841	0.0130401	-0.0343499	-0.0524125
0.556259	-0.301887	0.207781	0.0150121	-0.0312591	-0.0539539
0.556272	-0.301923	0.207735	0.0133029	-0.0308488	-0.054345
0.556286	-0.301955	0.207686	0.0128676	-0.0309329	-0.0548333
0.556298	-0.301988	0.207631	0.0140585	-0.0296552	-0.0540948
0.556306	-0.302026	0.207575	0.0110044	-0.0317381	-0.0550885
0.556319	-0.30206	0.207525	0.013054	-0.0325868	-0.0512939
0.556328	-0.302101	0.207473	0.0112551	-0.0340585	-0.052395
0.556342	-0.302135	0.207423	0.0105657	-0.0350924	-0.0525524
0.556353	-0.302167	0.207369	0.0114919	-0.0338878	-0.0518112
0.556366	-0.302201	0.207321	0.011853	-0.0355172	-0.0490652
0.556378	-0.302243	0.207277	0.0109	-0.0372041	-0.0488012
0.556389	-0.302276	0.207223	0.0100911	-0.0372124	-0.0505555
0.556404	-0.302313	0.207184	0.0119034	-0.0373601	-0.0456119
0.556415	-0.302347	0.20713	0.0108646	-0.0360118	-0.0495606
0.556429	-0.302381	0.207083	0.0121521	-0.0353533	-0.0493864
0.55644	-0.302416	0.207038	0.0119858	-0.0357272	-0.0478842
0.556452	-0.302452	0.206986	0.0125491	-0.0355636	-0.0475999
0.556465	-0.302485	0.20694	0.0128307	-0.0341487	-0.0479719
0.556474	-0.302526	0.206889	0.0100973	-0.0375491	-0.048549
0.556485	-0.302564	0.206848	0.00973699	-0.0368419	-0.047709
0.556499	-0.302594	0.206797	0.0110755	-0.0344465	-0.0488251
0.55651	-0.30263	0.20675	0.0109259	-0.0341725	-0.0499867
0.556528	-0.302666	0.206716	0.0114978	-0.0357529	-0.047086
0.55654	-0.302699	0.206665	0.0122264	-0.0351203	-0.0476574
0.556553	-0.302744	0.206629	0.0100331	-0.0392974	-0.0464095
0.556571	-0.302769	0.206584	0.0126727	-0.0342162	-0.0473859
0.556579	-0.302809	0.206534	0.0104513	-0.0358161	-0.0490564
0.556594	-0.302847	0.206495	0.0117511	-0.0357892	-0.04674
0.556604	-0.302884	0.206444	0.00895068	-0.041033	-0.0464786
0.556617	-0.302918	0.206396	0.0105527	-0.0390053	-0.047249
0.55663	-0.302955	0.206358	0.0123982	-0.0386002	-0.041839
0.556643	-0.302988	0.206311	0.0128669	-0.0364507	-0.0436352
0.556657	-0.303029	0.206274	0.0138696	-0.0363282	-0.0413626
0.556671	-0.303067	0.206235	0.0145181	-0.0369804	-0.0401919
0.556683	-0.303106	0.206195	0.0147328	-0.0355583	-0.0405322
0.556702	-0.303139	0.206156	0.0145079	-0.0339213	-0.041822
0.556715	-0.303176	0.206111	0.0132273	-0.0343722	-0.0435998
0.556728	-0.303212	0.206068	0.0144771	-0.0334145	-0.0417231
0.556743	-0.303241	0.206024	0.0161305	-0.0298206	-0.0419945
0.556754	-0.30328	0.205978	0.014579	-0.0319784	-0.0416853
0.556764	-0.303316	0.205934	0.0119085	-0.0347668	-0.0421959
0.556778	-0.303353	0.205893	0.012742	-0.0349755	-0.0420183
0.55679	-0.303391	0.205853	0.012587	-0.037408	-0.0405713
0.556808	-0.303418	0.205814	0.0130727	-0.0352148	-0.0410455
0.556817	-0.303458	0.205769	0.0119023	-0.0366376	-0.0437195
0.556832	-0.303497	0.205733	0.0127696	-0.037063	-0.0412172
0.556847	-0.303529	0.205687	0.0134907	-0.037784	-0.0410801
0.556861	-0.303563	0.205645	0.0136316	-0.0381237	-0.0414629
0.556872	-0.303602	0.205606	0.0134014	-0.0365636	-0.0425624
0.556885	-0.303638	0.205558	0.0131883	-0.0354348	-0.0445215
0.556897	-0.303678	0.205519	0.0119488	-0.0375427	-0.0446053
0.556913	-0.30371	0.205476	0.0131762	-0.0355194	-0.0443121
0.556922	-0.303749	0.205432	0.0130787	-0.036664	-0.0419525
0.556936	-0.303785	0.205395	0.012329	-0.0379966	-0.0406452
0.556948	-0.303824	0.20535	0.0134247	-0.0383469	-0.0413671
0.556958	-0.303863	0.20531	0.0123647	-0.0382992	-0.0393721
0.556971	-0.303896	0.205267	0.012586	-0.0366453	-0.0413964
0.556984	-0.303929	0.205223	0.0126084	-0.0347394	-0.0429513
0.556999	-0.303967	0.205187	0.0125591	-0.0367873	-0.0406899
0.557013	-0.304003	0.205145	0.0124544	-0.03616	-0.0408262
0.557025	-0.304044	0.205105	0.0116047	-0.0365678	-0.0417009
0.557036	-0.304077	0.205063	0.0112551	-0.0372579	-0.0402958
0.557049	-0.304111	0.205022	0.0136394	-0.0347308	-0.0383463
0.557059	-0.304151	0.204986	0.0126035	-0.035634	-0.0367154
0.557071	-0.304185	0.204943	0.0110326	-0.0331029	-0.0425437
0.557083	-0.304226	0.204909	0.011427	-0.0347256	-0.0398223
0.557098	-0.304257	0.204869	0.0128289	-0.0326348	-0.0404152
0.557106	-0.304298	0.20483	0.0118687	-0.0345487	-0.0408062
0.557117	-0.304333	0.204788	0.00990644	-0.0352742	-0.0411549
0.55713	-0.304373	0.20475	0.0111921	-0.0354174	-0.0393147
0.557141	-0.304409	0.204711	0.0111488	-0.0342777	-0.0401817
0.557153	-0.304448	0.20467	0.0105471	-0.0358978	-0.0408888
0.557163	-0.304487	0.20463	0.010909	-0.0355311	-0.0404961
0.557177	-0.304521	0.204592	0.0101819	-0.0355782	-0.0395134
0.557186	-0.30456	0.204549	0.00985657	-0.0362508	-0.0393089
0.557197	-0.304599	0.204514	0.0119375	-0.036521	-0.0360608
0.557211	-0.304635	0.204482	0.0119898	-0.0369965	-0.0354755
0.557221	-0.304671	0.204437	0.0118486	-0.0361309	-0.0393107
0.557234	-0.304709	0.204405	0.0130392	-0.0363037	-0.0370585
0.557249	-0.304741	0.204363	0.0132916	-0.0341489	-0.0389839
0.557258	-0.304775	0.20432	0.0105955	-0.0353662	-0.0413971
0.557268	-0.304816	0.204281	0.00936992	-0.038598	-0.0399343
0.557307	-0.304924	0.204171	0.0121272	-0.0366686	-0.0354829
0.55732	-0.304958	0.204133	0.0113796	-0.0375726	-0.0367455
0.557332	-0.304996	0.2041	0.0105949	-0.0395399	-0.035374
0.557345	-0.305027	0.204063	0.0103931	-0.0358372	-0.0390906
0.557352	-0.305065	0.204025	0.00832309	-0.0366724	-0.040444
0.557363	-0.305098	0.203986	0.0079335	-0.0359886	-0.040382
0.557374	-0.305133	0.203956	0.00819613	-0.0351241	-0.0380569
0.557387	-0.305167	0.203924	0.00899616	-0.0344082	-0.0361777
0.557395	-0.305204	0.203886	0.00807046	-0.0347156	-0.0362659
0.557405	-0.305242	0.203851	0.00976309	-0.0332109	-0.0358836
0.557413	-0.305273	0.203813	0.00953404	-0.0329218	-0.0353089
0.557421	-0.305309	0.203777	0.00838886	-0.0358516	-0.0345604
0.557434	-0.305344	0.203742	0.0107791	-0.0354078	-0.0319435
0.557444	-0.305382	0.203712	0.0109024	-0.0362534	-0.0303726
0.557457	-0.305413	0.203682	0.0112679	-0.0343806	-0.0302794
0.557465	-0.305448	0.20364	0.00901827	-0.0359657	-0.0339148
0.557475	-0.305482	0.203608	0.0101505	-0.0356441	-0.0322787
0.55749	-0.305511	0.20358	0.0118772	-0.032717	-0.0301792
0.557495	-0.305547	0.203536	0.00969423	-0.0336203	-0.0339362
0.557504	-0.305587	0.203507	0.0105651	-0.0360241	-0.0303492
0.557511	-0.305618	0.203466	0.0100742	-0.0365187	-0.0311016
0.557523	-0.305651	0.20343	0.0106535	-0.0369187	-0.0306495
0.557532	-0.305683	0.203394	0.00937317	-0.0369775	-0.0326597
0.557542	-0.305717	0.203353	0.010709	-0.0365679	-0.033633
0.557553	-0.305757	0.203325	0.0122585	-0.0357782	-0.0303017
0.557561	-0.305791	0.203286	0.0114841	-0.0354964	-0.0312801
0.55757	-0.305827	0.203247	0.0102162	-0.0346838	-0.0350352
0.557584	-0.305855	0.203217	0.0118255	-0.0325134	-0.0322487
0.557594	-0.305889	0.203178	0.0127871	-0.0318703	-0.0334239
0.557607	-0.305926	0.203151	0.0114167	-0.0348275	-0.0313742
0.557615	-0.305962	0.203112	0.0102204	-0.036564	-0.0321036
0.557627	-0.305988	0.203072	0.00936007	-0.0345749	-0.0355175
0.557637	-0.306023	0.203037	0.00923976	-0.0352463	-0.0348677
0.557648	-0.306056	0.203001	0.00916933	-0.0345049	-0.0338224
0.557661	-0.306087	0.20297	0.00963035	-0.0334823	-0.0339577
0.557672	-0.306119	0.202933	0.00953418	-0.0330476	-0.035327
0.557686	-0.306148	0.202902	0.0110374	-0.0323489	-0.0317575
0.557693	-0.306181	0.202866	0.0101298	-0.0342928	-0.0304376
0.557702	-0.306217	0.20283	0.00944639	-0.0348615	-0.0312126
0.557717	-0.306243	0.202797	0.0118767	-0.0312334	-0.0321461
0.55773	-0.306275	0.202769	0.0133691	-0.0303583	-0.0298583
0.557739	-0.306307	0.202737	0.0129955	-0.0295992	-0.0302867
0.557747	-0.306346	0.202707	0.0126225	-0.0307368	-0.0311469
0.557759	-0.306373	0.202678	0.0120565	-0.0298304	-0.0298863
0.557771	-0.306401	0.202647	0.012045	-0.0288029	-0.0305914
0.557779	-0.306437	0.202616	0.00987111	-0.0310665	-0.0312848
0.55779	-0.306466	0.202582	0.0107404	-0.0306061	-0.0306367
0.557798	-0.3065	0.202557	0.00834738	-0.0323951	-0.0298723
0.557806	-0.306534	0.202525	0.009001	-0.0331457	-0.02817
0.557817	-0.30656	0.20249	0.00865426	-0.0301814	-0.0320844
0.557826	-0.306594	0.202464	0.00909953	-0.0311852	-0.028039
0.557831	-0.306629	0.202427	0.00848538	-0.0330596	-0.0281344
0.557841	-0.306664	0.202398	0.0113924	-0.0317852	-0.0272832
0.557851	-0.306694	0.202372	0.0111446	-0.0314424	-0.0265256
0.557862	-0.306724	0.20234	0.011996	-0.029639	-0.0275149
0.557873	-0.306757	0.202318	0.0127279	-0.0305727	-0.0237362
0.557884	-0.306791	0.202288	0.0125729	-0.0322054	-0.0246436
0.557895	-0.306819	0.202262	0.0134616	-0.0296743	-0.0239433
0.557899	-0.306854	0.202223	0.0108088	-0.0314387	-0.0272397
0.557911	-0.306885	0.202193	0.0117555	-0.02944	-0.0281372
0.557919	-0.306917	0.202162	0.00885116	-0.0320917	-0.0305201
0.557925	-0.306949	0.202127	0.00766025	-0.0320054	-0.0324017
0.557934	-0.306982	0.202097	0.0083132	-0.0306065	-0.0318524
0.557943	-0.307011	0.202064	0.00746517	-0.0297564	-0.0355369
0.557951	-0.307043	0.20203	0.00676495	-0.0311275	-0.0344212
0.557963	-0.307069	0.202	0.00718051	-0.029945	-0.0332218
0.557968	-0.3071	0.201956	0.00675378	-0.0284827	-0.0364775
0.557979	-0.307131	0.20193	0.00701335	-0.0312561	-0.034169
0.557987	-0.307164	0.201899	0.00702589	-0.0350016	-0.0299726
0.557995	-0.307194	0.201866	0.00706292	-0.0339966	-0.0326567
0.558009	-0.307223	0.20184	0.00993497	-0.0312126	-0.0302239
0.558016	-0.307255	0.201808	0.00870647	-0.0293921	-0.0335489
0.558026	-0.307286	0.201777	0.00788179	-0.0323627	-0.0322966
0.558037	-0.307314	0.201747	0.0091651	-0.0294228	-0.032499
0.558042	-0.307346	0.201712	0.00876054	-0.0289938	-0.0309214
0.558054	-0.307369	0.201682	0.0089951	-0.027292	-0.0327812
0.55806	-0.307399	0.201645	0.0078411	-0.0294502	-0.0319147
0.558068	-0.307425	0.201609	0.00766465	-0.0263777	-0.0351388
0.558075	-0.307457	0.201578	0.00911173	-0.0273562	-0.0325449
0.558082	-0.307484	0.201542	0.00923794	-0.0264698	-0.033016
0.558095	-0.307508	0.201513	0.0102345	-0.0258919	-0.030882
0.558101	-0.30754	0.201482	0.00936304	-0.0289835	-0.0286033
0.558107	-0.307562	0.201446	0.00770947	-0.0269713	-0.0314433
0.558114	-0.307591	0.201414	0.00757384	-0.0283074	-0.0302191
0.558122	-0.307622	0.201385	0.00751812	-0.0298646	-0.0300026
0.558132	-0.307648	0.201356	0.0077188	-0.029268	-0.0303451
0.558136	-0.307679	0.201322	0.00777326	-0.0285958	-0.0315588
0.558145	-0.307706	0.201293	0.00764342	-0.0287297	-0.0307425
0.558156	-0.307735	0.201268	0.00773422	-0.0295447	-0.0298385
0.558164	-0.307757	0.201235	0.00867448	-0.0265462	-0.0315458
0.558171	-0.307786	0.201202	0.00873032	-0.0266039	-0.031949
0.558176	-0.307816	0.201171	0.00758947	-0.0281607	-0.0318938
0.558182	-0.307845	0.201135	0.0083073	-0.0277887	-0.0324172
0.558187	-0.307872	0.201104	0.00885498	-0.0261345	-0.031113
0.558192	-0.307897	0.201066	0.00974495	-0.0247576	-0.0307923
0.558199	-0.307928	0.201038	0.00847511	-0.0267449	-0.0291888
0.558203	-0.307956	0.200998	0.00656133	-0.0271643	-0.0320057
0.558218	-0.308042	0.200906	0.00573475	-0.0267292	-0.0334416
0.55824	-0.308122	0.200815	0.00593659	-0.0265052	-0.0312134
0.558244	-0.30815	0.200785	0.00547369	-0.0257355	-0.0310078
0.55825	-0.308176	0.200752	0.00524232	-0.0268027	-0.0309337
0.558256	-0.308203	0.20072	0.00596438	-0.0288035	-0.0281063
0.558265	-0.308227	0.200694	0.00705178	-0.0263398	-0.0272802
0.558267	-0.308258	0.200659	0.00636437	-0.0270045	-0.0287581
0.558275	-0.308284	0.200634	0.00764841	-0.0257601	-0.0274553
0.558278	-0.308308	0.200596	0.00656203	-0.0245036	-0.0311436
0.558282	-0.308334	0.200568	0.00675368	-0.0239066	-0.030208
0.558285	-0.308361	0.200537	0.00533083	-0.0235332	-0.0325374
0.558291	-0.308382	0.200505	0.0033348	-0.0250935	-0.0320614
0.558292	-0.308415	0.200477	0.00200715	-0.0274845	-0.0319479
0.558296	-0.308438	0.200447	0.0034613	-0.0255315	-0.0305326
0.558303	-0.308462	0.200421	0.00261418	-0.0270176	-0.0303568
0.558307	-0.308485	0.20039	0.00484097	-0.0210715	-0.0321038
0.558306	-0.308513	0.200355	0.0046033	-0.0223891	-0.0311829
0.558312	-0.308538	0.200329	0.00489758	-0.0237835	-0.0283963
0.558315	-0.308559	0.200295	0.00513329	-0.0213921	-0.0310724
0.558315	-0.308591	0.200266	0.00479889	-0.0233599	-0.0290753
0.558314	-0.308616	0.200234	0.00277268	-0.023941	-0.0308436
0.558321	-0.308641	0.200206	0.00275932	-0.0244493	-0.0316942
0.558321	-0.308664	0.200173	0.00218374	-0.0246116	-0.0305016
0.55832	-0.308691	0.20014	0.000908523	-0.0264007	-0.0328381
0.558321	-0.308714	0.200105	0.00119502	-0.0269183	-0.0314469
0.558324	-0.308739	0.200078	0.0016929	-0.0276078	-0.0286102
0.558325	-0.30876	0.200044	0.00169364	-0.0253826	-0.0278379
0.558326	-0.308785	0.200012	0.0016319	-0.0262981	-0.0292769
0.558323	-0.308809	0.19998	-0.000544291	-0.0269576	-0.0291304
0.558328	-0.308828	0.199949	0.00117193	-0.0265519	-0.0285733
0.55833	-0.308847	0.199921	0.00265162	-0.0242148	-0.0270578
0.558324	-0.308875	0.199886	0.000187692	-0.0252598	-0.0294924
0.558327	-0.308895	0.19986	0.00092363	-0.0246316	-0.0281579
0.558326	-0.308916	0.199826	0.00103459	-0.0233158	-0.0285308
0.558321	-0.308941	0.19979	-0.00145645	-0.0250729	-0.0306957
0.558321	-0.308961	0.199759	-0.00222906	-0.0242494	-0.031878
0.558321	-0.308981	0.199728	-0.00300114	-0.0235944	-0.033025
0.558317	-0.309003	0.199692	-0.00444657	-0.0240256	-0.0346655
0.558319	-0.309022	0.199664	-0.00264916	-0.0216667	-0.032162
0.558317	-0.309042	0.19963	-0.00345148	-0.0232409	-0.033036
0.558313	-0.309066	0.199601	-0.00317941	-0.0222584	-0.0324836
0.558313	-0.309086	0.199568	-0.00361939	-0.0199036	-0.0367051
0.558308	-0.309106	0.199533	-0.00414744	-0.018729	-0.0382659
0.558302	-0.30913	0.199498	-0.00470741	-0.0198808	-0.0378976
0.558303	-0.309147	0.199467	-0.00262673	-0.0178469	-0.0356569
0.558295	-0.30917	0.199433	-0.00397403	-0.0182582	-0.0363404
0.558292	-0.309193	0.199399	-0.00446485	-0.0198941	-0.0356577
0.558292	-0.309215	0.199374	-0.00179153	-0.0197732	-0.0324167
0.558285	-0.309233	0.199337	-0.00451046	-0.0199625	-0.0338492
0.558277	-0.309261	0.199301	-0.00563012	-0.0223162	-0.0342393
0.558279	-0.309277	0.199277	-0.00338246	-0.0212254	-0.0301671
0.558275	-0.309298	0.199245	-0.00295309	-0.0202011	-0.0306329
0.558268	-0.30932	0.19921	-0.00332168	-0.0197859	-0.0317258
0.558268	-0.309339	0.199185	-0.00142261	-0.0186522	-0.0288159
0.558258	-0.309361	0.199146	-0.00538755	-0.0204951	-0.0329524
0.558255	-0.30938	0.199119	-0.0054211	-0.0206902	-0.0318866
0.55825	-0.309402	0.199089	-0.00552889	-0.022264	-0.0309101
0.558243	-0.30942	0.199053	-0.00595249	-0.0196086	-0.0334792
0.558236	-0.309439	0.199024	-0.00665685	-0.0203052	-0.0323566
0.558232	-0.30946	0.198993	-0.00556442	-0.0195136	-0.0326393
0.558225	-0.309476	0.198959	-0.00541202	-0.0173202	-0.0337993
0.558218	-0.309499	0.198933	-0.00457613	-0.0180387	-0.0293447
0.558212	-0.309519	0.198897	-0.00360642	-0.0163798	-0.0306046
0.558204	-0.309535	0.198867	-0.00454553	-0.0167971	-0.0285163
0.558195	-0.309556	0.198835	-0.00733798	-0.0201485	-0.029539
0.558185	-0.309577	0.1988	-0.00718472	-0.0201409	-0.0296733
0.558177	-0.3096	0.198772	-0.00825506	-0.0209925	-0.0304389
0.558168	-0.309618	0.198738	-0.0100707	-0.0203352	-0.0342509
0.558161	-0.309634	0.198704	-0.0100432	-0.0193094	-0.0359819
0.558152	-0.309656	0.198677	-0.0096427	-0.0185558	-0.0351703
0.558144	-0.309674	0.198646	-0.00848468	-0.0187987	-0.0335336
0.558134	-0.309694	0.198616	-0.00986688	-0.0197172	-0.0322469
0.558123	-0.309715	0.198583	-0.0106916	-0.0212426	-0.0322885
0.558115	-0.309734	0.198551	-0.0102381	-0.0207637	-0.0327208
0.558106	-0.30975	0.198522	-0.0082572	-0.0185527	-0.0308026
0.558096	-0.309768	0.198487	-0.00738226	-0.0179629	-0.0305747
0.558086	-0.309789	0.19846	-0.00771247	-0.0174966	-0.0306049
0.558077	-0.309806	0.198426	-0.00670468	-0.0172299	-0.0302278
0.558067	-0.30982	0.198393	-0.00899521	-0.0169395	-0.0315926
0.558058	-0.309842	0.198363	-0.00997628	-0.0192296	-0.0324692
0.558047	-0.30986	0.198327	-0.00978771	-0.01768	-0.0338782
0.558039	-0.309875	0.198295	-0.0106101	-0.0196726	-0.0327076
0.558028	-0.30989	0.198257	-0.0109025	-0.0193677	-0.0327345
0.558018	-0.309909	0.198231	-0.0112766	-0.0204539	-0.0316254
0.558004	-0.30993	0.198195	-0.0111313	-0.0203684	-0.0302387
0.557998	-0.309944	0.198165	-0.0104281	-0.0188861	-0.0293563
0.557987	-0.30996	0.19813	-0.01024	-0.0174992	-0.0312621
0.557975	-0.309974	0.198092	-0.0108201	-0.0153101	-0.0346506
0.557964	-0.309993	0.198064	-0.0100165	-0.0157993	-0.0317128
0.557953	-0.310012	0.198031	-0.0104696	-0.0160861	-0.0324844
0.557939	-0.310022	0.197989	-0.0120388	-0.0130992	-0.0382979
0.557929	-0.310039	0.197962	-0.0097501	-0.0147076	-0.0314816
0.557917	-0.310055	0.19793	-0.0109784	-0.0158251	-0.0318607
0.557901	-0.310075	0.197893	-0.0135827	-0.0177794	-0.0349968
0.557892	-0.310091	0.197869	-0.0119752	-0.0161382	-0.032244
0.55788	-0.310102	0.19783	-0.0114458	-0.0138762	-0.0341131
0.557854	-0.310135	0.197769	-0.012015	-0.0158152	-0.0301853
0.557828	-0.310168	0.19771	-0.0115826	-0.0161313	-0.0282279
0.557813	-0.310186	0.197674	-0.0126272	-0.017354	-0.0293172
0.557803	-0.3102	0.197648	-0.0110044	-0.0159632	-0.0267288
0.557783	-0.310219	0.197608	-0.013534	-0.0171809	-0.0314018
0.55777	-0.310234	0.197576	-0.0142555	-0.0174137	-0.0342989
0.557757	-0.310252	0.197548	-0.0148666	-0.0181969	-0.0322654
0.557744	-0.310266	0.197511	-0.0147402	-0.0177869	-0.0347513
0.557732	-0.310281	0.197487	-0.0148857	-0.0167763	-0.0325281
0.557715	-0.310301	0.197455	-0.0157687	-0.0189234	-0.0320458
0.557701	-0.310311	0.197422	-0.0146742	-0.0167563	-0.0314902
0.557686	-0.310335	0.197397	-0.0156912	-0.0196793	-0.0290969
0.55767	-0.310349	0.197359	-0.0163094	-0.0176824	-0.0326054
0.557659	-0.310364	0.197333	-0.0145683	-0.0182025	-0.0292024
0.55764	-0.310383	0.197302	-0.0161364	-0.0189304	-0.0287463
0.557626	-0.310397	0.197266	-0.0148293	-0.0178865	-0.0287782
0.557611	-0.310416	0.197244	-0.0143429	-0.0169798	-0.0254549
0.557593	-0.310428	0.197204	-0.0140953	-0.0141072	-0.0295412
0.557578	-0.310445	0.197175	-0.0149204	-0.0172821	-0.026447
0.557561	-0.310465	0.197148	-0.0161948	-0.0184284	-0.0289545
0.557544	-0.310481	0.197114	-0.0162381	-0.017704	-0.0296558
0.557526	-0.310497	0.197084	-0.0171119	-0.0174387	-0.0304498
0.557513	-0.310509	0.19705	-0.0158279	-0.0156044	-0.0318476
0.557493	-0.310533	0.197025	-0.0178562	-0.0180262	-0.0328209
0.55748	-0.310548	0.197	-0.0175625	-0.0183072	-0.0317432
0.557458	-0.310565	0.196959	-0.0189009	-0.0181316	-0.0338824
0.557441	-0.310584	0.196935	-0.0173528	-0.0171227	-0.0316746
0.557425	-0.310601	0.196906	-0.0170305	-0.0174056	-0.0297277
0.557409	-0.310619	0.196875	-0.0168284	-0.0178787	-0.0291123
0.557389	-0.310636	0.196847	-0.0169897	-0.0177254	-0.0279246
0.557374	-0.310651	0.196816	-0.0172748	-0.0191807	-0.0276151
0.557357	-0.310667	0.196786	-0.0179623	-0.0201557	-0.0269314
0.557338	-0.31069	0.196762	-0.0183562	-0.0213826	-0.0247371
0.55732	-0.310707	0.196729	-0.0189404	-0.0220275	-0.026371
0.557306	-0.31072	0.196705	-0.0167889	-0.0175936	-0.0268468
0.557286	-0.310739	0.19667	-0.0170517	-0.0181287	-0.0278874
0.557271	-0.310753	0.196638	-0.0163203	-0.0172263	-0.0282301
0.557253	-0.310777	0.196619	-0.0163166	-0.0196161	-0.0241574
0.557236	-0.310793	0.196586	-0.0165649	-0.0184984	-0.0257936
0.557222	-0.310807	0.196563	-0.0152253	-0.0155468	-0.0258576
0.557206	-0.310825	0.196533	-0.0151537	-0.0165245	-0.0259186
0.55719	-0.31084	0.196504	-0.0152672	-0.0165546	-0.0260182
0.55717	-0.310863	0.19648	-0.0151927	-0.0169768	-0.0238508
0.557152	-0.310878	0.196445	-0.0170502	-0.018186	-0.0264197
0.557135	-0.310897	0.196422	-0.0165677	-0.0184073	-0.0245389
0.55712	-0.310914	0.196397	-0.0172458	-0.0195724	-0.0260841
0.557099	-0.310938	0.196368	-0.0172684	-0.0194867	-0.0262713
0.557083	-0.310955	0.196343	-0.0162799	-0.0182029	-0.0250924
0.557066	-0.310974	0.196315	-0.0157267	-0.0185852	-0.0230812
0.557047	-0.310997	0.19629	-0.0166336	-0.0194166	-0.024241
0.557032	-0.311011	0.196263	-0.0161896	-0.0171979	-0.0265423
0.557015	-0.311026	0.196232	-0.0176182	-0.0178337	-0.0296094
0.556998	-0.31105	0.196212	-0.0172819	-0.0201803	-0.0256483
0.556979	-0.311069	0.196179	-0.018336	-0.0202225	-0.0296741
0.556961	-0.311092	0.196158	-0.0184623	-0.0207854	-0.028442
0.556944	-0.311108	0.196127	-0.0184506	-0.0191168	-0.0309496
0.556926	-0.31113	0.1961	-0.0184504	-0.0193898	-0.0314775
0.556911	-0.311146	0.196077	-0.0167984	-0.0183844	-0.0280365
0.556894	-0.311166	0.19605	-0.0167205	-0.0183754	-0.0286275
0.556876	-0.311182	0.196025	-0.0182017	-0.0191414	-0.0273282
0.55686	-0.311205	0.196	-0.0166367	-0.0196915	-0.025652
0.556845	-0.31122	0.195971	-0.0159509	-0.0178081	-0.0259843
0.556822	-0.311247	0.195944	-0.0194477	-0.0218292	-0.0283065
0.556808	-0.311265	0.195921	-0.0183652	-0.021885	-0.0264761
0.556789	-0.311286	0.195899	-0.0187879	-0.0226955	-0.0245348
0.556771	-0.311308	0.195871	-0.0186039	-0.022654	-0.0253406
0.556753	-0.311329	0.195845	-0.0176694	-0.0200119	-0.0259611
0.556736	-0.311352	0.195825	-0.0170151	-0.0203985	-0.0238148
0.556717	-0.311371	0.195796	-0.0173626	-0.0193999	-0.0260747
0.556701	-0.311392	0.195775	-0.0168763	-0.0191882	-0.0243532
0.556684	-0.311412	0.195751	-0.0163156	-0.0191435	-0.0238587
0.556667	-0.311434	0.195731	-0.0160739	-0.0197346	-0.0208198
0.55665	-0.311454	0.19571	-0.0161204	-0.0191006	-0.0213698
0.556634	-0.311472	0.195686	-0.0149059	-0.0166578	-0.0221991
0.556615	-0.311493	0.195659	-0.0160732	-0.0179756	-0.023958
0.5566	-0.311515	0.195644	-0.0153279	-0.0185191	-0.0220495
0.556583	-0.311534	0.195615	-0.0152695	-0.0183937	-0.0223794
0.556567	-0.311553	0.195595	-0.0150078	-0.0186641	-0.0201122
0.556549	-0.311578	0.195579	-0.0157728	-0.0203922	-0.0187329
0.556532	-0.311591	0.195544	-0.015641	-0.0171559	-0.024092
0.556516	-0.311617	0.195529	-0.0158616	-0.0195619	-0.0220235
0.5565	-0.311636	0.195505	-0.015723	-0.0192497	-0.0217214
0.556483	-0.311658	0.195483	-0.015935	-0.0195659	-0.0224795
0.556468	-0.311672	0.195464	-0.0151454	-0.0177757	-0.0198066
0.556449	-0.311693	0.195437	-0.016116	-0.019847	-0.0199054
0.556431	-0.311715	0.195414	-0.0174249	-0.0217837	-0.0209228
0.556415	-0.311739	0.195396	-0.0169151	-0.0217226	-0.0201185
0.556395	-0.311763	0.195372	-0.0183501	-0.0236123	-0.0212064
0.55638	-0.311779	0.19535	-0.0171681	-0.0205487	-0.0222662
0.55636	-0.311808	0.195331	-0.0177876	-0.0221211	-0.0215188
0.556345	-0.311825	0.195308	-0.0164406	-0.0197012	-0.0225695
0.556327	-0.311847	0.195288	-0.0159927	-0.0201902	-0.0203042
0.556309	-0.311867	0.195259	-0.017792	-0.0210101	-0.0256107
0.556295	-0.311886	0.19524	-0.0166195	-0.0201318	-0.023568
0.556278	-0.311906	0.195217	-0.0163469	-0.0191165	-0.0242802
0.556258	-0.311933	0.195201	-0.0169671	-0.0206849	-0.0216123
0.556243	-0.311955	0.195178	-0.0165392	-0.0220127	-0.0205162
0.556224	-0.311973	0.195152	-0.0175897	-0.0214777	-0.0222565
0.556207	-0.311996	0.195135	-0.017204	-0.021587	-0.0193529
0.556192	-0.312014	0.195109	-0.0169603	-0.0216309	-0.0211103
0.55617	-0.312042	0.195088	-0.0184823	-0.023331	-0.0217021
0.556155	-0.312061	0.195068	-0.0170336	-0.0219573	-0.020828
0.556135	-0.312085	0.195043	-0.0182353	-0.0232604	-0.0222624
0.556116	-0.312107	0.195017	-0.018934	-0.0236526	-0.0238387
0.5561	-0.31213	0.195002	-0.0178661	-0.0225305	-0.0215781
0.556079	-0.312153	0.194972	-0.0184481	-0.0216202	-0.0249296
0.556062	-0.312178	0.194954	-0.0175962	-0.0211635	-0.023665
0.556045	-0.3122	0.194929	-0.0176365	-0.0217993	-0.0247329
0.556025	-0.312221	0.19491	-0.0188565	-0.0223486	-0.0238388
0.556011	-0.312246	0.194893	-0.018117	-0.0232653	-0.0227774
0.555991	-0.312266	0.19487	-0.0189975	-0.0235657	-0.0215939
0.555972	-0.312289	0.194849	-0.0195292	-0.0246469	-0.020214
0.555957	-0.312309	0.194824	-0.0175954	-0.0216632	-0.0227138
0.555938	-0.312336	0.194809	-0.0191134	-0.0263297	-0.0188961
0.555925	-0.312352	0.194788	-0.0178751	-0.0235656	-0.018607
0.555905	-0.312376	0.194765	-0.0190035	-0.0246504	-0.0205913
0.555887	-0.312397	0.194744	-0.0181613	-0.0232658	-0.0192097
0.555869	-0.312419	0.194723	-0.0176164	-0.0221149	-0.0203541
0.555856	-0.31244	0.194705	-0.0164771	-0.0211049	-0.020514
0.555833	-0.312466	0.194683	-0.0186442	-0.0233238	-0.0216949
0.55582	-0.312485	0.194662	-0.0164418	-0.0208912	-0.0222357
0.555802	-0.312507	0.194643	-0.0178419	-0.0224486	-0.0222811
0.555787	-0.312529	0.194625	-0.017219	-0.0225868	-0.0203735
0.555767	-0.312552	0.194601	-0.018759	-0.0236577	-0.0222923
0.555752	-0.312576	0.194587	-0.0172298	-0.0222021	-0.0206023
0.555735	-0.312596	0.194563	-0.0166186	-0.0207891	-0.0207321
0.555717	-0.312622	0.194543	-0.0153654	-0.0193261	-0.0208827
0.5557	-0.312647	0.194528	-0.0152446	-0.022311	-0.0175925
0.555684	-0.312665	0.194505	-0.0154463	-0.0221549	-0.0177309
0.555667	-0.312686	0.194485	-0.0161985	-0.0216704	-0.0191708
0.555649	-0.312711	0.194463	-0.0168804	-0.0240502	-0.0187706
0.555635	-0.312732	0.194448	-0.016874	-0.0238834	-0.0186283
0.555616	-0.312758	0.194425	-0.0171141	-0.0229743	-0.0214395
0.555602	-0.312778	0.194411	-0.0156678	-0.0203969	-0.0202205
0.555585	-0.3128	0.194393	-0.0164118	-0.0227037	-0.0198391
0.55557	-0.312821	0.194368	-0.0160707	-0.0211451	-0.0215668
0.555553	-0.312843	0.194351	-0.0151633	-0.0209571	-0.0189904
0.555538	-0.312869	0.194339	-0.0142872	-0.0220351	-0.0151293
0.555525	-0.312884	0.194317	-0.0127993	-0.018671	-0.0167834
0.555508	-0.312912	0.194303	-0.0132065	-0.0209376	-0.0145824
0.555489	-0.312938	0.194281	-0.0154672	-0.0231052	-0.016244
0.555475	-0.31296	0.194264	-0.0148233	-0.0214136	-0.0177503
0.555464	-0.31298	0.194254	-0.0146208	-0.021892	-0.015259
0.555444	-0.31301	0.194232	-0.0157767	-0.0226006	-0.0167146
0.555433	-0.313027	0.194217	-0.0147284	-0.0215239	-0.0172704
0.555416	-0.313051	0.194198	-0.0150284	-0.0222083	-0.0170794
0.555402	-0.313068	0.194175	-0.0153887	-0.0219682	-0.0179451
0.555392	-0.313088	0.194166	-0.0154372	-0.0229883	-0.0168271
0.555376	-0.313112	0.194145	-0.017617	-0.0243926	-0.0204777
0.555365	-0.313134	0.194134	-0.0156981	-0.0229205	-0.0189978
0.555351	-0.313152	0.194117	-0.0149731	-0.0209791	-0.0198593
0.555336	-0.313177	0.1941	-0.0147745	-0.021914	-0.0187353
0.555322	-0.313197	0.194082	-0.0151227	-0.0203416	-0.0202505
0.55531	-0.313215	0.194065	-0.0147702	-0.0196101	-0.0197451
0.555299	-0.313232	0.194047	-0.0145917	-0.0191031	-0.0192106
0.555287	-0.313254	0.194036	-0.0151321	-0.0217959	-0.0161438
0.555275	-0.313272	0.194017	-0.0145744	-0.0205527	-0.017528
0.555262	-0.313294	0.194003	-0.0148245	-0.0220551	-0.0144411
0.555254	-0.313308	0.193988	-0.0128915	-0.019624	-0.0140496
0.555238	-0.313332	0.193968	-0.0138802	-0.0217674	-0.013298
0.555228	-0.313353	0.193961	-0.0114511	-0.0220205	-0.00944542
0.555218	-0.313367	0.19394	-0.00998676	-0.0181465	-0.0127681
0.555206	-0.313391	0.19393	-0.0110742	-0.0201761	-0.012127
0.555193	-0.313406	0.193909	-0.0126542	-0.0185936	-0.0169836
0.555183	-0.313432	0.193901	-0.0106131	-0.0212495	-0.012162
0.555175	-0.313449	0.193891	-0.00933101	-0.018642	-0.013397
0.555163	-0.313465	0.193872	-0.0103665	-0.0182423	-0.0149553
0.555153	-0.313484	0.193862	-0.0086002	-0.0182274	-0.0119367
0.555141	-0.313504	0.193846	-0.0106427	-0.0192634	-0.0135793
0.555134	-0.313518	0.193836	-0.00860245	-0.0162545	-0.0126168
0.555125	-0.313537	0.193826	-0.00807241	-0.0165906	-0.0110098
0.555115	-0.313556	0.193809	-0.00813839	-0.0161816	-0.0129911
0.555107	-0.313573	0.1938	-0.00761595	-0.0148271	-0.0121114
0.555098	-0.313592	0.193786	-0.00764265	-0.0150675	-0.0125827
0.555089	-0.313607	0.193773	-0.00738991	-0.0131771	-0.0133191
0.555081	-0.313627	0.193766	-0.00895972	-0.0175771	-0.0115532
0.55507	-0.313645	0.193749	-0.00997371	-0.0185527	-0.0121069
0.555065	-0.313661	0.193743	-0.00916846	-0.0195577	-0.00889816
0.555058	-0.313678	0.193737	-0.00898853	-0.0198386	-0.00755265
0.555049	-0.313695	0.193721	-0.0097592	-0.0180763	-0.0131197
0.555042	-0.313711	0.193709	-0.00825599	-0.0168945	-0.0128055
0.555034	-0.313727	0.193696	-0.00664059	-0.0166584	-0.0117511
0.555028	-0.313746	0.193694	-0.00620282	-0.0172313	-0.00857118
0.555023	-0.313762	0.193686	-0.00427231	-0.0167046	-0.00662782
0.555015	-0.313777	0.193669	-0.00523915	-0.0154466	-0.0107281
0.555006	-0.313797	0.19366	-0.00713479	-0.0174879	-0.0120001
0.555002	-0.313812	0.193649	-0.007298	-0.0171641	-0.012429
0.554998	-0.313825	0.19364	-0.0060853	-0.0155548	-0.01062
0.55499	-0.313846	0.193631	-0.00585334	-0.01511	-0.0107185
0.554981	-0.313864	0.193618	-0.00614902	-0.0156743	-0.0102952
0.554981	-0.313877	0.193616	-0.0047166	-0.0145458	-0.00666286
0.554978	-0.313889	0.193606	-0.00308532	-0.0136704	-0.00613606
0.55497	-0.313905	0.193593	-0.00531106	-0.015487	-0.00861487
0.554967	-0.313922	0.193588	-0.00470229	-0.015994	-0.008331
0.554963	-0.313936	0.193577	-0.00433015	-0.0155324	-0.00996698
0.554961	-0.313951	0.193573	-0.00298857	-0.0150757	-0.00677399
0.554958	-0.313964	0.193569	-0.00327878	-0.0146837	-0.00642877
0.554956	-0.313981	0.193563	-0.00225314	-0.0156891	-0.00524069
0.554954	-0.313994	0.193556	-0.0035336	-0.0162786	-0.00832532
0.554951	-0.314007	0.193544	-0.00391986	-0.0156499	-0.010508
0.554946	-0.314024	0.193537	-0.00453549	-0.0161129	-0.00958196
0.554947	-0.314033	0.193534	-0.0029551	-0.0141924	-0.00822014
0.554943	-0.314052	0.193525	-0.00273461	-0.0163627	-0.00668765
0.554944	-0.314063	0.193524	-0.00123254	-0.013594	-0.00484988
0.554941	-0.314076	0.193508	-0.00202617	-0.0133949	-0.00903889
0.554941	-0.314086	0.193499	-0.00296372	-0.0145545	-0.00965789
0.554941	-0.3141	0.193501	-0.00046394	-0.013539	-0.0036043
0.554943	-0.31411	0.193492	0.000536951	-0.013704	-0.00323178
0.554943	-0.314126	0.193486	0.00044395	-0.0154248	-0.0039223
0.55494	-0.314139	0.193476	-0.000922306	-0.0154005	-0.00409775
0.554944	-0.31415	0.193475	0.000110724	-0.0144221	-0.00355702
0.554949	-0.314169	0.19346	0.000267174	-0.0136465	-0.00653052
0.554951	-0.314183	0.193462	0.00132037	-0.0137857	-0.00272367
0.554955	-0.314195	0.193457	0.00222025	-0.0124979	-0.00232176
0.554955	-0.314203	0.193445	0.00104217	-0.0119506	-0.00571411
0.554961	-0.314212	0.193446	0.00326087	-0.0109697	-0.00379848
0.554959	-0.314229	0.193438	0.00303083	-0.00906442	-0.00646231
0.554969	-0.314231	0.193436	0.00476233	-0.00606315	-0.00767413
0.554975	-0.314239	0.193433	0.00525072	-0.0063427	-0.00742857
0.554978	-0.314253	0.193429	0.00414644	-0.00830647	-0.00772365
0.554982	-0.314263	0.193426	0.0040859	-0.00868103	-0.00731173
0.55499	-0.31427	0.193423	0.00493112	-0.00689103	-0.00768103
0.554996	-0.314282	0.193422	0.00570474	-0.00829931	-0.0045409
0.555002	-0.31429	0.19342	0.00563715	-0.00812631	-0.00457097
0.555009	-0.3143	0.193416	0.00647478	-0.00846802	-0.00493845
0.555014	-0.314309	0.193414	0.00556125	-0.00867771	-0.00358332
0.555021	-0.314318	0.193408	0.00519133	-0.00901873	-0.00509356
0.555034	-0.314324	0.193409	0.00751014	-0.00741702	-0.00217693
0.555041	-0.314329	0.193408	0.00730853	-0.00651915	-0.00207507
0.555048	-0.314345	0.193409	0.00600402	-0.0105458	-0.00200357
0.555059	-0.31435	0.193409	0.00803891	-0.00873566	0.000190634
0.555068	-0.314356	0.193407	0.00803496	-0.00870123	-0.000412932
0.555081	-0.31436	0.193406	0.00901402	-0.0075076	-0.00142596
0.555086	-0.314369	0.193402	0.00858683	-0.00691626	-0.00271377
0.555094	-0.314376	0.193397	0.00899042	-0.00553027	-0.00383982
0.555109	-0.314385	0.193406	0.00962641	-0.006914	-0.000807192
0.555116	-0.314392	0.193401	0.00882847	-0.00774237	-0.000767847
0.555129	-0.314394	0.193402	0.0109026	-0.00498092	-0.00105466
0.555139	-0.314398	0.193395	0.0110238	-0.00361488	-0.0035119
0.555152	-0.314403	0.193401	0.0114856	-0.00503217	0.000590044
0.555162	-0.31441	0.1934	0.011463	-0.00492044	0.000708249
0.555174	-0.314417	0.193399	0.0122202	-0.00513053	0.00084857
0.555185	-0.314421	0.193399	0.0111496	-0.00658573	0.00160713
0.555197	-0.314421	0.193399	0.0122785	-0.00441294	0.00211469
0.555209	-0.314432	0.193402	0.0124879	-0.00598092	0.00369962
0.55522	-0.314433	0.193399	0.0122919	-0.00470582	0.00271777
0.555233	-0.314434	0.193404	0.0123743	-0.00284519	0.00261068
0.555243	-0.314441	0.193402	0.0114002	-0.00408385	-3.24142e-05
0.555257	-0.314441	0.193402	0.0125717	-0.00326749	0.00140474
0.555272	-0.314445	0.193407	0.0130202	-0.00332864	0.00351749
0.555282	-0.314444	0.1934	0.0125856	-0.0021704	0.00123844
0.555295	-0.31445	0.193406	0.0125974	-0.00346734	0.0027539
0.55531	-0.314451	0.193408	0.0114744	-0.00611914	0.00322091
0.55532	-0.314457	0.193405	0.0111642	-0.00600115	0.00208915
0.555334	-0.31446	0.193407	0.0122732	-0.00469376	0.00180716
0.55535	-0.314459	0.193406	0.0131229	-0.00318162	0.000436041
0.555361	-0.314462	0.193408	0.0129109	-0.00343233	0.000993748
0.555377	-0.314462	0.193406	0.0134592	-0.00212803	-0.000897137
0.555389	-0.314465	0.193406	0.0131726	-0.00278441	-0.000733005
0.555402	-0.314468	0.193407	0.0131904	-0.00275842	-0.000257039
0.555413	-0.314474	0.193401	0.0120554	-0.00396194	-0.00303004
0.555427	-0.314472	0.193402	0.0131886	-0.00181341	-0.00164748
0.555443	-0.314474	0.193407	0.0139016	-0.00241266	-8.47085e-06
0.555458	-0.314475	0.193403	0.0133047	-0.00169902	-0.0026476
0.555469	-0.314475	0.193403	0.0121465	-0.00140095	-0.00245302
0.555482	-0.31448	0.193399	0.0118803	-0.00225485	-0.00428083
0.555493	-0.314481	0.193395	0.0110987	-0.00178474	-0.00338756
0.555509	-0.314483	0.193401	0.012818	-0.00198965	-0.00101928
0.55552	-0.314483	0.193391	0.0118297	-0.00102471	-0.00308929
0.555535	-0.314481	0.193395	0.0133171	-0.00083947	0.000931067
0.555552	-0.314476	0.193394	0.0134981	0.000357832	-0.00042532
0.555562	-0.314479	0.19339	0.0120242	-0.00111511	-0.00232784
0.555576	-0.31448	0.193389	0.0123448	-0.00152665	-0.00268201
0.555589	-0.314482	0.193392	0.0123819	-0.00115684	-7.34097e-05
0.555604	-0.314481	0.193392	0.0135922	-0.00147737	0.0014054
0.555616	-0.314484	0.193387	0.0134424	-0.00237387	0.000931672
0.55563	-0.314485	0.193388	0.0128609	-0.00225421	0.000221194
0.555644	-0.31448	0.193386	0.0127831	-0.000358474	-0.000558049
0.555656	-0.314483	0.19338	0.0125433	-0.00171127	-0.000609886
0.555669	-0.314486	0.193384	0.0133641	-0.000857929	0.00111219
0.55568	-0.314485	0.193377	0.0120088	-0.00011505	-0.00224616
0.555694	-0.314484	0.193376	0.0122133	-0.000823767	-0.00210781
0.555704	-0.314487	0.193372	0.0114224	-0.00198711	-0.00217223
0.555715	-0.314487	0.193367	0.0105767	-0.00103656	-0.00529027
0.555726	-0.314489	0.193361	0.0100304	-0.0016226	-0.00578255
0.55574	-0.314485	0.19336	0.0107216	-4.45582e-05	-0.00482881
0.55575	-0.314488	0.193356	0.0123519	-0.00283215	-0.000383508
0.55576	-0.314488	0.193351	0.0121768	-0.00179415	-0.00119657
0.555769	-0.314489	0.19334	0.0115982	-0.00234277	-0.00266702
0.555783	-0.314487	0.193339	0.0124596	-0.00151557	-0.00139442
0.555795	-0.314491	0.193341	0.0122182	-0.00241111	-0.000139173
0.555803	-0.314495	0.193334	0.00963292	-0.00305616	-0.0048506
0.555814	-0.314495	0.193331	0.0103377	-0.00206426	-0.00472222
0.555825	-0.314494	0.193325	0.00946253	-0.000929222	-0.00756384
0.555838	-0.314493	0.193323	0.0121194	0.00109235	-0.00378327
0.555847	-0.314497	0.19332	0.0104678	-0.00110698	-0.00385521
0.555856	-0.314496	0.193309	0.00948829	-0.000597492	-0.00658014
0.555868	-0.314497	0.193309	0.0106028	-0.00124975	-0.00215204
0.555877	-0.314501	0.193299	0.00960113	-0.00218231	-0.00447935
0.555885	-0.314501	0.193291	0.00888272	-0.000852108	-0.00785995
0.555893	-0.314502	0.193282	0.00777046	-0.000370699	-0.0100344
0.555901	-0.314505	0.193275	0.00686311	-0.00121903	-0.0112704
0.555914	-0.314503	0.193272	0.00784693	-0.000673921	-0.0104004
0.555922	-0.314505	0.193261	0.00701878	-0.000981716	-0.0110254
0.555929	-0.314508	0.193253	0.00702226	-0.00131888	-0.0100025
0.555941	-0.31451	0.193253	0.00914616	-0.00133409	-0.00612162
0.555947	-0.314511	0.193237	0.00812403	-0.00127426	-0.00895718
0.555957	-0.314511	0.193235	0.00876292	-0.000707328	-0.00778719
0.555966	-0.314514	0.193225	0.00815815	-0.00117537	-0.0102489
0.555974	-0.314514	0.193215	0.00880224	-0.00120026	-0.00882425
0.555983	-0.314517	0.193211	0.00836607	-0.00161346	-0.00847207
0.555998	-0.314519	0.19319	0.00798748	-0.00167236	-0.00894937
0.556009	-0.314521	0.193181	0.00894727	-0.00186824	-0.00784409
0.556013	-0.314523	0.193169	0.00816311	-0.000977596	-0.010175
0.556025	-0.314523	0.193164	0.00908434	-0.000757858	-0.00760962
0.556029	-0.31453	0.193149	0.00712018	-0.00244423	-0.0111384
0.556037	-0.314532	0.193141	0.00817322	-0.00216081	-0.00882546
0.556046	-0.314534	0.193131	0.00866996	-0.00189018	-0.00826256
0.556054	-0.314534	0.193121	0.0080737	-0.00123203	-0.0100703
0.55606	-0.31454	0.193114	0.00758929	-0.00266279	-0.0100593
0.556068	-0.314545	0.193107	0.00668911	-0.00432074	-0.0101966
0.556077	-0.314541	0.193092	0.00829604	-0.00113903	-0.0104492
0.556082	-0.314546	0.19308	0.00692841	-0.00233266	-0.0116037
0.556086	-0.314551	0.193064	0.00623145	-0.002567	-0.0138652
0.556095	-0.314557	0.193061	0.00807224	-0.00322651	-0.00888393
0.556101	-0.314557	0.193045	0.00707619	-0.00268037	-0.0101584
0.556106	-0.314565	0.193036	0.00629257	-0.00621285	-0.00828419
0.556112	-0.314565	0.193022	0.00692074	-0.00331611	-0.00902616
0.556118	-0.314572	0.19301	0.00697058	-0.00604439	-0.00782342
0.556125	-0.314572	0.192997	0.00596785	-0.00530256	-0.0084392
0.556127	-0.314578	0.192982	0.00538452	-0.00484967	-0.0106332
0.556133	-0.314583	0.192973	0.00537702	-0.00609588	-0.00906029
0.556139	-0.314585	0.192963	0.00564186	-0.00578687	-0.0090273
0.556144	-0.314591	0.192948	0.00515394	-0.00594227	-0.00960055
0.556149	-0.314595	0.192936	0.00648892	-0.00409802	-0.00857399
0.556157	-0.314595	0.192921	0.00625	-0.00437179	-0.0100928
0.556158	-0.314603	0.192908	0.00513149	-0.00607186	-0.00886207
0.556163	-0.314609	0.192896	0.00482356	-0.00622407	-0.00962312
0.556167	-0.314611	0.192879	0.00343183	-0.00530888	-0.0142206
0.55617	-0.314618	0.192864	0.00337102	-0.00635271	-0.0143504
0.556171	-0.314623	0.192849	0.00275238	-0.00686354	-0.0137295
0.556177	-0.314629	0.192834	0.00210066	-0.00805524	-0.0163531
0.556179	-0.314633	0.192814	-0.000229546	-0.0106836	-0.0188363
0.556181	-0.314637	0.192799	0.00109455	-0.00871985	-0.0173053
0.556185	-0.314641	0.192782	0.00319675	-0.00622161	-0.0161767
0.556187	-0.314648	0.192767	0.0036316	-0.00461947	-0.015207
0.556191	-0.314651	0.192746	0.00280132	-0.00594302	-0.0177708
0.556192	-0.314659	0.192731	0.00167429	-0.00642305	-0.0168979
0.556192	-0.314667	0.192708	0.0027422	-0.00532179	-0.0176475
0.556197	-0.314672	0.192693	0.00252836	-0.00651234	-0.0177145
0.556195	-0.314681	0.192675	0.00231963	-0.00557361	-0.0183783
0.556202	-0.314682	0.192656	0.00417066	-0.00402547	-0.0178386
0.556204	-0.314693	0.19264	0.00402489	-0.00681715	-0.0158143
0.556203	-0.314697	0.192617	0.0030031	-0.0056361	-0.0168561
0.556207	-0.314702	0.192597	0.00321428	-0.00595931	-0.0169688
0.556208	-0.314711	0.192579	0.00107304	-0.00865465	-0.0174268
0.556211	-0.314713	0.192558	0.00272238	-0.00662263	-0.0165409
0.556213	-0.314723	0.192543	0.00183363	-0.00970943	-0.0144516
0.556215	-0.314727	0.192524	0.00423316	-0.00643205	-0.0135294
0.556216	-0.314737	0.192502	0.00339874	-0.00759442	-0.0152069
0.556216	-0.314746	0.192481	0.00324996	-0.00774097	-0.0154458
0.556218	-0.31475	0.192462	0.00353437	-0.0068265	-0.0147353
0.556222	-0.314756	0.192443	0.0044262	-0.00447649	-0.0184027
0.556221	-0.314768	0.192424	0.00443547	-0.00423185	-0.0186396
0.556221	-0.314773	0.192398	0.00370905	-0.00398343	-0.0213122
0.556223	-0.314784	0.192383	0.00249265	-0.00699782	-0.0198706
0.556221	-0.314793	0.192358	0.00237985	-0.00584573	-0.0213296
0.556227	-0.314791	0.192338	0.00410709	-0.000661365	-0.0205619
0.556224	-0.314804	0.192316	0.00146204	-0.00529379	-0.0207398
0.556225	-0.314814	0.192294	0.00347966	-0.00485748	-0.0191364
0.556227	-0.314823	0.192275	0.0025659	-0.00694932	-0.0194951
0.556227	-0.314831	0.192252	0.00276201	-0.00739262	-0.0179919
0.556229	-0.314835	0.192226	0.00281334	-0.00600306	-0.020195
0.556233	-0.314841	0.192206	0.00301382	-0.00720788	-0.0200723
0.556229	-0.314857	0.192182	0.000117905	-0.0115357	-0.0210542
0.556232	-0.314863	0.192162	0.00201367	-0.0093909	-0.0198856
0.556232	-0.314871	0.192141	1.07805e-05	-0.00999935	-0.0217999
0.556232	-0.314878	0.192111	0.000631184	-0.00823471	-0.0250658
0.556232	-0.31489	0.19209	0.00144473	-0.00837875	-0.0226284
0.556234	-0.314898	0.192066	0.00216565	-0.00804643	-0.0223446
0.556236	-0.314908	0.192043	0.00262158	-0.00842647	-0.0209405
0.556235	-0.314916	0.192017	0.00162181	-0.00649222	-0.022839
0.556235	-0.31493	0.191993	0.00207311	-0.00793537	-0.0204141
0.556236	-0.314939	0.191966	0.00132528	-0.00625113	-0.0246344
0.556233	-0.314946	0.191939	0.000794199	-0.0051344	-0.0258213
0.556237	-0.314952	0.191914	0.0014986	-0.0058734	-0.0263169
0.556237	-0.314965	0.191892	0.00217413	-0.00697629	-0.0237761
0.556235	-0.314975	0.191863	0.00143786	-0.00696298	-0.0259346
0.556236	-0.31499	0.191841	0.00156406	-0.0100113	-0.0234056
0.556236	-0.314997	0.191816	0.000977209	-0.00945313	-0.0236749
0.556236	-0.315004	0.191788	0.000102982	-0.00958845	-0.0259673
0.556237	-0.315014	0.191766	0.00158607	-0.00869202	-0.0247088
0.556236	-0.315025	0.191734	0.00129229	-0.00785642	-0.0275759
0.556237	-0.315036	0.191715	0.00038829	-0.00969132	-0.0257712
0.556236	-0.315047	0.191688	0.000960362	-0.00881533	-0.0267604
0.556234	-0.315055	0.191657	0.000463165	-0.00764578	-0.0286453
0.556236	-0.315065	0.191631	0.00213837	-0.00729551	-0.0258174
0.556233	-0.315075	0.191601	0.000792656	-0.00855293	-0.0257818
0.556233	-0.315089	0.191579	-0.000636384	-0.0112628	-0.0252592
0.556236	-0.315094	0.191551	0.000692415	-0.00911435	-0.0263742
0.556235	-0.315105	0.191523	-0.000849396	-0.0104462	-0.0273666
0.556231	-0.315119	0.191493	-0.00336871	-0.011207	-0.0297048
0.556232	-0.315129	0.191473	-0.000878438	-0.0097961	-0.0264892
0.556228	-0.315142	0.191439	-0.000987274	-0.00887955	-0.0292531
0.556224	-0.315152	0.191411	-0.00251347	-0.00919213	-0.0297498
0.556223	-0.315164	0.191379	-0.00230342	-0.0108072	-0.0308799
0.556224	-0.315174	0.191354	-0.000953657	-0.0104979	-0.0285994
0.55622	-0.315187	0.191324	-0.00153507	-0.0109451	-0.0277764
0.556219	-0.315197	0.191294	-0.0017679	-0.0107781	-0.0287045
0.556221	-0.315209	0.191274	-0.000889806	-0.0114722	-0.0261549
0.556217	-0.315222	0.191239	-0.00214648	-0.0119745	-0.0289969
0.556213	-0.315232	0.191208	-0.0024438	-0.0120715	-0.0291955
0.556213	-0.315239	0.191179	-0.00208456	-0.0111175	-0.028184
0.55621	-0.315252	0.191148	-0.00329728	-0.0115658	-0.0306723
0.55621	-0.315263	0.191127	-0.0034536	-0.0112451	-0.0289109
0.556203	-0.31528	0.191093	-0.00455538	-0.013541	-0.0300833
0.556193	-0.315311	0.191003	-0.00402371	-0.012368	-0.027369
0.556192	-0.315324	0.190978	-0.00375004	-0.0148011	-0.0245718
0.556188	-0.315336	0.190949	-0.0024226	-0.012625	-0.025538
0.556183	-0.315351	0.190923	-0.00267578	-0.0132895	-0.0257078
0.556179	-0.315367	0.190896	-0.00406562	-0.0153062	-0.0262155
0.556173	-0.315377	0.190857	-0.00494502	-0.0132833	-0.0295085
0.556172	-0.315389	0.190835	-0.00344547	-0.0123897	-0.0273911
0.556164	-0.315403	0.1908	-0.00520522	-0.012916	-0.0297464
0.556163	-0.315414	0.190772	-0.00347307	-0.0122063	-0.029043
0.556156	-0.315431	0.190745	-0.00448408	-0.0124877	-0.0297573
0.556154	-0.315441	0.190714	-0.00370896	-0.0115754	-0.0291042
0.556147	-0.315456	0.190681	-0.00572962	-0.0138897	-0.0304289
0.556144	-0.315472	0.190655	-0.00627554	-0.0158363	-0.0306799
0.556138	-0.315481	0.190618	-0.00714558	-0.0150852	-0.0347604
0.556133	-0.315496	0.190589	-0.00771564	-0.0161801	-0.0328776
0.556127	-0.315511	0.190561	-0.0070435	-0.0152994	-0.0313779
0.556119	-0.315529	0.190526	-0.00713375	-0.015573	-0.03272
0.556113	-0.315544	0.190496	-0.00649127	-0.0145235	-0.0333737
0.556106	-0.315558	0.190461	-0.00595442	-0.0125954	-0.0341441
0.5561	-0.315575	0.190435	-0.00644368	-0.0146087	-0.0314413
0.55609	-0.315592	0.190402	-0.00781423	-0.0165703	-0.0315883
0.556084	-0.315608	0.190372	-0.00725738	-0.0154102	-0.0333516
0.556078	-0.315619	0.19034	-0.00732481	-0.0145182	-0.0333606
0.55607	-0.315641	0.190312	-0.00851028	-0.0175818	-0.0323352
0.556061	-0.315654	0.190281	-0.0090366	-0.0171564	-0.031865
0.556051	-0.315676	0.190253	-0.0109683	-0.0210673	-0.0316586
0.556042	-0.315687	0.190216	-0.0112458	-0.0188726	-0.033522
0.556035	-0.315704	0.190189	-0.0103307	-0.0193169	-0.0302108
0.556022	-0.315725	0.190156	-0.0118029	-0.0203854	-0.031362
0.556017	-0.315739	0.190134	-0.0106373	-0.0180226	-0.0318625
0.556004	-0.315759	0.1901	-0.0111091	-0.0185208	-0.0324356
0.555995	-0.315772	0.190061	-0.0110927	-0.0188158	-0.0330943
0.555983	-0.315793	0.190032	-0.0125501	-0.0201317	-0.0336499
0.555977	-0.315807	0.190003	-0.0103547	-0.0181196	-0.0339986
0.555966	-0.315825	0.18997	-0.0107102	-0.0187824	-0.0341138
0.555953	-0.315846	0.18994	-0.0111439	-0.0192763	-0.0328486
0.555946	-0.31586	0.189909	-0.00887583	-0.0162988	-0.030667
0.555934	-0.315878	0.189877	-0.00925942	-0.016599	-0.0300881
0.555918	-0.315899	0.189843	-0.0122073	-0.0196253	-0.0312019
0.555905	-0.315923	0.18981	-0.0127656	-0.0204423	-0.0324766
0.55589	-0.315943	0.189779	-0.0131805	-0.0194881	-0.032654
0.555878	-0.315962	0.189746	-0.0124325	-0.0193104	-0.0324731
0.555866	-0.315985	0.189716	-0.0116142	-0.0194884	-0.0314558
0.555857	-0.315997	0.189684	-0.0103306	-0.0166015	-0.0321107
0.555839	-0.316023	0.18965	-0.013181	-0.0195747	-0.0334126
0.55583	-0.316039	0.189622	-0.011855	-0.0186053	-0.0303349
0.555814	-0.31606	0.189585	-0.0135421	-0.0207544	-0.0308501
0.555801	-0.316081	0.189556	-0.0133493	-0.0200808	-0.0307748
0.555786	-0.3161	0.18952	-0.013387	-0.0217941	-0.030019
0.555772	-0.316119	0.189488	-0.0137872	-0.0208661	-0.0294479
0.555755	-0.31614	0.189452	-0.0134532	-0.0215105	-0.0269025
0.555744	-0.316155	0.18942	-0.0137339	-0.020126	-0.0303249
0.555729	-0.316176	0.189388	-0.0139637	-0.0195355	-0.0313647
0.555715	-0.316197	0.189358	-0.0140975	-0.0204893	-0.0298299
0.555701	-0.316214	0.189323	-0.0128754	-0.0190194	-0.030071
0.555687	-0.316237	0.189295	-0.0130528	-0.0196999	-0.0281998
0.555674	-0.316252	0.189262	-0.0126022	-0.0174742	-0.0302728
0.555658	-0.316277	0.18923	-0.0136597	-0.0194972	-0.0304866
0.555644	-0.316299	0.189201	-0.0150509	-0.0213864	-0.0311499
0.555627	-0.316317	0.189165	-0.0153693	-0.0211718	-0.0326384
0.555611	-0.316337	0.189129	-0.0154037	-0.0204268	-0.0328234
0.555596	-0.316357	0.189099	-0.0139639	-0.0203564	-0.0280235
0.555578	-0.316381	0.189066	-0.0157954	-0.0223343	-0.0305023
0.555559	-0.316404	0.189036	-0.0165036	-0.0233699	-0.0292242
0.555544	-0.316419	0.189001	-0.0167455	-0.021775	-0.0319977
0.555528	-0.316445	0.188971	-0.014863	-0.0207714	-0.0300496
0.555509	-0.316466	0.188936	-0.0153415	-0.0203867	-0.0302053
0.555491	-0.316493	0.188907	-0.0154682	-0.0210292	-0.0290321
0.555474	-0.316509	0.188871	-0.0157661	-0.0186764	-0.0308368
0.555456	-0.31653	0.188834	-0.0164637	-0.0201717	-0.0322847
0.555438	-0.316551	0.188806	-0.0182846	-0.0208787	-0.0337804
0.55542	-0.316572	0.188773	-0.0187239	-0.022466	-0.0331491
0.555407	-0.316587	0.188735	-0.0171476	-0.0200235	-0.0350752
0.555382	-0.316618	0.188705	-0.0197666	-0.0227997	-0.034874
0.555365	-0.316634	0.188669	-0.0179891	-0.0197833	-0.0343188
0.555348	-0.316655	0.188639	-0.0182414	-0.0213799	-0.0323892
0.555326	-0.316678	0.188606	-0.0190094	-0.021255	-0.0321603
0.555304	-0.316703	0.18857	-0.0198333	-0.0224726	-0.0329811
0.555285	-0.316725	0.188541	-0.0196548	-0.022537	-0.031783
0.555266	-0.316742	0.188501	-0.0192105	-0.0199233	-0.0343164
0.555242	-0.31677	0.188468	-0.0208906	-0.0222909	-0.0333805
0.555225	-0.316792	0.188443	-0.0191539	-0.0209216	-0.0302594
0.555206	-0.316812	0.188405	-0.0202459	-0.0230352	-0.0318463
0.555183	-0.316835	0.188374	-0.0214763	-0.0242346	-0.0307782
0.555164	-0.316855	0.188341	-0.0204965	-0.0218322	-0.0328856
0.555144	-0.316873	0.188305	-0.0211159	-0.021712	-0.0337827
0.555127	-0.316896	0.188279	-0.0194363	-0.0212266	-0.0308125
0.555107	-0.316913	0.18824	-0.0198601	-0.0207916	-0.0314485
0.555085	-0.316935	0.188206	-0.0194129	-0.020639	-0.0311606
0.555063	-0.316957	0.188173	-0.0195966	-0.0195498	-0.0315411
0.555043	-0.316978	0.18814	-0.0191012	-0.0191121	-0.0318879
0.555026	-0.316996	0.188108	-0.0175428	-0.0181431	-0.0289797
0.555	-0.317022	0.188068	-0.0186953	-0.0200733	-0.0313503
0.554984	-0.317041	0.188043	-0.0170639	-0.0187295	-0.0294368
0.554919	-0.317104	0.187943	-0.0202251	-0.0201429	-0.033047
0.554899	-0.317129	0.187913	-0.0197016	-0.0206858	-0.032131
0.55488	-0.317146	0.187881	-0.0191086	-0.0184064	-0.0322577
0.554858	-0.31717	0.18785	-0.0197854	-0.0200273	-0.0316538
0.554834	-0.317192	0.187814	-0.0215831	-0.0210036	-0.0353929
0.554819	-0.317212	0.187788	-0.0202623	-0.0212951	-0.032427
0.554795	-0.317232	0.187751	-0.0219564	-0.0194253	-0.0366905
0.554774	-0.317254	0.187715	-0.022205	-0.0205174	-0.0366691
0.554755	-0.317273	0.187685	-0.0205659	-0.0194957	-0.0345229
0.554733	-0.317294	0.187647	-0.0212733	-0.020476	-0.0356024
0.55471	-0.317319	0.187618	-0.021203	-0.0213129	-0.0325842
0.554693	-0.317343	0.187592	-0.020193	-0.0220133	-0.0308967
0.554671	-0.317359	0.187552	-0.0200379	-0.0190749	-0.0338121
0.554649	-0.317382	0.187518	-0.0213714	-0.0205409	-0.0359655
0.554628	-0.317404	0.187489	-0.020613	-0.0197259	-0.0340404
0.554609	-0.317428	0.187462	-0.0206682	-0.0217208	-0.0323401
0.554587	-0.317451	0.187429	-0.0209865	-0.0224586	-0.0307078
0.554564	-0.317474	0.187395	-0.0206692	-0.0217398	-0.0300307
0.554548	-0.317491	0.187368	-0.0181986	-0.018951	-0.0292028
0.554526	-0.317515	0.187339	-0.0193455	-0.0210267	-0.0277346
0.554506	-0.317538	0.18731	-0.019233	-0.0206767	-0.0291688
0.554482	-0.317563	0.187282	-0.0208963	-0.0226871	-0.0272674
0.554464	-0.317584	0.187253	-0.0190895	-0.0212156	-0.026915
0.554445	-0.317606	0.187228	-0.0164511	-0.0216285	-0.0240951
0.554424	-0.317627	0.187196	-0.0163819	-0.0193025	-0.0257361
0.554406	-0.317644	0.187164	-0.0165672	-0.018594	-0.0264947
0.554386	-0.317669	0.187143	-0.0178646	-0.0209478	-0.0254071
0.554364	-0.317689	0.187106	-0.018115	-0.0199678	-0.0264945
0.554346	-0.317714	0.187084	-0.0174411	-0.0203624	-0.0260605
0.554326	-0.317734	0.187054	-0.0177938	-0.019397	-0.0262829
0.554306	-0.317752	0.187024	-0.0184101	-0.0196027	-0.0266654
0.554288	-0.317776	0.187002	-0.0181487	-0.0199657	-0.0263358
0.554267	-0.317798	0.18697	-0.0192759	-0.0214942	-0.0270421
0.55425	-0.317817	0.186949	-0.0179268	-0.0202442	-0.0244621
0.554229	-0.317841	0.18692	-0.0190438	-0.021904	-0.025059
0.554208	-0.317864	0.186892	-0.019636	-0.0232249	-0.0242225
0.554187	-0.317889	0.186865	-0.0205622	-0.0239206	-0.026255
0.554167	-0.317913	0.18684	-0.0207172	-0.0246378	-0.0251848
0.554147	-0.317934	0.186809	-0.0207235	-0.0247309	-0.0258174
0.554129	-0.317952	0.186783	-0.0193251	-0.0211234	-0.0271298
0.554106	-0.317977	0.186755	-0.0193927	-0.021473	-0.0253817
0.554087	-0.317999	0.18673	-0.0199156	-0.0222134	-0.0262162
0.554067	-0.318022	0.186702	-0.0196758	-0.0214801	-0.0285036
0.554049	-0.318043	0.186677	-0.0198613	-0.0216565	-0.0286872
0.554029	-0.318064	0.186648	-0.0193535	-0.0206022	-0.0287657
0.554009	-0.318088	0.186623	-0.019823	-0.0222615	-0.0278161
0.553991	-0.318107	0.186598	-0.0197272	-0.0222744	-0.0259393
0.553971	-0.318131	0.186574	-0.0203077	-0.0235161	-0.0255307
0.553951	-0.318157	0.18655	-0.0210061	-0.0247935	-0.0267518
0.553932	-0.318179	0.186529	-0.0208101	-0.0249259	-0.0250244
0.553915	-0.318196	0.186498	-0.0198929	-0.0232459	-0.0252437
0.553895	-0.318223	0.186483	-0.019434	-0.0238626	-0.0218974
0.553875	-0.318245	0.186459	-0.0193242	-0.022035	-0.0243817
0.553857	-0.318263	0.186432	-0.0178917	-0.019397	-0.0249585
0.55384	-0.318284	0.186405	-0.015207	-0.0154601	-0.025705
0.553821	-0.318309	0.186386	-0.016723	-0.0188404	-0.0234793
0.553801	-0.318332	0.186364	-0.0171511	-0.0191172	-0.0229954
0.553784	-0.318357	0.186344	-0.0178061	-0.0214294	-0.0227051
0.553766	-0.318376	0.186316	-0.017467	-0.0191823	-0.0255239
0.55375	-0.318398	0.186299	-0.016502	-0.0193896	-0.0231929
0.553732	-0.318417	0.186276	-0.0163748	-0.0179013	-0.0238548
0.553713	-0.31844	0.186253	-0.0183578	-0.020632	-0.0251012
0.553696	-0.318466	0.186241	-0.0183711	-0.0234284	-0.0200691
0.55368	-0.318482	0.186212	-0.0180742	-0.0214359	-0.0227304
0.553663	-0.318502	0.186194	-0.017894	-0.0204869	-0.0226605
0.553645	-0.318524	0.186174	-0.0176211	-0.0200046	-0.0228937
0.553628	-0.318544	0.186153	-0.0184658	-0.0213196	-0.0220865
0.553615	-0.318564	0.186141	-0.0164267	-0.0208314	-0.0179415
0.553596	-0.318586	0.186118	-0.017805	-0.0207713	-0.0208946
0.553582	-0.318607	0.186103	-0.0157896	-0.0210919	-0.019092
0.553562	-0.318627	0.186083	-0.0179666	-0.0229678	-0.0183957
0.55355	-0.318643	0.186063	-0.0163353	-0.0203429	-0.0202835
0.553533	-0.318667	0.186047	-0.0160846	-0.0214831	-0.019516
0.553521	-0.318686	0.186031	-0.0149856	-0.0207116	-0.0188101
0.553503	-0.318706	0.186013	-0.0169225	-0.0221376	-0.0188316
0.553488	-0.318728	0.185999	-0.0164269	-0.0237493	-0.0162844
0.553473	-0.318744	0.185976	-0.0159834	-0.0212195	-0.0186083
0.553457	-0.318769	0.185969	-0.0159215	-0.0249639	-0.0138646
0.553442	-0.318785	0.185946	-0.0168668	-0.0237725	-0.0167034
0.553429	-0.318802	0.185931	-0.0165882	-0.021902	-0.0184395
0.553414	-0.318825	0.18592	-0.0169042	-0.0223043	-0.016934
0.5534	-0.318841	0.185901	-0.0164715	-0.020713	-0.0185251
0.553385	-0.318861	0.185886	-0.0158245	-0.0205564	-0.0158175
0.553371	-0.318881	0.185873	-0.0154207	-0.0209536	-0.0136967
0.553356	-0.318902	0.18586	-0.0156246	-0.0208889	-0.0142231
0.553342	-0.318922	0.185851	-0.0148151	-0.0208686	-0.0108407
0.553329	-0.318941	0.185835	-0.0133244	-0.0187623	-0.0110205
0.553318	-0.318954	0.185821	-0.0108956	-0.0162456	-0.00945415
0.553304	-0.318976	0.185813	-0.0110422	-0.0189913	-0.00672492
0.553292	-0.31899	0.185799	-0.0105853	-0.0162493	-0.00916879
0.553276	-0.319014	0.185787	-0.0112121	-0.0170335	-0.00890903
0.553266	-0.319029	0.185777	-0.0116119	-0.0166627	-0.010198
0.553253	-0.319048	0.185766	-0.0124267	-0.0173659	-0.0110732
0.553243	-0.319064	0.185757	-0.0111869	-0.0159675	-0.0100313
0.553228	-0.319079	0.185739	-0.012342	-0.015924	-0.0115584
0.553216	-0.319105	0.185735	-0.0123741	-0.019114	-0.00830703
0.553202	-0.319123	0.18572	-0.0132299	-0.0188803	-0.00993659
0.553189	-0.319139	0.185704	-0.0152594	-0.020243	-0.0129825
0.553179	-0.319157	0.185702	-0.0141516	-0.0199409	-0.0108622
0.553164	-0.319178	0.185688	-0.0157964	-0.0208438	-0.013816
0.553153	-0.319194	0.185677	-0.0153067	-0.0198103	-0.0143462
0.55314	-0.319215	0.185669	-0.0143295	-0.0191785	-0.0121288
0.55313	-0.319223	0.185653	-0.0122892	-0.0145415	-0.0132763
0.553119	-0.319242	0.185647	-0.0120035	-0.0153848	-0.011148
0.553105	-0.319262	0.185637	-0.0125329	-0.017979	-0.0085847
0.553095	-0.319278	0.185631	-0.0113338	-0.018513	-0.00654965
0.553079	-0.319295	0.185616	-0.0132616	-0.0188478	-0.00865273
0.553068	-0.319314	0.185612	-0.0116903	-0.0176672	-0.00681391
0.553055	-0.319332	0.185605	-0.011024	-0.0173224	-0.00461959
0.553047	-0.319349	0.185598	-0.0110047	-0.0175983	-0.00598036
0.553034	-0.319365	0.185592	-0.0110793	-0.0161736	-0.00654593
0.55302	-0.31938	0.185581	-0.0123707	-0.0168309	-0.00766058
0.553013	-0.319395	0.185576	-0.0111967	-0.0170121	-0.0071276
0.553	-0.319414	0.185569	-0.0117514	-0.0184505	-0.00537198
0.55299	-0.319429	0.185561	-0.010923	-0.0166425	-0.00686934
0.552976	-0.319449	0.185557	-0.0125235	-0.0183015	-0.00658009
0.552964	-0.319467	0.185551	-0.0126638	-0.0187217	-0.00635753
0.552949	-0.319486	0.185539	-0.0137979	-0.0191422	-0.00891527
0.552941	-0.319502	0.18554	-0.0127706	-0.0191717	-0.00644079
0.552929	-0.319514	0.185529	-0.0128046	-0.0174419	-0.00822197
0.55292	-0.319531	0.185525	-0.0121934	-0.0180355	-0.00738105
0.552906	-0.319546	0.185516	-0.0124551	-0.0163502	-0.00861963
0.552895	-0.319566	0.185512	-0.0126374	-0.0181057	-0.00833626
0.552885	-0.319583	0.185509	-0.0120709	-0.0184146	-0.00558947
0.552873	-0.319602	0.185505	-0.0116222	-0.0177099	-0.0064325
0.552862	-0.319616	0.185498	-0.0121099	-0.0174879	-0.00724498
0.552851	-0.319637	0.185496	-0.0116488	-0.0175992	-0.0064383
0.552839	-0.319651	0.185487	-0.0120875	-0.0176583	-0.00645544
0.552833	-0.319667	0.185492	-0.0100679	-0.0166632	-0.003604
0.552818	-0.319682	0.185479	-0.0107557	-0.0152679	-0.0060772
0.552807	-0.319703	0.185476	-0.010321	-0.0161716	-0.00404625
0.552796	-0.319719	0.185474	-0.00984147	-0.0155002	-0.00268808
0.552789	-0.319736	0.185475	-0.00865733	-0.0154586	-0.000697483
0.552779	-0.319747	0.185469	-0.00837023	-0.0130804	-0.00300978
0.552767	-0.319764	0.185465	-0.00897787	-0.0137307	-0.00268633
0.552759	-0.319778	0.185462	-0.00865318	-0.0132022	-0.00420111
0.552747	-0.319799	0.185457	-0.00806294	-0.0114837	-0.00567661
0.552738	-0.319812	0.185457	-0.00747834	-0.0109249	-0.00339979
0.552727	-0.319831	0.185457	-0.00822393	-0.0121003	-0.00395381
0.552716	-0.319851	0.185456	-0.00942445	-0.015409	-0.00266076
0.552706	-0.319861	0.185448	-0.00911124	-0.0129409	-0.00453056
0.552696	-0.319878	0.185448	-0.00682702	-0.0102076	-0.00209857
0.55269	-0.319889	0.185448	-0.00649934	-0.00951518	-0.00292848
0.55268	-0.319909	0.185446	-0.00607077	-0.0102664	-0.00211517
0.552672	-0.319922	0.185446	-0.00625795	-0.0101794	-0.0024587
0.55266	-0.319939	0.185442	-0.0076372	-0.0113419	-0.0035487
0.552649	-0.319961	0.185443	-0.00827129	-0.0137201	-0.00220601
0.552641	-0.319972	0.185443	-0.00876847	-0.0135681	-0.0018117
0.552631	-0.319989	0.185438	-0.0083977	-0.0138997	-0.00239715
0.552622	-0.320008	0.185445	-0.00841969	-0.0152364	0.000686826
0.552614	-0.32002	0.185438	-0.00950042	-0.0150829	-0.00341716
0.552604	-0.32004	0.185443	-0.00824135	-0.0143971	-0.000987536
0.552594	-0.320052	0.185442	-0.00813315	-0.0119615	-0.00109078
0.552585	-0.32007	0.185441	-0.0074372	-0.0128402	-0.000959842
0.552576	-0.320087	0.185442	-0.00801201	-0.0141786	-9.24716e-05
0.552568	-0.3201	0.185443	-0.00774336	-0.0135016	-0.000160943
0.552562	-0.320113	0.185442	-0.00713322	-0.012654	-0.000438058
0.552554	-0.32013	0.185447	-0.00613781	-0.0122111	0.00132899
0.552544	-0.320143	0.185443	-0.00741165	-0.0121343	-0.000513239
0.552535	-0.320158	0.185442	-0.00763424	-0.012512	-0.000926767
0.552527	-0.320177	0.185444	-0.00846972	-0.0161011	0.000418303
0.55252	-0.32019	0.185445	-0.00771294	-0.0144139	0.000322641
0.552512	-0.320204	0.18545	-0.00790984	-0.0143264	0.00235943
0.552502	-0.320218	0.185443	-0.00855845	-0.0138777	-0.00133719
0.552497	-0.320232	0.185447	-0.00849232	-0.0156612	0.000424325
0.552489	-0.320248	0.185451	-0.00846797	-0.0158842	0.00148168
0.552481	-0.320262	0.185448	-0.0086779	-0.0152753	-0.00019534
0.552474	-0.320279	0.185455	-0.00822228	-0.0157758	0.00191175
0.552463	-0.320294	0.185449	-0.00942648	-0.0159809	-0.000756956
0.55246	-0.320305	0.185454	-0.00711192	-0.0137473	0.000842045
0.552453	-0.320318	0.185458	-0.00750488	-0.0138792	0.00184428
0.552445	-0.320332	0.185456	-0.00733629	-0.0125465	-0.00046268
0.552443	-0.320337	0.185457	-0.00502009	-0.0110386	0.0010171
0.552431	-0.320359	0.185458	-0.00769191	-0.0149783	0.000742508
0.552426	-0.32037	0.185461	-0.00620635	-0.0140799	0.00254582
0.552419	-0.320385	0.185463	-0.00655212	-0.0147805	0.0028185
0.552413	-0.320396	0.185463	-0.00649078	-0.0134006	0.00138005
0.552408	-0.320412	0.185471	-0.00560281	-0.015099	0.00440244
0.552396	-0.320428	0.185464	-0.0080687	-0.0156969	0.000593885
0.552394	-0.320445	0.185474	-0.00662642	-0.0159939	0.00313504
0.552386	-0.320456	0.185474	-0.00624203	-0.0151182	0.00325872
0.552377	-0.320471	0.185471	-0.00648653	-0.0156483	0.00211514
0.55237	-0.320485	0.185475	-0.00702525	-0.0150054	0.00181937
0.552364	-0.320501	0.18548	-0.00670674	-0.0150202	0.00293464
0.552356	-0.320519	0.185484	-0.00653999	-0.0163608	0.00391292
0.55235	-0.32053	0.185486	-0.00678899	-0.0150082	0.00301394
0.552342	-0.320545	0.185484	-0.0075318	-0.0150963	0.00105284
0.552338	-0.320553	0.185488	-0.00667571	-0.0126203	0.00100966
0.552329	-0.320574	0.18549	-0.00818672	-0.0157183	0.00112923
0.552323	-0.320586	0.185487	-0.00705894	-0.0127525	-0.000392732
0.552317	-0.320602	0.185496	-0.00609024	-0.0143654	0.00339698
0.552312	-0.32061	0.185493	-0.00582387	-0.0119323	0.000580989
0.552305	-0.320625	0.185495	-0.00673368	-0.013052	0.000492734
0.5523	-0.320639	0.185501	-0.00650799	-0.0129173	0.0016092
0.552295	-0.320652	0.185506	-0.00426484	-0.0117385	0.00328752
0.552287	-0.320663	0.185503	-0.00767343	-0.014742	0.000972289
0.552281	-0.320682	0.185509	-0.00802411	-0.0167455	0.00211043
0.552275	-0.320695	0.185512	-0.00681134	-0.0159818	0.00354811
0.55227	-0.320708	0.185515	-0.00609729	-0.0162078	0.003494
0.552261	-0.32072	0.185512	-0.00786929	-0.0154831	0.000858256
0.552255	-0.320738	0.185519	-0.00762103	-0.0165219	0.0026145
0.55225	-0.320747	0.185515	-0.00710582	-0.0140886	0.000173149
0.552248	-0.320757	0.185522	-0.00561953	-0.0145014	0.00296745
0.552241	-0.320775	0.185528	-0.00695171	-0.0159846	0.0032978
0.552234	-0.320789	0.185524	-0.00753076	-0.0155695	0.000377129
0.552231	-0.320799	0.185531	-0.00632878	-0.015178	0.00298245
0.552223	-0.320813	0.185528	-0.006113	-0.0134922	0.00269589
0.552218	-0.320825	0.185532	-0.00553262	-0.0141709	0.00383414
0.552216	-0.320833	0.185535	-0.00553557	-0.0131668	0.00294543
0.552208	-0.320849	0.185534	-0.00601696	-0.0147938	0.00222753
0.552201	-0.320863	0.185538	-0.00694474	-0.0150407	0.00252178
0.552196	-0.320874	0.185534	-0.00634891	-0.0151812	0.0011374
0.552189	-0.32089	0.18554	-0.00512055	-0.0147383	0.00424109
0.552187	-0.320899	0.185544	-0.00372232	-0.0143943	0.00505989
0.552181	-0.32091	0.185543	-0.00556318	-0.013864	0.00238204
0.552178	-0.320921	0.185547	-0.00524735	-0.013691	0.00257263
0.552172	-0.320933	0.185547	-0.00563438	-0.0139184	0.00233198
0.552166	-0.32095	0.185553	-0.0064683	-0.0160156	0.00312561
0.552161	-0.320956	0.185547	-0.0058792	-0.0115486	-0.000231743
0.552156	-0.320971	0.18555	-0.0046771	-0.0122657	0.00161316
0.552149	-0.320985	0.185557	-0.00567779	-0.0131943	0.0032061
0.552142	-0.320993	0.18555	-0.00680848	-0.0122423	-0.000166975
0.552139	-0.321005	0.185556	-0.00615925	-0.012695	0.00130566
0.552132	-0.321018	0.185558	-0.00738608	-0.0138058	0.00114831
0.552132	-0.321021	0.185555	-0.00612479	-0.0112947	-0.000543789
0.552124	-0.321038	0.185563	-0.0056883	-0.0130774	0.00292194
0.55212	-0.321043	0.185559	-0.00492899	-0.00965552	0.000515517
0.552113	-0.321056	0.185557	-0.00531828	-0.0124835	0.000841836
0.552111	-0.321066	0.185563	-0.00413702	-0.0109393	0.00231954
0.552104	-0.321074	0.185559	-0.00487424	-0.00958226	0.000369437
0.552101	-0.321087	0.185566	-0.0052109	-0.0115961	0.00168269
0.552096	-0.321094	0.185563	-0.00490625	-0.00973306	-7.399e-06
0.552088	-0.321102	0.185559	-0.00369954	-0.00513751	-0.0015746
0.552085	-0.321115	0.185567	-0.00304913	-0.00674616	0.00201486
0.552078	-0.321123	0.185557	-0.00368503	-0.00588236	-0.00212786
0.552073	-0.321135	0.185564	-0.00400103	-0.00795491	0.0015523
0.55207	-0.321138	0.185564	-0.00346079	-0.00582449	0.000132552
0.552066	-0.321145	0.185564	-0.00331487	-0.00563878	0.00010217
0.552062	-0.321155	0.185565	-0.00230775	-0.00449129	0.000393944
0.552054	-0.321164	0.185558	-0.00399248	-0.00580646	-0.00184738
0.552049	-0.321174	0.185562	-0.00317421	-0.0048521	0.000159124
0.552047	-0.321181	0.185561	-0.00363175	-0.00674734	-0.000295881
0.552042	-0.321188	0.185563	-0.00393495	-0.00659298	-2.35123e-05
0.552039	-0.321193	0.185564	-0.00324295	-0.00580322	0.00061591
0.552032	-0.3212	0.185559	-0.0031866	-0.00469784	-0.000542177
0.552028	-0.321209	0.185559	-0.00404154	-0.00776343	-0.00018709
0.552025	-0.321218	0.185563	-0.00405577	-0.00820609	0.00112438
0.552022	-0.321219	0.185555	-0.00348942	-0.00607054	-0.00187436
0.552015	-0.321229	0.185557	-0.00455111	-0.00725766	-0.00071119
0.55201	-0.321237	0.185557	-0.00467959	-0.00769988	-0.000463169
0.552006	-0.321241	0.185555	-0.00346453	-0.0050943	-0.000649395
0.552002	-0.321253	0.185561	-0.00566895	-0.00874306	-0.00236707
0.551995	-0.321257	0.185552	-0.00544445	-0.00704017	-0.00461594
0.551992	-0.321264	0.185555	-0.0055356	-0.00843001	-0.00213569
0.551986	-0.321268	0.185546	-0.0055844	-0.00721942	-0.00426002
0.551981	-0.321281	0.185551	-0.00519268	-0.00918816	-0.00106144
0.551981	-0.321281	0.185552	-0.00357063	-0.00657868	-0.000195861
0.551972	-0.321292	0.185546	-0.00644847	-0.00949082	-0.0021219
0.55197	-0.321297	0.185547	-0.00520041	-0.00853362	-0.00109923
0.551966	-0.321302	0.185546	-0.00420599	-0.00623693	-0.00115657
0.551963	-0.321309	0.185545	-0.00392686	-0.00652955	-0.00100647
0.551958	-0.321313	0.185543	-0.00420235	-0.00581404	-0.00137982
0.551953	-0.32132	0.185538	-0.0042007	-0.00608405	-0.0023293
0.551949	-0.321327	0.185538	-0.00332227	-0.00522494	-0.000967548
0.551943	-0.321337	0.18554	-0.0038081	-0.00673106	0.000462358
0.551938	-0.321341	0.185534	-0.00414292	-0.00585997	-0.00173781
0.551937	-0.321344	0.185538	-0.00429986	-0.00703718	2.08314e-06
0.551929	-0.321352	0.185529	-0.00509046	-0.00720374	-0.00295042
0.551925	-0.321358	0.185532	-0.003712	-0.0055031	-0.000549519
0.551923	-0.321366	0.185537	-0.00338367	-0.00612122	-0.000478475
0.551918	-0.32137	0.185531	-0.00408732	-0.0052906	-0.0023875
0.551912	-0.321378	0.185529	-0.00434311	-0.0063047	-0.00169296
0.551908	-0.321383	0.185525	-0.00440455	-0.00402611	-0.00360018
0.551904	-0.32139	0.185522	-0.00413806	-0.00487046	-0.00282008
0.5519	-0.321397	0.185526	-0.00401013	-0.00544285	-0.000571968
0.551893	-0.321403	0.185519	-0.00364309	-0.00369475	-0.00261672
0.55189	-0.321405	0.185519	-0.00358971	-0.00392313	-0.00160443
0.551884	-0.321414	0.185518	-0.00449631	-0.00257364	-0.00416091
0.551882	-0.32142	0.185516	-0.00395843	-0.00388139	-0.00352907
0.551878	-0.321423	0.185515	-0.00356534	-0.00129761	-0.00357278
0.551874	-0.32143	0.185511	-0.00393997	-0.00323976	-0.00351772
0.551869	-0.321437	0.185511	-0.00443761	-0.00526368	-0.00196628
0.551863	-0.321441	0.185505	-0.00372578	-0.0034667	-0.00299929
0.551856	-0.32145	0.185503	-0.00424514	-0.00485577	-0.00272498
0.551855	-0.321455	0.185506	-0.00291159	-0.00458556	-0.000306572
0.55185	-0.321457	0.185497	-0.00342434	-0.00370605	-0.00302507
0.551845	-0.321467	0.185503	-0.00384305	-0.00643876	0.000887245
0.55184	-0.321471	0.185498	-0.00406677	-0.00628073	-0.000635233
0.551835	-0.321475	0.185492	-0.00301511	-0.00413238	-0.00162755
0.551833	-0.321481	0.185499	-0.00366338	-0.0046716	0.000625704
0.551825	-0.321484	0.185487	-0.0047829	-0.00523164	-0.0024157
0.551819	-0.321492	0.185485	-0.00435655	-0.00507379	-0.00120219
0.551813	-0.321498	0.18548	-0.00466302	-0.00601584	-0.00147471
0.55181	-0.321503	0.185484	-0.00271543	-0.00425048	0.00128785
0.551802	-0.321508	0.185473	-0.00447353	-0.00248112	-0.00464498
0.5518	-0.321508	0.185473	-0.00344646	-0.000424491	-0.00344413
0.551797	-0.321515	0.185474	-0.00423086	-0.00247311	-0.00255839
0.551787	-0.321522	0.185468	-0.00548958	-0.00409296	-0.00339441
0.551783	-0.321525	0.185462	-0.00760002	-0.00560269	-0.00636242
0.55178	-0.321529	0.185462	-0.00719208	-0.00708485	-0.00521223
0.551776	-0.321531	0.185458	-0.00614232	-0.00653692	-0.00399397
0.55177	-0.321535	0.185453	-0.00599211	-0.00642473	-0.00503122
0.551763	-0.321539	0.185444	-0.00663817	-0.00659637	-0.0076731
0.551759	-0.321541	0.185443	-0.00696484	-0.00540125	-0.00743425
0.551749	-0.321549	0.185435	-0.00873659	-0.00694678	-0.00825078
0.551746	-0.321552	0.185435	-0.00542324	-0.00446454	-0.00458415
0.551742	-0.321554	0.185432	-0.00532529	-0.0041622	-0.00377876
0.551734	-0.321559	0.185422	-0.00599092	-0.00503248	-0.00506799
0.551732	-0.321558	0.185422	-0.00572041	-0.00398292	-0.00536373
0.551726	-0.321563	0.185423	-0.00547263	-0.00544073	-0.00205179
0.55172	-0.321566	0.185412	-0.0075525	-0.00504871	-0.00618569
0.551713	-0.321568	0.185408	-0.00635635	-0.00319657	-0.00617313
0.551705	-0.321573	0.185402	-0.00639316	-0.00277428	-0.00644926
0.551704	-0.321573	0.185399	-0.003482	4.15534e-05	-0.00486679
0.551695	-0.321577	0.185392	-0.00558018	0.00100978	-0.00696281
0.55169	-0.32158	0.185387	-0.0062798	-0.000896202	-0.00671791
0.551682	-0.321583	0.185381	-0.00711231	-0.000582793	-0.00837558
0.551678	-0.32158	0.185372	-0.0055629	0.00175466	-0.00859674
0.551671	-0.321586	0.185368	-0.00615742	-0.000584359	-0.00720727
0.551666	-0.321585	0.185364	-0.00648071	0.00136068	-0.0067513
0.551658	-0.32159	0.185356	-0.00619877	0.000400031	-0.0065116
0.551653	-0.32159	0.18535	-0.00614473	0.00031142	-0.00674552
0.551648	-0.321594	0.185344	-0.00514355	0.000493203	-0.00612118
0.55164	-0.321597	0.185338	-0.00435993	-3.15338e-05	-0.00434838
0.551633	-0.321599	0.185332	-0.00458348	-0.00153774	-0.00516429
0.551629	-0.321596	0.185323	-0.00445754	0.00150852	-0.00715939
0.551621	-0.321602	0.185318	-0.00530938	-0.00221631	-0.00531661
0.551617	-0.321598	0.185314	-0.00534332	-0.00115588	-0.00414521
0.55161	-0.321601	0.185306	-0.00525773	-0.000897126	-0.00523399
0.551605	-0.321601	0.185302	-0.0046096	0.000393804	-0.00422981
0.551598	-0.321605	0.185292	-0.00404844	-0.000760029	-0.00651195
0.551592	-0.321602	0.185286	-0.00392344	0.00135778	-0.00620434
0.551584	-0.321606	0.185282	-0.00558205	-0.00119835	-0.00499002
0.551577	-0.321606	0.185272	-0.00543437	-9.28066e-05	-0.00585599
0.551571	-0.321608	0.185269	-0.00676495	-0.00142254	-0.00528104
0.551561	-0.32161	0.185253	-0.00780102	-1.54371e-06	-0.00939142
0.55156	-0.321607	0.185253	-0.00617569	7.90949e-05	-0.00592923
0.551552	-0.321607	0.185243	-0.00621698	0.000176167	-0.00689198
0.551545	-0.321608	0.185235	-0.00593749	0.000204687	-0.00634171
0.55154	-0.321609	0.185229	-0.0050524	0.000574675	-0.00551355
0.551533	-0.321605	0.185218	-0.00516924	0.00198401	-0.00669208
0.551525	-0.321607	0.185211	-0.0071427	0.000290678	-0.00736224
0.551521	-0.321607	0.185209	-0.00657825	0.00102498	-0.00574869
0.551512	-0.321609	0.185199	-0.00661252	0.000514881	-0.00627778
0.551504	-0.321606	0.185185	-0.00579888	0.00247744	-0.00958686
0.551501	-0.321606	0.185184	-0.00408794	0.00233226	-0.00577172
0.55149	-0.321607	0.185169	-0.00540763	0.00170569	-0.00786513
0.551487	-0.321604	0.185167	-0.00576303	-0.000794385	-0.00453916
0.551482	-0.321601	0.185156	-0.00496783	0.000455043	-0.00557418
0.551473	-0.321602	0.185146	-0.00689428	0.00135254	-0.0095851
0.551466	-0.321602	0.185141	-0.00561873	0.000822114	-0.0066952
0.551458	-0.321599	0.185128	-0.00658578	0.000452367	-0.00764276
0.551455	-0.321595	0.185123	-0.00577191	0.00214708	-0.00659259
0.551444	-0.321596	0.18511	-0.00799188	0.00168541	-0.0104561
0.55144	-0.321591	0.1851	-0.00630545	0.00352541	-0.0113117
0.551433	-0.321591	0.185092	-0.00663694	0.00300896	-0.0104645
0.551426	-0.32159	0.185086	-0.00672208	0.00262027	-0.0102595
0.55142	-0.321589	0.185075	-0.00660792	0.00223604	-0.0113365
0.551414	-0.321585	0.185064	-0.00766845	0.00175655	-0.0115412
0.551406	-0.321582	0.185052	-0.00709844	0.00231736	-0.0124583
0.551401	-0.321579	0.185045	-0.00606104	0.00299919	-0.0103239
0.551388	-0.321576	0.185027	-0.00504856	0.00314295	-0.0106865
0.551383	-0.321573	0.185019	-0.00520717	0.0031826	-0.0117881
0.551376	-0.321573	0.185011	-0.00557657	0.00207175	-0.0102514
0.551372	-0.321574	0.185007	-0.00524399	0.00109589	-0.00844388
0.551365	-0.321568	0.184994	-0.00633662	0.00259568	-0.0114196
0.551359	-0.321564	0.184987	-0.00628424	0.00281926	-0.0102983
0.551356	-0.321562	0.184984	-0.00640914	0.00319542	-0.00934404
0.551349	-0.321556	0.184968	-0.00662486	0.00356904	-0.0110717
0.551346	-0.321554	0.184966	-0.00636365	0.00359045	-0.00908498
0.551339	-0.321553	0.184955	-0.00688917	0.00269493	-0.0100922
0.551334	-0.321545	0.184947	-0.00628097	0.00475973	-0.00996625
0.55133	-0.321548	0.184945	-0.00612368	0.00239638	-0.00807002
0.551322	-0.321549	0.184934	-0.0056952	0.00121501	-0.00803745
0.551319	-0.321545	0.184932	-0.00481568	0.00209747	-0.00613758
0.551312	-0.321542	0.18492	-0.00569654	0.00282658	-0.00854006
0.551312	-0.32154	0.184922	-0.00514397	0.00273943	-0.0065586
0.551307	-0.321535	0.184907	-0.00542249	0.00359441	-0.00942575
0.551306	-0.321532	0.184905	-0.00362075	0.00254065	-0.00638665
0.551302	-0.321529	0.184899	-0.00356625	0.00169328	-0.00533949
0.551299	-0.321529	0.184893	-0.00237028	0.00109423	-0.00481935
0.551297	-0.32153	0.184893	-0.00157111	8.82512e-05	-0.00247487
0.551293	-0.321529	0.18489	-0.00255682	0.000317729	-0.00277174
0.551293	-0.321523	0.184886	-0.00206106	0.0024731	-0.00386211
0.551292	-0.321521	0.184884	-0.00143364	0.00169475	-0.00222026
0.551287	-0.321521	0.184879	-0.00203248	0.00269554	-0.00379152
0.551287	-0.321518	0.184876	-0.00169858	0.00286024	-0.00383211
0.551288	-0.321516	0.184879	-0.00109435	0.00330795	-0.00199473
0.551285	-0.321516	0.184873	-0.00151858	0.00216895	-0.00334529
0.551283	-0.321513	0.184871	-0.00131882	0.00171547	-0.00227226
0.551283	-0.321511	0.18487	-0.000870929	0.00173204	-0.00172496
0.551283	-0.321511	0.184868	-0.000558463	0.00115833	-0.00151523
0.551285	-0.321509	0.184872	0.000655023	0.00147882	0.000404013
0.551283	-0.321506	0.184868	-1.31149e-05	0.0019392	-0.00111231
0.551285	-0.321502	0.184866	0.000790607	0.00219378	-0.000475501
0.551284	-0.321501	0.184866	0.000441328	0.00147943	-0.000392901
0.551285	-0.321502	0.184865	0.000416418	0.000287262	-0.000631234
0.551287	-0.3215	0.18487	0.000248012	0.00155399	8.98669e-05
0.551287	-0.321498	0.184867	9.74243e-05	0.00107056	-0.000856585
0.551288	-0.321499	0.184866	0.000173243	0.000687133	-0.000901269
0.55129	-0.321496	0.184869	0.00119711	0.00119942	0.000842155
0.551289	-0.321496	0.18487	0.00060202	0.000892983	0.00076823
0.551293	-0.321489	0.184871	0.00108382	0.00222718	0.000707892
0.55129	-0.321491	0.184865	9.20998e-05	0.000527675	-0.000891901
0.55129	-0.321494	0.18487	-1.41711e-05	-0.000972069	0.000893118
0.551294	-0.321488	0.18487	0.00111486	0.00136086	0.000564723
0.551295	-0.321487	0.184867	0.00252608	0.00285658	0.00164622
0.551298	-0.321485	0.184874	0.00286969	0.00208912	0.00395404
0.551302	-0.321483	0.184877	0.00286564	0.00165571	0.00347808
0.551301	-0.321482	0.184877	0.00199943	0.00182797	0.00207542
0.551306	-0.321481	0.184882	0.00236728	0.00136881	0.00276566
0.551309	-0.321479	0.184886	0.00239156	0.00113349	0.00342066
0.551305	-0.321479	0.184882	0.000691963	0.000674327	0.00105404
0.551312	-0.321478	0.184893	0.00242153	0.000663781	0.00421249
0.551313	-0.321478	0.184896	0.00206518	0.000210653	0.00380971
0.551317	-0.321474	0.184897	0.00252721	0.00144298	0.00292131
0.551316	-0.321478	0.1849	0.00415229	-0.000116943	0.00484006
0.551317	-0.321478	0.184903	0.00325918	-0.00016702	0.00462857
0.551319	-0.321478	0.18491	0.00480385	0.00291252	0.00564663
0.551327	-0.321474	0.184917	0.00586136	0.00342352	0.0058957
0.551328	-0.321474	0.184917	0.00430456	0.0024098	0.0037934
0.551328	-0.321471	0.184918	0.00296261	0.00181574	0.00339838
0.551331	-0.32147	0.18492	0.00270351	0.00164822	0.00270815
0.551333	-0.321469	0.184927	0.00301153	0.0018915	0.00426985
0.551335	-0.321469	0.184928	0.0025072	0.00106972	0.00298255
0.551338	-0.321471	0.184935	0.0025623	0.000276991	0.00394136
0.551339	-0.321473	0.18494	0.00141369	-0.000891207	0.00381936
0.551342	-0.321468	0.184941	0.00197754	0.00150721	0.00277173
0.551346	-0.321467	0.184948	0.00298899	0.000721574	0.00445976
0.551348	-0.321466	0.184949	0.00330931	0.00193715	0.00341336
0.55135	-0.321465	0.184951	0.00274153	0.00186946	0.00289915
0.551352	-0.321466	0.18496	0.00231457	0.00109607	0.00425805
0.551355	-0.321464	0.184961	0.00215047	0.000543023	0.00304311
0.551358	-0.321467	0.184969	0.00241338	-0.000162216	0.00455957
0.551356	-0.321464	0.184965	0.00118635	0.000878582	0.00167638
0.551361	-0.321459	0.184969	0.00197526	0.00194613	0.00236442
0.55136	-0.321464	0.184971	0.00103884	-0.000500384	0.00229008
0.551362	-0.321465	0.184977	0.00128679	-0.000648414	0.00355062
0.551365	-0.321462	0.184982	0.00170412	0.000406147	0.00358869
0.551364	-0.321465	0.184983	0.00085987	-0.000861193	0.00274452
0.551366	-0.321459	0.184981	0.00108815	0.00111816	0.000942054
0.551371	-0.321456	0.184989	0.00232356	0.00179155	0.00334108
0.551368	-0.321463	0.184987	0.00124832	0.000570045	0.00138527
0.551371	-0.321464	0.184994	0.00203649	-0.000152135	0.00322403
0.551375	-0.32146	0.184998	0.00225775	0.00155711	0.00297742
0.551374	-0.32146	0.184996	0.00118323	0.000705788	0.00141169
0.551379	-0.321456	0.185002	0.0020496	0.00181108	0.00272733
0.551379	-0.321456	0.184999	0.00133019	0.000640673	0.000759411
0.55138	-0.32146	0.185006	0.000935517	-0.00091313	0.00261608
0.551382	-0.321455	0.185007	0.00270754	0.00323199	0.00203978
0.551381	-0.321459	0.185008	0.00193428	0.000900534	0.00369295
0.551386	-0.321455	0.185014	0.00351178	0.000830271	0.00537872
0.551382	-0.321459	0.185011	0.000870388	-0.00109299	0.00234167
0.551386	-0.321457	0.185012	0.00185671	-5.21577e-05	0.00246098
0.551385	-0.321458	0.185016	0.00138428	-5.03714e-05	0.00312577
0.551387	-0.321456	0.185017	0.00153067	0.000302426	0.00251994
0.551389	-0.321456	0.18502	0.00153566	-4.50997e-05	0.00275681
0.551387	-0.321456	0.185016	0.000202286	-0.000246361	0.000326952
0.551391	-0.321451	0.185019	0.0010227	0.000713071	0.00146758
0.551393	-0.321451	0.18502	0.00115748	0.000205551	0.00113973
0.551393	-0.321448	0.185019	0.00108319	0.0013052	0.000426869
0.551395	-0.321452	0.185024	0.00116944	-7.24334e-05	0.00165441
0.551395	-0.32145	0.18502	0.000536626	0.000186943	-0.000124129
0.551395	-0.321454	0.185025	0.000250274	-0.00123356	0.00144875
0.551397	-0.321449	0.185026	0.000675812	0.000248234	0.00128727
0.551399	-0.321448	0.185025	0.000891735	0.000591011	0.000605087
0.551397	-0.321449	0.185024	0.000196484	-0.000178411	0.000361388
0.551396	-0.321446	0.185021	0.000823263	0.00252979	-0.00100234
0.551395	-0.32145	0.185022	5.27265e-05	0.000239112	-0.00034909
0.5514	-0.32144	0.185021	0.00160499	0.00338575	-0.000522713
0.551397	-0.321447	0.185022	0.00018424	0.000140506	-2.20888e-05
0.551398	-0.321443	0.18502	0.00126843	0.00325281	-0.000672976
0.551397	-0.321445	0.185021	0.000405907	0.000755752	-9.58705e-05
0.551399	-0.321441	0.185019	0.00110566	0.0021487	-0.000622572
0.551395	-0.321445	0.18502	0.000528944	0.00203163	-3.66127e-05
0.551398	-0.321437	0.185014	0.00118976	0.00379335	-0.00230062
0.551397	-0.321436	0.185015	0.000515882	0.00225545	-0.000798484
0.551397	-0.321437	0.185015	0.000487744	0.00169721	-0.000512736
0.551397	-0.321437	0.185014	-1.24137e-05	0.00145955	-0.00123587
0.551395	-0.321437	0.185014	-0.000759834	0.000157173	-0.000680403
0.551393	-0.321435	0.185005	-0.001191	0.000602659	-0.0031013
0.551393	-0.321433	0.185007	-0.000580219	0.000879684	-0.0012346
0.551394	-0.321429	0.185003	1.01099e-05	0.00174816	-0.00197582
0.551392	-0.321428	0.184995	-0.000713585	0.00174953	-0.00408346
0.551393	-0.321425	0.184998	-0.000410696	0.0017181	-0.00163221
0.551393	-0.321424	0.184994	0.000458422	0.000720659	0.00148385
0.551395	-0.321423	0.184995	0.000930083	0.000798582	0.00165595
0.55139	-0.321423	0.184992	-0.000977726	0.000109697	0.000475999
0.551392	-0.321422	0.184989	0.000919969	0.00211794	-0.000520703
0.551391	-0.321421	0.184988	0.000544657	0.00167809	-5.16286e-06
0.551392	-0.321417	0.184982	0.000441105	0.00189291	-0.00161983
0.551391	-0.321418	0.184981	-0.000305526	0.00104083	-0.00144448
0.551395	-0.321414	0.184986	0.00120631	0.0019646	0.000137452
0.551394	-0.321413	0.184981	0.000454516	0.00154106	-0.0016038
0.551389	-0.321415	0.184973	-0.00167575	-0.000293411	-0.00352693
0.551393	-0.321411	0.184978	0.00133026	0.00249551	-0.000157661
0.551391	-0.321411	0.184974	0.000162098	0.00161887	-0.00163073
0.551392	-0.321406	0.184974	0.000321134	0.00248993	-0.00120244
0.551391	-0.321411	0.184974	-0.000489634	0.000120506	-0.00104831
0.551393	-0.321409	0.184971	0.00130376	0.00221238	-0.00120738
0.551392	-0.321407	0.184969	0.00042967	0.00197951	-0.0014899
0.551394	-0.321407	0.184972	0.00124133	0.00162947	-0.000265444
0.551394	-0.321407	0.184974	0.000466039	0.000800975	7.66424e-05
0.551394	-0.321407	0.184971	0.00038142	0.000592492	-0.000793267
0.551394	-0.321403	0.184968	0.00033031	0.00113159	-0.000864236
0.551396	-0.321403	0.18497	0.000670558	0.000527602	0.000410164
0.551394	-0.321404	0.184967	-0.000552665	-0.000365172	-0.000710231
0.551397	-0.321399	0.184969	0.000230499	0.000782044	-0.000468046
0.551398	-0.321397	0.184963	0.000262286	0.00119198	-0.00234707
0.551396	-0.321398	0.184966	0.000266702	0.000740224	-0.000120785
0.551397	-0.3214	0.184969	-2.36912e-05	-0.000730595	0.000844885
0.551398	-0.321399	0.184967	9.82315e-05	0.000134027	-0.000565347
0.551397	-0.321397	0.184963	-0.000366494	0.000345784	-0.00135712
0.551397	-0.321397	0.184962	-0.000613238	-0.000190354	-0.00147453
0.5514	-0.321393	0.184965	0.000846449	0.0011509	-5.12447e-05
0.551402	-0.321391	0.184968	0.000858443	0.00123217	0.00133511
0.5514	-0.321393	0.184963	-0.00069303	-0.000369987	-0.00144219
0.5514	-0.321397	0.184967	-0.000366286	-0.00167914	0.000353019
0.551399	-0.321395	0.184965	-0.000401784	-0.000339154	0.000105594
0.551401	-0.321393	0.184967	5.09963e-05	-0.00040346	0.00045844
0.551404	-0.321392	0.184971	0.000840948	-9.4804e-05	0.00185622
0.551399	-0.321394	0.184961	-0.00106564	-0.000434931	-0.00185884
0.551401	-0.32139	0.184961	-0.000142019	0.000679218	-0.00122901
0.551403	-0.32139	0.184966	0.000483557	0.000187369	0.000740133
0.551403	-0.321389	0.184964	8.98441e-05	0.000167008	-0.000163709
0.551404	-0.321387	0.184968	0.000110709	0.000145021	0.000783723
0.551403	-0.321386	0.184963	-0.000210322	0.000934034	-0.00107368
0.551406	-0.321386	0.184967	0.0017309	0.00184756	0.000363344
0.551405	-0.321382	0.184965	0.000768218	0.00228093	-0.000240073
0.551405	-0.321387	0.184968	0.00069939	0.000181094	0.0011819
0.551405	-0.321389	0.184971	0.000346946	-0.000353501	0.00137498
0.551406	-0.321386	0.184967	0.00028386	0.000459724	-0.000289719
0.551403	-0.321387	0.184967	-0.000479255	0.000153925	-0.000306244
0.551403	-0.32139	0.184967	-0.000501662	-0.00114501	-0.000124352
0.551409	-0.321385	0.184972	0.00137144	0.000327897	0.00133834
0.551406	-0.321382	0.184967	-2.55031e-05	0.00143478	-0.000626106
0.551407	-0.321386	0.18497	0.000522677	-5.08824e-05	0.000643047
0.551408	-0.321384	0.184971	0.000485527	0.000592143	0.000659198
0.551409	-0.321383	0.184971	0.000415577	0.00037871	0.000514365
0.551407	-0.321384	0.184969	-0.000480563	-0.000655205	-0.000304701
0.551407	-0.321385	0.184971	0.000129236	-1.07166e-06	0.000416196
0.551406	-0.321389	0.184974	-0.000103832	-0.00126142	0.0012308
0.551409	-0.321386	0.184973	0.000386341	-0.000450751	0.000594206
0.551408	-0.32139	0.18498	-0.000156534	-0.00197784	0.00270037
0.551408	-0.321391	0.184976	-0.000184635	-0.00135849	0.000413289
0.551408	-0.321389	0.184977	0.000108155	-0.000235472	0.000553126
0.551409	-0.321387	0.184976	0.000287001	0.00026237	0.000354178
0.55141	-0.321387	0.184977	0.000459693	3.73603e-05	0.000565747
0.551407	-0.321391	0.184981	8.75988e-05	-0.000148004	0.00198223
0.551405	-0.321395	0.184979	-0.00035059	-0.000336416	0.000219722
0.551406	-0.321396	0.18498	0.000242427	-0.000406426	0.000257777
0.551407	-0.321395	0.184985	0.000860975	0.000139596	0.00188475
0.551405	-0.321395	0.184981	-0.000802237	-0.000360839	-0.000622859
0.55141	-0.321391	0.184988	0.00146235	0.00133702	0.0023164
0.551409	-0.321394	0.184986	0.000708596	-0.000299149	0.00105813
0.551403	-0.321402	0.184983	-0.00138386	-0.00247482	-0.000193365
0.551406	-0.321397	0.184984	-0.000198165	8.77547e-06	4.32242e-05
0.551406	-0.3214	0.184986	0.000117817	-0.000829106	0.000724975
0.551408	-0.321398	0.184992	0.000643935	-0.000194947	0.00257399
0.551404	-0.321404	0.184986	-0.000948759	-0.00199927	-0.000328008
0.551406	-0.321403	0.184989	0.000117956	-0.00104092	0.00075707
0.551403	-0.321408	0.18499	-0.00101645	-0.00206204	0.000675738
0.551403	-0.321407	0.184988	-0.000622313	-0.00145563	-0.000339551
0.551403	-0.321409	0.184988	-0.000426903	-0.0015938	0.000101504
0.551404	-0.321409	0.184992	-0.000166453	-0.00113319	0.000660148
0.551406	-0.321405	0.184993	0.000125951	0.000392259	0.000523243
0.551403	-0.321411	0.184994	-0.00109463	-0.00175774	0.00034384
0.551403	-0.321409	0.184989	-0.000710758	-0.000533134	-0.000977546
0.551403	-0.321412	0.184991	-0.000610318	-0.000923548	-3.69341e-05
0.551403	-0.321415	0.184992	-0.000704168	-0.00178654	0.000332128
0.551402	-0.321416	0.184992	-0.000440021	-0.00119484	0.000244905
0.551403	-0.321416	0.184995	-0.000190855	-0.0008364	0.000727035
0.551401	-0.321418	0.184992	-0.000661982	-0.00152712	-0.000369876
0.551401	-0.321416	0.184991	-0.000499143	-0.000401409	-0.000627498
0.5514	-0.321419	0.184993	-0.00114827	-0.0017202	0.000474997
0.551396	-0.321425	0.18499	-0.00186728	-0.00243158	-0.000901292
0.551396	-0.321422	0.18499	-0.000951854	-0.000551407	-0.000442625
0.5514	-0.32142	0.18499	4.5914e-05	-6.77077e-05	-0.000671405
0.551398	-0.321422	0.184988	-0.000132902	-0.000655193	-0.0007046
0.551399	-0.32142	0.18499	-0.000120393	0.000251418	-3.5653e-05
0.551397	-0.321421	0.184987	-0.000620967	-0.000177815	-0.00118049
0.551396	-0.321425	0.184991	-0.00104207	-0.00171198	0.000333473
0.551397	-0.321423	0.184986	-0.000479525	-0.000588324	-0.00115776
0.551398	-0.321421	0.184989	0.000539071	0.00107637	0.000107527
0.551399	-0.321424	0.184992	0.000317646	-0.000613815	0.00076245
0.551396	-0.321424	0.184989	-0.000775554	-0.000450488	-0.000830284
0.551394	-0.321425	0.184986	-0.00114851	-0.000601766	-0.00097021
0.551391	-0.321427	0.184981	-0.00201518	-0.00100526	-0.00281394
0.551395	-0.321427	0.184987	-0.000210324	-0.000653224	5.54746e-05
0.551392	-0.321426	0.184982	-0.000842039	-4.23368e-05	-0.00127374
0.55139	-0.321431	0.184984	-0.00103838	-0.00177891	9.94029e-05
0.55139	-0.321431	0.184982	0.00113661	0.00221131	-0.000498286
0.551393	-0.321428	0.184984	0.0022552	0.00298744	-0.000194295
0.551387	-0.321433	0.184977	-0.000648544	0.000835157	-0.00240114
0.551392	-0.321428	0.18498	0.000929249	0.00195113	-0.000635687
0.551387	-0.321429	0.184972	-0.000809787	0.000994255	-0.00293093
0.551391	-0.321429	0.184977	0.000758391	0.000685365	-0.000301028
0.551387	-0.321433	0.184975	-0.000488896	-0.000252404	-0.00118028
0.551386	-0.321432	0.184973	-0.000123532	-6.4458e-05	-0.000756974
0.551387	-0.321431	0.184974	0.000442686	0.000385276	0.000177884
0.551386	-0.321431	0.18497	0.000242728	0.000324305	-0.00129729
0.551385	-0.321432	0.18497	-0.000556365	-8.79628e-06	-0.000975602
0.551384	-0.321432	0.18497	-0.000617052	0.00020324	-0.00100197
0.551388	-0.321428	0.184967	0.00075206	0.00150685	-0.00161991
0.551389	-0.321428	0.184972	0.000825838	0.000813463	0.000618951
0.551388	-0.321428	0.184967	0.000238556	0.000719242	-0.00126696
0.551387	-0.321428	0.184967	0.000136307	0.000492671	-0.000867076
0.551386	-0.321433	0.184969	0.00153677	0.00187894	0.000347827
0.551382	-0.321429	0.18496	-0.000296088	0.00248232	-0.00295961
0.551388	-0.321424	0.184966	3.08558e-05	-5.43075e-06	0.000426484
0.551383	-0.321428	0.184957	-0.00168622	-0.00120695	-0.00238682
0.551386	-0.321425	0.184962	-0.00015728	-0.000149086	-0.00060536
0.551385	-0.321428	0.184962	-0.000414575	-0.000627887	-0.000412981
0.551384	-0.321423	0.184957	-0.000456343	0.000927696	-0.00160756
0.551386	-0.321427	0.184964	0.000301122	-0.00048778	0.00142791
0.551386	-0.321421	0.184962	0.000207952	0.00167226	-0.000127341
0.551384	-0.321424	0.184955	-0.000269145	6.92757e-05	-0.00169452
0.551387	-0.321424	0.184963	0.0007072	0.000138634	0.000989465
0.551386	-0.321419	0.184955	0.000106325	0.0016096	-0.00183985
0.551387	-0.321423	0.184961	4.82617e-05	-0.000229955	0.000343337
0.551388	-0.32142	0.18496	0.000585493	0.000789679	0.000243067
0.551387	-0.32142	0.184956	0.00026151	0.000579497	-0.00130433
0.551389	-0.321421	0.184962	0.000556907	0.000161874	0.000934043
0.551388	-0.321418	0.184955	-0.000305639	0.000493062	-0.00155135
0.55139	-0.321414	0.184957	0.000770096	0.00165725	-0.000401006
0.551387	-0.321415	0.184954	-0.000348113	0.00101617	-0.00102114
0.551389	-0.321414	0.184956	0.000424336	0.00102499	-0.000273276
0.55139	-0.321415	0.184959	0.000776474	0.000377892	0.00133951
0.551389	-0.321415	0.184956	0.000268519	0.000367878	-0.000286667
0.551392	-0.321411	0.184958	0.00116418	0.00160295	0.000434127
0.55139	-0.321413	0.184955	-0.000149799	0.000345756	-0.000641985
0.551395	-0.321409	0.184958	0.00125203	0.00133785	0.000253107
0.551395	-0.32141	0.184958	0.000848876	0.000196593	0.000554597
0.551394	-0.321409	0.184957	0.000263497	0.000992691	-0.000376797
0.551397	-0.321407	0.184961	0.00156636	0.00117447	0.00166083
0.551398	-0.321404	0.184961	0.000817023	0.00159899	0.000439902
0.551398	-0.321404	0.184958	0.000336518	0.00119826	-0.000867004
0.551399	-0.321402	0.184961	0.00101108	0.00106248	0.000907461
0.551399	-0.3214	0.184958	0.000256091	0.000923752	-0.000343549
0.5514	-0.321402	0.184961	0.000620378	0.00033135	0.000780336
0.551401	-0.321402	0.184964	-0.000206865	0.000241715	0.000602202
0.5514	-0.321397	0.184957	-0.000476309	0.0016761	-0.00159871
0.551405	-0.321399	0.184967	0.00112928	0.000915461	0.00174225
0.551401	-0.321398	0.18496	-0.000386766	0.000620032	-0.00079011
0.551403	-0.321396	0.184958	0.000204184	0.00148336	-0.00111708
0.551405	-0.321396	0.184963	0.000884848	0.00117728	0.000756617
0.551404	-0.321391	0.184955	0.000112389	0.00175924	-0.00224297
0.551403	-0.321391	0.184957	-0.0005314	0.000880018	-0.00102355
0.551405	-0.321393	0.18496	0.000324915	0.000175912	0.000623052
0.551408	-0.321391	0.184959	0.00113004	0.000859302	-1.52598e-05
0.551404	-0.321395	0.18496	-0.000431463	-0.000659294	0.000427192
0.551403	-0.321391	0.184951	-0.000609869	0.000375927	-0.00267054
0.551407	-0.321391	0.184959	0.00034562	-0.000145878	0.000913403
0.551409	-0.321389	0.18496	0.000826862	0.000872556	0.00063977
0.551408	-0.321387	0.184955	1.4231e-05	0.000870191	-0.00111614
0.551408	-0.321388	0.184957	0.000126504	-0.000149895	0.000203601
0.551406	-0.321387	0.184956	-0.00044383	0.000261607	-0.000565939
0.551408	-0.321385	0.184953	5.18151e-05	0.000655121	-0.00120095
0.551409	-0.321385	0.184954	0.000261936	0.000223483	-0.000457153
0.551405	-0.321386	0.18495	-0.00014096	0.0013296	-0.00168077
0.551408	-0.321384	0.184954	0.000853192	0.00184333	0.000124417
0.551412	-0.321379	0.184955	0.00147367	0.00217366	0.000424537
0.551409	-0.321382	0.184954	0.00119823	0.00242803	-5.89582e-05
0.55141	-0.32138	0.184952	0.00103907	0.00242177	-0.00068245
0.551412	-0.321378	0.184952	0.00128126	0.00217304	-0.000659312
0.551406	-0.321386	0.184948	-0.00109518	-0.00128112	-0.00166535
0.551409	-0.321382	0.184952	0.000198551	7.37791e-05	0.00012976
0.551405	-0.321385	0.184949	-0.00131194	-0.00104599	-0.000664832
0.551409	-0.321382	0.184952	0.000636867	0.000514338	0.000307659
0.55141	-0.321381	0.184951	0.000391074	0.000336454	0.00019078
0.551406	-0.321381	0.184948	-0.000581411	0.000106255	-0.000600022
0.551406	-0.32138	0.184945	-0.000299157	0.000709631	-0.00155539
0.551407	-0.321382	0.184947	6.96797e-05	-0.000332119	-0.000343248
0.551406	-0.321384	0.184945	-0.000589967	-0.000496231	-0.00113137
0.551406	-0.321384	0.184949	-6.81415e-05	-0.000469209	0.00096206
0.551405	-0.321387	0.184947	-0.000832162	-0.00117016	-0.000523984
0.551406	-0.321384	0.184947	-0.000339464	-0.000296803	-0.000390734
0.551407	-0.32138	0.184944	0.000241262	0.000874991	-0.000847923
0.551405	-0.321383	0.184942	-0.000525118	-0.000316336	-0.0011671
0.551405	-0.321384	0.184947	-0.00052115	-0.000778629	0.000688313
0.551403	-0.321387	0.184944	-0.00090695	-0.00153833	-0.000392977
0.551404	-0.321386	0.184949	-0.000297465	-0.000535661	0.00110223
0.551406	-0.321383	0.184946	0.000163618	0.000748638	-0.000415762
0.551403	-0.321387	0.184943	-0.000919983	-0.000830898	-0.00142562
0.551404	-0.32139	0.184951	-0.000153275	-0.00217927	0.0021365
0.551405	-0.321384	0.184946	0.000216323	0.000352786	-0.000135744
0.551405	-0.321386	0.184951	0.000498012	2.42321e-05	0.00168601
0.5514	-0.321389	0.184943	-0.00109456	-0.000562006	-0.0016522
0.551404	-0.321391	0.184953	5.50626e-05	-0.00143847	0.00197586
0.551401	-0.321392	0.184948	-0.000755682	-0.00116626	-0.000204416
0.551399	-0.321393	0.184947	-0.00110162	-0.00114283	-0.000492785
0.551402	-0.321389	0.184947	0.000173729	0.000798388	-0.000333315
0.551404	-0.321389	0.184947	0.00054511	0.000213121	-8.26409e-05
0.551398	-0.321392	0.184943	-0.00145074	-0.000768852	-0.00171353
0.551399	-0.321391	0.184947	-0.000359591	-0.000227492	0.000611846
0.551403	-0.321388	0.184946	0.000439825	0.000835545	-0.000388583
0.5514	-0.321391	0.184946	-0.000471856	-0.000365857	-2.81262e-05
0.551399	-0.32139	0.184941	-0.000413038	-0.000194574	-0.00146102
0.551398	-0.321392	0.184945	-0.000420558	-0.000593452	0.000459363
0.551395	-0.321395	0.184943	-0.00137219	-0.00115334	-0.000724956
0.551397	-0.321394	0.184943	-0.000457033	-0.000436477	-0.000683455
0.551397	-0.321396	0.184948	-0.00018046	-0.000950277	0.00134085
0.551397	-0.321396	0.184943	-0.000215835	-0.00058665	-0.000545179
0.5514	-0.321395	0.184949	0.000835231	-0.000245462	0.00179365
0.551395	-0.321397	0.184942	-0.000828868	-0.000734247	-0.000679825
0.551393	-0.321395	0.184939	-0.0012284	-4.77013e-05	-0.00177324
0.551394	-0.321401	0.184947	-0.000521334	-0.00160242	0.00129023
0.551398	-0.321395	0.184945	0.000341676	0.000595791	-0.000296789
0.551391	-0.3214	0.184942	-0.00152394	-0.00128023	-0.000925452
0.551395	-0.321399	0.184947	4.40244e-05	-0.00018522	0.000911478
0.551395	-0.321399	0.184946	0.000230097	-0.000230576	0.000403401
0.551392	-0.321401	0.184945	0.00106163	0.00244404	0.000165992
0.551395	-0.321399	0.184945	0.00181598	0.00259272	0.000197726
0.551393	-0.3214	0.184946	0.000905025	0.00153972	0.000383865
0.551391	-0.321406	0.184946	2.47966e-05	-0.0010124	0.000373423
0.551392	-0.321403	0.184947	0.000229947	0.00067561	0.000156385
0.551392	-0.321405	0.184949	0.000576805	0.000304139	0.00103154
0.55139	-0.321404	0.184946	-0.000294589	3.03203e-05	-0.000293888
0.551388	-0.321409	0.184947	-0.00061871	-0.00103272	0.000420679
0.551388	-0.32141	0.184948	-0.000645649	-0.0011499	0.00030333
0.551385	-0.321411	0.184941	-0.00121405	-0.00095633	-0.00219372
0.551386	-0.321412	0.184943	-0.000333675	-0.000874664	-0.000457972
0.551386	-0.321414	0.184946	-0.000141331	-0.00125773	0.000588217
0.551388	-0.321409	0.184946	7.30666e-05	0.000436677	0.000293349
0.551386	-0.321413	0.184948	-0.000456094	-0.000784825	0.000760782
0.551387	-0.321412	0.184947	0.000152091	-0.000133741	0.000281531
0.551386	-0.321414	0.184947	-0.000133197	-0.000608246	0.000238102
0.551385	-0.321413	0.184944	-0.000477905	-0.000136074	-0.000799333
0.551383	-0.321418	0.184945	-0.00062786	-0.0012843	-0.000171353
0.551385	-0.321419	0.184951	0.000104329	-0.00116725	0.00143155
0.551382	-0.321418	0.184941	-0.00100107	-0.000143195	-0.00216103
0.551382	-0.321418	0.184945	-0.000943895	-0.000605232	-8.10754e-05
0.551379	-0.321423	0.184944	-0.00126869	-0.0020034	-0.000243749
0.551382	-0.321419	0.184943	0.00019134	4.94358e-05	-0.000383855
0.551382	-0.321419	0.184948	2.12079e-05	0.000151063	0.00135396
0.551379	-0.321424	0.184944	-0.00260384	-0.00435431	-0.00045717
0.551381	-0.321423	0.184943	-0.00131721	-0.00282631	-0.000820981
0.551379	-0.321426	0.184949	-0.00138652	-0.0031787	0.00145004
0.55138	-0.321421	0.184944	-0.00063796	-0.000484607	-0.00054334
0.551377	-0.321427	0.184944	-0.00169319	-0.00243077	-0.000398861
0.551376	-0.321425	0.18494	-0.00162957	-0.00133159	-0.00178915
0.551378	-0.321427	0.184946	-0.000434332	-0.00128216	0.000960343
0.551377	-0.321429	0.184948	-0.00052552	-0.00147463	0.0012077
0.551372	-0.321432	0.184941	-0.00187789	-0.00211586	-0.00134326
0.551376	-0.321428	0.184943	0.000302652	0.000317164	6.73046e-05
0.551376	-0.321431	0.184943	-0.000195765	-0.000911839	-0.000167514
0.551376	-0.321426	0.184937	-0.000137895	0.000703227	-0.00170349
0.551378	-0.321426	0.184945	0.000629501	0.000614298	0.00123714
0.551375	-0.321427	0.184937	-0.000655514	-0.000183977	-0.00209483
0.551375	-0.321426	0.184939	-0.000221293	0.00041997	-0.000597408
0.551374	-0.321427	0.184939	-0.000480728	-0.000229588	-0.000425034
0.551374	-0.321429	0.18494	-0.000302366	-0.000846054	0.000104551
0.551374	-0.321427	0.184938	-0.000163593	0.000107765	-0.000267534
0.551374	-0.321427	0.184935	-0.000176357	8.51916e-05	-0.00153061
0.551374	-0.321429	0.184935	-0.000296251	-0.000521046	-0.0013063
0.551372	-0.32143	0.184939	-0.000835916	-0.000636101	0.000405481
0.551369	-0.321428	0.184927	-0.00115072	0.000612696	-0.00301676
0.551373	-0.321427	0.184934	0.000604356	0.000951741	-0.000130632
0.551373	-0.321425	0.184931	0.000317079	0.000698339	-0.000652645
0.551371	-0.321427	0.184928	-0.0015649	-0.00164833	-0.00138383
0.551372	-0.321425	0.184933	-0.000520765	-0.000332128	0.000437478
0.551372	-0.321425	0.184928	-0.000410726	-0.000321158	-0.00101309
0.551368	-0.321427	0.184926	-0.0014814	-0.000895126	-0.00142958
0.551369	-0.321423	0.184922	-0.000860491	0.000612039	-0.00193045
0.551372	-0.321422	0.184926	0.000227381	0.00045514	-0.000560098
0.551374	-0.321425	0.184931	0.000710824	-0.000660744	0.00155301
0.551372	-0.32142	0.184925	-4.13734e-05	0.00116341	-0.00120495
0.551372	-0.321424	0.184928	-0.0015917	0.000989497	-0.0019323
0.55137	-0.321422	0.18492	-0.00213945	0.00132742	-0.00399449
0.551369	-0.321424	0.184918	-0.00179901	0.00040676	-0.00363755
0.551369	-0.321423	0.18492	-0.00133035	0.000429119	-0.00174363
0.551368	-0.321418	0.184913	-0.00102738	0.00162296	-0.00335252
0.551371	-0.321414	0.184917	0.000123459	0.00260146	-0.000953628
0.551371	-0.32142	0.184919	-7.01516e-05	-0.000207776	-0.000172705
0.55137	-0.321413	0.184911	-0.000544657	0.00220411	-0.00274873
0.551371	-0.321418	0.184916	-6.55673e-05	-0.000113994	-0.000233956
0.551371	-0.321415	0.184915	0.000277921	0.00111997	-0.000513563
0.551369	-0.321409	0.184908	-0.000201858	0.00230469	-0.00199732
0.551375	-0.321407	0.184913	0.00139762	0.00198764	0.000306243
0.551372	-0.321412	0.184908	-0.000127567	-4.26132e-05	-0.00182173
0.551376	-0.321409	0.184915	0.000863812	0.00072519	0.000592437
0.551372	-0.321408	0.184905	-0.000183659	0.000945006	-0.00234061
0.551372	-0.32141	0.184912	-0.000395388	0.000130203	0.000670148
0.551371	-0.321409	0.184907	-0.00050189	0.000228133	-0.000740148
0.551369	-0.32141	0.184903	-0.000590043	0.000327885	-0.00171155
0.55137	-0.32141	0.184908	-0.000367738	-0.000497874	0.000610191
0.551372	-0.321404	0.184901	0.000645569	0.00181187	-0.00209707
0.551373	-0.321406	0.184905	0.000295646	0.000674808	-0.000848603
0.551375	-0.321405	0.184907	0.000658375	0.000848988	8.16178e-05
0.551373	-0.321407	0.184904	-2.18546e-05	0.000109982	-0.000560591
0.551372	-0.321402	0.184901	-6.77235e-05	0.00142733	-0.00115199
0.551371	-0.321405	0.184899	-0.000277958	-0.000196361	-0.0011996
0.551371	-0.321402	0.184898	1.79012e-05	0.0010933	-0.000846227
0.551372	-0.321402	0.184903	0.000147752	0.000616824	0.000486218
0.551369	-0.321404	0.184896	-0.000824659	-0.00034128	-0.00188881
0.551372	-0.321403	0.184902	0.000147971	2.31056e-05	0.000999547
0.551374	-0.3214	0.184902	0.000221922	0.000558852	5.63914e-05
0.55137	-0.321404	0.184901	-0.000730905	-0.00115166	3.19254e-05
0.551374	-0.321403	0.184903	0.000113103	-0.000440434	-0.00060939
0.551371	-0.321405	0.184899	-0.000767762	-0.000486755	-0.00205398
0.551371	-0.321407	0.184906	-0.000630862	-0.000937663	0.000484673
0.55137	-0.321402	0.184901	-0.000152881	0.00119706	-0.00135472
0.551371	-0.321403	0.184899	-0.00026548	0.000290999	-0.00169407
0.551375	-0.321402	0.184908	0.00124551	0.000653465	0.00209216
0.551372	-0.321402	0.184899	-0.000356911	0.000481093	-0.00193858
0.551373	-0.321406	0.184906	0.000658769	-0.000906376	0.00147987
0.551372	-0.321405	0.184905	-9.27171e-05	-0.000302889	0.000298438
0.55137	-0.321405	0.184899	-0.000706373	-0.000449135	-0.00156811
0.55137	-0.321405	0.184898	-0.000472871	-0.000296707	-0.00105776
0.551369	-0.321409	0.184901	-0.000813238	-0.00122737	-0.000217524
0.551372	-0.321407	0.184903	0.00073058	-0.000231416	0.00116749
0.55137	-0.321413	0.184904	-0.00039416	-0.00232177	0.00112492
0.55137	-0.32141	0.184904	5.10434e-05	-0.000412527	0.000421491
0.551371	-0.321407	0.184905	0.000261831	0.000959332	0.000712895
0.551369	-0.32141	0.184902	-0.000344976	-0.000363102	-0.000359614
0.551369	-0.321409	0.184903	-0.00039451	-0.000201203	2.62369e-05
0.551369	-0.321416	0.184912	-0.000205034	-0.00217279	0.00250571
0.55137	-0.321413	0.184904	0.000110599	-0.000263678	-0.000951719
0.551368	-0.321414	0.184907	-0.000430149	-0.000530623	0.000413937
0.55137	-0.321409	0.184906	0.000567966	0.00110614	0.000289799
0.55137	-0.321415	0.184907	-0.000120115	-0.00161616	0.000104958
0.551371	-0.321413	0.184911	0.000570021	-0.00012035	0.00148984
0.551368	-0.321414	0.184905	-0.000556699	-0.000204772	-0.00114533
0.551368	-0.321416	0.184907	-0.000466707	-0.000784906	0.000394246
0.551367	-0.321419	0.184909	-0.000506005	-0.00163301	0.000665476
0.551373	-0.32141	0.184906	0.00143464	0.00182792	-0.000365726
0.55137	-0.321413	0.184906	0.000163214	0.000302988	-3.68443e-05
0.55137	-0.321412	0.184905	-0.000176931	0.000374942	-0.000386099
0.55137	-0.321415	0.18491	8.72809e-05	-0.000541674	0.0012566
0.551369	-0.321417	0.184912	-0.000634496	-0.00127577	0.00111485
0.551371	-0.321413	0.184907	0.000533194	0.000610491	-0.00092263
0.551372	-0.321414	0.18491	0.000562561	0.000210455	0.000579531
0.551371	-0.321412	0.184909	0.000232359	0.000950523	0.000251005
0.551371	-0.321416	0.18491	2.65392e-05	-0.000636527	0.000292886
0.551371	-0.321416	0.184913	0.000267933	-0.000598394	0.00140837
0.551371	-0.321415	0.184909	-7.21994e-05	-0.000226431	-0.000274
0.551374	-0.321411	0.18491	0.000820034	0.00133396	-0.000173101
0.551373	-0.321414	0.184912	0.000236437	-0.000305463	0.000245877
0.551373	-0.32141	0.184906	0.000219049	0.00110781	-0.00137701
0.551372	-0.321414	0.18491	-0.0020801	-0.00394841	-1.17888e-06
0.55137	-0.321412	0.184907	-0.00240084	-0.00238155	-0.00108961
0.551373	-0.321408	0.184906	-0.000540729	-0.00049834	-0.000328888
0.551371	-0.321412	0.184908	-0.00247731	-0.00165511	-0.000819702
0.551373	-0.321406	0.184905	-0.000832638	0.000948121	-0.00177068
0.551375	-0.321406	0.184908	0.000155692	0.000696173	0.000350052
0.551376	-0.321403	0.184903	-6.96168e-05	0.00113633	-0.00160849
0.551378	-0.321399	0.184901	0.000681933	0.00219846	-0.00157423
0.551377	-0.3214	0.184907	0.000235869	0.000860289	0.00082109
0.551377	-0.321401	0.184904	9.85191e-05	0.000606062	-0.000862015
0.551376	-0.321397	0.184903	-0.000484991	0.00123883	-0.00108769
0.551379	-0.321396	0.184904	0.000510544	0.00100838	-3.9765e-05
0.551377	-0.321397	0.1849	-0.000204414	0.000336384	-0.00119413
0.551378	-0.321396	0.184904	0.000236529	0.000622698	0.000616056
0.551379	-0.321391	0.184901	0.000467088	0.00221409	-0.00115311
0.551382	-0.321387	0.184899	0.00106861	0.00230808	-0.000915352
0.551382	-0.321389	0.184902	0.000348656	0.000458725	0.000484533
0.55138	-0.321384	0.184893	3.16396e-05	0.00247213	-0.00276143
0.551383	-0.321383	0.184898	0.000884754	0.00174939	-0.000217618
0.551382	-0.321385	0.184898	0.000258966	0.000653722	-0.000168987
0.551385	-0.32138	0.184898	0.00108163	0.00194031	-8.50258e-05
0.551384	-0.321384	0.184899	0.000165973	-0.000316738	0.000295216
0.551384	-0.321381	0.184895	0.000416124	0.000855946	-0.000979078
0.551387	-0.321378	0.184897	0.000977632	0.00149749	-5.59821e-05
0.551384	-0.321377	0.184892	-0.000143614	0.00150749	-0.00194927
0.551388	-0.321376	0.184897	0.000955519	0.0009889	0.000592985
0.551388	-0.321376	0.184896	0.000787574	0.000593247	0.000132379
0.551387	-0.321373	0.184892	0.000476699	0.00179041	-0.00117079
0.551388	-0.321375	0.184895	0.000409283	0.000473334	0.000143984
0.551386	-0.321376	0.184892	-0.000248287	-3.09644e-05	-0.00109306
0.55139	-0.32137	0.184892	0.000973463	0.00192425	-0.000709353
0.551393	-0.321368	0.184897	0.0015734	0.00138539	0.00166978
0.551391	-0.321367	0.18489	4.74457e-05	0.000908126	-0.00160244
0.551388	-0.321367	0.184885	-0.000970687	0.000542731	-0.00241215
0.551391	-0.321367	0.184892	0.00030432	0.000454079	0.00055889
0.551388	-0.321368	0.184886	-0.000780219	0.000218539	-0.0018213
0.551391	-0.321368	0.184892	0.000678125	0.000150926	0.0007702
0.55139	-0.321366	0.184887	-0.000101962	0.00042033	-0.0010589
0.55139	-0.321365	0.184886	0.00113159	0.000528397	7.83302e-05
0.551392	-0.321365	0.184891	0.00131726	3.46548e-06	0.00164754
0.551389	-0.321365	0.184885	-9.48273e-05	-3.23445e-05	-0.000710535
0.551391	-0.321364	0.184887	-0.0002878	0.00048776	-0.0003094
0.55139	-0.321364	0.184887	-0.00103672	8.04484e-05	-0.000398491
0.551389	-0.321363	0.184883	-0.000876027	0.000237664	-0.00143854
0.55139	-0.321364	0.184887	-0.000143222	-0.000190863	0.000549953
0.551388	-0.321367	0.184886	-0.000789497	-0.00099948	-0.000256755
0.55139	-0.321363	0.184887	-0.000126556	0.000436322	5.19687e-05
0.551386	-0.321371	0.184884	-0.00149533	-0.00221762	-0.000812541
0.551388	-0.321364	0.184882	-0.000455924	0.00084776	-0.00128402
0.551388	-0.321367	0.184887	-0.000266859	-0.000743101	0.000752426
0.551385	-0.321364	0.184881	-0.00067998	0.000428013	-0.000889757
0.551386	-0.32137	0.184886	-0.000317129	-0.00179343	0.00109734
0.551385	-0.321369	0.184885	-0.000561484	-0.000350193	-3.91968e-05
0.551384	-0.321366	0.184879	-0.000457446	0.000442816	-0.00179505
0.551385	-0.321372	0.184886	-0.000451655	-0.00148183	0.000945127
0.551384	-0.321373	0.184884	-0.000261062	-0.00109753	-0.000163027
0.551384	-0.32137	0.184882	-0.000494213	0.000106061	-0.000854009
0.551381	-0.321372	0.184884	-0.00093302	-0.000907496	0.000275578
0.551385	-0.321373	0.184886	7.32202e-05	-0.00106666	0.000653024
0.551385	-0.32137	0.184885	0.000494664	0.000379692	0.00069767
0.551384	-0.321371	0.184883	-0.000190939	-9.16644e-05	-0.000724319
0.551383	-0.321373	0.184883	-0.000442781	-0.00114325	-0.000181459
0.551382	-0.321377	0.184886	-0.000328809	-0.00141971	0.00108679
0.551382	-0.321378	0.184887	2.63107e-05	-0.00107446	0.000747796
0.551381	-0.32138	0.184887	-0.00247219	-0.00436497	0.000128372
0.551377	-0.321385	0.184885	-0.00300731	-0.00502179	-0.000500944
0.551377	-0.321381	0.184884	-0.00201078	-0.00230912	-0.000456772
0.551379	-0.321383	0.184887	-0.00112929	-0.00255747	0.000440573
0.551379	-0.321386	0.184891	-0.000885041	-0.00241718	0.00144351
0.551376	-0.321391	0.18489	-0.00115776	-0.00345387	0.00100892
0.551377	-0.321389	0.184887	-0.000551622	-0.00183385	0.000162202
0.551376	-0.321389	0.184886	-0.000832125	-0.00102115	-0.000872712
0.551377	-0.321392	0.18489	-0.000153103	-0.00165254	0.000759663
0.551374	-0.321393	0.184888	-0.0010233	-0.00123575	-0.0002763
0.551375	-0.321392	0.184889	-0.000546719	-0.000917961	0.000431069
0.551375	-0.321392	0.184888	3.73617e-05	-0.000262307	4.23798e-05
0.551374	-0.321396	0.18489	-0.000404767	-0.00123474	0.000634251
0.551373	-0.321396	0.18489	-0.000561844	-0.000662028	6.16896e-05
0.551372	-0.321397	0.184891	-0.00105844	-0.00126433	0.000290288
0.551374	-0.321397	0.184892	0.000164263	-0.000673878	0.000915331
0.551373	-0.321396	0.184889	-0.000140089	-0.000332463	-0.000569961
0.551374	-0.321397	0.184891	3.59787e-05	-0.000270485	0.000207458
0.55137	-0.321401	0.184891	-0.00107226	-0.00154778	0.00030838
0.551371	-0.321396	0.184886	5.24729e-06	0.000572304	-0.000894814
0.551371	-0.321402	0.184893	-0.000268082	-0.000847234	0.00115602
0.551369	-0.321402	0.184889	-0.00068488	-0.000881487	-0.000423862
0.551372	-0.3214	0.184893	0.000231143	-0.000346403	0.000676011
0.551369	-0.321399	0.184887	-0.000654741	0.000252098	-0.00145614
0.55137	-0.321399	0.184887	-0.00015025	-3.3252e-06	-0.00060955
0.551371	-0.321402	0.184893	0.00037668	-0.000332322	0.00111718
0.551371	-0.3214	0.18489	-0.000138516	4.89006e-05	-0.000213927
0.551373	-0.321395	0.184889	0.00143233	0.00143963	0.000302984
0.551376	-0.321397	0.184897	0.00199392	0.000378786	0.0028036
0.55137	-0.321401	0.18489	-0.000103564	-0.000837416	-0.00023154
0.551372	-0.3214	0.184894	0.000800936	0.000229789	0.00111
0.551374	-0.321395	0.184889	0.000780516	0.00132614	-0.00100703
0.551368	-0.321401	0.184887	-0.00089073	-0.000923163	-0.00101531
0.551372	-0.321398	0.18489	0.000395057	0.000170348	0.000265918
0.551369	-0.321399	0.18489	-0.000325931	-0.000208932	0.000678355
0.551369	-0.321397	0.184884	-0.000141016	0.000463769	-0.00157776
0.551372	-0.321397	0.184891	0.000316676	0.000115505	0.000762955
0.551374	-0.321396	0.184891	0.00119271	0.00075569	0.00062248
0.551374	-0.321393	0.184888	0.000815408	0.00118828	6.69821e-05
0.551373	-0.321395	0.184888	0.000160023	0.000342892	-0.000527537
0.551377	-0.32139	0.18489	0.00153472	0.00200147	3.11389e-05
0.551373	-0.321392	0.184887	-0.000103518	0.000729984	-0.000714709
0.551376	-0.32139	0.184888	0.000741907	0.000665883	0.00019714
0.551377	-0.32139	0.184892	0.000778732	0.000264562	0.00137192
0.551375	-0.321387	0.184886	-0.000430628	0.00141049	-0.00109306
0.551378	-0.321388	0.184888	0.000666582	0.000373099	4.51937e-05
0.55138	-0.321387	0.184891	0.000907805	0.000650561	0.000678092
0.551381	-0.321384	0.18489	0.00111295	0.00152222	-0.00011617
0.551382	-0.321382	0.184891	0.00114433	0.00142894	0.000519984
0.55138	-0.321383	0.184888	1.43812e-05	0.000723569	-0.000662227
0.551382	-0.321379	0.184888	0.000950261	0.00197547	-0.00038558
0.55138	-0.32138	0.184887	7.96029e-05	0.000929873	-0.000100904
0.551383	-0.321377	0.184886	0.000790571	0.00143521	-0.000264931
0.551384	-0.321378	0.184888	0.000572612	0.000975285	-0.000154687
0.551381	-0.32138	0.184887	-0.000340868	-0.000197423	0.000123335
0.551383	-0.321376	0.184889	0.000698539	0.0012419	0.000656682
0.551387	-0.321376	0.184892	0.00136903	0.000329164	0.00154392
0.551383	-0.321375	0.184888	-3.65059e-05	0.000795719	-0.000622609
0.551384	-0.321374	0.184884	1.5545e-06	0.00109577	-0.00158612
0.551388	-0.32137	0.184891	0.00120688	0.00203307	0.000700393
0.551385	-0.321372	0.184886	-0.000333445	0.000674479	-0.0011099
0.551388	-0.32137	0.184888	0.00126311	0.000946329	0.000371353
0.551387	-0.32137	0.184888	0.000375051	0.000219074	0.000478599
0.55139	-0.321365	0.184887	0.00330031	0.00570937	-0.000290004
0.551388	-0.321368	0.184888	0.00165179	0.00253504	0.000415916
0.55139	-0.321365	0.184888	0.00163513	0.0029345	-0.000327304
0.55139	-0.321367	0.184889	0.00137683	0.00139856	0.000776768
0.551391	-0.321361	0.184886	0.00088109	0.00312614	-0.00114871
0.551395	-0.32136	0.184888	0.00193657	0.0027365	-0.000293054
0.551393	-0.321362	0.18489	0.000680117	0.000960642	0.000590926
0.551391	-0.321364	0.184887	9.85391e-05	0.000241493	-0.000171135
0.551391	-0.321364	0.18489	-0.000279044	-0.000249222	0.000677405
0.551393	-0.32136	0.184889	0.000884631	0.00121103	0.000262371
0.551393	-0.321359	0.184886	0.000322567	0.000955471	-0.00103178
0.551393	-0.321358	0.184886	8.20733e-05	0.000802388	-0.000466289
0.551394	-0.321359	0.184887	0.000919991	0.000692574	0.000416265
0.551393	-0.321361	0.184888	4.82959e-05	-0.000503926	0.000268135
0.551393	-0.321358	0.184888	-0.000133766	0.000429456	5.32322e-05
0.551393	-0.321358	0.184884	-3.53738e-05	0.000261843	-0.000787659
0.551394	-0.32136	0.184888	0.000336023	-8.57943e-05	9.68132e-05
0.551394	-0.321359	0.184889	-0.000202083	0.000208105	-4.16733e-05
0.551392	-0.321358	0.184887	-0.000420672	0.000310209	-0.000388835
0.551392	-0.32136	0.184886	-0.000721824	-0.000882045	-0.000519067
0.551396	-0.321356	0.18489	0.00096833	0.000567836	0.00126022
0.551392	-0.321358	0.184886	-0.00104855	-0.000588012	-0.00110807
0.551395	-0.321354	0.184885	0.000325115	0.000969461	-0.000955476
0.551395	-0.321353	0.184885	0.000533473	0.00112521	-0.000605301
0.551394	-0.321359	0.184888	-0.00010812	-0.000976813	0.000540345
0.551393	-0.321358	0.184887	-0.000316864	-0.000461756	1.80661e-05
0.551391	-0.321361	0.184887	-0.000764882	-0.00135588	0.000524991
0.551393	-0.321362	0.184889	0.0011864	0.000352845	0.000819076
0.551391	-0.321361	0.184882	0.000156177	0.000836114	-0.00128281
0.551392	-0.321363	0.184891	0.000307814	-0.000122515	0.00148674
0.551392	-0.321359	0.184886	0.000340557	0.00136187	-0.000559525
0.551394	-0.32136	0.18489	0.000372421	0.000154431	0.000617144
0.551393	-0.321361	0.184885	6.63222e-05	0.000341616	-0.000782791
0.551392	-0.321361	0.184888	-0.000226973	-0.000275962	0.000842719
0.551393	-0.321363	0.18489	0.00012127	-0.000939623	0.000762023
0.551389	-0.321367	0.184887	-0.00147983	-0.00170372	-0.000811518
0.551388	-0.321367	0.184889	-0.000771356	-0.00125759	0.000619718
0.55139	-0.321361	0.184883	0.00030557	0.00138319	-0.0013541
0.551387	-0.321368	0.184887	-0.000532776	-0.000863972	0.000449167
0.551385	-0.321371	0.184884	-0.00109848	-0.00136354	-0.000867189
0.551383	-0.321376	0.184891	-0.00132308	-0.00262457	0.00202165
0.551384	-0.321372	0.184884	-0.000500786	-0.000604161	-0.000686684
0.551385	-0.321371	0.184888	-6.78703e-05	0.000105243	0.000397245
0.551384	-0.321372	0.184885	-0.000465008	-0.000309775	-0.00036405
0.551386	-0.321376	0.184891	0.000386651	-0.00133719	0.0014652
0.551382	-0.321379	0.184889	-0.00121422	-0.0020249	0.000217799
0.551379	-0.321378	0.184882	-0.00148911	-0.000980179	-0.00201221
0.551385	-0.321377	0.184891	0.000604355	-0.00023279	0.00123715
0.55138	-0.32138	0.184884	-0.00101114	-0.00131027	-0.0016329
0.551382	-0.321379	0.184888	-0.000302359	-0.000518501	0.000396699
0.551381	-0.321382	0.184891	-8.7865e-05	-0.00101771	0.0011769
0.55138	-0.321382	0.184888	-0.000459472	-0.00108947	0.000186971
0.551379	-0.321384	0.18489	-0.000638189	-0.00124458	0.00097989
0.55138	-0.321381	0.184888	3.99893e-05	0.00023954	6.58414e-05
0.551382	-0.321382	0.184891	0.000585998	-0.000208114	0.000771221
0.551381	-0.321383	0.184893	6.97278e-05	-0.000627991	0.0013612
0.551379	-0.321384	0.184889	-0.000565637	-0.000644024	-0.000883321
0.551379	-0.321383	0.184888	-0.00179994	-0.00274214	-0.000662576
0.551379	-0.321382	0.184887	-0.0019598	-0.00240966	-0.000834583
0.551379	-0.321382	0.184887	-0.00141257	-0.00184505	-0.000529737
0.551377	-0.321388	0.184888	-0.00129621	-0.00322062	0.000385162
0.551375	-0.321391	0.184886	-0.00190605	-0.00299409	-0.00070741
0.551376	-0.321386	0.184886	-0.000783639	-0.000440634	-0.000846672
0.551379	-0.321386	0.184892	0.000251879	-9.81863e-05	0.000949219
0.551377	-0.321385	0.184883	-0.000438769	0.000259393	-0.00145547
0.551377	-0.321389	0.184891	-0.000109155	-0.00131733	0.00177759
0.551377	-0.321388	0.184889	-0.000338114	-0.000728833	-2.87003e-05
0.551375	-0.321389	0.184887	-0.000522447	-0.000331448	-0.000381103
0.551377	-0.321389	0.184891	0.000119571	-0.000566493	0.00126936
0.551375	-0.321391	0.184889	-0.00059834	-0.00126587	0.000249172
0.551376	-0.32139	0.184892	3.0062e-05	-0.000445651	0.000789997
0.551376	-0.321388	0.184891	-0.000154924	0.000459178	0.000390764
0.551377	-0.321387	0.184889	0.000483325	0.000592356	-0.000223168
0.551376	-0.32139	0.184889	5.35562e-05	-0.0001282	-0.000121984
0.551375	-0.321388	0.184885	-0.000502758	0.000259456	-0.00164916
0.551376	-0.321388	0.184888	0.000241253	0.000501138	0.000130705
0.551379	-0.321384	0.184889	0.000729838	0.00130595	9.66788e-05
0.551378	-0.321384	0.184888	0.000426803	0.000886481	1.34344e-05
0.551376	-0.32139	0.184889	-0.000298886	-0.00106921	0.000361044
0.551374	-0.32139	0.184886	-0.000974794	-0.000894972	-0.0012829
0.551381	-0.321385	0.18489	0.0015083	0.000783731	0.000858781
0.551377	-0.321387	0.184887	-0.000210181	-0.000118028	-0.000205593
0.551375	-0.321387	0.184885	-0.00063932	0.00027513	-0.000813813
0.551378	-0.321385	0.184886	0.000551459	0.000923436	-0.00045801
0.551377	-0.321385	0.184889	0.000194575	0.000705214	0.000804319
0.551379	-0.321385	0.184888	0.000694543	0.000116059	0.000384392
0.551379	-0.321382	0.18489	0.000226311	0.000894645	0.000925607
0.551376	-0.321384	0.184882	-0.000909892	-6.99327e-06	-0.00228263
0.551381	-0.321381	0.184888	0.00132922	0.00083508	0.000731651
0.551382	-0.321376	0.184889	0.0010721	0.00237735	0.000570086
0.551381	-0.321379	0.184886	0.000272191	0.000594682	-0.000397228
0.551379	-0.321384	0.184889	-0.000428192	-0.00125206	6.28847e-05
0.551379	-0.321379	0.184882	-0.000229335	0.0011962	-0.00189233
0.551384	-0.321377	0.184889	-0.000577236	-0.00219473	0.00129321
0.551383	-0.32138	0.18489	-0.00113318	-0.00274397	0.00085702
0.551381	-0.321378	0.184887	-0.00131449	-0.00113792	-0.000762172
0.551381	-0.32138	0.18489	-0.000763089	-0.00170696	0.0010054
0.551382	-0.321377	0.184885	-0.000161941	-0.000180534	-0.00130089
0.551383	-0.321376	0.184886	-8.64317e-05	0.000301628	-0.000627036
0.551383	-0.321378	0.18489	-0.000130181	-0.00118502	0.00114673
0.551382	-0.321374	0.184883	-0.000431448	0.000820753	-0.0017631
0.551384	-0.321377	0.184891	0.000601308	-0.00013022	0.00135237
0.551384	-0.321374	0.184888	5.0759e-05	0.000756114	0.000128041
0.551386	-0.32137	0.184887	0.000786426	0.00140564	-0.000145591
0.551384	-0.321373	0.184886	-6.89556e-05	-2.4443e-05	-0.000124857
0.551382	-0.321376	0.184884	0.00124176	0.00256689	-0.0011934
0.551386	-0.321372	0.18489	0.00247217	0.00304744	0.00135118
0.551385	-0.321373	0.184892	0.0014168	0.00187237	0.00166447
0.551386	-0.321374	0.184893	0.00109622	0.00139019	0.00116064
0.551386	-0.321375	0.184889	0.000919238	0.000860479	-0.000327227
0.551384	-0.321373	0.184886	1.62937e-05	0.00115039	-0.0015372
0.551385	-0.321372	0.184887	0.000442961	0.00116937	-0.000396814
0.551385	-0.321373	0.18489	0.000285421	0.000283296	0.000883883
0.551385	-0.321371	0.184884	0.000145823	0.000865951	-0.00115575
0.551384	-0.321373	0.184888	5.09848e-05	-4.78931e-05	0.000413913
0.551385	-0.321373	0.18489	8.87372e-05	6.45508e-05	0.00027142
0.551386	-0.32137	0.184884	0.000523929	0.00105643	-0.00125678
0.551387	-0.321372	0.184892	0.000244461	9.70211e-05	0.00116909
0.551387	-0.321371	0.184887	0.000416585	0.000590293	-0.000603871
0.551384	-0.321375	0.184889	-0.000581229	-0.00101519	0.000435572
0.551386	-0.321372	0.184887	0.000435363	7.02475e-05	-0.0002136
0.551383	-0.321372	0.184883	-0.000851452	7.81533e-05	-0.00123098
0.551384	-0.321373	0.184889	-0.000181084	-0.000165839	0.000982848
0.551387	-0.321371	0.184889	0.000470368	0.000183751	0.000171468
0.551387	-0.321368	0.184888	0.000582664	0.00129948	-0.000265846
0.551386	-0.321372	0.184886	-0.00019496	-0.000632944	-0.000376292
0.551384	-0.321372	0.184885	-0.000429101	-0.000274744	-0.000607335
0.551387	-0.321371	0.184889	0.000534993	1.76023e-05	0.00114058
0.551387	-0.321372	0.184888	0.000166428	-0.00058772	0.000479085
0.551385	-0.321373	0.184887	-0.000432807	-5.43295e-05	-0.000379454
0.551385	-0.321373	0.18489	-0.000139005	-0.000114939	0.000366122
0.551386	-0.321374	0.184889	0.000330731	-0.000340189	0.000347521
0.551386	-0.321372	0.184887	-0.000143468	0.000513922	-0.000847288
0.551383	-0.321382	0.18489	-0.000692402	-0.00265398	0.00109982
0.551382	-0.321375	0.184885	-0.00045138	0.000232709	-0.000341399
0.551382	-0.321378	0.184887	-0.00036733	-0.000919777	0.000240447
0.551383	-0.321378	0.184888	0.000293194	-0.000232789	0.000466038
0.551382	-0.321376	0.184886	-0.000221856	0.000724048	-0.000995007
0.551382	-0.321379	0.184889	-0.000282948	-0.000743352	0.000307764
0.551383	-0.321379	0.184888	-7.89988e-05	-0.00057867	-7.68273e-05
0.551382	-0.321382	0.184892	-0.000223292	-0.00161324	0.00177156
0.551383	-0.321381	0.18489	0.00021679	-0.000620785	0.000385906
0.551377	-0.321384	0.184885	-0.0016131	-0.000722245	-0.00121608
0.551382	-0.321381	0.184891	0.00044021	-8.34823e-05	0.000847747
0.551381	-0.321378	0.184885	-0.000184229	0.000934138	-0.00131512
0.55138	-0.321384	0.184888	-0.000333806	-0.00127228	0.000402143
0.551384	-0.321381	0.18489	0.000706102	-3.80761e-05	0.000685135
0.551378	-0.321383	0.184888	-0.00119906	-0.000392071	-0.000451887
0.551382	-0.32138	0.184891	0.000492496	0.000290117	0.00104994
0.551381	-0.321384	0.184888	-0.000965157	-0.000665893	-0.0011666
0.551382	-0.321379	0.184887	-0.000456469	0.0014134	-0.00158367
0.551381	-0.321379	0.184887	-0.000461151	0.00106657	-0.000830299
0.551378	-0.321381	0.184883	-0.00153045	2.94466e-05	-0.00218894
0.551379	-0.321382	0.184889	-0.00070231	-0.000187329	0.000288681
0.55138	-0.321382	0.184885	-0.000233061	-0.000230583	-0.000864328
0.551383	-0.321378	0.184891	0.00103462	0.00110155	0.00119802
0.551378	-0.321385	0.184888	-0.000780498	-0.00103445	0.000382728
0.551381	-0.321382	0.184889	0.000535583	3.3885e-05	0.000404754
0.551379	-0.321384	0.18489	-0.00046248	-0.000857788	0.000438314
0.551379	-0.321384	0.184888	-0.000486327	-0.000540781	-0.0003197
0.551382	-0.321378	0.184886	0.000761784	0.00172757	-0.000780742
0.55138	-0.321376	0.184886	-6.04611e-05	0.00150656	-0.00037158
0.55138	-0.321382	0.184889	0.000205411	-0.00049869	0.000804996
0.551382	-0.32138	0.184891	0.000506674	9.34479e-05	0.00110493
0.551382	-0.32138	0.18489	0.000218002	0.000132004	0.000143396
0.551383	-0.321378	0.18489	0.000442498	0.000599976	9.46769e-05
0.551382	-0.321377	0.184887	0.000146928	0.00113631	-0.000910152
0.551384	-0.321377	0.184888	0.000312449	0.000562444	-0.000759448
0.551383	-0.321376	0.184884	7.16169e-05	0.000533491	-0.00115378
0.551384	-0.321377	0.184887	0.000225442	0.00027107	-0.000126698
0.551383	-0.321378	0.184891	0.000189735	-0.000512817	0.00166347
0.551384	-0.321377	0.18489	0.000306781	0.000240748	0.000516605
0.551383	-0.321376	0.184887	-0.00118222	0.000628517	-0.00142955
0.551383	-0.32137	0.184878	-0.00105994	0.0025275	-0.00410888
0.551382	-0.321379	0.184888	-0.000859999	-0.00153173	0.000647826
0.551386	-0.321372	0.184887	0.000545745	0.000982552	0.000403374
0.551387	-0.32137	0.184891	0.000820805	0.00161958	0.00107192
0.551386	-0.321371	0.184886	0.000456359	0.00113219	-0.000723155
0.551386	-0.321371	0.184886	0.00029663	0.00078016	-0.000502602
0.551387	-0.321367	0.184884	0.000168612	0.00115676	-0.000698993
0.551386	-0.321372	0.184889	2.31813e-05	-0.000501247	0.00103361
0.551386	-0.321374	0.18489	-0.000259863	-0.000853447	0.000709273
0.551385	-0.321372	0.184886	0.000532771	1.86726e-05	-0.00028274
0.551388	-0.321369	0.184888	0.00141785	0.000747431	0.000834641
0.551386	-0.321368	0.184883	0.000267641	0.000979453	-0.00125625
0.55139	-0.321369	0.184888	0.00144225	-0.000133845	0.00121725
0.551386	-0.321367	0.184883	-0.000152309	0.000586535	-0.000606078
0.551388	-0.321369	0.184889	0.000401423	-0.000601727	0.00149626
0.551387	-0.321366	0.184884	0.000331598	0.000936435	-0.000556521
0.551387	-0.321367	0.184884	0.000294864	0.00060702	-0.000308937
0.55139	-0.321365	0.184886	0.00106402	0.00120705	0.000173108
0.551389	-0.321364	0.184885	0.000411194	0.00100422	-0.000270646
0.551389	-0.321362	0.184885	0.000291161	0.00134956	-0.000536629
0.551388	-0.321367	0.184886	-0.000363905	-0.000787842	2.88216e-05
0.551391	-0.321363	0.184888	0.00297554	0.00403619	0.00101312
0.551389	-0.321362	0.184885	0.00112731	0.00287659	-0.00066166
0.551389	-0.321361	0.184884	0.000962264	0.00271772	-0.000225694
0.55139	-0.321364	0.184888	-0.00102896	-0.00275601	0.00118025
0.55139	-0.321362	0.184884	-0.000893243	-0.00125822	-0.00104106
0.551391	-0.321363	0.18489	-0.000117768	-0.00128614	0.00175332
0.551392	-0.321359	0.184886	0.000188143	0.000197347	-3.46151e-05
0.551392	-0.321359	0.184884	0.000106406	4.45244e-05	-0.000873618
0.55139	-0.321364	0.184886	-0.000832641	-0.00146058	0.000253232
0.55139	-0.321364	0.184885	-0.000479747	-0.00108149	-0.000598924
0.551393	-0.321358	0.184885	0.000601822	0.00136323	-0.000209652
0.551391	-0.321363	0.184889	-0.000360755	-0.000666714	0.000442546
0.551392	-0.321363	0.18489	0.000108301	-0.000722703	0.00122677
0.55139	-0.321363	0.184888	-0.00022132	-0.000261906	0.000422621
0.551386	-0.321366	0.184884	-0.00182753	-0.00124132	-0.00160133
0.551389	-0.321365	0.184887	-0.000221405	-0.000714259	0.000242775
0.55139	-0.321364	0.18489	7.22657e-05	-0.000646491	0.00135083
0.55139	-0.321364	0.184886	0.00223134	0.00339316	-0.000455375
0.551389	-0.321367	0.184889	0.00155246	0.00188919	0.000856424
0.551391	-0.321363	0.184887	0.00163816	0.0025002	1.70245e-05
0.551388	-0.321365	0.184884	0.000147724	0.00110352	-0.00100099
0.551391	-0.321363	0.184889	0.00107186	0.00168397	0.000597697
0.55139	-0.321367	0.184888	0.000335704	8.13524e-05	0.000168791
0.551387	-0.321368	0.184887	-0.00058222	1.27827e-06	-0.000619163
0.551393	-0.321364	0.184892	0.0014562	0.00095467	0.00124961
0.551388	-0.321365	0.184885	-0.000429799	0.000170019	-0.00110561
0.551391	-0.321363	0.184887	0.000747607	0.000886863	0.000248553
0.551387	-0.321368	0.184886	-0.000773745	-0.0013142	-0.000435891
0.551388	-0.321369	0.184887	-0.000434058	-0.000948707	0.000279674
0.551387	-0.321368	0.184885	-0.000387116	-0.00052508	-0.000410438
0.551386	-0.321369	0.184884	-0.000838193	-0.000683326	-0.000634594
0.551389	-0.321366	0.18489	0.000739921	0.000834478	0.00140899
0.551389	-0.321368	0.184891	0.000230052	4.28702e-05	0.000966049
0.551387	-0.321368	0.184891	-0.000358257	-0.000340129	0.000819645
0.551388	-0.321367	0.184889	-0.000101127	0.000343141	-6.80513e-05
0.551386	-0.321373	0.184888	-0.000536256	-0.0020742	-0.000132768
0.551384	-0.321374	0.184886	-0.00116723	-0.00156398	-0.000760456
0.551386	-0.32137	0.184885	-0.000106305	0.000559765	-0.00117162
0.551386	-0.321371	0.184888	-5.89004e-05	-0.000266605	0.000448914
0.551389	-0.321371	0.184894	0.000994491	-0.000159648	0.00216025
0.551385	-0.321375	0.18489	-0.000454222	-0.00147576	0.000251169
0.551384	-0.321374	0.18489	-0.000711111	-0.00075199	9.26969e-05
0.551385	-0.321373	0.184888	-0.000308206	0.000113808	-0.000559095
0.551385	-0.321375	0.184889	-0.00032171	-0.00051106	-0.000608461
0.551385	-0.321377	0.184893	-0.000290431	-0.00101908	0.000783571
0.551385	-0.321375	0.184887	0.00191532	0.00305702	-0.000848116
0.551384	-0.321378	0.184888	0.000845727	0.00136359	-0.000603093
0.551385	-0.321377	0.184892	0.00133787	0.00134871	0.00141378
0.551384	-0.321375	0.184887	0.000725315	0.00188241	-0.000628152
0.551386	-0.321373	0.18489	0.000924013	0.00178908	0.000155971
0.551382	-0.321377	0.184886	-0.000675978	6.97019e-05	-0.00139527
0.551383	-0.321378	0.184889	-0.000836914	3.6321e-05	-0.000186601
0.551384	-0.321378	0.18489	1.18391e-06	-0.000717556	0.00123977
0.551384	-0.321379	0.184889	0.000133663	-0.0005751	0.000571534
0.551382	-0.321377	0.184885	-0.000723091	0.000146304	-0.00155212
0.55138	-0.32138	0.184887	-0.00115467	-0.000903512	-0.000223235
0.551381	-0.321382	0.184888	-0.000193247	-0.000907888	0.000556756
0.551382	-0.321381	0.18489	-1.95398e-05	-8.99659e-06	0.000597782
0.551383	-0.321376	0.184886	0.000614221	0.00162756	-0.000783153
0.551383	-0.321376	0.184886	0.000148673	0.000596329	-0.000508128
0.551382	-0.321379	0.184889	-0.000240158	-5.71434e-05	0.00047597
0.551381	-0.321379	0.184886	-0.000605871	-0.00046725	-0.000301887
0.55138	-0.321382	0.184887	-0.000404196	-0.00096735	0.000153054
0.551382	-0.321378	0.184887	0.000313023	0.000356589	0.000104992
0.551382	-0.321379	0.184887	-0.000109939	-0.000242653	3.75237e-05
0.551383	-0.32138	0.184892	0.00045337	-0.00053072	0.00160605
0.551382	-0.321379	0.184887	-0.000165964	1.39557e-06	-0.000461148
0.551381	-0.321378	0.184884	-0.000258305	0.000737567	-0.00128052
0.551381	-0.321379	0.184888	7.57794e-05	0.00037385	0.000325768
0.551382	-0.321379	0.184889	0.00033777	8.12263e-05	0.000577736
0.551382	-0.32138	0.184888	-0.000176808	-0.000420279	-0.000178372
0.55138	-0.321381	0.184885	-0.00152281	-0.0004667	-0.00155241
0.55138	-0.32138	0.184888	-0.000832563	0.00022014	-0.000251541
0.551381	-0.321377	0.184887	-0.000618006	0.000877651	-0.000608813
0.551381	-0.32138	0.184886	-0.000406623	-9.55381e-05	-0.0009103
0.551382	-0.321381	0.184891	1.79419e-05	-0.000256389	0.00111367
0.551382	-0.321376	0.184884	0.00119297	0.00142819	-0.000560857
0.551381	-0.321376	0.184885	0.000402689	0.000550389	-9.59997e-05
0.551384	-0.321374	0.184888	0.00101527	0.000621545	0.000928711
0.551383	-0.321374	0.184885	0.000216737	0.000709967	-0.000873321
0.551383	-0.321379	0.184887	0.000315452	-0.00099841	-6.90045e-05
0.551384	-0.321377	0.184889	0.000674718	0.000381509	0.00072343
0.551381	-0.321375	0.184884	-0.000451385	0.000162332	-0.000774179
0.551382	-0.321375	0.184885	5.34743e-05	0.000538073	3.90995e-05
0.551384	-0.321375	0.184886	0.000825239	-7.19026e-05	0.000544087
0.551381	-0.321376	0.184882	-0.000418509	-0.000120913	-0.00095183
0.551381	-0.321381	0.184889	-0.000200866	-0.00150042	0.00153453
0.551385	-0.321373	0.184887	0.00117508	0.00150588	0.00044741
0.551383	-0.321377	0.184889	-0.000223338	-0.000335615	0.000522717
0.551385	-0.321372	0.184884	0.000613471	0.00123134	-0.00105176
0.551384	-0.321374	0.184887	-5.83668e-05	-0.000131455	-0.000172835
0.551381	-0.321376	0.184886	-0.000931995	-0.000235964	1.04269e-05
0.551383	-0.321379	0.18489	0.000140362	-0.00129202	0.000887383
0.551381	-0.321378	0.184887	-0.000479034	-0.000520264	-0.000130216
0.551385	-0.321374	0.184889	0.000966591	0.000920787	0.000871845
0.551383	-0.321374	0.184884	0.000135628	0.000950443	-0.00096874
0.551385	-0.321373	0.18489	0.000399044	0.000403973	0.00110892
0.551382	-0.321375	0.184884	-0.000353136	-3.63558e-05	-0.0010105
0.551384	-0.321371	0.184885	0.000221309	0.00109395	-0.000418915
0.551386	-0.321371	0.184885	0.000347234	0.000619097	-0.000483035
0.551384	-0.321375	0.184887	0.000278876	-0.000322824	0.00058032
0.551385	-0.321374	0.18489	-0.00030811	-1.95805e-05	-0.000801449
0.551384	-0.321373	0.184884	-0.000423522	0.000119192	-0.00270983
0.551383	-0.321378	0.184889	-0.000509317	-0.00106932	-0.000160007
0.551383	-0.321376	0.184888	0.000485724	-0.000509652	0.0035047
0.551385	-0.321375	0.184887	0.000997338	-2.86501e-05	0.00211197
0.551383	-0.321376	0.184888	-0.000155423	-0.000854087	0.0021152
0.551387	-0.321368	0.184884	0.00117729	0.00188696	8.54673e-05
0.551383	-0.321378	0.18489	-0.000547184	-0.00188934	0.00192717
0.551384	-0.321376	0.184891	0.000127083	-0.000845713	0.00201217
0.551385	-0.321375	0.184887	0.000530246	0.000376628	-2.07773e-05
0.551383	-0.321376	0.184888	-0.000488029	-0.000486924	0.000510391
0.551384	-0.321375	0.184887	4.79783e-05	8.1359e-05	7.47392e-05
0.551384	-0.321374	0.184885	0.000246427	0.000627957	-0.000492058
0.551382	-0.321378	0.184888	-0.000764518	-0.00106569	0.000510509
0.551388	-0.321371	0.184892	0.00136563	0.00149859	0.00134458
0.551383	-0.321379	0.184893	-0.00046868	-0.00141905	0.000912841
0.551383	-0.321376	0.184888	-4.89034e-05	0.000159793	-0.000604051
0.551383	-0.321378	0.184888	-0.000298562	-0.000415591	-0.000369286
0.551386	-0.321372	0.184887	0.000654809	0.00118373	-0.000237136
0.551377	-0.32138	0.184884	-0.00212941	-0.00161831	-0.001257
0.551381	-0.321379	0.184886	-0.000547311	-0.000969195	-7.91252e-05
0.551382	-0.321376	0.184886	8.55793e-05	0.000453572	-0.000666644
0.551381	-0.32138	0.184887	-0.000392131	-0.000796193	0.000172755
0.551382	-0.321376	0.184885	0.000217527	0.00056334	-0.000475913
0.551385	-0.321375	0.184889	0.00113326	0.000471949	0.00099852
0.551383	-0.321378	0.184889	-0.000127176	-0.000537446	0.000305046
0.551383	-0.321377	0.184889	0.000289902	6.461e-05	0.000776942
0.551382	-0.32138	0.184887	-0.000339037	-0.000984915	-0.000309627
0.551383	-0.321375	0.184888	0.00033107	0.00107791	0.000255945
0.551381	-0.321381	0.184889	-0.000345093	-0.000966946	0.000550785
0.551383	-0.321376	0.184885	-6.04351e-05	0.000580115	-0.00145507
0.551386	-0.321378	0.184893	0.0010356	-0.000246145	0.00214812
0.551385	-0.321375	0.184889	0.000312453	0.00072741	0.000146315
0.551382	-0.321381	0.18489	-0.000659198	-0.000998467	8.78161e-05
0.551386	-0.321374	0.18489	0.00102709	0.00118623	0.000424439
0.551383	-0.321378	0.184887	-0.000176524	-8.66925e-05	-0.000924902
0.551383	-0.321378	0.184887	-0.000482791	-0.000464931	-0.000315953
0.551382	-0.321381	0.18489	-0.000589554	-0.000868422	0.000306706
0.551381	-0.321383	0.184889	-0.000510554	-0.00116918	-3.08262e-05
0.551385	-0.321376	0.18489	0.000959072	0.00111557	0.000609731
0.551385	-0.321375	0.18489	0.00029279	0.000928896	-5.34277e-06
0.551382	-0.321377	0.184888	-0.000647067	-0.000155986	-0.000379402
0.55138	-0.321381	0.184885	-0.000977661	-0.00115854	-0.00107587
0.551384	-0.321376	0.184889	0.000810363	0.00106872	0.000527325
0.551384	-0.321373	0.184885	0.000274632	0.00151793	-0.00121302
0.551384	-0.321376	0.184887	0.000243144	0.000299943	8.90105e-05
0.551384	-0.321375	0.184888	8.19008e-05	0.000279456	0.000364752
0.551383	-0.321378	0.184891	-0.000200054	-0.000409092	0.000789808
0.551382	-0.321376	0.184887	-0.00049195	-1.19625e-05	-0.000405051
0.551384	-0.321375	0.18489	0.000342758	0.00026957	0.000656556
0.551384	-0.321376	0.184887	0.000195117	-0.000443623	-0.000594507
0.551383	-0.321375	0.184886	-0.000456469	2.04188e-05	-0.00111387
0.551386	-0.321374	0.184889	0.000641696	0.000697479	0.000219793
0.551382	-0.321374	0.184881	-0.000770039	0.000496874	-0.00232809
0.551385	-0.321375	0.184887	0.000593647	0.000359935	0.00035467
0.551384	-0.321371	0.184883	0.000290486	0.000995475	-0.000717235
0.551381	-0.321376	0.18488	-0.00175761	-0.000157188	-0.0057561
0.551385	-0.321376	0.184891	5.13819e-05	-0.000152625	-0.000259014
0.551383	-0.321378	0.184886	-0.000113973	-0.00134907	0.00187457
0.551382	-0.321377	0.184886	0.000143521	-0.000318752	0.00167979
0.551386	-0.321372	0.184886	0.0010341	0.00113186	0.000931992
0.551384	-0.321372	0.184883	-0.000208066	0.000715242	-0.000587689
0.551386	-0.321374	0.184887	0.000817736	-0.000110697	0.00132042
0.551383	-0.321374	0.184882	-0.000205323	-0.000291758	-0.000567825
0.551386	-0.321375	0.184889	0.00106564	-0.000236781	0.00213218
0.551381	-0.321375	0.184883	-0.000803623	0.000103124	-0.000570478
0.551386	-0.321374	0.184888	0.000444102	0.000140887	0.000958831
0.551385	-0.321371	0.184885	0.000164506	0.000851785	-0.000323067
0.551385	-0.321371	0.184884	5.61765e-05	0.000466178	-0.000194905
0.551383	-0.321375	0.184889	-0.000421937	-0.000630996	0.00127989
0.551385	-0.321371	0.184885	0.000433447	0.00107302	-0.00059771
0.551385	-0.321373	0.184886	0.000108195	-0.000431925	3.8281e-05
0.551384	-0.321376	0.184886	-0.00050918	-0.0012836	2.38397e-05
0.551383	-0.321374	0.184885	-0.000495564	-7.24574e-05	-0.000111781
0.551384	-0.321374	0.184885	5.1881e-05	-0.000330167	1.17965e-05
0.551385	-0.321373	0.184887	0.000721038	0.000739441	0.000577665
0.551384	-0.321371	0.184883	-2.30672e-05	0.000716913	-0.00110436
0.551385	-0.321371	0.184884	0.00107807	0.000156255	0.000686632
0.551384	-0.321372	0.184883	0.000425365	-0.000285427	-6.87771e-05
0.551384	-0.32137	0.184883	0.000461176	0.000326791	0.000265428
0.551385	-0.321369	0.184885	0.00102665	0.00114228	0.000789098
0.551384	-0.321371	0.184883	0.000451902	0.000241446	-0.000298905
0.551385	-0.321374	0.184887	0.000326397	-0.00111506	0.00139085
0.551384	-0.321373	0.184888	-5.05818e-06	-0.00071345	0.00115217
0.551383	-0.321372	0.184882	-0.000299792	-0.000191438	-0.00100061
0.551384	-0.321374	0.184885	0.000245551	-0.000383915	0.000323013
0.551384	-0.321371	0.184883	8.4455e-05	0.000408404	-0.00067626
0.551386	-0.321373	0.184889	0.000642915	-9.6453e-05	0.0016413
0.551385	-0.321372	0.18489	9.4922e-05	0.000132442	0.00156043
0.551384	-0.321374	0.184885	-8.8117e-05	-0.000409809	-0.000607379
0.551385	-0.321371	0.184882	-6.6885e-05	0.000313988	-0.00160969
0.551383	-0.321374	0.184884	-0.00060203	-0.000691172	-0.00023096
0.551386	-0.321367	0.184885	0.000853686	0.00207242	9.23215e-05
0.551386	-0.321376	0.184893	0.000155213	-0.00179989	0.00229903
0.551385	-0.321373	0.184888	0.000281025	0.000196345	3.3952e-05
0.551385	-0.321375	0.184891	0.000155696	-0.000533934	0.00123488
0.551387	-0.321371	0.184888	0.00067869	0.000573632	-2.22853e-05
0.551383	-0.321378	0.184887	-0.000818139	-0.00146403	-0.00064435
0.551384	-0.321372	0.184887	-0.000300527	0.000881269	-0.000319143
0.551383	-0.321376	0.184885	-0.000731123	-0.0010985	-0.000684063
0.551382	-0.321377	0.184888	-0.00082154	-0.00124672	0.00039592
0.551385	-0.321371	0.184886	0.000546471	0.00125484	-0.000296702
0.551384	-0.321377	0.184888	-4.05481e-06	-0.00100092	0.000469228
0.551389	-0.321371	0.184892	0.00141309	0.00121422	0.00150188
0.551385	-0.321373	0.184887	0.000149539	0.000602149	-0.00052029
0.551385	-0.321375	0.184891	-0.00191478	-0.00353097	0.000781562
0.551385	-0.321372	0.184886	-0.00170275	-0.00187813	-0.0010228
0.551385	-0.321374	0.184887	-0.00111203	-0.00226604	-0.000548759
0.551385	-0.321373	0.18489	-0.00106854	-0.00149979	0.000654866
0.551387	-0.321372	0.18489	-2.62577e-05	-0.000873994	0.000565565
0.551386	-0.321371	0.184885	-0.000274116	0.000120844	-0.0011376
0.551386	-0.321374	0.184891	-0.000408818	-0.00112163	0.00100849
0.551383	-0.321376	0.184888	-0.00122804	-0.00156631	-0.000235844
0.551384	-0.321373	0.184886	-0.000434959	2.24996e-06	-0.000795573
0.551384	-0.321374	0.184886	-6.38619e-05	-0.000115137	-0.000715814
0.551383	-0.321378	0.184888	-0.000878523	-0.00166441	5.94391e-05
0.551386	-0.321372	0.184888	-0.000550922	0.00113451	-0.000492335
0.551384	-0.321372	0.184883	-0.000839997	0.000986386	-0.00220077
0.551386	-0.321372	0.184887	-0.000349074	0.000594952	-0.000338658
0.551385	-0.321371	0.184889	-0.000334053	0.00042838	0.000558958
0.551384	-0.321376	0.184889	-0.000671791	-0.00146426	0.000463834
0.551383	-0.321377	0.184887	-0.000879731	-0.000730967	-0.000666098
0.551383	-0.321378	0.184887	-0.000146915	-0.000813724	-0.000293874
0.551384	-0.321379	0.184892	-0.000208762	-0.00112726	0.000915645
0.551386	-0.321374	0.184891	0.000561952	0.000860256	0.000836944
0.551386	-0.321371	0.184887	0.000698594	0.00163048	-0.000599945
0.551386	-0.321374	0.184892	8.08802e-05	1.31427e-05	0.000723967
0.551383	-0.321378	0.184887	-0.000589564	-0.000927355	-0.000945557
0.551387	-0.321376	0.184891	0.000454696	0.000233688	0.000582387
0.551383	-0.321377	0.184887	-0.000999869	-0.00047871	-0.000923879
0.551385	-0.321375	0.184889	0.00018452	-0.00011527	7.30867e-05
0.551386	-0.321371	0.184888	0.000308841	0.00117665	-2.70468e-05
0.551384	-0.321372	0.184886	-0.000525124	0.000523902	-0.000996532
0.551383	-0.321378	0.184889	-0.000229526	-0.00109646	0.000673799
0.551383	-0.321374	0.184884	-0.000436407	0.000110839	-0.00114799
0.551383	-0.321374	0.184883	-0.000396457	0.000168349	-0.0013625
0.551383	-0.321374	0.184886	1.7233e-05	-6.99044e-05	0.000331358
0.551383	-0.321376	0.184888	8.77345e-05	-0.000189639	0.000816998
0.551381	-0.321379	0.184886	-0.000588664	-0.000958136	-6.118e-05
0.551384	-0.321373	0.184888	0.000534704	0.000793761	0.000509679
0.551383	-0.321372	0.184883	3.46499e-05	0.000733715	-0.00141004
0.551383	-0.321374	0.184887	-0.000104522	-6.02942e-05	0.000351172
0.551385	-0.321371	0.184882	0.00055784	0.000855899	-0.0014316
0.551383	-0.321373	0.184884	9.33141e-05	0.000156586	-0.000111904
0.551383	-0.321376	0.184888	-0.000272703	-0.00101217	0.00110042
0.551385	-0.321371	0.184886	0.00046813	0.000825759	0.000104084
0.551384	-0.321375	0.184887	0.00193392	0.00265381	0.0004638
0.551384	-0.321369	0.18488	0.00147941	0.00412118	-0.00213667
0.551386	-0.321376	0.184891	0.00176965	0.000466575	0.00234049
0.551383	-0.321374	0.184882	0.000341532	0.00117564	-0.00148785
0.551383	-0.321372	0.184883	0.000270687	0.00163919	-0.000533875
0.551384	-0.321373	0.184886	0.000552024	0.000784032	0.000617733
0.551383	-0.321376	0.184886	0.000364464	6.95664e-05	0.000198875
0.551384	-0.321377	0.184889	0.000190658	-0.000524905	0.00128581
0.551387	-0.32137	0.184887	0.00019258	0.00195483	-0.000555161
0.551383	-0.321376	0.184881	-0.00125878	-0.000482623	-0.00245587
0.551383	-0.321375	0.184886	-0.000764405	0.0002758	-8.85934e-05
0.551383	-0.321372	0.184883	-0.000451376	0.000858004	-0.00125555
0.551385	-0.321371	0.184888	0.00126589	0.000645818	0.0017139
0.551384	-0.321376	0.184887	0.00054912	-0.000690742	0.00100521
0.551383	-0.321376	0.184884	0.000148538	-0.000314135	-0.000502866
0.551384	-0.321375	0.184887	6.9041e-05	-0.000207996	0.000519339
0.551383	-0.321375	0.184884	0.000177154	-0.00012772	-0.000442632
0.551383	-0.321372	0.184883	-0.000105684	0.000661894	-0.00045162
0.551383	-0.321374	0.184884	0.000230269	0.000268551	7.14207e-05
0.551383	-0.321372	0.184882	7.63368e-05	0.000842945	-0.000842332
0.551385	-0.321376	0.184888	0.000584055	-0.00101209	0.00167998
0.551384	-0.321372	0.184884	-1.06236e-05	0.00022346	-0.000185012
0.551384	-0.321372	0.184884	0.000255051	0.000589615	-0.000115892
0.551383	-0.321374	0.184886	0.00050212	-0.00110137	0.00449825
0.551383	-0.321374	0.184884	0.000312102	-0.000655025	0.00273356
0.551385	-0.321373	0.184887	0.0010097	-0.000234754	0.00308323
0.551381	-0.321377	0.184883	-0.000718231	-0.00136569	0.000669866
0.551386	-0.321371	0.184887	0.00126599	0.000747289	0.00216783
0.551382	-0.321377	0.184889	-0.000638179	-0.00131172	0.00200414
0.551386	-0.321373	0.184886	0.000818254	0.000375951	0.000116756
0.551385	-0.321375	0.184888	0.000221504	-0.000215079	0.000956265
0.551382	-0.321381	0.18489	-0.000350906	-0.00188983	0.00160379
0.551384	-0.321375	0.184884	7.44668e-05	0.000614797	-0.000979464
0.551381	-0.321376	0.184887	-0.000523034	3.90772e-05	0.000375798
0.551386	-0.321372	0.184887	0.000981265	0.00118005	0.000435783
0.551382	-0.321377	0.184885	-0.000630108	-0.00108397	-0.000323472
0.551383	-0.321376	0.18489	0.000233401	0.000236235	0.00121474
0.551383	-0.321376	0.184887	0.000233532	0.000173948	-1.44983e-05
0.551381	-0.321379	0.184886	-0.000978063	-0.0012284	-0.000343262
0.551381	-0.321379	0.184884	-0.000631935	-0.000840973	-0.00107438
0.551383	-0.321374	0.184883	0.0011591	0.000835428	-0.000214268
0.551382	-0.321375	0.184885	0.000803087	0.000565552	0.000751417
0.551383	-0.321372	0.184881	0.000795902	0.000922348	-0.000887965
0.551387	-0.321372	0.184888	0.0017871	0.000534283	0.00195198
0.551383	-0.321375	0.184885	0.000298087	-0.000424081	0.000423829
0.551382	-0.321377	0.184884	-0.000191614	-0.000730182	-0.000287156
0.551385	-0.321375	0.184887	0.00091152	0.000259244	0.000810169
0.551385	-0.321373	0.184885	0.000288274	0.000377793	0.000136351
0.551386	-0.321374	0.184891	0.000542977	1.13473e-05	0.00188181
0.551384	-0.321376	0.184887	-0.000122819	-0.000348173	9.65575e-05
0.551383	-0.321376	0.184887	-0.000330153	-0.000767095	0.000582243
0.551384	-0.321375	0.184889	-0.000125643	-2.99152e-05	0.000660691
0.551385	-0.32137	0.184884	0.000533921	0.00179097	-0.00131038
0.551385	-0.321374	0.184891	0.000359266	-0.000289394	0.00127108
0.551385	-0.321372	0.184888	0.000206078	0.000628596	-8.50243e-05
0.551385	-0.321371	0.184885	0.000132205	0.00100719	-0.00125962
0.551383	-0.321377	0.184887	-0.000645096	-0.00152063	0.00010578
0.551384	-0.321372	0.184883	-0.000339281	0.000291848	-0.00144597
0.551384	-0.321373	0.184886	4.09864e-05	4.29706e-05	0.000248064
0.551386	-0.321374	0.18489	0.000645343	-0.000449194	0.00145774
0.551385	-0.321373	0.184886	-4.94631e-05	8.73333e-05	-0.000577871
0.551385	-0.321375	0.18489	-0.000110775	-0.000564563	0.000770919
0.551387	-0.321373	0.184888	0.000528692	0.000600397	-0.000331131
0.551385	-0.321373	0.184886	-0.000171687	4.61251e-05	-0.000531321
0.551385	-0.321375	0.184889	-0.000237334	-0.000608943	0.000779728
0.551383	-0.321372	0.184883	-0.000509162	0.000409451	-0.00158701
0.551388	-0.321369	0.184889	0.00116335	0.00143213	0.00105305
0.551383	-0.321378	0.184886	-0.000895159	-0.00202274	-0.00013476
0.551383	-0.321376	0.184887	-0.000480373	-0.000761369	0.000145923
0.551385	-0.321373	0.184891	0.000329325	0.000447939	0.00151766
0.551382	-0.321377	0.184885	-0.000801069	-0.00108077	-0.000978681
0.551386	-0.321371	0.184887	0.00100648	0.00164322	-4.63371e-05
0.551384	-0.321375	0.184886	-0.000359371	-0.000279659	-0.000678184
0.551385	-0.321373	0.184884	2.92636e-05	0.000375124	-0.000969856
0.551382	-0.32138	0.184891	-0.000717759	-0.00204948	0.00169379
0.551382	-0.321373	0.184881	-0.000129655	0.00104471	-0.00161867
0.551382	-0.321375	0.184884	-0.000120466	0.00018922	-0.000418347
0.551383	-0.321376	0.184888	-0.000173471	-0.000516096	0.000878216
0.551383	-0.321372	0.184882	2.52694e-05	0.000886375	-0.00126061
0.551384	-0.32137	0.184883	0.000205647	0.00118623	-0.000558469
0.551383	-0.321376	0.184888	-0.000206525	-0.00106155	0.00119684
0.551384	-0.321374	0.184887	-4.15109e-06	-8.62589e-05	0.000150327
0.551384	-0.321376	0.184889	0.000163346	-0.000825267	0.00110427
0.551385	-0.321377	0.184888	0.000702264	-0.000258896	0.000255395
0.551382	-0.321377	0.184886	-0.000361297	-0.000323661	-0.000533162
0.551387	-0.321374	0.184892	0.000981905	0.00039852	0.00178725
0.551384	-0.321375	0.184887	-0.000193576	7.43526e-05	-0.000378085
0.551384	-0.321378	0.18489	-0.00055246	-0.00100024	0.000354259
0.551386	-0.321371	0.184884	0.000673038	0.00198766	-0.00155045
0.551385	-0.321372	0.184886	9.96661e-05	0.000843031	-0.000210484
0.551384	-0.321376	0.184889	-0.000342693	-0.0011284	0.000828574
0.551384	-0.321374	0.184886	-0.000333154	4.79439e-06	-0.000401511
0.551381	-0.321377	0.184884	-0.000921883	-0.000921144	-0.00086509
0.551382	-0.321377	0.184885	-6.68649e-05	-0.000362018	-0.000202103
0.551384	-0.321375	0.184885	0.000210339	0.000247369	-0.000153144
0.551384	-0.321372	0.184887	0.000290122	0.000811069	0.000998718
0.551381	-0.321378	0.184886	-0.000996216	-0.00149816	-0.000212516
0.551383	-0.321374	0.184884	-8.49775e-06	0.000497132	-0.000692762
0.551384	-0.321375	0.184887	0.000700883	0.000485789	0.000551642
0.551384	-0.321374	0.184885	-0.000457891	0.000995044	-0.00432629
0.551382	-0.321375	0.184884	-0.000925971	0.000353193	-0.00355509
0.551384	-0.321373	0.184888	-0.000206351	0.000627055	-0.00148439
0.551384	-0.321374	0.184884	-0.000440041	-2.90487e-05	-0.00252427
0.551384	-0.321376	0.18489	-0.000482718	-0.000589098	0.000127509
0.551386	-0.321374	0.184891	0.000504609	0.000344514	0.00037988
0.551383	-0.321374	0.184884	-0.000485581	0.000131674	-0.00228205
0.551383	-0.321375	0.184888	-0.000222323	1.31972e-05	-0.000110366
0.551384	-0.321374	0.184885	0.000191275	0.000494634	-0.000941467
0.551383	-0.321376	0.184885	-0.000430191	-0.000671156	-0.000639473
0.551385	-0.321376	0.18489	0.000186795	-0.000173319	0.000741925
0.551385	-0.321375	0.184887	7.14487e-05	8.14441e-05	-0.000130449
0.551385	-0.321375	0.184889	0.000117056	-3.3397e-05	0.000469137
0.551383	-0.321374	0.184886	-0.000269636	0.000202833	-0.000600181
0.551385	-0.321373	0.184887	0.000331345	0.000469841	-9.32648e-05
0.551384	-0.321374	0.184888	-0.000245947	-9.41573e-05	0.000162346
0.551383	-0.321376	0.184888	-0.000465126	-0.000518126	7.04637e-05
0.551386	-0.321373	0.184889	0.00061842	0.000466575	0.000460438
0.55138	-0.321378	0.184883	-0.00139418	-0.00130125	-0.00184304
0.551385	-0.321373	0.184885	0.000568142	0.000878912	-0.000313738
0.551382	-0.321377	0.184888	-0.000721804	-0.000756666	0.000348492
0.551383	-0.321376	0.184884	-2.35201e-05	-0.000107415	-0.000873615
0.551384	-0.321373	0.184886	0.0004855	0.000966101	0.000217639
0.551383	-0.321373	0.184884	0.000218528	0.000738541	-0.000452297
0.551385	-0.321375	0.184891	0.000832155	6.95198e-05	0.00189127
0.551387	-0.321373	0.184892	0.00078361	0.000493121	0.00124072
0.551384	-0.321374	0.184885	-0.000416076	0.000199571	-0.00131079
0.551382	-0.321378	0.18489	-0.000736209	-0.00152463	0.000917578
0.551383	-0.321377	0.184887	-0.000170462	-0.000528663	-0.000235262
0.551384	-0.321377	0.184889	1.8579e-05	-0.000395149	0.000430051
0.551387	-0.321372	0.184889	0.000939562	0.00120464	0.000347193
0.551381	-0.321375	0.184882	-0.00117984	-0.000148383	-0.00227295
0.551384	-0.321377	0.184891	0.000183543	-0.000736507	0.00153023
0.551383	-0.321378	0.184889	-0.00025166	-0.000912419	0.000446807
0.551384	-0.321373	0.184886	0.000340563	0.00113435	-0.000623742
0.551383	-0.321374	0.184886	-0.000130897	0.000259879	-0.000466627
0.551383	-0.321376	0.184888	-0.000213581	-0.000367954	0.000295635
0.551384	-0.321372	0.184882	0.000215178	0.000848867	-0.00182501
0.551383	-0.321374	0.184886	-8.78081e-05	1.2955e-05	0.000198676
0.551384	-0.32137	0.184883	4.71036e-05	0.00118363	-0.000838799
0.551385	-0.321373	0.184888	0.000402608	4.26636e-05	0.00105461
0.551382	-0.321377	0.184886	-0.0007502	-0.00138059	7.48191e-05
0.551384	-0.321374	0.184886	0.000270444	-5.42264e-05	-0.000144812
0.551386	-0.321374	0.184892	0.000474462	-0.000231904	0.0016291
0.551386	-0.321371	0.184886	0.0004173	0.00117008	-0.000435095
0.551387	-0.321372	0.184889	0.000654197	0.000545005	0.000639513
0.551387	-0.321369	0.184887	0.00134223	0.00106033	0.00347415
0.551387	-0.32137	0.184888	0.000811406	7.29981e-05	0.00327057
0.551385	-0.321371	0.184885	-2.7043e-05	-0.00015616	0.00149249
0.551387	-0.321372	0.184889	0.00261633	-0.00178406	0.0049626
0.551385	-0.321372	0.184888	0.000691654	-0.000801773	0.00243961
0.551384	-0.321375	0.184887	-0.000178359	-0.00152834	0.00122054
0.551385	-0.321371	0.184885	0.000618415	0.000449324	0.000346678
0.551384	-0.321377	0.184891	0.00029356	-0.00159765	0.00252287
0.551386	-0.321373	0.184888	0.000541604	5.19e-07	0.000582141
0.551387	-0.32137	0.184888	0.000651422	0.000500298	0.000424394
0.551389	-0.321371	0.184892	0.000997786	-5.30994e-06	0.00189824
0.551384	-0.32137	0.184882	0.00124801	0.00408608	-0.00214458
0.551383	-0.321376	0.184886	0.000867314	0.00110938	-6.74325e-05
0.551385	-0.321372	0.184887	0.0010619	0.00199341	0.000187969
0.551383	-0.321374	0.184885	0.000191474	0.000587557	-0.000404993
0.551384	-0.321374	0.184888	0.00070116	0.00088199	0.000899429
0.551383	-0.321374	0.184884	-7.30978e-05	0.000316033	-0.000626447
0.551386	-0.321371	0.18489	0.00124454	0.00148367	0.00142536
0.551384	-0.321375	0.184888	-0.000125068	-0.000320181	0.000329835
0.551388	-0.321371	0.18489	0.00136416	0.000939098	0.000950711
0.551386	-0.321374	0.184892	0.000203149	-0.000196459	0.00086326
0.551386	-0.32137	0.184885	6.31683e-05	0.0012227	-0.00155595
0.551384	-0.321372	0.184883	-0.000395401	0.000398974	-0.00165501
0.551384	-0.321374	0.184886	0.000247996	9.02378e-05	-0.000101794
0.551383	-0.321373	0.184881	-0.000617817	-0.00013807	-0.00158576
0.551386	-0.321372	0.184887	0.000439286	6.69395e-05	0.00100351
0.551382	-0.32137	0.184879	-0.000912438	0.000660516	-0.00213079
0.551383	-0.321375	0.184884	-3.89599e-05	-0.00111003	0.000833936
0.551384	-0.321373	0.184888	-1.89855e-05	-0.000106794	0.00156455
0.551387	-0.321369	0.184884	0.00100717	0.00125777	-0.000511277
0.551386	-0.321372	0.184885	0.000188737	-0.000196009	0.000215044
0.551382	-0.321373	0.184882	-0.000819732	-0.000152297	-0.00117577
0.551388	-0.321371	0.184888	0.00140203	0.000706289	0.00148856
0.551385	-0.321371	0.184886	-0.000219734	-0.000126631	0.000241485
0.551386	-0.321372	0.184886	4.02511e-05	-0.000273525	-1.48095e-05
0.551385	-0.321371	0.184889	-0.000252565	-3.80651e-05	0.000993686
0.551385	-0.321371	0.184888	3.52706e-07	-0.000125618	0.000431544
0.551385	-0.321375	0.184887	-0.000175775	-0.00121637	-0.000159376
0.551385	-0.321375	0.184889	-0.000240325	-0.000789319	0.000670718
0.551387	-0.321368	0.184885	0.00054538	0.00170694	-0.00101112
0.551384	-0.321376	0.184887	-0.000486451	-0.00163935	3.45602e-05
0.551386	-0.321373	0.184889	0.000177081	-5.52181e-05	0.000823896
0.551386	-0.321374	0.18489	0.000377466	-0.000197839	0.000886221
0.551385	-0.321375	0.184888	-0.000122923	-0.000554824	1.77132e-05
0.551385	-0.321374	0.18489	-0.000193826	0.00033313	0.000427706
0.551384	-0.321377	0.184891	-8.20087e-05	-0.000477867	0.000697398
0.551384	-0.321373	0.184889	-7.2639e-05	0.000973878	-0.000253285
0.551383	-0.321374	0.184884	-0.000698732	-0.000253463	-0.00161221
0.551387	-0.32137	0.18489	0.000728212	0.00105777	0.000710503
0.551385	-0.321375	0.184889	-0.000173372	-0.000809639	0.000229251
0.551383	-0.321376	0.184888	-0.000658153	-0.000860664	-0.000189534
0.551388	-0.321371	0.18489	0.0012578	0.00100483	0.000610283
0.551384	-0.321374	0.184886	-0.000535649	-0.000476773	-0.00114335
0.551385	-0.321375	0.184886	-0.000343774	-0.00029278	-0.000767026
0.551385	-0.321373	0.184887	0.00014541	0.00022778	6.17529e-05
0.551382	-0.321377	0.184885	-0.00117523	-0.00109082	-0.000921883
0.551384	-0.321376	0.184889	2.38606e-05	-0.000552194	0.000935674
0.551384	-0.321372	0.184885	0.000104727	0.000934584	-0.000893
0.551383	-0.321374	0.184886	-0.00017035	5.58195e-05	-5.39068e-05
0.551387	-0.32137	0.184887	0.00215536	0.00129095	0.00440813
0.551383	-0.321378	0.184887	-3.56199e-05	-0.0022012	0.00302395
0.551383	-0.321376	0.184891	0.000182566	-0.000941315	0.00389386
0.551385	-0.321373	0.184887	0.000689267	0.000416102	0.00136868
0.551384	-0.321374	0.184886	0.00119097	0.000172447	0.00153644
0.551384	-0.321373	0.184886	0.000881137	0.00011549	0.00116962
0.551382	-0.321373	0.184882	-9.69725e-05	-0.000161869	-0.000584478
0.551383	-0.321375	0.184885	0.000622504	-0.000526522	0.000972518
0.551384	-0.321373	0.184887	0.000406134	0.000324124	0.00118831
0.551383	-0.321374	0.184886	0.000186464	-0.000381593	0.000611604
0.551385	-0.321373	0.18489	0.000697469	7.68953e-05	0.00166198
0.551383	-0.321376	0.184884	-0.000344003	-0.00082396	-0.000924357
0.551385	-0.321373	0.18489	0.000583116	0.000322764	0.00144647
0.551381	-0.321378	0.184886	-0.000691107	-0.00116672	-0.000183133
0.551383	-0.321376	0.184886	4.64303e-05	-0.000374161	-0.000313487
0.551383	-0.321376	0.184887	0.00227683	0.00348103	0.000353034
0.551385	-0.321378	0.184888	0.00191323	0.00182165	0.000421519
0.551381	-0.321378	0.184885	-5.81573e-05	0.000965979	-0.000828506
0.551383	-0.321376	0.184888	0.000888714	0.00162507	0.000670798
0.551383	-0.321376	0.184886	0.000743951	0.00115937	-0.000344614
0.551381	-0.321379	0.184888	-8.63236e-05	-0.000110859	0.000592011
0.551383	-0.321375	0.184884	0.000627504	0.00164273	-0.000782561
0.551385	-0.321373	0.184888	0.000982642	0.00151682	0.000664079
0.551385	-0.321375	0.184891	0.000738049	0.000276777	0.00137545
0.551384	-0.321374	0.184884	3.69234e-05	0.000493861	-0.00145065
0.551383	-0.321375	0.184888	0.000116737	0.000332021	0.000444431
0.551383	-0.321376	0.184886	-0.000297282	-0.000212197	-0.00026847
0.551385	-0.321375	0.184886	0.000245134	0.00029248	-0.000436802
0.551382	-0.321379	0.184887	-0.00032484	-0.00085834	0.000272639
0.551385	-0.321374	0.184889	0.000513824	0.00100941	0.000446841
0.551383	-0.321376	0.184888	-0.000264608	-0.0003102	0.000268965
0.551384	-0.321374	0.184888	0.000138236	0.000274713	0.000208343
0.551384	-0.321374	0.184887	0.000216574	0.000127329	-0.000147729
0.551382	-0.321377	0.184885	-0.00053818	-0.00087678	-0.000663315
0.551385	-0.321375	0.184888	0.000385642	0.000365402	0.000173532
0.551384	-0.321374	0.184888	-0.000284301	0.000540762	-8.94792e-05
0.551382	-0.321379	0.184887	-0.000304256	-0.000945773	9.52281e-05
0.551382	-0.321377	0.184884	-0.000392475	-0.000469605	-0.00109902
0.551384	-0.321377	0.184888	0.00049934	-0.000159154	0.000796138
0.551382	-0.321376	0.184886	-0.000225055	0.000265207	-0.000196971
0.551385	-0.321375	0.184891	0.000414925	0.000537344	0.00108021
0.551385	-0.321373	0.184887	0.000595325	0.00085172	-0.00013031
0.551384	-0.321372	0.184883	-0.000362857	0.000355636	-0.00158197
0.551385	-0.321377	0.18489	0.000329569	-0.000931815	0.00145404
0.551384	-0.321376	0.184887	0.000139822	0.000235771	-1.66969e-05
0.551382	-0.321374	0.184885	-0.000479396	0.000500027	-0.000733656
0.551385	-0.321375	0.184889	0.000385321	-5.20988e-05	0.000820426
0.551385	-0.321375	0.184889	0.000230254	-8.48332e-05	0.000556534
0.551386	-0.321374	0.184888	0.00253875	0.00363183	0.000172126
0.551383	-0.321376	0.184888	0.000873996	0.00195244	3.3101e-05
0.551386	-0.321373	0.184887	0.00156196	0.00231593	-0.000483369
0.551384	-0.321374	0.184888	0.000524527	0.00138115	0.000164839
0.551381	-0.321379	0.184888	-0.00047906	-0.000441792	7.75461e-05
0.551385	-0.321373	0.184887	0.0010339	0.00169456	-0.000195485
0.551386	-0.321374	0.18489	0.00115031	0.000866239	0.000878468
0.551383	-0.321376	0.184885	-0.000314248	5.50491e-05	-0.00102424
0.551383	-0.32138	0.184892	-0.000568322	-0.0010705	0.00135199
0.551385	-0.321377	0.184889	0.000480484	0.000198146	-0.000128394
0.551381	-0.321377	0.184885	0.00106957	0.00344534	-0.00116054
0.551384	-0.321374	0.18489	0.00198731	0.00327116	0.000779625
0.551383	-0.321377	0.184887	0.000918887	0.00136809	-0.000305851
0.551387	-0.321372	0.184889	0.00224944	0.00344151	0.000403395
0.551383	-0.321376	0.18489	0.000204389	0.000582611	0.000441393
0.551384	-0.321375	0.184887	0.000627213	0.000940933	-0.000453521
0.551385	-0.321375	0.184892	0.00052585	0.000656187	0.00111348
0.551383	-0.321375	0.184885	-0.00013236	0.000753044	-0.0016449
0.551385	-0.321375	0.184888	0.000905306	0.000673387	0.000186632
0.551384	-0.321375	0.184888	-8.68448e-05	0.000196112	5.0166e-05
0.551381	-0.321377	0.184884	-0.00186845	-0.00044762	-0.00200939
0.551385	-0.321377	0.184892	0.000265845	0.000194476	0.0011409
0.551384	-0.321373	0.184886	-0.000418731	0.00116035	-0.00122478
0.551385	-0.321373	0.184887	-0.000347052	0.000803245	-0.000879454
0.551382	-0.321375	0.184888	-0.000910913	0.000213893	-0.000148534
0.551383	-0.321374	0.184883	-0.000527839	9.66592e-05	-0.00176737
0.551383	-0.321378	0.184887	-0.000402144	-0.00124544	0.00037016
0.551383	-0.321378	0.184889	-0.000106586	-0.000857182	0.000844635
0.551383	-0.321376	0.184887	4.33165e-05	-2.12895e-05	-5.62668e-05
0.551385	-0.321371	0.184884	0.000429084	0.00167531	-0.00101268
0.551384	-0.321376	0.184887	1.3155e-05	-0.000660951	3.33292e-05
0.551383	-0.321378	0.184889	-0.000272445	-0.000913975	0.000887896
0.551384	-0.321374	0.184885	-0.000227401	0.000703675	-0.00102496
0.551385	-0.321371	0.184885	0.000474779	0.00148711	-0.000658817
0.551384	-0.321372	0.184887	0.000222786	0.000949732	0.000386402
0.551381	-0.321377	0.184884	-0.000641553	-0.000832092	-0.000575882
0.55138	-0.32138	0.184888	-0.000538328	-0.00116883	0.000744213
0.551382	-0.321378	0.18489	-0.00118619	-0.00060703	0.000284338
0.551379	-0.321379	0.184883	-0.00176531	-0.000494279	-0.00199568
0.551383	-0.321376	0.184888	-0.000133032	0.000371465	0.000167921
0.551383	-0.321374	0.184884	-0.000189239	0.000887853	-0.00117982
0.551387	-0.321374	0.184892	0.00111251	0.000458338	0.0017655
0.551385	-0.321377	0.18489	8.42714e-05	-0.000550243	0.000577814
0.551381	-0.321376	0.184882	-0.000720001	9.46583e-05	-0.00236158
0.551385	-0.321372	0.184888	0.00052981	0.001391	0.000429924
0.551383	-0.321376	0.184885	-0.000475143	-0.000530087	-0.000578597
0.551384	-0.321376	0.184885	0.000129699	3.79347e-05	-0.000619258
0.551383	-0.321378	0.184889	-0.000454708	-0.000981059	0.000961053
0.551386	-0.321374	0.18489	0.000879424	0.000655685	0.0010341
0.551383	-0.321375	0.184888	-0.000262552	0.000316137	-4.52245e-05
0.551383	-0.321374	0.184885	-0.000380105	0.000287718	-0.0011564
0.551385	-0.321373	0.184886	0.000555852	0.000376569	-0.000100837
0.551383	-0.321376	0.184888	-0.000569442	-0.000512695	0.00035696
0.551381	-0.321377	0.184884	-0.000915073	-0.000712986	-0.000947158
0.551383	-0.32138	0.184892	-0.00011899	-0.00144675	0.00212443
0.551384	-0.321375	0.184891	0.00044098	0.000704244	0.00101372
0.551381	-0.321377	0.184885	-0.000868982	-0.00015846	-0.00141669
0.551385	-0.321375	0.184888	0.00184746	0.000153948	0.000965611
0.551385	-0.321373	0.184886	0.00122185	0.00080512	-0.000212598
0.551385	-0.321371	0.184889	-0.000113712	0.00134785	9.75887e-05
0.551383	-0.321376	0.184887	-0.000598769	-0.000701587	-0.000440887
0.551386	-0.321373	0.184888	0.000203549	0.000495382	-0.000255664
0.551381	-0.321376	0.184885	-0.00103863	-0.000317131	-0.000914913
0.551384	-0.321373	0.184885	-2.53616e-05	0.000623672	-0.000868228
0.551382	-0.321376	0.184887	-0.000605341	-0.000508627	0.000254502
0.551385	-0.321371	0.184887	0.000380773	0.0011382	0.000116352
0.551381	-0.321374	0.18488	-0.00103201	-0.000402014	-0.00227856
0.551383	-0.321377	0.184889	0.000616528	-0.000376405	0.00154189
0.551383	-0.321374	0.184886	0.000290079	0.000483502	7.56312e-05
0.551383	-0.321377	0.184889	1.16825e-05	-0.000917584	0.000996871
0.551383	-0.321376	0.18489	-0.000299696	-0.000418319	0.00115167
0.551385	-0.321375	0.184888	0.000602645	-6.83298e-05	7.36983e-05
0.551381	-0.321378	0.184888	-0.000636238	-0.000768596	-8.73426e-05
0.551388	-0.321373	0.184889	0.001479	0.00163868	0.000109812
0.551386	-0.321372	0.184886	0.00035704	0.00089034	-0.000858437
0.551383	-0.321376	0.184886	0.00121508	0.0023759	-0.000595999
0.551383	-0.321377	0.184885	0.00110654	0.00176471	-0.00065277
0.551382	-0.321377	0.184888	-0.00129271	-0.00178604	0.000588242
0.551385	-0.321373	0.184886	-0.000239304	-0.000358483	-0.00037678
0.551386	-0.321372	0.184885	0.000212081	7.61597e-06	-0.00047884
0.551385	-0.321373	0.184887	-0.00121158	-0.00029911	-0.000316101
0.551385	-0.321371	0.184884	-0.000896149	0.000407282	-0.00148332
0.551386	-0.321373	0.184889	-0.000195193	-8.24977e-06	0.0013233
0.551384	-0.321372	0.184886	-0.000671632	0.000365789	-0.000706738
0.551384	-0.321375	0.184887	-0.000805597	-0.000966871	-0.000138527
0.551384	-0.321375	0.184889	-0.000440298	-0.000698489	0.000473069
0.551385	-0.32137	0.184884	-8.89023e-05	0.00124022	-0.00127852
0.551384	-0.321371	0.184883	-0.000366752	0.000489096	-0.00141993
0.551385	-0.321373	0.184889	5.11322e-05	-0.000564067	0.00115498
0.551382	-0.321373	0.184883	-0.00103845	-0.000389298	-0.00112175
0.551386	-0.321369	0.184885	0.000485018	0.000987738	-0.000331859
0.551386	-0.321373	0.184889	0.000224628	-0.000590699	0.00126547
0.551385	-0.321373	0.184887	2.61785e-05	-0.000327299	0.00024895
0.551389	-0.321369	0.184892	0.00117579	0.00101416	0.00192243
0.551386	-0.32137	0.184884	-9.19255e-05	0.000544708	-0.00168606
0.551385	-0.321371	0.184886	0.00156249	0.00325569	-0.000273922
0.551388	-0.321373	0.184889	0.000119716	-0.00144889	0.000902144
0.551386	-0.321371	0.184885	-0.000366742	-0.000134179	-0.000709882
0.551384	-0.321375	0.18489	-0.00110818	-0.00160461	0.000881407
0.551383	-0.321375	0.184886	-0.000935988	-0.000977229	-0.000547425
0.551386	-0.321372	0.184891	0.00237115	0.00332593	0.0011861
0.551387	-0.32137	0.184891	0.00105184	0.00323205	-3.61766e-05
0.551386	-0.321372	0.184887	0.000187284	0.00191476	-0.00124494
0.551387	-0.32137	0.184886	0.000355507	0.0020096	-0.00144882
0.551385	-0.321371	0.184886	-0.00024131	0.00105405	-0.00079674
0.551386	-0.321371	0.184885	6.25016e-05	0.000766193	-0.00079506
0.551386	-0.321375	0.18489	0.000287925	-0.000222444	0.000989529
0.551384	-0.321371	0.184885	-0.000534695	0.00089956	-0.0010232
0.551386	-0.32137	0.184888	0.000318927	0.000913134	0.000232666
0.551388	-0.321371	0.184888	0.000731704	0.000351139	0.000327009
0.551389	-0.321369	0.184888	0.00095697	0.000664795	-1.94754e-05
0.551383	-0.321378	0.184889	-0.00141734	-0.00228476	0.00042974
0.551386	-0.321369	0.184884	-7.10175e-05	0.00124211	-0.00127277
0.551388	-0.321371	0.184891	0.000593518	0.000452923	0.00128653
0.551388	-0.321369	0.184889	0.000473039	0.00089113	0.000190261
0.551386	-0.321371	0.184887	-0.000283924	-0.000271521	-0.000425085
0.551384	-0.321373	0.184886	-0.000782958	-0.000597875	-0.000614868
0.551385	-0.321373	0.184885	-0.000143226	-0.000524605	-0.000876804
0.551387	-0.32137	0.184887	0.000619057	0.000604885	6.99759e-06
0.551386	-0.321373	0.184887	4.12682e-05	-0.000172471	-1.84123e-05
0.551385	-0.321372	0.184886	-0.000226466	5.10204e-05	-0.000347246
0.551388	-0.321369	0.184891	0.000813103	0.000811825	0.00157375
0.551384	-0.321374	0.184887	-0.000876981	-0.00122239	-0.000200355
0.551387	-0.321368	0.184884	0.00018074	0.00136771	-0.00105121
0.551384	-0.321373	0.184888	-0.000582985	-0.000780068	0.000461185
0.551384	-0.321372	0.184885	-0.000271349	0.000230948	-0.000885944
0.551384	-0.321373	0.184888	-1.52442e-05	-5.40995e-05	0.000574134
0.551383	-0.321374	0.184882	-0.000676539	-0.000863697	-0.00158318
0.551385	-0.321371	0.184888	0.000316317	0.000308956	0.000957073
0.551385	-0.321373	0.184888	-0.000119529	-0.000299062	0.000611346
0.551384	-0.32137	0.184882	-0.000120268	0.000553198	-0.00137429
0.551386	-0.321376	0.184895	0.000590779	-0.00141551	0.00330037
0.551382	-0.321375	0.184889	-0.000969382	-0.000841228	2.31128e-05
0.551385	-0.321371	0.184884	0.000277207	0.000850985	-0.00165368
0.551388	-0.321369	0.184889	0.00109316	0.00136025	0.000655061
0.551384	-0.321374	0.184885	-0.000286635	-0.000403024	-0.000706041
0.551383	-0.321378	0.184888	0.00135801	0.00131098	0.000229281
0.551387	-0.321372	0.184891	0.00181923	0.00248745	0.0010234
0.551384	-0.321374	0.184885	0.000407302	0.00109799	-0.00110176
0.551385	-0.321373	0.184889	-0.00108744	-0.00206871	0.000391725
0.551385	-0.321373	0.184885	-0.00133918	-0.00134335	-0.00123129
0.551385	-0.321373	0.184886	-0.00084341	-0.00102518	-0.000258464
0.551384	-0.321374	0.184888	-0.000763352	-0.0013541	0.000437963
0.551384	-0.321372	0.184887	-0.000598633	-0.000397887	-6.09701e-05
0.551381	-0.321378	0.184884	-0.00149553	-0.00225539	-0.00088264
0.551385	-0.321375	0.184887	0.000390036	-0.000397351	0.000119132
0.551387	-0.321374	0.184891	0.00107583	-0.000130605	0.00165326
0.551385	-0.321375	0.184891	-3.78682e-05	-0.000328485	0.000967018
0.551383	-0.321372	0.184883	-0.000737589	0.000818012	-0.00190043
0.551385	-0.321371	0.184888	0.000311037	0.000650983	0.000309358
0.551387	-0.321372	0.184891	0.00061487	0.000261423	0.00112862
0.551385	-0.321373	0.184884	-0.000304354	-7.71795e-05	-0.00156572
0.551386	-0.321374	0.18489	0.000386279	-0.00040259	0.00103866
0.551384	-0.321374	0.184888	-0.000615411	-0.000440238	-3.03457e-05
0.551382	-0.321375	0.184884	-0.000885169	-0.00067902	-0.00115432
0.551386	-0.321374	0.184888	0.000652744	0.000133588	0.000526484
0.551381	-0.321377	0.184884	-0.00108302	-0.000966265	-0.000954238
0.551385	-0.321371	0.184887	0.000351264	0.00136283	0.000177451
0.551386	-0.321373	0.184888	0.000358019	0.000130473	0.000221939
0.551384	-0.321372	0.184885	-0.000120376	0.000346951	-0.000783638
0.551384	-0.321373	0.184888	0.000440426	0.000577114	0.000666565
0.55138	-0.321373	0.184881	-0.00134348	5.82155e-05	-0.0018093
0.551384	-0.321378	0.18489	0.000459149	-0.00149855	0.00178954
0.551381	-0.321377	0.184884	-0.000859584	-0.00100954	-0.000764918
0.551383	-0.321374	0.184884	0.000309069	0.000177231	-0.000148474
0.551384	-0.321376	0.18489	-0.000527891	-9.46168e-05	-0.00236761
0.551384	-0.321374	0.184887	-0.000637602	0.000743711	-0.00342429
0.551384	-0.321375	0.184887	-0.000189578	0.000353011	-0.00217389
0.551386	-0.321376	0.184895	0.000549912	-0.000181755	0.00100537
0.551382	-0.321377	0.18489	-0.000996863	-0.000609685	-0.00130201
0.551385	-0.321377	0.184892	0.000141335	-0.000238679	-0.000274512
0.551385	-0.321375	0.184892	-0.00169411	-0.00278436	-6.87319e-05
0.551383	-0.321374	0.184886	-0.00196718	-0.00178772	-0.00223674
0.551387	-0.321374	0.184892	-0.000288724	-0.00134676	0.000390933
0.551384	-0.321376	0.184886	-0.00128453	-0.00181591	-0.001607
0.551384	-0.321378	0.184892	-0.000755427	-0.00208068	0.000780868
0.551382	-0.321379	0.184889	-0.00130658	-0.0017001	-0.000508275
0.551386	-0.321373	0.184888	0.000125213	0.000850718	-0.000932174
0.551384	-0.321378	0.184891	-0.000268319	-0.000632035	0.000571562
0.551384	-0.321373	0.184885	-0.000197963	0.000911786	-0.00170984
0.551383	-0.321376	0.184886	-0.000674232	-0.000472575	-0.000609526
0.551384	-0.321376	0.184889	-4.49529e-05	-0.000552182	0.000537633
0.551384	-0.321374	0.184888	0.00181494	0.00356041	-1.5346e-05
0.551382	-0.321377	0.184886	0.000693527	0.00169976	-0.000580081
0.551384	-0.321374	0.184887	0.00148891	0.00217695	-1.72584e-06
0.551383	-0.321375	0.184888	0.000881706	0.00170556	0.000206136
0.551383	-0.321376	0.184888	0.000639222	0.00122304	0.000142243
0.551382	-0.321378	0.18489	8.23218e-05	-0.000160821	0.000728253
0.55138	-0.321382	0.184889	-0.000382436	-0.00112668	0.000198794
0.551381	-0.321378	0.184884	-0.000106635	0.000591871	-0.00135757
0.551382	-0.321378	0.184888	0.000152747	0.00029453	0.000252701
0.551382	-0.321381	0.184891	-3.08667e-05	-0.00102755	0.00114426
0.55138	-0.321378	0.184883	-0.00070862	0.000395231	-0.00178272
0.551384	-0.321374	0.18489	0.00105783	0.00140584	0.00095399
0.551385	-0.321377	0.184888	0.000918556	0.000133575	-5.66238e-05
0.551384	-0.321372	0.184884	0.000340838	0.00160834	-0.00111654
0.551385	-0.321376	0.184893	0.000731422	0.000129721	0.00200485
0.551382	-0.321376	0.184884	-0.000456414	-5.07708e-05	-0.00167526
0.551383	-0.321375	0.184886	-0.000321409	-8.82862e-06	-0.000266802
0.551382	-0.321376	0.184884	-0.000331079	6.60907e-05	-0.000769864
0.551383	-0.321374	0.184886	0.000150941	0.000468358	5.70825e-05
0.551386	-0.321376	0.184894	0.00107349	-0.000221649	0.0025589
0.551385	-0.321373	0.184886	0.000271946	0.000787666	-0.000995488
0.551383	-0.321378	0.184891	-0.000529658	-0.00106392	0.00131043
0.551384	-0.321376	0.184885	0.000183216	0.000310968	-0.0013872
0.551384	-0.321373	0.184888	0.000232913	0.000841487	0.000156182
0.551385	-0.321373	0.184888	0.000127858	0.000453779	0.000137334
0.551384	-0.321376	0.184886	-0.00013303	-0.00078899	-0.000408332
0.551382	-0.321377	0.184888	-0.000724508	-0.000838018	0.000189875
0.551383	-0.321378	0.184889	-0.000227624	-0.000720252	0.000460756
0.551383	-0.321374	0.184884	-0.000133524	0.000808935	-0.00125219
0.551383	-0.321374	0.184889	0.000295857	0.00092538	0.000635026
0.551383	-0.321378	0.184887	-0.000108554	-0.00112805	-0.000254687
0.551384	-0.321375	0.184887	0.00132783	0.000120355	0.000888905
0.551384	-0.321374	0.184887	0.000651897	0.000238044	0.000276403
0.551383	-0.321376	0.184886	0.00262306	-0.00113389	0.00247877
0.551386	-0.321378	0.184894	0.00257256	-0.00195603	0.0044012
0.551382	-0.321379	0.184886	0.000748249	-0.00137701	0.00117873
0.551382	-0.321378	0.184885	0.000556865	-0.000866694	0.000348673
0.551382	-0.321378	0.184887	0.000532238	-0.000711811	0.000905881
0.551384	-0.321374	0.184884	0.0010111	0.00104226	-0.000488903
0.551385	-0.321373	0.184887	0.00131654	0.0010219	0.00096759
0.551383	-0.321378	0.184891	2.58989e-05	-0.00140289	0.00185917
0.551384	-0.321376	0.184887	0.000412232	0.000160112	0.000123765
0.551388	-0.321371	0.184888	0.00174284	0.00197777	0.00044162
0.551385	-0.321374	0.184889	8.5639e-05	-0.000118627	0.000520058
0.551385	-0.321373	0.184887	-7.99316e-05	-4.69938e-06	-0.000258806
0.551384	-0.321376	0.184888	-2.53563e-05	-0.000700512	0.000226166
0.551386	-0.321372	0.184885	0.000310001	0.000624047	-0.00102199
0.551385	-0.321375	0.184891	-0.000189329	-0.000638699	0.00130065
0.551385	-0.321375	0.184889	-0.000195906	-0.000341471	0.000301561
0.551384	-0.321376	0.184889	-0.000172163	-0.000244509	0.00018201
0.551385	-0.321377	0.184892	0.00032185	-0.00041759	0.00110458
0.551383	-0.321373	0.184883	-0.000603331	0.000791642	-0.00237549
0.551384	-0.321377	0.184891	-0.00110062	-0.000618753	0.000360518
0.551385	-0.321375	0.184888	-0.000477224	6.80021e-05	-0.000646497
0.551383	-0.321378	0.184889	-0.00114375	-0.000801787	-0.000284998
0.551386	-0.321374	0.184885	0.000903522	2.01997e-05	-0.000439976
0.551382	-0.321376	0.184887	-0.000377985	-0.000739767	0.000503213
0.551385	-0.321377	0.18489	0.000696137	-0.000998421	0.00147766
0.551381	-0.321379	0.184887	-0.000490807	-0.00137642	2.35509e-05
0.551383	-0.321378	0.184889	0.000115883	-0.00054246	0.000663918
0.551382	-0.321379	0.184888	-0.000119987	-0.000954805	0.000153525
0.551382	-0.321375	0.184884	-0.000112225	0.000757854	-0.00114447
0.551383	-0.321374	0.184883	0.000144802	0.00107774	-0.00132187
0.551384	-0.321378	0.184889	0.000433708	-0.00086401	0.00162519
0.551384	-0.321376	0.18489	0.000425043	3.45952e-05	0.0013197
0.551384	-0.321376	0.184886	0.000505977	0.000549742	-0.000526799
0.551384	-0.321377	0.184891	0.000408361	0.000325885	0.00106693
0.551383	-0.32138	0.184889	-0.000244183	-0.0007863	-0.00011921
0.551384	-0.321375	0.184887	-0.000148655	0.000820814	-0.000796138
0.551384	-0.321375	0.184891	-7.3722e-05	0.000483307	0.00086735
0.551386	-0.321376	0.184891	-0.000357729	0.000216119	-0.000330652
0.551386	-0.321373	0.184891	-0.000366598	0.000863149	-0.000700818
0.551382	-0.321377	0.184889	-0.00160933	-0.000655318	-0.000626691
0.551383	-0.321374	0.184887	-0.000653258	0.000642388	-0.00104344
0.551383	-0.321379	0.184891	-0.000333484	-0.000980685	0.000609181
0.551385	-0.321373	0.184884	0.00106107	0.000888592	-0.00119983
0.551385	-0.321373	0.184888	0.000835045	0.000532148	0.000668503
0.551385	-0.321373	0.184887	0.00086409	0.000221969	0.000331429
0.551383	-0.321374	0.184884	-0.000183359	-0.000108467	-0.000780382
0.551386	-0.321374	0.18489	0.00100005	-0.000133717	0.00144009
0.551382	-0.321373	0.184883	-0.00255685	-0.00316262	-0.00130444
0.551385	-0.321375	0.184889	-0.00105713	-0.00283939	0.00101864
0.551386	-0.321373	0.184888	-0.000605225	-0.00152544	0.000118126
0.551384	-0.321372	0.184885	-0.00088936	-0.000930598	-0.000869213
0.551385	-0.321373	0.184887	-0.000290994	-0.000995902	0.000358811
0.551383	-0.321374	0.184884	-0.000948443	-0.000965891	-0.000747207
0.551383	-0.321372	0.184885	-0.000532157	-0.000155754	-0.000228408
0.551385	-0.321375	0.184889	5.29345e-05	-0.00106067	0.00118332
0.551386	-0.321371	0.184889	0.000176913	0.000521081	0.000691115
0.551385	-0.321373	0.184888	-0.000146261	-0.00026343	0.00012943
0.551384	-0.321374	0.184885	-0.000268956	-0.000701411	-0.000695139
0.551386	-0.32137	0.184884	0.000339115	0.00107433	-0.000805448
0.551383	-0.321378	0.184888	-0.000484892	-0.00215253	0.000788397
0.551382	-0.321377	0.184885	-0.000759468	-0.00119275	-0.000451674
0.551384	-0.321374	0.184888	0.000279032	0.000664156	0.000531373
0.551384	-0.321373	0.184888	0.000225821	0.00051311	0.0003499
0.551385	-0.321374	0.184889	0.000391959	9.01552e-05	0.000599397
0.551383	-0.321378	0.184889	-0.000506149	-0.00136769	0.000436375
0.551382	-0.321377	0.184888	-0.000685119	-0.000728689	-0.000120847
0.551386	-0.321371	0.184888	0.000708172	0.00150775	-7.07177e-05
0.551385	-0.321373	0.184887	0.000371065	0.000387661	-0.00025457
0.551388	-0.321371	0.184888	0.00107515	0.00101232	0.000200483
0.551388	-0.321368	0.184887	0.00101267	0.00184239	-0.000222582
0.551385	-0.321371	0.184884	-0.000386853	0.00051934	-0.00118611
0.551385	-0.321372	0.184886	-0.000378872	-0.000252065	-0.000147737
0.551386	-0.32137	0.184888	0.000163853	0.00027404	0.000493516
0.551385	-0.321373	0.184887	-0.000250041	-0.000877999	0.000118079
0.551383	-0.321377	0.184889	-0.0006774	-0.00161119	0.000610155
0.551384	-0.321375	0.184888	-0.00042261	-0.000427442	7.76011e-05
0.551386	-0.32137	0.184884	0.000322256	0.00129301	-0.00112357
0.551386	-0.321371	0.184887	0.000587293	0.000627788	0.000177543
0.551383	-0.32137	0.184881	-0.000701207	0.00047228	-0.00181678
0.551385	-0.321375	0.184888	9.02279e-05	-0.00137986	0.0011078
0.551386	-0.321373	0.184891	0.00033625	-0.000384278	0.00158538
0.551383	-0.321372	0.184879	-0.000638267	0.000293123	-0.00226996
0.551387	-0.32137	0.184886	0.000883175	0.000619144	0.000383425
0.551386	-0.32137	0.184885	0.000315776	0.000609208	-0.000110442
0.551387	-0.32137	0.184887	0.000355794	0.000326482	0.000542688
0.551386	-0.321374	0.184889	-0.000101059	-0.000969917	0.000699162
0.551386	-0.321372	0.184889	0.000893537	-0.000519621	0.00475088
0.551387	-0.32137	0.184887	0.000982362	9.97956e-05	0.00265647
0.551384	-0.321376	0.184891	-5.48823e-05	-0.00141764	0.00342457
0.551385	-0.321371	0.184884	-8.19375e-05	0.000310173	0.000371665
0.551387	-0.321371	0.184891	0.000883305	0.000324711	0.00250347
0.551386	-0.32137	0.184888	0.000233436	0.000437253	0.000845885
0.551384	-0.321376	0.184889	-0.000409308	-0.00131695	0.000971685
0.551385	-0.321373	0.18489	-0.000144624	-0.000297987	0.000943302
0.551385	-0.321373	0.184888	-0.000177172	-0.000140363	0.000105391
0.551383	-0.321376	0.184884	-0.000748246	-0.00102959	-0.00132105
0.551384	-0.321375	0.184887	-8.76199e-05	-0.000426466	0.000291838
0.551384	-0.321372	0.184884	-0.000360087	0.00072946	-0.00108348
0.551385	-0.32137	0.184886	0.000566	0.00125558	0.000509909
0.551384	-0.321371	0.184884	0.000103909	0.000301678	-0.000496468
0.551385	-0.321372	0.184888	0.000348782	0.000133676	0.000856893
0.551386	-0.32137	0.184885	0.000496001	0.000479797	-0.000263681
0.551385	-0.321372	0.184885	7.88238e-05	-0.000173877	-0.000149419
0.551386	-0.32137	0.184884	7.93246e-05	0.000532932	-0.00042861
0.551385	-0.321371	0.184886	-3.97688e-05	-0.000135371	0.000326561
0.551384	-0.321374	0.184885	-0.000235027	-0.000701175	-6.59373e-05
0.551384	-0.321375	0.184887	-0.000265065	-0.000978566	0.00056856
0.551385	-0.321375	0.184889	-1.18016e-05	-0.000701052	0.000993676
0.551383	-0.321376	0.184888	-0.000622229	-0.000795219	0.000274499
0.551384	-0.321372	0.184884	0.000161487	0.00105567	-0.00101569
0.551387	-0.321371	0.184891	0.00105641	0.000914867	0.0014298
0.551384	-0.321373	0.184887	-0.000205044	-0.000195051	7.7769e-05
0.551383	-0.321376	0.184885	-0.000741699	-0.00116682	-0.000821957
0.551383	-0.321376	0.184888	-0.000517741	-0.000695916	0.000265487
0.551385	-0.321375	0.184889	0.000330163	-0.000245707	0.00114033
0.551383	-0.321375	0.184886	-0.000318708	0.000186005	-0.000817502
0.551384	-0.321375	0.184888	-7.74544e-05	1.71161e-05	7.9342e-05
0.551387	-0.321371	0.184887	0.000673322	0.000865196	-0.000174303
0.551383	-0.321377	0.18489	-0.000741321	-0.00134582	0.000698467
0.551382	-0.321375	0.184883	-0.000368169	0.000411373	-0.00190338
0.551382	-0.321376	0.184884	-0.00044416	-0.000275054	-0.000708371
0.551382	-0.321377	0.184888	4.33182e-05	-0.000422563	0.00130939
0.551383	-0.321372	0.184885	0.000207971	0.000958935	-7.57496e-05
0.551386	-0.321372	0.184889	0.000932288	0.000885293	0.000980644
0.551385	-0.321375	0.184891	0.000265582	-0.000562603	0.000959253
0.551384	-0.321374	0.184887	-3.09479e-05	-0.000242052	-0.000520807
0.551384	-0.321374	0.184887	-0.000348364	-7.80963e-06	-0.000727573
0.551384	-0.321376	0.184889	-9.97457e-05	-0.000709026	0.000458847
0.551385	-0.321371	0.184884	0.000453083	0.0015211	-0.00109533
0.551385	-0.321373	0.184889	0.000238776	0.000359061	0.000454407
0.551386	-0.321371	0.184887	0.000854314	0.00109575	5.24111e-05
0.551382	-0.321378	0.184886	-0.000944035	-0.00164354	-0.000546844
0.551386	-0.321372	0.184888	0.000415139	0.000264383	0.000778446
0.551383	-0.321373	0.184884	-0.000498413	-5.3367e-06	-0.00100462
0.551383	-0.321374	0.184884	-0.000304758	-1.23238e-05	-0.000645642
0.551384	-0.321372	0.184886	0.000140969	0.000425965	0.000115371
0.551383	-0.321378	0.184888	-0.000201461	-0.00154375	0.000789865
0.551384	-0.321376	0.184891	0.000158936	-0.000529801	0.00140551
0.551385	-0.321373	0.184885	0.00032163	0.000891603	-0.000863726
0.551383	-0.321372	0.184885	-0.000272644	0.000872874	-0.00073281
0.551387	-0.321374	0.184891	0.00177959	-0.000284663	0.00204119
0.551384	-0.321371	0.184885	0.000486925	0.000827884	-0.000293186
0.551382	-0.321377	0.184888	-0.000275137	-0.00164258	0.00084607
0.551384	-0.321374	0.184887	0.000613596	-0.000208883	0.000376427
0.551382	-0.321375	0.184887	-0.000268671	-0.000369934	0.000168635
0.551384	-0.321378	0.184892	0.000478473	-0.0013095	0.00175454
0.551383	-0.321374	0.184885	-0.000140769	0.00070932	-0.0010169
0.551384	-0.321376	0.184889	0.00026686	-0.000414207	0.000593213
0.551384	-0.321378	0.184888	0.000163591	-0.000889499	0.000246551
0.551381	-0.321378	0.184888	-0.000471048	-0.000319101	-5.56586e-05
0.551382	-0.321376	0.184885	-0.000294442	0.000508995	-0.000883872
0.551385	-0.321369	0.184885	0.000855326	0.00231116	-0.000654157
0.551384	-0.321376	0.184891	0.000244548	-0.00089108	0.00146442
0.551383	-0.321374	0.184889	-7.83655e-05	0.000248549	0.000283221
0.551383	-0.321376	0.184886	-0.000270265	-0.000384879	-0.000608602
0.551383	-0.321377	0.184887	9.39654e-05	-0.000392965	-7.23557e-05
0.551384	-0.321375	0.184889	0.000465827	0.000151947	0.000549888
0.551382	-0.321376	0.184886	-0.000390973	-0.000168331	-0.000586195
0.551386	-0.321374	0.184891	0.000844965	0.000572796	0.00116019
0.551385	-0.321373	0.184888	0.000128651	0.000633685	-0.00020672
0.551386	-0.321374	0.184893	0.000667071	9.2334e-05	0.00145915
0.551384	-0.321377	0.184888	-0.000232675	-0.000886815	-0.000471275
0.551385	-0.321373	0.184885	-4.86978e-05	0.000585277	-0.00128548
0.551383	-0.321378	0.184889	-0.000592031	-0.0011725	0.000340751
0.551382	-0.321375	0.184885	-0.000502407	0.00062874	-0.00108248
0.551382	-0.321376	0.184886	-0.000347927	-0.000267039	-0.000359899
0.551385	-0.321371	0.184888	0.00170317	0.00102397	0.00115185
0.551384	-0.321377	0.184888	0.000863094	-0.00110871	0.00100776
0.551384	-0.321374	0.184883	0.000554121	-8.0462e-05	-0.00104381
0.551385	-0.321375	0.184887	0.000622756	-0.000198291	0.000502998
0.551383	-0.321378	0.184891	-2.56218e-05	-0.00116265	0.00179393
0.551387	-0.321374	0.184894	0.0012203	0.000474829	0.00213013
0.551384	-0.321374	0.184887	-3.27523e-05	0.00019215	-0.000655346
0.551387	-0.32137	0.184887	0.000804565	0.00156948	-0.000439699
0.551383	-0.321374	0.184884	-0.000711015	-0.000178624	-0.00124135
0.551384	-0.321376	0.184887	-4.79532e-05	-0.000336817	0.000127767
0.551388	-0.321373	0.184893	0.00103669	0.000383803	0.00164533
0.551383	-0.321376	0.184886	-0.00078296	-0.000796006	-0.00104646
0.551382	-0.321375	0.184885	-0.000776228	-0.000365825	-0.00103232
0.551382	-0.321377	0.184888	-0.000563746	-0.000871384	0.000493371
0.551383	-0.321374	0.184886	6.28126e-05	0.000493461	-0.000280562
0.551384	-0.321374	0.184885	0.000198545	0.00020303	-0.000411972
0.551385	-0.321373	0.184889	0.000635606	0.000513132	0.000883802
0.551384	-0.321374	0.184886	-5.75624e-06	-2.95418e-05	-0.000521236
0.551384	-0.321375	0.184887	-0.00196725	0.00108536	-0.00231263
0.551384	-0.321375	0.184887	-0.00138578	0.00079818	-0.00167175
0.551385	-0.321377	0.184891	-0.000968796	-0.00014485	-0.000338009
0.551384	-0.321374	0.184886	-0.00110111	0.000876231	-0.0016313
0.551383	-0.321374	0.184886	-0.000847664	0.000668647	-0.00122987
0.551384	-0.321376	0.184889	-0.000224218	-0.000448849	0.000430065
0.551383	-0.321376	0.184887	-0.000561573	-4.51176e-05	-0.000688029
0.551387	-0.321374	0.184892	0.000730448	0.000666717	0.00107905
0.551383	-0.321376	0.184888	-0.000807082	-0.000124122	-0.000627906
0.551385	-0.321373	0.184885	0.000159284	0.00081464	-0.00156265
0.551383	-0.321376	0.184888	-0.000634022	-0.00036543	7.16343e-05
0.551382	-0.321373	0.184881	-0.000503629	0.00117496	-0.00212533
0.551385	-0.321375	0.184889	0.000552903	0.000243194	0.00104631
0.551383	-0.321377	0.184887	-0.000277762	-0.000777575	0.000144838
0.551385	-0.321373	0.184887	0.000333288	0.000494496	4.61268e-05
0.551385	-0.321375	0.184892	0.000305299	0.000204165	0.00149714
0.551384	-0.321375	0.184885	-9.99052e-05	-0.000283254	-0.00127116
0.551383	-0.321378	0.184889	-0.000298923	-0.000739267	0.000565663
0.551385	-0.321373	0.184885	0.000141597	0.000704683	-0.000840311
0.551386	-0.321372	0.184887	0.000485955	0.000804231	6.68354e-05
0.551382	-0.321375	0.184885	-0.00113445	-0.000575428	-0.000709822
0.551385	-0.321375	0.18489	0.00051931	-0.000453578	0.00120172
0.551381	-0.321379	0.184885	-0.00101309	-0.00148361	-0.00072751
0.551387	-0.32137	0.18489	0.00108124	0.00192582	0.000916788
0.551383	-0.321374	0.184884	-0.000472266	6.03652e-05	-0.00117481
0.551384	-0.321374	0.184888	0.000894886	-0.000351829	0.00122985
0.551384	-0.321374	0.184891	0.000925358	-0.000375129	0.00206887
0.551385	-0.321375	0.184889	0.000734039	-0.000352026	0.000644038
0.551383	-0.321377	0.184889	0.000324215	-0.000720185	0.000508904
0.551385	-0.321371	0.184884	0.000504687	0.00133113	-0.00124521
0.551386	-0.321372	0.184887	0.000766203	0.000638568	0.000145138
0.551387	-0.321373	0.18489	0.000950276	8.47939e-05	0.00112232
0.551386	-0.321371	0.184886	0.000168486	0.00044126	-0.000789732
0.551381	-0.321377	0.184884	-0.00134168	-0.00155582	-0.000883763
0.551385	-0.321373	0.184888	0.000461788	5.876e-05	0.000977305
0.551382	-0.321373	0.184885	-0.00063434	7.06662e-05	-0.000695819
0.551386	-0.321373	0.184891	0.000674763	4.80281e-05	0.00145174
0.551386	-0.321373	0.184886	0.000609966	0.000515388	-0.000466776
0.551386	-0.321372	0.184887	0.000342741	0.000503378	-3.17994e-05
0.551381	-0.321378	0.184884	-0.00136752	-0.00141051	-0.00100672
0.551384	-0.321373	0.184886	0.000135314	0.000458012	-1.73502e-05
0.551386	-0.321374	0.184891	0.000520689	1.22834e-05	0.00145779
0.551386	-0.321373	0.184889	0.00014806	5.2459e-05	0.000438414
0.551384	-0.321372	0.184884	-0.000464801	0.000328646	-0.00127201
0.551386	-0.321371	0.184888	0.000582672	0.00108687	0.000387199
0.551384	-0.321375	0.184886	-0.000486893	-0.000832064	-0.000591739
0.551384	-0.321373	0.184886	-0.000222858	6.46757e-05	-0.000187323
0.551387	-0.321372	0.184889	0.000825632	0.000719742	0.000861478
0.551385	-0.321372	0.184884	-8.82896e-05	0.000204279	-0.00120682
0.551384	-0.321375	0.184887	-0.0003927	-0.000922969	0.000346922
0.551383	-0.321376	0.184887	-0.000619695	-0.00111168	0.000180539
0.551383	-0.321376	0.184886	-0.000653623	-0.00061169	-0.000185094
0.551382	-0.321377	0.184888	-0.000290735	-0.000427001	0.000459043
0.551385	-0.321373	0.184883	0.000404191	0.000563728	-0.00135325
0.551386	-0.321374	0.184892	0.000730973	0.000194103	0.00228573
0.551384	-0.321374	0.184888	-0.000301155	-7.72707e-05	5.03052e-06
0.551383	-0.321374	0.184887	-0.000485934	0.000122969	-0.000358323
0.551385	-0.321373	0.184888	0.000217071	0.000343911	0.000127331
0.551386	-0.321374	0.18489	0.000718513	-0.000110412	0.000807006
0.551382	-0.321375	0.184889	-0.00077602	-0.000563678	6.14187e-05
0.551385	-0.321373	0.184889	0.000474902	0.000392596	0.000120281
0.551385	-0.321369	0.184881	0.000118236	0.00160652	-0.00260891
0.551388	-0.321367	0.184888	0.00118778	0.00182873	0.000648659
0.551384	-0.321372	0.184883	-0.000753243	-0.000611894	-0.0013446
0.551384	-0.321372	0.184889	-2.03334e-05	-1.14692e-05	0.00111158
0.551387	-0.321375	0.184891	0.000730022	-0.00105152	0.0015655
0.551384	-0.321373	0.184886	-0.000449208	-9.96636e-05	-0.000613026
0.551385	-0.321373	0.184887	-2.64708e-05	-0.0002629	-4.26281e-05
0.551381	-0.321376	0.184883	-0.00131932	-0.000752694	-0.00137184
0.551384	-0.321376	0.184887	0.000277093	-0.000505827	0.000169442
0.551386	-0.321371	0.184888	0.000661122	0.0012515	0.000593334
0.551387	-0.32137	0.184887	0.000604349	0.000792085	0.00012814
0.551383	-0.321376	0.184887	-0.000448857	-0.000930207	8.06943e-05
0.551385	-0.321372	0.184888	0.000132092	0.000386527	0.000345046
0.551388	-0.321373	0.184894	0.000923845	-0.000119278	0.00210378
0.551385	-0.321375	0.18489	-0.000204187	-0.000278072	-0.000143172
0.551385	-0.321371	0.184886	5.5687e-05	0.00107874	-0.00104871
0.551387	-0.321374	0.184892	0.000546481	-0.000278624	0.00120802
0.551382	-0.321372	0.18488	-0.00153698	0.000296722	-0.00301332
0.551382	-0.321376	0.184882	-0.000910952	-0.00125919	-0.0015444
0.551386	-0.321374	0.184888	0.00036019	-6.3461e-05	0.000778912
0.551385	-0.321371	0.184885	0.000122282	0.000635353	-0.000406619
0.551384	-0.321373	0.184886	-8.58047e-05	-7.96079e-05	0.000293128
0.551387	-0.321374	0.184891	0.000920096	-0.000636569	0.00187122
0.551383	-0.321376	0.184887	-0.00163338	-0.000762318	-0.000898525
0.551386	-0.321375	0.18489	-0.000467014	-0.000216429	0.000285337
0.551381	-0.321376	0.184885	-0.00163433	-3.17868e-05	-0.00154203
0.551386	-0.321374	0.184891	0.00030374	0.000466979	0.000900104
0.551385	-0.321372	0.184888	-1.20985e-05	0.00100537	-0.000404625
0.551383	-0.321372	0.184885	-0.000748772	0.000383893	-0.00124044
0.551385	-0.321371	0.184888	0.000168579	0.000561029	8.16794e-05
0.551385	-0.321375	0.184891	-6.63392e-05	-0.000895158	0.00101956
0.551386	-0.321373	0.184889	0.000181158	8.89306e-05	6.89873e-05
0.551385	-0.321375	0.184889	-0.000213672	-0.000443106	1.51962e-05
0.551385	-0.321375	0.184885	-0.00018684	-0.000258254	-0.00138672
0.551384	-0.321375	0.184887	-0.000222479	-0.000162315	-0.000123892
0.551387	-0.32137	0.18489	0.000650364	0.00138366	0.000741959
0.551381	-0.321376	0.184883	-0.00105954	-0.000810686	-0.00129348
0.551382	-0.321374	0.184887	-0.000629964	0.000100313	0.000190345
0.551386	-0.32137	0.184885	0.000953076	0.00119789	-0.000534578
0.551385	-0.321373	0.184886	0.000135982	-0.000210974	0.000180438
0.551386	-0.321375	0.184891	0.000685859	-0.000440767	0.00171086
0.551382	-0.321378	0.184887	-0.00104774	-0.00149306	-0.000480308
0.551383	-0.321377	0.184891	-0.000274619	-0.000541703	0.00114576
0.551384	-0.321373	0.184888	0.000192881	0.000773364	-0.000392392
0.551384	-0.321374	0.184885	-0.000178816	-1.03354e-05	-0.00113575
0.551385	-0.321373	0.184889	0.000399025	0.000393832	0.000398612
0.551383	-0.321376	0.184884	-0.00061032	-0.000536877	-0.00146523
