Xl_x	Xl_y	Xl_z	Vl_x	Vl_y	Vl_z
0.526515	-0.0055362	0.319718	-2.23411e-06	0.000275579	-0.000230372
0.526524	-0.005587	0.319741	-0.000925359	-0.000734866	-0.000673739
0.526526	-0.00558561	0.319742	-0.000361831	3.28731e-06	-0.000527869
0.526525	-0.0055803	0.319741	-0.000253886	0.00140792	-0.000377412
0.526525	-0.00558381	0.31974	-0.000211708	2.0702e-05	-0.000752622
0.526525	-0.00558449	0.319739	-0.000459199	-0.000479167	-0.00090135
0.526526	-0.00558674	0.319746	1.01607e-05	-0.000806707	0.00119339
0.526526	-0.00558554	0.319741	-3.23497e-05	-5.06083e-05	-0.000625968
0.526526	-0.00558559	0.319745	-4.57014e-06	-2.35382e-05	0.000504871
0.526527	-0.00558566	0.319744	0.000311874	-2.79356e-05	0.000302361
0.526525	-0.00558858	0.319742	-0.000423293	-0.000986435	-0.000156204
0.526525	-0.00559136	0.319741	-0.000271909	-0.00158428	-0.00051287
0.526527	-0.00559298	0.319744	0.000669104	-0.0015978	0.00078559
0.526525	-0.00559154	0.319742	-0.000431331	-0.000582028	-0.000194983
0.526525	-0.00559004	0.31974	-0.00197088	0.000118165	-0.0032553
0.526526	-0.0055886	0.319744	-0.00122149	0.000560707	-0.00112273
0.526526	-0.00558712	0.319742	-0.00121107	0.000866284	-0.0017172
0.526527	-0.00559006	0.319746	-0.00030739	-0.000400455	-5.55816e-05
0.526525	-0.0055886	0.319742	-0.000910833	0.000219669	-0.00136539
0.526526	-0.00558892	0.319745	-0.000642583	-0.000331835	-5.26276e-05
0.526525	-0.00559113	0.319741	-0.000794512	-0.000709409	-0.00139982
0.526526	-0.00559138	0.319745	-0.000239112	-0.000475408	0.000345208
0.526526	-0.00559279	0.319742	-0.000112514	-0.000758307	-0.000650519
0.526527	-0.00559317	0.319749	0.000150479	-0.00099666	0.00175933
0.526527	-0.00559441	0.319749	0.000366909	-0.00119636	0.00104943
0.526525	-0.00559527	0.319742	-0.000647224	-0.000753751	-0.00141525
0.526525	-0.00559539	0.319745	-0.000455416	-5.75838e-05	-0.000492474
0.526527	-0.00559476	0.319745	0.000273364	-4.14603e-05	-5.20797e-05
0.526527	-0.00559585	0.319748	0.000231992	-0.000461812	0.000963586
0.526527	-0.00559728	0.319746	8.80477e-05	-0.000805194	-0.000360442
0.526527	-0.00559449	0.319746	0.000363405	0.00038366	0.000137739
0.526527	-0.00559722	0.319746	0.000200986	-0.000657312	6.91736e-05
0.526526	-0.00559578	0.319742	-0.000437937	4.29402e-05	-0.00114318
0.526527	-0.00560017	0.319745	6.37686e-05	-0.00143719	0.000114285
0.526527	-0.00559724	0.319749	0.000310257	1.8987e-05	0.0013862
0.526527	-0.00559593	0.319745	0.000220016	0.00044906	-3.15853e-05
0.526528	-0.00559726	0.31975	0.000208511	-0.000142387	0.00146948
0.526525	-0.00559722	0.319745	-0.000841488	-8.22836e-05	-0.00120383
0.526525	-0.00560014	0.319748	-0.000313401	-0.00102712	0.000510507
0.526526	-0.0055959	0.319746	-0.000142706	0.000725699	-0.00010191
0.526526	-0.00560128	0.319745	0.000162539	-0.000933799	-0.000653822
0.526526	-0.00559906	0.319746	9.57523e-05	-0.000132901	2.93049e-05
0.526527	-0.00560467	0.319748	0.000119134	-0.00204171	0.000560316
0.526527	-0.00560166	0.31975	0.000114199	-0.000384682	0.00134452
0.526525	-0.00560165	0.319748	-0.000267339	-0.000264039	-2.56428e-07
0.526525	-0.00560568	0.319746	-0.000167124	-0.00114944	-0.00046269
0.526526	-0.00560491	0.319747	0.000122274	-0.000757486	2.89865e-05
0.526525	-0.00559994	0.319747	-0.00045027	0.00144212	-0.00024368
0.526526	-0.00560496	0.31975	0.000286214	-0.000987438	0.00110387
0.526526	-0.00560435	0.319751	0.000241816	-0.00017642	0.00124446
0.526526	-0.00560462	0.319749	0.000102962	-0.000113254	-0.000171711
0.526527	-0.00560473	0.319753	0.000348227	-7.97511e-05	0.000738819
0.526528	-0.00560658	0.319757	0.000543596	-0.00103461	0.00185642
0.526527	-0.0056073	0.319755	5.30272e-05	-0.000674993	0.000364095
0.526527	-0.0056061	0.319752	-0.000226897	3.43192e-05	-0.000122633
0.526527	-0.00560324	0.319754	-9.49115e-05	0.00100247	0.000426803
0.526527	-0.00560364	0.319755	0.000195015	0.000170768	0.000647065
0.526527	-0.00560734	0.319753	-0.000177715	-0.00086609	4.82251e-05
0.526527	-0.00560318	0.319753	-8.14001e-05	0.000891392	-0.000432752
0.526527	-0.00560035	0.319755	-5.32823e-05	0.00156635	0.00065708
0.526527	-0.00560586	0.319758	-4.79841e-06	-0.000409985	0.000956294
0.526527	-0.00560107	0.319755	-8.11771e-05	0.000702931	-0.000388864
0.526528	-0.00560306	0.319759	0.000292469	-2.55919e-05	0.00112484
0.526527	-0.00559916	0.319754	-9.48804e-05	0.000965177	-0.00107162
0.526528	-0.00560291	0.319758	0.000248074	-0.00033985	0.000644621
0.526529	-0.00559876	0.319763	-0.000557916	0.00126041	0.00146723
0.526528	-0.00560326	0.31976	-0.00079593	-0.000627072	-0.000443797
0.52653	-0.00560003	0.319762	1.44904e-05	0.00104443	0.000421441
0.526529	-0.00560187	0.319757	-0.000366043	0.000209565	-0.00111483
0.526528	-0.00559794	0.319759	-0.000573	0.00111942	-0.000205523
0.526528	-0.00560202	0.319761	-0.000382725	-0.000723073	0.000355304
0.526529	-0.00559899	0.319759	4.11269e-05	0.00049172	-0.000345906
0.526528	-0.00560298	0.319759	-0.000283206	-0.000640624	-0.000135023
0.526529	-0.00560223	0.31976	9.68725e-05	-0.000429118	0.000284417
0.526529	-0.00560051	0.319762	7.33829e-05	0.00020322	0.000671013
0.52653	-0.00559708	0.319764	0.000397572	0.00160025	0.00133859
0.526528	-0.0056004	0.319759	-0.000335627	9.0622e-05	-0.000832862
0.526529	-0.00559906	0.319763	2.07429e-06	0.00054948	0.000727486
0.52653	-0.00559668	0.319761	0.000309686	0.000801484	-8.65272e-05
0.526529	-0.00559594	0.319762	-7.52973e-05	0.00103389	4.31315e-05
0.526529	-0.00559774	0.319762	-2.693e-05	0.000196922	5.26413e-05
0.526529	-0.00559667	0.319759	-4.36636e-05	0.000130232	-0.000941665
0.526529	-0.00559193	0.319762	9.98805e-06	0.00154399	0.000347455
0.52653	-0.0055933	0.319764	0.000531531	0.00053332	0.000951787
0.52653	-0.00559175	0.319763	9.5659e-05	0.000858698	0.000271621
0.526528	-0.00559467	0.319761	-0.000541522	-0.000405262	-0.000585506
0.526531	-0.00559455	0.319765	0.000531129	-0.000229209	0.000768362
0.526529	-0.00558993	0.319763	-0.00223417	0.00176685	-0.00240544
0.526528	-0.00558805	0.319765	-0.00196616	0.00118144	-0.00130663
0.52653	-0.00559295	0.31976	-0.000884639	-0.000676645	-0.00262484
0.526529	-0.00558985	0.31976	-0.000954492	0.00101025	-0.00177558
0.52653	-0.00558737	0.319763	-0.00038788	0.00164356	-0.000407461
0.52653	-0.00558783	0.319761	-0.000311421	0.000618362	-0.00128695
0.52653	-0.00558604	0.319763	-0.00028187	0.000901244	1.3007e-05
0.52653	-0.00559001	0.319761	-0.00021917	-0.000385828	-0.000975904
0.526532	-0.00558637	0.319764	0.000414765	0.000717718	0.000551373
0.52653	-0.00558495	0.319764	-0.000259143	0.000474809	0.000108115
0.52653	-0.00558555	0.319763	-0.000248896	0.000333215	9.95614e-06
0.52653	-0.0055858	0.319765	-0.000102685	1.69651e-05	0.000527919
0.52653	-0.00558732	0.31976	-0.000181455	-0.000488235	-0.00116681
0.526531	-0.00558181	0.319768	0.000502583	0.00113046	0.00190824
0.526529	-0.00558001	0.319762	-0.000486781	0.00122468	-0.000794944
0.526533	-0.00558148	0.319764	0.000737887	0.000279118	-3.33394e-05
0.526529	-0.0055857	0.319762	-0.000626382	-0.00123882	-0.000538635
0.526531	-0.00558534	0.319764	0.000180457	-0.000339664	0.000407447
0.526531	-0.00558587	0.319763	0.000136192	-0.000283147	-0.000192909
0.526532	-0.00558474	0.319764	0.000357485	-0.000148691	0.000230684
0.526532	-0.00558436	0.319765	0.000280082	-8.59852e-05	0.000663441
0.526533	-0.00558431	0.319765	0.000726001	-7.63758e-05	0.000214229
0.526531	-0.00558423	0.319764	-0.000162415	-3.88831e-05	-0.000191421
0.52653	-0.00558825	0.31976	-0.00066507	-0.00119251	-0.001339
0.526532	-0.00558166	0.319766	0.00049317	0.00113421	0.00123724
0.526531	-0.00558873	0.319765	-0.000291969	-0.00169515	5.82884e-05
0.526532	-0.0055828	0.319764	0.000110706	0.000811348	-6.8513e-05
0.526532	-0.0055828	0.319762	9.12418e-05	0.000523976	-0.000508694
0.526532	-0.00558533	0.319764	4.24724e-06	-0.000128383	0.000100631
0.526533	-0.00558572	0.319769	0.000655448	-9.74006e-05	0.00183712
0.526533	-0.00558324	0.319765	0.000405405	0.000424955	-0.000236735
0.526531	-0.00558585	0.319764	-0.00060754	-0.000699233	-0.000333862
0.526532	-0.00558295	0.319766	0.000199381	0.000461987	0.000546132
0.526532	-0.00558822	0.319766	0.000117919	-0.00110937	0.000366485
0.526531	-0.00558716	0.319765	-0.000213672	-0.000252475	-0.00014611
0.526531	-0.00558474	0.319761	-0.000458998	0.000328911	-0.00145888
0.526533	-0.00558882	0.319763	0.000260689	-0.00126237	-0.000684556
0.526532	-0.00558426	0.319765	-8.3341e-05	0.000635129	0.000131519
0.526532	-0.0055879	0.319765	-3.09775e-05	-7.67078e-05	0.000107887
0.52653	-0.0055919	0.319765	-0.000699742	-0.0015005	0.000210769
0.526531	-0.00559329	0.31976	-0.000159821	-0.00150241	-0.00137518
0.526532	-0.00559175	0.319765	0.000548013	-0.000501068	0.000852889
0.526531	-0.00559176	0.319761	4.33472e-05	-0.000343023	-0.000792878
0.526534	-0.00558771	0.319763	0.000591542	0.000748931	-0.000272855
0.526531	-0.00558587	0.319761	-0.000480248	0.000986395	-0.000853102
0.526532	-0.00559159	0.319762	-4.33208e-05	-0.00129055	-0.000175901
0.526534	-0.00559009	0.319766	0.000580073	-0.000568905	0.00113942
0.526531	-0.00559119	0.319764	-0.000480974	-0.000391504	0.000576347
0.526532	-0.0055947	0.319763	-9.6758e-05	-0.0016942	-0.000224525
0.526532	-0.00558433	0.319765	-0.000268079	0.00223605	0.000456655
0.526531	-0.00559303	0.319764	-0.000222074	-0.00144659	-0.00017867
0.526532	-0.00559009	0.319762	-0.0001201	1.84164e-06	-0.000584427
0.526532	-0.0055912	0.319762	-8.01978e-05	-3.54915e-06	-0.000392038
0.526532	-0.00559303	0.319766	0.000169538	-0.000490765	0.00103423
0.526531	-0.00559023	0.319762	-0.000134872	0.000645275	-0.000628731
0.526531	-0.00559056	0.319761	-6.51355e-05	-6.45057e-05	-0.000394102
0.526532	-0.00558695	0.319765	-0.000823359	0.00144615	-0.000227736
0.526531	-0.00559162	0.319765	-0.000902473	-0.000503099	-8.46246e-05
0.526532	-0.00559317	0.319765	-0.000386823	-0.000820612	-0.000207885
0.526533	-0.00559285	0.319765	-4.2092e-06	-5.9471e-05	0.000210164
0.526532	-0.00559099	0.319765	-0.000306795	-3.95825e-05	-0.000252875
0.526532	-0.00559005	0.319761	-0.000293705	0.000456355	-0.00167577
0.526532	-0.00558761	0.319767	-0.000480829	0.000802342	0.000895976
0.526535	-0.0055899	0.319768	0.000589919	3.64816e-05	0.000817024
0.526534	-0.00559161	0.319766	7.93532e-05	-0.000457146	0.000152784
0.526534	-0.00558915	0.319769	7.36402e-05	0.000173321	0.00106636
0.526532	-0.00558846	0.319765	-0.000337893	0.000604488	-0.000705994
0.526532	-0.00558462	0.319768	-0.00019503	0.00139534	0.000501542
0.526534	-0.00558842	0.319767	0.00045969	-5.93301e-05	0.000154741
0.526533	-0.00558902	0.319769	-7.8424e-06	-0.000519472	0.000668361
0.526534	-0.00559022	0.319766	0.000247939	-0.000842714	-0.000634246
0.526535	-0.00558864	0.319766	0.000487855	-6.64088e-05	-0.000500908
0.526533	-0.0055857	0.319768	-0.000193634	0.000925724	0.000375667
0.526534	-0.00558537	0.319767	9.94732e-05	0.00129457	9.93264e-05
0.526532	-0.00558865	0.319765	-0.000538985	-9.45249e-05	-0.00070301
0.526533	-0.00558877	0.319768	1.37723e-05	-4.77028e-05	0.000452575
0.526537	-0.00558882	0.319772	0.00093467	-2.21478e-05	0.00148365
0.526536	-0.00558771	0.319771	0.000589127	-8.32867e-06	0.000961011
0.526534	-0.00558477	0.319768	-0.000272955	0.000481432	-0.000666686
0.526535	-0.00558683	0.319768	-0.000165473	-0.000153234	-0.000902223
0.526535	-0.00558818	0.319768	-6.82676e-05	-0.000105036	-9.34085e-05
0.526533	-0.00558747	0.319763	-0.000431013	-6.08241e-05	-0.00146948
0.526534	-0.0055829	0.319769	9.55789e-05	0.00140928	0.00088792
0.526534	-0.00558721	0.319768	-0.00021887	-0.000516662	0.00023622
0.526533	-0.00558276	0.319765	-0.000184918	0.0011297	-0.000845913
0.526536	-0.00558284	0.31977	0.000810792	0.00074517	0.00110336
0.526533	-0.00558001	0.319765	-0.000681196	0.00142582	-0.00131734
0.526535	-0.00558277	0.31977	0.000455505	0.000218386	0.00125198
0.526534	-0.00557983	0.319772	-0.000225868	0.00114158	0.00105959
0.526534	-0.00558145	0.319769	5.29978e-05	0.000231562	7.28159e-05
0.526534	-0.00557964	0.319772	0.000104032	0.00114054	0.00104748
0.526534	-0.00558315	0.319768	-0.000267322	-0.000648579	-0.000660742
0.526535	-0.0055801	0.319771	0.000392631	0.000504124	0.000305203
0.526535	-0.00558539	0.319773	7.15075e-05	-0.00107623	0.000867337
0.526535	-0.00557751	0.319771	2.6931e-05	0.00167393	6.23939e-05
0.526534	-0.0055784	0.319772	1.84082e-07	0.00111823	0.000504492
0.526535	-0.00558042	0.319774	0.000328267	-0.000225565	0.00118612
0.526535	-0.00557865	0.319771	0.000200819	0.000343384	-0.000136361
0.526533	-0.00557712	0.319769	-0.000718607	0.00400484	-0.00126642
0.526536	-0.00557852	0.319772	0.000695875	0.00246683	0.000211144
0.526535	-0.00557562	0.319773	0.000203281	0.00281426	0.000725222
0.526535	-0.00557741	0.319773	9.70191e-05	0.00106113	0.000464919
0.526535	-0.00557673	0.31977	-0.000220747	0.00131997	-0.00103431
0.526536	-0.00557839	0.319773	0.000140545	0.000480655	0.000653711
0.526535	-0.00558126	0.31977	-0.000173615	-0.000548269	-0.000877902
0.526535	-0.0055785	0.319774	-0.000167391	0.000614071	0.000753567
0.526537	-0.00558243	0.319773	0.000547808	-0.000486397	0.000422232
0.526534	-0.00558145	0.319767	-0.000579949	0.000151272	-0.00187675
0.526537	-0.00558195	0.319772	0.000546311	-0.000374878	0.000421304
0.526537	-0.00558017	0.31977	0.000344871	0.00024734	-0.000697531
0.526536	-0.00558103	0.319771	-0.000106028	0.000227797	7.47296e-05
0.526535	-0.00558177	0.319774	-0.000347601	0.00298043	0.000600658
0.526536	-0.0055772	0.319772	-0.000162301	0.00368837	-4.32334e-05
0.526536	-0.00558245	0.319773	0.000124975	0.00125941	0.000797986
0.526534	-0.00558024	0.31977	-0.000428678	0.00166955	-0.00114472
0.526536	-0.00558012	0.31977	0.000297672	0.00120199	-0.000478108
0.526535	-0.00558001	0.319771	-8.53842e-05	0.00090933	-0.000216812
0.526534	-0.00557999	0.31977	-0.000404936	0.000680098	-9.05988e-05
0.526536	-0.00558277	0.319773	0.000315497	-0.000419642	0.000712936
0.526535	-0.00558241	0.319771	-0.000127317	0.000256845	-0.000426309
0.526536	-0.00557925	0.319772	0.000251028	0.000631459	0.000126697
0.526536	-0.00558107	0.319773	0.00020522	5.30307e-06	0.000594943
0.526536	-0.0055827	0.319769	0.000107372	-0.000467205	-0.000576931
0.526535	-0.00558275	0.31977	-0.000243298	-0.000295672	-0.000304943
0.526535	-0.00558243	0.31977	-0.000126978	0.000300261	-0.000183127
0.526534	-0.00558319	0.319768	-0.000462917	-0.000273287	-0.00104132
0.526536	-0.00558034	0.319771	0.000337096	0.000303777	0.000587915
0.526536	-0.00558114	0.319771	0.000190583	0.000159393	0.000368882
0.526535	-0.00558134	0.319766	-0.000173192	0.000113513	-0.00157806
0.526535	-0.00557981	0.319769	-0.00034045	0.000611222	4.401e-05
0.526533	-0.00558419	0.319767	-0.000836798	-0.0010424	-0.000736987
0.526537	-0.00557999	0.319772	0.00061622	0.000713004	0.00102594
0.526536	-0.00558275	0.319769	0.000121567	-0.000445957	-0.000164524
0.526536	-0.00557852	0.319769	0.000353926	0.00130712	-0.000239527
0.526535	-0.00557983	0.319771	-4.12142e-05	0.000450777	0.000430631
0.526534	-0.00557852	0.319769	-0.000319921	0.000754156	-9.8495e-05
0.526535	-0.00558146	0.31977	7.38724e-05	-0.000469354	0.000324754
0.526536	-0.00558132	0.319768	0.000288821	-0.000259697	-0.000401698
0.526536	-0.00557852	0.319768	0.00018969	-0.00250897	-0.000716475
0.526535	-0.00558148	0.319766	-0.000120271	-0.00292629	-0.000808942
0.526534	-0.00557983	0.319765	-0.000361595	-0.00160516	-0.00044075
0.526534	-0.00557982	0.319766	-9.00379e-06	-0.00121664	4.44128e-05
0.526535	-0.00558275	0.319768	5.95131e-05	0.00140748	0.000529192
0.526536	-0.00557855	0.31977	0.000311415	0.00252899	0.000224436
0.526537	-0.00558131	0.319773	0.000287705	0.000910382	0.00117292
0.526536	-0.00557986	0.31977	0.000406982	0.00119559	0.000140583
0.526533	-0.00558276	0.319764	-0.000678948	-0.000284185	-0.00157198
0.526535	-0.00558113	0.319767	-9.93098e-05	0.00077101	-0.000151717
0.526535	-0.00558295	0.319763	-7.76976e-05	6.70724e-05	-0.00154016
0.526533	-0.00557753	0.319762	-0.000933489	0.00154378	-0.00123524
0.526533	-0.00558015	0.319762	-0.000347492	6.47353e-05	-0.000923573
0.526535	-0.00557859	0.319767	0.000358884	0.000538952	0.00110336
0.526533	-0.00557998	0.319762	-0.000350936	-0.00010627	-0.000981246
0.526533	-0.00558145	0.319762	-0.000239146	-0.000556536	-0.000654217
0.526534	-0.00558	0.319764	0.000142956	0.000116388	-5.30274e-05
0.526533	-0.00558129	0.319758	-0.000213306	-0.000348769	-0.00186217
0.526532	-0.00558275	0.31976	-0.000735144	-0.000717185	-0.000568987
0.526533	-0.00557998	0.319761	-0.000152999	0.000450084	2.6445e-05
0.52653	-0.00558387	0.319753	0.000264417	-0.000640353	-0.00145478
0.526531	-0.00558315	0.319755	0.000857307	-0.000434303	-0.000133488
0.526532	-0.00558435	0.319756	0.000597614	-0.00077178	-6.31128e-05
0.526531	-0.00557989	0.319757	0.000240952	0.00094359	0.000135402
0.526533	-0.00558132	0.319757	0.00071075	0.000145125	0.00035773
0.526531	-0.00558423	0.319754	-8.22488e-05	-0.000878083	-0.000972087
0.526532	-0.00557998	0.319757	0.000332509	0.000830049	0.000749096
0.526531	-0.0055813	0.319753	-0.000119465	0.000114278	-0.000873089
0.526531	-0.00558424	0.319752	-0.000324317	-0.000905292	-0.00139636
0.52653	-0.00558568	0.319755	-0.000536805	-0.00108245	0.000108215
0.526532	-0.00558716	0.319757	0.000238048	-0.00121678	0.000850606
0.52653	-0.00558423	0.319755	-9.35128e-05	0.000165021	0.000202962
0.526529	-0.00558567	0.319748	-0.000438877	-0.000368226	-0.0021707
0.52653	-0.00558576	0.31975	-0.000278938	-0.000254797	-0.00100592
0.52653	-0.00558425	0.319753	-0.000187974	0.00031943	0.000278946
0.526527	-0.00558278	0.319747	0.000364339	0.000680939	-0.00072841
0.526529	-0.00558275	0.319752	0.000622625	0.000462666	0.000919373
0.52653	-0.00558567	0.319755	0.00107746	-0.000666952	0.00192162
0.526529	-0.00558179	0.319747	0.000432182	0.000473334	-0.000967843
0.526529	-0.00558385	0.319752	0.000322331	-0.000122706	0.000772259
0.52653	-0.00558265	0.319747	0.000233578	0.000402857	-0.00134417
0.526529	-0.00558382	0.31975	0.000178488	0.000275224	0.000509161
0.526529	-0.00558604	0.319752	0.000136515	-0.000793483	0.000839158
0.526528	-0.0055858	0.319747	-0.000196409	-0.000529039	-0.00120445
0.52653	-0.00558683	0.319753	-0.000798013	-0.000331883	0.000243179
0.52653	-0.00558316	0.31975	-0.000324512	0.00405227	-0.000532426
0.526529	-0.0055829	0.319752	-0.000546119	0.00298144	0.000191161
0.526531	-0.00558575	0.319754	-8.99511e-05	0.00121611	0.000500674
0.526529	-0.00558422	0.319751	-0.000426348	0.00146599	-0.000588588
0.526531	-0.00558572	0.319754	0.000323243	0.000589165	0.000872074
0.52653	-0.00558129	0.31975	-0.000138904	0.00195481	-0.000822298
0.526529	-0.00558278	0.319748	-0.000356041	0.000871157	-0.00133347
0.526529	-0.00558423	0.319751	1.65654e-05	0.00014755	0.000855236
0.52653	-0.00558533	0.319752	2.12908e-05	0.000144088	9.86213e-05
0.526531	-0.00558167	0.319754	0.000298281	0.00109492	0.000909545
0.52653	-0.00558304	0.319751	-0.00109008	0.000226076	-0.000997132
0.526531	-0.00558573	0.319752	-0.000277211	-0.000758411	-0.000474598
0.526531	-0.00557838	0.319757	-0.000219344	0.00194859	0.00106445
0.52653	-0.00558569	0.319751	-0.000526242	-0.00113165	-0.00114548
0.526533	-0.00558134	0.319758	0.000576981	0.000703666	0.00136107
0.526532	-0.00558425	0.319757	-0.000333731	-0.000497264	0.000531664
0.526532	-0.00558716	0.319756	-0.000232358	-0.00129509	-0.00012166
0.526532	-0.00558146	0.319756	-0.00012074	0.00103898	-7.2922e-05
0.526533	-0.00558131	0.319755	0.000478168	0.000744134	-0.000264806
0.526533	-0.00558423	0.319754	-2.7693e-05	-0.000475878	-0.000586665
0.526531	-0.00558278	0.319755	-0.000590263	0.000169505	-0.000196275
0.526532	-0.00558567	0.319755	-0.000145049	-0.000852393	0.000230296
0.526532	-0.0055857	0.319753	0.000235948	-0.000575786	-0.000391553
0.526533	-0.00558131	0.319754	0.000437181	0.00107991	9.49243e-05
0.526533	-0.00558132	0.319757	0.000280063	0.00071704	0.00101211
0.526534	-0.00558683	0.319758	0.000203457	-0.000986238	0.000703839
0.526531	-0.00558571	0.319756	-0.000697663	-0.000159309	0.000310125
0.526534	-0.005586	0.31976	0.000413191	-0.000158328	0.00087727
0.526533	-0.00558625	0.319757	-6.95351e-05	-0.000548882	-0.000311815
0.526534	-0.00558296	0.319759	0.000272946	0.000608837	0.000660425
0.526533	-0.00558297	0.319762	0.000205761	0.000363996	0.00141831
0.526535	-0.00558423	0.319758	0.00067781	-0.000193572	-0.000237737
0.526532	-0.00558424	0.319759	-0.000670885	-0.00013584	-0.000212055
0.526532	-0.00557852	0.319758	-0.000206078	0.00181643	-0.000299213
0.526532	-0.00558128	0.319758	-0.000398474	0.000289681	-6.93136e-05
0.526534	-0.0055813	0.319761	0.000295046	0.000186222	0.000699413
0.526533	-0.00558242	0.319757	-9.1482e-05	0.000123839	-0.000869783
0.526532	-0.00558315	0.31976	-0.000326773	-0.000408087	0.00049837
0.526534	-0.00558436	0.319761	9.2178e-05	-0.0007562	0.000257319
0.526532	-0.00558135	0.31976	-0.00131566	0.000485405	-0.000562454
0.526532	-0.00557999	0.319758	-0.000937457	0.000768563	-0.000902753
0.526532	-0.00557853	0.319758	-0.000654863	0.000995724	-0.000630599
0.526531	-0.00558567	0.319757	-0.000552569	-0.00171718	-0.000960447
0.526534	-0.00558278	0.319764	0.000266606	-0.000180032	0.00158494
0.526531	-0.00557984	0.319759	-0.000778269	-0.00245507	-0.000594684
0.526532	-0.00558128	0.319758	-0.000513492	-0.00239108	-0.000382701
0.526531	-0.00558424	0.319757	-0.00041646	-0.00278807	-0.000779132
0.526531	-0.00558568	0.319757	-0.000325793	-0.00249532	-0.000545158
0.526531	-0.00558273	0.319761	-0.000149881	-0.000797601	0.00111465
0.526531	-0.00558679	0.319757	-0.000154468	-0.00159697	-0.000722785
0.526532	-0.00558605	0.319759	0.00018877	-0.00113141	-9.96362e-05
0.52653	-0.00558268	0.319758	-0.000445781	0.000610901	-0.000354559
0.526531	-0.00558464	0.319759	-1.28536e-05	-0.000559238	0.000147315
0.526532	-0.00558987	0.319761	-1.40663e-05	-0.00186395	0.000589581
0.526531	-0.00558757	0.319757	-6.05693e-05	-0.000776248	-0.000608948
0.526531	-0.00558727	0.319761	-0.000302173	-0.000526194	0.000669079
0.526532	-0.00558865	0.319758	0.000315663	-0.00414988	-0.00022846
0.526531	-0.00559008	0.319755	-0.000183926	-0.00353645	-0.00155852
0.526531	-0.00558569	0.31976	3.28771e-05	-0.00111036	0.000979332
0.526531	-0.00559008	0.319758	0.000247209	-0.00236554	4.52949e-05
0.52653	-0.0055886	0.319756	-0.000396146	-0.00120189	-0.00072035
0.526532	-0.00559154	0.319762	0.000313531	-0.00187317	0.00124688
0.526531	-0.00558751	0.31976	-4.89104e-05	-0.000343783	0.000466108
0.52653	-0.00559231	0.319754	-0.000419994	-0.00125634	-0.00204666
0.526532	-0.00559473	0.319761	0.000340733	-0.00184778	0.000873085
0.526529	-0.00559162	0.319756	-0.000624817	-0.000280521	-0.000554361
0.526531	-0.00559415	0.319759	0.000172679	-0.000698549	0.000404061
0.52653	-0.00559046	0.319754	-0.000196646	0.000494884	-0.00109445
0.52653	-0.00559165	0.319759	-0.000129525	-0.000163707	0.000711601
0.52653	-0.00559303	0.319759	-6.15862e-05	-0.000606282	0.000499481
0.52653	-0.00559303	0.319757	-0.000317134	-0.000420498	-0.000515047
0.526532	-0.00559545	0.319758	0.000629876	-0.00072326	0.000302144
0.526529	-0.00559302	0.319758	-0.000467699	0.000446975	-4.1995e-06
0.52653	-0.00559628	0.319757	-4.18003e-05	-0.00112286	-0.000102983
0.526531	-0.00559431	0.319757	0.000296862	0.000169676	-0.000150567
0.52653	-0.00559774	0.319758	0.000165313	-0.00129784	0.000369539
0.52653	-0.00559562	0.319758	0.000120435	0.000105008	0.000243943
0.52653	-0.00559633	0.319756	-0.000234867	-0.000454483	-0.000713063
0.52653	-0.00559557	0.319756	-0.000120877	0.00023	-0.000450564
0.52653	-0.00559455	0.319757	-9.38502e-05	0.00058693	0.00016034
0.526531	-0.0055963	0.319759	0.000255073	-0.000536539	0.000522119
0.52653	-0.00559576	0.319759	-0.000437753	8.35854e-05	3.76466e-05
0.526532	-0.00559456	0.319758	0.000610722	0.000538765	0.000228561
0.52653	-0.00559596	0.319756	6.29494e-05	-7.86978e-05	-0.000741597
0.526531	-0.00559599	0.319758	0.000317803	-5.2804e-05	0.00035366
0.52653	-0.00559616	0.319756	-0.000349732	-8.87896e-05	-0.000514509
0.52653	-0.00559503	0.319756	-0.00020308	-5.48327e-05	-0.000320374
0.526531	-0.00559431	0.31976	0.000225483	0.000452215	0.00117576
0.526529	-0.00559454	0.319757	-0.000517297	0.000501025	-0.000525763
0.52653	-0.00559318	0.319756	9.34793e-06	0.000831889	-0.000402369
0.526531	-0.00559325	0.319758	0.000282258	0.000573624	0.000574972
0.526531	-0.00559064	0.319758	0.00011748	0.000877259	-0.000150302
0.526528	-0.00559282	0.319754	-0.000754813	0.000110935	-0.0012064
0.526529	-0.00559162	0.319755	-0.000230905	0.000559853	-0.000448588
0.526531	-0.00559172	0.319758	0.000483081	0.00037151	0.000987502
0.52653	-0.00559466	0.319755	0.000257309	-0.000721506	-0.000337767
0.52653	-0.00559176	0.319757	0.000194015	0.000492169	0.000257927
0.526531	-0.00559033	0.319758	0.000431709	0.000807276	0.000557525
0.526531	-0.00559176	0.319759	2.78992e-05	6.37562e-05	0.000501527
0.52653	-0.00559287	0.319755	-3.59421e-05	4.28084e-05	-0.000664169
0.52653	-0.00559066	0.319757	-0.000261657	0.000517859	0.000165327
0.52653	-0.00559333	0.319758	-0.00021459	-0.000624283	9.24266e-05
0.526531	-0.00559033	0.31976	-9.062e-05	0.000554756	0.000567354
0.526531	-0.00558772	0.319758	-9.74998e-05	0.000858689	-0.00013234
0.52653	-0.00558881	0.319758	-7.01879e-05	8.00762e-05	-8.58067e-05
0.526531	-0.00558868	0.319758	0.000250453	5.53024e-05	0.00032353
0.526532	-0.00558828	0.31976	0.00043586	0.000530702	0.000578221
0.52653	-0.0055901	0.319759	-0.000233201	-0.00013265	0.000150368
0.526529	-0.00559023	0.319758	-0.000452851	-9.19847e-05	-0.000285328
0.52653	-0.00558767	0.31976	-2.93288e-05	0.000431447	0.000172723
0.526531	-0.00558405	0.319763	0.000317622	0.0017466	0.00147178
0.526532	-0.00558433	0.319763	0.000526704	0.00115725	0.000901448
0.52653	-0.00558586	0.319763	-0.000521272	0.000289646	0.000424963
0.52653	-0.00559027	0.319758	-0.000114658	-0.00126943	-0.00127805
0.526531	-0.00558885	0.31976	0.000208043	-0.000369575	-5.9872e-06
0.526531	-0.00558736	0.31976	0.000174033	0.000251583	1.864e-05
0.52653	-0.00558333	0.319757	-0.000183421	0.00113897	-0.000865929
0.526532	-0.00558586	0.319763	0.000520489	-0.000209227	0.00119763
0.526531	-0.00558537	0.319762	-8.80953e-06	0.000355621	0.000364755
0.52653	-0.00558719	0.319762	-0.000266091	-0.000257439	0.000373009
0.526531	-0.00558584	0.319766	0.00014949	0.000314934	0.0016053
0.526531	-0.00558477	0.31976	5.04927e-05	0.000202926	-0.00088158
0.526531	-0.00558	0.319763	4.3681e-05	0.00160575	0.0003607
0.526531	-0.00558395	0.319759	1.64186e-05	0.00337257	-0.00123482
0.526532	-0.00558608	0.319764	0.000401477	0.00154994	0.00107535
0.526532	-0.00558256	0.319761	0.000226826	0.00269714	-0.000290309
0.526532	-0.00558316	0.319762	0.000130079	0.00147419	0.000271012
0.52653	-0.00558694	0.31976	-0.000529256	0.000119968	-0.00107415
0.526531	-0.00558317	0.319763	-1.97844e-05	0.00114269	0.000642513
0.52653	-0.00558839	0.31976	-0.000307493	-0.000633053	-0.000420449
0.52653	-0.00558719	0.319763	-0.00020475	0.000116837	0.000672715
0.526531	-0.00558471	0.319762	0.000405309	0.000599031	0.000215678
0.526531	-0.00558001	0.319763	6.44459e-05	0.0018818	0.000289273
0.52653	-0.00558244	0.319765	-0.000234534	0.000799515	0.000785477
0.52653	-0.00558147	0.31976	-0.000252109	0.000983617	-0.000985928
0.526532	-0.00558732	0.319764	0.00045239	-0.0012458	0.000627214
0.526532	-0.0055833	0.319761	0.000287512	0.000158299	-0.000560213
0.526529	-0.00558842	0.319758	-0.000484909	-0.00153559	-0.00118548
0.526532	-0.00558605	0.319764	0.000130918	-0.000554329	0.000664881
0.526532	-0.00558434	0.319763	0.000313597	0.000109862	0.000292774
0.526531	-0.00558098	0.319764	-6.07547e-05	0.00153184	0.00029028
0.526531	-0.00558572	0.319765	-4.37171e-05	-0.000446994	0.000686293
0.52653	-0.00558325	0.319759	-0.000323501	0.00349401	-0.00140829
0.526532	-0.00558436	0.319766	0.000413569	0.00211854	0.00129717
0.52653	-0.00558424	0.319759	-0.000323665	0.00161988	-0.00135344
0.526529	-0.00558833	0.319759	-0.000488025	0.000254608	-0.00125834
0.52653	-0.0055872	0.31976	-8.55518e-05	0.000767408	-0.00050441
0.52653	-0.00558584	0.319761	-8.67898e-06	0.00108666	0.000173867
0.526532	-0.00558292	0.319765	0.00032716	0.00177443	0.00147464
0.526531	-0.00559029	0.319763	0.000116673	-0.00121839	0.000451646
0.526532	-0.00558591	0.319764	0.000127391	0.000684642	0.000326375
0.52653	-0.00558883	0.319759	-0.000514319	-0.000488525	-0.00150938
0.526531	-0.00558622	0.319762	0.000269622	0.000191449	0.000255157
0.526532	-0.00558145	0.319764	0.000207576	0.00160757	0.000653135
0.526531	-0.00558427	0.319757	7.90439e-05	0.000100576	-0.001514
0.52653	-0.00558569	0.319759	-0.000255083	-0.000413157	-0.00043685
0.526529	-0.00558714	0.319758	-0.000506302	-0.00075671	-0.000704719
0.526532	-0.00558826	0.319763	0.000333225	-0.000497731	0.00083735
0.52653	-0.00558716	0.319762	-5.77277e-05	0.000161337	0.000658163
0.52653	-0.00558616	0.319759	-3.2235e-05	-8.524e-05	-0.000509246
0.526533	-0.00558732	0.319766	0.000791969	-0.000565785	0.00171957
0.526531	-0.00558284	0.319763	1.22028e-05	0.00106797	0.000418466
0.526532	-0.00558569	0.31976	0.000258494	-0.000259587	-0.000794452
0.526533	-0.00558568	0.319764	0.000166709	-0.000178439	0.000421203
0.526531	-0.00558533	0.319759	-0.000141789	0.000365328	-0.00103016
0.526534	-0.00558753	0.319761	0.00041364	-0.00073917	-0.000451665
0.526531	-0.00558287	0.319763	-0.000254398	0.000969445	0.000877101
0.526531	-0.00558278	0.319761	-0.000181896	0.000647835	9.43688e-05
0.52653	-0.00558536	0.319762	-0.000445337	-6.86547e-05	0.000144658
0.526532	-0.00558717	0.319761	9.83875e-05	-0.000525109	-0.000397692
0.526528	-0.00558436	0.319755	-0.000955913	0.000625842	-0.00200839
0.526531	-0.00558475	0.319761	-0.000766962	-5.94173e-05	5.986e-06
0.526531	-0.00558585	0.319758	-0.000593899	-0.000523099	-0.00100946
0.526531	-0.00558409	0.319762	-0.000426677	0.000572547	0.000256255
0.52653	-0.00558719	0.319762	-0.000640326	-0.000540014	-0.00025155
0.526529	-0.0055847	0.319758	-0.000767879	0.000133709	-0.00107124
0.526529	-0.00558403	0.31976	-0.000555804	0.000573287	-0.000274803
0.52653	-0.00558904	0.319756	-0.000117432	-0.00157272	-0.00124427
0.526531	-0.00558726	0.31976	0.00022105	-0.0005532	2.75182e-05
0.52653	-0.00558829	0.319761	-0.000106967	-0.000370071	0.000624976
0.52653	-0.00558753	0.31976	-0.000122346	-0.000251586	-0.000100476
0.526528	-0.0055858	0.319754	-0.000672151	0.000321056	-0.00179871
0.526528	-0.00558835	0.319752	-0.000564059	-0.000267777	-0.00175907
0.526531	-0.00558755	0.319758	0.000333228	-0.000181432	0.000642275
0.526529	-0.00558835	0.319759	-0.000116886	-0.000107557	0.000970751
0.526529	-0.00558609	0.319755	-0.000141996	0.000399957	-0.000845686
0.526531	-0.00558842	0.31976	0.000611587	-0.000227962	0.00125764
0.526529	-0.00559418	0.319756	-0.000543059	-0.00160428	-0.000829741
0.526528	-0.00559498	0.319754	-0.00038025	-0.00155354	-0.00103934
0.526529	-0.00559073	0.319756	9.56169e-05	-6.57085e-05	0.000197921
0.526528	-0.00559027	0.319753	-0.000276266	-4.16558e-05	-0.000762145
0.52653	-0.00559013	0.319753	-0.000642817	-1.53042e-05	-0.00148889
0.526529	-0.00559154	0.319754	-0.000571098	-0.000495025	-0.000615172
0.526528	-0.00558863	0.319752	-0.000966009	0.000638144	-0.00118664
0.526528	-0.00559265	0.319752	-0.000702593	-0.000545238	-0.000825155
0.526529	-0.00559336	0.319752	-0.000258426	-0.00084701	-0.000702878
0.526529	-0.0055941	0.319752	-0.000198981	-0.000519445	-0.000486926
0.52653	-0.00559732	0.319756	0.000222244	-0.00132352	0.00107196
0.526529	-0.00559172	0.319751	5.23054e-05	0.00101628	-0.000813423
0.526529	-0.00559322	0.31975	-0.000279109	0.000190349	-0.000936507
0.526529	-0.00559342	0.319752	-0.000187003	-0.000311361	-0.00014071
0.526531	-0.0055932	0.319753	0.00051439	-0.000257298	0.000228012
0.52653	-0.00559131	0.319755	1.20423e-05	0.000814046	0.000690583
0.52653	-0.00559197	0.319752	3.83164e-05	4.71613e-05	-0.000470148
0.526529	-0.0055928	0.31975	-0.000338172	3.46909e-05	-0.000746724
0.52653	-0.00559164	0.319754	0.000120897	0.000504688	0.000397196
0.526528	-0.00558907	0.319749	-0.000492662	0.000826661	-0.000972807
0.526528	-0.00559156	0.319751	-0.000357103	-0.000379393	-0.000179496
0.526528	-0.00559401	0.319749	-0.000226179	-0.000727852	-0.000585624
0.526527	-0.00559157	0.319745	-0.000492376	0.000442131	-0.00173078
0.526528	-0.00559204	0.31975	0.00025023	-0.000199778	0.000518541
0.526529	-0.00558732	0.319749	0.000203407	0.00133072	-0.000119484
0.526527	-0.00558864	0.319745	-0.000475402	0.000406419	-0.00128772
0.526529	-0.00558976	0.319747	0.00052863	0.000261284	-0.000217761
0.526527	-0.00559159	0.319745	-0.000277565	-0.000315379	-0.00093663
0.526527	-0.0055928	0.319746	-0.000395295	-0.000200089	-3.73145e-05
0.526527	-0.00559066	0.319744	-0.000281933	0.000344425	-0.000952029
0.526529	-0.00558927	0.319748	0.000449051	0.000240191	0.000644551
0.526527	-0.00558992	0.319746	-0.000347863	0.000166022	5.44276e-05
0.526528	-0.00559052	0.319743	5.82216e-05	-0.000389465	-0.000965327
0.526528	-0.0055869	0.319748	0.000119762	0.00120056	0.00078925
0.526527	-0.00558754	0.319742	-0.000288249	0.00031684	-0.00129707
0.526529	-0.0055884	0.319746	0.000444748	0.00020874	0.000416975
0.526526	-0.00558606	0.319744	-0.000577924	0.000640312	-0.0003932
0.526526	-0.00558728	0.319741	-0.000381314	-7.05814e-05	-0.00120772
0.526526	-0.00558688	0.319742	-0.000300787	0.000427479	-0.000367721
0.526527	-0.00558316	0.319741	0.000112577	0.00126736	-0.000817681
0.526524	-0.00559132	0.319737	-0.000967109	-0.00139526	-0.00179072
0.526526	-0.00558461	0.319741	8.07107e-05	0.00104491	0.000133952
0.526524	-0.00558399	0.319737	-0.000517769	0.00119892	-0.00114713
0.526526	-0.00558723	0.319741	0.000222388	0.00312848	0.000432226
0.526526	-0.00558293	0.319738	0.000112047	0.00383151	-0.000716569
0.526526	-0.00558161	0.31974	0.000153316	-8.24069e-05	9.87078e-05
0.526524	-0.0055787	0.319739	-0.000522584	0.000805117	0.000220645
0.526525	-0.0055805	0.319739	-0.000107579	-0.000718647	2.25354e-05
0.526526	-0.00557575	0.319738	0.000257763	0.000897217	-6.6811e-05
0.526525	-0.00557854	0.319737	-0.000102631	-0.000433632	-0.000401971
0.526525	-0.00557672	0.319736	-4.11106e-05	0.000630611	-0.000735523
0.526524	-0.0055774	0.319737	-0.000369377	-9.43523e-05	5.20217e-05
0.526525	-0.00557276	0.319737	0.000117679	0.00137347	-2.19228e-05
0.526524	-0.00557525	0.319738	-0.000229664	0.000414463	0.000550732
0.526525	-0.00557122	0.319738	0.000147116	0.00172006	0.000262416
0.526525	-0.00557573	0.319736	6.53536e-06	-0.000327726	-0.0003562
0.526525	-0.00557463	0.319736	3.44119e-05	-0.000221279	-0.000212383
0.526526	-0.00557284	0.319738	0.000358824	0.000321538	0.000264616
0.526526	-0.0055727	0.319737	0.000226944	0.000214135	-0.000311511
0.526525	-0.00557122	0.319739	-0.000401559	0.000621354	0.000482617
0.526525	-0.00557118	0.319736	3.52209e-05	0.000419577	-0.000243512
0.526525	-0.00556973	0.319738	4.07759e-05	0.000761115	0.000323186
0.526526	-0.00556824	0.319742	0.000278272	0.000999747	0.00104088
0.526524	-0.00557118	0.31974	-0.00012216	-0.000314544	0.000310779
0.526526	-0.00556895	0.319742	0.000261842	-0.000212702	0.00110373
0.526526	-0.0055675	0.319739	0.00012663	0.000839195	-0.000265516
0.526525	-0.00556944	0.319738	-0.000248	7.70094e-05	-0.0005852
0.526526	-0.00556965	0.319739	0.000161834	3.94652e-05	1.80595e-05
0.526526	-0.00556858	0.319742	0.000120179	2.65864e-05	0.000499982
0.526525	-0.00556542	0.319743	0.000102233	0.000950515	0.000819085
0.526526	-0.00556788	0.319741	0.000348097	0.000148003	0.00044368
0.526526	-0.0055681	0.319742	1.12104e-05	0.00013927	0.000448432
0.526526	-0.00557146	0.319741	-8.39326e-05	-0.00136683	-0.000234656
0.526526	-0.00556786	0.319739	0.000232214	0.000551335	-0.000749176
0.526527	-0.00556518	0.319742	0.000159723	0.0013463	0.000453802
0.526526	-0.00556892	0.319739	-0.000193812	-0.00106468	-0.000543499
0.526525	-0.00556927	0.319738	-0.000129051	-0.000696047	-0.000364752
0.526526	-0.00556943	0.319743	-9.1602e-05	-0.00047231	0.000710082
0.526527	-0.00556671	0.319743	0.000327392	0.000608473	0.000437136
0.526528	-0.00556645	0.319745	0.000520744	0.000893002	0.00067699
0.526525	-0.00556677	0.31974	-0.0005748	0.000599586	-0.000727994
0.526526	-0.00556855	0.319742	-8.63818e-05	-0.000723591	0.000390352
0.526525	-0.00556786	0.319741	-0.000362288	-9.29314e-06	-0.000613268
0.526527	-0.00557252	0.319745	0.000349842	-0.00148441	0.000855063
0.526526	-0.0055671	0.319738	-8.56793e-05	0.000465864	-0.00128176
0.526526	-0.0055708	0.319741	0.000208305	-0.000673741	-6.46545e-06
0.526527	-0.00556995	0.319743	0.000448325	-0.000459935	0.000869196
0.526526	-0.00556932	0.319739	-0.000302944	0.000180144	-0.000679603
0.526526	-0.00556585	0.319743	-0.00013835	0.000620134	0.000545851
0.526526	-0.00556635	0.319739	-0.000163051	0.000400379	-0.00112538
0.526526	-0.00556943	0.319745	-7.10547e-05	-0.000708945	0.00115513
0.526525	-0.00556948	0.319738	-0.00110129	-0.00046024	-0.00189172
0.526525	-0.00557063	0.31974	-0.00112741	-0.000308423	-0.000761647
0.526527	-0.0055684	0.319746	-0.000159608	0.000290157	0.00116447
0.526527	-0.00556427	0.319744	-0.000202648	0.00111492	-0.000217597
0.526525	-0.00556917	0.319742	-0.000723972	-0.000667831	1.57972e-05
0.526526	-0.00557051	0.31974	-0.000282076	-0.000446442	-0.00106265
0.526526	-0.00556691	0.319744	0.000123484	0.00067767	0.000632662
0.526525	-0.0055696	0.319741	-0.00050418	-0.00051756	-0.000333106
0.526526	-0.00556661	0.319744	0.000223391	0.000624437	0.000512454
0.526525	-0.00556512	0.319741	-0.000415477	0.000906962	-0.000410575
0.526523	-0.00556547	0.319735	-0.000941736	0.000113136	-0.00205107
0.526526	-0.0055662	0.319744	0.000328746	7.75771e-05	0.0012261
0.526524	-0.00556757	0.319743	-0.000103279	5.00953e-05	0.000893975
0.526528	-0.00556964	0.319746	0.000836147	-0.000500914	0.00128353
0.526525	-0.00556855	0.319741	-4.6977e-05	-0.000104799	-0.000353964
0.526525	-0.00557077	0.31974	-0.000380848	-0.000525593	-0.00113368
0.526527	-0.00556851	0.319743	0.00031495	0.000152143	-1.05865e-05
0.526528	-0.00556675	0.319744	0.000605319	0.000586542	0.000448572
0.526527	-0.00556517	0.319742	4.70946e-05	0.00088867	-0.000135098
0.526524	-0.00556772	0.31974	-0.000896152	0.000109182	-0.00126733
0.526525	-0.00556989	0.319741	-0.000268457	-0.000897893	4.8549e-05
0.526526	-0.00556672	0.319739	0.000137612	0.000374678	-0.000530281
0.526527	-0.00556679	0.319742	0.000400532	0.000200561	0.000515232
0.526527	-0.00556673	0.31974	0.000254752	0.000144572	-0.000144571
0.526525	-0.00556658	0.31974	-0.000730888	0.000147776	-0.000300556
0.526526	-0.0055695	0.319742	0.000148508	-0.000876996	0.000130838
0.526525	-0.00556672	0.319741	-0.000252442	0.000340927	-0.000348653
0.526525	-0.00556804	0.319742	-0.000413067	-0.000208447	0.000339105
0.526524	-0.00557061	0.319739	-5.25837e-05	-0.000624601	-0.000828877
0.526526	-0.00556563	0.319745	0.000346407	0.000993993	0.00126885
0.526525	-0.00556783	0.319742	-5.20483e-05	0.000220298	4.83992e-05
0.526525	-0.00556567	0.319738	-0.000118463	0.000589843	-0.000996311
0.526526	-0.00556815	0.319741	0.000221034	-0.000525138	0.000211463
0.526527	-0.00556385	0.319744	0.000471718	0.00105566	0.0010123
0.526524	-0.00556953	0.319739	-0.000563904	-0.00120259	-0.000454192
0.526524	-0.00556264	0.31974	-0.000314637	0.00111689	0.00015438
0.526523	-0.00556745	0.319736	-0.000255757	-0.000238131	-0.00130968
0.526523	-0.00556552	0.319735	-0.000241543	0.000320561	-0.00140915
0.526523	-0.00556668	0.319736	-0.000165692	-0.000230093	-0.000937258
0.526523	-0.00556626	0.31974	-3.45837e-05	0.000341221	0.000864433
0.526524	-0.0055728	0.319739	0.000254117	-0.00220678	1.34416e-05
0.526524	-0.00556817	0.319739	0.000120958	-1.1066e-05	-4.39681e-05
0.526522	-0.00556771	0.319738	-0.000496472	0.000489217	-0.000312495
0.526523	-0.005571	0.319739	3.2114e-05	-0.000655861	0.000718097
0.526525	-0.0055656	0.319739	0.000279577	0.00102981	-0.000139055
0.526523	-0.00556282	0.319738	-0.000379094	0.00112906	0.000109874
0.526523	-0.0055677	0.319736	5.1589e-06	-0.000664865	-0.000512469
0.526524	-0.00556506	0.319738	0.000322746	0.000486615	0.000524837
0.526524	-0.00556794	0.319741	0.000184095	-0.000600217	0.000819388
0.526523	-0.00556653	0.319739	-0.000148117	8.28564e-05	-0.000304202
0.526522	-0.00556542	0.319737	-0.000429821	5.70287e-05	-0.00061382
0.526524	-0.0055662	0.319739	1.07017e-05	3.18577e-05	-2.36533e-05
0.526524	-0.00556937	0.31974	4.28411e-05	-0.000956002	0.000497629
0.526524	-0.0055665	0.319741	5.29842e-06	0.000350237	0.000306294
0.526524	-0.00556651	0.319739	5.50535e-05	0.00023616	-0.000235654
0.526524	-0.00556949	0.319737	0.000298955	-0.000831241	-0.000747421
0.526523	-0.00556522	0.319739	-0.000373463	0.000871513	0.000169607
0.526523	-0.00556949	0.319735	-0.000300868	-0.000841663	-0.00134856
0.526524	-0.00556657	0.319739	8.01455e-05	0.000412574	0.000902243
0.526526	-0.00556657	0.319741	0.000699605	0.00027589	0.000932773
0.526524	-0.0055667	0.319739	-0.000116527	0.00013729	0.000336484
0.526525	-0.00556983	0.31974	0.000489883	-0.00132586	0.000514524
0.526524	-0.00556911	0.319737	-1.16827e-05	-0.00039495	-0.000558363
0.526526	-0.00557083	0.319741	0.000296729	-0.000751728	0.00050368
0.526524	-0.00556653	0.319739	0.000989242	0.000942489	0.000755142
0.526526	-0.00557242	0.319742	0.0013326	-0.00132675	0.00183512
0.526524	-0.0055768	0.31974	0.000309536	-0.00234343	0.000475841
0.526524	-0.00556948	0.319741	0.000280817	0.000878221	0.000349153
0.526524	-0.00557534	0.319741	0.000266964	-0.00136873	0.000313271
0.526526	-0.0055699	0.319741	0.000773116	0.000548507	0.000485243
0.526525	-0.00557499	0.319742	0.000201816	-0.00109634	0.000420763
0.526524	-0.00557405	0.319741	-0.000147432	-0.000734762	-9.34221e-05
0.526525	-0.00557086	0.31974	0.000242333	0.000487936	-0.000135315
0.526525	-0.00557629	0.319741	0.00015485	-0.00113886	-7.88269e-05
0.526523	-0.00557551	0.319738	-0.000782235	-0.00075553	-0.00120433
0.526526	-0.00557479	0.319744	0.000690442	2.24196e-05	0.00122615
0.526524	-0.00557812	0.319744	-8.79167e-05	-0.00100045	0.00100604
0.526525	-0.00557935	0.319738	0.000129761	-0.000669368	-0.000892728
0.526523	-0.00557848	0.31974	-0.000447364	-0.00039619	-0.000368225
0.526524	-0.00557984	0.319739	-8.0828e-05	-0.000794759	-0.000387525
0.526524	-0.00557815	0.31974	-4.87851e-06	5.83439e-06	0.000248252
0.526525	-0.00557942	0.319741	0.000294338	-5.51232e-05	0.000554139
0.526524	-0.00557857	0.319738	-0.000124514	1.62733e-05	-0.000993942
0.526524	-0.00558119	0.31974	-4.66153e-05	-0.000959642	-0.000144022
0.526524	-0.00558257	0.31974	-6.97193e-05	-0.00113276	-0.000121197
0.526525	-0.00558106	0.319743	0.000343406	-0.000263841	0.00127773
0.526523	-0.00558512	0.319739	-0.000399238	-0.00115955	-0.000841394
0.526525	-0.00558582	0.319742	0.000272077	-0.00125778	0.000650161
0.526525	-0.00558851	0.31974	-3.97531e-05	0.00146896	-0.000387044
0.526524	-0.00558403	0.319742	-0.000345909	0.0027153	0.000230627
0.526525	-0.00558953	0.31974	9.38805e-05	0.000547163	-0.000337211
0.526526	-0.00558731	0.319742	0.000336775	0.00100649	0.000138162
0.526524	-0.0055856	0.319738	-4.88023e-05	0.00127345	-0.000763576
0.526523	-0.00558953	0.31974	-0.000344471	-3.21425e-05	6.34953e-05
0.526524	-0.00559021	0.319742	-2.31643e-05	-0.000439502	0.000793504
0.526525	-0.0055911	0.31974	0.000356549	-0.000252094	6.3462e-05
0.526523	-0.00558991	0.319737	-0.000356357	-0.0029313	-0.000708595
0.526526	-0.00559038	0.319741	0.000552771	-0.00269684	0.000613576
0.526524	-0.00559228	0.31974	-0.000198096	-0.00198085	-0.000339439
0.526525	-0.00559455	0.319742	0.000136421	-0.00238136	0.000629182
0.526524	-0.00559699	0.319738	-0.000237345	-0.00218497	-0.000941982
0.526525	-0.0055901	0.319744	0.000229299	0.000866442	0.00118821
0.526524	-0.00559235	0.319744	-0.000148209	-0.000943125	0.000899356
0.526524	-0.00559265	0.31974	-8.84458e-05	-0.000634303	-0.000299873
0.526524	-0.00559532	0.319745	-2.86484e-05	-0.000928886	0.00121511
0.526525	-0.00559732	0.319746	-5.85276e-05	-0.00114605	0.000784613
0.526524	-0.00559594	0.319743	-2.47721e-05	-0.000290633	-0.000427342
0.526523	-0.00559633	0.319744	-0.000294671	-0.000698823	0.000305418
0.526526	-0.00559319	0.319743	0.000383302	0.00044762	-3.31599e-06
0.526524	-0.00559306	0.319741	-8.66829e-05	0.000291923	-0.000852377
0.526526	-0.00559872	0.319749	0.000564652	-0.0017107	0.00211045
0.526524	-0.00559557	0.319742	-0.000240102	0.000276241	-0.000832585
0.526524	-0.00560018	0.319742	-0.00040861	-0.00123409	-0.000887931
0.526526	-0.00559739	0.319747	0.000612058	0.000143377	0.00102763
0.526524	-0.00559777	0.319741	-0.000248917	-0.000392818	-0.00103859
0.526525	-0.00559573	0.319746	0.000176883	0.000669446	0.00110602
0.526524	-0.00559732	0.319744	-0.000459954	2.93106e-06	-0.000494085
0.526524	-0.00559741	0.319743	-0.000352686	1.16583e-06	-0.000842787
0.526525	-0.00559744	0.319743	0.00039326	-2.90084e-06	0.000234728
0.526524	-0.0055989	0.319741	-7.40268e-05	-0.000488258	-0.000252116
0.526525	-0.00559743	0.319747	0.000323778	0.000166549	0.00170434
0.526524	-0.00559892	0.319742	-0.000175073	-0.000385493	-0.000270883
0.526526	-0.0056015	0.319749	0.000527365	-0.000742879	0.00158905
0.526523	-0.00560076	0.319743	-0.000531284	-0.000498034	-0.00104774
0.526524	-0.00560052	0.319743	-6.91606e-05	-0.000333945	-0.000800871
0.526525	-0.00559896	0.319748	0.000323275	0.000269733	0.00133568
0.526524	-0.00559894	0.319746	-9.40926e-05	0.000176545	1.93677e-05
0.526524	-0.00560073	0.319746	-0.000102976	-0.000853299	-7.29828e-06
0.526525	-0.00559708	0.319751	-1.63553e-05	0.000896717	0.00145411
0.526523	-0.00559877	0.319745	-0.000350055	0.0001156	-0.000875133
0.526524	-0.00560177	0.319746	-0.000231411	-0.000895467	-9.54845e-05
0.526523	-0.00559595	0.319745	-0.000145992	0.00135091	-0.000556434
0.526526	-0.00559744	0.319751	0.000482855	0.000406109	0.0013506
0.526523	-0.00560001	0.319751	-0.000253283	-0.000213331	0.00110756
0.526525	-0.00560368	0.31975	0.000385676	-0.00161081	0.000536051
0.526524	-0.0055977	0.319749	-2.0055e-05	0.000835244	-3.52185e-05
0.526526	-0.00559896	0.319749	0.000300792	0.000111591	-9.57936e-05
0.526526	-0.00559748	0.319752	0.000230141	0.000558257	0.000909599
0.526525	-0.00560296	0.319754	0.000162538	-0.00108681	0.0015847
0.526526	-0.0055978	0.319751	0.000384492	0.000746617	-2.42061e-05
0.526526	-0.0056031	0.319754	0.000265147	-0.000980133	0.000962165
0.526525	-0.00560227	0.319751	-0.000166507	-0.000651212	-0.000255106
0.526525	-0.00560051	0.319753	-2.9769e-05	5.79859e-05	0.000363539
0.526524	-0.00560298	0.319752	-0.000386031	-0.000442787	-0.0001913
0.526524	-0.00560187	0.319752	-0.0012594	0.000204311	-0.000887326
0.526526	-0.005602	0.319755	-0.000650498	0.000137344	0.000191054
0.526525	-0.00560239	0.319756	-0.000427901	-0.000400476	0.000616741
0.526526	-0.00560346	0.319754	-9.62894e-05	-0.000742733	-0.000238588
0.526528	-0.00560047	0.319758	0.000516146	0.000464782	0.00106758
0.526527	-0.00560333	0.319757	-2.46567e-05	-0.00065933	0.000282402
0.526528	-0.00560153	0.319756	2.48395e-05	0.000532526	-0.000264691
0.526528	-0.00560202	0.319755	-4.17301e-05	0.000313428	-0.000705699
0.526527	-0.00560785	0.319757	-6.86841e-05	-0.00169618	0.000480661
0.526528	-0.00560497	0.319758	0.000253244	-0.000154684	0.000699463
0.526528	-0.005605	0.319757	0.00018364	-0.000109912	-3.50762e-06
0.526528	-0.00560388	0.319757	0.000147547	-6.97017e-05	1.41875e-05
0.526526	-0.00560203	0.319756	-0.00054619	0.000446318	-0.000324599
0.526527	-0.0056045	0.319756	-8.70424e-05	-0.000192857	-0.000320842
0.526527	-0.00560777	0.319757	-2.44059e-05	-0.00110882	0.000302793
0.526528	-0.00560495	0.319758	-7.48014e-06	0.000237132	0.000198276
0.526525	-0.00560788	0.319752	-0.000635522	-0.000806912	-0.00161329
0.526525	-0.00560496	0.319756	-0.000377369	0.000439992	0.000385214
0.526526	-0.00560498	0.319756	3.26525e-05	0.00028569	0.000151529
0.526526	-0.0056079	0.319757	1.10902e-05	-0.000780026	0.000105491
0.526527	-0.00560349	0.319757	-1.1264e-05	0.000947803	3.73303e-05
0.526527	-0.00560498	0.319755	0.000305866	0.000134596	-4.49695e-05
0.526526	-0.00560791	0.319755	-0.000125484	-0.000885171	4.67741e-05
0.526527	-0.00560643	0.319759	0.000264804	-9.78696e-05	0.000930041
0.526528	-0.00560499	0.319755	0.000144638	0.000415954	-0.000846307
0.526527	-0.00560756	0.319758	-0.000169191	-0.000202608	0.000516402
0.526527	-0.00560278	0.319757	-0.000114884	0.000835821	-0.000146142
0.526528	-0.0056018	0.319758	0.000192055	0.00104812	0.000257807
0.526525	-0.00560454	0.319753	-0.000386535	0.000211561	-0.00101127
0.526524	-0.00560531	0.31975	0.000405064	-0.000362151	-0.000810233
0.526523	-0.00560509	0.31975	-4.34053e-06	-0.000245405	-0.000908365
0.526526	-0.00560502	0.319754	0.00103021	-0.000168015	0.00113867
0.526526	-0.00560503	0.319755	0.000714353	-0.000101684	0.00126083
0.526526	-0.00560353	0.319755	0.000548606	0.000220499	0.000891206
0.526526	-0.00560353	0.319753	0.000368226	0.000123498	-0.000363457
0.526527	-0.00560351	0.319756	0.000511871	7.5953e-05	0.000601069
0.526527	-0.005605	0.319754	0.000105348	-0.000457375	-0.00041306
0.526526	-0.00560791	0.319755	-0.000235057	-0.00128046	0.000300633
0.526528	-0.00560759	0.319756	0.000473047	-0.000379737	0.000513217
0.526526	-0.0056021	0.319754	1.14162e-05	0.00169736	-6.88131e-05
0.526527	-0.00560073	0.319756	3.00784e-05	0.00162758	0.000445751
0.526527	-0.00560258	0.319755	3.48991e-05	0.000106381	-0.000157709
0.526524	-0.00560514	0.319752	-0.000612863	-0.000905823	-0.000902083
0.526526	-0.0056021	0.319757	-7.43295e-05	0.000370972	0.000759194
0.526527	-0.00559914	0.319754	0.00025659	0.00122022	-0.000545496
0.526527	-0.00560462	0.319755	0.000169031	-0.000647441	0.000127572
0.526526	-0.0055967	0.319754	0.000105056	0.00195668	5.56458e-05
0.526526	-0.00560038	0.31975	2.39522e-05	0.000370007	-0.00142406
0.526526	-0.00559936	0.319754	9.15867e-05	0.000681477	0.000538103
0.526527	-0.00559816	0.319753	4.98759e-05	0.000513059	-0.000126751
0.526528	-0.00560057	0.319758	0.000349532	-0.00020157	0.00127499
0.526526	-0.00559809	0.319751	-0.000392464	0.000404787	-0.00138264
0.526524	-0.00559925	0.319751	-0.00055164	-0.000212147	-0.000819269
0.526526	-0.005599	0.319752	-3.58712e-05	0.000285876	-0.000140071
0.526528	-0.00559955	0.319752	0.000511621	-0.000251558	-0.000318513
0.526526	-0.00559654	0.319753	-0.00122139	0.000784024	-0.000765897
0.526525	-0.00559496	0.319749	-0.000949778	0.0010062	-0.00157638
0.526525	-0.00559991	0.319748	-0.00103832	-0.000243221	-0.001506
0.526525	-0.00559272	0.319752	-0.000447614	0.00172833	-0.00294056
0.526525	-0.0055922	0.31975	-0.000387535	0.00115737	-0.00277467
0.526526	-0.00559643	0.31975	1.25477e-05	-0.000695518	-0.00214994
0.526526	-0.00558905	0.319751	-0.00131197	0.00199576	-0.00228718
0.526525	-0.00559341	0.319749	-0.00104072	-0.00012808	-0.00222788
0.526526	-0.00559161	0.319755	-0.000679148	0.000888737	0.000345446
0.526526	-0.00559233	0.319751	-0.000553647	0.000103085	-0.00134159
0.526525	-0.00559062	0.31975	-0.000408121	0.000553066	-0.000975442
0.526527	-0.00558761	0.319755	0.000139965	0.00135239	0.00396474
0.526526	-0.00559087	0.31975	-0.000274235	-0.000566999	0.00102772
0.526525	-0.00558719	0.31975	-0.000198336	0.00109426	0.0013223
0.526525	-0.0055889	0.319748	-0.000193514	0.000241241	0.000497015
0.526523	-0.00558605	0.319748	-0.000644937	0.00113857	0.00018806
0.526526	-0.00559047	0.319752	9.2191e-05	-0.00070485	0.00141611
0.526527	-0.00558609	0.319751	0.000345374	0.000991929	0.000403296
0.526526	-0.00558756	0.31975	5.26057e-07	0.000172656	0.000457686
0.526526	-0.00558644	0.319751	-6.5718e-05	0.000117118	0.000290037
0.526527	-0.00558573	0.319751	0.000278287	0.000563503	0.000136964
0.526526	-0.00558743	0.319754	0.000215908	-0.000110378	0.00157476
0.526523	-0.00558752	0.319748	-0.000807408	-7.51574e-05	-0.0010953
0.526526	-0.00558185	0.319752	0.000121699	0.00185116	0.000559171
0.526526	-0.00558315	0.319748	0.000336519	0.000801282	-0.000698218
0.526525	-0.00558609	0.31975	-5.91238e-05	-0.000443743	0.000135118
0.526526	-0.00558755	0.319753	-8.41072e-05	-0.000782379	0.00102195
0.526525	-0.00558316	0.319751	-0.000256751	0.000941713	-0.000123264
0.526525	-0.00558351	0.319752	9.08574e-05	0.000139315	0.000285478
0.526527	-0.00558315	0.319755	0.00039995	8.6775e-05	0.00108819
0.526527	-0.00558596	0.319752	0.000498988	-0.000920346	0.000116222
0.526525	-0.00558556	0.319753	-0.000232366	-0.000122246	0.000280773
0.526525	-0.00558592	0.319752	-0.000167174	-7.71311e-05	-0.000300031
0.526528	-0.00558362	0.319753	0.00047551	0.000381297	8.61412e-05
0.526528	-0.00558421	0.319756	0.000605759	0.000316444	0.00139141
0.526527	-0.00558741	0.319752	0.000135329	-0.000770348	-0.000383029
0.526524	-0.00558638	0.319751	-0.00080725	-0.000513096	-0.00045858
0.526527	-0.00558461	0.319754	0.000312764	0.000136901	0.000335341
0.526529	-0.00558741	0.319757	0.000541682	-0.000880501	0.00112751
0.526528	-0.00558849	0.319753	6.92422e-05	-0.00058726	-0.000587059
0.526527	-0.00558199	0.319757	7.32077e-05	0.00152018	0.00104748
0.526529	-0.00558436	0.319759	0.000638083	0.000512482	0.00146952
0.526528	-0.00558776	0.319758	0.000176938	-0.00106926	0.000644658
0.526528	-0.00558745	0.31976	4.51503e-05	-0.000701153	0.00133214
0.52653	-0.00559	0.319761	0.000594823	-0.000972753	0.000685798
0.526529	-0.00558922	0.319761	0.000175264	-0.000647686	0.000607676
0.526529	-0.0055886	0.319758	7.05342e-05	0.000255233	-0.000595809
0.526529	-0.00558644	0.319761	7.65636e-05	0.000628173	0.00058111
0.526529	-0.00558894	0.319759	-0.000268197	-0.000492717	-0.000488522
0.526532	-0.00558854	0.319766	0.000806581	0.000159701	0.00185262
0.52653	-0.00558921	0.319762	-0.00010784	-0.000370895	-4.46391e-05
0.526531	-0.00559006	0.319764	-0.000842126	-0.000222731	-0.000452041
0.526531	-0.00558483	0.319764	-0.000602348	0.00132121	-0.00034638
0.526531	-0.00558714	0.319762	-0.000483828	0.000395549	-0.000767787
0.526532	-0.0055863	0.319768	-8.85266e-05	0.000268483	0.00174071
0.526532	-0.005593	0.319764	-6.07547e-06	-0.00177046	0.00302514
0.52653	-0.00559362	0.319763	-0.000611993	-0.00166389	0.00198816
0.526531	-0.00559189	0.319767	-9.62936e-05	-0.000623351	0.00288029
0.526532	-0.00559437	0.319767	0.000174166	-0.000900481	0.001936
0.526531	-0.00559609	0.319767	-0.00015208	-0.00103615	0.00152768
0.526532	-0.00559372	0.31977	0.000205098	-0.000252022	0.00192157
0.526532	-0.0055901	0.319767	0.000124005	0.00129547	0.000409532
0.526532	-0.00559329	0.319766	2.3421e-05	-0.000306736	-0.00018982
0.526534	-0.00559044	0.319771	0.000642135	0.000758616	0.00165208
0.526531	-0.00559195	0.319764	-0.000465844	-7.05224e-07	-0.000980702
0.526532	-0.00559197	0.319767	-1.49395e-05	-1.46779e-05	-0.000246687
0.526534	-0.00559456	0.31977	0.00065123	-0.000698059	0.00115708
0.526532	-0.00559122	0.319773	-0.000151024	4.69916e-06	0.00139855
0.526533	-0.00559465	0.319767	7.3822e-05	-0.000991521	-0.00062265
0.526533	-0.00559335	0.319771	0.000119304	-0.000183271	0.00102863
0.526532	-0.00559231	0.319768	-0.00019564	-0.000139748	-0.000106563
0.526532	-0.00559305	0.31977	-0.000164471	-9.05039e-05	-9.55208e-05
0.526534	-0.00559075	0.31977	0.000541258	0.000414264	0.000270179
0.526535	-0.00559159	0.319769	0.00063332	0.000269114	-0.000410704
0.526533	-0.00559035	0.31977	-0.00019415	0.00068015	0.000372222
0.526534	-0.00559633	0.319772	0.000146962	-0.00151244	0.000639645
0.526532	-0.0055949	0.31977	-0.000427769	-0.000519693	-0.000295831
0.526534	-0.00559636	0.319771	0.000274233	-0.000833489	0.000551915
0.526534	-0.00559086	0.319771	0.000198131	0.000906548	0.00036114
0.526534	-0.00559307	0.31977	0.000114737	0.000116389	-0.000242009
0.526532	-0.00558634	0.31977	-0.000508059	0.00202895	-3.54455e-05
0.526533	-0.00559156	0.319769	0.000217157	-0.000111382	-0.000176958
0.526534	-0.00559037	0.319769	0.000183692	0.000413567	-9.23672e-05
0.526533	-0.00559047	0.319771	-0.000196408	0.000272939	1.54349e-05
0.526534	-0.00559086	0.31977	0.000170449	-0.000308774	-0.000552063
0.526534	-0.00558431	0.319771	0.000163712	0.00222964	0.000598238
0.526533	-0.00558634	0.31977	-0.000231978	0.000522532	-7.33362e-06
0.526533	-0.00558753	0.319768	-7.4619e-05	-0.000146369	-0.000416828
0.526534	-0.00558447	0.319772	0.000217554	0.000889235	0.000984309
0.526532	-0.00558448	0.319765	-0.000485447	0.000578162	-0.0015324
0.526535	-0.00558559	0.319769	0.00058608	0.000385484	-0.000330165
0.526533	-0.00558776	0.319767	-0.000214112	-0.000715883	-0.000986418
0.526533	-0.00558456	0.319768	-0.000150168	0.00050403	-0.000197128
0.526533	-0.00558303	0.319771	-0.000104297	0.000820404	0.000816601
0.526532	-0.00558166	0.319767	-0.00038353	0.00118653	-0.000814647
0.526532	-0.00557987	0.319766	-0.000491125	0.00177741	-0.00137336
0.526532	-0.00558448	0.319767	-0.000283817	-0.000217581	9.06168e-05
0.526531	-0.00558032	0.319769	-0.000259196	0.00129198	0.000472385
0.526534	-0.00558185	0.319769	0.00039212	0.000370988	0.000110192
0.526533	-0.00558073	0.319769	0.000295388	0.000257736	0.000101342
0.526534	-0.00558184	0.31977	0.000501363	-0.000317686	0.000943511
0.526533	-0.00557733	0.319768	3.99686e-05	0.00125399	-0.000254196
0.526534	-0.00557987	0.319767	0.00027293	0.000350104	-0.000292456
0.526533	-0.00557618	0.319767	-0.000356329	0.0012139	-0.000455138
0.526533	-0.00557884	0.319765	3.54551e-06	-0.000162233	-0.000428836
0.526532	-0.00557731	0.319764	-0.000319973	0.000372398	-0.000696517
0.526533	-0.00558023	0.319767	0.00014973	-0.000729121	0.000459692
0.526533	-0.00557403	0.319768	0.000103923	0.001947	0.000764109
0.526533	-0.00558055	0.319767	6.5408e-05	-0.00112346	5.41775e-05
0.526533	-0.00557996	0.319764	5.41028e-05	-0.00026345	-0.000921983
0.52653	-0.00557879	0.319763	-0.000826196	0.000313199	-0.000795491
0.526533	-0.00557631	0.319767	0.000380106	0.000694186	0.000654285
0.526532	-0.00557595	0.319761	-0.00014446	0.000467542	-0.00146374
0.526534	-0.00557732	0.319766	0.000483917	-0.00018176	0.000748182
0.526531	-0.00557176	0.319761	-0.000502453	0.0013452	-0.00110263
0.526533	-0.00557544	0.319768	0.000243832	-8.53773e-05	0.000991745
0.526533	-0.00557566	0.319767	0.000162639	-4.80164e-05	0.000658745
0.526532	-0.00557724	0.319763	-0.00018868	-0.000529743	-0.000897256
0.526532	-0.00557544	0.319763	-0.000145429	0.000628558	-0.000623222
0.526534	-0.00557653	0.319768	0.000214462	-0.000563313	0.000945992
0.526532	-0.00557849	0.31976	-0.000254996	-0.0041416	-0.00217112
0.526532	-0.00557276	0.319766	-0.000127628	-0.00126483	0.000960948
0.526532	-0.00557585	0.319761	-0.000113263	-0.0020532	-0.00128225
0.526531	-0.00557873	0.319762	-0.00036028	-0.00250378	-0.000261338
0.526534	-0.00557583	0.319765	0.000329462	-0.000825125	0.000567202
0.526533	-0.00557579	0.319763	0.000240331	-0.000633732	-8.15051e-05
0.526532	-0.00557874	0.319766	-0.000111469	-0.00147573	0.00102667
0.526532	-0.0055758	0.319761	-0.000101339	-5.66813e-05	-0.000781572
0.526531	-0.00557582	0.319761	-0.000632753	-8.48783e-05	-0.00126938
0.526531	-0.00558166	0.319763	-0.000163076	-0.00203414	9.60608e-06
0.526532	-0.00558026	0.319764	0.00025728	-0.000887911	0.000437756
0.526532	-0.00557875	0.319764	7.90236e-05	-0.000118394	0.00021836
0.526531	-0.00558153	0.319762	-0.000220927	-0.00102394	-0.000214484
0.526532	-0.0055747	0.31976	0.000145554	0.00121136	-0.000733264
0.526532	-0.00557691	0.319763	0.000146264	0.000311601	0.000507295
0.526533	-0.00558007	0.319762	0.000330074	-0.000769897	-0.00026989
0.526533	-0.00558016	0.319761	0.000250005	-0.000517674	-0.000157277
0.526532	-0.00558163	0.319767	-0.000150513	-0.000832301	0.00141328
0.526533	-0.00558313	0.319767	-5.4077e-05	-0.00105121	0.000504762
0.526531	-0.00558165	0.319762	-0.000370456	-0.000208664	-0.000562057
0.526532	-0.00557907	0.31976	3.09479e-05	0.000345935	-0.000965015
0.526532	-0.00558129	0.319764	5.21866e-05	-0.000262241	0.000820499
0.526532	-0.00558431	0.319765	-2.33504e-05	-0.000901851	0.000989274
0.526532	-0.00558294	0.319761	4.67215e-05	-0.000100905	-0.000736015
0.526533	-0.00558736	0.319767	0.00028628	-0.00152217	0.00131791
0.526533	-0.00558163	0.319762	0.000225943	0.00090872	-0.00102993
0.526533	-0.00558296	0.319764	0.000140483	0.000169072	0.000264226
0.526534	-0.00558592	0.319771	0.000395892	-0.000867065	0.00249048
0.526532	-0.00558736	0.319764	-0.000320899	-0.0010528	-0.00101211
0.526533	-0.00558299	0.319763	2.26481e-05	0.000754355	-0.000830043
0.526535	-0.00558891	0.319767	0.0006653	-0.00144486	0.000761096
0.526532	-0.00558885	0.319767	-0.000475355	-0.000956168	0.000763985
0.526533	-0.00558591	0.319769	-0.000272837	0.000339537	0.000532366
0.526532	-0.00558883	0.319762	-0.000538575	-0.000749946	-0.00198003
0.526534	-0.00559031	0.319769	0.000594559	-0.000989708	0.00132561
0.526533	-0.00558885	0.319767	7.41256e-05	-0.000174755	0.000473107
0.526533	-0.00559031	0.319768	8.65001e-05	-0.0006047	0.000825983
0.526533	-0.00559031	0.31977	4.00086e-05	-0.000400919	0.00101839
0.526535	-0.00558886	0.31977	0.000916815	0.0002138	0.000389618
0.526534	-0.00559033	0.31977	2.36892e-05	-0.000346822	-2.10475e-05
0.526534	-0.00559177	0.31977	-0.000274274	-0.000708123	8.83353e-05
0.526534	-0.00559177	0.31977	0.000148269	-0.000472869	0.000472352
0.526534	-0.00559435	0.319769	-2.83749e-05	-0.000803355	-0.000734549
0.526533	-0.00559362	0.319769	-0.000227939	-0.000538136	0.000151128
0.526534	-0.00559592	0.319769	0.000128098	-0.000835175	-1.61482e-06
0.526536	-0.00559509	0.319773	0.000674518	-0.000557782	0.00172336
0.526533	-0.00559448	0.319768	-0.000431696	0.000110011	-0.000961104
0.526534	-0.00559365	0.319772	-0.000293333	7.39596e-05	0.000310105
0.526534	-0.00559593	0.319773	-0.000200601	-0.000433485	0.000209156
0.526533	-0.00559606	0.319773	-7.98532e-05	-0.000238735	0.00109135
0.526534	-0.00559372	0.319771	-0.000101925	0.000279237	-0.000224345
0.526533	-0.00559485	0.31977	-4.31437e-05	-0.000302939	-0.000126931
0.526534	-0.00559327	0.319773	0.000254623	0.000284483	0.000712644
0.526533	-0.00559861	0.319772	-0.000142485	-0.00122829	9.65295e-05
0.526534	-0.00559789	0.319773	0.000254863	-0.000831416	5.88766e-05
0.526534	-0.00559344	0.319777	0.000223515	0.00106253	0.0014497
0.526534	-0.0055915	0.319773	9.03356e-05	0.00170086	-0.000474043
0.526535	-0.00559439	0.319774	0.00113989	0.000651877	0.000935387
0.526536	-0.00559692	0.319779	0.00108953	-0.000987742	0.00200453
0.526533	-0.00559355	0.319772	0.000245816	0.000274485	-0.000318198
0.526534	-0.00559479	0.319775	0.000262246	-0.000289939	0.000825584
0.526535	-0.00559466	0.319776	0.000793767	-0.000193102	0.000861188
0.526535	-0.00559434	0.319775	0.000264463	0.000362713	0.000206803
0.526535	-0.00558922	0.319776	0.000415792	0.00170299	0.0004634
0.526535	-0.00559447	0.319776	0.000295102	-0.000322501	-0.000137492
0.526534	-0.00559511	0.319773	-0.000293973	-0.00070156	-0.000780546
0.526535	-0.00559339	0.319775	0.000378594	1.38457e-05	0.000229465
0.526535	-0.00559034	0.319776	-1.56691e-05	0.000993795	0.000260249
0.526536	-0.00559289	0.319779	0.000566171	0.000177675	0.00141367
0.526534	-0.00559181	0.319772	-0.000511295	0.00059944	-0.00160396
0.526536	-0.00559523	0.319775	0.000508195	-0.00107337	6.92975e-05
0.526536	-0.00559323	0.319779	0.000412409	-0.000161285	0.00148762
0.526534	-0.0055926	0.319775	-0.00028703	0.000814917	-0.000247765
0.526535	-0.00559071	0.319777	0.000112363	0.00103564	0.000221282
0.526535	-0.00559241	0.319774	-0.000288953	-0.000293904	-0.00118513
0.526536	-0.00559457	0.319776	0.000111233	-0.000680415	3.51403e-05
0.526535	-0.00559446	0.319775	-0.000183851	3.39568e-05	-0.000341166
0.526535	-0.00559239	0.319777	-0.00010777	0.000318873	0.000260782
0.526536	-0.0055936	0.319778	0.000186525	-0.000296827	0.000536605
0.526534	-0.00559092	0.319773	-0.000454655	0.000278794	-0.00131733
0.526536	-0.0055902	0.319774	0.000262865	0.000658542	-0.000132402
0.526536	-0.0055893	0.319778	0.000168554	0.000437701	0.000813873
0.526536	-0.0055947	0.319775	9.91871e-05	-0.00161191	-0.000352389
0.526537	-0.00558892	0.319776	0.000383382	0.000818388	0.000143691
0.526536	-0.00559293	0.319774	-3.05233e-05	-0.000433389	-0.000749822
0.526537	-0.00559069	0.319779	0.000317693	0.000201799	0.00129837
0.526537	-0.0055956	0.319779	0.00013781	-0.000841487	0.000822344
0.526535	-0.00559111	0.319776	-0.000474808	0.000409869	-0.000693081
0.526536	-0.00558878	0.319777	-8.94223e-06	0.0012474	-7.88769e-05
0.526537	-0.00558931	0.319779	0.000362295	0.000346377	0.000871475
0.526535	-0.00558867	0.319775	-0.000360283	0.000711269	-0.000678129
0.526534	-0.0055904	0.319773	-0.000553703	-1.00717e-05	-0.00127924
0.526536	-0.0055923	0.319774	0.00013921	-0.0009845	-0.00061286
0.526535	-0.00558756	0.319774	-0.000206803	0.000809773	-0.000333675
0.526536	-0.00559149	0.319774	0.000166936	-0.000434033	-0.000299763
0.526535	-0.00559361	0.319775	-0.000139195	-0.00125915	0.00036956
0.526535	-0.00559045	0.319772	-0.000169615	0.000127933	-0.000728821
0.526535	-0.00559328	0.319773	-5.96343e-05	-0.000888148	-0.000437786
0.526534	-0.00558997	0.319771	-0.000321558	0.000874099	-0.000679857
0.526535	-0.00559071	0.319776	0.000398245	8.36541e-05	0.00124745
0.526535	-0.00558897	0.319774	0.000259662	0.000551827	0.000387641
0.526533	-0.0055918	0.319771	-0.000699021	-0.000604173	-0.000870847
0.526535	-0.00558738	0.319773	0.000365362	0.00106277	3.53002e-05
0.526534	-0.0055945	0.319776	-0.000340765	-0.00168786	0.000676852
0.526536	-0.00558736	0.319775	0.000403158	0.00126716	0.000313747
0.526534	-0.00558883	0.319773	-6.74552e-05	0.000357932	-0.000201881
0.526536	-0.00559178	0.319773	0.00022975	-0.000743498	-0.000232114
0.526535	-0.00559438	0.319771	-0.000127913	-0.000985018	-0.00100523
0.526535	-0.00559359	0.319775	-0.000346782	-0.000643129	0.000361732
0.526535	-0.00559008	0.319775	1.76379e-05	0.00102917	0.000571387
0.526535	-0.00559072	0.319773	1.33408e-05	0.000196929	-0.000521127
0.526537	-0.00558901	0.319778	0.00066563	0.000612955	0.00137632
0.526535	-0.00559034	0.319773	-0.000464125	-6.592e-05	-0.000675942
0.526536	-0.0055918	0.319772	-4.19165e-05	-0.000539824	-0.00104094
0.526536	-0.00559438	0.319778	0.000575438	-0.000853372	0.00195475
0.526536	-0.00559183	0.319775	7.33475e-05	0.000403727	-9.52346e-06
0.526537	-0.00559186	0.319779	0.00040338	0.000278153	0.00133181
0.526534	-0.00559486	0.319777	-0.000357534	-0.000788214	0.000579183
0.526536	-0.00559346	0.319775	2.84976e-05	-4.45651e-05	-0.000643345
0.526536	-0.00559347	0.319777	3.30822e-05	0.000165554	1.02573e-05
0.526536	-0.00559347	0.319772	-1.32584e-05	0.000125055	-0.00140821
0.526535	-0.00559087	0.319774	-0.000276221	0.000590491	-0.000350914
0.526536	-0.00559196	0.319778	0.00016521	-8.57078e-05	0.00110663
0.526536	-0.00559296	0.319775	5.32075e-05	-5.0775e-05	-0.000214815
0.526535	-0.00559217	0.319776	-0.000280705	-2.64857e-05	-0.000112273
0.526537	-0.00559449	0.319775	0.000442916	-0.000501183	-0.000180271
0.526537	-0.00559219	0.319778	0.00032373	0.000153521	0.000806927
0.526538	-0.00559047	0.319778	0.000484438	0.000586572	0.000895657
0.526535	-0.00559188	0.319775	-0.000540259	-8.77584e-05	-0.000534189
0.526537	-0.00559185	0.319778	0.000203573	0.00012529	0.000389581
0.526535	-0.00559474	0.319777	-0.000456655	-0.000872605	-2.10819e-05
0.526534	-0.00559032	0.319772	-0.000575513	0.000900705	-0.00130369
0.526537	-0.00559038	0.319779	0.000595472	0.000611177	0.00126283
0.526535	-0.00559326	0.319773	-0.000592208	-0.000558778	-0.00129007
0.526536	-0.00559325	0.319775	0.000199942	-0.000368731	-8.64604e-05
0.526534	-0.00559325	0.319774	-0.000450344	-0.000244549	-0.000392073
0.526536	-0.00559436	0.319774	0.000271187	-0.000158662	-0.000417319
0.526534	-0.0055907	0.319776	-0.00036805	0.000867155	0.000363252
0.526538	-0.00559306	0.319777	0.000881671	8.65138e-05	0.000834363
0.526537	-0.00559042	0.319778	0.000609062	0.00103089	0.000992979
0.526536	-0.00559196	0.319773	-0.000183115	0.000210396	-0.00101083
0.526537	-0.00559601	0.319778	0.000154686	-0.000824366	0.000618182
0.526534	-0.00559383	0.319772	-0.00050979	-6.95783e-05	-0.00128857
0.526536	-0.00559064	0.319778	3.45359e-06	0.000936455	0.00094159
0.526535	-0.00558653	0.319775	-0.000263352	0.00159533	-0.000225184
0.526533	-0.00558904	0.319772	-0.000814206	9.05283e-05	-0.000944327
0.526536	-0.00558598	0.319775	0.000382173	0.00103692	0.000111085
0.526535	-0.00559176	0.319777	-9.6131e-06	-0.00124942	0.000645466
0.526535	-0.00558592	0.319773	-5.15057e-05	0.00110965	-0.00101221
0.526535	-0.00558703	0.319774	-5.58887e-05	0.00073997	-0.00021474
0.526534	-0.00558559	0.319773	-0.000354258	0.00147145	-0.000553793
0.526537	-0.00558973	0.319779	0.000688317	-0.000979857	0.00174214
0.526536	-0.00558161	0.319777	0.000213515	0.00223207	0.000306092
0.526536	-0.00558571	0.319775	0.000121466	0.000555213	-0.000232675
0.526536	-0.00558262	0.319774	7.35279e-05	0.000819194	-0.000643067
0.526535	-0.0055859	0.319774	-0.00027969	-0.000388792	-0.000349387
0.526536	-0.00558494	0.319775	0.000110841	-0.000256496	0.00015024
0.526534	-0.00558183	0.319776	-0.000487632	0.000756079	0.000256094
0.526535	-0.00558023	0.319777	-2.24647e-05	0.00100122	0.000556314
0.526535	-0.00558021	0.319774	-6.83478e-05	0.000662039	-0.000578859
0.526533	-0.00558019	0.319773	-0.000599124	0.000443917	-0.000695285
0.526535	-0.00557877	0.319772	-8.67213e-05	0.000771042	-0.000982
0.526535	-0.00557727	0.319775	0.00023429	0.0010118	0.00063014
0.526534	-0.00558299	0.319773	-0.000172272	-0.00123338	-0.000399807
0.526534	-0.0055773	0.319771	-0.000107137	0.00107612	-0.000759323
0.526534	-0.00557581	0.319776	-3.06855e-05	0.00121156	0.000906416
0.526535	-0.0055773	0.319773	-4.89338e-05	0.000314096	-0.000320406
0.526534	-0.0055758	0.319776	-3.3997e-05	0.000709309	0.000690865
0.526533	-0.00557727	0.319773	-0.000337473	-1.99209e-05	-0.000412954
0.526534	-0.00557582	0.319773	9.64499e-05	0.000473135	-0.000306241
0.526533	-0.00557692	0.319773	-0.000536984	0.000323411	-7.32769e-05
0.526533	-0.0055762	0.319772	-0.000370407	0.000205279	-0.000536797
0.526534	-0.00557446	0.319776	0.000395238	0.000632807	0.000923883
0.526534	-0.00557586	0.319772	-9.23512e-05	-7.09351e-05	-0.000719396
0.526533	-0.00557584	0.319772	-3.15752e-05	-5.1724e-05	-0.000454546
0.526534	-0.00557439	0.319773	2.88321e-05	0.000449207	0.000161584
0.526535	-0.00557015	0.319773	0.000320264	0.00171206	4.71383e-05
0.526535	-0.00557285	0.319777	0.000239675	0.00023914	0.00144866
0.526534	-0.0055729	0.319773	-0.000195932	0.00014313	-0.000416335
0.526534	-0.00556993	0.319773	0.000166063	0.00108377	-0.000335965
0.526535	-0.00557253	0.319778	0.000438308	0.000229258	0.00157666
0.526532	-0.00557325	0.319772	-0.000944411	-0.000334748	-0.000999387
0.526534	-0.00557446	0.319774	0.000274921	-0.000711713	2.51734e-05
0.526535	-0.0055718	0.319776	0.000234456	1.02013e-05	0.000532612
0.526535	-0.00557837	0.319775	0.000357032	-0.00194272	0.000207034
0.526534	-0.00557276	0.319776	3.4685e-06	0.000653966	0.000258183
0.526535	-0.00557285	0.319775	0.000257348	0.000434645	4.71243e-05
0.526534	-0.0055758	0.319777	-8.14172e-05	-0.000683775	0.000649199
0.526535	-0.00557466	0.319778	0.000243026	-0.00044919	0.000813549
0.526534	-0.00557545	0.31978	-0.000110921	-0.000310884	0.00113509
0.526534	-0.00557422	0.319776	-0.000390436	0.000287411	-0.000602332
0.526536	-0.0055816	0.319779	0.000605983	-0.00224373	0.000760041
0.526535	-0.00557432	0.319774	-0.000219521	0.00094161	-0.00127026
0.526538	-0.00558022	0.319782	0.000791581	-0.00133346	0.00179882
0.526534	-0.00557763	0.319777	-0.000371231	-0.000401014	-0.000443079
0.526536	-0.00557984	0.319782	0.000102961	-0.000751814	0.00109156
0.526535	-0.00558015	0.31978	2.27086e-05	-0.000500282	0.000216714
0.526533	-0.00557725	0.319777	-0.000599233	0.000644893	-0.000654164
0.526535	-0.00558166	0.319781	0.000224969	-0.0008437	0.000850481
0.526534	-0.00558019	0.319776	-0.000178725	-5.50493e-05	-0.00128728
0.526534	-0.00558167	0.319779	-9.96265e-05	-0.000516177	0.000120127
0.526534	-0.00558444	0.319777	-0.000118306	-0.00125865	-0.000430496
0.526534	-0.00558446	0.319775	-0.000358472	-0.000837874	-0.00114031
0.526534	-0.00558735	0.319778	7.27641e-05	-0.00152025	0.000603689
0.526533	-0.00558738	0.319776	-0.000227249	-0.0010174	-0.000440773
0.526535	-0.00558628	0.31978	0.000391496	-0.000682259	0.000914758
0.526535	-0.00558553	0.319783	0.000320871	4.63333e-05	0.00160837
0.526536	-0.00558872	0.319781	0.000527908	-0.000947715	4.44998e-05
0.526534	-0.00558443	0.319776	-0.000303307	0.000827591	-0.00127997
0.526535	-0.00558739	0.319777	8.4666e-05	-0.000426845	-0.000470146
0.526535	-0.00559176	0.319781	7.80194e-05	-0.0017356	0.00115767
0.526534	-0.00559213	0.319777	-0.000211383	-0.00165577	-0.000541606
0.526535	-0.00559143	0.31978	0.00014375	-0.000620005	0.000489831
0.526536	-0.00559167	0.319782	0.000427817	0.00288875	0.000695784
0.526535	-0.00559468	0.31978	-0.000116983	0.00122736	5.76621e-06
0.526534	-0.00559464	0.319779	-0.000339366	0.00102529	-0.000357302
0.526535	-0.00559615	0.319779	9.75567e-05	0.000352762	0.00016925
0.526536	-0.00559471	0.319781	0.000368738	0.000838573	0.000497846
0.526537	-0.00559768	0.319784	0.000609484	-0.000342736	0.0012531
0.526535	-0.00559617	0.31978	-0.000573324	0.000339595	-0.000394833
0.526536	-0.00559472	0.319779	-7.37375e-05	0.000761171	-0.000831144
0.526536	-0.00559749	0.31978	0.000208866	-0.000378387	-0.000186728
0.526536	-0.00560303	0.31978	0.000153917	-0.00169903	-9.7149e-05
0.526535	-0.00560009	0.319782	-0.000439375	0.000365969	0.000622963
0.526537	-0.00560242	0.319782	0.000597947	-0.000727215	0.000623981
0.526536	-0.00560255	0.319781	0.000126263	-0.000961013	5.29738e-05
0.526537	-0.00560469	0.319785	0.000371068	-0.00111755	0.00138139
0.526536	-0.00560089	0.31978	-7.64925e-05	0.000230765	-0.000935805
0.526538	-0.00560205	0.319785	0.0002958	-0.000324752	0.00076265
0.526537	-0.0056016	0.319783	0.000160188	0.00027575	-2.17009e-06
0.526536	-0.0056049	0.319778	-0.000259361	-0.000800662	-0.00139083
0.526537	-0.00560059	0.319782	0.000228344	0.000941848	0.000479934
0.526536	-0.00560354	0.319782	-0.000173042	-0.000343672	0.000404515
0.526537	-0.00559919	0.31978	9.68707e-05	0.00123025	-0.000859106
0.526536	-0.00560325	0.319782	-0.000142658	-0.000159252	0.000553615
0.526538	-0.00560246	0.319781	0.000463091	-8.91581e-05	-0.000321183
0.526538	-0.0055993	0.319785	0.000449408	0.000911696	0.00131562
0.526536	-0.00559531	0.319779	-0.000385753	0.00153676	-0.00141064
0.526537	-0.0055975	0.31978	5.00794e-06	0.000536271	-0.000575056
0.526537	-0.00560053	0.319782	5.71115e-06	-0.000574215	0.000106757
0.526537	-0.00560062	0.31978	-0.000263489	-0.000385805	-0.000289365
0.526538	-0.00559459	0.319782	0.000146946	0.00213815	0.000185662
0.526539	-0.00560069	0.319787	0.000369557	-0.000483044	0.00146723
0.526538	-0.00559544	0.319782	3.33089e-06	0.00109743	-0.00033984
0.526539	-0.00559756	0.319785	0.000285651	0.000289083	0.00111407
0.526537	-0.00559961	0.319783	-0.000456707	-0.000777115	-0.000539052
0.526537	-0.00559359	0.319784	1.3011e-05	0.00138948	2.16242e-05
0.526539	-0.00559634	0.319785	0.000316782	0.000176592	-6.0717e-05
0.526538	-0.00559461	0.319781	-0.000151965	0.00107208	-0.00096671
0.526537	-0.00559677	0.319783	-0.000371959	-0.000246614	0.000436208
0.526538	-0.00559505	0.31978	8.17059e-05	0.000334343	-0.000739363
0.526538	-0.00559499	0.319783	0.000346154	0.000219246	0.000843531
0.526536	-0.00559201	0.319782	-0.000650561	0.00113729	-0.000594412
0.526538	-0.00559347	0.319783	0.000143558	0.000271235	-0.000110629
0.526538	-0.00559489	0.319784	0.000132733	-0.000309771	0.000436832
0.526536	-0.00559458	0.319779	-0.000291907	0.000284562	-0.00112078
0.526536	-0.00559271	0.319781	-0.000148426	0.000197161	-0.000231357
0.526536	-0.00558992	0.319781	-0.000117252	0.00160119	-0.000186957
0.526536	-0.00559083	0.319777	-0.000107795	0.000575637	-0.0010957
0.526536	-0.00558917	0.319778	-5.4478e-05	0.000872678	-0.000244936
0.526535	-0.00559063	0.319776	-0.000602338	9.56895e-05	-0.000908997
0.526536	-0.00559054	0.31978	0.000205444	7.19487e-05	0.000653122
0.526535	-0.00559199	0.319778	-0.000135521	-0.000443537	7.488e-05
0.526535	-0.00559055	0.319777	-0.000161384	0.000182896	-0.000488542
0.526537	-0.00559234	0.319781	0.00048909	-0.000850442	0.000938267
0.526537	-0.00558839	0.319781	0.000112972	0.00137633	0.000283181
0.526538	-0.00558823	0.319781	0.00035524	0.000432095	8.64244e-05
0.526537	-0.00559025	0.319784	-5.88093e-05	-0.000192263	0.00111325
0.526536	-0.00559192	0.319779	-0.00034839	-0.000620581	-0.0010798
0.526537	-0.00559018	0.31978	7.52681e-05	0.000560447	-0.00033912
0.526536	-0.00559124	0.319781	-1.14685e-05	-0.00059532	0.000218614
0.526537	-0.00558625	0.319783	0.000317165	0.00106061	0.00101203
0.526535	-0.00559007	0.319783	-0.000381032	-0.000260331	0.000396292
0.526535	-0.00558927	0.319779	-0.000542085	-0.000177823	-0.00106941
0.526537	-0.00559013	0.319781	0.000199445	-0.000120567	3.27733e-05
0.526537	-0.00558931	0.319783	0.000178747	-8.71292e-05	0.000530424
0.526536	-0.00559011	0.319779	-0.000223834	-4.51479e-05	-0.000540545
0.526538	-0.00558894	0.319783	0.000496404	0.000454127	0.000919388
0.526537	-0.00558939	0.31978	-2.67853e-05	4.00286e-06	-0.000771608
0.526537	-0.00559015	0.31978	2.84057e-05	2.27323e-05	-3.41243e-06
0.526537	-0.00559187	0.319782	0.000259805	-0.000460227	0.000825588
0.526538	-0.00559476	0.319781	0.000232839	-0.0012309	-0.000347765
0.526535	-0.00559379	0.319779	-0.000439827	-0.000856985	-0.00100761
0.526538	-0.00558498	0.319782	0.000560777	0.00187622	0.000429668
0.526535	-0.00559407	0.319776	-0.000492358	-0.00119324	-0.00130291
0.526537	-0.00559462	0.319784	0.000251815	-0.000782271	0.00180627
0.526536	-0.00559228	0.319782	-7.29927e-05	-4.66035e-05	0.000376318
0.526537	-0.00559013	0.31978	-6.26205e-05	0.000956544	-0.000725021
0.526536	-0.0055922	0.319779	-0.000367061	-0.000331189	-0.000403617
0.526535	-0.00559158	0.319775	-0.000531403	0.000263595	-0.00160792
0.526536	-0.00559184	0.319782	0.000183364	0.000180883	0.00108992
0.526537	-0.00559342	0.319781	0.000419902	-0.000373385	0.000163774
0.526537	-0.00559345	0.319781	1.63981e-05	-0.00024779	-0.000250943
0.526535	-0.00559639	0.319779	-0.000581854	-0.00114398	-0.000450519
0.526536	-0.0055938	0.31978	-0.000119084	-0.000269658	5.97784e-05
0.526535	-0.00559163	0.319779	-6.91549e-05	0.000791829	3.74333e-05
0.526535	-0.00559299	0.319776	-0.00033402	0.000533522	-0.00130864
0.526536	-0.00558984	0.319782	8.26007e-05	0.000834528	0.000949121
0.526535	-0.0055947	0.31978	6.11372e-05	-0.000904717	0.000172679
0.526535	-0.00559376	0.319775	-2.56051e-05	-0.000416193	-0.0013254
0.526535	-0.00559474	0.319776	-0.0002616	-0.000693629	-0.000314439
0.526536	-0.00559543	0.319778	0.000128198	3.21158e-05	0.000175959
0.526536	-0.00559076	0.31978	0.000112781	0.00145024	0.00059824
0.526535	-0.00559205	0.319779	-0.000227031	0.000496059	1.324e-05
0.526534	-0.00559353	0.319778	-0.000453757	-0.000151552	-0.000376759
0.526534	-0.0055921	0.31978	-2.15367e-05	0.00038234	0.000599318
0.526532	-0.00559774	0.319777	-0.000629021	-0.00164357	-0.000367028
0.526534	-0.00559641	0.319776	-0.000129737	-0.000657384	-0.000351644
0.526534	-0.0055938	0.319777	-1.73793e-05	5.68223e-05	-0.000183916
0.526535	-0.00559162	0.319779	0.000563326	0.00101334	0.000623509
0.526534	-0.00559039	0.319777	4.97887e-05	0.00117181	4.62477e-06
0.526534	-0.00559344	0.319777	0.00191582	-0.000217678	0.00244259
0.526533	-0.00558759	0.319777	0.0011587	0.00181267	0.00192871
0.526532	-0.00559346	0.319777	0.000856661	-0.000743956	0.00144284
0.526534	-0.00559221	0.319777	0.00124292	-0.000453073	0.000895304
0.526534	-0.00559165	0.319776	0.000972723	0.000134844	0.000738704
0.526535	-0.00559189	0.319779	0.000981226	9.44918e-05	0.0014143
0.526534	-0.00559231	0.319775	0.000372821	-0.0002326	-0.000363303
0.526533	-0.00559457	0.319775	-0.000260807	-0.000633437	3.18926e-05
0.526533	-0.00559222	0.319773	-0.000168872	8.7088e-05	-0.000923516
0.526535	-0.00558718	0.319783	0.000866981	0.00202108	0.00250654
0.526535	-0.00559039	0.319779	0.000271754	0.000378554	0.000817409
0.526535	-0.00559341	0.319777	0.000122938	-0.00071757	-0.000436036
0.526535	-0.00558943	0.319777	0.000133511	0.000491438	-0.000257803
0.526534	-0.00559014	0.31978	-0.000229437	0.000343214	0.000863258
0.526534	-0.00559336	0.319778	-0.000119816	-0.000756312	-0.000341918
0.526534	-0.0055905	0.319778	0.000231028	0.000477352	0.000159374
0.526534	-0.00558911	0.319775	-0.000181672	0.000813309	-0.000792049
0.526534	-0.00559347	0.319776	-0.000186352	-0.000921261	-8.58432e-05
0.526534	-0.00559348	0.319776	-7.64784e-06	-0.000619991	-0.000444816
0.526533	-0.00559477	0.319777	-0.000311312	-0.000843104	0.000277044
0.526534	-0.00559347	0.319776	3.67834e-05	-0.000129474	-0.000432268
0.526533	-0.00559201	0.319774	-0.000245603	0.000397923	-0.00113551
0.526533	-0.00559606	0.319777	-0.00021291	-0.000709705	0.000171348
0.526533	-0.00559385	0.319774	-5.49354e-05	1.76222e-05	-0.000304991
0.526532	-0.00559504	0.319773	-0.000147434	-0.00047	-0.000759268
0.526533	-0.00559058	0.319774	-5.28304e-05	0.00114449	-0.000490571
0.526533	-0.00559346	0.319777	-8.44674e-05	-0.000205378	0.000605765
0.526534	-0.00559529	0.319776	0.000379531	-0.0011243	0.000420845
0.526532	-0.00559604	0.319775	-0.000392913	-0.000748435	-4.58155e-05
0.526533	-0.00559518	0.319771	-2.25256e-07	-0.000502688	-0.00106235
0.526534	-0.00559472	0.319775	0.000275211	-0.000279845	9.56921e-05
0.526533	-0.00559719	0.319773	-8.50899e-05	-0.000668598	-0.000293865
0.526533	-0.00560048	0.31977	-0.000154301	-0.00142883	-0.00117349
0.526533	-0.00560092	0.319772	-2.08487e-05	-0.00143533	0.000195308
0.526532	-0.00559877	0.319771	-0.000345575	2.17152e-05	-0.000719971
0.526531	-0.00560085	0.319772	-0.000481163	-0.000966841	8.45887e-05
0.526532	-0.00560054	0.319771	-0.000133004	-0.00063412	-0.000117097
0.526533	-0.00560418	0.319771	0.000541094	-0.000920857	-0.000185899
0.52653	-0.00560341	0.319768	-0.000555966	-0.000120944	-0.0013033
0.526531	-0.00560548	0.319766	-0.000393395	-0.00106332	-0.0013568
0.526533	-0.00560664	0.319768	0.000345087	-0.00119433	-0.000593851
0.526531	-0.00560799	0.31977	-0.000329823	-0.00108518	0.000299197
0.52653	-0.00560909	0.319764	-0.000553817	-0.000708485	-0.00165236
0.526532	-0.00560837	0.319767	0.000271384	-0.000473464	0.000180568
0.526531	-0.00560515	0.319766	-0.000105677	0.000681823	-0.000265199
0.52653	-0.00560911	0.319765	-0.000347985	-0.000514123	-0.000537324
0.526529	-0.00561238	0.319765	-0.000557289	-0.00131165	-0.000276061
0.52653	-0.00561144	0.319764	-0.000120179	-0.000871881	-0.000311867
0.52653	-0.00561366	0.319764	0.000182013	-0.00107178	0.000157455
0.526528	-0.00561537	0.31976	-0.000554473	-0.00119793	-0.00120221
0.526529	-0.00561364	0.31976	-0.000277796	0.000181287	-0.00122354
0.526529	-0.00561001	0.319763	0.000168346	0.00109129	7.84479e-05
0.526528	-0.00561707	0.319758	-0.00026906	-0.00170533	-0.00132494
0.526527	-0.00561256	0.319759	-0.000478674	0.000340841	-0.000805975
0.526526	-0.00561662	0.319757	-0.000563255	-0.000762981	-0.000872375
0.526526	-0.00561586	0.319754	-0.000433812	-0.000508806	-0.00158292
0.526527	-0.00561854	0.319754	1.92943e-05	-0.0013127	-0.00112977
0.526525	-0.00561843	0.319752	-0.00038187	-0.000867192	-0.0012123
0.526525	-0.00561694	0.319753	-0.000534534	-8.93759e-05	-0.000710671
0.526527	-0.00561259	0.319755	0.000287344	0.00138768	0.000320399
0.526524	-0.00561549	0.319751	-0.00100796	-4.10469e-05	-0.00132626
0.526525	-0.00560962	0.319753	-5.65851e-05	0.00192766	-0.000117874
0.526524	-0.00561547	0.319748	-0.000414051	-0.000666728	-0.00146064
0.526524	-0.00561544	0.319749	-0.000241988	-0.00043332	-0.000943461
0.526525	-0.00560962	0.319751	0.000168737	0.00165231	0.00023727
0.526524	-0.00561368	0.319748	-0.000241347	0.000120696	-0.000740786
0.526523	-0.00561403	0.319747	-0.000424249	8.80002e-05	-0.000849121
0.526523	-0.00561562	0.319749	-0.000245757	-0.000429881	-5.55133e-05
0.526523	-0.00561681	0.319746	-0.000218563	-0.000293003	-0.00103793
0.526523	-0.00560908	0.319743	-0.000232869	0.00175751	-0.00498086
0.526524	-0.00560961	0.319747	0.000189576	0.0011609	-0.00221219
0.526522	-0.00560974	0.319745	-0.000490953	0.000788012	-0.00198495
0.526522	-0.00560981	0.319746	-0.000318993	0.00052081	-0.000990437
0.526521	-0.00560982	0.319745	-0.000227954	0.000345617	-0.00126695
0.526521	-0.0056099	0.319745	-0.000154166	0.000230318	-0.00093186
0.526523	-0.00560691	0.319747	0.000466876	0.00113264	5.65884e-05
0.526523	-0.00560725	0.319746	7.56406e-06	0.000268637	-0.000394485
0.526521	-0.0056062	0.319745	-0.000534234	0.00114908	-0.000557522
0.526522	-0.00560129	0.319749	0.000265594	0.00223289	0.000854946
0.526523	-0.00560127	0.319745	0.000405792	0.00163621	-0.000556622
0.526523	-0.00559994	0.319746	0.000270973	0.00115672	-0.000384428
0.526521	-0.00559643	0.319745	-0.00035321	0.00219621	-0.000530259
0.526524	-0.00559668	0.319752	0.00042593	0.00147184	0.00189534
0.526523	-0.00559389	0.319749	-5.76002e-05	0.00196996	-0.000129485
0.526522	-0.00559085	0.319748	-6.18177e-05	0.00230018	-0.000119114
0.526522	-0.00559387	0.319747	-8.17767e-05	0.000546762	-0.000103304
0.526524	-0.00558816	0.319749	0.00061178	0.00227292	0.000257233
0.526524	-0.00558543	0.319751	0.000437954	0.00205414	0.00114046
0.526523	-0.00558372	0.319748	-5.88729e-05	0.00181737	-0.000625735
0.526523	-0.0055836	0.319748	-0.00032436	0.00121368	-0.00031837
0.526523	-0.00558648	0.31975	-0.000201829	-0.000163357	0.000770012
0.526525	-0.00557916	0.319752	0.000537139	0.00232711	0.0008343
0.526526	-0.00558072	0.319752	0.000637862	0.00105262	0.000455757
0.526526	-0.00557771	0.319755	0.000493905	0.00168786	0.00129997
0.526525	-0.00557478	0.31975	-4.60925e-05	0.00209908	-0.000543169
0.526526	-0.0055748	0.319753	0.000342468	0.00139205	0.000556861
0.526525	-0.00557184	0.319754	0.000217255	0.00191141	0.000833566
0.526525	-0.00557227	0.319752	9.73089e-05	0.000780802	4.50223e-05
0.526527	-0.00557017	0.319759	0.000438846	0.00145691	0.00189736
0.526526	-0.00557094	0.319754	-3.8986e-05	4.49198e-05	-9.2018e-05
0.526526	-0.00556569	0.319755	6.22145e-06	0.00192951	0.000421951
0.526525	-0.00556256	0.319755	1.95557e-05	0.00275132	0.000278845
0.526526	-0.00556366	0.319755	0.000224145	0.000862018	3.78261e-05
0.526528	-0.00555866	0.319763	0.000608655	0.00204205	0.00242885
0.526526	-0.00556108	0.319755	-0.00026473	0.000860436	-0.000638803
0.526527	-0.00555733	0.319755	8.88618e-05	0.00155353	-0.000553301
0.526527	-0.00556151	0.319758	9.8392e-05	-0.000428655	0.000632057
0.526526	-0.00555699	0.319757	-0.000134996	0.00118002	0.00326766
0.526526	-0.00555694	0.31976	-8.86838e-05	0.000788513	0.00340101
0.526526	-0.00555951	0.319762	-1.68626e-05	3.82713e-05	0.00298232
0.526525	-0.00555873	0.319759	-0.000380669	3.62682e-05	0.00121568
0.526525	-0.00555996	0.319758	9.26246e-05	-0.000472007	0.000869794
0.526526	-0.00555695	0.319758	0.000107958	0.00066215	0.000690537
0.526526	-0.00555545	0.319761	5.71376e-06	0.000931786	0.00142418
0.526524	-0.00555431	0.319756	-0.000550334	0.000626597	-0.000701546
0.526527	-0.00555506	0.319759	0.000496016	0.000415394	0.000704756
0.526525	-0.00555419	0.31976	-0.000238857	0.000274716	0.000699115
0.526525	-0.00555388	0.31976	-0.000128654	0.000187597	0.000508929
0.526526	-0.00555787	0.319762	0.000182638	-0.000860416	0.00116138
0.526526	-0.00555712	0.319762	0.000111153	-0.000564283	0.00034648
0.526526	-0.00555977	0.31976	5.16443e-05	-0.00135886	-0.000248423
0.526527	-0.0055571	0.319765	0.000372496	-0.000422818	0.00163897
0.526527	-0.00555522	0.319762	0.000218097	0.000210105	-0.000317586
0.526527	-0.00555914	0.319762	0.000177438	-0.000841082	0.000304867
0.526526	-0.0055565	0.319761	0.00011656	0.000429764	-0.000284416
0.526528	-0.00556135	0.319764	0.000336836	-0.0016664	0.000668137
0.526529	-0.0055581	0.319766	0.000543115	-0.000140284	0.00126925
0.526527	-0.00555946	0.31976	-9.70402e-06	-0.000585876	-0.000976346
0.526527	-0.00556367	0.319765	7.80482e-05	-0.00180528	0.000817676
0.526529	-0.00555943	0.319767	0.000334041	0.000205109	0.000901693
0.526528	-0.00555943	0.319766	0.000222707	0.00013674	0.000601609
0.526528	-0.00556234	0.319768	-7.07167e-05	-0.000878931	0.00104225
0.526528	-0.0055666	0.319766	0.00016598	-0.00200746	-0.0003528
0.52653	-0.00556952	0.319764	0.000309473	-0.00231108	-0.000870983
0.526529	-0.00556662	0.319769	9.44053e-05	-0.000573759	0.00102825
0.526529	-0.00556916	0.319764	-7.12567e-05	-0.000855596	-0.00079773
0.526528	-0.00557099	0.319768	-1.7093e-05	-0.00105748	0.000883301
0.526529	-0.00556709	0.319766	0.000272789	0.000264164	4.49987e-05
0.526532	-0.00557086	0.319772	0.000819188	-0.000817839	0.00175094
0.526531	-0.00557402	0.319774	0.000326972	-0.00151042	0.00180815
0.526531	-0.00557297	0.31977	0.000117595	-0.00100172	-0.000304051
0.526531	-0.00557409	0.319771	5.54902e-05	-0.00115544	0.000262633
0.52653	-0.00557399	0.319767	1.36084e-05	-0.000776207	-0.000751991
0.526532	-0.00557544	0.319769	0.000288925	-0.00101187	-0.000601265
0.52653	-0.00557651	0.319772	-0.000290318	-0.000662092	0.000776665
0.526532	-0.00558116	0.319771	0.000327738	-0.00186944	0.000292431
0.526532	-0.00557994	0.319769	0.000182271	-0.000796743	-0.000266825
0.526532	-0.00557672	0.319772	0.000487353	0.000926315	0.00115018
0.526531	-0.00558168	0.319773	4.14449e-05	-0.00127968	0.000413922
0.526532	-0.00557859	0.319772	4.0235e-06	0.000117907	0.000245652
0.526533	-0.00558286	0.319773	0.000539683	-0.00138711	0.000431611
0.526532	-0.00558171	0.319773	0.000138427	-0.000928826	0.0004382
0.526532	-0.00558391	0.319772	-0.000273943	-0.00110558	-0.000141541
0.526533	-0.00558378	0.319769	0.000369469	-0.000239289	-0.00122861
0.526532	-0.00558148	0.319769	-0.000250393	0.000756801	-0.000566246
0.526533	-0.00558623	0.319772	0.000373848	-0.00140129	0.000373042
0.526535	-0.00558278	0.319774	0.000531565	0.000486005	0.000609228
0.526534	-0.00558581	0.319773	8.83452e-05	-0.00059822	0.000482354
0.526533	-0.00558737	0.319775	9.97136e-05	-0.000891407	0.000837398
0.526533	-0.00558449	0.319775	4.28009e-05	0.000371864	0.000527966
0.526533	-0.00558269	0.319773	-1.4396e-05	0.0012286	-0.000600174
0.526534	-0.00558339	0.319776	3.85939e-05	0.000335873	0.000549617
0.526534	-0.00558901	0.319777	-0.000279915	-0.00173091	0.00047603
0.526533	-0.00558599	0.319775	-0.000218487	-0.000172772	-0.000195645
0.526534	-0.0055845	0.319772	0.000163447	0.000369763	-0.000651734
0.526534	-0.00558895	0.319775	0.000116847	-0.00121652	0.00049745
0.526533	-0.00558599	0.319773	-0.000262542	0.000160227	-0.00100852
0.526532	-0.00558157	0.319774	-0.000391296	0.00157413	0.000377329
0.526533	-0.00558302	0.319774	0.000316364	0.000562607	0.000534773
0.526533	-0.00558304	0.319776	0.000223087	0.000366741	0.000846882
0.526535	-0.00558304	0.319775	0.000485319	0.000246056	2.23705e-05
0.526533	-0.00558154	0.319774	1.51465e-06	0.000663276	-0.000395721
0.526533	-0.00558451	0.319776	2.82016e-06	-0.000547378	0.000228971
0.526534	-0.0055817	0.319775	0.000199346	0.000572066	-2.56917e-05
0.526534	-0.00558598	0.319775	-6.97549e-05	-0.00104424	0.000161211
0.526534	-0.00558598	0.319776	-6.79908e-05	-0.0006951	0.00056996
0.526532	-0.00558304	0.319773	-0.000344591	0.000513675	-0.000495975
0.526533	-0.00558164	0.319773	-0.000254611	0.000834585	-0.00035812
0.526533	-0.00558029	0.319773	0.000183692	0.000989393	-0.000290599
0.526533	-0.0055834	0.319774	-0.000223463	-0.000753776	-0.000599939
0.526534	-0.00557989	0.319776	-7.58263e-05	0.000913194	0.000596559
0.526531	-0.00558292	0.319772	-0.000700926	-0.000316131	-0.000884446
0.526534	-0.00558316	0.319776	0.000394159	-0.000262041	0.000546904
0.526535	-0.00558173	0.319779	0.000322317	0.000308709	0.00136072
0.526534	-0.00558453	0.319778	0.000256592	-0.000723197	0.000469708
0.526535	-0.00558167	0.319778	0.000414829	0.000492996	0.000645792
0.526534	-0.00558164	0.319776	4.29403e-05	0.000324744	9.30372e-05
0.526534	-0.00558452	0.319779	7.35653e-07	-0.000749743	0.000529759
0.526535	-0.00558308	0.31978	0.000366566	-2.25606e-05	0.000786855
0.526534	-0.00558321	0.319777	-0.000332849	-5.72265e-05	-0.000709498
0.526537	-0.00558476	0.31978	0.000588795	-0.000533414	0.000150134
0.526534	-0.00558456	0.319777	-0.000167865	-0.000302389	-0.000650458
0.526535	-0.00558308	0.319782	-7.00239e-05	0.000284442	0.00103021
0.526537	-0.00558616	0.319786	0.000549462	-0.000835729	0.00195319
0.526535	-0.00558748	0.319778	-0.000239773	-0.00099737	-0.000912683
0.526537	-0.00558895	0.319783	0.000454123	-0.00115411	0.00114104
0.526538	-0.0055904	0.319785	0.000594907	-0.00125513	0.00114629
0.526538	-0.0055875	0.319787	0.000449012	0.000130562	0.00127236
0.526536	-0.00559041	0.319783	-0.000347779	-0.000882842	-0.000433527
0.526537	-0.00559157	0.319782	4.0771e-05	-0.000600701	-0.00087933
0.526537	-0.00559082	0.319785	8.1687e-05	-0.000399871	0.000412315
0.526538	-0.00559203	0.319788	0.000422622	-0.000752066	0.00119652
0.526538	-0.00559346	0.319785	0.000252273	-0.000984317	-0.000173388
0.526537	-0.00559193	0.319789	-7.50635e-05	-0.000169995	0.0014482
0.52654	-0.00559583	0.31979	0.000871242	-0.00105077	0.00119904
0.526538	-0.00559488	0.319785	-0.000115191	-0.000259016	-0.000535105
0.526539	-0.00559777	0.31979	0.000265249	-0.0011	0.00103199
0.526538	-0.00559684	0.319789	-5.72875e-05	-0.000782754	0.000348319
0.526539	-0.00559606	0.319788	0.000507657	1.33474e-05	7.03636e-06
0.52654	-0.00559514	0.31979	0.000414506	1.33312e-05	0.000540742
0.52654	-0.00559639	0.319793	0.000231806	-0.000486553	0.00129072
0.526541	-0.00559606	0.319794	0.000456284	0.00011142	0.00123907
0.526542	-0.00559916	0.319794	0.000579563	-0.000849285	0.000728282
0.526541	-0.00560333	0.319793	0.0001425	-0.00154622	0.000152861
0.526541	-0.00560667	0.319793	8.46579e-05	-0.00200716	0.000104327
0.52654	-0.00560428	0.319793	-0.000520811	-0.000848227	-0.000218525
0.526541	-0.00560208	0.319798	-2.66082e-06	0.000417935	0.00170619
0.52654	-0.00560415	0.319794	-6.73391e-06	-0.000705087	0.000184188
0.52654	-0.00560533	0.319797	-1.52787e-05	-0.000958098	0.00107365
0.526541	-0.00560341	0.319798	3.02887e-05	0.000342976	0.000738399
0.526541	-0.00560668	0.319797	0.000231152	-0.000748518	0.000344231
0.526539	-0.00560828	0.319795	-0.000411998	-0.000994464	-0.000513823
0.526542	-0.00560574	0.319797	0.000640063	-0.00017617	0.000344085
0.52654	-0.00560651	0.319799	-0.000161205	-0.000121669	0.00090184
0.526543	-0.00560675	0.319801	0.000474992	-7.44243e-05	0.000884474
0.52654	-0.00560975	0.319793	-0.000342514	-0.00267792	-0.00164057
0.526541	-0.00561268	0.319793	-0.000287548	-0.00620054	-0.00157925
0.526541	-0.00561273	0.319797	0.000125731	-0.00452481	0.000303834
0.526541	-0.00561419	0.319796	-0.000455101	-0.00378615	-0.000515702
0.526541	-0.00560985	0.319799	-4.43954e-05	-0.00126916	0.000474395
0.52654	-0.00561275	0.319795	-0.000363422	-0.00198618	-0.0010404
0.526542	-0.0056142	0.3198	0.000336652	-0.00193188	0.00103288
0.52654	-0.00561418	0.319792	-0.00067141	-0.00137313	-0.00191144
0.526539	-0.0056135	0.319796	-0.000434994	-8.40628e-06	0.0001641
0.52654	-0.00562009	0.319798	1.98422e-05	-0.00200584	0.000525301
0.52654	-0.00561818	0.319796	4.39452e-07	-0.00138156	-0.000140173
0.526539	-0.00562116	0.319797	-0.000290051	-0.00142956	1.37464e-05
0.526538	-0.00561764	0.319797	-0.000753602	-6.06176e-06	0.000206612
0.526539	-0.00562361	0.319796	-0.000225438	-0.00245255	-0.00042025
0.526538	-0.00562398	0.319796	-0.000163182	-0.00116813	0.00018273
0.526539	-0.00562733	0.319795	9.05265e-05	-0.00170597	-0.000511985
0.526537	-0.0056262	0.319793	-0.000465826	-0.000698642	-0.00106659
0.526537	-0.00562759	0.319791	-0.000391312	-0.00091419	-0.00124493
0.526536	-0.00562485	0.31979	-0.000548561	0.000308842	-0.00122256
0.526537	-0.00562631	0.319796	-6.80538e-06	-0.000283899	0.00106187
0.526535	-0.00562485	0.319791	-0.000606216	0.000298361	-0.000553641
0.526536	-0.00562779	0.319788	-0.000217743	-0.000780926	-0.00149302
0.526534	-0.0056263	0.31979	-0.000634024	-2.60292e-05	-0.000257013
0.526535	-0.00562772	0.319789	-0.000154625	-0.00046841	-0.000757047
0.526535	-0.00562635	0.319789	-0.000150091	0.000125649	-7.18638e-05
0.526536	-0.00563203	0.31979	0.00022869	-0.00181276	-9.5151e-05
0.526536	-0.00563156	0.319791	-0.000152787	-0.000283908	1.41101e-05
0.526535	-0.00563816	0.319793	-7.22863e-05	-0.00253171	0.00101496
0.526535	-0.00563522	0.319788	-0.000104981	-0.000756772	-0.00081226
0.526535	-0.00563762	0.319789	-3.24531e-05	-0.000944385	-3.09257e-05
0.526535	-0.00563519	0.319789	-2.39464e-05	0.000298163	-0.000508565
0.526536	-0.00563811	0.319787	0.000514167	-0.000732923	-0.000566393
0.526536	-0.00564219	0.319793	0.000114142	-0.00146113	0.00121609
0.526536	-0.00564114	0.319789	7.26835e-05	-0.00214227	-0.000144553
0.526535	-0.00564416	0.319792	-0.000269667	-0.00252695	0.000475734
0.526535	-0.00564243	0.319787	-0.000237436	-0.000818929	-0.00117658
0.526534	-0.00564578	0.319791	-0.000463664	-0.00159008	0.000273239
0.526534	-0.00565027	0.319791	-0.000610371	-0.00258401	0.000291775
0.526535	-0.00564739	0.319787	-0.000132695	-0.00244237	-0.00135106
0.526537	-0.00564592	0.319792	0.00108268	-0.00130434	0.00110173
0.526536	-0.00564849	0.319791	0.000166616	-0.00147868	0.000474292
0.526535	-0.00565292	0.319792	-0.000185419	-0.00205954	0.00042339
0.526535	-0.00564903	0.319788	-0.000103212	1.8936e-05	-0.000673422
0.526536	-0.00565215	0.31979	0.000217334	-0.00102446	-6.33556e-05
0.526535	-0.00565483	0.31979	7.55395e-05	-0.00120591	-9.03337e-05
0.526534	-0.00565669	0.31979	-0.00017629	-0.00131512	9.50712e-05
0.526533	-0.00565384	0.319787	-0.000446882	7.42604e-05	-0.000832789
0.526534	-0.00565901	0.319789	-0.000313644	-0.00255169	-6.96693e-05
0.526534	-0.00565721	0.319789	-0.000239325	-0.00136917	-7.19086e-05
0.526533	-0.00565709	0.319786	-0.000185242	-0.00102441	-0.00102383
0.526532	-0.00566402	0.319784	-0.000693787	-0.00271495	-0.000933058
0.526531	-0.00566583	0.319783	-0.000480637	-0.00235642	-0.00110998
0.526533	-0.00566381	0.319784	0.000277032	-0.000156731	-0.000461601
0.526531	-0.00566603	0.319781	-0.000449129	-0.000619103	-0.00110195
0.52653	-0.00566932	0.319782	-0.000613047	-0.00308072	-0.000624049
0.526529	-0.00566788	0.319782	-0.00102302	-0.00337582	-0.000233271
0.526528	-0.00566753	0.319777	-0.000949676	-0.00200978	-0.00195631
0.526528	-0.00567224	0.319778	-0.000671962	-0.00295612	-0.000836739
0.526527	-0.00566922	0.319774	-0.000722613	-0.000705816	-0.00190056
0.526524	-0.00566847	0.31977	-0.00143848	-0.000568839	-0.00247165
0.526525	-0.00567337	0.319773	-0.000630526	-0.0014272	-0.000746611
0.526524	-0.00567147	0.319771	-0.000755522	-0.000529177	-0.00139861
0.526523	-0.00567208	0.319769	-0.000796205	9.5499e-05	-0.00132031
0.526524	-0.00567391	0.319771	-0.000203805	2.46131e-05	-0.000467087
0.526524	-0.00567486	0.319772	8.67142e-05	-0.00213923	0.000514084
0.526521	-0.00567141	0.319766	-0.000751186	-0.000116424	-0.00170803
0.526521	-0.00567464	0.319764	-0.00055471	-0.00116612	-0.0016468
0.526519	-0.00567037	0.319762	-0.000919806	0.000592114	-0.00184878
0.52652	-0.00567443	0.319766	-0.000332431	-0.000638317	0.000106303
0.526519	-0.00567191	0.319765	-0.000479156	0.000492446	-0.000294485
0.526518	-0.00567754	0.319759	-0.00069956	-0.00116763	-0.00206347
0.526518	-0.00567649	0.319761	-0.000185635	-0.000318763	-0.000530017
0.526517	-0.00567776	0.319759	-0.000421299	-0.000235979	-0.000736488
0.526517	-0.00567383	0.31976	-0.000516587	0.00129727	-0.000368013
0.526518	-0.00567539	0.319759	-9.83479e-05	0.000369018	-0.000370737
0.526517	-0.00567948	0.31976	-0.000281556	-0.00239486	-6.8822e-05
0.526517	-0.00567847	0.319754	-0.000254577	-0.00125321	-0.00153513
0.526516	-0.00567857	0.319757	-0.00047379	-0.000950546	-0.00045576
0.526516	-0.00567856	0.319756	-6.52888e-05	-0.000702368	-0.000434081
0.526513	-0.00567712	0.319754	-0.000918732	-4.57454e-05	-0.000958163
0.526515	-0.00567859	0.319755	-3.58938e-05	-0.000563951	-0.000357989
0.526514	-0.00567856	0.319752	-3.6297e-05	-0.000399762	-0.000721743
0.526515	-0.00568012	0.319754	4.60693e-05	-0.000791286	5.24361e-05
0.526515	-0.00568091	0.319755	0.000209344	-5.75273e-05	0.000327173
0.526514	-0.0056816	0.319754	-3.40902e-05	-5.24848e-05	-7.16772e-05
0.526516	-0.00568038	0.319752	0.000541298	0.000436743	-0.000696492
0.526514	-0.00567932	0.319754	-0.000261913	0.000289176	0.000133864
0.526515	-0.00567862	0.319752	0.000138259	0.000675477	-0.000431639
0.526516	-0.00568078	0.319754	0.00037889	-0.000536778	0.000100231
0.526515	-0.00567897	0.319752	-0.000103235	0.000129673	-0.000366838
0.526517	-0.00568256	0.319757	-0.000324836	-0.000396466	0.000297096
0.526517	-0.00568042	0.319754	-0.000371054	0.000704582	-0.000882731
0.526516	-0.00568096	0.319753	-0.000875581	-1.79014e-05	-0.00141258
0.526516	-0.00567917	0.319752	-0.000273322	0.000477824	-0.00105269
0.526515	-0.00568018	0.319752	-0.000530044	0.000320215	-0.000664581
0.526515	-0.00567915	0.319752	-0.000109349	0.000690075	-0.000117259
0.526517	-0.00567772	0.319753	0.000211385	0.000960031	0.000281055
0.526516	-0.00568216	0.319755	-7.7352e-05	-0.000831223	0.000306242
0.526516	-0.00568077	0.319754	-0.000195362	-6.60673e-05	-0.000349458
0.526515	-0.00567778	0.319751	-0.000360978	0.000938245	-0.000580538
0.526515	-0.00568035	0.319752	1.18099e-05	0.000135969	-3.44857e-05
0.526516	-0.00568074	0.319754	1.43996e-05	8.5209e-05	0.000408049
0.526516	-0.00568119	0.319755	0.000298506	-0.000427378	0.000655767
0.526514	-0.00568234	0.319748	-0.000690358	-0.000776043	-0.00162432
0.526514	-0.00568039	0.319751	-0.000194548	0.00046542	0.000179265
0.526515	-0.00568186	0.31975	0.000172893	0.000307439	-0.000401154
0.526515	-0.00568388	0.31975	0.000108949	-0.000283678	-0.000268783
0.526515	-0.00568141	0.319753	-0.000196923	0.000300891	0.000358877
0.526514	-0.00568108	0.319751	-0.00042926	0.000197012	-0.000147074
0.526514	-0.00568353	0.319752	-0.00029167	-0.000347257	-9.61954e-05
0.526514	-0.00568129	0.319752	-0.000143537	0.000252905	0.000448831
0.526513	-0.00567921	0.31975	-0.000131506	0.00114817	-0.000219331
0.526513	-0.00568278	0.319751	-0.000103596	-0.000702742	-0.000141616
0.526516	-0.00568253	0.319749	0.000523548	-0.0004772	-0.000710572
0.526512	-0.00568388	0.319752	-0.000849244	-0.000798745	0.000324217
0.526514	-0.00568383	0.319752	0.000331286	-0.000528932	0.000419523
0.526515	-0.00568351	0.319753	0.000523245	0.00012557	0.000665174
0.526512	-0.00568385	0.31975	-0.000828122	9.44565e-05	-0.000610947
0.526513	-0.00568552	0.319752	-0.000290077	-0.000430465	-4.19837e-05
0.526511	-0.00568696	0.319749	-0.000353973	-0.001915	-0.000601839
0.526511	-0.0056899	0.31975	-0.000235261	-0.00235895	9.39495e-05
0.526513	-0.00568405	0.31975	0.000498265	0.000300704	-5.49098e-05
0.526513	-0.00568585	0.319752	1.33309e-05	-0.000831166	0.000481842
0.526514	-0.00568367	0.319756	0.000625866	0.000377337	0.00158029
0.526512	-0.00568389	0.319751	-0.000249955	0.000226084	-0.000250807
0.526511	-0.00568656	0.31975	-0.000142111	-0.000361992	-0.000142155
0.526511	-0.00568846	0.319753	-7.58798e-05	-0.000761286	0.000881078
0.526512	-0.00568421	0.31975	-7.18944e-05	0.000945013	-0.000883663
0.526512	-0.00568465	0.319752	1.32042e-06	0.000132555	0.000411796
0.526513	-0.00568717	0.319754	0.000257704	-0.000891658	0.000639889
0.526511	-0.00568083	0.31975	-0.000408955	0.00184306	-0.000837312
0.526512	-0.00568004	0.319749	-0.000272687	0.00122434	-0.000558209
0.526512	-0.00568417	0.319747	0.000361427	-0.000652896	-0.001016
0.526512	-0.00568521	0.31975	-9.69427e-05	-0.000443468	-0.000183926
0.52651	-0.00568407	0.319748	-0.000356616	0.00019735	-0.000508182
0.526514	-0.00567834	0.319754	0.000733507	0.00208027	0.00181681
0.526511	-0.00568275	0.319751	-0.000324877	-7.24109e-05	0.000127643
0.526511	-0.00568424	0.31975	-5.77963e-07	-0.000541786	-6.29322e-05
0.526513	-0.00568133	0.319753	0.000586922	0.000607979	0.00119205
0.526511	-0.00567837	0.31975	-0.000205102	0.00139146	-0.000469202
0.526512	-0.00567694	0.319753	0.000207983	0.00140557	0.000583323
0.526512	-0.0056756	0.319749	-0.000178353	0.0013859	-0.000972537
0.526512	-0.00567839	0.319751	0.000150698	-8.20027e-06	0.000204925
0.526511	-0.00567429	0.319749	-0.000449565	0.00136292	-0.000616485
0.526513	-0.00567561	0.319753	0.000587566	0.000465623	0.00074789
0.526511	-0.00567563	0.31975	-0.000203079	0.00030319	-0.00027254
0.526512	-0.00567415	0.31975	-0.000100045	0.000695105	-0.000159063
0.526512	-0.00567417	0.31975	0.000218259	0.000456607	-0.000208403
0.526513	-0.00567875	0.319751	0.000434776	-0.00159526	0.000739404
0.526512	-0.00567559	0.319749	-0.000324771	-0.000132041	-0.000300827
0.526512	-0.00567946	0.319748	7.7297e-05	-0.00102505	-0.000721839
0.526514	-0.00567842	0.31975	0.000621062	-0.000239979	0.000269696
0.526512	-0.00567559	0.319748	-0.000170281	0.000813125	-0.000596177
0.526511	-0.00567694	0.319747	-0.000415582	0.000103648	-0.000783015
0.526512	-0.00567695	0.319753	6.81662e-05	6.98454e-05	0.00176647
0.526514	-0.00567843	0.31975	0.000586978	-0.000445855	4.82839e-05
0.526511	-0.00567853	0.319747	-0.000500943	-0.000331398	-0.00112208
0.526514	-0.00567451	0.319753	0.000294329	0.0007479	0.000945295
0.526511	-0.00567655	0.319749	-0.000445362	6.6332e-05	-0.000651493
0.526512	-0.00567682	0.319749	3.03336e-05	3.75239e-05	-2.61334e-05
0.526511	-0.00567583	0.319748	-0.000247339	-1.20415e-05	-0.000375512
0.526511	-0.00568093	0.319746	-0.000233674	-0.00143464	-0.00120003
0.526512	-0.00567972	0.31975	0.000170162	-0.00046416	0.000510182
0.52651	-0.00567988	0.319745	-0.000568306	-0.00031076	-0.00140373
0.526511	-0.00568133	0.319752	-5.15998e-06	-0.000695569	0.00137811
0.526511	-0.00568314	0.319746	-6.1834e-05	-0.00144209	-0.000981747
0.526511	-0.00567877	0.319749	-7.2505e-06	2.17444e-05	0.00027256
0.526511	-0.00567902	0.31975	1.25013e-05	0.000496885	0.000664789
0.526511	-0.00568258	0.319747	-2.5483e-05	-0.000646052	-0.000481444
0.52651	-0.0056813	0.319749	0.000744403	4.98057e-05	0.000999918
0.526509	-0.00568606	0.319746	0.000281377	-0.00192625	-0.000117078
0.526508	-0.0056857	0.319741	-0.000366128	-0.00128843	-0.00172767
0.526509	-0.00568816	0.319744	0.000329815	-0.00134998	-0.000392328
0.52651	-0.00568738	0.319744	0.000289836	-0.000901096	-0.000208777
0.526509	-0.00568678	0.319743	-7.17428e-05	-0.000116115	-0.00050426
0.526509	-0.00568997	0.319743	0.000259529	-0.00104556	6.71745e-05
0.526508	-0.00569151	0.319738	0.000146268	-0.0011784	-0.00140746
0.52651	-0.00569087	0.319741	-0.00028941	-0.00146806	-0.0030883
0.526508	-0.00569289	0.319738	-0.0012309	-0.00130207	-0.00300817
0.526506	-0.0056981	0.319731	-0.000986466	-0.000802444	-0.00369633
0.526507	-0.00570223	0.319737	-0.00103895	-0.00130138	-0.00200117
0.526508	-0.00570451	0.319731	-0.000226514	-0.000294844	-0.0029387
0.52651	-0.00571378	0.319732	0.000154725	-0.00341054	-0.00177034
0.52651	-0.0057202	0.319725	-0.000418479	-0.00471782	-0.00376178
0.526514	-0.0057308	0.319724	0.000955404	-0.00511715	-0.00418961
0.526516	-0.00573588	0.319727	0.0013074	-0.00450741	-0.00340124
0.52652	-0.00574397	0.319725	0.00192144	-0.00381631	-0.00278513
0.526526	-0.00575329	0.31973	0.00307206	-0.00537558	0.000213552
0.526529	-0.00575763	0.319728	0.00169147	-0.00594404	-0.00175409
0.526532	-0.00576121	0.319724	0.00212908	-0.00520863	-0.00145213
0.526538	-0.00576923	0.319724	0.00407394	-0.00724186	-0.000556444
0.526543	-0.00577562	0.319725	0.00434268	-0.00703263	-0.000700932
0.526551	-0.00577724	0.319724	0.00542127	-0.00412103	-0.000998223
0.526558	-0.00578842	0.319728	0.00659187	-0.00534621	0.000560774
0.526562	-0.00578965	0.319722	0.00609563	-0.00311787	-0.00182729
0.526569	-0.00580326	0.319723	0.00631007	-0.00540644	-0.00123551
0.526576	-0.00580687	0.319722	0.00709479	-0.00506823	-0.000882842
0.526585	-0.00581278	0.319723	0.00806464	-0.0047413	0.00177594
0.526593	-0.00581863	0.319724	0.0084021	-0.00560503	0.00182062
0.526602	-0.005821	0.319722	0.00891972	-0.00363893	0.00071921
0.52661	-0.00582726	0.319718	0.00783628	-0.00320521	-0.0013393
0.526621	-0.00583124	0.319726	0.00969022	-0.00239004	0.00372909
0.52663	-0.00583715	0.319722	0.00917534	-0.00344263	-0.000509154
0.526641	-0.00584183	0.319726	0.0091512	-0.00638205	0.00036659
0.526649	-0.00585001	0.319724	0.00839076	-0.00525532	-0.00113475
0.526659	-0.0058562	0.31973	0.0084172	-0.00769616	0.00213394
0.52667	-0.00586091	0.319729	0.0102196	-0.00689877	0.00360518
0.526682	-0.00586348	0.319732	0.0103605	-0.00588318	0.00265447
0.526694	-0.00587323	0.31973	0.0103033	-0.00765187	0.00110548
0.526706	-0.00587966	0.31973	0.0110006	-0.00737944	-5.59846e-05
0.526719	-0.00588833	0.319733	0.0110851	-0.00650136	0.00230948
0.526732	-0.00588929	0.319738	0.0117081	-0.00496415	0.00217344
0.526744	-0.00589435	0.319738	0.0114842	-0.00334662	0.000736886
0.526759	-0.00590294	0.319741	0.0117098	-0.00526925	0.00105887
0.526773	-0.00590947	0.319746	0.012424	-0.00563949	0.00237769
0.526786	-0.00591262	0.319742	0.0114283	-0.00542437	-0.000524671
0.5268	-0.00592435	0.319746	0.0121281	-0.00563428	0.00117008
0.526816	-0.00592888	0.319746	0.0133549	-0.00535568	0.00118096
0.52683	-0.00593961	0.31975	0.0124439	-0.00832235	-0.000252273
0.526846	-0.00594574	0.319753	0.0135326	-0.00951818	0.00350935
0.526861	-0.00595253	0.31975	0.0145308	-0.00882626	0.00109017
0.526878	-0.00596211	0.319756	0.0159163	-0.0088012	0.00394308
0.526896	-0.00596515	0.319758	0.0177094	-0.00681175	0.00508557
0.526913	-0.00597599	0.319759	0.017982	-0.00741461	0.00407236
0.526932	-0.00598786	0.319766	0.0179503	-0.00824141	0.00549105
0.526948	-0.00600074	0.319763	0.0173404	-0.00882741	0.00356417
0.526966	-0.00600699	0.319764	0.0174599	-0.00726294	0.00270963
0.526986	-0.00601741	0.319765	0.0183372	-0.00933171	0.00323847
0.527004	-0.00603255	0.319767	0.0175077	-0.00965251	0.0035193
0.527026	-0.00604062	0.319775	0.0194134	-0.00956031	0.00549442
0.527042	-0.00605308	0.319769	0.0176869	-0.0115521	0.000204337
0.527064	-0.00606113	0.319774	0.018982	-0.010542	0.0016433
0.527083	-0.00607637	0.319774	0.0184221	-0.0106998	6.77906e-05
0.527102	-0.00608965	0.319776	0.0193363	-0.011402	0.00173422
0.527125	-0.00609927	0.319781	0.0201738	-0.012607	0.00268838
0.527147	-0.00611274	0.319783	0.0211017	-0.0129476	0.00405175
0.527168	-0.00612657	0.319788	0.0204936	-0.013146	0.00447383
0.527189	-0.00614191	0.319785	0.0202068	-0.0137726	0.000428014
0.527213	-0.00615286	0.319793	0.0216921	-0.0111027	0.00261182
0.527237	-0.0061693	0.319798	0.0218304	-0.0122891	0.00320656
0.527258	-0.00618359	0.319794	0.0219785	-0.0143064	0.00129681
0.527281	-0.00619877	0.319794	0.0224997	-0.0125015	0.00136664
0.527303	-0.00621282	0.319797	0.0238131	-0.0138796	0.00239867
0.527327	-0.00623017	0.319798	0.0244602	-0.0148703	0.00258175
0.527352	-0.00624513	0.319804	0.0243549	-0.0140333	0.00366583
0.527378	-0.00625849	0.319806	0.025676	-0.0134751	0.00380941
0.527405	-0.00627349	0.319816	0.0259548	-0.0130962	0.00420568
0.527431	-0.00629531	0.319818	0.0252735	-0.0136306	0.00141584
0.527458	-0.0063049	0.319819	0.0260097	-0.0111181	0.00116613
0.527484	-0.00632254	0.319825	0.0264416	-0.0123982	0.00211544
0.527512	-0.00634092	0.319828	0.0271863	-0.0149141	0.000676709
0.527542	-0.00635826	0.319835	0.0279495	-0.014642	0.00226854
0.52757	-0.00637674	0.319841	0.0278399	-0.0160916	0.00315026
0.527599	-0.00639746	0.319847	0.0280108	-0.0164968	0.00309869
0.527629	-0.00641107	0.319854	0.0282941	-0.0164138	0.00404645
0.527659	-0.00642781	0.319859	0.0288805	-0.0169614	0.00451179
0.527691	-0.00644704	0.319867	0.0301787	-0.0167565	0.00624588
0.527721	-0.00646765	0.319868	0.0299129	-0.0170244	0.00478823
0.527752	-0.00648307	0.319872	0.0312409	-0.0163612	0.00585824
0.527783	-0.00650713	0.319877	0.0300146	-0.017736	0.00479378
0.527819	-0.00652579	0.319891	0.0325262	-0.0162068	0.00868201
0.52785	-0.00654271	0.319892	0.0319836	-0.0184274	0.00721797
0.527882	-0.00656534	0.319902	0.0320921	-0.0177993	0.0088555
0.527915	-0.00658953	0.319905	0.0333671	-0.0182355	0.00845233
0.527947	-0.00660847	0.319909	0.0336138	-0.0177596	0.00853622
0.52798	-0.0066293	0.319918	0.0339584	-0.0163159	0.00992454
0.528013	-0.00665216	0.319919	0.0348247	-0.0195701	0.00912518
0.528047	-0.00667261	0.319926	0.0346608	-0.0171634	0.00929377
0.52808	-0.00669471	0.319933	0.0343178	-0.0185901	0.00999404
0.528115	-0.00671639	0.319935	0.0339932	-0.0202556	0.00729033
0.528147	-0.00673918	0.31994	0.0326749	-0.0220376	0.00713952
0.528183	-0.00676049	0.319949	0.0335367	-0.0212369	0.00651058
0.528215	-0.00678435	0.319953	0.033287	-0.0227704	0.00554654
0.528249	-0.00680483	0.319957	0.0332286	-0.0216897	0.00420777
0.528283	-0.0068272	0.319961	0.0339469	-0.0214871	0.00559006
0.528316	-0.00685279	0.319962	0.0326995	-0.0206436	0.00447005
0.528347	-0.00687428	0.319966	0.0322649	-0.0222471	0.00322661
0.528382	-0.00689216	0.319972	0.0324237	-0.0203132	0.00323815
0.52841	-0.00691914	0.319972	0.0307273	-0.0236031	0.00125394
0.528444	-0.00694176	0.319976	0.0315921	-0.0228093	0.00331015
0.528477	-0.00696296	0.319981	0.0315136	-0.0233703	0.00291232
0.528507	-0.00698009	0.319976	0.0310583	-0.0212253	0.00161932
0.528539	-0.00700647	0.31998	0.0315156	-0.0221654	0.00194866
0.528569	-0.00702687	0.31998	0.0313823	-0.0213263	0.00151708
0.528601	-0.00705365	0.319978	0.0317271	-0.0243455	0.00202304
0.528631	-0.00707595	0.319979	0.0316767	-0.0228147	0.00128686
0.528663	-0.00709748	0.31998	0.0319834	-0.0234353	0.00113027
0.528693	-0.00712322	0.31998	0.0315503	-0.0253756	-0.000879152
0.528723	-0.00714559	0.31998	0.0315944	-0.0252781	-0.000731391
0.528754	-0.00716871	0.319977	0.0319016	-0.0274432	0.000420493
0.528784	-0.00719422	0.319976	0.030471	-0.0278672	-0.00157696
0.528816	-0.00721992	0.319974	0.0313515	-0.0281814	-0.00185461
0.528846	-0.00723988	0.319975	0.030318	-0.0264115	-0.00246462
0.528876	-0.0072672	0.319976	0.0295755	-0.0276766	-0.00221286
0.528908	-0.00728902	0.319974	0.030015	-0.0254331	-0.00172778
0.528938	-0.00731307	0.319973	0.0307652	-0.0259353	-0.000728466
0.528969	-0.00734298	0.319973	0.0303548	-0.0277862	-0.00157635
0.528999	-0.00736366	0.319971	0.0313133	-0.024924	-0.000916453
0.52903	-0.00739195	0.319968	0.0304254	-0.0264883	-0.00242226
0.529061	-0.00741522	0.319964	0.0297967	-0.0261149	-0.00516759
0.529093	-0.00743939	0.319965	0.0306638	-0.0259077	-0.005239
0.529125	-0.00746836	0.319966	0.031237	-0.0239838	-0.00383663
0.529157	-0.00749448	0.319961	0.0310108	-0.0231219	-0.00323439
0.52919	-0.00751777	0.319962	0.0314005	-0.0214918	-0.00233112
0.529222	-0.00754391	0.319957	0.0335385	-0.0245857	-0.00119647
0.529254	-0.00756902	0.319958	0.0332663	-0.0253436	-0.000753417
0.529289	-0.00759865	0.319957	0.0353558	-0.0264217	0.00123963
0.529321	-0.0076255	0.31995	0.0341694	-0.0266364	-0.00124358
0.529355	-0.00765509	0.319952	0.0346672	-0.0282361	0.000310611
0.529392	-0.00767792	0.319953	0.0338116	-0.0264807	-0.000532007
0.52942	-0.0077081	0.319945	0.0325868	-0.0289119	-0.00167257
0.529455	-0.00773224	0.319948	0.0340399	-0.0275489	-0.000625972
0.529489	-0.00776546	0.319942	0.0344432	-0.0274075	-0.0012806
0.529522	-0.00778928	0.319941	0.033198	-0.0258746	-0.00335217
0.529556	-0.00782427	0.319937	0.0340696	-0.0299503	-0.00349392
0.529591	-0.00785244	0.319935	0.0347953	-0.028823	-0.0042317
0.529625	-0.00788055	0.319933	0.0337925	-0.0279211	-0.00375136
0.529658	-0.00791021	0.319928	0.0334236	-0.0294669	-0.00444013
0.529692	-0.00794121	0.319925	0.0324166	-0.0277307	-0.00452289
0.529726	-0.00797368	0.319926	0.0332548	-0.0298467	-0.00326236
0.529756	-0.0080039	0.319912	0.0338391	-0.0296761	-0.00550045
0.52979	-0.00802984	0.319911	0.0337845	-0.0254525	-0.00433686
0.529819	-0.0080612	0.319905	0.0336416	-0.0259445	-0.00309721
0.529851	-0.00809689	0.319899	0.0335515	-0.027841	-0.00435832
0.529881	-0.00812974	0.319897	0.0312264	-0.0297851	-0.00617095
0.52991	-0.00815772	0.319888	0.0300493	-0.029253	-0.00908938
0.529938	-0.00818952	0.319879	0.0301046	-0.0322295	-0.00772118
0.529967	-0.00822101	0.319869	0.0310982	-0.0327467	-0.00604962
0.529994	-0.00825232	0.31986	0.0297694	-0.0331035	-0.00699045
0.530023	-0.00828332	0.319853	0.0286445	-0.0311627	-0.00760131
0.530051	-0.00831745	0.319842	0.0281921	-0.0323561	-0.00967425
0.530078	-0.00834929	0.319834	0.0278868	-0.032727	-0.0103385
0.530105	-0.00838482	0.319822	0.0276002	-0.0323968	-0.0101777
0.530132	-0.00841754	0.319811	0.0277159	-0.0323104	-0.0099288
0.53016	-0.00844788	0.319805	0.0271786	-0.0317208	-0.00832811
0.530186	-0.00848341	0.319795	0.0266952	-0.0310422	-0.00954714
0.530211	-0.0085253	0.319785	0.0262989	-0.0342171	-0.0105805
0.530236	-0.0085552	0.319771	0.0262053	-0.0303815	-0.0104826
0.530261	-0.00859204	0.319755	0.0261594	-0.0323287	-0.0124332
0.53029	-0.00862081	0.319747	0.0275124	-0.0308123	-0.00971985
0.530315	-0.00865968	0.319734	0.026346	-0.0331579	-0.0116172
0.530339	-0.00869546	0.319719	0.0258693	-0.0367018	-0.0135391
0.530364	-0.00872729	0.319705	0.0248176	-0.037842	-0.0128893
0.53039	-0.00876151	0.319694	0.0263914	-0.0370498	-0.0101932
0.530418	-0.00879753	0.319685	0.0274475	-0.0368875	-0.00794499
0.530441	-0.00883327	0.319672	0.0263837	-0.034534	-0.00773817
0.530465	-0.00887114	0.319652	0.0254334	-0.0353656	-0.012496
0.530491	-0.00890566	0.319641	0.0257135	-0.0328308	-0.0115475
0.530512	-0.00894339	0.31962	0.023533	-0.0335954	-0.0144887
0.530537	-0.00898127	0.319608	0.0249757	-0.0357423	-0.0130463
0.530559	-0.00901616	0.319591	0.0245073	-0.0364195	-0.0106743
0.53058	-0.00905254	0.319574	0.0242265	-0.0358436	-0.0139885
0.530601	-0.0090919	0.319553	0.0242783	-0.0363714	-0.0135325
0.530622	-0.00913167	0.31954	0.0245979	-0.0355997	-0.0101079
0.530643	-0.00917032	0.319522	0.0251559	-0.0351864	-0.00882932
0.530666	-0.00920829	0.319504	0.0238616	-0.0343816	-0.0128857
0.530686	-0.00924907	0.319481	0.0223973	-0.0376079	-0.0163279
0.530706	-0.00929084	0.319465	0.0222026	-0.0376691	-0.0173232
0.530726	-0.00932869	0.319444	0.0210472	-0.0374251	-0.019434
0.530743	-0.0093678	0.319422	0.0194235	-0.0387034	-0.0198497
0.530762	-0.00941375	0.319402	0.019228	-0.0407072	-0.0201608
0.530781	-0.00945107	0.319384	0.019252	-0.0412157	-0.0188494
0.530798	-0.00949063	0.319362	0.0168905	-0.0389028	-0.020788
0.530812	-0.00952899	0.319336	0.0164553	-0.0383915	-0.0215909
0.530826	-0.00957497	0.319308	0.0149704	-0.0409847	-0.0252774
0.530841	-0.00960773	0.319287	0.0144532	-0.0367467	-0.0250217
0.530855	-0.00965831	0.319262	0.014587	-0.0406712	-0.0252824
0.530869	-0.00969559	0.319235	0.0136064	-0.040633	-0.0257738
0.53088	-0.0097355	0.319212	0.0124446	-0.0384732	-0.0237262
0.530891	-0.00977279	0.31918	0.0123445	-0.0380829	-0.0246004
0.530901	-0.00981391	0.319151	0.0103726	-0.0404743	-0.0278845
0.530911	-0.00985862	0.319123	0.0103316	-0.0425089	-0.026283
0.530918	-0.00989913	0.319091	0.00922174	-0.0415505	-0.0273833
0.530928	-0.00993788	0.319065	0.00841712	-0.0403765	-0.0277096
0.530933	-0.00998282	0.319029	0.00777977	-0.0442674	-0.030349
0.530941	-0.0100224	0.318996	0.00815402	-0.0445987	-0.0323197
0.530947	-0.0100658	0.318967	0.00851513	-0.0419975	-0.0285724
0.530953	-0.0101078	0.318929	0.00718662	-0.0416672	-0.0307018
0.530959	-0.0101489	0.318904	0.00672502	-0.0408802	-0.0275447
0.530964	-0.0101934	0.318869	0.00583402	-0.0417761	-0.028424
0.53097	-0.0102345	0.318842	0.00598428	-0.042597	-0.0282692
0.530973	-0.0102772	0.318802	0.00470003	-0.0420061	-0.0329978
0.530975	-0.0103205	0.318767	0.0044911	-0.0421849	-0.0334363
0.530978	-0.0103585	0.318736	0.0034977	-0.038535	-0.0335943
0.530981	-0.0104016	0.318695	0.00329205	-0.0377976	-0.0372682
0.530984	-0.0104437	0.318666	0.00318234	-0.0396711	-0.0355099
0.530983	-0.0104838	0.318627	0.00120188	-0.0389265	-0.0379364
0.530982	-0.0105279	0.318587	0.000799301	-0.0394171	-0.0393755
0.530985	-0.010573	0.318556	0.00173653	-0.0390503	-0.0371977
0.530986	-0.01062	0.318517	0.0011483	-0.0408678	-0.0376398
0.530984	-0.0106543	0.318476	0.00130742	-0.0381865	-0.0365244
0.530985	-0.010697	0.318442	0.00106506	-0.0409808	-0.0349135
0.530984	-0.0107378	0.318398	0.00133044	-0.0403937	-0.0367708
0.530986	-0.0107841	0.318361	0.00106224	-0.0423783	-0.0377829
0.530985	-0.0108247	0.318319	0.00112859	-0.0396729	-0.0389101
0.530984	-0.0108647	0.318281	0.000601082	-0.0410193	-0.0384669
0.530981	-0.010907	0.318242	-0.000730721	-0.0424901	-0.0397394
0.530979	-0.010947	0.318197	-0.000601008	-0.0398272	-0.0411428
0.530978	-0.0109872	0.318157	-0.000417494	-0.0383307	-0.0388953
0.530975	-0.0110276	0.318121	-0.00104417	-0.0400446	-0.0367509
0.530967	-0.0110733	0.31807	-0.00235501	-0.04	-0.0387922
0.530962	-0.0111141	0.318032	-0.00293802	-0.0378015	-0.038509
0.530959	-0.0111523	0.317987	-0.00287623	-0.0367682	-0.0430667
0.530947	-0.0111935	0.317935	-0.00466021	-0.0372646	-0.0438701
0.530939	-0.0112442	0.317889	-0.00634131	-0.0431785	-0.0448666
0.530931	-0.0112838	0.317841	-0.00693313	-0.0422235	-0.0467306
0.530921	-0.0113267	0.3178	-0.00749338	-0.0399325	-0.0456513
0.530912	-0.0113707	0.317746	-0.00796897	-0.0387012	-0.0486709
0.530902	-0.0114087	0.317699	-0.00900877	-0.0370507	-0.0480314
0.530892	-0.0114524	0.317652	-0.00921117	-0.0372056	-0.0474259
0.53088	-0.0114915	0.317598	-0.00906527	-0.0369792	-0.0492362
0.530869	-0.0115342	0.317551	-0.00951185	-0.0399439	-0.0490701
0.530858	-0.011579	0.317501	-0.0097423	-0.0404999	-0.0496633
0.530841	-0.0116217	0.317446	-0.0128148	-0.0420202	-0.0514901
0.530829	-0.0116654	0.317394	-0.012206	-0.0414418	-0.0498
0.530813	-0.0117129	0.317338	-0.0118028	-0.0426458	-0.0502735
0.530798	-0.0117496	0.317288	-0.0127888	-0.0398552	-0.0519612
0.530779	-0.0117967	0.317232	-0.0140736	-0.0418718	-0.0525407
0.530763	-0.0118334	0.317176	-0.0142105	-0.0415413	-0.0521843
0.530747	-0.0118782	0.317121	-0.014534	-0.0404355	-0.0518067
0.530729	-0.0119195	0.317062	-0.0149787	-0.040347	-0.0538026
0.530712	-0.011956	0.317008	-0.0154456	-0.0370803	-0.0542954
0.530691	-0.011999	0.316949	-0.0167414	-0.0378502	-0.0557793
0.530671	-0.0120437	0.316892	-0.0180052	-0.0416556	-0.0553455
0.53065	-0.0120839	0.316838	-0.0188006	-0.0423059	-0.05542
0.530629	-0.0121257	0.316777	-0.0195751	-0.0411837	-0.0570606
0.530607	-0.012174	0.316719	-0.0214318	-0.0444525	-0.0596826
0.530583	-0.0122173	0.316662	-0.0220503	-0.0426872	-0.0601669
0.530558	-0.0122585	0.316595	-0.0234447	-0.0425683	-0.0618881
0.530532	-0.0123053	0.316532	-0.0237757	-0.0428691	-0.060606
0.530508	-0.0123466	0.316471	-0.0231977	-0.0415557	-0.06155
0.530479	-0.0123902	0.316404	-0.0249533	-0.0411523	-0.0641419
0.530451	-0.0124366	0.316341	-0.0263729	-0.0428786	-0.0631609
0.530423	-0.012481	0.316275	-0.0271162	-0.0439134	-0.0632019
0.530396	-0.012521	0.316211	-0.0259867	-0.0442509	-0.0611005
0.530368	-0.012567	0.316148	-0.0261544	-0.043721	-0.0609986
0.530339	-0.0126179	0.316081	-0.0269315	-0.0463506	-0.0629646
0.530311	-0.0126578	0.316016	-0.0284599	-0.0447329	-0.0670483
0.530282	-0.0127068	0.315953	-0.0291691	-0.0444473	-0.0649391
0.530254	-0.0127522	0.315886	-0.0280656	-0.0443996	-0.0654264
0.530222	-0.0127991	0.31582	-0.0288459	-0.0447948	-0.0646795
0.530191	-0.0128404	0.315754	-0.0286321	-0.0432433	-0.0646089
0.530157	-0.0128878	0.315687	-0.0294133	-0.04132	-0.0649331
0.530123	-0.0129359	0.315612	-0.0310078	-0.0447533	-0.0680277
0.530093	-0.0129762	0.315548	-0.0308853	-0.0436267	-0.0659038
0.530061	-0.0130239	0.315478	-0.0313608	-0.0431682	-0.0670456
0.530027	-0.013071	0.31541	-0.0315647	-0.0444101	-0.066235
0.529995	-0.013116	0.315341	-0.031562	-0.0459267	-0.0655488
0.529964	-0.0131647	0.315276	-0.0311124	-0.0453392	-0.0635028
0.529932	-0.013208	0.315205	-0.0317141	-0.0440389	-0.0675097
0.5299	-0.0132549	0.315137	-0.0311646	-0.0440828	-0.0667022
0.529866	-0.0133064	0.31507	-0.0319458	-0.0487234	-0.0669733
0.529835	-0.0133535	0.314999	-0.0303993	-0.0492555	-0.065987
0.529801	-0.0134021	0.314928	-0.0315298	-0.0500744	-0.0666969
0.52977	-0.0134508	0.31486	-0.0322451	-0.0491096	-0.0676692
0.529738	-0.0134965	0.314793	-0.0328596	-0.0473439	-0.0670282
0.529705	-0.013548	0.314721	-0.0324976	-0.0497832	-0.0685165
0.52967	-0.013594	0.314652	-0.0331177	-0.0466758	-0.0681629
0.529636	-0.0136433	0.31458	-0.0331109	-0.0481547	-0.069405
0.529603	-0.013691	0.314507	-0.0322841	-0.0476513	-0.0714017
0.52957	-0.0137363	0.31444	-0.0330457	-0.0462919	-0.0710804
0.529535	-0.0137892	0.314368	-0.0336025	-0.0494604	-0.0732082
0.529502	-0.0138355	0.314295	-0.0333113	-0.050389	-0.0737416
0.529471	-0.0138919	0.314229	-0.0327991	-0.0529525	-0.0717333
0.529438	-0.0139366	0.314153	-0.0336373	-0.0509853	-0.075535
0.52941	-0.0139854	0.314091	-0.0315774	-0.0514678	-0.0712964
0.529377	-0.0140366	0.31402	-0.0321072	-0.0489294	-0.0722101
0.529346	-0.0140815	0.313951	-0.03105	-0.045565	-0.071786
0.529319	-0.0141324	0.313882	-0.0308262	-0.0478761	-0.0706849
0.529287	-0.0141812	0.313818	-0.0315684	-0.0474072	-0.0673159
0.529259	-0.0142317	0.313749	-0.030681	-0.0480691	-0.0679652
0.529232	-0.0142771	0.313684	-0.0292424	-0.0497667	-0.0662861
0.529202	-0.0143284	0.313613	-0.0305171	-0.049804	-0.0699791
0.529176	-0.0143749	0.313551	-0.0294124	-0.0490067	-0.06733
0.529148	-0.0144253	0.313478	-0.0289339	-0.0500609	-0.0681448
0.529121	-0.0144819	0.313415	-0.0293321	-0.0532295	-0.0676844
0.529094	-0.0145274	0.313353	-0.0275856	-0.0513777	-0.0638469
0.529068	-0.0145805	0.313286	-0.0274436	-0.0510452	-0.0661365
0.529041	-0.0146337	0.313219	-0.0269384	-0.052314	-0.0655942
0.529016	-0.014677	0.313153	-0.0257177	-0.0486741	-0.0646239
0.528989	-0.0147246	0.313087	-0.0258137	-0.0481294	-0.0657236
0.528965	-0.0147781	0.313031	-0.0258396	-0.0501944	-0.0634396
0.528942	-0.0148259	0.31297	-0.024458	-0.0500622	-0.060444
0.528917	-0.0148785	0.312906	-0.025778	-0.0495388	-0.0627599
0.528894	-0.014929	0.312846	-0.0251834	-0.0469957	-0.0614104
0.528871	-0.0149757	0.312785	-0.0236798	-0.046255	-0.0596458
0.52885	-0.0150242	0.31273	-0.022408	-0.0462736	-0.0583008
0.528827	-0.0150784	0.312666	-0.0233252	-0.0476887	-0.060893
0.528804	-0.0151259	0.312602	-0.0240304	-0.0466794	-0.0623362
0.528784	-0.0151787	0.312551	-0.0232029	-0.0491001	-0.0602704
0.52876	-0.0152234	0.312483	-0.024442	-0.048412	-0.066401
0.528741	-0.0152787	0.312426	-0.0225254	-0.0510134	-0.0628515
0.528721	-0.0153258	0.312369	-0.0218044	-0.051163	-0.0617106
0.5287	-0.0153811	0.312311	-0.0219399	-0.0526546	-0.0606906
0.528684	-0.0154336	0.312259	-0.0205954	-0.0547895	-0.0575803
0.528665	-0.0154839	0.3122	-0.0202333	-0.053471	-0.0595904
0.528646	-0.0155344	0.312146	-0.0210077	-0.054418	-0.0599378
0.528628	-0.0155864	0.312085	-0.0197221	-0.0541162	-0.0597838
0.528608	-0.0156384	0.312026	-0.0195259	-0.0538333	-0.058122
0.528594	-0.0156891	0.311974	-0.0186466	-0.0530531	-0.0564712
0.528577	-0.0157438	0.311922	-0.0178529	-0.0519107	-0.0541078
0.528561	-0.015796	0.311861	-0.0176645	-0.0516678	-0.0568635
0.528545	-0.0158468	0.311815	-0.017383	-0.0509266	-0.0538042
0.528532	-0.0159035	0.311759	-0.0161702	-0.0525147	-0.0549791
0.528516	-0.0159547	0.311706	-0.0156827	-0.048758	-0.0538155
0.528503	-0.0160015	0.311654	-0.0141889	-0.0483716	-0.052439
0.52849	-0.0160608	0.311603	-0.0130254	-0.0521673	-0.0516329
0.528477	-0.0161114	0.311554	-0.0136097	-0.0500061	-0.0495273
0.528463	-0.0161605	0.311497	-0.0133017	-0.0480626	-0.0511185
0.52845	-0.0162116	0.311446	-0.0120194	-0.0477194	-0.0473678
0.528439	-0.0162646	0.311396	-0.0102571	-0.0490916	-0.0455982
0.528428	-0.0163211	0.311344	-0.0106185	-0.0494142	-0.0473213
0.528417	-0.0163734	0.311296	-0.010695	-0.0480089	-0.0486501
0.528405	-0.0164246	0.311243	-0.0102976	-0.050098	-0.0482941
0.528395	-0.0164812	0.311193	-0.010788	-0.0534282	-0.0505187
0.528386	-0.0165338	0.311143	-0.0100479	-0.0549093	-0.0511657
0.528378	-0.0165822	0.311095	-0.00907723	-0.0534221	-0.0492317
0.52837	-0.0166423	0.311046	-0.00752449	-0.0553176	-0.0481593
0.528361	-0.016697	0.311002	-0.00779576	-0.0539243	-0.0479115
0.528355	-0.0167514	0.310953	-0.00745291	-0.0535457	-0.0474473
0.528345	-0.0168011	0.310897	-0.00690863	-0.0501353	-0.047194
0.52834	-0.0168581	0.310855	-0.006722	-0.0552161	-0.0467941
0.528332	-0.016908	0.310809	-0.00630414	-0.0553476	-0.0461391
0.528326	-0.0169609	0.310763	-0.00644063	-0.0553148	-0.0456997
0.52832	-0.017017	0.310718	-0.00645654	-0.0557421	-0.0451745
0.528315	-0.017071	0.310677	-0.00644963	-0.0553628	-0.0453815
0.528313	-0.0171206	0.310635	-0.0048352	-0.053776	-0.043975
0.528307	-0.0171772	0.310592	-0.00553785	-0.0549822	-0.0432341
0.528303	-0.0172296	0.310549	-0.00465902	-0.0561146	-0.0418915
0.528301	-0.0172869	0.310509	-0.00420517	-0.0591127	-0.0410463
0.528297	-0.0173389	0.310465	-0.00412239	-0.0553121	-0.0425365
0.528295	-0.0173924	0.310424	-0.00193533	-0.0556698	-0.0377225
0.528294	-0.0174456	0.310383	-0.000873781	-0.0580369	-0.0383274
0.528288	-0.0175062	0.31034	-0.00241793	-0.0598903	-0.040169
0.528286	-0.0175611	0.310296	-0.00242376	-0.0597823	-0.041113
0.528285	-0.0176178	0.310259	-0.00199553	-0.0564177	-0.0394353
0.528284	-0.0176724	0.310221	-0.0017978	-0.0534333	-0.0383814
0.528281	-0.0177294	0.31018	-0.00239929	-0.0550374	-0.0393685
0.528281	-0.0177894	0.310147	-0.00211207	-0.0582674	-0.0360332
0.528279	-0.017844	0.310104	-0.00258194	-0.0571714	-0.0380845
0.528279	-0.017903	0.31007	-0.00210362	-0.0579189	-0.0390234
0.528276	-0.0179628	0.310031	-0.00323634	-0.0560963	-0.0401346
0.528274	-0.0180144	0.309994	-0.00362857	-0.0550605	-0.0408836
0.528274	-0.018073	0.309961	-0.00270534	-0.0563263	-0.0388042
0.528273	-0.0181312	0.309923	-0.0018412	-0.057481	-0.0374375
0.528273	-0.0181881	0.309892	-0.00102256	-0.0558736	-0.0354765
0.528272	-0.018247	0.309854	-0.00181429	-0.0552143	-0.0390969
0.528271	-0.0183017	0.309817	-0.00151809	-0.0549313	-0.0375316
0.52827	-0.0183624	0.309782	-0.00129616	-0.055073	-0.0374754
0.528271	-0.0184213	0.30975	-0.000223958	-0.0542182	-0.0353656
0.528269	-0.0184771	0.309713	-0.000377078	-0.0552734	-0.0343566
0.52827	-0.0185372	0.30968	0.000191167	-0.055277	-0.0344747
0.528272	-0.0185962	0.309643	-0.000518103	-0.0547515	-0.0381886
0.528271	-0.0186539	0.309607	-0.000671089	-0.0555715	-0.0380536
0.528271	-0.0187169	0.309573	-0.000486324	-0.0555307	-0.0366837
0.528272	-0.0187743	0.309539	-2.9164e-05	-0.0561627	-0.0373899
0.528273	-0.0188297	0.309507	0.000783666	-0.0567503	-0.0358879
0.528273	-0.0188941	0.309471	0.000374166	-0.060852	-0.0346842
0.528274	-0.0189533	0.309436	0.000407356	-0.0600562	-0.0345874
0.528276	-0.0190145	0.309404	0.000213555	-0.0622074	-0.0346111
0.528277	-0.0190754	0.309369	1.48684e-05	-0.060474	-0.0349013
0.528279	-0.0191314	0.309335	0.000131527	-0.0587007	-0.0343839
0.52828	-0.019193	0.3093	0.0012208	-0.0598403	-0.0334768
0.528284	-0.0192561	0.309267	0.00147501	-0.0608193	-0.033499
0.528284	-0.0193124	0.309233	0.00141129	-0.0590784	-0.0329585
0.528287	-0.0193788	0.309204	0.00149798	-0.0591417	-0.0324352
0.528289	-0.0194395	0.309173	0.00138662	-0.0565904	-0.0324066
0.528292	-0.0194984	0.309141	0.0012655	-0.0581355	-0.034299
0.528294	-0.0195652	0.309109	0.000885365	-0.060134	-0.0360016
0.528296	-0.0196278	0.309082	0.0014148	-0.0616143	-0.0332535
0.528297	-0.0196933	0.309046	0.000624429	-0.063775	-0.036874
0.5283	-0.0197564	0.309017	0.00200732	-0.0632501	-0.0338874
0.528304	-0.0198184	0.308987	0.00288756	-0.0651697	-0.0322451
0.528305	-0.0198821	0.308956	0.00281414	-0.066695	-0.0314409
0.528306	-0.0199511	0.308922	0.00377382	-0.0681208	-0.0304528
0.528311	-0.0200159	0.308897	0.00454599	-0.0694348	-0.02717
0.528313	-0.0200771	0.308869	0.00406804	-0.0659659	-0.0273951
0.528317	-0.0201373	0.308842	0.00368877	-0.0651399	-0.0267858
0.528318	-0.0202046	0.30881	0.00323926	-0.0654075	-0.0270396
0.528322	-0.0202685	0.30878	0.00377864	-0.0622735	-0.0278033
0.528325	-0.0203287	0.308754	0.00269437	-0.0620237	-0.027137
0.528329	-0.020393	0.308727	0.00349818	-0.0604388	-0.0277274
0.528332	-0.0204599	0.308701	0.00377873	-0.059604	-0.0259285
0.528339	-0.0205239	0.308675	0.00450931	-0.060776	-0.0262082
0.528341	-0.0205874	0.308647	0.00407038	-0.0621203	-0.0284298
0.528346	-0.0206526	0.308619	0.00436657	-0.0616147	-0.0288212
0.528349	-0.0207138	0.308592	0.00404467	-0.0624481	-0.0276179
0.528353	-0.020783	0.308567	0.00391391	-0.0632886	-0.0276223
0.528357	-0.0208532	0.308538	0.00477636	-0.0671906	-0.0266397
0.528363	-0.0209204	0.308516	0.00610059	-0.0685499	-0.0227043
0.528369	-0.0209892	0.308493	0.00569318	-0.0696202	-0.0219835
0.528373	-0.0210555	0.308465	0.0049687	-0.0678379	-0.0251906
0.528378	-0.0211278	0.308441	0.00419209	-0.0683725	-0.0266889
0.528385	-0.0211953	0.308418	0.00482753	-0.0676596	-0.0264327
0.528389	-0.0212641	0.308393	0.00425873	-0.0673159	-0.0275363
0.528394	-0.0213316	0.308369	0.0050168	-0.0661339	-0.0248264
0.528401	-0.0214016	0.308345	0.00543541	-0.0679735	-0.0239168
0.528408	-0.0214713	0.308323	0.00492659	-0.0709221	-0.0236126
0.528414	-0.0215429	0.308296	0.00565478	-0.0694942	-0.0235788
0.528419	-0.0216141	0.308273	0.00499543	-0.0695225	-0.0246483
0.528426	-0.0216876	0.30825	0.0057668	-0.0672578	-0.0244272
0.528432	-0.0217625	0.308225	0.00583826	-0.069814	-0.0265917
0.528441	-0.0218333	0.308208	0.00744447	-0.06929	-0.021997
0.528447	-0.0219087	0.308183	0.00707072	-0.0713608	-0.0239465
0.528454	-0.0219741	0.308163	0.00738773	-0.0673597	-0.0234892
0.528459	-0.0220526	0.308135	0.00664052	-0.0716659	-0.025355
0.528468	-0.0221315	0.308113	0.00710893	-0.0743772	-0.0234449
0.528475	-0.0222057	0.308092	0.00727504	-0.0753426	-0.0213654
0.528483	-0.0222838	0.308069	0.0072625	-0.0759416	-0.0229343
0.52849	-0.0223576	0.308049	0.00723285	-0.0736557	-0.019738
0.528499	-0.0224274	0.308029	0.0076919	-0.0715689	-0.020906
0.528506	-0.0225032	0.308006	0.00620839	-0.0743946	-0.0222253
0.528516	-0.0225763	0.307991	0.00809336	-0.074161	-0.0177086
0.528524	-0.0226514	0.307968	0.0064227	-0.0750699	-0.0215897
0.528533	-0.0227302	0.307951	0.00779142	-0.0746043	-0.0201745
0.528543	-0.0228074	0.307936	0.00825771	-0.0746955	-0.0180481
0.528552	-0.0228798	0.307912	0.00899404	-0.0751127	-0.0186704
0.528562	-0.0229566	0.307894	0.00894487	-0.0740049	-0.018486
0.52857	-0.0230356	0.307878	0.00764354	-0.0735466	-0.0195452
0.528581	-0.0231101	0.307858	0.00931512	-0.0729371	-0.0193065
0.528589	-0.0231876	0.307838	0.00949195	-0.0747112	-0.0175237
0.528599	-0.0232635	0.307816	0.00897322	-0.0743429	-0.0185326
0.528609	-0.0233429	0.307803	0.010143	-0.0768413	-0.0152722
0.528619	-0.023418	0.307783	0.0104101	-0.077036	-0.0151465
0.528628	-0.023495	0.307762	0.0102431	-0.0796202	-0.0169038
0.528638	-0.023571	0.30775	0.0106343	-0.0792012	-0.0157735
0.528646	-0.0236498	0.307725	0.00910592	-0.0789136	-0.0205584
0.528656	-0.0237319	0.307712	0.00890617	-0.0802862	-0.0183675
0.528667	-0.0238117	0.307695	0.00879351	-0.080173	-0.0183092
0.528677	-0.0238913	0.307676	0.00979476	-0.0781524	-0.0164642
0.528688	-0.0239719	0.307663	0.0108037	-0.0787973	-0.0137805
0.528697	-0.0240506	0.307642	0.0107168	-0.0770692	-0.0162673
0.528707	-0.0241346	0.307627	0.0111066	-0.0801443	-0.0157767
0.528717	-0.0242163	0.307614	0.0117193	-0.0797615	-0.0133754
0.528723	-0.024297	0.307587	0.00976808	-0.081071	-0.0172877
0.528734	-0.0243797	0.307578	0.0107483	-0.0836581	-0.0148059
0.528744	-0.0244591	0.30756	0.0112673	-0.0817154	-0.0147467
0.528753	-0.0245426	0.307545	0.0110216	-0.0836887	-0.0139051
0.528766	-0.0246226	0.307537	0.0123728	-0.081544	-0.0106831
0.528775	-0.0247078	0.307516	0.0120564	-0.0851584	-0.0127911
0.528785	-0.024794	0.307505	0.0106493	-0.086221	-0.0146348
0.528794	-0.0248734	0.307491	0.0095976	-0.084368	-0.0167569
0.528803	-0.0249592	0.307471	0.00982225	-0.0858107	-0.0166368
0.528814	-0.0250464	0.307457	0.00977969	-0.0866439	-0.0168682
0.52882	-0.0251343	0.30744	0.00881993	-0.0871578	-0.0146263
0.528832	-0.0252176	0.307427	0.00910959	-0.0865847	-0.0133009
0.528841	-0.0253042	0.307418	0.00841354	-0.0871666	-0.0141927
0.528852	-0.0253858	0.307404	0.00940156	-0.085043	-0.0124032
0.528863	-0.0254712	0.307391	0.00892232	-0.0849603	-0.0135054
0.528872	-0.0255489	0.307375	0.00955325	-0.082194	-0.0136359
0.528884	-0.0256333	0.307362	0.0093193	-0.083478	-0.0162444
0.528892	-0.0257239	0.307351	0.0085869	-0.0842786	-0.0152159
0.528902	-0.0258099	0.307336	0.0092428	-0.083753	-0.0142915
0.528911	-0.0258965	0.307324	0.00949053	-0.083408	-0.013509
0.528922	-0.0259778	0.307312	0.0100864	-0.0831775	-0.0129074
0.528931	-0.0260673	0.3073	0.00913985	-0.085668	-0.0131575
0.52894	-0.0261545	0.307287	0.00863442	-0.0854428	-0.0126166
0.52895	-0.0262434	0.307273	0.00983352	-0.08597	-0.011473
0.528956	-0.0263325	0.307259	0.00800996	-0.0883863	-0.0151075
0.528964	-0.0264227	0.307247	0.00759624	-0.0889392	-0.0136773
0.528973	-0.0265081	0.307232	0.00719669	-0.0891006	-0.016213
0.528983	-0.0265939	0.307228	0.00853516	-0.0893774	-0.0115337
0.528989	-0.0266893	0.307209	0.00822723	-0.0937041	-0.0127654
0.528999	-0.0267721	0.307205	0.00971801	-0.088633	-0.00860388
0.529006	-0.0268678	0.307193	0.00869763	-0.090003	-0.009412
0.529014	-0.0269569	0.307177	0.00903812	-0.0900895	-0.0105676
0.529021	-0.0270479	0.30717	0.00828447	-0.0895696	-0.00936813
0.529029	-0.0271406	0.307159	0.00806968	-0.0901845	-0.0103179
0.529037	-0.0272377	0.307144	0.00842729	-0.0955393	-0.0123599
0.529045	-0.0273306	0.30714	0.00821481	-0.0951569	-0.00956446
0.529053	-0.0274163	0.307127	0.00842423	-0.0929621	-0.0105729
0.52906	-0.0275071	0.307122	0.00886508	-0.0934508	-0.00636554
0.529068	-0.0275982	0.307107	0.00818107	-0.0924494	-0.00907428
0.529075	-0.0276936	0.307096	0.00752032	-0.0966063	-0.0114388
0.529083	-0.0277857	0.307089	0.00772443	-0.0953733	-0.0101692
0.529089	-0.0278811	0.307077	0.00827835	-0.0955365	-0.00953945
0.529094	-0.0279687	0.307065	0.00726251	-0.0940814	-0.0100546
0.529102	-0.0280631	0.307058	0.00732912	-0.0962357	-0.00926828
0.529107	-0.0281558	0.307043	0.00701874	-0.095821	-0.0106514
0.529113	-0.02825	0.307034	0.00694103	-0.0949065	-0.0112151
0.529118	-0.028345	0.30702	0.00551236	-0.0951583	-0.013048
0.529127	-0.0284387	0.307014	0.00683394	-0.0959401	-0.0118883
0.529133	-0.0285331	0.307002	0.00544198	-0.0958402	-0.0116278
0.529137	-0.0286245	0.306984	0.00515546	-0.0970303	-0.0117151
0.529145	-0.028716	0.306979	0.00594691	-0.0936695	-0.0110846
0.529148	-0.0288168	0.306962	0.00409962	-0.0968083	-0.0125197
0.529153	-0.0289135	0.306952	0.0057116	-0.0954084	-0.0118503
0.529162	-0.0290088	0.306948	0.00691859	-0.0967662	-0.00715153
0.529166	-0.029107	0.306931	0.00615608	-0.09656	-0.0102131
0.529174	-0.0292041	0.306924	0.00561538	-0.0970554	-0.0104004
0.529177	-0.0292987	0.306914	0.00561758	-0.0946603	-0.00784842
0.529181	-0.0293944	0.306898	0.00434915	-0.0929776	-0.0114426
0.529188	-0.0294941	0.306892	0.00462776	-0.0922603	-0.00954171
0.52919	-0.0295877	0.306878	0.00398668	-0.0916713	-0.0100702
0.529197	-0.0296819	0.306874	0.00524831	-0.0943957	-0.00619703
0.5292	-0.0297859	0.30686	0.00373241	-0.0970456	-0.00985581
0.529204	-0.0298813	0.306848	0.00317724	-0.094496	-0.0125438
0.529209	-0.0299813	0.30684	0.00426197	-0.0963952	-0.0114346
0.529214	-0.030079	0.30683	0.00398741	-0.0950161	-0.0121189
0.529215	-0.0301827	0.306818	0.00262028	-0.0975531	-0.0137237
0.529218	-0.0302805	0.306811	0.0025502	-0.0970694	-0.013134
0.529227	-0.0305758	0.306782	0.00115701	-0.0984949	-0.0138896
0.529229	-0.0306734	0.306774	0.000208503	-0.100265	-0.0115175
0.529229	-0.0307747	0.306759	0.00129371	-0.102651	-0.0109406
0.529232	-0.030872	0.306749	0.00268235	-0.100653	-0.00943082
0.529233	-0.0309699	0.306737	0.00233764	-0.101245	-0.0109626
0.529234	-0.0310729	0.306726	0.00092367	-0.102918	-0.0103131
0.529236	-0.0311725	0.306718	0.00143947	-0.101915	-0.00716067
0.529235	-0.0312758	0.306705	0.000955614	-0.100209	-0.00852341
0.529237	-0.0313768	0.306697	0.00160144	-0.101502	-0.0080035
0.529238	-0.0314719	0.306684	0.00150053	-0.0994707	-0.0109059
0.52924	-0.0315659	0.306676	0.0023353	-0.0970374	-0.00917164
0.529239	-0.0316695	0.306664	0.00175704	-0.0972981	-0.00858176
0.529238	-0.0317763	0.306654	0.000217213	-0.100026	-0.00992416
0.529238	-0.031873	0.306642	0.000455575	-0.0967162	-0.00900752
0.529239	-0.0319785	0.306632	0.000808335	-0.100929	-0.00867477
0.529239	-0.0320768	0.306624	-0.000257735	-0.101674	-0.00977547
0.529239	-0.0321854	0.306612	0.000132997	-0.103831	-0.0103972
0.529238	-0.0322859	0.306603	-0.000891226	-0.102668	-0.0108128
0.529239	-0.0323911	0.306593	0.000155376	-0.102771	-0.00870195
0.529236	-0.0324934	0.306579	0.000722136	-0.102478	-0.00894242
0.529235	-0.0326023	0.306575	0.000636072	-0.106417	-0.0086482
0.529235	-0.0327022	0.30656	-0.00019954	-0.104214	-0.0100143
0.529235	-0.032813	0.306553	0.000320507	-0.104647	-0.0094952
0.529233	-0.0329182	0.306546	6.55406e-05	-0.104878	-0.00851863
0.529233	-0.0330281	0.306533	-0.000502109	-0.105724	-0.00954852
0.529233	-0.0331339	0.306524	0.000351967	-0.105345	-0.00726743
0.52923	-0.0332427	0.306511	-4.79428e-05	-0.10526	-0.00685348
0.529229	-0.0333455	0.306499	-0.000961044	-0.105854	-0.00868476
0.529228	-0.0334525	0.30649	-0.0018991	-0.107369	-0.0103976
0.529227	-0.0335627	0.306482	-0.00213833	-0.110727	-0.00938272
0.529225	-0.0336691	0.306472	-0.001434	-0.106637	-0.00711516
0.529223	-0.0337781	0.306458	-0.00112522	-0.107283	-0.00883558
0.529223	-0.0338871	0.306454	-0.000345221	-0.108816	-0.00698918
0.529221	-0.0339947	0.306441	-0.00141591	-0.107903	-0.0102726
0.529218	-0.0341024	0.306429	-0.00256366	-0.108489	-0.0119257
0.529216	-0.0342143	0.306416	-0.00291189	-0.111072	-0.0113234
0.529215	-0.0343241	0.306409	-0.00281957	-0.110547	-0.0112333
0.529214	-0.0344347	0.306398	-0.0016748	-0.112495	-0.0110604
0.529209	-0.0345449	0.306387	-0.00324859	-0.113552	-0.0120345
0.529207	-0.0346597	0.306377	-0.00196924	-0.112605	-0.00977313
0.529204	-0.0347684	0.306367	-0.00260837	-0.109817	-0.0107151
0.529202	-0.0348812	0.306355	-0.00189482	-0.110597	-0.0112461
0.529198	-0.0349978	0.306346	-0.00232793	-0.111172	-0.00983532
0.529196	-0.0351083	0.306337	-0.00159728	-0.109182	-0.00767488
0.529192	-0.0352251	0.306326	-0.0023717	-0.11025	-0.00950035
0.529191	-0.0353332	0.306321	-0.00196347	-0.108795	-0.00884988
0.529186	-0.0354421	0.306306	-0.00428138	-0.110448	-0.0113545
0.529184	-0.0355588	0.306301	-0.00381084	-0.111584	-0.0106403
0.52918	-0.0356748	0.30629	-0.00411045	-0.113052	-0.0118013
0.529176	-0.0357866	0.306275	-0.00420453	-0.110688	-0.0136199
0.529173	-0.0358964	0.306265	-0.00412686	-0.113485	-0.0134852
0.529168	-0.0360176	0.306258	-0.00507708	-0.117802	-0.0130783
0.529165	-0.0361302	0.306245	-0.00462622	-0.115217	-0.0130095
0.529162	-0.0362426	0.306241	-0.00434465	-0.114243	-0.0101979
0.529159	-0.0363498	0.306226	-0.00326586	-0.11197	-0.00991461
0.529155	-0.0364652	0.306216	-0.00358515	-0.113121	-0.00982948
0.529152	-0.0365791	0.30621	-0.00346649	-0.113963	-0.00834832
0.529146	-0.03669	0.306196	-0.00447732	-0.112623	-0.0102647
0.529144	-0.036804	0.306194	-0.00285285	-0.112392	-0.00619215
0.52914	-0.0369213	0.306184	-0.00435235	-0.113146	-0.00848847
0.529135	-0.0370403	0.306173	-0.00457547	-0.113855	-0.00746935
0.529131	-0.0371594	0.306166	-0.00443831	-0.113718	-0.00696534
0.529126	-0.0372743	0.306153	-0.00442109	-0.115176	-0.00837643
0.529122	-0.0373934	0.306146	-0.00445176	-0.11927	-0.00730825
0.529116	-0.0375199	0.306137	-0.00540606	-0.122325	-0.00819777
0.529112	-0.0376376	0.306127	-0.00577681	-0.121599	-0.00911563
0.529107	-0.0377551	0.306118	-0.00550987	-0.119685	-0.00880941
0.529101	-0.0378875	0.306109	-0.00604618	-0.124855	-0.00889796
0.529096	-0.0380138	0.3061	-0.00572485	-0.125205	-0.00882251
0.529091	-0.0381367	0.306093	-0.00540232	-0.126623	-0.00673463
0.529084	-0.0382569	0.306081	-0.00587653	-0.122759	-0.0083566
0.529081	-0.038375	0.306077	-0.00503935	-0.123136	-0.00641421
0.529073	-0.0385002	0.306062	-0.00583522	-0.122334	-0.00918882
0.529067	-0.0386278	0.306051	-0.00593241	-0.12501	-0.00971089
0.52906	-0.0387502	0.306042	-0.00616137	-0.122455	-0.00931417
0.529056	-0.0388773	0.306036	-0.0055581	-0.124158	-0.00771735
0.529051	-0.0389972	0.306028	-0.00519213	-0.123546	-0.00883316
0.529045	-0.0391224	0.306019	-0.00534036	-0.12436	-0.00857338
0.52904	-0.0392456	0.306008	-0.00553844	-0.12404	-0.00949072
0.529034	-0.0393713	0.306	-0.005489	-0.125955	-0.0102777
0.529026	-0.0394989	0.305988	-0.00630732	-0.127624	-0.010371
0.52902	-0.0396235	0.305977	-0.00671662	-0.128423	-0.0122646
0.529016	-0.0397457	0.305977	-0.00526497	-0.125534	-0.00793921
0.529008	-0.03988	0.30596	-0.00608245	-0.126325	-0.0110327
0.529001	-0.0400033	0.305952	-0.00736742	-0.125581	-0.0108819
0.528994	-0.0401265	0.305938	-0.00692224	-0.124185	-0.011541
0.528988	-0.0402566	0.305935	-0.00756851	-0.127521	-0.00947548
0.528984	-0.0403785	0.305928	-0.00633902	-0.123971	-0.00842265
0.528976	-0.0405038	0.305913	-0.00710309	-0.125589	-0.00905919
0.528968	-0.0406344	0.305907	-0.00631517	-0.127857	-0.00795459
0.528962	-0.040762	0.305896	-0.0058086	-0.125718	-0.00960255
0.528955	-0.0408948	0.305886	-0.00505204	-0.1274	-0.00954413
0.528948	-0.0410202	0.30588	-0.00529147	-0.127034	-0.00764963
0.528942	-0.0411409	0.305867	-0.00536875	-0.122846	-0.0104876
0.528936	-0.0412702	0.305859	-0.00525935	-0.124003	-0.00891853
0.528929	-0.041399	0.305851	-0.00543548	-0.123818	-0.00816774
0.528924	-0.0415275	0.30584	-0.00550355	-0.124825	-0.00884166
0.528917	-0.0416509	0.305831	-0.00460213	-0.123042	-0.00845816
0.528908	-0.0417843	0.305818	-0.00577361	-0.127158	-0.00931748
0.5289	-0.0419105	0.305809	-0.00722742	-0.127723	-0.0100278
0.528894	-0.0420434	0.305804	-0.00707608	-0.129272	-0.00997512
0.528886	-0.0421661	0.305788	-0.00591984	-0.126922	-0.00820328
0.528879	-0.0422987	0.305778	-0.00602939	-0.126214	-0.0101103
0.528871	-0.0424264	0.305771	-0.00541325	-0.127305	-0.0090949
0.52886	-0.0425605	0.305756	-0.00656482	-0.126432	-0.00927308
0.528853	-0.0426886	0.305752	-0.0062633	-0.128882	-0.00730464
0.528845	-0.0428175	0.305737	-0.00729973	-0.126718	-0.00906218
0.528836	-0.042951	0.305729	-0.00844197	-0.126495	-0.00926098
0.52883	-0.0430764	0.305724	-0.00719457	-0.123925	-0.00724838
0.52882	-0.0432087	0.30571	-0.00789817	-0.126717	-0.00872304
0.528813	-0.0433347	0.305703	-0.00726111	-0.129323	-0.00779734
0.528803	-0.0434715	0.305691	-0.00768817	-0.128749	-0.0064442
0.528795	-0.0435964	0.305681	-0.00704507	-0.130333	-0.00656272
0.528784	-0.0437285	0.30567	-0.00783332	-0.127124	-0.00920245
0.528779	-0.0438572	0.305662	-0.00654269	-0.129186	-0.00824867
0.528767	-0.0439855	0.305648	-0.0086747	-0.128748	-0.0101238
0.528759	-0.0441159	0.305638	-0.00794756	-0.131026	-0.0109142
0.528751	-0.0442469	0.305629	-0.00754753	-0.130001	-0.0110108
0.52874	-0.0443766	0.305617	-0.00791985	-0.130468	-0.0107079
0.528729	-0.0445077	0.305603	-0.00924499	-0.130561	-0.012675
0.528721	-0.0446376	0.305596	-0.00929222	-0.131537	-0.0114596
0.528712	-0.0447613	0.305591	-0.00968512	-0.130694	-0.00828858
0.528701	-0.0448924	0.305576	-0.00950529	-0.132242	-0.00995787
0.528688	-0.0450222	0.30556	-0.010915	-0.133785	-0.0124882
0.52868	-0.045148	0.305552	-0.010256	-0.130109	-0.0117349
0.528669	-0.0452793	0.30554	-0.0106434	-0.130211	-0.0104031
0.528659	-0.0454049	0.305528	-0.0109063	-0.129437	-0.0115645
0.528648	-0.0455381	0.305516	-0.0112625	-0.129268	-0.0140739
0.528635	-0.0456683	0.305504	-0.0120162	-0.129107	-0.0135776
0.528625	-0.0457962	0.305492	-0.0111345	-0.126237	-0.0136666
0.528613	-0.0459189	0.305479	-0.0117453	-0.129573	-0.0121822
0.52859	-0.0461789	0.305455	-0.0105515	-0.127884	-0.0104687
0.528578	-0.0463101	0.305441	-0.0108332	-0.127375	-0.0111747
0.528565	-0.0464452	0.305426	-0.011624	-0.128357	-0.0142493
0.528555	-0.0465697	0.305416	-0.0113726	-0.125122	-0.0129719
0.528544	-0.0467017	0.305403	-0.0110637	-0.126913	-0.0128326
0.528532	-0.0468281	0.305387	-0.0115973	-0.130305	-0.0133967
0.528519	-0.046961	0.305371	-0.0124201	-0.13173	-0.0159371
0.528506	-0.0470854	0.305358	-0.0127077	-0.128006	-0.0170698
0.528495	-0.0472211	0.305345	-0.0124012	-0.131859	-0.0169915
0.528482	-0.0473508	0.305332	-0.0129082	-0.133132	-0.0175917
0.52847	-0.0474799	0.305317	-0.0126283	-0.131673	-0.0148594
0.528457	-0.0476109	0.3053	-0.0127198	-0.131865	-0.0149845
0.528446	-0.0477436	0.305289	-0.01196	-0.131544	-0.0132104
0.528432	-0.0478693	0.305268	-0.012977	-0.128212	-0.0170854
0.528418	-0.0480083	0.305256	-0.0132627	-0.130984	-0.0153748
0.528405	-0.0481426	0.305245	-0.0128694	-0.132786	-0.0134391
0.528391	-0.0482735	0.305223	-0.0135597	-0.132159	-0.0173481
0.528378	-0.0484102	0.30521	-0.0129394	-0.134007	-0.0154727
0.528366	-0.048541	0.305191	-0.0129403	-0.132433	-0.016325
0.528352	-0.0486733	0.305179	-0.0129637	-0.130227	-0.0159668
0.52834	-0.0488035	0.305165	-0.013	-0.130209	-0.0160127
0.528327	-0.0489382	0.305148	-0.012874	-0.132564	-0.0159573
0.528312	-0.0490704	0.305131	-0.0137018	-0.133161	-0.0172354
0.5283	-0.0492071	0.305116	-0.0132713	-0.134437	-0.015743
0.528286	-0.0493346	0.305097	-0.013479	-0.131426	-0.0187052
0.528273	-0.0494665	0.305082	-0.0134981	-0.131728	-0.0189909
0.528259	-0.0495996	0.305063	-0.0134897	-0.131637	-0.0196763
0.528246	-0.0497296	0.30505	-0.0131722	-0.130517	-0.0165115
0.528233	-0.0498656	0.305033	-0.0135106	-0.133768	-0.0162648
0.52822	-0.0499972	0.30502	-0.0130939	-0.133173	-0.0141993
0.528207	-0.0501324	0.305003	-0.0128976	-0.133357	-0.0141549
0.528192	-0.0502615	0.304983	-0.0136483	-0.131964	-0.0152845
0.528178	-0.0503981	0.304969	-0.0136621	-0.134163	-0.0141656
0.528164	-0.0505345	0.304952	-0.0137656	-0.135932	-0.0138869
0.528149	-0.0506717	0.304931	-0.0144707	-0.136579	-0.0154494
0.528135	-0.0508071	0.304916	-0.0140857	-0.136288	-0.0156371
0.528122	-0.0509449	0.304898	-0.0137247	-0.135546	-0.0167225
0.528111	-0.0510788	0.304887	-0.0129331	-0.134075	-0.013593
0.528097	-0.0512061	0.304869	-0.0131031	-0.132465	-0.0153122
0.528082	-0.0513427	0.304848	-0.0139045	-0.133909	-0.0179535
0.528068	-0.0514769	0.304833	-0.0138426	-0.133781	-0.015782
0.528055	-0.0516064	0.304816	-0.0137594	-0.132995	-0.0162815
0.52804	-0.0517427	0.304795	-0.0142363	-0.135718	-0.0181728
0.528026	-0.0518828	0.304776	-0.0141406	-0.134259	-0.0185504
0.528014	-0.0520159	0.304763	-0.0133075	-0.132208	-0.0175736
0.528	-0.0521533	0.304744	-0.0137166	-0.133703	-0.0186932
0.527986	-0.0522923	0.304729	-0.0140038	-0.135815	-0.016843
0.52797	-0.0524277	0.304707	-0.0147513	-0.13815	-0.0180694
0.527956	-0.0525687	0.304691	-0.0140644	-0.137893	-0.0172318
0.527941	-0.052712	0.304671	-0.0142676	-0.137703	-0.0168402
0.527926	-0.0528543	0.304649	-0.0144833	-0.137819	-0.0185705
0.527909	-0.0529922	0.304634	-0.015006	-0.135982	-0.0176892
0.527894	-0.0531341	0.304612	-0.0151961	-0.139402	-0.0175839
0.52788	-0.0532744	0.304597	-0.0148878	-0.140867	-0.0166988
0.527866	-0.0534171	0.304576	-0.0146364	-0.139027	-0.0186579
0.527853	-0.0535544	0.30456	-0.0143441	-0.140868	-0.0175581
0.527834	-0.0537035	0.304539	-0.0154909	-0.141663	-0.0201786
0.527819	-0.0538414	0.304517	-0.0154359	-0.139162	-0.0193013
0.527806	-0.0539793	0.304497	-0.0148431	-0.138458	-0.0208284
0.527792	-0.0541175	0.304478	-0.0145453	-0.136487	-0.0197591
0.527776	-0.0542578	0.304457	-0.0151471	-0.138413	-0.0201302
0.527757	-0.0543983	0.304434	-0.0163214	-0.139793	-0.0218899
0.527742	-0.0545438	0.304412	-0.0154157	-0.139259	-0.0210676
0.527728	-0.0546849	0.304394	-0.0152634	-0.139827	-0.0204563
0.527713	-0.054823	0.304374	-0.0151765	-0.13785	-0.0214731
0.527696	-0.0549626	0.30435	-0.0161437	-0.142981	-0.0220139
0.527682	-0.055107	0.304333	-0.0155794	-0.143196	-0.0202782
0.527665	-0.0552523	0.30431	-0.0163593	-0.14315	-0.0225575
0.527652	-0.0553907	0.304292	-0.0152893	-0.14218	-0.020778
0.527632	-0.0555415	0.304269	-0.0164938	-0.142825	-0.0207845
0.527619	-0.0556831	0.304246	-0.0153764	-0.141364	-0.0213984
0.527599	-0.0558206	0.30422	-0.0168615	-0.140359	-0.0237577
0.527586	-0.0559582	0.304204	-0.0157189	-0.138704	-0.0213583
0.527569	-0.0561026	0.304181	-0.0162532	-0.13992	-0.0228934
0.527554	-0.056249	0.304163	-0.015728	-0.140877	-0.0225326
0.527536	-0.0563893	0.304132	-0.0165432	-0.140016	-0.0251639
0.52752	-0.0565308	0.304114	-0.0160718	-0.138288	-0.0209754
0.527504	-0.0566697	0.304092	-0.0158721	-0.136872	-0.0206111
0.527488	-0.0568136	0.304068	-0.0159597	-0.136781	-0.0218837
0.527471	-0.0569539	0.304047	-0.0161754	-0.137077	-0.0205907
0.527455	-0.0571023	0.304026	-0.0160709	-0.141005	-0.0222248
0.527437	-0.0572466	0.304004	-0.0169578	-0.142406	-0.0229593
0.527423	-0.0573821	0.303983	-0.0159785	-0.139589	-0.0230577
0.527406	-0.057526	0.303959	-0.0169114	-0.143626	-0.0236824
0.527388	-0.0576701	0.303936	-0.017263	-0.143407	-0.0242248
0.527375	-0.0578122	0.303916	-0.0161669	-0.142594	-0.0219639
0.527355	-0.0579593	0.303889	-0.0174391	-0.145563	-0.0248676
0.527339	-0.0580998	0.303867	-0.0164981	-0.140877	-0.0226515
0.527323	-0.0582417	0.30384	-0.0161961	-0.139632	-0.0241683
0.527304	-0.0583803	0.303816	-0.0170692	-0.140097	-0.0245293
0.527291	-0.0585217	0.303798	-0.0162113	-0.141573	-0.0228529
0.527274	-0.0586635	0.303767	-0.0165902	-0.142238	-0.0240917
0.527256	-0.0588083	0.303743	-0.0170804	-0.141551	-0.0250183
0.527239	-0.0589501	0.303719	-0.0170867	-0.140561	-0.0269335
0.527224	-0.0590891	0.303695	-0.0169312	-0.141045	-0.0264527
0.527207	-0.0592285	0.303669	-0.0166996	-0.137665	-0.0269184
0.527189	-0.0593726	0.303641	-0.0174725	-0.14213	-0.0254469
0.527173	-0.0595118	0.303619	-0.0173022	-0.140525	-0.0258322
0.527155	-0.0596556	0.303587	-0.0165241	-0.1392	-0.0266397
0.52714	-0.0597952	0.303568	-0.0162277	-0.141372	-0.0238259
0.527125	-0.0599378	0.303541	-0.0160892	-0.141542	-0.0244344
0.527108	-0.0600766	0.303512	-0.0167683	-0.141096	-0.0258904
0.527089	-0.0602201	0.303486	-0.0180839	-0.145601	-0.0263198
0.527074	-0.0603577	0.303456	-0.0174713	-0.142594	-0.0269108
0.527058	-0.0604971	0.303426	-0.0176905	-0.142503	-0.0296127
0.52704	-0.0606423	0.303401	-0.0181039	-0.144485	-0.0294708
0.527026	-0.060783	0.303373	-0.0163624	-0.143573	-0.0275532
0.527009	-0.0609187	0.303346	-0.015864	-0.141623	-0.027451
0.526991	-0.0610601	0.303316	-0.0168216	-0.141663	-0.0280949
0.526977	-0.0611988	0.303289	-0.015592	-0.138808	-0.0277502
0.526959	-0.0613373	0.303262	-0.0155183	-0.13792	-0.0259377
0.526943	-0.0614813	0.303235	-0.0160455	-0.140854	-0.0260767
0.526926	-0.0616282	0.303208	-0.0169841	-0.142872	-0.0255827
0.52691	-0.0617719	0.303181	-0.0168861	-0.142427	-0.025439
0.526893	-0.0619025	0.303148	-0.0168154	-0.140876	-0.027907
0.526877	-0.0620528	0.303123	-0.0172785	-0.145083	-0.0266429
0.52686	-0.0621938	0.303092	-0.0174416	-0.142899	-0.0286366
0.526845	-0.0623344	0.303066	-0.0161084	-0.140559	-0.0276214
0.526827	-0.0624884	0.303039	-0.0167016	-0.142704	-0.0282016
0.526808	-0.0626313	0.303004	-0.0167027	-0.141891	-0.0282339
0.526795	-0.0627682	0.302979	-0.0157823	-0.138816	-0.0257066
0.526776	-0.0629191	0.302945	-0.0175548	-0.14239	-0.0292646
0.52676	-0.0630639	0.302917	-0.0173809	-0.143158	-0.029263
0.526745	-0.0632049	0.302889	-0.0173329	-0.142209	-0.0293536
0.526726	-0.0633509	0.302856	-0.0172098	-0.142282	-0.0300218
0.526708	-0.0635005	0.302827	-0.0173641	-0.145573	-0.0294798
0.526691	-0.0636397	0.302795	-0.0155945	-0.144749	-0.0265842
0.526675	-0.063784	0.302762	-0.015568	-0.148368	-0.0269372
0.526657	-0.0639331	0.302731	-0.015546	-0.147339	-0.0272098
0.526639	-0.0640745	0.302698	-0.0157761	-0.143477	-0.0282091
0.526623	-0.0642236	0.302666	-0.0151679	-0.144662	-0.0283213
0.526605	-0.0643751	0.302643	-0.0166742	-0.146352	-0.0274135
0.526588	-0.0645191	0.302605	-0.017315	-0.144212	-0.0309061
0.526572	-0.0646646	0.302578	-0.0165144	-0.145521	-0.0286823
0.526553	-0.0648137	0.302543	-0.017673	-0.144521	-0.0306956
0.52654	-0.0649572	0.302518	-0.0159892	-0.14265	-0.029382
0.52652	-0.0651073	0.302483	-0.0171411	-0.144746	-0.0299429
0.526504	-0.0652548	0.302449	-0.0164604	-0.144255	-0.031695
0.526488	-0.0653936	0.30242	-0.0162241	-0.142364	-0.0316504
0.526474	-0.0655394	0.302386	-0.0157055	-0.144412	-0.0309713
0.526457	-0.0656881	0.302352	-0.0146649	-0.143913	-0.030568
0.52644	-0.0658327	0.302319	-0.01526	-0.143407	-0.0314425
0.526425	-0.0659894	0.302289	-0.0154577	-0.148851	-0.0313752
0.526407	-0.0661358	0.302259	-0.016483	-0.147444	-0.0319263
0.526393	-0.066289	0.302227	-0.0158332	-0.149251	-0.0319851
0.526376	-0.0664365	0.302192	-0.01595	-0.152851	-0.0335343
0.526362	-0.0665913	0.302162	-0.0146584	-0.151677	-0.0335214
0.526346	-0.0667407	0.302123	-0.0141123	-0.149707	-0.0332654
0.52633	-0.0668987	0.302097	-0.0154414	-0.153564	-0.0297343
0.526314	-0.0670545	0.302061	-0.016033	-0.153203	-0.0335843
0.526297	-0.0672058	0.302024	-0.0164892	-0.15062	-0.0347193
0.52628	-0.0673594	0.301993	-0.0160329	-0.151635	-0.0327702
0.526265	-0.0675104	0.30196	-0.0150542	-0.149995	-0.0323063
0.526251	-0.0676655	0.301926	-0.0152624	-0.151642	-0.0327773
0.526233	-0.0678258	0.301898	-0.0162163	-0.152657	-0.0321235
0.526219	-0.0679799	0.30186	-0.0160097	-0.150883	-0.0360893
0.526203	-0.0681324	0.301828	-0.0160073	-0.15266	-0.0347757
0.526188	-0.068288	0.301797	-0.0156406	-0.152762	-0.0331217
0.526173	-0.0684444	0.301766	-0.0154469	-0.154598	-0.0322132
0.526158	-0.0685967	0.301736	-0.0161452	-0.15504	-0.032721
0.52614	-0.0687569	0.301701	-0.0166235	-0.15398	-0.0336247
0.526125	-0.0689086	0.301669	-0.0163424	-0.152791	-0.0327586
0.526112	-0.0690652	0.301635	-0.0162639	-0.154823	-0.0340722
0.526097	-0.0692186	0.301603	-0.0163586	-0.156366	-0.0332655
0.526082	-0.0693763	0.301573	-0.0169266	-0.15597	-0.0341652
0.526066	-0.0695383	0.301537	-0.0167762	-0.158278	-0.0355584
0.526052	-0.069688	0.301507	-0.0160641	-0.15609	-0.0346928
0.526037	-0.0698408	0.301471	-0.0158582	-0.154687	-0.0343135
0.526022	-0.0699999	0.301435	-0.0148135	-0.156054	-0.0349194
0.526008	-0.0701603	0.301408	-0.014654	-0.157853	-0.0331808
0.525995	-0.0703092	0.301368	-0.0154935	-0.153057	-0.0368079
0.525982	-0.0704683	0.301336	-0.0138378	-0.154451	-0.0353145
0.525969	-0.0706246	0.301305	-0.0131708	-0.153721	-0.0339354
0.525954	-0.0707828	0.301271	-0.0141423	-0.155124	-0.0348476
0.525939	-0.0709391	0.301239	-0.014076	-0.156915	-0.0350942
0.525927	-0.0711008	0.301205	-0.0140477	-0.156651	-0.0354282
0.525914	-0.071256	0.301171	-0.0129889	-0.161206	-0.034755
0.525901	-0.0714131	0.301136	-0.0123703	-0.158076	-0.0343857
0.525888	-0.0715745	0.301102	-0.0125702	-0.155979	-0.0336536
0.525876	-0.0717276	0.301073	-0.0125685	-0.156374	-0.032948
0.525862	-0.0718912	0.301037	-0.0126982	-0.157215	-0.032441
0.525852	-0.0720463	0.301002	-0.0128389	-0.154948	-0.0339879
0.525841	-0.0722044	0.300969	-0.0108398	-0.154735	-0.0328585
0.525828	-0.0723663	0.300932	-0.0117804	-0.157005	-0.0348466
0.525819	-0.0725193	0.300902	-0.0117212	-0.157044	-0.0352625
0.525795	-0.0728367	0.300827	-0.0118937	-0.156346	-0.0373621
0.525783	-0.072995	0.300792	-0.011581	-0.157605	-0.0353697
0.525773	-0.0731504	0.300758	-0.010972	-0.154349	-0.0346222
0.525765	-0.0733049	0.300721	-0.00970337	-0.153345	-0.0343484
0.525754	-0.0734595	0.300685	-0.00944932	-0.153108	-0.0338334
0.525743	-0.0736211	0.300647	-0.0107116	-0.153695	-0.0374679
0.525735	-0.0737722	0.30061	-0.00996505	-0.15281	-0.0372989
0.525727	-0.073929	0.300578	-0.0087923	-0.153225	-0.0348079
0.525716	-0.0740872	0.300542	-0.0110659	-0.158541	-0.036372
0.525709	-0.0742412	0.30051	-0.00981935	-0.156115	-0.0357532
0.525702	-0.0743955	0.300472	-0.00805815	-0.155393	-0.0351896
0.525692	-0.0745499	0.300442	-0.0088095	-0.155877	-0.0345772
0.525684	-0.0747096	0.300408	-0.00751319	-0.155415	-0.0328701
0.525677	-0.0748648	0.30037	-0.00769103	-0.153859	-0.0355527
0.525671	-0.0750196	0.300338	-0.00745645	-0.15324	-0.0344992
0.525665	-0.075174	0.300305	-0.00616922	-0.153512	-0.0316863
0.525656	-0.0753288	0.300268	-0.00704611	-0.153074	-0.0345341
0.52565	-0.0754864	0.300237	-0.00805602	-0.154993	-0.0340937
0.525641	-0.075642	0.300199	-0.00913189	-0.155254	-0.0363244
0.525631	-0.0758048	0.300165	-0.00922117	-0.157562	-0.034822
0.525623	-0.0759604	0.300128	-0.00871173	-0.156959	-0.0362009
0.52562	-0.0761141	0.3001	-0.00713759	-0.15989	-0.032756
0.525612	-0.0762771	0.300066	-0.00688939	-0.161093	-0.0319284
0.525605	-0.0764347	0.300031	-0.00768602	-0.159117	-0.033344
0.5256	-0.0765949	0.300002	-0.00771294	-0.16084	-0.0322455
0.525592	-0.0767558	0.299967	-0.00879204	-0.161701	-0.0343495
0.525586	-0.0769179	0.299936	-0.00915604	-0.164222	-0.0345708
0.52558	-0.0770752	0.299904	-0.00920281	-0.164267	-0.0353361
0.525571	-0.0772365	0.299866	-0.0100285	-0.163183	-0.0353871
0.525566	-0.0773884	0.299832	-0.00982947	-0.159983	-0.0369083
0.525558	-0.0775522	0.299797	-0.00872938	-0.160183	-0.035508
0.525552	-0.0777086	0.299764	-0.00747973	-0.15841	-0.0343145
0.525544	-0.0778678	0.299721	-0.00824773	-0.157476	-0.0397233
0.525537	-0.0780291	0.299688	-0.00790067	-0.157511	-0.037452
0.525534	-0.0781825	0.299655	-0.00784794	-0.155347	-0.0371002
0.525528	-0.0783421	0.299621	-0.00690216	-0.15785	-0.035013
0.525519	-0.0785056	0.299578	-0.00784064	-0.158323	-0.0370037
0.525514	-0.0786656	0.299547	-0.00617519	-0.157945	-0.0339372
0.52551	-0.0788265	0.299513	-0.00465403	-0.159457	-0.0328041
0.525503	-0.0789861	0.299472	-0.00667093	-0.16201	-0.037
0.525497	-0.0791516	0.299438	-0.00570774	-0.161262	-0.0377595
0.525492	-0.0793165	0.299402	-0.0051456	-0.162747	-0.0370118
0.525487	-0.0794797	0.299365	-0.00583652	-0.163751	-0.0363654
0.525482	-0.0796432	0.299327	-0.00569403	-0.162543	-0.0354383
0.525478	-0.0798031	0.299288	-0.00470558	-0.161353	-0.0357482
0.525473	-0.0799559	0.299252	-0.00447115	-0.158857	-0.0350198
0.525469	-0.0801163	0.299213	-0.00436796	-0.160819	-0.0356105
0.525468	-0.0802866	0.299182	-0.00399959	-0.164844	-0.0335569
0.525465	-0.0804505	0.299148	-0.00378749	-0.165669	-0.0334034
0.525461	-0.0806126	0.299109	-0.00435382	-0.16563	-0.0351737
0.525454	-0.08078	0.29907	-0.00463953	-0.167129	-0.0350297
0.525453	-0.0809471	0.299037	-0.00447689	-0.165937	-0.035738
0.525451	-0.0811128	0.299003	-0.00390863	-0.16454	-0.0350218
0.525446	-0.0812844	0.298968	-0.00281779	-0.163537	-0.03358
0.525441	-0.0814502	0.29893	-0.00246965	-0.162168	-0.0336218
0.525438	-0.0816183	0.298895	-0.00174183	-0.162368	-0.0344291
0.525432	-0.0817939	0.298857	-0.00337672	-0.165659	-0.0354756
0.525429	-0.0819585	0.298819	-0.00324216	-0.169655	-0.0352407
0.525426	-0.0821249	0.298785	-0.00350451	-0.166062	-0.0352877
0.525422	-0.0822976	0.298741	-0.00279606	-0.166995	-0.0361601
0.525416	-0.0824657	0.298703	-0.00450116	-0.167993	-0.0391194
0.525417	-0.0826321	0.298671	-0.00335735	-0.167399	-0.0382539
0.525413	-0.0828048	0.298636	-0.00354963	-0.169667	-0.0379626
0.525409	-0.0829731	0.298601	-0.00318462	-0.168852	-0.0360848
0.525404	-0.0831483	0.298561	-0.00471812	-0.172805	-0.0372805
0.525401	-0.0833157	0.298527	-0.00386352	-0.172609	-0.0346913
0.525398	-0.0834854	0.298491	-0.00320456	-0.170296	-0.0344187
0.525398	-0.083655	0.298456	-0.00257793	-0.169371	-0.035779
0.525396	-0.0838274	0.298421	-0.00192125	-0.172067	-0.0354755
0.525395	-0.0840026	0.298388	-0.00164897	-0.171609	-0.034977
0.525394	-0.0841713	0.298352	-0.0020879	-0.173313	-0.0344732
0.525395	-0.0843376	0.298318	-0.00126109	-0.17099	-0.034855
0.525394	-0.0845113	0.298278	-0.00161333	-0.170655	-0.0363388
0.525393	-0.0846801	0.298247	-0.00205646	-0.17057	-0.0354808
0.525388	-0.0848537	0.298204	-0.00226779	-0.171621	-0.0364134
0.525388	-0.0850207	0.298166	-0.00190982	-0.171944	-0.0345337
0.525387	-0.0851917	0.298132	-0.00117455	-0.172584	-0.0351266
0.525387	-0.0853613	0.298093	-0.00143366	-0.173309	-0.0361795
0.525388	-0.0855307	0.298057	-0.000698535	-0.173199	-0.0373119
0.525388	-0.0857064	0.298021	-0.000576988	-0.172921	-0.0361016
0.525387	-0.0858769	0.29798	-0.000463068	-0.170709	-0.0375708
0.525388	-0.0860466	0.297945	-0.000528124	-0.170835	-0.0375368
0.525387	-0.0862135	0.297901	-0.00127825	-0.169218	-0.0400141
0.525387	-0.0863823	0.29786	-0.000494673	-0.168691	-0.0411743
0.525387	-0.0865573	0.297821	-0.000381346	-0.170889	-0.0390433
0.525389	-0.0867245	0.297781	9.14102e-05	-0.168239	-0.0396734
0.525393	-0.0868911	0.297748	0.000583498	-0.169682	-0.038499
0.525394	-0.0870572	0.297706	0.000297581	-0.167423	-0.0403462
0.525397	-0.0872261	0.297668	-0.000169589	-0.170561	-0.0421117
0.525399	-0.0873913	0.297632	0.000518197	-0.16935	-0.0400269
0.525402	-0.0875632	0.297592	0.0010737	-0.169739	-0.0402821
0.525405	-0.0877239	0.297554	0.00154092	-0.166791	-0.0409311
0.525407	-0.0878946	0.297514	0.0014053	-0.167528	-0.0407397
0.52541	-0.0880608	0.297477	0.00140335	-0.166728	-0.0409342
0.52541	-0.0882208	0.297432	0.00031323	-0.166218	-0.0407996
0.525418	-0.0883907	0.297396	0.00222621	-0.165837	-0.0391043
0.525423	-0.0885498	0.297359	0.00298883	-0.163605	-0.0404184
0.525425	-0.0887172	0.297321	0.0031863	-0.165539	-0.038495
0.525428	-0.0888812	0.297282	0.00259771	-0.165292	-0.0387507
0.525431	-0.0890406	0.29724	0.00252277	-0.162969	-0.0398161
0.525436	-0.0892082	0.297205	0.00345781	-0.164273	-0.0368989
0.52544	-0.0893701	0.29716	0.00411316	-0.162064	-0.0373344
0.525447	-0.0895368	0.297128	0.00558616	-0.163108	-0.0346811
0.525453	-0.0897005	0.297088	0.00594467	-0.162277	-0.0362654
0.525457	-0.0898596	0.297047	0.00599545	-0.161156	-0.0383925
0.525462	-0.0900277	0.297003	0.00646431	-0.162595	-0.0388256
0.525466	-0.090197	0.296966	0.00445893	-0.167099	-0.0388809
0.525471	-0.0903547	0.296928	0.00469085	-0.165112	-0.0386398
0.525477	-0.0905153	0.296883	0.00453879	-0.164044	-0.0412896
0.525481	-0.0906812	0.296843	0.00442847	-0.162765	-0.041036
0.525484	-0.0908462	0.296802	0.00585348	-0.16076	-0.0392531
0.525488	-0.0910125	0.296754	0.0051804	-0.161551	-0.0429039
0.525493	-0.0911785	0.296716	0.00526245	-0.161601	-0.0402605
0.525497	-0.0913422	0.296665	0.00479283	-0.161262	-0.0445566
0.525501	-0.0915054	0.29662	0.00365667	-0.163458	-0.0460997
0.525506	-0.09167	0.296577	0.00391918	-0.164296	-0.045278
0.525514	-0.0918294	0.296533	0.00537015	-0.161973	-0.0452492
0.525519	-0.0919991	0.296492	0.00585109	-0.164466	-0.0431219
0.525524	-0.0921622	0.296448	0.00545138	-0.163132	-0.0445634
0.525529	-0.0923235	0.296404	0.00492452	-0.165315	-0.044399
0.525532	-0.0924843	0.296363	0.00462372	-0.164663	-0.0437639
0.525534	-0.0926505	0.296314	0.00444345	-0.164736	-0.0453508
0.525538	-0.0928159	0.296273	0.00383701	-0.168262	-0.045056
0.525541	-0.092982	0.296223	0.00329347	-0.165485	-0.0459652
0.525543	-0.0931463	0.296174	0.00328241	-0.16262	-0.04571
0.525545	-0.0933109	0.296134	0.00216826	-0.163652	-0.0459099
0.525548	-0.0934762	0.296085	0.00276278	-0.161781	-0.0460547
0.525549	-0.09364	0.296042	0.00141312	-0.160747	-0.0480082
0.52555	-0.0938075	0.295996	0.00194676	-0.159634	-0.0498046
0.525553	-0.0939727	0.295946	0.00206678	-0.159541	-0.0490575
0.525559	-0.094131	0.295903	0.00287675	-0.160697	-0.0470681
0.525561	-0.0942945	0.29585	0.00354096	-0.160766	-0.048883
0.525566	-0.0944585	0.295805	0.00412417	-0.163063	-0.0478828
0.525569	-0.0946315	0.295759	0.0026563	-0.165877	-0.0477471
0.525571	-0.0948004	0.295705	0.00232299	-0.165748	-0.0504068
0.525576	-0.0949654	0.29566	0.00401237	-0.16441	-0.0466463
0.525578	-0.0951349	0.295614	0.00455235	-0.165599	-0.0443261
0.525581	-0.0953	0.295558	0.00340816	-0.167352	-0.0470586
0.525582	-0.0954719	0.29551	0.00322954	-0.166977	-0.0457551
0.525585	-0.0956424	0.295451	0.00254181	-0.165048	-0.0507711
0.525589	-0.0958125	0.295404	0.00346926	-0.166267	-0.0491367
0.525592	-0.0959803	0.295352	0.00284546	-0.165726	-0.0522594
0.525594	-0.0961532	0.295297	0.00236287	-0.165564	-0.0534415
0.525597	-0.0963229	0.29525	0.00173043	-0.166535	-0.0514325
0.525601	-0.0964998	0.295202	0.00255242	-0.168254	-0.0509862
0.525604	-0.0966697	0.295154	0.00219283	-0.167862	-0.0516267
0.525606	-0.0968398	0.295102	0.00256841	-0.166117	-0.052312
0.525612	-0.0970104	0.295054	0.00384302	-0.166791	-0.0511389
0.525612	-0.0971858	0.295001	0.00325554	-0.168074	-0.052417
0.525616	-0.0973586	0.294954	0.00332821	-0.168171	-0.0502401
0.525618	-0.0975235	0.2949	0.00291078	-0.168562	-0.0512996
0.525619	-0.0976936	0.29485	0.00295503	-0.168875	-0.0491202
0.525621	-0.097867	0.294804	0.00323307	-0.170762	-0.0467731
0.525623	-0.098039	0.294755	0.00371026	-0.170051	-0.0466863
0.525623	-0.0982105	0.294705	0.00245523	-0.170538	-0.0477788
0.525623	-0.0983817	0.29465	0.00117445	-0.172971	-0.0509226
0.525626	-0.0985538	0.294605	0.00168472	-0.17135	-0.0499582
0.525629	-0.0987205	0.294553	0.00217177	-0.17129	-0.050632
0.525633	-0.0988893	0.294506	0.00189574	-0.170658	-0.0511971
0.525635	-0.0990622	0.294458	0.00272347	-0.170246	-0.0504969
0.525639	-0.0992338	0.294401	0.00367675	-0.168677	-0.0521741
0.525641	-0.0994078	0.294357	0.0036983	-0.170425	-0.0493021
0.525643	-0.0995749	0.294301	0.00231649	-0.169117	-0.0519802
0.525649	-0.0997403	0.294252	0.0025756	-0.167042	-0.0534695
0.525649	-0.0999152	0.294202	0.00286359	-0.168358	-0.0513558
0.525651	-0.100091	0.294147	0.00230741	-0.171485	-0.0524627
0.525656	-0.100262	0.294099	0.00455573	-0.170486	-0.0505527
0.525662	-0.100427	0.294047	0.00560579	-0.166209	-0.0516094
0.525664	-0.100598	0.293985	0.00365059	-0.170223	-0.0549025
0.525668	-0.100766	0.293935	0.00314035	-0.169338	-0.0547152
0.525672	-0.100943	0.293883	0.00462571	-0.171559	-0.0515517
0.52568	-0.101109	0.293835	0.00461135	-0.168833	-0.0511813
0.525687	-0.10128	0.293783	0.00563107	-0.167112	-0.0515755
0.525692	-0.10145	0.293726	0.00588098	-0.166398	-0.051112
0.525698	-0.101618	0.293674	0.00524951	-0.166787	-0.0518349
0.525707	-0.101791	0.293626	0.00678099	-0.167076	-0.0488903
0.525711	-0.101956	0.293565	0.00496454	-0.165652	-0.0577007
0.525715	-0.102127	0.293507	0.00451164	-0.16563	-0.0574434
0.525722	-0.102291	0.293449	0.00542011	-0.164657	-0.0555679
0.525729	-0.102453	0.293402	0.0061304	-0.164807	-0.052116
0.525738	-0.102617	0.293346	0.00606158	-0.164431	-0.0521772
0.525744	-0.102784	0.293286	0.00446135	-0.167471	-0.0545842
0.525752	-0.102955	0.293239	0.00491636	-0.168286	-0.0531226
0.525759	-0.103122	0.293178	0.00498676	-0.167104	-0.0563835
0.525771	-0.103284	0.293129	0.00720773	-0.16735	-0.0521453
0.525779	-0.103452	0.293073	0.007057	-0.169142	-0.0521186
0.525787	-0.103617	0.293018	0.00794868	-0.169434	-0.0521435
0.525793	-0.103785	0.292961	0.00732469	-0.169801	-0.0535422
0.525801	-0.103956	0.292909	0.00746265	-0.167643	-0.0523156
0.52581	-0.104114	0.292851	0.00749514	-0.163905	-0.0543971
0.52582	-0.104282	0.292805	0.00776705	-0.164345	-0.0527411
0.525827	-0.10445	0.29275	0.00613111	-0.164394	-0.0560565
0.525835	-0.104615	0.292695	0.00601438	-0.165754	-0.0544856
0.52584	-0.104786	0.292641	0.00688521	-0.164248	-0.0531012
0.525852	-0.104953	0.292595	0.00734101	-0.164744	-0.0526343
0.525861	-0.105115	0.292542	0.00770554	-0.16518	-0.0535901
0.52587	-0.105287	0.292493	0.00834529	-0.167176	-0.0509616
0.525877	-0.105456	0.29244	0.0077835	-0.169753	-0.0510409
0.525887	-0.105623	0.292391	0.00789256	-0.168183	-0.0497999
0.525895	-0.105797	0.292336	0.0085338	-0.168945	-0.0515995
0.525903	-0.105961	0.292281	0.00835171	-0.164913	-0.0532861
0.525911	-0.106127	0.292225	0.00887608	-0.167362	-0.0533059
0.52592	-0.106295	0.292178	0.00877851	-0.168996	-0.0533219
0.52593	-0.106465	0.292126	0.00873309	-0.168064	-0.0526697
0.525936	-0.106634	0.292067	0.00788305	-0.165827	-0.0539534
0.525946	-0.106799	0.292018	0.00842551	-0.165641	-0.0528073
0.525959	-0.106969	0.291969	0.0109239	-0.165562	-0.0487901
0.52597	-0.107133	0.291915	0.0105956	-0.163831	-0.0541747
0.52598	-0.107299	0.29186	0.0103291	-0.16465	-0.0538261
0.525996	-0.107632	0.291749	0.00978928	-0.163544	-0.0531627
0.526005	-0.107797	0.2917	0.00949065	-0.161055	-0.0521812
0.526014	-0.107964	0.291641	0.00897474	-0.162882	-0.0552971
0.526022	-0.108144	0.291593	0.00733701	-0.168645	-0.055627
0.526029	-0.108312	0.291533	0.00650693	-0.168204	-0.0566201
0.526036	-0.108475	0.291478	0.00787525	-0.164198	-0.0563635
0.526043	-0.108649	0.291423	0.00853484	-0.165365	-0.055131
0.526054	-0.108806	0.291362	0.00827766	-0.162565	-0.0580866
0.526061	-0.108974	0.291314	0.00877023	-0.163403	-0.0537063
0.526072	-0.109141	0.291267	0.00911434	-0.162911	-0.0516663
0.526078	-0.109312	0.291208	0.00726946	-0.165999	-0.0546607
0.526085	-0.109479	0.291151	0.00749263	-0.164913	-0.0544427
0.52609	-0.109646	0.29109	0.00612285	-0.165525	-0.0565696
0.526097	-0.109816	0.291035	0.00720324	-0.166264	-0.0546749
0.526103	-0.109989	0.290978	0.00668024	-0.167895	-0.0557807
0.52611	-0.110158	0.290919	0.00546978	-0.169423	-0.0598028
0.526117	-0.110327	0.290867	0.00602933	-0.16658	-0.0586594
0.526121	-0.110504	0.290808	0.00531384	-0.169139	-0.0580322
0.526128	-0.110671	0.290753	0.00472065	-0.170164	-0.0583774
0.526135	-0.110843	0.290698	0.00544345	-0.170333	-0.0559704
0.526142	-0.111013	0.290641	0.00477684	-0.172345	-0.0563725
0.526145	-0.111191	0.290583	0.0040362	-0.17353	-0.0573792
0.526153	-0.111363	0.290527	0.00466708	-0.172424	-0.058595
0.52616	-0.11153	0.290469	0.00502452	-0.17128	-0.0586028
0.526162	-0.111703	0.290411	0.00586962	-0.169334	-0.0565751
0.52617	-0.111871	0.290353	0.00620796	-0.1708	-0.0561032
0.526174	-0.112043	0.290294	0.00714069	-0.171724	-0.0543277
0.526176	-0.112219	0.290235	0.00597717	-0.170173	-0.0574708
0.526187	-0.112383	0.290177	0.00829755	-0.167281	-0.0577776
0.526192	-0.112553	0.290115	0.00684351	-0.168255	-0.058329
0.526198	-0.112725	0.290047	0.00761488	-0.168361	-0.0613743
0.526204	-0.112897	0.289992	0.00667144	-0.170889	-0.060213
0.52621	-0.113071	0.289931	0.00756543	-0.168078	-0.059624
0.526217	-0.11324	0.289866	0.00648129	-0.169284	-0.061667
0.526223	-0.113411	0.289804	0.00685944	-0.169847	-0.0605002
0.526229	-0.113577	0.289737	0.00558766	-0.168001	-0.0619944
0.526235	-0.113745	0.289672	0.00669295	-0.167477	-0.0618675
0.526244	-0.113919	0.289618	0.00764187	-0.167884	-0.0574865
0.52625	-0.114082	0.289547	0.00705438	-0.169957	-0.0613816
0.526261	-0.114246	0.289492	0.00896274	-0.168092	-0.0582651
0.526268	-0.114421	0.28943	0.00853757	-0.170054	-0.0583417
0.526278	-0.114592	0.28937	0.00965827	-0.170643	-0.0583601
0.526286	-0.114762	0.289309	0.00975385	-0.171842	-0.0571316
0.526296	-0.114931	0.289247	0.00827611	-0.170599	-0.0593593
0.526302	-0.115098	0.289182	0.00909792	-0.168928	-0.0591537
0.526311	-0.115262	0.289122	0.00842297	-0.167368	-0.0593746
0.526319	-0.115428	0.289057	0.00863077	-0.165885	-0.0637618
0.526327	-0.115596	0.288996	0.0085743	-0.166955	-0.0635566
0.526335	-0.115766	0.288936	0.00900976	-0.166973	-0.0618653
0.526345	-0.115929	0.288875	0.00973989	-0.16523	-0.0630004
0.526358	-0.116091	0.288814	0.0109834	-0.164393	-0.0620555
0.526369	-0.116256	0.288749	0.0101489	-0.164196	-0.0641811
0.526384	-0.116423	0.288697	0.0123034	-0.164479	-0.0606602
0.526395	-0.116593	0.288637	0.010263	-0.166687	-0.0615649
0.526407	-0.116756	0.288575	0.0121831	-0.164048	-0.062469
0.526422	-0.116916	0.288519	0.0143523	-0.16131	-0.0578473
0.526435	-0.117078	0.288448	0.0120266	-0.165384	-0.0623178
0.526447	-0.117242	0.28839	0.0130708	-0.166241	-0.0602078
0.526465	-0.117402	0.288334	0.0130581	-0.163549	-0.0603497
0.526476	-0.117565	0.288272	0.0129753	-0.163182	-0.0614885
0.52649	-0.117728	0.288215	0.0141899	-0.161933	-0.0581254
0.52651	-0.11789	0.28816	0.0162885	-0.159528	-0.0575648
0.526525	-0.118053	0.288106	0.0157264	-0.160817	-0.057867
0.526543	-0.118214	0.288052	0.0162371	-0.159273	-0.0586721
0.526559	-0.118378	0.287991	0.015995	-0.161719	-0.0617728
0.526574	-0.11854	0.287936	0.0157828	-0.16188	-0.0611562
0.526589	-0.118697	0.28788	0.0154276	-0.158434	-0.0609029
0.526605	-0.118859	0.287824	0.0163437	-0.160966	-0.0579348
0.526621	-0.11902	0.287768	0.0150662	-0.161088	-0.05842
0.526636	-0.119179	0.287707	0.0151278	-0.159398	-0.0596127
0.526652	-0.119342	0.287649	0.0156281	-0.159968	-0.0598655
0.526668	-0.119511	0.287593	0.0155087	-0.163372	-0.0579451
0.526689	-0.119665	0.287541	0.0167199	-0.159165	-0.0558992
0.526707	-0.119825	0.287487	0.0170647	-0.15933	-0.0554021
0.526723	-0.119992	0.287426	0.0158172	-0.163682	-0.0575509
0.526741	-0.12015	0.287371	0.016548	-0.161465	-0.0582048
0.526757	-0.120314	0.287314	0.0158654	-0.161831	-0.0583304
0.526773	-0.12048	0.287255	0.0162396	-0.160074	-0.0603903
0.52679	-0.120641	0.287198	0.0175674	-0.157812	-0.0584245
0.526807	-0.120801	0.28714	0.0171277	-0.159865	-0.0567998
0.526827	-0.120961	0.287087	0.0177341	-0.160248	-0.0546474
0.526847	-0.121122	0.287035	0.0197109	-0.159324	-0.0521929
0.526867	-0.121283	0.286978	0.0187561	-0.160939	-0.0551613
0.526883	-0.121447	0.286921	0.0186515	-0.159139	-0.0562887
0.526901	-0.121609	0.286859	0.0195859	-0.157572	-0.0556765
0.526918	-0.121762	0.2868	0.0200431	-0.157954	-0.0550089
0.526933	-0.121929	0.28674	0.018113	-0.159473	-0.0559915
0.526954	-0.122086	0.286681	0.0177953	-0.161544	-0.0557358
0.526971	-0.122249	0.286621	0.0176473	-0.161361	-0.0592208
0.526991	-0.122411	0.286565	0.0183571	-0.160207	-0.0576728
0.527013	-0.122571	0.286507	0.019598	-0.158825	-0.0580331
0.527033	-0.12273	0.286449	0.020827	-0.15582	-0.0572119
0.52705	-0.122893	0.286388	0.0196632	-0.154132	-0.0591908
0.527068	-0.123051	0.286324	0.0194877	-0.154208	-0.0617324
0.527084	-0.12322	0.286267	0.0176873	-0.157431	-0.061097
0.527103	-0.123377	0.286199	0.0183834	-0.155045	-0.0657882
0.527122	-0.123532	0.286144	0.0188062	-0.153318	-0.062371
0.527137	-0.123697	0.286081	0.0174974	-0.157184	-0.0623053
0.527155	-0.123856	0.286018	0.0183932	-0.15839	-0.0608014
0.527176	-0.124014	0.285965	0.0197459	-0.159422	-0.0563151
0.527198	-0.124177	0.285908	0.0188368	-0.162053	-0.0579448
0.527216	-0.124339	0.285855	0.0178048	-0.162937	-0.0578056
0.527235	-0.124498	0.285798	0.0171537	-0.162186	-0.0574416
0.527252	-0.124663	0.285734	0.0172864	-0.165975	-0.0585735
0.527268	-0.124825	0.285674	0.0165018	-0.163259	-0.0600572
0.527304	-0.125154	0.285557	0.0159085	-0.164806	-0.060451
0.527323	-0.125316	0.285499	0.0176658	-0.162017	-0.0594421
0.527342	-0.125475	0.28544	0.0167556	-0.162053	-0.0639948
0.527361	-0.12564	0.285383	0.0176849	-0.161819	-0.0608482
0.527381	-0.125806	0.285326	0.0183506	-0.162344	-0.0587721
0.527399	-0.125968	0.285268	0.0173203	-0.163164	-0.0584639
0.527416	-0.12614	0.285214	0.0184176	-0.162318	-0.0563262
0.527434	-0.126297	0.285155	0.0178695	-0.159418	-0.0601
0.52745	-0.12646	0.285098	0.0187366	-0.162207	-0.0576467
0.527468	-0.126627	0.28504	0.0188652	-0.164555	-0.058018
0.527484	-0.126784	0.284977	0.0190843	-0.161415	-0.0587004
0.527502	-0.126956	0.284924	0.01981	-0.163416	-0.0536556
0.52752	-0.127115	0.284864	0.0183292	-0.165167	-0.056255
0.52754	-0.127275	0.284815	0.0191159	-0.163606	-0.052953
0.527558	-0.127446	0.284761	0.0182087	-0.163762	-0.0530687
0.527577	-0.127602	0.284703	0.0177541	-0.161919	-0.0570494
0.527592	-0.127769	0.284648	0.0173046	-0.162164	-0.0550859
0.527608	-0.127933	0.284582	0.0166828	-0.160394	-0.0596066
0.527628	-0.128093	0.284525	0.0165815	-0.159774	-0.0608591
0.527645	-0.128252	0.284466	0.015819	-0.160478	-0.0612707
0.527666	-0.128413	0.284411	0.0176451	-0.160199	-0.0625584
0.527688	-0.128574	0.284353	0.0186257	-0.159806	-0.0629565
0.527709	-0.128739	0.284299	0.018481	-0.161824	-0.0618522
0.52773	-0.128901	0.284241	0.0192811	-0.160124	-0.0619185
0.527752	-0.129062	0.284179	0.0200413	-0.159291	-0.0629246
0.527774	-0.129218	0.28412	0.0203303	-0.160166	-0.0623999
0.527793	-0.129381	0.284058	0.0204582	-0.158359	-0.0616651
0.527816	-0.129543	0.284004	0.0211404	-0.157883	-0.0602983
0.527836	-0.129707	0.283945	0.0207466	-0.160447	-0.0608737
0.527855	-0.129865	0.28388	0.0219423	-0.155224	-0.0602592
0.527881	-0.130023	0.283821	0.0233359	-0.158481	-0.0580159
0.527904	-0.130184	0.283762	0.0229969	-0.160604	-0.0583191
0.527929	-0.130346	0.283706	0.0227253	-0.161454	-0.0566561
0.527956	-0.130501	0.283651	0.0243789	-0.159263	-0.0560006
0.527978	-0.130661	0.283585	0.0236478	-0.159481	-0.0583794
0.528	-0.130818	0.283525	0.0234783	-0.159097	-0.0577206
0.528025	-0.130974	0.283461	0.0240947	-0.158036	-0.0586732
0.528051	-0.131131	0.283398	0.0239042	-0.158075	-0.0593654
0.528079	-0.131284	0.283341	0.0240543	-0.156025	-0.0622638
0.528101	-0.131445	0.283278	0.0234184	-0.155325	-0.0641169
0.528129	-0.131602	0.283219	0.0235832	-0.156063	-0.0623475
0.528155	-0.131755	0.28316	0.0266807	-0.153922	-0.0579082
0.528184	-0.131909	0.283104	0.0264774	-0.152392	-0.0574744
0.52821	-0.132057	0.283042	0.0272909	-0.151858	-0.0572273
0.528236	-0.132211	0.282982	0.0262331	-0.151698	-0.0597471
0.528264	-0.132365	0.282928	0.0271691	-0.149763	-0.0575609
0.528295	-0.132518	0.282877	0.028353	-0.1531	-0.0563593
0.52832	-0.132673	0.282818	0.0281002	-0.152904	-0.0550905
0.528351	-0.132827	0.282766	0.0288354	-0.154767	-0.0525532
0.528381	-0.132975	0.282706	0.029223	-0.152935	-0.0548142
0.528412	-0.133134	0.282655	0.0295851	-0.154205	-0.0533991
0.528443	-0.133282	0.282599	0.0301397	-0.150862	-0.0540796
0.528475	-0.133431	0.282543	0.0306102	-0.149753	-0.0551017
0.528503	-0.133589	0.282491	0.0301086	-0.152053	-0.0523781
0.528535	-0.133735	0.282433	0.0307174	-0.14937	-0.0534668
0.528565	-0.133889	0.282375	0.0300293	-0.151212	-0.056531
0.528596	-0.134035	0.282317	0.0297133	-0.150063	-0.0584057
0.528623	-0.13419	0.282258	0.0293631	-0.15041	-0.0581372
0.528655	-0.134347	0.282208	0.0301706	-0.154148	-0.0547474
0.528689	-0.134496	0.282159	0.0324191	-0.151169	-0.0510979
0.528719	-0.134649	0.282101	0.0320216	-0.148549	-0.0547744
0.52875	-0.134798	0.282049	0.031031	-0.150749	-0.0554767
0.528781	-0.13495	0.281996	0.0294143	-0.15014	-0.0578466
0.528812	-0.1351	0.28194	0.0297464	-0.14996	-0.0572657
0.528841	-0.135249	0.28189	0.0316376	-0.146785	-0.0524529
0.528869	-0.135403	0.281835	0.0301911	-0.148794	-0.0537354
0.528898	-0.135559	0.281784	0.029624	-0.148539	-0.0543502
0.528931	-0.135706	0.28173	0.0310893	-0.145565	-0.054744
0.528963	-0.135857	0.281681	0.031828	-0.145737	-0.053747
0.528996	-0.136003	0.28163	0.03152	-0.146819	-0.0541652
0.529029	-0.136153	0.281575	0.0313536	-0.146921	-0.0536834
0.529059	-0.136307	0.281524	0.0303107	-0.149426	-0.0536687
0.52909	-0.136451	0.281469	0.0309555	-0.14653	-0.0546362
0.529122	-0.136602	0.281421	0.0312937	-0.146908	-0.0517653
0.529151	-0.136748	0.281362	0.0304387	-0.146439	-0.0537452
0.529182	-0.136904	0.281304	0.0313483	-0.147589	-0.0523181
0.529212	-0.137049	0.281245	0.0315147	-0.145564	-0.0514785
0.529244	-0.137196	0.281194	0.0315815	-0.146722	-0.0503104
0.529275	-0.137347	0.28114	0.0311468	-0.147221	-0.0526708
0.52931	-0.137495	0.28109	0.0319318	-0.149078	-0.0507305
0.529343	-0.137641	0.281035	0.0328361	-0.147921	-0.0507359
0.529374	-0.137789	0.280978	0.032375	-0.144636	-0.0534966
0.529403	-0.137945	0.280923	0.0314301	-0.147924	-0.0532888
0.529434	-0.138091	0.280866	0.0322659	-0.146841	-0.0512559
0.529465	-0.138247	0.280811	0.0313724	-0.148245	-0.0542379
0.529496	-0.138391	0.280753	0.0314027	-0.145999	-0.0562173
0.52953	-0.138541	0.280699	0.0323324	-0.144762	-0.0552001
0.529563	-0.138686	0.280642	0.0322485	-0.146998	-0.0578567
0.529595	-0.138831	0.280582	0.0335478	-0.142513	-0.0587633
0.529628	-0.138983	0.280528	0.0322139	-0.144726	-0.0561266
0.529663	-0.139133	0.280478	0.0335275	-0.146991	-0.053749
0.529698	-0.13928	0.280425	0.0336525	-0.144001	-0.0534299
0.529729	-0.139429	0.28037	0.0332946	-0.143921	-0.0526372
0.529763	-0.139576	0.280315	0.0336524	-0.144361	-0.0552987
0.529794	-0.139726	0.280256	0.0329168	-0.14443	-0.0554073
0.529827	-0.139877	0.280207	0.0322699	-0.147908	-0.0530674
0.52986	-0.14003	0.280157	0.0326916	-0.147647	-0.0526022
0.529895	-0.140182	0.280109	0.0327943	-0.150333	-0.0516978
0.529929	-0.140335	0.280059	0.0320597	-0.151798	-0.0519062
0.529964	-0.140487	0.280016	0.0322827	-0.150354	-0.0483292
0.529999	-0.140638	0.279965	0.0318478	-0.150345	-0.05368
0.530027	-0.140797	0.279908	0.0305867	-0.152172	-0.0545502
0.530061	-0.140944	0.279858	0.0311751	-0.149697	-0.0518014
0.530091	-0.141103	0.279805	0.0290209	-0.152984	-0.0553718
0.530124	-0.141256	0.27976	0.0299661	-0.150359	-0.0528967
0.530159	-0.141405	0.27971	0.0310384	-0.150985	-0.0528957
0.530191	-0.141557	0.279654	0.0320584	-0.150027	-0.0539719
0.530228	-0.141709	0.279609	0.031782	-0.149714	-0.0506285
0.530265	-0.141858	0.279567	0.0333353	-0.150124	-0.0481997
0.5303	-0.142018	0.279523	0.0347342	-0.15058	-0.0458439
0.530335	-0.142167	0.279477	0.0349852	-0.151303	-0.0455433
0.530367	-0.142323	0.279427	0.0354827	-0.153051	-0.0451003
0.530401	-0.142477	0.279381	0.0357908	-0.154931	-0.0409505
0.530435	-0.142629	0.279337	0.0351254	-0.15459	-0.0420436
0.530468	-0.142784	0.279284	0.0335297	-0.154488	-0.0461702
0.5305	-0.142948	0.279242	0.0334423	-0.157873	-0.0435573
0.530535	-0.143096	0.279196	0.0335083	-0.152827	-0.0464407
0.530571	-0.143253	0.279155	0.0335189	-0.151986	-0.0430614
0.530607	-0.143403	0.279112	0.0330005	-0.15434	-0.0454486
0.53064	-0.143556	0.279062	0.0329647	-0.153141	-0.048147
0.530675	-0.143709	0.279018	0.0341039	-0.151302	-0.04425
0.530708	-0.143862	0.278972	0.0340717	-0.152819	-0.0431823
0.53074	-0.144018	0.278923	0.0331558	-0.153082	-0.0451418
0.530776	-0.144167	0.27888	0.0339164	-0.149759	-0.0457815
0.530811	-0.14432	0.278832	0.0348378	-0.151451	-0.0464646
0.530849	-0.144473	0.27879	0.0364771	-0.151266	-0.0431426
0.530887	-0.144625	0.278747	0.0360658	-0.151902	-0.0440389
0.53092	-0.14478	0.278698	0.0350424	-0.153015	-0.0438386
0.530951	-0.144944	0.278652	0.0325403	-0.158117	-0.0451721
0.530987	-0.145096	0.27861	0.0341047	-0.156368	-0.0444953
0.531021	-0.145242	0.278559	0.0344442	-0.153336	-0.04576
0.531058	-0.145397	0.278519	0.0349759	-0.154808	-0.0430073
0.53109	-0.145549	0.278464	0.0329973	-0.152988	-0.0493803
0.531126	-0.145705	0.278414	0.0336956	-0.153781	-0.0491686
0.531162	-0.145861	0.278371	0.0337966	-0.154575	-0.0470772
0.531197	-0.146012	0.27832	0.0347789	-0.151875	-0.0487653
0.531237	-0.146164	0.278275	0.0364488	-0.151431	-0.0482191
0.531276	-0.146318	0.278228	0.0355651	-0.152336	-0.0503365
0.531312	-0.146468	0.278181	0.0361378	-0.149869	-0.0487096
0.531348	-0.146617	0.278126	0.0367778	-0.150311	-0.0496558
0.531383	-0.146772	0.278076	0.0371042	-0.151032	-0.0496573
0.531422	-0.146922	0.278028	0.0370431	-0.153005	-0.0465089
0.531461	-0.147066	0.277977	0.0368338	-0.149512	-0.0484623
0.531498	-0.147214	0.27793	0.0365747	-0.149849	-0.047436
0.531538	-0.147367	0.277884	0.037523	-0.151383	-0.045897
0.531577	-0.147515	0.277833	0.0375514	-0.150085	-0.0464363
0.531614	-0.147667	0.277779	0.0362424	-0.152329	-0.048821
0.531653	-0.147819	0.277732	0.0366895	-0.149207	-0.0504121
0.531691	-0.147969	0.277684	0.0362248	-0.148642	-0.0516339
0.531731	-0.148113	0.277638	0.0385675	-0.147216	-0.0509948
0.531764	-0.148267	0.277585	0.035851	-0.147287	-0.0522236
0.531802	-0.148417	0.277535	0.0357804	-0.146286	-0.0536897
0.531839	-0.14857	0.277483	0.0360988	-0.149708	-0.0524435
0.531879	-0.148721	0.277435	0.0372019	-0.149284	-0.0510359
0.531923	-0.148862	0.277393	0.0392174	-0.14603	-0.0474781
0.531963	-0.149014	0.277345	0.0393397	-0.146565	-0.0471314
0.531999	-0.149164	0.277299	0.0382746	-0.146673	-0.046249
0.532038	-0.149314	0.277248	0.0385225	-0.1493	-0.0458073
0.532074	-0.149464	0.277187	0.0380526	-0.149313	-0.0500869
0.532113	-0.149615	0.277139	0.0382813	-0.152595	-0.0491616
0.532153	-0.149766	0.277091	0.0381172	-0.151803	-0.049992
0.532193	-0.149915	0.277049	0.0391815	-0.150099	-0.0468175
0.532233	-0.150062	0.277006	0.0404428	-0.149496	-0.0440207
0.532271	-0.150216	0.276958	0.0397622	-0.149041	-0.0450754
0.532308	-0.150372	0.276907	0.0397233	-0.14988	-0.0470135
0.532348	-0.150521	0.27686	0.0395683	-0.150166	-0.0471331
0.532387	-0.150672	0.276814	0.0397344	-0.149201	-0.0456886
0.532425	-0.15082	0.27677	0.0401273	-0.14637	-0.047024
0.532464	-0.15097	0.276723	0.0393707	-0.148143	-0.0464551
0.532501	-0.151128	0.276681	0.0385167	-0.151089	-0.0453741
0.532538	-0.151274	0.27663	0.0388367	-0.150251	-0.0465858
0.532573	-0.151428	0.27658	0.0391637	-0.152174	-0.0442933
0.532611	-0.151581	0.276531	0.037205	-0.156186	-0.0460079
0.53265	-0.151735	0.27649	0.0392416	-0.155123	-0.0433063
0.532691	-0.151885	0.276442	0.0406374	-0.15214	-0.0431584
0.532729	-0.152035	0.276393	0.0392147	-0.151831	-0.0464636
0.532767	-0.152184	0.276342	0.0390173	-0.150594	-0.0471711
0.532804	-0.152336	0.27629	0.0387982	-0.149781	-0.0472353
0.53284	-0.152498	0.276244	0.036849	-0.154872	-0.0470473
0.532879	-0.152646	0.276192	0.0380981	-0.150905	-0.046485
0.532917	-0.152797	0.27615	0.0381587	-0.150041	-0.0470177
0.532955	-0.152952	0.276098	0.036865	-0.153034	-0.048792
0.532994	-0.153102	0.276046	0.0374222	-0.152607	-0.0484102
0.53303	-0.153259	0.275996	0.0370933	-0.154172	-0.0489184
0.533071	-0.153412	0.275947	0.0373284	-0.154156	-0.0494418
0.533111	-0.153564	0.275895	0.0370962	-0.153274	-0.0496318
0.533148	-0.153715	0.275842	0.0373541	-0.150161	-0.0501561
0.533186	-0.153867	0.275796	0.0362493	-0.150061	-0.0500489
0.533225	-0.15402	0.275744	0.0374784	-0.149	-0.0502904
0.533262	-0.154171	0.275684	0.0385276	-0.148294	-0.0514327
0.533301	-0.154327	0.275636	0.0384883	-0.154767	-0.0486449
0.533341	-0.154481	0.275584	0.040485	-0.153288	-0.0460542
0.533385	-0.154634	0.275533	0.0412589	-0.152043	-0.0483474
0.533425	-0.15479	0.275489	0.0396449	-0.153838	-0.0484741
0.533462	-0.154948	0.27543	0.0390415	-0.154029	-0.0507761
0.533499	-0.155105	0.275377	0.0386992	-0.154432	-0.0494349
0.533538	-0.155259	0.275323	0.0388276	-0.153298	-0.0525376
0.533574	-0.155428	0.275274	0.037632	-0.156214	-0.0489446
0.533612	-0.155586	0.275222	0.0377643	-0.157012	-0.0501631
0.533652	-0.155741	0.275173	0.0378165	-0.155301	-0.0523911
0.533692	-0.155908	0.275126	0.038105	-0.157501	-0.0510621
0.533731	-0.156064	0.275076	0.0373822	-0.157887	-0.0522427
0.533772	-0.156226	0.275028	0.0380823	-0.156499	-0.0517571
0.533807	-0.156389	0.274978	0.0361335	-0.160821	-0.0507152
0.533843	-0.156542	0.274927	0.0375901	-0.155868	-0.0498616
0.533883	-0.156704	0.274882	0.0385489	-0.157226	-0.0469085
0.533918	-0.156867	0.274834	0.0380056	-0.158464	-0.0462462
0.533952	-0.157028	0.274773	0.0369988	-0.15837	-0.0494648
0.53399	-0.157188	0.274726	0.0370602	-0.160406	-0.0466446
0.534027	-0.157348	0.27468	0.0363199	-0.157923	-0.0482627
0.534062	-0.157511	0.274634	0.0353983	-0.158404	-0.0469559
0.5341	-0.157665	0.274588	0.0353379	-0.158316	-0.0463929
0.534131	-0.15783	0.274542	0.0346171	-0.160216	-0.0455959
0.534162	-0.157995	0.274489	0.0339329	-0.161373	-0.0459738
0.534194	-0.158156	0.274439	0.0335718	-0.161316	-0.0446153
0.534223	-0.158317	0.274384	0.0321276	-0.15856	-0.0476834
0.534257	-0.158476	0.27434	0.0327348	-0.158678	-0.0479887
0.534288	-0.158636	0.274292	0.0322933	-0.159174	-0.0477038
0.534318	-0.158805	0.274244	0.0309815	-0.16349	-0.0461983
0.534352	-0.158962	0.274196	0.0326842	-0.160788	-0.0461583
0.534382	-0.159124	0.274142	0.0317385	-0.161995	-0.0472409
0.534412	-0.15929	0.274094	0.0302154	-0.165423	-0.0464128
0.534439	-0.159452	0.274041	0.0287241	-0.163066	-0.0506001
0.534472	-0.159608	0.27399	0.0295911	-0.160747	-0.051796
0.534498	-0.159775	0.273938	0.0275637	-0.163918	-0.0532569
0.534527	-0.159937	0.273877	0.0267728	-0.163259	-0.0578959
0.534553	-0.160101	0.273823	0.0262513	-0.163525	-0.0553789
0.534581	-0.160264	0.273774	0.0271375	-0.16206	-0.0535187
0.53461	-0.160428	0.273718	0.0280438	-0.161443	-0.0521459
0.534636	-0.16059	0.273663	0.0266539	-0.16249	-0.0565107
0.534658	-0.160756	0.273606	0.024156	-0.161767	-0.0596127
0.534684	-0.160918	0.273547	0.0247842	-0.16148	-0.0581532
0.534706	-0.16108	0.273487	0.024364	-0.162363	-0.0582216
0.534733	-0.161245	0.273432	0.0247178	-0.16153	-0.0567565
0.534759	-0.1614	0.273373	0.0244071	-0.158843	-0.0574795
0.534784	-0.161564	0.273314	0.0245816	-0.16191	-0.058121
0.534811	-0.161729	0.273254	0.0250292	-0.161306	-0.0614198
0.534838	-0.161884	0.2732	0.025621	-0.161942	-0.0595051
0.534857	-0.162057	0.273128	0.023019	-0.164195	-0.0635861
0.534883	-0.162213	0.273069	0.023828	-0.163907	-0.0609302
0.534906	-0.162372	0.273006	0.0225065	-0.166033	-0.0623155
0.534929	-0.162533	0.27294	0.0209248	-0.164795	-0.0652835
0.534953	-0.162692	0.272881	0.0204556	-0.162542	-0.0675666
0.534975	-0.162853	0.272812	0.0224623	-0.160784	-0.067803
0.534999	-0.163023	0.272751	0.0234935	-0.163981	-0.0638871
0.535026	-0.163181	0.272695	0.0246078	-0.162874	-0.0598298
0.535051	-0.163343	0.272638	0.0236765	-0.162219	-0.0606312
0.535072	-0.163505	0.272572	0.0221195	-0.162414	-0.0648364
0.535094	-0.163674	0.272512	0.0215898	-0.163452	-0.0646731
0.535116	-0.163838	0.272449	0.0220039	-0.162584	-0.0643351
0.535141	-0.164	0.272393	0.0238574	-0.16337	-0.0591043
0.53516	-0.164169	0.272323	0.0226305	-0.16425	-0.0601152
0.535186	-0.164332	0.272269	0.0233493	-0.164997	-0.057272
0.535209	-0.164498	0.272216	0.0235716	-0.166575	-0.0546539
0.535235	-0.164665	0.272155	0.0247158	-0.166148	-0.0552432
0.535258	-0.164837	0.272098	0.0242365	-0.169685	-0.0542966
0.535279	-0.165005	0.272031	0.0238281	-0.167213	-0.0562594
0.535298	-0.165174	0.271968	0.0226378	-0.167849	-0.0573272
0.535323	-0.165339	0.271915	0.0233167	-0.168802	-0.0552817
0.535342	-0.165509	0.271852	0.022263	-0.167647	-0.0560737
0.535366	-0.16568	0.271799	0.021791	-0.170237	-0.0536874
0.535389	-0.16585	0.271738	0.0215911	-0.16939	-0.0567246
0.535409	-0.166026	0.271682	0.0187268	-0.170418	-0.0588303
0.535432	-0.166189	0.271625	0.0206276	-0.167507	-0.0578453
0.535449	-0.166364	0.271567	0.019482	-0.170052	-0.057483
0.535472	-0.166531	0.271512	0.0207779	-0.166308	-0.0571942
0.535486	-0.16671	0.271455	0.0188134	-0.169011	-0.0562441
0.535507	-0.166881	0.271397	0.0199606	-0.168981	-0.0563058
0.535526	-0.167056	0.27134	0.0223173	-0.169972	-0.0544664
0.535548	-0.167224	0.271279	0.0231451	-0.166145	-0.0553651
0.535568	-0.167396	0.271224	0.0205491	-0.171769	-0.0564236
0.535587	-0.167566	0.271171	0.0203435	-0.171079	-0.0554878
0.535603	-0.167739	0.271105	0.0191635	-0.169158	-0.0569573
0.535618	-0.16791	0.271042	0.0174292	-0.167695	-0.0608955
0.535636	-0.168085	0.270981	0.0177656	-0.168106	-0.0603234
0.535651	-0.16826	0.270918	0.0171983	-0.169585	-0.0582018
0.535669	-0.168436	0.270864	0.0171961	-0.171817	-0.0571834
0.535688	-0.168611	0.270802	0.0174902	-0.171166	-0.0589241
0.535704	-0.168787	0.270746	0.0163397	-0.17362	-0.0607598
0.535714	-0.168968	0.270674	0.0133843	-0.175256	-0.0641458
0.535729	-0.16914	0.270605	0.0135825	-0.17256	-0.0663767
0.535742	-0.169317	0.270546	0.0135928	-0.176	-0.0609301
0.535753	-0.169491	0.270476	0.0127613	-0.174822	-0.0641351
0.535766	-0.169667	0.270405	0.0122347	-0.176649	-0.0654075
0.535781	-0.169847	0.270347	0.0131558	-0.177283	-0.062838
0.535796	-0.170028	0.270277	0.0130319	-0.176743	-0.0651939
0.535809	-0.170203	0.270208	0.0109072	-0.177571	-0.0695694
0.535818	-0.170383	0.270137	0.0117923	-0.175582	-0.068377
0.535827	-0.170569	0.270067	0.0100418	-0.18226	-0.0666649
0.535837	-0.170751	0.269998	0.0101507	-0.184588	-0.0662943
0.535846	-0.170936	0.269922	0.0102889	-0.184935	-0.070659
0.535858	-0.171114	0.269855	0.00951064	-0.182363	-0.0728095
0.535867	-0.1713	0.269789	0.00910482	-0.18265	-0.0714843
0.535877	-0.171482	0.269716	0.00926283	-0.181393	-0.0723588
0.535888	-0.171664	0.269653	0.00826101	-0.183459	-0.0707516
0.535897	-0.171849	0.269587	0.00930452	-0.181176	-0.0687402
0.535905	-0.17203	0.269511	0.00906541	-0.178824	-0.0721886
0.53591	-0.172213	0.269438	0.00702102	-0.180109	-0.0735322
0.535918	-0.172397	0.26937	0.00698488	-0.180423	-0.0697135
0.535925	-0.172582	0.269306	0.00656133	-0.184516	-0.0679973
0.535934	-0.172768	0.269233	0.00772532	-0.182789	-0.070291
0.535945	-0.17295	0.269165	0.00793271	-0.183746	-0.0681713
0.535951	-0.173133	0.269098	0.00806255	-0.184096	-0.0670652
0.535957	-0.17332	0.269027	0.00622057	-0.185436	-0.066283
0.535964	-0.173508	0.268962	0.00601703	-0.185248	-0.0666234
0.535967	-0.173698	0.268891	0.00362478	-0.186043	-0.0693308
0.535976	-0.173887	0.268825	0.00630941	-0.184785	-0.0678664
0.535986	-0.174067	0.268763	0.00884463	-0.183783	-0.0657832
0.535996	-0.174252	0.268696	0.008543	-0.182854	-0.0666213
0.536002	-0.174434	0.268628	0.00799132	-0.182227	-0.069004
0.536006	-0.174625	0.268565	0.00767941	-0.184042	-0.0682063
0.536017	-0.174807	0.268499	0.00886002	-0.183735	-0.0668142
0.536022	-0.174988	0.268433	0.00756428	-0.182782	-0.067043
0.536029	-0.175173	0.268364	0.00884058	-0.182978	-0.0653364
0.536036	-0.175358	0.268297	0.00741191	-0.183887	-0.0651626
0.536043	-0.175548	0.268234	0.00691981	-0.185183	-0.0642936
0.536051	-0.175737	0.268169	0.00549994	-0.188595	-0.0667884
0.536057	-0.175918	0.268102	0.00596126	-0.187733	-0.0668267
0.536062	-0.176104	0.268029	0.00571819	-0.185898	-0.0692613
0.53607	-0.176283	0.267955	0.00606815	-0.184833	-0.0715102
0.536074	-0.176464	0.267882	0.00623366	-0.184328	-0.0712019
0.536078	-0.176655	0.267814	0.00557475	-0.183433	-0.0714585
0.53609	-0.176835	0.267755	0.00718354	-0.18175	-0.0717881
0.536095	-0.177023	0.267684	0.00666854	-0.182791	-0.0711952
0.536099	-0.177203	0.267611	0.00593787	-0.181816	-0.0706823
0.536106	-0.177385	0.26754	0.0056272	-0.18316	-0.0715553
0.536108	-0.177568	0.267461	0.00398896	-0.180521	-0.0736554
0.536115	-0.177748	0.267387	0.00396487	-0.179738	-0.0763321
0.536121	-0.177931	0.267312	0.00571995	-0.181931	-0.0726721
0.536127	-0.178112	0.267237	0.00449301	-0.180789	-0.0743109
0.536139	-0.178294	0.267171	0.00895468	-0.181882	-0.0705727
0.536142	-0.178477	0.267089	0.00662394	-0.179639	-0.0743883
0.53615	-0.178657	0.267017	0.00497761	-0.183808	-0.0742294
0.536153	-0.17884	0.266942	0.00418818	-0.183787	-0.0755485
0.536159	-0.179022	0.266864	0.00362016	-0.183873	-0.0765536
0.536164	-0.179198	0.266791	0.00440705	-0.182296	-0.0749112
0.536169	-0.179386	0.26671	0.00356004	-0.184691	-0.0767862
0.536179	-0.179566	0.26664	0.00533253	-0.179826	-0.0755457
0.536184	-0.179747	0.266567	0.00493649	-0.1802	-0.0747344
0.53619	-0.179928	0.266492	0.00466038	-0.180451	-0.0735407
0.536194	-0.180107	0.266419	0.00266013	-0.182789	-0.0763337
0.536197	-0.18029	0.26634	0.00375351	-0.181848	-0.0770428
0.536201	-0.180475	0.266263	0.00522286	-0.181915	-0.0757072
0.536208	-0.180654	0.266194	0.00601788	-0.182416	-0.0735799
0.536217	-0.180836	0.266126	0.00664654	-0.183622	-0.0707121
0.536224	-0.181018	0.266054	0.00566282	-0.184759	-0.0716367
0.53623	-0.181199	0.265984	0.00486427	-0.183043	-0.0716301
0.536232	-0.181384	0.265904	0.00328698	-0.185984	-0.0723087
0.536239	-0.181565	0.265832	0.00523689	-0.184503	-0.0729279
0.536246	-0.181745	0.265764	0.00595489	-0.181615	-0.0714843
0.536254	-0.181933	0.265696	0.00433641	-0.188884	-0.0704491
0.536262	-0.182107	0.265626	0.00494623	-0.183295	-0.0708903
0.536272	-0.182286	0.265553	0.00630229	-0.181396	-0.0719949
0.536277	-0.182475	0.265488	0.00483436	-0.182925	-0.0695998
0.536284	-0.182658	0.265417	0.00788316	-0.179341	-0.069142
0.536292	-0.182835	0.265349	0.00625729	-0.179672	-0.068454
0.536299	-0.183022	0.265287	0.00729396	-0.181997	-0.0643832
0.536308	-0.183201	0.265217	0.00852913	-0.179608	-0.0655083
0.536312	-0.183389	0.265145	0.0056007	-0.182011	-0.0697591
0.53632	-0.183569	0.265079	0.00654864	-0.180501	-0.0686726
0.536328	-0.183757	0.265016	0.00634907	-0.182924	-0.0674473
0.536335	-0.183943	0.264949	0.00760138	-0.184522	-0.065904
0.53634	-0.184126	0.264877	0.00715651	-0.183796	-0.0668777
0.536349	-0.184311	0.264812	0.00516997	-0.188243	-0.0678116
0.536358	-0.1845	0.264752	0.00534414	-0.188242	-0.0664224
0.536368	-0.184682	0.264682	0.00537446	-0.186018	-0.0690516
0.53638	-0.184864	0.264624	0.00784986	-0.18517	-0.0643291
0.536388	-0.185045	0.264556	0.00821839	-0.183807	-0.0647056
0.536398	-0.18523	0.26449	0.00691618	-0.186354	-0.0648498
0.536405	-0.185424	0.264425	0.00740639	-0.188199	-0.0650693
0.536416	-0.185608	0.264357	0.00824211	-0.184847	-0.0664054
0.536429	-0.185792	0.264298	0.00812232	-0.185164	-0.0668465
0.536437	-0.185983	0.26423	0.00845936	-0.18624	-0.0666615
0.536447	-0.186175	0.264164	0.00861014	-0.187744	-0.0670464
0.536453	-0.186372	0.2641	0.00621524	-0.192109	-0.0683449
0.536463	-0.186559	0.26403	0.00772587	-0.189107	-0.0677262
0.536476	-0.186748	0.263968	0.00818188	-0.189623	-0.0663082
0.53649	-0.186942	0.263906	0.00974355	-0.189835	-0.0671407
0.536501	-0.187132	0.263839	0.0103907	-0.187007	-0.0673452
0.53651	-0.187323	0.263772	0.0100289	-0.189597	-0.0657519
0.53652	-0.187519	0.263707	0.0102725	-0.190626	-0.0659697
0.536536	-0.187705	0.263642	0.0101522	-0.190013	-0.0654085
0.536548	-0.187901	0.263582	0.0105751	-0.191125	-0.0640219
0.536564	-0.188094	0.263524	0.0117522	-0.19049	-0.0626558
0.536576	-0.188283	0.263462	0.0107923	-0.191631	-0.0633488
0.536588	-0.188474	0.2634	0.0120517	-0.190899	-0.0628339
0.536603	-0.188661	0.263333	0.0121933	-0.187798	-0.0653216
0.536615	-0.188852	0.263277	0.0120406	-0.191727	-0.0588735
0.536634	-0.189042	0.263223	0.0134905	-0.190934	-0.0577884
0.536646	-0.18924	0.263166	0.0105232	-0.191502	-0.0627655
0.536658	-0.18943	0.263102	0.0115515	-0.188751	-0.0648205
0.536671	-0.18962	0.263043	0.0117809	-0.188252	-0.0621953
0.536684	-0.189811	0.26299	0.0110956	-0.19125	-0.0599468
0.536695	-0.189997	0.262931	0.0113942	-0.187889	-0.060899
0.536711	-0.190184	0.262873	0.0116607	-0.190301	-0.0606852
0.536724	-0.190375	0.26282	0.0115786	-0.190792	-0.0580286
0.536734	-0.190565	0.262757	0.011762	-0.189843	-0.0594863
0.536749	-0.190749	0.262708	0.0138533	-0.187517	-0.054428
0.536759	-0.190935	0.262645	0.012884	-0.185807	-0.0562052
0.536768	-0.191123	0.262593	0.0109892	-0.189528	-0.0540055
0.536781	-0.191312	0.26254	0.0109759	-0.192004	-0.0530824
0.536794	-0.191502	0.262487	0.0121795	-0.189452	-0.0534051
0.536804	-0.191687	0.262429	0.0098649	-0.187843	-0.0568571
0.536815	-0.191874	0.26237	0.00964689	-0.188169	-0.0587472
0.536827	-0.192054	0.262311	0.00969101	-0.186072	-0.058191
0.536838	-0.192241	0.262259	0.00904601	-0.187802	-0.0578355
0.53685	-0.19243	0.262201	0.00998303	-0.186401	-0.0573012
0.536867	-0.192613	0.262148	0.0116768	-0.186727	-0.0567337
0.536877	-0.192797	0.262083	0.0110749	-0.186961	-0.058947
0.536889	-0.19298	0.262023	0.0103075	-0.184164	-0.0599083
0.536902	-0.193161	0.261972	0.0132829	-0.185562	-0.053216
0.536914	-0.193342	0.261908	0.0129944	-0.185338	-0.0552231
0.536931	-0.193527	0.261856	0.0141529	-0.186516	-0.0527148
0.536948	-0.193705	0.2618	0.0148404	-0.182099	-0.0550935
0.536964	-0.193883	0.261737	0.015086	-0.181589	-0.056083
0.536977	-0.194068	0.261683	0.0162976	-0.181933	-0.0522786
0.536992	-0.194248	0.261621	0.0162135	-0.180917	-0.0552004
0.537007	-0.194434	0.261562	0.0176306	-0.180752	-0.0561465
0.537024	-0.194613	0.261502	0.0172517	-0.178614	-0.0575175
0.537042	-0.194793	0.261438	0.0170688	-0.178613	-0.0581305
0.537061	-0.19497	0.261383	0.0181905	-0.178258	-0.0584801
0.537077	-0.195152	0.261322	0.0182335	-0.178579	-0.0579534
0.537093	-0.195334	0.26126	0.0155074	-0.179504	-0.0606443
0.537109	-0.19552	0.261202	0.0169642	-0.180516	-0.059813
0.537128	-0.195698	0.26114	0.0173918	-0.176553	-0.0620846
0.537147	-0.19588	0.261086	0.0171891	-0.178996	-0.0600131
0.537164	-0.196059	0.261026	0.0162633	-0.180759	-0.0595
0.537182	-0.19624	0.260972	0.017663	-0.179067	-0.0574939
0.5372	-0.19642	0.260919	0.0186277	-0.181127	-0.0551015
0.537214	-0.196602	0.260858	0.0175434	-0.181973	-0.0561233
0.537236	-0.196781	0.260805	0.0182563	-0.182673	-0.0542
0.537255	-0.196964	0.260757	0.0175767	-0.182854	-0.0525518
0.537274	-0.197144	0.260703	0.0181412	-0.1816	-0.0520964
0.537292	-0.197324	0.260655	0.0184949	-0.181406	-0.0483483
0.537307	-0.197509	0.260597	0.0180021	-0.178981	-0.051596
0.537329	-0.197686	0.260548	0.0193508	-0.178224	-0.049806
0.537352	-0.19786	0.260497	0.0188365	-0.178941	-0.0514219
0.537373	-0.19804	0.260451	0.0183833	-0.178852	-0.0502644
0.53739	-0.198222	0.2604	0.0187193	-0.176569	-0.0529468
0.537408	-0.198397	0.260349	0.0181508	-0.176925	-0.0528656
0.537426	-0.198577	0.2603	0.017982	-0.17621	-0.0505043
0.537443	-0.198756	0.260253	0.0188382	-0.18094	-0.0470768
0.537463	-0.198936	0.260207	0.0189326	-0.181792	-0.04431
0.537487	-0.199109	0.260171	0.0198212	-0.180798	-0.0383596
0.537502	-0.199286	0.260124	0.0185514	-0.178767	-0.0413756
0.537521	-0.199465	0.260083	0.0172732	-0.179676	-0.0412317
0.537541	-0.199642	0.260041	0.0192235	-0.178263	-0.0402339
0.537558	-0.199822	0.259991	0.0189983	-0.17841	-0.0441175
0.537579	-0.2	0.259957	0.0169646	-0.179331	-0.041785
0.537592	-0.20018	0.259905	0.0152078	-0.179489	-0.045519
0.537611	-0.200361	0.259867	0.0164295	-0.178843	-0.0410888
0.537627	-0.200546	0.259828	0.0155725	-0.181677	-0.0424769
0.53764	-0.20073	0.259778	0.0146904	-0.179567	-0.0463287
0.53766	-0.200903	0.259735	0.0171033	-0.177497	-0.0451995
0.537678	-0.201084	0.259692	0.018379	-0.178871	-0.0428472
0.537696	-0.201261	0.259644	0.0184563	-0.176611	-0.0439209
0.537713	-0.201443	0.259605	0.0166204	-0.178396	-0.043115
0.537727	-0.201631	0.259561	0.0176993	-0.179648	-0.0413007
0.537746	-0.201813	0.259516	0.0167215	-0.180007	-0.0438553
0.537766	-0.201991	0.259477	0.0198158	-0.181092	-0.0412906
0.537786	-0.20218	0.259435	0.0201893	-0.181208	-0.0416485
0.537806	-0.202368	0.259399	0.0210738	-0.182658	-0.0373632
0.537824	-0.202548	0.259352	0.0192037	-0.183661	-0.0408391
0.537842	-0.202737	0.259309	0.0175009	-0.183023	-0.0440184
0.537862	-0.202917	0.259266	0.0190363	-0.183696	-0.0433555
0.537884	-0.203108	0.259224	0.0207761	-0.186992	-0.0415072
0.537905	-0.203291	0.259178	0.0192929	-0.185594	-0.0445232
0.537925	-0.203478	0.259135	0.01964	-0.1849	-0.0436388
0.537947	-0.203667	0.259097	0.0219086	-0.183482	-0.0399573
0.537967	-0.203855	0.259053	0.0192733	-0.184205	-0.0465226
0.537991	-0.204038	0.259012	0.0216098	-0.183723	-0.0430539
0.538014	-0.204222	0.258972	0.0212074	-0.183681	-0.0430755
0.538036	-0.204408	0.258936	0.0216643	-0.183664	-0.0409523
0.538059	-0.204592	0.258895	0.0211393	-0.185007	-0.0414117
0.538084	-0.204775	0.258865	0.0225912	-0.182025	-0.0378624
0.538103	-0.204962	0.258824	0.0229732	-0.17981	-0.0393922
0.538129	-0.205146	0.258797	0.0226574	-0.18185	-0.0350302
0.538152	-0.205332	0.25876	0.0243542	-0.183123	-0.0348985
0.538175	-0.205518	0.258727	0.0250465	-0.181888	-0.0318427
0.538194	-0.205708	0.25869	0.0223584	-0.183884	-0.0323419
0.538217	-0.205892	0.258659	0.0225728	-0.183975	-0.0321819
0.538241	-0.206076	0.258625	0.0242931	-0.1828	-0.0309472
0.538265	-0.20626	0.258602	0.0240299	-0.182832	-0.0305461
0.53829	-0.206442	0.258566	0.0227206	-0.180822	-0.0362547
0.538313	-0.206628	0.258536	0.0217215	-0.183697	-0.033775
0.53833	-0.206816	0.258505	0.0202134	-0.185094	-0.0318031
0.538352	-0.206997	0.258478	0.0212474	-0.181571	-0.0309203
0.538375	-0.20718	0.25845	0.0205953	-0.184531	-0.0299157
0.538395	-0.207368	0.258419	0.0205736	-0.184853	-0.0309494
0.53842	-0.207548	0.258399	0.0203731	-0.181516	-0.0316027
0.538436	-0.207733	0.258359	0.0206102	-0.182975	-0.0333943
0.538454	-0.207917	0.258329	0.0198524	-0.181905	-0.0321702
0.538477	-0.208098	0.258306	0.0189719	-0.184305	-0.0297424
0.538495	-0.208276	0.258268	0.0186715	-0.183032	-0.0331853
0.538517	-0.208465	0.258245	0.0185223	-0.18379	-0.0301357
0.538538	-0.208647	0.258219	0.0181407	-0.185275	-0.0290746
0.538557	-0.208829	0.258181	0.0192729	-0.181992	-0.0326738
0.538576	-0.209009	0.258153	0.0196702	-0.179988	-0.0285184
0.538594	-0.20919	0.258115	0.017551	-0.181067	-0.0330825
0.538613	-0.209371	0.258081	0.0187442	-0.178679	-0.0344971
0.538637	-0.209554	0.258057	0.0193967	-0.179986	-0.0342884
0.538654	-0.209736	0.258022	0.0184624	-0.179774	-0.0343882
0.538671	-0.209916	0.257986	0.0193112	-0.175818	-0.03636
0.538692	-0.210089	0.25795	0.0209995	-0.174051	-0.0357204
0.538715	-0.210262	0.257918	0.0210757	-0.174332	-0.034161
0.538734	-0.210445	0.257888	0.019807	-0.178101	-0.0330975
0.538757	-0.210624	0.257858	0.0216128	-0.177058	-0.0324957
0.538775	-0.21081	0.257826	0.0187532	-0.18032	-0.0338225
0.538796	-0.210987	0.257792	0.0215921	-0.179494	-0.0304249
0.538819	-0.211155	0.25775	0.0226354	-0.175428	-0.0329284
0.53884	-0.211336	0.257717	0.020885	-0.18007	-0.0319417
0.538861	-0.211515	0.257681	0.0228015	-0.179794	-0.0315292
0.538885	-0.211692	0.257647	0.0235217	-0.178273	-0.0305488
0.538907	-0.211875	0.257613	0.0228636	-0.180273	-0.0310516
0.538926	-0.212051	0.257572	0.0224124	-0.177493	-0.0341113
0.53895	-0.212226	0.257533	0.0225616	-0.178306	-0.0342361
0.538975	-0.212397	0.257491	0.0233481	-0.176624	-0.0354236
0.538996	-0.21258	0.257461	0.0234925	-0.178919	-0.0301293
0.539023	-0.212754	0.257427	0.0240053	-0.175504	-0.0332109
0.539041	-0.21294	0.257392	0.023017	-0.177979	-0.0312653
0.539066	-0.213111	0.257355	0.023162	-0.173574	-0.0332364
0.539089	-0.213284	0.257318	0.0225015	-0.174353	-0.0340665
0.539107	-0.213462	0.25728	0.0206021	-0.176235	-0.0349339
0.539134	-0.213636	0.257253	0.0209035	-0.177754	-0.0311816
0.539155	-0.213817	0.25722	0.0195725	-0.179828	-0.0346987
0.539176	-0.213999	0.25719	0.0200657	-0.178425	-0.0344715
0.539196	-0.214173	0.257158	0.0213916	-0.175949	-0.0328644
0.53922	-0.214345	0.25713	0.0208137	-0.176946	-0.0308367
0.53924	-0.214521	0.257098	0.0186787	-0.180283	-0.0302691
0.539259	-0.214703	0.257066	0.0186026	-0.181389	-0.030648
0.539283	-0.214878	0.257044	0.0188068	-0.180295	-0.0290161
0.539304	-0.215057	0.257019	0.0186431	-0.178964	-0.0309496
0.539326	-0.215231	0.256992	0.0195411	-0.177663	-0.0288458
0.539343	-0.215407	0.256956	0.0190799	-0.177457	-0.0283379
0.539363	-0.215584	0.256928	0.0205235	-0.176925	-0.0251845
0.539387	-0.215764	0.256906	0.022228	-0.176635	-0.0229361
0.539407	-0.215943	0.256887	0.0190066	-0.178185	-0.0214168
0.539426	-0.21612	0.25686	0.0184425	-0.176155	-0.0252439
0.539442	-0.216301	0.256834	0.0176168	-0.177307	-0.0240849
0.539462	-0.216475	0.256809	0.0181324	-0.178595	-0.0227388
0.539479	-0.216663	0.256785	0.0186321	-0.181228	-0.0224843
0.539501	-0.21684	0.256763	0.0175131	-0.186781	-0.0198032
0.539518	-0.217026	0.256741	0.0164447	-0.18794	-0.0214939
0.53954	-0.217209	0.256722	0.0187522	-0.184817	-0.019318
0.539561	-0.217381	0.256701	0.0211849	-0.179846	-0.0200961
0.539581	-0.217564	0.256681	0.0204813	-0.181732	-0.0203943
0.539599	-0.217743	0.256661	0.0204066	-0.182231	-0.0193509
0.539619	-0.217928	0.256638	0.0217006	-0.181988	-0.0196392
0.53964	-0.218111	0.256616	0.0201888	-0.180786	-0.0211095
0.53966	-0.218292	0.256593	0.0182256	-0.182459	-0.0246042
0.539676	-0.218476	0.256568	0.0180073	-0.183187	-0.0235203
0.539697	-0.218661	0.256555	0.0191342	-0.181626	-0.0206823
0.539718	-0.218837	0.256526	0.0202243	-0.179938	-0.0232672
0.539739	-0.219026	0.256509	0.0212033	-0.180915	-0.0205185
0.539758	-0.219215	0.256489	0.0213191	-0.18104	-0.0189856
0.539776	-0.219404	0.256465	0.0193525	-0.183175	-0.0217942
0.539796	-0.21959	0.256441	0.0181222	-0.186322	-0.0218321
0.539815	-0.219773	0.256423	0.0196058	-0.186381	-0.0192436
0.539838	-0.219956	0.256405	0.0206469	-0.183298	-0.0191322
0.539863	-0.220146	0.256395	0.0214977	-0.185265	-0.0157628
0.539879	-0.220339	0.25637	0.0187777	-0.186963	-0.0207392
0.539902	-0.220521	0.256348	0.0212098	-0.182352	-0.020641
0.539929	-0.220701	0.256331	0.0220414	-0.180438	-0.0235719
0.539951	-0.220889	0.256313	0.0222379	-0.183863	-0.0207355
0.539975	-0.221073	0.256294	0.0229879	-0.182833	-0.020648
0.539996	-0.221261	0.256274	0.0212064	-0.185207	-0.0219656
0.540017	-0.221449	0.256256	0.0231699	-0.184299	-0.0202663
0.540042	-0.221626	0.256233	0.0241548	-0.183295	-0.0197987
0.540062	-0.221816	0.256211	0.0222274	-0.184843	-0.0219016
0.540083	-0.222006	0.256189	0.0226717	-0.183995	-0.0216016
0.540109	-0.222189	0.256173	0.0221771	-0.183351	-0.0229459
0.540128	-0.222382	0.256156	0.0213442	-0.184913	-0.0205837
0.540153	-0.222565	0.256141	0.0211462	-0.186352	-0.0197929
0.540174	-0.22275	0.256121	0.0216236	-0.18487	-0.0195638
0.540196	-0.222933	0.256105	0.0219157	-0.185068	-0.0171566
0.540223	-0.223118	0.256093	0.0247885	-0.187103	-0.0108796
0.540244	-0.223303	0.256074	0.0214772	-0.18704	-0.014954
0.540264	-0.223491	0.256061	0.0214598	-0.185864	-0.013009
0.540285	-0.223672	0.256043	0.0220286	-0.183465	-0.0132432
0.540304	-0.22385	0.256024	0.0200141	-0.180955	-0.0170611
0.540326	-0.224037	0.256016	0.0198476	-0.183166	-0.0162316
0.540347	-0.224222	0.256001	0.0212831	-0.182561	-0.0147279
0.540363	-0.224409	0.255986	0.0201119	-0.182395	-0.01447
0.540383	-0.224591	0.255969	0.0204136	-0.180911	-0.0155245
0.540406	-0.22477	0.25596	0.0196581	-0.18061	-0.0152759
0.540422	-0.224951	0.255945	0.0187799	-0.178529	-0.016118
0.540443	-0.225133	0.255931	0.0199125	-0.179108	-0.0156313
0.540464	-0.225319	0.25592	0.0198016	-0.182224	-0.0124923
0.54048	-0.225501	0.255903	0.0219421	-0.180899	-0.0114275
0.5405	-0.225678	0.255889	0.0210299	-0.177241	-0.0120534
0.54052	-0.225855	0.255871	0.020072	-0.178185	-0.0130014
0.540539	-0.226037	0.255861	0.0207578	-0.178325	-0.00919662
0.540561	-0.226212	0.255852	0.0205347	-0.176832	-0.00899668
0.540582	-0.226396	0.255845	0.0180566	-0.180603	-0.0107254
0.540601	-0.226578	0.255832	0.0187271	-0.180768	-0.0100997
0.54062	-0.226757	0.255819	0.0189449	-0.178885	-0.0115872
0.54064	-0.226933	0.255801	0.0176056	-0.180299	-0.0164987
0.540664	-0.227106	0.255794	0.0205365	-0.17757	-0.0129525
0.540683	-0.227289	0.255779	0.02142	-0.177798	-0.0141626
0.540706	-0.22747	0.255771	0.0201614	-0.179078	-0.0149564
0.540728	-0.22765	0.255766	0.0221719	-0.17693	-0.011575
0.540745	-0.227826	0.255743	0.0225944	-0.176269	-0.0141362
0.540769	-0.228007	0.255737	0.0234395	-0.177431	-0.0103712
0.540793	-0.228181	0.255723	0.0229303	-0.178859	-0.0105829
0.540815	-0.228363	0.255708	0.0218677	-0.179373	-0.0125826
0.540838	-0.228545	0.255699	0.0215035	-0.178362	-0.0117455
0.540862	-0.228721	0.255685	0.0233287	-0.180642	-0.0098957
0.540885	-0.228901	0.255677	0.0246356	-0.180137	-0.00726511
0.540907	-0.229079	0.255659	0.0240126	-0.179842	-0.0109713
0.54093	-0.229257	0.25565	0.0250967	-0.178242	-0.00998736
0.540955	-0.229434	0.255632	0.0255681	-0.176176	-0.0141371
0.540979	-0.229614	0.255615	0.0243475	-0.177359	-0.0181187
0.541002	-0.229793	0.255606	0.0245496	-0.176212	-0.0160036
0.541024	-0.229974	0.255591	0.023325	-0.176553	-0.0173224
0.541054	-0.230146	0.255584	0.0256228	-0.175902	-0.0138366
0.541079	-0.230325	0.255574	0.0241409	-0.175886	-0.0142553
0.541102	-0.230505	0.255559	0.022761	-0.177232	-0.0154681
0.541125	-0.230686	0.255547	0.0223785	-0.178373	-0.0161404
0.541149	-0.230868	0.255539	0.0223541	-0.177608	-0.014821
0.541172	-0.231041	0.255519	0.0237512	-0.176933	-0.0139682
0.5412	-0.231214	0.25551	0.0254985	-0.174974	-0.0117803
0.541225	-0.231396	0.2555	0.0249894	-0.178974	-0.00899905
0.541248	-0.231576	0.25549	0.025651	-0.177263	-0.00922217
0.54127	-0.231754	0.255472	0.0243914	-0.175907	-0.0126382
0.541298	-0.231927	0.255463	0.0260873	-0.175279	-0.0105821
0.541319	-0.232108	0.255455	0.0242885	-0.176716	-0.00966655
0.541343	-0.232283	0.255441	0.0240036	-0.175224	-0.00895785
0.54137	-0.232461	0.255434	0.0240788	-0.175023	-0.0110629
0.541391	-0.232636	0.255425	0.0229875	-0.174684	-0.0108142
0.541419	-0.232814	0.255418	0.0239032	-0.177322	-0.0111609
0.541443	-0.23299	0.255411	0.0242214	-0.174396	-0.00941769
0.541465	-0.233173	0.255403	0.0237459	-0.177356	-0.00847819
0.541495	-0.233348	0.255397	0.0269911	-0.178051	-0.00612328
0.541519	-0.233532	0.255395	0.0247074	-0.179416	-0.00705479
0.54154	-0.233714	0.255388	0.022659	-0.181395	-0.00563896
0.541561	-0.233902	0.255388	0.0229321	-0.183584	-0.0038689
0.541585	-0.234083	0.255384	0.0231797	-0.181309	-0.00322061
0.541612	-0.234257	0.255374	0.0280773	-0.178355	-0.00209774
0.541641	-0.234435	0.255376	0.027351	-0.179055	-0.00164397
0.541662	-0.234622	0.255366	0.0237541	-0.1827	-0.00504746
0.541692	-0.234793	0.255362	0.0259288	-0.180434	-0.00417764
0.541714	-0.234979	0.255359	0.0240274	-0.181994	-0.00257312
0.541741	-0.235159	0.255354	0.0253719	-0.181038	-0.00495075
0.541769	-0.235343	0.255359	0.0265083	-0.181186	-0.00192235
0.541797	-0.235527	0.255352	0.0270216	-0.1788	-0.00393591
0.541829	-0.235706	0.255353	0.0275767	-0.178592	-0.00206703
0.541855	-0.235891	0.25535	0.0279827	-0.179485	0.000546286
0.541882	-0.236074	0.255339	0.0266582	-0.17885	-0.00492513
0.541911	-0.23626	0.255342	0.0283768	-0.180432	0.00151393
0.541944	-0.236443	0.255347	0.030325	-0.177428	0.00115441
0.541972	-0.236629	0.255346	0.0277363	-0.179995	-0.00195261
0.542003	-0.236816	0.255349	0.0285187	-0.181973	-0.000430694
0.542032	-0.237	0.255346	0.0268425	-0.184603	-0.000516862
0.542061	-0.237187	0.255348	0.0279152	-0.186128	0.00116881
0.542091	-0.237371	0.255347	0.0284312	-0.18444	0.000549308
0.542124	-0.237551	0.255351	0.0299238	-0.183777	0.0028503
0.542153	-0.237737	0.255351	0.0292332	-0.182822	0.000356773
0.54218	-0.237918	0.255348	0.0270053	-0.182475	-0.00209273
0.54221	-0.238097	0.255349	0.0283199	-0.182731	0.00132953
0.542239	-0.238288	0.255352	0.0290325	-0.181803	0.001803
0.542272	-0.238468	0.255352	0.0300247	-0.179387	-0.00147567
0.542298	-0.238649	0.255346	0.0280487	-0.1812	-0.00149904
0.542325	-0.238834	0.255344	0.0268513	-0.182188	-0.000288342
0.542353	-0.239017	0.255347	0.0261823	-0.183243	0.00102221
0.542378	-0.239203	0.255347	0.0253167	-0.184012	9.17705e-06
0.542407	-0.239389	0.255347	0.0263047	-0.182111	-0.00114683
0.542435	-0.239568	0.255344	0.0258306	-0.180944	-0.00323985
0.542461	-0.239752	0.255345	0.0245026	-0.182194	-0.00519082
0.542484	-0.239934	0.255338	0.0278174	-0.181576	-0.0020301
0.542512	-0.240109	0.255334	0.0272229	-0.178529	-0.00305544
0.542535	-0.240296	0.255329	0.0242891	-0.185207	-0.00254634
0.542564	-0.240475	0.255332	0.0274176	-0.183473	0.00120579
0.542588	-0.240657	0.25533	0.025593	-0.18173	0.000162865
0.542614	-0.240835	0.255322	0.0242641	-0.180386	-0.00307875
0.542639	-0.241015	0.25532	0.025251	-0.179861	-0.00191202
0.54266	-0.241198	0.255312	0.0250339	-0.180892	-0.00205867
0.542683	-0.241383	0.255305	0.0246333	-0.183105	-0.00215638
0.542711	-0.241562	0.255302	0.0248061	-0.180844	-0.00292486
0.542739	-0.241736	0.255294	0.0256402	-0.177818	-0.00495832
0.542757	-0.24192	0.255284	0.0238031	-0.181557	-0.00583977
0.542784	-0.242097	0.25528	0.0263584	-0.177653	-0.00458208
0.542807	-0.242274	0.255269	0.0274468	-0.178871	-0.00365636
0.542832	-0.242451	0.255258	0.027069	-0.178531	-0.00687949
0.542859	-0.242627	0.255248	0.0252893	-0.180425	-0.00704554
0.542885	-0.2428	0.255237	0.025955	-0.178232	-0.00567287
0.54291	-0.242977	0.255234	0.0248464	-0.177252	-0.00739993
0.542934	-0.243151	0.25522	0.0249232	-0.177163	-0.0085654
0.54296	-0.243322	0.255211	0.0254147	-0.174941	-0.00993264
0.542984	-0.243504	0.255203	0.0247801	-0.176319	-0.00933373
0.543014	-0.24367	0.255195	0.02596	-0.172604	-0.0108291
0.543041	-0.243842	0.25519	0.0268769	-0.171655	-0.006455
0.543068	-0.244012	0.255178	0.0266937	-0.172077	-0.00834441
0.543093	-0.244189	0.255173	0.0248217	-0.174947	-0.0088569
0.543119	-0.244357	0.255166	0.0261795	-0.17168	-0.00910049
0.543146	-0.244532	0.255158	0.0266961	-0.172363	-0.00919182
0.543175	-0.244712	0.255163	0.0274155	-0.171665	-0.00622175
0.5432	-0.244881	0.255151	0.0251268	-0.171452	-0.0086081
0.543228	-0.245054	0.255145	0.0249185	-0.173865	-0.0075918
0.543254	-0.245225	0.255135	0.025036	-0.172119	-0.00839619
0.543279	-0.245399	0.255127	0.0263403	-0.173934	-0.00631792
0.543307	-0.245574	0.25513	0.0266321	-0.17611	-0.00384375
0.54333	-0.245755	0.255115	0.0244407	-0.176394	-0.00835196
0.543357	-0.245924	0.25511	0.0249724	-0.173449	-0.00749203
0.543382	-0.246093	0.255099	0.0239696	-0.17333	-0.00966398
0.543406	-0.24627	0.255092	0.0228152	-0.174986	-0.00941136
0.543433	-0.24644	0.255083	0.024245	-0.172416	-0.00912834
0.543458	-0.246615	0.255073	0.0240154	-0.173007	-0.00887319
0.543481	-0.246788	0.255075	0.0242447	-0.173181	-0.00541618
0.543504	-0.246961	0.255061	0.0239813	-0.172791	-0.00603513
0.543528	-0.247129	0.255055	0.0232749	-0.170989	-0.00988367
0.543548	-0.247302	0.255045	0.0219725	-0.173596	-0.0100351
0.543588	-0.247645	0.255018	0.0210269	-0.170839	-0.0138206
0.543609	-0.247817	0.255012	0.0219389	-0.1703	-0.0104331
0.543628	-0.247989	0.255	0.0196432	-0.173983	-0.0116595
0.543647	-0.248161	0.254995	0.0192863	-0.172565	-0.00882978
0.543667	-0.248333	0.254987	0.0197839	-0.17366	-0.00671618
0.543687	-0.248502	0.254978	0.0219476	-0.170347	-0.00535229
0.543705	-0.248676	0.254967	0.0195731	-0.170029	-0.00918306
0.543719	-0.248851	0.254947	0.0153239	-0.172783	-0.0148113
0.543736	-0.249022	0.254936	0.0162538	-0.171625	-0.0130765
0.543755	-0.249187	0.254921	0.0173881	-0.166749	-0.0140796
0.543776	-0.249353	0.254912	0.0169736	-0.168783	-0.0154404
0.543791	-0.249529	0.2549	0.0168761	-0.169386	-0.0136646
0.543812	-0.249695	0.25488	0.0181585	-0.167267	-0.0162951
0.543827	-0.249864	0.254871	0.0172355	-0.166395	-0.0164329
0.54384	-0.250039	0.254849	0.0159183	-0.168775	-0.0188794
0.543857	-0.250206	0.25483	0.0144302	-0.167711	-0.0225298
0.543873	-0.250372	0.254813	0.017239	-0.166396	-0.0192662
0.543889	-0.250546	0.254798	0.0163339	-0.168885	-0.017165
0.543901	-0.250718	0.254779	0.0162577	-0.17109	-0.01548
0.543918	-0.250883	0.254761	0.0162877	-0.168157	-0.0164176
0.54393	-0.251057	0.254738	0.0141518	-0.170944	-0.0191423
0.543948	-0.251219	0.254715	0.0159844	-0.16724	-0.0203991
0.543965	-0.251387	0.254691	0.0171283	-0.166837	-0.0195233
0.543984	-0.251556	0.254677	0.0189509	-0.169375	-0.0146652
0.544	-0.251723	0.25465	0.0186269	-0.169441	-0.0177173
0.544014	-0.251887	0.254619	0.0177309	-0.166899	-0.0199801
0.54403	-0.252058	0.254597	0.0153331	-0.169145	-0.0240923
0.544045	-0.252226	0.254571	0.017134	-0.167093	-0.0240574
0.544069	-0.252391	0.254554	0.0192205	-0.166534	-0.0222319
0.544084	-0.252562	0.254527	0.0184373	-0.16659	-0.0236949
0.544103	-0.252726	0.254497	0.0185302	-0.163625	-0.0276266
0.544118	-0.252897	0.254474	0.0190634	-0.164705	-0.0254667
0.544134	-0.253064	0.254445	0.0194919	-0.16472	-0.0252099
0.54415	-0.253241	0.254425	0.0172234	-0.169157	-0.024837
0.544163	-0.253409	0.254396	0.014525	-0.167312	-0.0280417
0.54418	-0.253575	0.254364	0.0153473	-0.165943	-0.0290479
0.544197	-0.253739	0.25434	0.0176988	-0.166622	-0.0241882
0.544206	-0.253914	0.254312	0.0167692	-0.163878	-0.0258299
0.544224	-0.254086	0.25429	0.0158574	-0.168495	-0.0244082
0.54424	-0.254251	0.254267	0.0145739	-0.169163	-0.0254559
0.544254	-0.254421	0.254235	0.0141792	-0.167816	-0.0288279
0.544266	-0.25459	0.254208	0.014052	-0.16548	-0.0289013
0.544281	-0.254753	0.254182	0.0140077	-0.164108	-0.0277815
0.544292	-0.254927	0.254156	0.01342	-0.167468	-0.0270499
0.544306	-0.255092	0.254134	0.012243	-0.167235	-0.0274515
0.544324	-0.255259	0.254107	0.0140315	-0.167304	-0.0274964
0.544334	-0.255431	0.254077	0.0114672	-0.169691	-0.0296959
0.544345	-0.255597	0.254047	0.0108792	-0.168983	-0.030487
0.544353	-0.255763	0.25401	0.00917	-0.165423	-0.0358078
0.544369	-0.255926	0.253992	0.0133271	-0.168293	-0.0254172
0.544383	-0.256096	0.25397	0.0127488	-0.168953	-0.0249879
0.544394	-0.256257	0.253937	0.0103024	-0.168112	-0.0277661
0.544401	-0.25643	0.253914	0.00890481	-0.170355	-0.0265197
0.544408	-0.256598	0.253879	0.0084155	-0.167584	-0.0284653
0.54442	-0.25676	0.253853	0.0118333	-0.166743	-0.0244981
0.544431	-0.256925	0.253822	0.0133259	-0.162486	-0.0276357
0.544445	-0.257085	0.253793	0.0127912	-0.158394	-0.0289535
0.544451	-0.257255	0.253767	0.0117214	-0.160058	-0.0299919
0.544461	-0.257416	0.253736	0.0108037	-0.161239	-0.0291669
0.544468	-0.257582	0.253702	0.00787001	-0.163303	-0.033912
0.544477	-0.257747	0.25367	0.00973353	-0.161279	-0.0342602
0.544489	-0.257908	0.253632	0.0104941	-0.158974	-0.0359547
0.544502	-0.258067	0.253606	0.0100836	-0.159623	-0.0322025
0.544511	-0.258227	0.253565	0.0083661	-0.160129	-0.0345843
0.544523	-0.258388	0.253532	0.00944524	-0.160005	-0.0333934
0.544529	-0.258553	0.253492	0.008625	-0.160811	-0.0362368
0.544543	-0.258711	0.253454	0.0117327	-0.159855	-0.0339202
0.544556	-0.258872	0.253419	0.0122505	-0.158453	-0.0347193
0.544568	-0.259031	0.253382	0.0118133	-0.156532	-0.0372857
0.544582	-0.259188	0.253338	0.0103358	-0.158192	-0.0396123
0.544598	-0.259341	0.253306	0.0127921	-0.157311	-0.036516
0.54461	-0.259502	0.253265	0.0141226	-0.156292	-0.0369439
0.544627	-0.259656	0.253229	0.0160516	-0.156623	-0.0355994
0.544643	-0.259815	0.253189	0.015245	-0.156908	-0.0375332
0.544659	-0.259968	0.253144	0.0166597	-0.152273	-0.0394092
0.544677	-0.260114	0.253104	0.0187326	-0.149181	-0.0371036
0.544693	-0.260265	0.253058	0.0173239	-0.146824	-0.0410883
0.544711	-0.260421	0.253019	0.0179098	-0.148585	-0.0433405
0.544733	-0.260572	0.252983	0.0194788	-0.147249	-0.0413684
0.544749	-0.260723	0.252935	0.0171694	-0.147833	-0.0452892
0.544768	-0.260871	0.252891	0.0181479	-0.147068	-0.0452913
0.544786	-0.261022	0.252849	0.0178205	-0.147721	-0.0446733
0.544805	-0.261175	0.252805	0.0171331	-0.14932	-0.0456548
0.544828	-0.261325	0.252773	0.0205961	-0.148504	-0.0397419
0.544848	-0.261474	0.252725	0.0198118	-0.147641	-0.0443712
0.544868	-0.261621	0.252687	0.0217533	-0.148455	-0.0390747
0.544887	-0.261772	0.252644	0.020684	-0.148934	-0.0404397
0.544906	-0.261925	0.252601	0.0200379	-0.149016	-0.0406763
0.544928	-0.262073	0.252571	0.0206707	-0.149027	-0.0363369
0.544949	-0.262226	0.252532	0.0193356	-0.150271	-0.0402915
0.544969	-0.262374	0.252491	0.0189688	-0.149113	-0.0450754
0.544989	-0.262524	0.252455	0.0190558	-0.149444	-0.0432711
0.545008	-0.262671	0.252417	0.0180006	-0.149673	-0.0416051
0.545027	-0.262819	0.252378	0.019075	-0.149242	-0.0411655
0.545048	-0.262976	0.252348	0.0190074	-0.150724	-0.0379345
0.545071	-0.263126	0.252315	0.0181599	-0.152387	-0.037255
0.545089	-0.263272	0.252274	0.018129	-0.152314	-0.0365647
0.545107	-0.263424	0.252236	0.0166883	-0.151389	-0.0372049
0.545128	-0.263573	0.252201	0.0187724	-0.148525	-0.0372877
0.545155	-0.263716	0.252173	0.0224059	-0.14447	-0.0339566
0.545178	-0.263866	0.252143	0.0194896	-0.147702	-0.0367858
0.545195	-0.264017	0.252111	0.0203746	-0.146626	-0.0348252
0.545215	-0.264167	0.252072	0.0186005	-0.147382	-0.0367803
0.545236	-0.264311	0.252036	0.0214131	-0.14729	-0.032933
0.545259	-0.264462	0.252003	0.0232919	-0.146907	-0.0309588
0.545283	-0.264611	0.25198	0.0235369	-0.145762	-0.0298583
0.545304	-0.264756	0.251943	0.0220125	-0.144765	-0.0345046
0.54533	-0.264896	0.251907	0.0230684	-0.143164	-0.0335818
0.545351	-0.26505	0.251879	0.0224113	-0.146302	-0.0355798
0.545379	-0.265192	0.251845	0.0247902	-0.14629	-0.0344288
0.545402	-0.265342	0.251811	0.0229507	-0.146081	-0.0348831
0.545429	-0.265489	0.251778	0.0247158	-0.146469	-0.0331538
0.545456	-0.265637	0.251743	0.0251641	-0.146595	-0.0337569
0.545486	-0.265778	0.251712	0.0273563	-0.145434	-0.0304305
0.545512	-0.265927	0.251676	0.028061	-0.146592	-0.0330089
0.545544	-0.266071	0.251639	0.0285081	-0.144637	-0.0341391
0.545572	-0.26621	0.251601	0.0306382	-0.144128	-0.0318254
0.545599	-0.266358	0.251558	0.0303753	-0.145244	-0.0326952
0.545635	-0.266497	0.251526	0.0314443	-0.146683	-0.0310386
0.545664	-0.26664	0.25149	0.0318966	-0.14489	-0.031701
0.545695	-0.266782	0.251447	0.0291922	-0.147471	-0.0329441
0.545728	-0.266924	0.25141	0.0292422	-0.145341	-0.0392634
0.545757	-0.267064	0.251361	0.0305455	-0.140661	-0.0408079
0.545793	-0.267203	0.251327	0.0322603	-0.140573	-0.0370206
0.545827	-0.267341	0.251288	0.0342169	-0.139983	-0.034823
0.54586	-0.267481	0.251243	0.0326525	-0.139452	-0.0398976
0.545891	-0.267619	0.251197	0.0324064	-0.137642	-0.0427551
0.54592	-0.26776	0.25115	0.0306972	-0.137635	-0.0434159
0.545957	-0.267901	0.251112	0.0326736	-0.13848	-0.0399892
0.545993	-0.268036	0.251071	0.032672	-0.138932	-0.0417106
0.546027	-0.268172	0.251026	0.0326648	-0.13448	-0.0437223
0.546059	-0.268312	0.250986	0.0314139	-0.140042	-0.0399854
0.546091	-0.268447	0.250942	0.0297986	-0.138542	-0.0430962
0.546122	-0.268585	0.250896	0.029336	-0.139551	-0.0430928
0.546154	-0.268725	0.250858	0.0327234	-0.140698	-0.0390068
0.546185	-0.268865	0.250816	0.0323621	-0.140059	-0.0410305
0.546213	-0.269005	0.250771	0.030533	-0.139751	-0.0430646
0.546244	-0.269141	0.250732	0.0319212	-0.135899	-0.0427947
0.546278	-0.269278	0.250688	0.0327834	-0.135795	-0.0417465
0.546311	-0.26942	0.250654	0.03247	-0.137246	-0.0419246
0.54634	-0.269557	0.25061	0.0310912	-0.136768	-0.0435586
0.546375	-0.269687	0.250568	0.0330938	-0.131974	-0.0429248
0.546409	-0.269815	0.250523	0.0330567	-0.13124	-0.0446876
0.546442	-0.269952	0.250474	0.0331936	-0.133095	-0.0450263
0.546474	-0.27009	0.25043	0.0322932	-0.133065	-0.0452472
0.546505	-0.270222	0.250387	0.031918	-0.133333	-0.0415856
0.546539	-0.270357	0.250344	0.0340957	-0.130595	-0.0434979
0.54657	-0.270488	0.250305	0.033816	-0.134493	-0.039804
0.546606	-0.270623	0.250265	0.0346749	-0.134354	-0.0401219
0.546636	-0.270765	0.25022	0.0318552	-0.138366	-0.0417934
0.546673	-0.270891	0.250179	0.0324686	-0.133573	-0.0437593
0.546706	-0.271023	0.250142	0.0322781	-0.130928	-0.0414982
0.546739	-0.271157	0.250101	0.0323176	-0.134179	-0.0407081
0.546773	-0.271294	0.250059	0.0316168	-0.138097	-0.0404587
0.546808	-0.271429	0.250017	0.0323503	-0.136506	-0.0416855
0.546839	-0.271563	0.249974	0.0316436	-0.136004	-0.0416326
0.54687	-0.271698	0.249925	0.0297392	-0.135626	-0.0430616
0.546904	-0.271836	0.249884	0.0304101	-0.137234	-0.0434591
0.546937	-0.271973	0.249841	0.0327885	-0.136644	-0.0409513
0.546972	-0.272107	0.249797	0.0324235	-0.134507	-0.0432709
0.547005	-0.272234	0.249744	0.0327037	-0.132783	-0.0456822
0.547036	-0.272374	0.249693	0.0316572	-0.133854	-0.0472283
0.547068	-0.272504	0.249645	0.0305622	-0.135013	-0.0479507
0.547105	-0.272637	0.249607	0.0339128	-0.135001	-0.0413797
0.547137	-0.272775	0.249564	0.0354894	-0.130148	-0.0431109
0.547168	-0.272906	0.24951	0.0366	-0.131438	-0.0436485
0.547196	-0.273039	0.249451	0.0333593	-0.130867	-0.0497064
0.547231	-0.273172	0.249406	0.0329685	-0.132973	-0.0469867
0.547266	-0.273302	0.249361	0.0339748	-0.132256	-0.0445128
0.547302	-0.273429	0.249312	0.0360121	-0.128276	-0.0453536
0.547335	-0.273556	0.249261	0.0340598	-0.127721	-0.0484891
0.547368	-0.273689	0.249208	0.032228	-0.127672	-0.0518178
0.547401	-0.273822	0.249159	0.0337643	-0.128365	-0.0496708
0.547438	-0.27395	0.249115	0.0336993	-0.127769	-0.0510449
0.547473	-0.274073	0.249059	0.0339201	-0.125441	-0.0549354
0.547508	-0.274199	0.249007	0.0335349	-0.125622	-0.0544363
0.547539	-0.274329	0.248955	0.0316604	-0.127684	-0.0536563
0.547571	-0.274459	0.248898	0.0321789	-0.127947	-0.0528261
0.547608	-0.274584	0.248857	0.0335778	-0.127312	-0.0505193
0.547645	-0.274714	0.248808	0.0353208	-0.126864	-0.0482632
0.547683	-0.274838	0.248761	0.0334282	-0.128162	-0.0484085
0.547717	-0.274964	0.248714	0.0337308	-0.127895	-0.0507783
0.547754	-0.275093	0.248663	0.0347333	-0.127965	-0.0508894
0.547792	-0.27522	0.248624	0.037386	-0.12904	-0.0431313
0.54783	-0.275345	0.248571	0.0354523	-0.129323	-0.0488683
0.547861	-0.275477	0.248523	0.0330086	-0.130221	-0.0508097
0.5479	-0.275603	0.24848	0.0354489	-0.129646	-0.0469949
0.54794	-0.275728	0.248426	0.0371816	-0.128586	-0.0474868
0.547979	-0.275857	0.248386	0.0364301	-0.12789	-0.0490591
0.548016	-0.27598	0.248333	0.0361683	-0.125514	-0.0524992
0.548055	-0.276101	0.248289	0.0359767	-0.123268	-0.0534257
0.548096	-0.276228	0.248244	0.0385941	-0.124086	-0.0501777
0.548137	-0.276351	0.248196	0.0389506	-0.122051	-0.0519033
0.548179	-0.276481	0.248158	0.0393366	-0.124334	-0.0480002
0.548217	-0.276604	0.248109	0.0399002	-0.123581	-0.0474532
0.548257	-0.276723	0.248063	0.0395575	-0.121484	-0.0456587
0.548295	-0.276849	0.248017	0.0399399	-0.12438	-0.0455397
0.548336	-0.276974	0.247971	0.039745	-0.123405	-0.0476195
0.548378	-0.277094	0.247926	0.0395872	-0.123092	-0.045991
0.548418	-0.277212	0.247872	0.0395363	-0.122032	-0.0485813
0.548458	-0.277336	0.247829	0.0389241	-0.123422	-0.046673
0.548502	-0.277453	0.247786	0.0428627	-0.123348	-0.0443308
0.548544	-0.27757	0.247731	0.0411754	-0.122029	-0.0495276
0.54858	-0.277698	0.24768	0.0401956	-0.120853	-0.0490796
0.548618	-0.277817	0.247625	0.040887	-0.118452	-0.0500142
0.548659	-0.277934	0.247578	0.0413083	-0.117465	-0.0501505
0.5487	-0.278054	0.247527	0.0396138	-0.118001	-0.0554484
0.548735	-0.278175	0.247469	0.0389926	-0.118548	-0.0541959
0.548773	-0.278296	0.247422	0.0381774	-0.116101	-0.0560011
0.548806	-0.278413	0.247359	0.0370783	-0.115405	-0.0577543
0.548849	-0.278524	0.247301	0.0402993	-0.113391	-0.0563588
0.548889	-0.278638	0.247247	0.0392702	-0.116712	-0.0535566
0.548928	-0.278749	0.247187	0.0391087	-0.116722	-0.055865
0.548962	-0.278867	0.247122	0.0356764	-0.11712	-0.0611658
0.549	-0.278981	0.247066	0.0375507	-0.116662	-0.0595294
0.549037	-0.279095	0.247	0.0379999	-0.115585	-0.0588752
0.549077	-0.27921	0.24694	0.0363576	-0.118297	-0.0590199
0.549119	-0.279316	0.246882	0.0386471	-0.113624	-0.05807
0.549152	-0.279431	0.246809	0.0360348	-0.113976	-0.0625627
0.549188	-0.279548	0.246748	0.0356504	-0.115033	-0.0653042
0.549227	-0.279658	0.246683	0.0371941	-0.112451	-0.0639411
0.549271	-0.279766	0.246625	0.0397074	-0.11061	-0.0603506
0.549307	-0.279877	0.24656	0.037406	-0.110561	-0.0632608
0.549346	-0.279985	0.246492	0.0385484	-0.109602	-0.0626074
0.549388	-0.280091	0.246428	0.0386845	-0.107963	-0.0612608
0.549428	-0.280198	0.246362	0.0393865	-0.107264	-0.0615246
0.549469	-0.28031	0.246301	0.039265	-0.107625	-0.061318
0.54951	-0.280416	0.246239	0.0411096	-0.109145	-0.0582735
0.549548	-0.280527	0.246167	0.0400119	-0.110146	-0.0627148
0.549587	-0.28064	0.246102	0.0383945	-0.113442	-0.0624744
0.549631	-0.28074	0.246034	0.0401411	-0.108605	-0.064446
0.549671	-0.280858	0.245975	0.038055	-0.111292	-0.0630586
0.54971	-0.280963	0.245907	0.0405257	-0.109341	-0.0639321
0.54975	-0.281069	0.245834	0.041011	-0.107814	-0.0659342
0.549791	-0.281178	0.245772	0.0417964	-0.107668	-0.0623819
0.549832	-0.281282	0.245707	0.0413617	-0.108342	-0.0600059
0.549875	-0.281385	0.245646	0.0394377	-0.106945	-0.0627377
0.549912	-0.281493	0.245577	0.0370337	-0.107139	-0.0686722
0.549948	-0.281602	0.245506	0.036506	-0.107898	-0.0696095
0.549983	-0.281713	0.245439	0.0368492	-0.10758	-0.0662966
0.550023	-0.281816	0.245373	0.038735	-0.105185	-0.0633642
0.550062	-0.281926	0.24531	0.0378852	-0.104733	-0.0641917
0.550102	-0.28203	0.245248	0.0380166	-0.105049	-0.061854
0.550138	-0.282135	0.245176	0.0368184	-0.105506	-0.067642
0.550171	-0.282243	0.245103	0.0358254	-0.105066	-0.0699595
0.550205	-0.282355	0.245043	0.0386459	-0.108067	-0.0620348
0.550245	-0.282457	0.244976	0.0394674	-0.104089	-0.0636981
0.550281	-0.28256	0.244906	0.0359129	-0.105893	-0.0672223
0.550315	-0.282666	0.244835	0.0361336	-0.105277	-0.0685042
0.550348	-0.282769	0.244762	0.0355271	-0.102925	-0.0679227
0.550386	-0.282872	0.244697	0.0365422	-0.102125	-0.0642045
0.550423	-0.282977	0.244628	0.0351258	-0.101823	-0.0678272
0.550454	-0.283085	0.244556	0.0328553	-0.103639	-0.0707007
0.550491	-0.283185	0.244485	0.0348774	-0.103451	-0.0692754
0.550524	-0.283291	0.244411	0.0336644	-0.103495	-0.0693416
0.550562	-0.283393	0.24434	0.0344751	-0.103521	-0.06871
0.550601	-0.283502	0.244275	0.035503	-0.105055	-0.0687264
0.550637	-0.283609	0.244201	0.0339111	-0.104894	-0.0733449
0.550674	-0.283706	0.24412	0.0355536	-0.101938	-0.0765602
0.55071	-0.283806	0.244043	0.0348997	-0.10158	-0.0778068
0.550752	-0.28391	0.243978	0.0364469	-0.103447	-0.0724506
0.550795	-0.284007	0.243904	0.0393948	-0.0997115	-0.0724744
0.550833	-0.284111	0.243832	0.0378456	-0.0988452	-0.0736226
0.550871	-0.284211	0.243759	0.0408295	-0.101476	-0.0688931
0.550908	-0.284315	0.243682	0.0396237	-0.100914	-0.0701908
0.550952	-0.284413	0.243612	0.0406811	-0.099069	-0.0688127
0.550997	-0.284517	0.243545	0.0408115	-0.100524	-0.0685495
0.551043	-0.284612	0.243477	0.0426929	-0.0977257	-0.0677457
0.551084	-0.284714	0.243403	0.0421566	-0.0988418	-0.0731368
0.551128	-0.284812	0.243328	0.0447359	-0.0990025	-0.0719318
0.551171	-0.284918	0.243261	0.0436473	-0.102055	-0.0702299
0.55122	-0.285012	0.243191	0.043893	-0.0981773	-0.0728253
0.551264	-0.285112	0.243119	0.0444727	-0.0971606	-0.0709784
0.551307	-0.285212	0.243042	0.0435947	-0.0976091	-0.0729707
0.551346	-0.285306	0.242966	0.0428219	-0.097615	-0.0717269
0.551397	-0.285401	0.242904	0.0462288	-0.096834	-0.066544
0.551438	-0.285498	0.242829	0.0444541	-0.0977667	-0.0696717
0.551482	-0.285591	0.242757	0.0446456	-0.0958325	-0.0682881
0.551524	-0.285691	0.242684	0.043444	-0.0970266	-0.0691005
0.551563	-0.285788	0.24261	0.0431531	-0.0971563	-0.0690525
0.551606	-0.285885	0.242538	0.0418979	-0.0967978	-0.0706957
0.551654	-0.285981	0.242479	0.0444906	-0.0969177	-0.0664683
0.551691	-0.286078	0.242398	0.0419615	-0.0962787	-0.0691874
0.551729	-0.28617	0.242317	0.0395119	-0.094912	-0.0727214
0.551766	-0.286268	0.242237	0.0382264	-0.0954795	-0.0742912
0.551811	-0.286361	0.24217	0.0394198	-0.0943012	-0.0723224
0.551851	-0.286464	0.242102	0.0392815	-0.0954411	-0.0739475
0.551889	-0.286553	0.242022	0.0396867	-0.0908412	-0.0754884
0.551928	-0.286645	0.241943	0.0405335	-0.0904344	-0.0738708
0.551963	-0.286737	0.241865	0.0401048	-0.0888304	-0.0730964
0.552003	-0.28683	0.241788	0.0400623	-0.0891142	-0.0738291
0.552043	-0.286926	0.241717	0.0386011	-0.0915975	-0.0742953
0.552079	-0.287017	0.24163	0.038755	-0.0898891	-0.0784607
0.55211	-0.287114	0.241545	0.0364281	-0.0914345	-0.0775837
0.55215	-0.287203	0.241468	0.0404211	-0.0883074	-0.0764049
0.55219	-0.287295	0.241384	0.0407094	-0.0884903	-0.0802885
0.552229	-0.287388	0.241305	0.0406697	-0.0887203	-0.0801695
0.552264	-0.287482	0.241216	0.0381496	-0.088905	-0.0842701
0.552302	-0.287573	0.241131	0.0354504	-0.0932367	-0.0823915
0.552338	-0.287667	0.241046	0.0352741	-0.0918163	-0.0861012
0.552372	-0.287758	0.240957	0.0365799	-0.0905203	-0.0849751
0.55241	-0.287856	0.240872	0.0371434	-0.0911985	-0.0863327
0.552449	-0.287941	0.240785	0.0361182	-0.0904329	-0.0885275
0.552485	-0.288031	0.240693	0.0358619	-0.0895715	-0.0900785
0.552527	-0.288118	0.240612	0.0372315	-0.0887565	-0.0893965
0.552566	-0.288207	0.240529	0.0388385	-0.0890757	-0.0867837
0.552607	-0.288295	0.240441	0.0386987	-0.0905682	-0.0847839
0.552649	-0.28838	0.240357	0.0388731	-0.0899418	-0.0847876
0.552689	-0.288473	0.240266	0.0391654	-0.0895875	-0.0882414
0.552729	-0.288561	0.240182	0.0392382	-0.0908048	-0.0859825
0.552768	-0.288646	0.240086	0.0402904	-0.0878523	-0.0902388
0.552814	-0.288736	0.240009	0.0414981	-0.0884116	-0.0867152
0.552857	-0.288818	0.239917	0.0421411	-0.0868581	-0.0877533
0.552896	-0.288913	0.239831	0.0414264	-0.0888926	-0.0856463
0.55294	-0.288993	0.239746	0.0412774	-0.0879703	-0.0841007
0.552978	-0.289081	0.239658	0.0400139	-0.0891594	-0.0846071
0.553023	-0.289166	0.239575	0.0416548	-0.0877735	-0.0833641
0.553064	-0.289254	0.239489	0.0411221	-0.0863234	-0.0886921
0.553106	-0.289339	0.239411	0.0400555	-0.0884596	-0.0850394
0.553145	-0.289423	0.239323	0.038547	-0.0880975	-0.0858188
0.553183	-0.289509	0.239234	0.0372987	-0.0881468	-0.0870123
0.553227	-0.289592	0.239151	0.0390837	-0.0875973	-0.0854852
0.553269	-0.289674	0.239059	0.0385724	-0.0864144	-0.0876093
0.553308	-0.289759	0.238976	0.0398067	-0.0847156	-0.0869971
0.553345	-0.289848	0.238887	0.0386075	-0.0856043	-0.0869766
0.553382	-0.289935	0.238804	0.0403232	-0.0867771	-0.0826024
0.553419	-0.290015	0.238705	0.0422084	-0.0822277	-0.084205
0.553459	-0.290106	0.238626	0.0411104	-0.0851046	-0.0813954
0.553496	-0.29019	0.238536	0.0399644	-0.0834927	-0.0857211
0.553534	-0.290275	0.238451	0.0373032	-0.0832203	-0.0861552
0.553574	-0.290354	0.238363	0.0395167	-0.0837154	-0.0847966
0.553608	-0.290443	0.238271	0.0378343	-0.0844591	-0.0859416
0.553649	-0.29053	0.238188	0.0401285	-0.0838494	-0.0826816
0.553687	-0.290613	0.238096	0.0392607	-0.0822705	-0.0868531
0.553727	-0.2907	0.238008	0.0394013	-0.081787	-0.087302
0.553768	-0.29078	0.237915	0.0403664	-0.0810342	-0.0911425
0.553808	-0.29086	0.237825	0.0399429	-0.0802967	-0.0896576
0.553851	-0.290943	0.237744	0.0418011	-0.0808213	-0.0858025
0.553897	-0.291024	0.237659	0.0435583	-0.0811886	-0.0859348
0.553941	-0.291103	0.237573	0.0413891	-0.0801172	-0.0886277
0.553985	-0.291183	0.237487	0.0419599	-0.0799499	-0.0884874
0.554025	-0.291268	0.237396	0.0408572	-0.0834624	-0.0878397
0.554071	-0.291347	0.237314	0.0437567	-0.0822158	-0.0832081
0.554116	-0.291427	0.237226	0.0469972	-0.0810063	-0.0828091
0.554163	-0.291508	0.237143	0.0467556	-0.0799784	-0.0817562
0.554208	-0.291589	0.237058	0.046298	-0.0802541	-0.0802469
0.554255	-0.291669	0.236969	0.0479414	-0.0801948	-0.0812233
0.554298	-0.29175	0.236881	0.0449812	-0.0804983	-0.085108
0.554351	-0.291826	0.236799	0.0472897	-0.080101	-0.0860714
0.554399	-0.291905	0.236712	0.0460704	-0.0798016	-0.0886637
0.554445	-0.291987	0.236627	0.0452817	-0.0806633	-0.0869095
0.554493	-0.292065	0.236544	0.0459571	-0.0800582	-0.0844874
0.554542	-0.292141	0.236457	0.0469876	-0.0794238	-0.0849854
0.554594	-0.292221	0.236378	0.0490073	-0.078594	-0.0831512
0.554643	-0.292298	0.236293	0.0498492	-0.0776988	-0.0836497
0.554691	-0.292379	0.236208	0.0484015	-0.078077	-0.0846127
0.55474	-0.292448	0.23612	0.0507172	-0.0769826	-0.0844682
0.554787	-0.292527	0.236039	0.0495838	-0.0748022	-0.085052
0.554836	-0.292603	0.235947	0.0478193	-0.0771402	-0.0868337
0.554884	-0.292679	0.235855	0.0500283	-0.0764346	-0.0849315
0.55493	-0.292759	0.235768	0.0478847	-0.0771827	-0.084541
0.554976	-0.292835	0.23568	0.0497104	-0.0781154	-0.0834679
0.555021	-0.292913	0.235596	0.0486122	-0.0754283	-0.083794
0.555068	-0.292993	0.235507	0.0477107	-0.0763373	-0.0878967
0.555112	-0.293071	0.235413	0.0469881	-0.0776011	-0.0884516
0.555159	-0.293146	0.23532	0.0455252	-0.0760107	-0.0898798
0.555204	-0.293223	0.235234	0.0444408	-0.0763793	-0.0926621
0.555248	-0.293299	0.235137	0.0440255	-0.0766847	-0.0935775
0.555293	-0.293374	0.235043	0.0456543	-0.0770234	-0.089809
0.555336	-0.293454	0.234953	0.0454754	-0.0788275	-0.0870139
0.555385	-0.293533	0.234865	0.0448578	-0.0777395	-0.090782
0.555427	-0.293613	0.23477	0.0430526	-0.0784907	-0.0916168
0.555472	-0.293689	0.234678	0.0441457	-0.0769306	-0.0925475
0.555515	-0.293765	0.234581	0.0422579	-0.0772788	-0.093669
0.555559	-0.293838	0.234484	0.0452389	-0.0767883	-0.0904808
0.555608	-0.293916	0.234396	0.0454534	-0.075418	-0.0924989
0.555652	-0.293988	0.234303	0.0443648	-0.07484	-0.0932912
0.555697	-0.294061	0.234205	0.0446046	-0.0746542	-0.0939965
0.555742	-0.294134	0.234113	0.0441148	-0.0731641	-0.0932445
0.555789	-0.294211	0.234024	0.0428135	-0.0753439	-0.0960784
0.555834	-0.294286	0.23393	0.0431835	-0.0762563	-0.09415
0.555879	-0.294362	0.233834	0.0412309	-0.0771927	-0.0953749
0.555925	-0.294428	0.233735	0.0424487	-0.0732596	-0.0969893
0.555969	-0.294504	0.233635	0.0425866	-0.0740251	-0.0976259
0.556013	-0.294578	0.233545	0.0432095	-0.0742337	-0.0946408
0.556062	-0.294651	0.233453	0.0443485	-0.074141	-0.0947186
0.556113	-0.294722	0.23336	0.0441819	-0.0741834	-0.0949547
0.556155	-0.294794	0.233257	0.0418014	-0.0741835	-0.0974049
0.556203	-0.294863	0.233166	0.0436092	-0.0727223	-0.0955093
0.556249	-0.294934	0.23307	0.0416965	-0.0728629	-0.0957958
0.556298	-0.295002	0.232977	0.0446167	-0.0717824	-0.0939052
0.556344	-0.295078	0.232881	0.0436862	-0.0746809	-0.0949551
0.556394	-0.295147	0.232789	0.046107	-0.0735611	-0.0946986
0.556439	-0.295219	0.232695	0.043791	-0.0721461	-0.0982793
0.556487	-0.295289	0.232602	0.0447429	-0.071521	-0.0974271
0.556529	-0.295356	0.232494	0.0445923	-0.0707819	-0.101468
0.55658	-0.295431	0.232409	0.0461644	-0.0720388	-0.0956571
0.556632	-0.295498	0.232316	0.0475011	-0.0683458	-0.0992196
0.556677	-0.295562	0.232211	0.0470922	-0.0667539	-0.0988967
0.556725	-0.295631	0.232113	0.0471842	-0.0674801	-0.0987286
0.556766	-0.295703	0.232008	0.0431385	-0.0696718	-0.102752
0.556811	-0.295771	0.231908	0.043227	-0.0684331	-0.103079
0.556861	-0.295839	0.231808	0.0451787	-0.0699426	-0.10121
0.556908	-0.295911	0.231714	0.0446687	-0.070232	-0.101351
0.556953	-0.295978	0.231612	0.0443799	-0.0690698	-0.100373
0.556999	-0.296046	0.231511	0.0470274	-0.0693461	-0.0959134
0.557046	-0.296114	0.231412	0.0459396	-0.0686768	-0.0946136
0.557094	-0.296181	0.231311	0.0471782	-0.0682285	-0.0956394
0.557143	-0.296252	0.231219	0.0477351	-0.0698872	-0.0942021
0.557193	-0.29632	0.231118	0.0473595	-0.069502	-0.0963633
0.55724	-0.296387	0.231012	0.0470974	-0.0691447	-0.101333
0.557287	-0.296451	0.230912	0.046966	-0.0681127	-0.103126
0.557335	-0.296518	0.230813	0.0461751	-0.0677025	-0.10146
0.557384	-0.296583	0.230712	0.0481837	-0.0657616	-0.101263
0.557436	-0.296652	0.230621	0.0510994	-0.063252	-0.0960417
0.557485	-0.296718	0.230522	0.0486922	-0.0626257	-0.10083
0.557534	-0.296782	0.230426	0.0490654	-0.0614371	-0.1001
0.55758	-0.296846	0.230323	0.0474084	-0.063158	-0.102026
0.557629	-0.296908	0.230225	0.0459213	-0.0639017	-0.103328
0.557681	-0.296968	0.230131	0.0491369	-0.061595	-0.100262
0.557732	-0.297031	0.230034	0.0497854	-0.0618282	-0.0969081
0.557783	-0.297094	0.229943	0.0505518	-0.061377	-0.0939549
0.557832	-0.29716	0.229851	0.0493151	-0.0636954	-0.0927877
0.557879	-0.297219	0.229745	0.0490407	-0.0639094	-0.0952682
0.557927	-0.297282	0.22965	0.0490439	-0.0643672	-0.0945214
0.557975	-0.297347	0.229552	0.0481672	-0.0649026	-0.0937868
0.558025	-0.297411	0.229464	0.048439	-0.0640822	-0.0942094
0.558076	-0.297474	0.229371	0.0499799	-0.0622555	-0.0918172
0.558121	-0.297536	0.229273	0.0488344	-0.0600502	-0.0961833
0.558169	-0.297597	0.229174	0.0477058	-0.0604527	-0.0963666
0.558215	-0.297657	0.229073	0.0473106	-0.0606214	-0.096938
0.558264	-0.297716	0.228981	0.0489046	-0.0596973	-0.0939098
0.558312	-0.297776	0.228878	0.0492461	-0.0589357	-0.0969727
0.558364	-0.297835	0.228778	0.0495768	-0.0601509	-0.0963055
0.558411	-0.297897	0.22868	0.0480811	-0.0615629	-0.0967437
0.558458	-0.297961	0.228583	0.0476968	-0.0633133	-0.0952802
0.558502	-0.298015	0.228479	0.0474237	-0.0620594	-0.0965303
0.558549	-0.298078	0.228378	0.0458128	-0.0626955	-0.0980609
0.558599	-0.298136	0.228274	0.0468987	-0.0622978	-0.0984575
0.558649	-0.298196	0.22818	0.0475807	-0.0610201	-0.0994502
0.5587	-0.298255	0.228073	0.0481102	-0.0597911	-0.102618
0.558747	-0.298315	0.227972	0.0500046	-0.0588309	-0.10229
0.558801	-0.298367	0.227868	0.0494386	-0.058296	-0.10108
0.558851	-0.298425	0.227761	0.049664	-0.0585577	-0.0994068
0.558902	-0.29848	0.227657	0.0495563	-0.0581317	-0.101488
0.558952	-0.298539	0.227553	0.0490971	-0.0584209	-0.101822
0.559007	-0.298598	0.22745	0.051545	-0.0566213	-0.105352
0.559061	-0.29865	0.227354	0.0518706	-0.0556869	-0.102018
0.559109	-0.298706	0.22724	0.0509545	-0.0556055	-0.106366
0.55916	-0.298763	0.22714	0.0514958	-0.057162	-0.103628
0.559208	-0.298818	0.227028	0.0501875	-0.0549495	-0.106287
0.559262	-0.298871	0.226925	0.0518439	-0.0556359	-0.102129
0.559309	-0.298929	0.226818	0.0504706	-0.0559394	-0.10221
0.559364	-0.298979	0.226714	0.0526971	-0.0528892	-0.101516
0.559418	-0.299034	0.226618	0.0545706	-0.0531785	-0.0965084
0.559465	-0.299089	0.226506	0.0523147	-0.0531453	-0.100945
0.559514	-0.299143	0.22639	0.0510797	-0.0540608	-0.103893
0.559568	-0.299193	0.226289	0.0524327	-0.0539835	-0.102215
0.55962	-0.29925	0.22619	0.0528238	-0.0563321	-0.0985977
0.559668	-0.299305	0.226084	0.0517427	-0.0575436	-0.102166
0.55972	-0.299355	0.225977	0.0509262	-0.0559	-0.103572
0.559773	-0.299405	0.225874	0.0510201	-0.054305	-0.102455
0.559819	-0.299456	0.22577	0.0492892	-0.0516052	-0.104
0.559869	-0.299512	0.225669	0.0493443	-0.0527975	-0.103698
0.559915	-0.299565	0.225558	0.0470856	-0.0528289	-0.10741
0.559964	-0.299619	0.22546	0.0482597	-0.0518348	-0.105483
0.56001	-0.299675	0.225356	0.0474914	-0.0522601	-0.105146
0.560061	-0.299723	0.225263	0.049067	-0.0534431	-0.0990755
0.560102	-0.299778	0.225152	0.0456366	-0.0545131	-0.102064
0.560146	-0.299826	0.22504	0.0433888	-0.054115	-0.107497
0.560191	-0.299875	0.224936	0.0436969	-0.0528475	-0.106455
0.560233	-0.299927	0.224825	0.0435097	-0.0514777	-0.107507
0.560279	-0.299971	0.224718	0.045221	-0.050783	-0.105344
0.560323	-0.300025	0.224611	0.0449496	-0.0527335	-0.103924
0.560365	-0.300075	0.224495	0.0429932	-0.0516428	-0.107719
0.560408	-0.30013	0.224393	0.0411231	-0.0549844	-0.107043
0.560449	-0.30018	0.224276	0.0384749	-0.0549782	-0.11314
0.560494	-0.300228	0.224177	0.0380824	-0.05462	-0.11499
0.560534	-0.300277	0.22406	0.0386942	-0.0513065	-0.1174
0.560575	-0.300326	0.223938	0.0407157	-0.0476399	-0.119474
0.560619	-0.300376	0.223831	0.0413366	-0.0488277	-0.113387
0.560664	-0.300425	0.223715	0.0414254	-0.0493881	-0.11471
0.560712	-0.300467	0.223602	0.0437917	-0.0464965	-0.114252
0.560752	-0.300521	0.223486	0.0436499	-0.0509215	-0.11153
0.560796	-0.300565	0.223364	0.0426759	-0.0499944	-0.113292
0.560841	-0.300608	0.223256	0.0438692	-0.0472982	-0.112895
0.560887	-0.300654	0.223143	0.0443362	-0.0465331	-0.112069
0.560931	-0.3007	0.223024	0.042754	-0.0480289	-0.113177
0.560977	-0.300747	0.222918	0.0440411	-0.0471672	-0.109607
0.561024	-0.300793	0.222801	0.0446669	-0.0464403	-0.111191
0.561074	-0.300831	0.222691	0.0484044	-0.0451618	-0.105922
0.561119	-0.300877	0.222576	0.0466842	-0.0455935	-0.108302
0.561165	-0.30092	0.222456	0.0465287	-0.0448736	-0.111974
0.561214	-0.300964	0.222347	0.0456231	-0.0442714	-0.111935
0.561261	-0.301008	0.222232	0.0456676	-0.0449216	-0.111009
0.561312	-0.301049	0.22212	0.0464363	-0.0442173	-0.114089
0.561359	-0.301094	0.222008	0.0449263	-0.0445701	-0.115505
0.561461	-0.301174	0.221785	0.0481889	-0.0401164	-0.112639
0.561509	-0.301215	0.221673	0.0475449	-0.0407407	-0.114592
0.561557	-0.301258	0.221561	0.0473141	-0.0423473	-0.113205
0.561607	-0.301295	0.221452	0.0462809	-0.0412168	-0.113251
0.561652	-0.301339	0.221331	0.0467085	-0.0432826	-0.113116
0.561698	-0.301379	0.221221	0.0487984	-0.0419949	-0.109531
0.561748	-0.301417	0.221105	0.0482303	-0.0388059	-0.113356
0.561794	-0.30146	0.220989	0.0468884	-0.0406994	-0.114192
0.561843	-0.301495	0.220875	0.0470422	-0.0390295	-0.11386
0.561883	-0.301541	0.220753	0.0459145	-0.0407307	-0.114882
0.561928	-0.301583	0.220642	0.0455668	-0.0411339	-0.117074
0.561971	-0.30162	0.220524	0.0446101	-0.0409282	-0.116291
0.562014	-0.301662	0.220406	0.0460252	-0.0396025	-0.114242
0.562058	-0.301703	0.220291	0.0452886	-0.0388465	-0.114613
0.562105	-0.301746	0.220175	0.0445673	-0.0423283	-0.112387
0.562146	-0.301784	0.220052	0.0431611	-0.0396509	-0.117007
0.56219	-0.301824	0.219938	0.0426167	-0.039961	-0.117535
0.562231	-0.301866	0.219818	0.042402	-0.0388276	-0.11842
0.562274	-0.301906	0.219703	0.0437652	-0.0395077	-0.115333
0.562316	-0.301947	0.219583	0.041622	-0.039942	-0.11858
0.562357	-0.301984	0.219457	0.0416014	-0.0404905	-0.119183
0.562399	-0.30203	0.219342	0.0409207	-0.042594	-0.118236
0.56244	-0.302071	0.219218	0.0415608	-0.0426278	-0.117182
0.562482	-0.302112	0.2191	0.0406507	-0.0437683	-0.117249
0.562522	-0.302153	0.21898	0.0407557	-0.043173	-0.118884
0.562565	-0.302192	0.21886	0.0408405	-0.0423356	-0.119823
0.562605	-0.302232	0.218743	0.041451	-0.040419	-0.119344
0.562645	-0.302273	0.218618	0.039815	-0.0406976	-0.120781
0.562688	-0.302313	0.218505	0.0416536	-0.0403586	-0.119784
0.562726	-0.302352	0.218383	0.0415836	-0.0392953	-0.117763
0.562767	-0.302391	0.218258	0.0399346	-0.0423896	-0.118595
0.562809	-0.302428	0.21814	0.0395027	-0.0414881	-0.119842
0.562848	-0.302467	0.218012	0.038842	-0.0403565	-0.120943
0.562887	-0.302507	0.217887	0.0374518	-0.041041	-0.123418
0.562931	-0.302538	0.217773	0.0405312	-0.0382105	-0.11939
0.562969	-0.302577	0.217648	0.0395614	-0.0379967	-0.122852
0.563005	-0.302619	0.217523	0.041389	-0.0390705	-0.1177
0.563045	-0.302657	0.217405	0.0414667	-0.0371902	-0.116697
0.563084	-0.302695	0.217282	0.0397444	-0.0384464	-0.117663
0.563123	-0.30273	0.217165	0.0384501	-0.0382196	-0.117427
0.563159	-0.302768	0.217034	0.0364952	-0.0381987	-0.124083
0.563197	-0.302805	0.216917	0.0364705	-0.03863	-0.123849
0.563232	-0.302842	0.216789	0.0366422	-0.0352121	-0.12497
0.563266	-0.302884	0.216667	0.0357844	-0.0369844	-0.122619
0.563301	-0.302918	0.216542	0.0346968	-0.0357614	-0.124709
0.563334	-0.302956	0.216409	0.0330439	-0.0366899	-0.12582
0.563368	-0.30299	0.21628	0.03299	-0.0376736	-0.12603
0.563401	-0.303035	0.216162	0.0325617	-0.0381615	-0.123939
0.563435	-0.303075	0.21604	0.0321518	-0.0408888	-0.121254
0.563466	-0.303109	0.215909	0.0323032	-0.0388943	-0.123886
0.563498	-0.303146	0.215779	0.0336891	-0.0362044	-0.124244
0.563532	-0.303178	0.21565	0.0353013	-0.0356616	-0.122771
0.563563	-0.303216	0.215525	0.034406	-0.0353062	-0.124838
0.563592	-0.303258	0.215397	0.0334636	-0.035232	-0.126672
0.563627	-0.303293	0.215274	0.0360643	-0.0340316	-0.12316
0.563662	-0.303326	0.215144	0.0367176	-0.0319673	-0.124433
0.563695	-0.303366	0.215019	0.0365566	-0.033858	-0.12286
0.563729	-0.303403	0.214896	0.0355881	-0.0331365	-0.122866
0.563762	-0.303439	0.214767	0.0338585	-0.0332888	-0.125677
0.563794	-0.303479	0.214639	0.0313525	-0.0349501	-0.132985
0.563829	-0.303513	0.214509	0.0329267	-0.0351162	-0.129429
0.563864	-0.303548	0.214386	0.0335584	-0.0340746	-0.127954
0.5639	-0.303588	0.214272	0.0348839	-0.0348012	-0.124472
0.563935	-0.303623	0.214142	0.0346273	-0.0360238	-0.124095
0.563973	-0.303663	0.214022	0.0362731	-0.0366708	-0.120504
0.564012	-0.303693	0.213903	0.0375392	-0.0361006	-0.118738
0.564047	-0.303731	0.213779	0.0348357	-0.0376514	-0.120148
0.564084	-0.303764	0.213656	0.0333789	-0.0371012	-0.12215
0.564117	-0.303799	0.21353	0.0315416	-0.0351933	-0.125971
0.564157	-0.303828	0.21341	0.0342084	-0.0343004	-0.121942
0.564192	-0.303865	0.213287	0.0346892	-0.0352042	-0.120961
0.56423	-0.303895	0.213168	0.036062	-0.0329192	-0.119929
0.564264	-0.303932	0.213048	0.0357304	-0.03689	-0.118633
0.564301	-0.303963	0.212922	0.0357063	-0.0342977	-0.121443
0.564337	-0.303994	0.2128	0.0360706	-0.0327038	-0.120948
0.564371	-0.304032	0.212683	0.0357076	-0.0323472	-0.121252
0.564405	-0.304062	0.212561	0.0347565	-0.032698	-0.120045
0.564439	-0.304095	0.212441	0.0352237	-0.0305089	-0.122396
0.564467	-0.304127	0.212311	0.0323435	-0.0319704	-0.125599
0.564504	-0.304155	0.212189	0.0336947	-0.0301968	-0.123257
0.564534	-0.304189	0.212073	0.0309907	-0.0309635	-0.124353
0.564567	-0.304219	0.211948	0.0326673	-0.0305721	-0.122063
0.564599	-0.304247	0.211821	0.0330285	-0.0296436	-0.123313
0.564628	-0.304285	0.211696	0.032616	-0.0321182	-0.121539
0.564657	-0.304314	0.211565	0.0299315	-0.0330204	-0.122831
0.564686	-0.304339	0.211443	0.0304153	-0.0286207	-0.12414
0.564713	-0.304374	0.21132	0.0284146	-0.0304904	-0.125206
0.564739	-0.304408	0.211194	0.0284503	-0.0299182	-0.125182
0.564768	-0.304436	0.21107	0.0288014	-0.0285484	-0.124891
0.564793	-0.304468	0.210938	0.028549	-0.0273784	-0.12586
0.564821	-0.304497	0.21081	0.0282971	-0.0281116	-0.129034
0.564875	-0.304562	0.210554	0.0271245	-0.031482	-0.127496
0.564951	-0.304644	0.210159	0.0244759	-0.0283624	-0.130486
0.564976	-0.304674	0.210031	0.0237569	-0.0287673	-0.129073
0.564998	-0.304706	0.209896	0.024389	-0.0300884	-0.130223
0.565021	-0.304735	0.209765	0.0241692	-0.0298039	-0.129191
0.565044	-0.304767	0.209635	0.0238982	-0.0305254	-0.127866
0.565066	-0.3048	0.20951	0.0231556	-0.0312398	-0.128013
0.565095	-0.304822	0.209387	0.0252185	-0.0259418	-0.127794
0.565116	-0.304854	0.209254	0.0234387	-0.0259545	-0.131368
0.565141	-0.304882	0.209131	0.0241244	-0.029073	-0.128251
0.565162	-0.304912	0.209001	0.0229544	-0.0304505	-0.128426
0.565183	-0.304941	0.208872	0.0224658	-0.0290529	-0.127821
0.565205	-0.304965	0.208744	0.0227554	-0.0289196	-0.128092
0.565224	-0.304992	0.208608	0.0202133	-0.0303795	-0.130089
0.565244	-0.305021	0.208483	0.0192865	-0.0298529	-0.132536
0.565262	-0.305049	0.208353	0.0202475	-0.0288049	-0.130962
0.565282	-0.305075	0.208224	0.0209917	-0.026829	-0.128098
0.565303	-0.305101	0.208103	0.0214094	-0.027304	-0.125357
0.565321	-0.30513	0.20797	0.0202971	-0.0261704	-0.128782
0.565338	-0.305159	0.207842	0.0185657	-0.0280412	-0.127087
0.565354	-0.305186	0.20772	0.0179284	-0.0283837	-0.123755
0.565369	-0.305215	0.207592	0.0161719	-0.0283105	-0.126508
0.565382	-0.305237	0.207465	0.0157881	-0.0249382	-0.126803
0.565397	-0.305261	0.207336	0.0166015	-0.0251684	-0.125426
0.56541	-0.305286	0.207203	0.0146346	-0.025189	-0.128969
0.565418	-0.305319	0.207076	0.012447	-0.0278126	-0.126448
0.56543	-0.305344	0.206954	0.0128097	-0.0272153	-0.124328
0.56544	-0.305373	0.206829	0.012617	-0.0281982	-0.124028
0.565453	-0.305396	0.206699	0.0151209	-0.0231116	-0.124352
0.56546	-0.305427	0.206566	0.0120536	-0.0274079	-0.125721
0.565468	-0.305458	0.206446	0.00956711	-0.0277981	-0.125603
0.565476	-0.305481	0.206312	0.00707514	-0.0277661	-0.129608
0.565485	-0.305502	0.206185	0.00716722	-0.0256874	-0.131898
0.565489	-0.305534	0.20606	0.00625576	-0.0261968	-0.13143
0.565495	-0.305559	0.205926	0.00619393	-0.0260586	-0.131074
0.5655	-0.305587	0.2058	0.00485183	-0.0261605	-0.13076
0.565508	-0.305607	0.205671	0.00614832	-0.0240324	-0.13042
0.565512	-0.305636	0.205541	0.00646166	-0.0241122	-0.131281
0.565518	-0.305661	0.205412	0.00576223	-0.0241022	-0.131954
0.565522	-0.305691	0.205283	0.00600477	-0.0263662	-0.128017
0.565528	-0.305716	0.205155	0.00725907	-0.0265837	-0.127721
0.565532	-0.305741	0.205021	0.00613728	-0.0263818	-0.128654
0.565538	-0.305765	0.204892	0.00564744	-0.0256287	-0.129827
0.565544	-0.30579	0.204769	0.00327906	-0.0295664	-0.127596
0.565544	-0.305815	0.204631	0.00145426	-0.0292254	-0.130258
0.56555	-0.305837	0.204502	0.00280726	-0.0262437	-0.134198
0.565552	-0.305862	0.204367	0.00222917	-0.0270447	-0.133154
0.565558	-0.305884	0.204242	0.00314842	-0.0260364	-0.128393
0.565559	-0.305913	0.204118	0.00304126	-0.0266767	-0.126274
0.565565	-0.305933	0.203992	0.00377835	-0.0259114	-0.12531
0.565572	-0.305958	0.203872	0.0051103	-0.0242669	-0.122014
0.565574	-0.305985	0.203744	0.00530146	-0.0237815	-0.122895
0.565576	-0.306009	0.203615	0.00370326	-0.0223129	-0.125859
0.565581	-0.306035	0.203498	0.00443322	-0.0225276	-0.122858
0.565582	-0.306059	0.203367	0.00447098	-0.0239593	-0.123246
0.565588	-0.306081	0.203249	0.00365797	-0.0241153	-0.123993
0.565585	-0.306106	0.203122	0.00212252	-0.0231984	-0.125568
0.56559	-0.306133	0.203002	0.00364131	-0.0235484	-0.122557
0.565591	-0.306155	0.202879	0.00422256	-0.0223472	-0.120858
0.565592	-0.306178	0.202753	0.00394723	-0.0211818	-0.122222
0.565594	-0.306203	0.202636	0.00466877	-0.0214094	-0.120744
0.565596	-0.306225	0.202519	0.00281118	-0.0219279	-0.121555
0.565596	-0.30625	0.202397	0.000524446	-0.0231885	-0.122609
0.565597	-0.306271	0.202274	-0.00147888	-0.0219912	-0.128471
0.565601	-0.306301	0.202166	-0.00165022	-0.0245359	-0.124847
0.565602	-0.30632	0.202052	-0.000700357	-0.0212572	-0.121647
0.565602	-0.306341	0.201937	-0.00118347	-0.0219917	-0.1215
0.565601	-0.306369	0.201822	-0.000620595	-0.0249423	-0.117435
0.565599	-0.306391	0.201705	-0.00148371	-0.0249682	-0.116197
0.5656	-0.306414	0.20159	-0.00165037	-0.0246356	-0.117815
0.565596	-0.306434	0.201465	-0.00297117	-0.0245369	-0.120666
0.565595	-0.306458	0.201356	-0.00278169	-0.0250576	-0.117228
0.565593	-0.306479	0.201235	-0.00401206	-0.0224662	-0.12257
0.565592	-0.306505	0.201126	-0.00405639	-0.0236378	-0.119433
0.565593	-0.306524	0.201014	-0.00221726	-0.0230489	-0.115202
0.56559	-0.306551	0.200897	-0.00349406	-0.0252448	-0.116897
0.565587	-0.306569	0.20078	-0.00222466	-0.0223946	-0.119027
0.565585	-0.306595	0.200666	-0.00386768	-0.0239093	-0.118816
0.565583	-0.306619	0.200554	-0.00414465	-0.0241138	-0.11662
0.565581	-0.306638	0.200442	-0.00338827	-0.0240974	-0.114403
0.565576	-0.306664	0.200327	-0.00352389	-0.0256003	-0.113357
0.565577	-0.30669	0.20022	-0.00226702	-0.0245705	-0.111903
0.56557	-0.306709	0.200097	-0.00229935	-0.0226237	-0.113638
0.565571	-0.30673	0.199982	-0.00174334	-0.0230649	-0.113748
0.565568	-0.30675	0.199868	-0.00110551	-0.0219974	-0.112455
0.565566	-0.306776	0.199753	-0.000512261	-0.0225444	-0.113208
0.565563	-0.306797	0.199642	-0.000803879	-0.0233193	-0.110501
0.565559	-0.306817	0.199522	-0.00205726	-0.0249388	-0.111305
0.565563	-0.306841	0.199414	-0.0015263	-0.0259994	-0.110201
0.565558	-0.306864	0.199294	-0.0011919	-0.0246669	-0.111339
0.565557	-0.306884	0.199175	-0.000476268	-0.0227177	-0.113081
0.565564	-0.306902	0.199074	0.00184744	-0.0207253	-0.109639
0.565561	-0.306928	0.198967	0.000618443	-0.021818	-0.108049
0.565559	-0.306948	0.198849	0.000561835	-0.0202748	-0.110399
0.565557	-0.306973	0.198745	-0.000840948	-0.0211892	-0.112198
0.565559	-0.306985	0.198627	0.00119397	-0.0179719	-0.111991
0.565557	-0.307004	0.198516	0.000832961	-0.0183576	-0.110091
0.565556	-0.307026	0.198408	0.000309161	-0.0211368	-0.108681
0.565558	-0.307042	0.198302	0.00216419	-0.0179798	-0.107515
0.565555	-0.307103	0.197987	0.00123889	-0.0187369	-0.10191
0.565553	-0.307127	0.197886	0.00172508	-0.0204117	-0.099004
0.565556	-0.307144	0.197785	0.00321859	-0.0187755	-0.0977668
0.565555	-0.30716	0.197684	0.00186568	-0.0171632	-0.0975645
0.565556	-0.307184	0.197591	0.00185635	-0.0191607	-0.0962766
0.565552	-0.307208	0.19749	-0.00144397	-0.0210663	-0.097422
0.565551	-0.30723	0.197393	-0.000732664	-0.0227116	-0.0956961
0.565548	-0.307247	0.19729	-0.000782433	-0.018663	-0.0977318
0.565546	-0.307265	0.197189	-0.000736412	-0.0178527	-0.0979436
0.565541	-0.307287	0.197087	-0.000860216	-0.0185273	-0.0974302
0.565541	-0.30731	0.196998	5.28393e-05	-0.0200536	-0.0942356
0.565543	-0.307324	0.196906	5.86614e-06	-0.0191595	-0.0944692
0.565539	-0.307345	0.196806	-0.000397312	-0.018892	-0.0948427
0.565537	-0.307364	0.196718	-0.00075861	-0.0180372	-0.0931907
0.565535	-0.307382	0.196624	-0.00134051	-0.0178277	-0.0940815
0.565528	-0.307405	0.196528	-0.00205234	-0.0193842	-0.0934876
0.565524	-0.307427	0.196438	-0.00298753	-0.0211081	-0.0919204
0.565525	-0.307443	0.196345	-0.00252869	-0.0210949	-0.0915638
0.565523	-0.307461	0.196254	-0.00219272	-0.0196143	-0.0914176
0.56552	-0.307483	0.196167	-0.00108423	-0.0203257	-0.0877245
0.565515	-0.307505	0.196076	-0.00158102	-0.0206324	-0.0885554
0.56551	-0.307525	0.195983	-0.00399305	-0.0212378	-0.0898799
0.565507	-0.307545	0.195894	-0.00373224	-0.0200214	-0.0899097
0.565506	-0.307558	0.195803	-0.00199179	-0.0174052	-0.0880953
0.565498	-0.307579	0.195712	-0.00344502	-0.0186766	-0.0909509
0.565494	-0.307598	0.195621	-0.0031555	-0.0183645	-0.090139
0.565488	-0.307616	0.195527	-0.00450458	-0.0195343	-0.0907507
0.565482	-0.307635	0.19543	-0.00465669	-0.0197507	-0.0915255
0.565478	-0.307653	0.195342	-0.00325027	-0.0181141	-0.0908831
0.565473	-0.307675	0.195255	-0.00426451	-0.0192705	-0.091378
0.565466	-0.307693	0.195163	-0.00579813	-0.0198614	-0.093215
0.565461	-0.307714	0.195074	-0.00773676	-0.0212654	-0.0937085
0.565455	-0.307733	0.194982	-0.00790915	-0.0237853	-0.0935818
0.56545	-0.30775	0.194891	-0.00568969	-0.0216986	-0.0902461
0.565444	-0.307768	0.194801	-0.00496918	-0.0203892	-0.0875865
0.565439	-0.307785	0.19471	-0.00535481	-0.0183999	-0.0879729
0.56543	-0.30781	0.194627	-0.00592276	-0.0182851	-0.0872044
0.565423	-0.30783	0.19454	-0.00622595	-0.0194356	-0.0855927
0.565419	-0.30785	0.194459	-0.00666683	-0.0202694	-0.0856232
0.565413	-0.307869	0.194375	-0.00583486	-0.0192581	-0.0844532
0.565406	-0.307882	0.194285	-0.00685134	-0.0186582	-0.0851101
0.565401	-0.3079	0.194205	-0.0065131	-0.0172969	-0.0855804
0.565394	-0.307918	0.194118	-0.00625083	-0.0176246	-0.0861533
0.565387	-0.307933	0.194027	-0.0056011	-0.018318	-0.0852415
0.565378	-0.307958	0.193949	-0.00680354	-0.0213194	-0.0819827
0.565369	-0.307973	0.193865	-0.00691547	-0.0183968	-0.0831429
0.565365	-0.307992	0.193788	-0.00783796	-0.0192695	-0.0840965
0.565356	-0.308012	0.193707	-0.008026	-0.0186821	-0.0840712
0.56535	-0.308028	0.193626	-0.00826092	-0.0183928	-0.084452
0.565343	-0.308051	0.19355	-0.00951193	-0.020376	-0.083464
0.565332	-0.308071	0.193469	-0.00928488	-0.0187638	-0.0843926
0.565325	-0.30809	0.193391	-0.00817134	-0.0180035	-0.0838346
0.565318	-0.308107	0.19331	-0.0075277	-0.0181987	-0.0809745
0.565312	-0.308121	0.193233	-0.00720658	-0.0179669	-0.0791382
0.565303	-0.308143	0.193159	-0.00766999	-0.0206491	-0.0747537
0.565295	-0.308163	0.193091	-0.00860722	-0.0214755	-0.0735
0.565287	-0.308184	0.193022	-0.00824729	-0.0204503	-0.0723593
0.565279	-0.308205	0.192953	-0.00852923	-0.0215181	-0.0695735
0.565271	-0.308223	0.19288	-0.00909614	-0.0216399	-0.0700894
0.565264	-0.308238	0.192808	-0.00943882	-0.0203286	-0.0710788
0.565255	-0.308263	0.192742	-0.00737287	-0.0210165	-0.0683238
0.565246	-0.308281	0.192673	-0.00818745	-0.0205588	-0.0679769
0.565237	-0.308306	0.192611	-0.00942847	-0.0225427	-0.0672319
0.565226	-0.308323	0.192541	-0.00925387	-0.0196553	-0.0669504
0.565215	-0.308344	0.192475	-0.0106981	-0.0208544	-0.0673458
0.565207	-0.308357	0.192405	-0.00839927	-0.0173175	-0.0661624
0.565197	-0.30838	0.192343	-0.00735114	-0.0178179	-0.0637133
0.565186	-0.308402	0.192281	-0.00852087	-0.0206372	-0.0618337
0.565179	-0.308421	0.192226	-0.00768314	-0.0202619	-0.0574593
0.565167	-0.308441	0.192161	-0.00896686	-0.0187266	-0.0600995
0.565162	-0.308458	0.192103	-0.00947384	-0.0201713	-0.0593405
0.565152	-0.308475	0.192038	-0.0103562	-0.0197537	-0.0618199
0.56514	-0.308499	0.191978	-0.010601	-0.020103	-0.0613482
0.565133	-0.308519	0.191922	-0.00975351	-0.0202279	-0.0580272
0.565121	-0.308542	0.191859	-0.00907569	-0.0201527	-0.0586398
0.565113	-0.30856	0.191801	-0.00988096	-0.0196278	-0.0577606
0.565105	-0.308581	0.191745	-0.0110483	-0.0204127	-0.0580612
0.565095	-0.3086	0.191689	-0.0125976	-0.0198127	-0.0600313
0.565087	-0.308622	0.191635	-0.0118014	-0.0217066	-0.0569872
0.565082	-0.308632	0.191578	-0.0106612	-0.0188414	-0.0573329
0.565069	-0.308661	0.191525	-0.0121918	-0.0222541	-0.0583222
0.565064	-0.308673	0.191471	-0.00935942	-0.019795	-0.0545361
0.565052	-0.308698	0.191421	-0.0103431	-0.0204697	-0.055015
0.565045	-0.308718	0.19137	-0.0100578	-0.0208648	-0.0548785
0.565038	-0.308739	0.191321	-0.0090779	-0.0221706	-0.0528836
0.565032	-0.308755	0.19127	-0.0069719	-0.0184345	-0.0514528
0.56502	-0.308779	0.19122	-0.0090698	-0.0214626	-0.0508357
0.565015	-0.308796	0.191171	-0.00838103	-0.0207479	-0.0502592
0.565005	-0.308816	0.19112	-0.00949312	-0.0214087	-0.0517271
0.564997	-0.308837	0.191072	-0.00900322	-0.0196988	-0.0497115
0.564988	-0.308859	0.191027	-0.0101818	-0.021037	-0.0487632
0.564979	-0.30888	0.190978	-0.00954606	-0.0199175	-0.0489982
0.564971	-0.308899	0.190932	-0.00912686	-0.0207096	-0.0469922
0.564964	-0.308917	0.19089	-0.00911261	-0.0204714	-0.0448764
0.564956	-0.308935	0.190848	-0.00919465	-0.020327	-0.0434701
0.564947	-0.308953	0.190808	-0.0105013	-0.0196738	-0.0439697
0.564937	-0.308975	0.190762	-0.0110563	-0.0212693	-0.0441746
0.564928	-0.308992	0.190721	-0.0101197	-0.0183524	-0.0453359
0.564919	-0.309012	0.190679	-0.00933002	-0.0175143	-0.0451524
0.56491	-0.309026	0.190637	-0.00918485	-0.01925	-0.0418579
0.5649	-0.309051	0.190601	-0.0101821	-0.0210438	-0.0412101
0.56489	-0.30907	0.190558	-0.0107674	-0.0202397	-0.0411746
0.564877	-0.309091	0.190514	-0.0115636	-0.0209758	-0.0431424
0.564866	-0.309111	0.190472	-0.0107113	-0.0198788	-0.0424973
0.564859	-0.309123	0.190432	-0.00855288	-0.0181377	-0.0382229
0.564846	-0.309148	0.190397	-0.00793703	-0.0170642	-0.0370632
0.564834	-0.309169	0.190362	-0.00820673	-0.0167807	-0.0355948
0.564821	-0.309189	0.190316	-0.00962906	-0.0167069	-0.038919
0.564811	-0.309202	0.190278	-0.00876372	-0.0157804	-0.0375322
0.5648	-0.309224	0.190244	-0.00943285	-0.0180166	-0.0360656
0.564789	-0.309242	0.190205	-0.0103506	-0.0180758	-0.0378412
0.564777	-0.30926	0.190171	-0.0113745	-0.0180288	-0.0391076
0.564766	-0.309278	0.190132	-0.010788	-0.0193362	-0.0369512
0.564753	-0.309301	0.190103	-0.0109518	-0.0211874	-0.0331245
0.564742	-0.309321	0.190072	-0.0107735	-0.0212312	-0.030867
0.564727	-0.309342	0.190035	-0.0122214	-0.0196889	-0.033797
0.564718	-0.309357	0.190003	-0.0101482	-0.017287	-0.0324684
0.564706	-0.309377	0.18997	-0.0115995	-0.0207448	-0.0306377
0.564696	-0.309395	0.189941	-0.010898	-0.020483	-0.0296539
0.564682	-0.309416	0.189914	-0.0111566	-0.0218956	-0.0289258
0.564671	-0.309429	0.189876	-0.0119211	-0.0194945	-0.0326953
0.564661	-0.309449	0.189853	-0.0104916	-0.0191478	-0.0293893
0.564651	-0.309465	0.189821	-0.0103349	-0.0185943	-0.0310887
0.56464	-0.309482	0.189793	-0.0108659	-0.0193629	-0.0310777
0.564628	-0.309498	0.189764	-0.0107657	-0.0171875	-0.030518
0.564612	-0.309516	0.189729	-0.0127752	-0.0180935	-0.031627
0.564603	-0.309534	0.189704	-0.0114969	-0.0171596	-0.0296104
0.56459	-0.309552	0.189679	-0.0115614	-0.016588	-0.0282347
0.56458	-0.309564	0.189649	-0.0115662	-0.0187677	-0.0276955
0.564569	-0.309582	0.189624	-0.0128734	-0.0194224	-0.026004
0.564555	-0.309602	0.1896	-0.013587	-0.0207609	-0.0241109
0.564548	-0.309614	0.189577	-0.0116382	-0.0167165	-0.023507
0.564536	-0.309629	0.189551	-0.0132076	-0.0162608	-0.0260578
0.564521	-0.309651	0.189526	-0.0151023	-0.0185784	-0.0262052
0.56451	-0.309666	0.189504	-0.0152707	-0.0186675	-0.0250467
0.564498	-0.30968	0.189478	-0.0152043	-0.0160376	-0.0279215
0.564484	-0.309703	0.189459	-0.0149644	-0.0190091	-0.024753
0.564473	-0.30972	0.189438	-0.012682	-0.0171928	-0.0230172
0.564458	-0.309734	0.189411	-0.0126171	-0.0152506	-0.024508
0.56445	-0.309748	0.189394	-0.0114687	-0.0159362	-0.0214943
0.564438	-0.30976	0.18937	-0.0129102	-0.0161461	-0.0230258
0.564426	-0.309778	0.189351	-0.0119746	-0.0162884	-0.0222533
0.564413	-0.309795	0.18933	-0.0135422	-0.017962	-0.0210002
0.564402	-0.309811	0.18931	-0.0139329	-0.0177729	-0.0225976
0.56439	-0.309827	0.189296	-0.013265	-0.0164262	-0.020085
0.564376	-0.309844	0.189276	-0.0131567	-0.0180169	-0.0182022
0.564365	-0.30986	0.189256	-0.0138104	-0.018396	-0.0207683
0.564357	-0.309869	0.189239	-0.01066	-0.0149045	-0.0182148
0.564343	-0.309889	0.189224	-0.0116628	-0.0159882	-0.0176186
0.564326	-0.309906	0.189204	-0.014517	-0.0194155	-0.0163035
0.564319	-0.309922	0.189197	-0.0117689	-0.0171552	-0.0138578
0.564303	-0.309939	0.189176	-0.0118815	-0.0165376	-0.0143463
0.56429	-0.309957	0.189163	-0.0109005	-0.0153456	-0.0121417
0.564279	-0.309972	0.189153	-0.0113283	-0.0166931	-0.00996875
0.564268	-0.309983	0.189136	-0.0104975	-0.0140857	-0.0111115
0.564255	-0.310001	0.189124	-0.0118968	-0.0161044	-0.0122323
0.56424	-0.310021	0.18911	-0.0136999	-0.0179051	-0.0141923
0.564226	-0.310039	0.1891	-0.0141532	-0.0188169	-0.0120634
0.564216	-0.310051	0.189086	-0.0130886	-0.0170339	-0.0139185
0.564202	-0.310068	0.189071	-0.0124252	-0.0168022	-0.0120747
0.564191	-0.310085	0.189063	-0.0113728	-0.0161147	-0.00967839
0.564177	-0.310103	0.189053	-0.0123459	-0.0176133	-0.00905236
0.564168	-0.310119	0.189044	-0.0107711	-0.0162433	-0.00860825
0.564152	-0.310133	0.189029	-0.0118422	-0.0148913	-0.00972575
0.564141	-0.31015	0.189017	-0.0111452	-0.0152887	-0.00969028
0.564131	-0.310167	0.189014	-0.0109319	-0.0168841	-0.00707166
0.564121	-0.31018	0.189005	-0.0104487	-0.015339	-0.0071977
0.564107	-0.310195	0.188988	-0.0113029	-0.0150375	-0.0102235
0.5641	-0.310211	0.188988	-0.0107625	-0.0167974	-0.00616113
0.564088	-0.310224	0.188972	-0.0107232	-0.0152243	-0.0092401
0.564075	-0.310239	0.188964	-0.0107987	-0.0146065	-0.00844725
0.564065	-0.310256	0.188957	-0.011316	-0.0145228	-0.00906209
0.564055	-0.310267	0.188942	-0.0106446	-0.0130614	-0.0105949
0.564046	-0.310282	0.18894	-0.00951162	-0.0141462	-0.00568057
0.564037	-0.310295	0.188933	-0.0105717	-0.0151529	-0.00674679
0.564026	-0.310314	0.188928	-0.0102209	-0.0159891	-0.0063256
0.564018	-0.310327	0.188927	-0.00972933	-0.0147588	-0.00550247
0.56401	-0.310338	0.188916	-0.00950246	-0.0132467	-0.00815057
0.564001	-0.310354	0.188915	-0.00910526	-0.0142084	-0.00483356
0.563988	-0.310366	0.188903	-0.0104307	-0.0134548	-0.00806988
0.563985	-0.310377	0.188904	-0.00772459	-0.0126971	-0.0036561
0.563972	-0.310392	0.188897	-0.0091847	-0.0137004	-0.00489651
0.563963	-0.310405	0.188894	-0.00874234	-0.0138919	-0.00315532
0.563956	-0.310418	0.188885	-0.00844115	-0.0140343	-0.00414957
0.563946	-0.310431	0.188883	-0.00888447	-0.0144008	-0.00252109
0.563943	-0.310441	0.188882	-0.00684771	-0.0131703	-0.000823017
0.563928	-0.310461	0.188879	-0.00907398	-0.015145	-0.00115774
0.563923	-0.310471	0.188875	-0.00773477	-0.0139594	-0.00133939
0.563914	-0.310482	0.188871	-0.00738084	-0.0119868	-0.00170111
0.563908	-0.310495	0.188872	-0.00645657	-0.0117119	-0.000233115
0.563899	-0.310507	0.188865	-0.00782588	-0.0126135	-0.00238081
0.563891	-0.31052	0.188866	-0.00767737	-0.0124803	-0.00243555
0.56388	-0.310538	0.188861	-0.00880068	-0.0143807	-0.00297031
0.563876	-0.310545	0.188865	-0.00721725	-0.0128465	-0.00032962
0.563868	-0.310558	0.188862	-0.00768736	-0.0130656	-0.00158734
0.563857	-0.310574	0.188858	-0.00895026	-0.0147184	-0.002059
0.563853	-0.310584	0.188864	-0.00834203	-0.0133219	-0.000512939
0.563846	-0.310592	0.18886	-0.00712589	-0.0105496	-0.00146651
0.563839	-0.31061	0.188862	-0.00723619	-0.0134601	6.61741e-05
0.563829	-0.310624	0.188862	-0.00808502	-0.0138563	-9.67497e-05
0.563823	-0.310634	0.188863	-0.00665445	-0.0116081	0.000420098
0.563816	-0.310646	0.188862	-0.00788493	-0.0117318	-0.000930477
0.563812	-0.310656	0.188868	-0.00695577	-0.0121737	0.00138201
0.563802	-0.310668	0.188857	-0.008456	-0.0127529	-0.00254964
0.563796	-0.310682	0.188862	-0.00796305	-0.0138801	-0.000192104
0.563792	-0.310688	0.18886	-0.00721557	-0.0122761	-0.000823579
0.563784	-0.310699	0.188857	-0.00694692	-0.011374	-0.000895548
0.563781	-0.31071	0.188862	-0.00620088	-0.0119986	0.0006611
0.563771	-0.31072	0.188854	-0.00726124	-0.0113337	-0.00213467
0.563767	-0.310731	0.188859	-0.00662421	-0.0121794	0.000228514
0.563762	-0.310741	0.188861	-0.00590022	-0.0110484	0.000699376
0.563755	-0.310751	0.188857	-0.00749055	-0.0132053	-0.000639215
0.563752	-0.310761	0.188861	-0.00595683	-0.0118863	0.0011841
0.563747	-0.310769	0.18886	-0.00664096	-0.0123772	0.000147487
0.563742	-0.310778	0.18886	-0.00613882	-0.0114677	0.000165718
0.563735	-0.31079	0.18886	-0.0063431	-0.0112663	0.000319488
0.56373	-0.310799	0.188863	-0.00578378	-0.0106658	0.000852671
0.563727	-0.310804	0.188862	-0.00565296	-0.0103073	0.000526996
0.563724	-0.310811	0.188863	-0.0050141	-0.0090658	0.000310166
0.563718	-0.310819	0.188858	-0.00658277	-0.010574	-0.0018732
0.563717	-0.310831	0.18887	-0.00268344	-0.00767041	0.00244445
0.563709	-0.310836	0.188862	-0.00408531	-0.00616902	-0.000470521
0.563707	-0.310846	0.188867	-0.00321739	-0.00691465	0.00158628
0.563703	-0.310854	0.188869	-0.00336272	-0.00692007	0.0010987
0.563698	-0.31086	0.188865	-0.00378208	-0.00679736	-0.000488823
0.563696	-0.310874	0.188876	-0.00300363	-0.00851191	0.00314759
0.563685	-0.310883	0.188864	-0.00622813	-0.0100809	-0.00189045
0.563685	-0.310886	0.188869	-0.00515998	-0.0092271	0.000401639
0.56368	-0.310897	0.188872	-0.00467914	-0.00938586	0.00128577
0.563673	-0.310906	0.188866	-0.00560536	-0.00889861	-0.00104492
0.563669	-0.310915	0.18887	-0.00546441	-0.00989665	0.000180078
0.563666	-0.310918	0.188865	-0.00459279	-0.00748097	-0.00168901
0.563657	-0.310934	0.188867	-0.00600795	-0.0105781	-0.000482675
0.563657	-0.310936	0.18887	-0.00489043	-0.00888333	0.00107832
0.563649	-0.310949	0.188868	-0.00563336	-0.00991904	0.000153401
0.563645	-0.310958	0.188871	-0.00405797	-0.0081186	0.00106419
0.563636	-0.310966	0.188864	-0.00583199	-0.00852687	-0.00157374
0.56363	-0.310978	0.188866	-0.0059794	-0.00966329	-0.000448403
0.563627	-0.310983	0.188869	-0.00477015	-0.00793938	0.00106287
0.563623	-0.310991	0.188865	-0.00450854	-0.00767493	-0.000645504
0.563615	-0.311002	0.188865	-0.00511332	-0.0084811	-0.000206668
0.563613	-0.311007	0.188863	-0.00371711	-0.00670562	-0.000373047
0.563605	-0.311017	0.188862	-0.00563591	-0.00715704	-0.00184507
0.5636	-0.311023	0.188863	-0.00491475	-0.00654864	-0.000505535
0.563593	-0.311034	0.188858	-0.00605316	-0.00682016	-0.00309563
0.563586	-0.311044	0.188859	-0.00787278	-0.00848821	-0.00320411
0.563582	-0.311052	0.188861	-0.0069074	-0.00950848	-0.000738446
0.563575	-0.311058	0.188854	-0.00668569	-0.00863551	-0.00306639
0.563571	-0.311065	0.188857	-0.00692369	-0.00924766	-0.00122666
0.563563	-0.311075	0.188851	-0.00802627	-0.00914137	-0.00341029
0.563557	-0.311083	0.188852	-0.00770896	-0.00977505	-0.00169253
0.563553	-0.311091	0.18885	-0.00643635	-0.00705767	-0.00300819
0.563547	-0.311097	0.188849	-0.00560252	-0.00661216	-0.00228284
0.563541	-0.311108	0.188853	-0.00564996	-0.00771341	-0.000222808
0.563539	-0.31111	0.188848	-0.00413641	-0.00608604	-0.00135991
0.563531	-0.311117	0.188842	-0.00685925	-0.00742344	-0.00356171
0.563525	-0.31113	0.188848	-0.00612319	-0.00924064	0.000256369
0.563518	-0.311137	0.188839	-0.00631454	-0.00890629	-0.00232233
0.563518	-0.311139	0.188844	-0.00359404	-0.00613141	0.000470263
0.563507	-0.311149	0.188836	-0.00687206	-0.00919337	-0.00262679
0.563505	-0.311149	0.188833	-0.0061375	-0.00611977	-0.00373331
0.563498	-0.311161	0.188834	-0.00704518	-0.00760832	-0.00255196
0.563492	-0.311167	0.188828	-0.00661096	-0.007315	-0.00371683
0.56349	-0.311176	0.188835	-0.00610719	-0.00711036	-0.00111934
0.563483	-0.311183	0.18883	-0.00544715	-0.00553442	-0.00253324
0.563478	-0.311189	0.188824	-0.00606024	-0.00536685	-0.00451308
0.563473	-0.311194	0.188828	-0.00526561	-0.00521386	-0.00155274
0.563465	-0.311201	0.188816	-0.00581108	-0.00589887	-0.00419207
0.563461	-0.311207	0.188814	-0.00569015	-0.00531186	-0.00381435
0.563458	-0.311212	0.188818	-0.00473421	-0.0054164	-0.00156846
0.56345	-0.31122	0.188812	-0.00437901	-0.00504936	-0.00236295
0.563445	-0.311222	0.188809	-0.00319696	-0.00245942	-0.00187327
0.563442	-0.311232	0.188809	-0.00394662	-0.00632054	-0.00140195
0.563439	-0.311239	0.188812	-0.00281248	-0.0063485	0.000945569
0.563428	-0.311248	0.188806	-0.00518894	-0.00748271	-0.000835471
0.563425	-0.311253	0.188802	-0.00429201	-0.00694381	-0.00168926
0.563419	-0.311256	0.1888	-0.00410837	-0.00353841	-0.00202509
0.563414	-0.311264	0.1888	-0.00402336	-0.00518654	-0.00108479
0.563412	-0.311267	0.188797	-0.00418259	-0.00419607	-0.0022426
0.563407	-0.311275	0.188799	-0.00394907	-0.00575881	-0.000132378
0.5634	-0.311279	0.18879	-0.00442259	-0.00576522	-0.00252789
0.563394	-0.311284	0.188789	-0.00464016	-0.00594162	-0.00135604
0.563392	-0.311291	0.18879	-0.0045046	-0.00620233	-0.00107661
0.563386	-0.311293	0.188787	-0.00594928	-0.00567368	-0.00229609
0.563381	-0.3113	0.188784	-0.00522898	-0.00611643	-0.00195757
0.563375	-0.311303	0.188782	-0.00544988	-0.00612264	-0.00165666
0.563374	-0.311307	0.188786	-0.00386304	-0.00402241	-0.000468814
0.563368	-0.311315	0.188784	-0.00474293	-0.00563402	-0.000809266
0.563363	-0.31132	0.188779	-0.00454125	-0.00598923	-0.00158085
0.563358	-0.311325	0.188778	-0.00418984	-0.00398994	-0.00173237
0.563354	-0.311328	0.188775	-0.00394794	-0.00427511	-0.00142797
0.563349	-0.311334	0.188773	-0.00431504	-0.00543386	-0.00163926
0.563346	-0.311334	0.188772	-0.0037375	-0.00483705	-0.000407488
0.563343	-0.311337	0.188771	-0.00287024	-0.0030255	-0.000741098
0.563338	-0.311343	0.188769	-0.00437162	-0.0040572	-0.00175945
0.563337	-0.311345	0.18877	-0.00327383	-0.00407941	-0.000368381
0.563328	-0.311354	0.188763	-0.00421942	-0.00481418	-0.00242625
0.563326	-0.311353	0.188765	-0.00298606	-0.00165989	-0.00126807
0.563319	-0.311357	0.188755	-0.00422317	-0.00268871	-0.00352581
0.563316	-0.311366	0.188762	-0.00379438	-0.00360376	-0.000509465
0.563311	-0.311366	0.188753	-0.00369836	-0.00310851	-0.002908
0.563307	-0.311371	0.188754	-0.0038408	-0.00415077	-0.00127472
0.563303	-0.311374	0.188751	-0.00480342	-0.00434885	-0.00216074
0.563296	-0.311379	0.188746	-0.00605364	-0.0049155	-0.00401468
0.563295	-0.311383	0.188751	-0.00551092	-0.00542437	-0.00163096
0.563289	-0.311387	0.188745	-0.0060995	-0.00468062	-0.00330953
0.563288	-0.311385	0.18874	-0.00473542	-0.00384321	-0.00339101
0.563279	-0.311396	0.18874	-0.00731334	-0.00723072	-0.00283887
0.563275	-0.311393	0.188734	-0.006003	-0.00304826	-0.00441577
0.563271	-0.311399	0.188734	-0.00560191	-0.0030476	-0.00349533
0.563269	-0.311401	0.188733	-0.00465187	-0.00135201	-0.00359446
0.563263	-0.311403	0.188727	-0.0039365	-0.000786363	-0.00371706
0.56326	-0.311408	0.188731	-0.000730791	0.00189305	-0.00069388
0.563254	-0.311407	0.188723	-0.00195797	0.00287474	-0.0031984
0.56325	-0.311416	0.188725	-0.00233493	-0.00163271	-0.000740351
0.563247	-0.311413	0.188721	-0.00155593	0.000756305	-0.00199445
0.563237	-0.311418	0.18871	-0.00256884	-9.01445e-05	-0.00338237
0.563235	-0.31142	0.188711	-0.00253031	0.000349711	-0.00236601
0.563231	-0.311421	0.188705	-0.00187091	0.000864512	-0.00301684
0.563224	-0.311427	0.188701	-0.00462377	-0.00133531	-0.00424997
0.563219	-0.31143	0.188702	-0.00637069	-0.00398926	-0.00300925
0.563213	-0.311433	0.188695	-0.00695833	-0.00408647	-0.00525076
0.563207	-0.311438	0.188694	-0.00716133	-0.00487717	-0.00384591
0.563201	-0.311445	0.188693	-0.00765841	-0.00658108	-0.0031048
0.563196	-0.311443	0.188684	-0.00841383	-0.00425168	-0.00612099
0.563191	-0.311447	0.188685	-0.00685925	-0.00355723	-0.0044299
0.563184	-0.311452	0.18868	-0.00753366	-0.00430309	-0.00521378
0.563177	-0.311453	0.188671	-0.00682013	-0.0019513	-0.0061624
0.563174	-0.311448	0.188668	-0.00527483	0.00126691	-0.00531125
0.563168	-0.311456	0.188666	-0.00440587	-0.0010492	-0.00383116
0.563162	-0.311459	0.188662	-0.00463921	-0.00164854	-0.00369315
0.563154	-0.311463	0.188655	-0.00632494	-0.00344636	-0.00433675
0.563148	-0.311464	0.188652	-0.00697144	-0.00302023	-0.00471719
0.563142	-0.311473	0.188655	-0.00561306	-0.0034171	-0.00152272
0.563133	-0.311474	0.188638	-0.00713354	-0.00266988	-0.00725987
0.563125	-0.31148	0.188636	-0.00742774	-0.00380849	-0.00587624
0.563119	-0.311481	0.188632	-0.00699956	-0.00304381	-0.00475162
0.563113	-0.311487	0.188627	-0.00840002	-0.00427433	-0.00643388
0.563107	-0.311489	0.188626	-0.00779531	-0.00615109	-0.00329373
0.563099	-0.31149	0.188615	-0.00704859	-0.00564053	-0.00495352
0.563091	-0.311497	0.188617	-0.00662513	-0.00556684	-0.00239704
0.563087	-0.311493	0.188609	-0.00471067	-0.00098069	-0.00383286
0.563078	-0.311498	0.188599	-0.00640389	-0.00308198	-0.00529259
0.563071	-0.311501	0.188596	-0.00645718	-0.00371908	-0.00387058
0.563062	-0.311506	0.18859	-0.00710616	-0.00457312	-0.00415433
0.563054	-0.311508	0.188581	-0.00930902	-0.00528726	-0.0069072
0.563047	-0.311512	0.188578	-0.00893995	-0.00362049	-0.00630023
0.563038	-0.311516	0.188568	-0.0100083	-0.00397916	-0.0086301
0.563028	-0.311522	0.188561	-0.0100707	-0.00450688	-0.00803473
0.563023	-0.311519	0.188559	-0.00797453	-0.00276514	-0.00540235
0.563013	-0.311525	0.188549	-0.00856328	-0.00443227	-0.00670529
0.563005	-0.311533	0.188552	-0.00741309	-0.00412484	-0.00323694
0.562997	-0.311533	0.188536	-0.00769442	-0.0012883	-0.00831261
0.562987	-0.311536	0.18853	-0.00711113	-0.00251977	-0.00567088
0.562981	-0.311535	0.188527	-0.00770538	-0.00159761	-0.00581428
0.562972	-0.311542	0.188522	-0.00800932	-0.00373328	-0.00521506
0.562965	-0.311541	0.188514	-0.00700902	-0.00263817	-0.00548199
0.562953	-0.311549	0.188505	-0.00752219	-0.00352702	-0.00587899
0.562944	-0.311549	0.188494	-0.00773691	-0.00245189	-0.00698121
0.562936	-0.311555	0.188494	-0.00797896	-0.00361001	-0.00497612
0.562924	-0.311559	0.188484	-0.00844726	-0.00375548	-0.00606433
0.562916	-0.311562	0.188477	-0.00827183	-0.00411923	-0.00574964
0.562907	-0.311566	0.188468	-0.00895659	-0.00456265	-0.00708652
0.562898	-0.311567	0.188462	-0.0104612	-0.0053504	-0.00695731
0.562889	-0.311568	0.188454	-0.0105127	-0.00422113	-0.00768378
0.562877	-0.311573	0.188442	-0.0106992	-0.00476729	-0.00854705
0.562866	-0.31158	0.188437	-0.00998155	-0.00391597	-0.00716767
0.562858	-0.311582	0.188429	-0.00846071	-0.00334668	-0.00660541
0.562843	-0.311587	0.188417	-0.0108052	-0.00380937	-0.00853374
0.562834	-0.311592	0.188413	-0.0117278	-0.00604809	-0.0077393
0.562828	-0.311586	0.188403	-0.0105635	-0.00259835	-0.0090645
0.562819	-0.311591	0.188401	-0.00952182	-0.00421702	-0.00578422
0.562805	-0.311593	0.188386	-0.0104746	-0.00225614	-0.00901879
0.562796	-0.311593	0.188374	-0.010432	-0.0013399	-0.0103622
0.562784	-0.311598	0.188368	-0.0110201	-0.00303038	-0.00880046
0.562773	-0.311601	0.188356	-0.0102151	-0.00350382	-0.00871559
0.562764	-0.311606	0.188353	-0.00907862	-0.00479816	-0.00579223
0.562752	-0.311607	0.188344	-0.00999378	-0.00355819	-0.00705347
0.562744	-0.311605	0.18833	-0.0102408	-0.00220803	-0.00960429
0.562732	-0.311611	0.188325	-0.00974894	-0.00369957	-0.00715723
0.562722	-0.311611	0.188314	-0.00981637	-0.00249587	-0.00842512
0.562712	-0.311614	0.188307	-0.00893457	-0.00342273	-0.00652138
0.5627	-0.311617	0.188295	-0.0103496	-0.00369403	-0.0082929
0.562691	-0.311617	0.188284	-0.0103393	-0.000911922	-0.0101626
0.562679	-0.31162	0.188275	-0.00999026	-0.00179457	-0.00911424
0.562668	-0.311622	0.188266	-0.0106627	-0.00206276	-0.00905371
0.562658	-0.311624	0.188257	-0.00948277	-0.000836728	-0.00907104
0.562646	-0.31163	0.18825	-0.0114468	-0.00205696	-0.0092916
0.562634	-0.31163	0.188234	-0.0109078	-0.00191062	-0.0104337
0.562624	-0.311631	0.188225	-0.0108749	-0.00167438	-0.0102234
0.562615	-0.311633	0.188222	-0.011194	-0.0018443	-0.00874601
0.562602	-0.311639	0.188209	-0.0122653	-0.00367332	-0.01046
0.56259	-0.31164	0.1882	-0.0116748	-0.00144641	-0.00955764
0.56258	-0.311641	0.188191	-0.012136	-0.00320556	-0.00983693
0.562565	-0.311649	0.188181	-0.0118528	-0.00291747	-0.00973629
0.562552	-0.311652	0.18817	-0.0124022	-0.00324331	-0.0101548
0.562545	-0.311647	0.18816	-0.00963978	-0.0011125	-0.00912706
0.562533	-0.311654	0.188149	-0.0103213	-0.00300024	-0.00907863
0.562519	-0.31166	0.188139	-0.0113954	-0.00396198	-0.00891001
0.562508	-0.311658	0.188126	-0.0123254	-0.00192864	-0.011357
0.562494	-0.311665	0.188119	-0.0143268	-0.00411235	-0.0115186
0.562486	-0.311666	0.188111	-0.012667	-0.00368306	-0.0106109
0.562471	-0.311668	0.188099	-0.013204	-0.00325703	-0.0103866
0.562461	-0.311669	0.18809	-0.0123147	-0.0027953	-0.00998682
0.562446	-0.311675	0.188076	-0.0140838	-0.00613765	-0.0113469
0.562433	-0.311675	0.188065	-0.0146216	-0.0057832	-0.0118811
0.562419	-0.311678	0.188051	-0.0143936	-0.00554068	-0.0125192
0.562409	-0.311678	0.188043	-0.0139726	-0.00413959	-0.0120239
0.562395	-0.311685	0.188033	-0.0137426	-0.00495839	-0.0111548
0.56238	-0.311685	0.188017	-0.013723	-0.00354536	-0.0122267
0.562371	-0.311682	0.188008	-0.0118588	-0.00213576	-0.0105096
0.562357	-0.311688	0.187999	-0.0124788	-0.00189713	-0.0102799
0.562343	-0.31169	0.187984	-0.0111659	0.000136065	-0.0117292
0.562331	-0.311691	0.187976	-0.0118455	0.000236535	-0.0112743
0.562315	-0.311694	0.18796	-0.0136053	-0.000445104	-0.0131561
0.562304	-0.311697	0.187951	-0.0134025	-0.000982619	-0.0121715
0.562276	-0.3117	0.187924	-0.0128588	-0.00185551	-0.0117766
0.56226	-0.311706	0.187915	-0.014236	-0.00261108	-0.0116636
0.562247	-0.311703	0.187898	-0.0127825	-0.00113085	-0.0122087
0.562233	-0.311706	0.187889	-0.0140696	-0.00091672	-0.0125148
0.562216	-0.311709	0.187872	-0.0158702	-0.00157554	-0.0145313
0.562203	-0.311707	0.187856	-0.0139605	-0.000448829	-0.0141942
0.562191	-0.311709	0.187852	-0.0128709	-0.00150236	-0.0100263
0.562174	-0.311712	0.187832	-0.0134033	-0.0022506	-0.0124721
0.56216	-0.31171	0.187816	-0.0142263	-0.000562844	-0.0143885
0.562146	-0.311713	0.187808	-0.013259	-0.00135354	-0.0113714
0.562128	-0.311712	0.187791	-0.0153401	-0.0022976	-0.0131149
0.562112	-0.311718	0.187778	-0.014442	-0.00165279	-0.0127338
0.562098	-0.311716	0.187763	-0.0149483	1.35742e-05	-0.0146468
0.562078	-0.311721	0.187745	-0.0166427	-0.00154106	-0.0153705
0.562065	-0.311722	0.187739	-0.0151081	-0.00140853	-0.012153
0.562046	-0.311725	0.187715	-0.0165956	-0.0019214	-0.0165301
0.56203	-0.311727	0.187705	-0.0161377	-0.00170073	-0.0139045
0.562013	-0.311727	0.187687	-0.016929	-0.000466968	-0.0160569
0.561997	-0.311727	0.187668	-0.0171206	-0.000340628	-0.0191478
0.561979	-0.311729	0.187655	-0.0171446	-0.00103985	-0.0170926
0.561965	-0.311727	0.187642	-0.0157968	-0.000101032	-0.0155859
0.561948	-0.311725	0.187622	-0.0170539	0.000852888	-0.0176831
0.561932	-0.311725	0.187606	-0.0175375	-0.00153136	-0.0171343
0.561912	-0.311729	0.187592	-0.018987	-0.00185857	-0.0166963
0.561899	-0.31173	0.187584	-0.0166704	-0.00167696	-0.0139075
0.561882	-0.311724	0.187559	-0.018927	-0.000669635	-0.0184275
0.561866	-0.311728	0.187548	-0.0180037	-0.00225265	-0.0160585
0.561849	-0.311727	0.187531	-0.0176014	-0.00200581	-0.0158702
0.561833	-0.311726	0.187511	-0.0171016	-0.00114685	-0.0167644
0.561816	-0.311725	0.187499	-0.0164569	-0.000694865	-0.0147489
0.561796	-0.311729	0.187476	-0.017359	-0.00228644	-0.0167879
0.561783	-0.311722	0.18746	-0.015326	0.000388751	-0.0158921
0.561766	-0.311727	0.187453	-0.0145053	-0.000272245	-0.0121812
0.561747	-0.311727	0.187431	-0.0165198	-0.00249025	-0.0148146
0.56173	-0.311725	0.187414	-0.0173083	-0.00155879	-0.0160028
0.561713	-0.311724	0.187397	-0.0140075	0.00350003	-0.0155736
0.561692	-0.311723	0.187375	-0.01545	0.00361751	-0.0174081
0.561678	-0.311724	0.187368	-0.0145469	0.00192116	-0.013208
0.561658	-0.311723	0.187341	-0.0166686	0.00200666	-0.018581
0.561644	-0.311722	0.187327	-0.0160026	0.00102314	-0.0164913
0.561626	-0.31172	0.187308	-0.0150271	0.00293364	-0.0163978
0.561611	-0.311721	0.187296	-0.0147934	0.00097846	-0.0145681
0.561594	-0.311717	0.187278	-0.0146483	0.00159388	-0.0143977
0.561573	-0.311716	0.187254	-0.0172186	0.00125003	-0.0182097
0.561557	-0.311717	0.187239	-0.016431	-0.00016354	-0.0163703
0.56154	-0.311719	0.18723	-0.0168729	-0.000779836	-0.0144765
0.561522	-0.311717	0.187209	-0.0182555	0.000106067	-0.017585
0.561504	-0.311716	0.18719	-0.0171733	0.000243972	-0.0171055
0.561488	-0.311713	0.187174	-0.0177398	0.000373384	-0.0171094
0.561471	-0.311712	0.187157	-0.0181514	0.000449413	-0.0171578
0.561449	-0.311709	0.187131	-0.018692	0.00293173	-0.0200495
0.561433	-0.311708	0.187118	-0.0182341	0.00195944	-0.0185
0.561417	-0.311705	0.187101	-0.0166975	0.00361187	-0.0175009
0.561396	-0.311704	0.187081	-0.0180968	0.00260307	-0.01848
0.561376	-0.311702	0.187057	-0.0180211	0.00417707	-0.0206615
0.561358	-0.3117	0.187043	-0.0163287	0.00461362	-0.0175518
0.561346	-0.311697	0.187031	-0.0145684	0.00590175	-0.0163381
0.561326	-0.311694	0.187011	-0.0153397	0.0065219	-0.0176841
0.561306	-0.311694	0.18699	-0.0173964	0.00358711	-0.0182423
0.561285	-0.31169	0.186965	-0.0186502	0.00399609	-0.021154
0.561269	-0.311688	0.186953	-0.017748	0.00332277	-0.0177776
0.561254	-0.31168	0.186932	-0.0175769	0.00429721	-0.019409
0.561238	-0.311677	0.186914	-0.0164486	0.00241801	-0.0176926
0.561218	-0.311676	0.186897	-0.0161729	0.00282016	-0.0165541
0.561201	-0.311676	0.186877	-0.014739	0.00276573	-0.0162134
0.561181	-0.311669	0.186853	-0.0157628	0.00509998	-0.0187181
0.561164	-0.311671	0.186841	-0.0153816	0.00204053	-0.0150804
0.561147	-0.311663	0.186818	-0.015515	0.00552959	-0.0182527
0.561132	-0.311659	0.186807	-0.0146809	0.00386875	-0.015108
0.561114	-0.311653	0.186781	-0.0167662	0.00353405	-0.0190647
0.561098	-0.311645	0.186763	-0.0151041	0.00559951	-0.0178099
0.56108	-0.311645	0.186746	-0.0160538	0.00224593	-0.0163375
0.561063	-0.311645	0.186727	-0.0153662	0.00213999	-0.0161498
0.561046	-0.311637	0.186708	-0.0159444	0.0045877	-0.0174732
0.561031	-0.31163	0.186687	-0.0156372	0.00646854	-0.0196516
0.561015	-0.311633	0.186674	-0.0157154	0.00433223	-0.0176739
0.560999	-0.311626	0.186657	-0.0168257	0.0041805	-0.0177138
0.560989	-0.311616	0.186643	-0.0138813	0.00644633	-0.0163304
0.560967	-0.311616	0.186619	-0.0154758	0.00472864	-0.0179212
0.560953	-0.31161	0.186603	-0.0142003	0.00542901	-0.0164814
0.560937	-0.311607	0.186585	-0.0142119	0.00465813	-0.0165359
0.560924	-0.311599	0.186571	-0.013671	0.00643095	-0.0154789
0.560909	-0.311596	0.186551	-0.0146673	0.00629348	-0.0180419
0.560893	-0.311589	0.186532	-0.0153232	0.00691935	-0.0187964
0.560877	-0.311586	0.186516	-0.0147321	0.00621175	-0.0177042
0.560863	-0.311579	0.1865	-0.0148757	0.00727224	-0.0178855
0.560849	-0.311575	0.186488	-0.0135154	0.00602926	-0.015083
0.560833	-0.31157	0.186464	-0.0139105	0.00571961	-0.0174685
0.560819	-0.311563	0.186449	-0.0122851	0.0066207	-0.0151319
0.560805	-0.311551	0.186429	-0.0143357	0.00713269	-0.017458
0.560791	-0.311544	0.186411	-0.0146407	0.00713459	-0.018209
0.560763	-0.311532	0.186377	-0.0156111	0.00437743	-0.0177401
0.560752	-0.31152	0.186361	-0.0149289	0.00623184	-0.0175012
0.560736	-0.311514	0.186345	-0.0160479	0.0064453	-0.0182444
0.56072	-0.311506	0.186323	-0.0168185	0.00727431	-0.020522
0.560707	-0.311504	0.186312	-0.0151169	0.0054602	-0.0163913
0.560697	-0.311495	0.186297	-0.0143062	0.00691428	-0.0171834
0.560683	-0.31149	0.18628	-0.0139577	0.00605309	-0.0169106
0.560669	-0.311481	0.186262	-0.0137593	0.00682887	-0.0165844
0.560657	-0.311471	0.186244	-0.0134887	0.00806126	-0.0174962
0.560643	-0.311468	0.186229	-0.0139359	0.00650107	-0.0165511
0.560632	-0.311458	0.186214	-0.0128483	0.00677538	-0.0157439
0.560619	-0.311448	0.186194	-0.0137435	0.00836375	-0.0183986
0.560608	-0.311445	0.186186	-0.0127479	0.00608918	-0.014181
0.560596	-0.311439	0.186171	-0.0119039	0.00575149	-0.0145037
0.560585	-0.311425	0.186153	-0.0111686	0.00806579	-0.0150516
0.560572	-0.311417	0.186137	-0.0127197	0.00799126	-0.0160216
0.560558	-0.311409	0.186118	-0.0127272	0.00745032	-0.016319
0.560545	-0.311403	0.186105	-0.0112985	0.0085664	-0.0146433
0.560531	-0.311399	0.186086	-0.0131899	0.00722428	-0.0168705
0.560521	-0.311391	0.186072	-0.0122384	0.00732256	-0.0159029
0.560508	-0.311384	0.18606	-0.0135322	0.00769446	-0.0158667
0.560499	-0.31137	0.186037	-0.0121044	0.0092755	-0.0179943
0.560486	-0.311366	0.186025	-0.0127064	0.00729074	-0.0161267
0.560476	-0.311356	0.186011	-0.0108755	0.00745096	-0.0139884
0.560464	-0.31135	0.185997	-0.0115989	0.00644081	-0.0142725
0.560454	-0.311342	0.185984	-0.0115166	0.00693718	-0.0140895
0.560443	-0.311335	0.185968	-0.0116008	0.00657728	-0.0150616
0.560431	-0.311332	0.185954	-0.0114078	0.00719092	-0.015486
0.560422	-0.311325	0.185947	-0.00927062	0.00791621	-0.0114315
0.560409	-0.311317	0.185926	-0.00945849	0.007273	-0.0135601
0.5604	-0.311309	0.185911	-0.00756176	0.00747717	-0.0122866
0.560389	-0.311303	0.1859	-0.00901223	0.00650122	-0.0119091
0.56038	-0.311296	0.185885	-0.00936172	0.00622547	-0.0130416
0.560368	-0.311292	0.185875	-0.0107545	0.0052756	-0.0122761
0.560357	-0.311284	0.185857	-0.0103825	0.00582528	-0.0138553
0.56035	-0.311279	0.185851	-0.00893601	0.00496708	-0.0108284
0.560338	-0.311276	0.185837	-0.00903931	0.0042232	-0.0106469
0.560327	-0.311262	0.185817	-0.0100159	0.0068257	-0.0139509
0.560318	-0.311261	0.185814	-0.00935439	0.00398252	-0.0093256
0.560311	-0.311251	0.185798	-0.00922125	0.00612811	-0.0122626
0.560303	-0.311246	0.185787	-0.00996265	0.00533996	-0.0124875
0.56029	-0.311242	0.185776	-0.0107458	0.0043574	-0.0117468
0.560285	-0.311236	0.185769	-0.00902042	0.00447593	-0.0100085
0.560274	-0.311235	0.185758	-0.00935531	0.00276681	-0.0101759
0.560264	-0.311227	0.185738	-0.0102709	0.00507524	-0.0141439
0.560253	-0.311225	0.185729	-0.00984213	0.00512719	-0.0123549
0.560249	-0.311217	0.185724	-0.00808287	0.00569244	-0.00954239
0.560239	-0.311213	0.18571	-0.00960128	0.00599913	-0.0124852
0.560233	-0.311207	0.185699	-0.00885738	0.00529743	-0.0122396
0.560224	-0.311203	0.185692	-0.00897115	0.0044932	-0.0107157
0.560219	-0.311196	0.185683	-0.00816911	0.00479977	-0.0101863
0.56021	-0.311196	0.185675	-0.00857754	0.00298175	-0.00918034
0.560203	-0.311187	0.185658	-0.00734775	0.00464235	-0.0104551
0.560197	-0.311183	0.185652	-0.00658762	0.00466192	-0.00940017
0.560188	-0.311182	0.185644	-0.00701903	0.00313926	-0.00835762
0.560182	-0.311175	0.185635	-0.0063128	0.00356883	-0.00790364
0.560174	-0.311174	0.185629	-0.0061206	0.00205987	-0.00647146
0.560167	-0.311169	0.185616	-0.00559179	0.00492426	-0.00857274
0.560159	-0.311168	0.185609	-0.00559079	0.00307199	-0.00694109
0.560155	-0.311163	0.185606	-0.00486118	0.00406754	-0.00546892
0.560149	-0.311157	0.185591	-0.00490274	0.0049161	-0.00821541
0.560141	-0.311157	0.18559	-0.00504701	0.00297216	-0.00520247
0.560135	-0.311159	0.185583	-0.00552912	0.000584498	-0.00565184
0.560128	-0.311154	0.185569	-0.00609998	0.00293789	-0.00830808
0.560123	-0.311154	0.185569	-0.00517692	0.00183646	-0.00522264
0.560117	-0.311146	0.185557	-0.00478097	0.00332584	-0.00674206
0.560108	-0.311148	0.185548	-0.0058583	0.0015941	-0.00713934
0.560103	-0.311145	0.185543	-0.00579374	0.00264713	-0.0065211
0.560097	-0.311143	0.185537	-0.00561911	0.00198341	-0.00613999
0.560092	-0.311141	0.185532	-0.00537951	0.00154135	-0.00575883
0.560084	-0.311138	0.185519	-0.00541775	0.00189557	-0.00738916
0.560078	-0.311138	0.185514	-0.0062055	0.00193372	-0.00729741
0.560075	-0.311133	0.185508	-0.00502765	0.00294554	-0.00662526
0.560071	-0.31113	0.185505	-0.00446907	0.00264538	-0.00494676
0.560063	-0.311128	0.185495	-0.00529729	0.00226511	-0.00663952
0.560057	-0.311127	0.185485	-0.00617935	0.00215169	-0.00817671
0.560056	-0.311124	0.185484	-0.00422259	0.00282629	-0.00587153
0.56005	-0.311124	0.185482	-0.00424807	0.00248568	-0.00426932
0.560041	-0.311121	0.185468	-0.00573297	0.00256926	-0.00740305
0.560035	-0.311122	0.185466	-0.00657895	0.00175151	-0.00669221
0.560033	-0.311119	0.185459	-0.00586177	0.00257727	-0.00750986
0.560028	-0.311117	0.185454	-0.00529458	0.00304509	-0.0066021
0.560022	-0.311116	0.185452	-0.00499378	0.00215421	-0.00496564
0.560016	-0.311115	0.185438	-0.00537121	0.00241223	-0.00801158
0.560012	-0.311113	0.185437	-0.00319803	0.00198825	-0.00430126
0.560005	-0.311114	0.185431	-0.00531085	-0.000514097	-0.00400316
0.560002	-0.311111	0.185421	-0.00436247	0.000501597	-0.00613629
0.559998	-0.311107	0.185421	-0.00444015	0.00153734	-0.00442422
0.559993	-0.311112	0.185417	-0.0046955	-8.90391e-05	-0.00442691
0.559987	-0.311111	0.185408	-0.00484168	0.000779105	-0.00546757
0.559986	-0.311106	0.185407	-0.0025275	0.001367	-0.00256027
0.559977	-0.311112	0.185402	-0.00434062	-0.000396838	-0.00351784
0.559972	-0.311108	0.185393	-0.00530297	-0.000525824	-0.00535033
0.559971	-0.311107	0.185391	-0.003982	0.000349878	-0.0043646
0.559966	-0.311104	0.185384	-0.00458174	0.00100212	-0.00471659
0.559958	-0.311109	0.185378	-0.0041303	-0.000872545	-0.00375806
0.559955	-0.311108	0.185374	-0.00381551	-6.51653e-05	-0.0042295
0.559951	-0.311106	0.185369	-0.00361714	0.00101582	-0.00442591
0.559946	-0.311106	0.185365	-0.00519566	0.00206063	-0.00737452
0.559943	-0.311104	0.18536	-0.00471222	0.00259128	-0.00733347
0.559939	-0.311109	0.18536	-0.00533959	0.00087967	-0.00615519
0.559932	-0.311109	0.185351	-0.00724593	-0.00331896	-0.00600911
0.559931	-0.311106	0.18535	-0.00401774	-0.000997359	-0.00348422
0.559926	-0.311108	0.185347	-0.00435317	-0.000836698	-0.0034242
0.559921	-0.31111	0.185339	-0.00383251	-0.000874497	-0.00434317
0.559921	-0.311106	0.185341	-0.00244772	0.00114628	-0.00198546
0.559913	-0.311112	0.185335	-0.00320717	-0.000398798	-0.00262406
0.559912	-0.311109	0.185331	-0.00255452	-0.00110279	-0.00219697
0.559909	-0.311111	0.185332	-0.00261328	-0.00337661	-4.36068e-05
0.559904	-0.311112	0.185324	-0.00245577	-0.00233402	-0.00200852
0.559902	-0.311112	0.185324	-0.00336644	-0.00252726	-0.00203808
0.559899	-0.311113	0.185322	-0.00220608	-0.00145918	-0.000990752
0.559893	-0.311118	0.185314	-0.00286284	-0.00251829	-0.00250054
0.559892	-0.311118	0.18532	-0.00190341	-0.000614412	-3.99633e-05
0.559887	-0.311122	0.185311	-0.00347747	-0.0029526	-0.00252054
0.559883	-0.311124	0.185308	-0.00277992	-0.00209577	-0.00248287
0.559884	-0.311125	0.185312	-0.000746497	-0.000853026	0.000419391
0.559879	-0.311127	0.185304	-0.00185899	-0.000674234	-0.00336273
0.559878	-0.311129	0.185306	-0.00195904	-0.00182997	-0.00189518
0.559872	-0.311132	0.185298	-0.00369607	-0.00100656	-0.0046294
0.559871	-0.311133	0.185298	-0.00274475	-0.00166881	-0.00292218
0.559866	-0.311143	0.185303	-0.00320675	-0.00406205	-0.000376473
0.559863	-0.311143	0.185294	-0.00416228	-0.00287999	-0.00393587
0.559858	-0.311151	0.185296	-0.00490299	-0.0031907	-0.00263844
0.559857	-0.311151	0.185295	-0.00304171	-0.0012701	-0.00204812
0.559851	-0.31116	0.185289	-0.00330606	-0.00233716	-0.00267667
0.55985	-0.311156	0.185287	-0.00159088	0.00060637	-0.0014848
0.559847	-0.31116	0.185283	-0.00201576	-0.00153641	-0.00221921
0.559845	-0.311167	0.185284	-0.0013722	-0.00191225	-0.000584759
0.559841	-0.311172	0.185283	-0.00209477	-0.00302761	-0.000123205
0.559837	-0.311177	0.185282	-0.00298455	-0.00380266	-0.00212981
0.559835	-0.311182	0.185285	-0.00376318	-0.00646548	0.000229325
0.55983	-0.311187	0.185276	-0.00317158	-0.00468037	-0.00259272
0.559826	-0.311193	0.185277	-0.00242329	-0.00348116	-0.0010097
0.559822	-0.3112	0.185278	-0.00189721	-0.0049772	0.000705625
0.559817	-0.311203	0.185272	-0.00386897	-0.00407062	-0.00211703
0.559817	-0.311211	0.185278	-0.00112462	-0.00328783	0.00112931
0.55981	-0.311215	0.185271	-0.00324557	-0.00357808	-0.00136383
0.559806	-0.311225	0.185272	-0.00302003	-0.00597963	0.000151906
0.559797	-0.31123	0.185267	-0.00525475	-0.00726133	-0.000804539
0.559792	-0.311235	0.185261	-0.00612956	-0.00658181	-0.00301253
0.559791	-0.311241	0.185262	-0.00461057	-0.00647353	-0.00142652
0.559782	-0.311249	0.18526	-0.00516452	-0.00688432	-0.00113513
0.559781	-0.311256	0.185261	-0.00496137	-0.00686411	-0.00099874
0.559775	-0.31126	0.185258	-0.00515376	-0.00599399	-0.00126196
0.559765	-0.311272	0.185252	-0.00490305	-0.00603952	-0.00245766
0.559761	-0.311278	0.185257	-0.00496377	-0.00532752	-0.000345289
0.559752	-0.311288	0.18525	-0.00568593	-0.00644182	-0.00185387
0.559747	-0.311292	0.185242	-0.00545834	-0.00721073	-0.00301409
0.559742	-0.311298	0.185243	-0.00439208	-0.00394395	-0.00187251
0.559734	-0.311307	0.185235	-0.00497997	-0.00515228	-0.00319669
0.559727	-0.311318	0.185235	-0.00759663	-0.0097967	-0.00186279
0.559718	-0.311328	0.185234	-0.00776307	-0.0106057	-0.0012038
0.559708	-0.311342	0.185228	-0.00728893	-0.0107094	-0.00177165
0.559703	-0.311343	0.185226	-0.00659197	-0.00922319	-0.000864729
0.559695	-0.311356	0.185223	-0.00744532	-0.0108881	-0.00139841
0.559685	-0.311363	0.185215	-0.00776502	-0.00867846	-0.00330491
0.559675	-0.311376	0.185213	-0.0095572	-0.0111548	-0.00305154
0.55967	-0.31138	0.185207	-0.00763553	-0.00700267	-0.00439413
0.559658	-0.31139	0.185203	-0.00951714	-0.00874245	-0.00409573
0.559648	-0.311401	0.185196	-0.0103449	-0.0101087	-0.00554098
0.559639	-0.311416	0.185199	-0.0104695	-0.0120111	-0.00257502
0.55963	-0.311419	0.185192	-0.0102781	-0.00956123	-0.00404296
0.559617	-0.311435	0.185183	-0.0117035	-0.0118054	-0.00576856
0.559607	-0.311447	0.185179	-0.0106259	-0.00999297	-0.00538031
0.559597	-0.311454	0.185172	-0.00961549	-0.00759529	-0.00553628
0.559592	-0.31146	0.18517	-0.00747956	-0.00534965	-0.00459993
0.559575	-0.311474	0.185162	-0.0106502	-0.00884592	-0.00516433
0.559567	-0.311486	0.185158	-0.00882057	-0.00843114	-0.00567586
0.559554	-0.311497	0.185147	-0.010282	-0.00674415	-0.00987313
0.559544	-0.311506	0.185146	-0.0118493	-0.007291	-0.00982268
0.559534	-0.311518	0.18514	-0.011464	-0.0086942	-0.00910749
0.559521	-0.31153	0.185134	-0.0120442	-0.00988339	-0.0078497
0.559506	-0.311544	0.185125	-0.0139061	-0.0100708	-0.0106506
0.559495	-0.311552	0.185113	-0.0124089	-0.00744056	-0.0108004
0.559485	-0.311562	0.185108	-0.0112672	-0.0078347	-0.0083256
0.559473	-0.311573	0.1851	-0.011973	-0.00870313	-0.0100002
0.55946	-0.311584	0.185094	-0.0119944	-0.00959401	-0.00787818
0.559449	-0.311595	0.185089	-0.0118047	-0.0103304	-0.00652532
0.559434	-0.311612	0.185081	-0.0120982	-0.0126177	-0.00696351
0.559422	-0.311624	0.185073	-0.0118098	-0.0124569	-0.00671459
0.55941	-0.311636	0.185065	-0.0115045	-0.0117814	-0.0062761
0.559395	-0.311648	0.185054	-0.012961	-0.0133734	-0.0079468
0.559381	-0.311659	0.185043	-0.0126034	-0.0107886	-0.0102438
0.559366	-0.311673	0.185033	-0.0137871	-0.0133128	-0.00937908
0.559356	-0.311681	0.185029	-0.012302	-0.0114982	-0.00787551
0.559341	-0.311695	0.185016	-0.012403	-0.0117186	-0.00873021
0.559327	-0.31171	0.185008	-0.0128418	-0.0121396	-0.00913547
0.55931	-0.311729	0.184997	-0.0156465	-0.0147566	-0.0115018
0.5593	-0.311736	0.184988	-0.0127058	-0.0100578	-0.0116058
0.559284	-0.311753	0.184982	-0.0150511	-0.0128865	-0.00977582
0.559269	-0.311769	0.184972	-0.0163683	-0.0145094	-0.0101244
0.559255	-0.31178	0.184958	-0.0159817	-0.0127366	-0.014065
0.559241	-0.311795	0.184952	-0.0163376	-0.0133713	-0.0116856
0.559227	-0.311811	0.184944	-0.0158452	-0.0134612	-0.011474
0.559212	-0.311822	0.184927	-0.0148695	-0.012375	-0.0116332
0.559196	-0.311837	0.184916	-0.0147916	-0.0125545	-0.0118618
0.559183	-0.311848	0.184905	-0.0139016	-0.013453	-0.0108713
0.55917	-0.311865	0.1849	-0.0136603	-0.0136915	-0.00944025
0.55916	-0.311877	0.184894	-0.0131173	-0.0142739	-0.00776441
0.559142	-0.311894	0.184881	-0.0147597	-0.0148074	-0.0098996
0.559126	-0.311905	0.184864	-0.0142068	-0.0125152	-0.0105805
0.559111	-0.311922	0.184854	-0.015104	-0.0151593	-0.0105266
0.5591	-0.311933	0.184847	-0.0135891	-0.0128009	-0.00988082
0.559085	-0.311949	0.184833	-0.0147741	-0.0148115	-0.0113904
0.559073	-0.31196	0.184823	-0.0148092	-0.014678	-0.0116933
0.559056	-0.311981	0.184813	-0.0155174	-0.0166699	-0.00990212
0.559041	-0.311994	0.184798	-0.0158299	-0.0163755	-0.0102053
0.55903	-0.312009	0.184797	-0.0145886	-0.0152385	-0.00834971
0.559017	-0.312022	0.184779	-0.0133484	-0.0163184	-0.0082147
0.558989	-0.312052	0.184763	-0.0120817	-0.0150211	-0.00534906
0.558975	-0.312065	0.184748	-0.0117488	-0.0121775	-0.00855096
0.558958	-0.312083	0.184735	-0.0124572	-0.0131094	-0.00813695
0.558948	-0.312095	0.18473	-0.0107455	-0.0115414	-0.00520315
0.558932	-0.312113	0.184715	-0.0124209	-0.012325	-0.00895883
0.558923	-0.31212	0.18471	-0.0111242	-0.00952512	-0.00798422
0.558903	-0.312144	0.184695	-0.0143784	-0.0149826	-0.00896312
0.558893	-0.312154	0.184689	-0.0138146	-0.014331	-0.00813034
0.558878	-0.312171	0.184676	-0.0142119	-0.014004	-0.0100153
0.558862	-0.312186	0.18466	-0.0158492	-0.0152885	-0.0122794
0.558851	-0.312199	0.184651	-0.0141868	-0.0156964	-0.0101441
0.558837	-0.312213	0.184638	-0.0131704	-0.0150865	-0.0101429
0.55882	-0.312233	0.184624	-0.0137283	-0.0164754	-0.0103483
0.55881	-0.312243	0.184615	-0.0123608	-0.0159679	-0.00888019
0.558796	-0.312259	0.184604	-0.0118003	-0.0158863	-0.00802918
0.558781	-0.312275	0.18459	-0.012235	-0.0174701	-0.00713879
0.55877	-0.312283	0.184577	-0.0121346	-0.0141049	-0.00952245
0.558757	-0.312301	0.184567	-0.0140322	-0.0169577	-0.00985576
0.558744	-0.312312	0.184556	-0.0132465	-0.0144795	-0.00816039
0.558733	-0.312326	0.184546	-0.012804	-0.0149071	-0.00715258
0.558718	-0.312341	0.184531	-0.0140661	-0.0148651	-0.00958808
0.558705	-0.312357	0.184522	-0.0126504	-0.0151264	-0.00764629
0.558691	-0.312371	0.184508	-0.0124812	-0.0148783	-0.00862284
0.55868	-0.312381	0.184499	-0.0119345	-0.0116717	-0.0103325
0.558665	-0.312397	0.184483	-0.012944	-0.012672	-0.0123841
0.558655	-0.312407	0.184473	-0.0111651	-0.00909308	-0.0119632
0.55864	-0.312426	0.184462	-0.0112454	-0.0110001	-0.0119416
0.558629	-0.312431	0.184443	-0.0106356	-0.00829449	-0.0139266
0.558617	-0.312449	0.184439	-0.0108435	-0.0106495	-0.0104489
0.558603	-0.312459	0.184417	-0.0131162	-0.0116314	-0.0144183
0.558593	-0.312472	0.184411	-0.0113522	-0.0118643	-0.0121888
0.558579	-0.312488	0.184399	-0.0117771	-0.0131759	-0.0109967
0.558567	-0.3125	0.184384	-0.0124793	-0.0147233	-0.0130364
0.558555	-0.312512	0.184373	-0.0124009	-0.0155701	-0.0104294
0.558545	-0.312522	0.184357	-0.0106324	-0.0141866	-0.00872747
0.558532	-0.312539	0.184347	-0.0119181	-0.014632	-0.010224
0.558516	-0.312554	0.184336	-0.0128567	-0.0147624	-0.0110684
0.558504	-0.312566	0.184315	-0.0121071	-0.0135262	-0.012756
0.558493	-0.312579	0.184309	-0.0109443	-0.0136795	-0.00914489
0.558482	-0.312592	0.184292	-0.0111199	-0.0153592	-0.0102807
0.558473	-0.312604	0.184281	-0.00960098	-0.0124598	-0.0113276
0.558461	-0.312615	0.184268	-0.0106505	-0.0137477	-0.0100075
0.558447	-0.312628	0.184249	-0.0120211	-0.0141271	-0.0135625
0.558439	-0.312639	0.184242	-0.01062	-0.0129286	-0.0124624
0.558428	-0.312651	0.184227	-0.0109132	-0.0127966	-0.0139532
0.558415	-0.312665	0.184214	-0.0127867	-0.012504	-0.016669
0.558403	-0.312677	0.184199	-0.0124505	-0.0124133	-0.0169385
0.558391	-0.312693	0.184187	-0.012224	-0.0136119	-0.014545
0.558382	-0.312704	0.184177	-0.0110676	-0.0129348	-0.0123392
0.558369	-0.31272	0.184167	-0.0110181	-0.0141284	-0.0100663
0.558359	-0.312728	0.18415	-0.0101175	-0.0121348	-0.0113993
0.558349	-0.31274	0.184142	-0.00972171	-0.011896	-0.00970335
0.558341	-0.31275	0.184132	-0.0102748	-0.010659	-0.0122468
0.558328	-0.312767	0.184117	-0.00882183	-0.00982001	-0.0117354
0.558317	-0.312778	0.184106	-0.0096683	-0.010909	-0.0114379
0.558309	-0.312787	0.184092	-0.00866491	-0.00991254	-0.0114655
0.558297	-0.312802	0.184081	-0.00984629	-0.0110193	-0.0124161
0.55829	-0.312813	0.184075	-0.00807163	-0.00954866	-0.0114211
0.558278	-0.312823	0.184056	-0.00894951	-0.00964033	-0.0129566
0.558271	-0.312837	0.184053	-0.00787298	-0.0109375	-0.0100868
0.558258	-0.312853	0.184038	-0.00983347	-0.0127632	-0.0113358
0.558248	-0.312861	0.184023	-0.0100106	-0.0113243	-0.0134983
0.55824	-0.312874	0.184016	-0.00941164	-0.012043	-0.0111188
0.558229	-0.312885	0.183998	-0.0108784	-0.0123303	-0.0144957
0.558221	-0.312895	0.183988	-0.00977915	-0.0115076	-0.0121672
0.55821	-0.312904	0.183972	-0.00987018	-0.0113353	-0.0120046
0.558201	-0.312917	0.18396	-0.00999978	-0.0124646	-0.0127574
0.558194	-0.312928	0.183955	-0.00954069	-0.0121752	-0.0111691
0.558183	-0.312942	0.183941	-0.0118724	-0.0149112	-0.0137297
0.558176	-0.312953	0.183932	-0.00963495	-0.0124785	-0.0114374
0.558163	-0.312966	0.183914	-0.011049	-0.0137688	-0.0121484
0.558157	-0.312974	0.183906	-0.00935597	-0.0119386	-0.0125406
0.558147	-0.312984	0.183891	-0.010023	-0.011342	-0.0144854
0.558134	-0.312999	0.183876	-0.011448	-0.0130386	-0.0151233
0.558125	-0.313007	0.183864	-0.0108803	-0.0117735	-0.0145914
0.558117	-0.313022	0.183852	-0.010702	-0.0133314	-0.0144694
0.55811	-0.313027	0.183839	-0.0100128	-0.0114329	-0.0130744
0.558102	-0.313044	0.183833	-0.00917925	-0.0140426	-0.00918658
0.558089	-0.313052	0.183812	-0.00943897	-0.0132022	-0.0105793
0.558085	-0.313061	0.183808	-0.00688464	-0.0108694	-0.0074277
0.558077	-0.313069	0.183792	-0.00739627	-0.0107096	-0.00990129
0.558069	-0.313076	0.183779	-0.00808946	-0.0104753	-0.0112196
0.558059	-0.31309	0.183762	-0.00954934	-0.0120217	-0.0139012
0.558051	-0.313099	0.183749	-0.00874665	-0.011648	-0.0135249
0.558043	-0.313108	0.183736	-0.0091078	-0.0114145	-0.0126046
0.558033	-0.313122	0.183724	-0.00973	-0.0119414	-0.0123727
0.55803	-0.313127	0.183713	-0.00820843	-0.0107367	-0.0128106
0.558016	-0.313144	0.183688	-0.00842425	-0.0112288	-0.0111684
0.558007	-0.313154	0.183672	-0.00883858	-0.0101329	-0.0140916
0.558	-0.313168	0.183667	-0.00777038	-0.0109527	-0.00951013
0.557995	-0.313172	0.183652	-0.00657359	-0.00778654	-0.0111581
0.557988	-0.313179	0.183637	-0.00639252	-0.0071535	-0.0125808
0.55798	-0.31319	0.183626	-0.00720019	-0.00906473	-0.0123488
0.55797	-0.313201	0.183613	-0.00781081	-0.00846725	-0.013644
0.557966	-0.313207	0.183599	-0.00597333	-0.00740088	-0.0138624
0.557959	-0.313216	0.183587	-0.00636209	-0.00726062	-0.0142951
0.557951	-0.313224	0.183571	-0.00670247	-0.00647976	-0.0150457
0.557945	-0.313236	0.183565	-0.00640799	-0.00770091	-0.0127214
0.55794	-0.313241	0.183552	-0.00651673	-0.00773133	-0.0133165
0.557935	-0.31325	0.183544	-0.00682573	-0.00973649	-0.010469
0.557927	-0.313257	0.183521	-0.00550962	-0.00812833	-0.0117592
0.557922	-0.313264	0.183516	-0.00564269	-0.00960097	-0.00763783
0.557917	-0.313273	0.1835	-0.00598255	-0.00837556	-0.0123056
0.557912	-0.313277	0.183489	-0.0050569	-0.00714589	-0.011524
0.557905	-0.313289	0.183475	-0.00498766	-0.00724765	-0.01436
0.557898	-0.313297	0.183462	-0.00532061	-0.00707574	-0.014084
0.557893	-0.313304	0.183447	-0.00601843	-0.00784631	-0.0166273
0.557889	-0.313309	0.183437	-0.00514174	-0.00604787	-0.0161973
0.55788	-0.313319	0.183422	-0.0055241	-0.0055244	-0.0167613
0.557878	-0.313326	0.183411	-0.00464492	-0.0051882	-0.0160611
0.557871	-0.313334	0.183394	-0.00452033	-0.00510459	-0.015334
0.557869	-0.31334	0.183386	-0.00368739	-0.00507417	-0.013663
0.557864	-0.313345	0.183374	-0.00532596	-0.00619352	-0.0140059
0.557855	-0.313358	0.183362	-0.00672316	-0.00790779	-0.0143573
0.557854	-0.313364	0.183352	-0.00432492	-0.00662653	-0.0128856
0.557849	-0.31337	0.183338	-0.00354625	-0.004346	-0.0138375
0.557845	-0.313379	0.183326	-0.00304946	-0.00507306	-0.0117615
0.557839	-0.313386	0.183318	-0.00352985	-0.00496109	-0.0107519
0.557834	-0.313396	0.183304	-0.00481527	-0.00742768	-0.0121601
0.557827	-0.313404	0.183291	-0.00550105	-0.00724046	-0.0131215
0.557824	-0.313411	0.183278	-0.00561292	-0.00666216	-0.0151179
0.55782	-0.313414	0.183263	-0.00579372	-0.00682197	-0.0154344
0.557816	-0.313424	0.183258	-0.00524185	-0.00946329	-0.00994895
0.557811	-0.31343	0.183242	-0.00690559	-0.00928088	-0.0142709
0.55781	-0.313436	0.183233	-0.00493078	-0.00846817	-0.0112873
0.557801	-0.313446	0.183214	-0.00652943	-0.00938918	-0.0135532
0.557799	-0.313449	0.183201	-0.00475028	-0.00675218	-0.0132866
0.557798	-0.313453	0.183196	-0.0033514	-0.00576822	-0.0107292
0.557793	-0.313464	0.183182	-0.00333823	-0.00763668	-0.0117476
0.557787	-0.31347	0.183168	-0.00438236	-0.00712175	-0.0125019
0.55779	-0.313469	0.18316	-0.0021015	-0.00393569	-0.0106902
0.557782	-0.313482	0.183146	-0.00388144	-0.00702796	-0.0101168
0.557778	-0.31349	0.183136	-0.00378628	-0.00718085	-0.0101193
0.557775	-0.313492	0.183122	-0.00264079	-0.00561642	-0.0109584
0.557772	-0.313497	0.183111	-0.00243693	-0.00519584	-0.0108336
0.55777	-0.313501	0.183098	-0.00255081	-0.0047396	-0.0120075
0.557764	-0.313509	0.183081	-0.00386572	-0.00570044	-0.0136989
0.557762	-0.313513	0.183069	-0.00184093	-0.00231703	-0.0134685
0.557762	-0.313516	0.18306	-0.0010988	-0.00237798	-0.0117121
0.557757	-0.313526	0.183048	-0.00238464	-0.00478878	-0.0114201
0.557754	-0.31353	0.183038	-0.00182226	-0.00439997	-0.0106123
0.557751	-0.313537	0.183022	-0.00249068	-0.0050968	-0.0126135
0.55775	-0.313538	0.183007	-0.00289047	-0.00338218	-0.0156545
0.557743	-0.31355	0.182997	-0.004182	-0.00598553	-0.0139639
0.557743	-0.313553	0.182986	-0.00194625	-0.00321347	-0.0127765
0.557743	-0.313558	0.182975	-0.00174224	-0.00409083	-0.0122139
0.557733	-0.313569	0.182957	-0.00306459	-0.00615361	-0.0129042
0.557735	-0.313568	0.18295	-0.00175652	-0.00382755	-0.0114192
0.557733	-0.313572	0.182933	-0.00186227	-0.00421128	-0.0126363
0.557731	-0.313577	0.18292	-0.00117379	-0.00311218	-0.0113115
0.557726	-0.313584	0.182905	-0.00155823	-0.00265839	-0.0136248
0.557726	-0.313588	0.182894	-0.00151	-0.0027852	-0.0142807
0.557724	-0.313596	0.182884	-0.00188724	-0.00397002	-0.0150533
0.557721	-0.313598	0.182869	-0.00213676	-0.00367773	-0.0132466
0.557718	-0.313604	0.182854	-0.00375045	-0.00475911	-0.0168668
0.557718	-0.313608	0.18284	-0.00273054	-0.00379402	-0.0175475
0.557712	-0.313615	0.182827	-0.00394197	-0.00499614	-0.0163935
0.557709	-0.313619	0.182812	-0.00393181	-0.00541569	-0.015999
0.557709	-0.313622	0.182802	-0.00227173	-0.00293665	-0.0157461
0.557707	-0.313628	0.182787	-0.0015404	-0.00176742	-0.0173878
0.557706	-0.313633	0.182773	-0.00230699	-0.00440221	-0.0166403
0.557706	-0.313633	0.182764	0.000300843	-0.00140835	-0.0120337
0.557704	-0.313639	0.182749	0.000660804	-0.00136932	-0.0126101
0.557706	-0.313643	0.182742	0.00103381	-0.00231046	-0.0106038
0.557697	-0.313649	0.182718	-0.00260151	-0.00521566	-0.0142536
0.557701	-0.313656	0.182713	-0.000757326	-0.00603346	-0.0106675
0.557699	-0.31366	0.1827	-0.00267881	-0.00656431	-0.0127455
0.557699	-0.313665	0.182688	-0.00147128	-0.00717654	-0.0112486
0.557699	-0.313672	0.182677	-3.70723e-05	-0.00497939	-0.0125164
0.557694	-0.313674	0.182653	-0.00309981	-0.00611478	-0.0155029
0.557695	-0.313677	0.182641	-0.00288239	-0.00518795	-0.0149511
0.557696	-0.313686	0.182635	-0.00187812	-0.00629883	-0.0114973
0.557694	-0.313689	0.182617	-0.00224821	-0.0058488	-0.012982
0.557694	-0.313697	0.182607	-0.00150903	-0.00640876	-0.0108719
0.557696	-0.313696	0.182593	-3.58332e-05	-0.00461635	-0.0105927
0.557692	-0.313703	0.182579	-0.0014576	-0.00572721	-0.0109237
0.557692	-0.313709	0.182563	-0.000941673	-0.00634944	-0.0116218
0.55769	-0.313716	0.182548	-0.00159012	-0.00687311	-0.0135729
0.557696	-0.313716	0.182541	0.00111519	-0.00330197	-0.0123693
0.557695	-0.313721	0.182525	0.00063719	-0.00400686	-0.0113588
0.557695	-0.313724	0.182512	4.86672e-05	-0.0043012	-0.010985
0.557696	-0.31373	0.182504	0.000735381	-0.00490932	-0.00912207
0.557691	-0.313737	0.18248	-0.00117506	-0.00610496	-0.0131123
0.557694	-0.313738	0.182471	-0.00115966	-0.00659284	-0.012741
0.557692	-0.313741	0.182453	-0.00188719	-0.00569586	-0.0138222
0.557694	-0.313748	0.182449	-0.00174137	-0.00962996	-0.00937494
0.557692	-0.313756	0.182429	-0.00333366	-0.00884169	-0.014724
0.557694	-0.313755	0.182415	-0.0016038	-0.00702811	-0.0127769
0.557696	-0.31376	0.182404	-0.000735902	-0.00624735	-0.0130189
0.557696	-0.313764	0.182395	-0.000508315	-0.00589445	-0.0121894
0.557694	-0.31377	0.182376	-0.00115123	-0.00668985	-0.0134422
0.557698	-0.313778	0.182372	0.000122988	-0.00743752	-0.00990441
0.557701	-0.313777	0.182354	0.00101212	-0.00468161	-0.011766
0.557703	-0.313788	0.182328	-0.000820626	-0.00616111	-0.0146885
0.557705	-0.313787	0.18231	-0.000617938	-0.00398292	-0.0169922
0.557705	-0.313798	0.182298	-0.00209576	-0.00886748	-0.0163519
0.557706	-0.313798	0.182282	-0.000858357	-0.00663342	-0.014927
0.557708	-0.313805	0.182272	-0.000173884	-0.00684621	-0.0131861
0.55771	-0.313812	0.182266	0.000415657	-0.00771426	-0.0101147
0.557713	-0.31381	0.182246	0.00108754	-0.00224686	-0.0150809
0.557718	-0.313815	0.182235	0.00248456	-0.00351359	-0.0136183
0.557714	-0.313826	0.18222	-0.00101892	-0.00785753	-0.0149803
0.55772	-0.313826	0.182207	0.0016397	-0.0057924	-0.0129477
0.55772	-0.313831	0.182194	0.0017088	-0.00408407	-0.0137809
0.557722	-0.313835	0.182178	0.000579891	-0.00597459	-0.0156531
0.557725	-0.313843	0.182169	0.00195378	-0.00672995	-0.0115779
0.557727	-0.313843	0.182152	0.0030666	-0.00312443	-0.0136166
0.557732	-0.313847	0.182141	0.00375549	-0.00395785	-0.0128894
0.557731	-0.313854	0.182131	0.00261652	-0.00571116	-0.0105151
0.557736	-0.313855	0.182116	0.00358432	-0.00449633	-0.0117643
0.557736	-0.313861	0.182097	0.000786277	-0.00606355	-0.0169907
0.557738	-0.313866	0.182087	0.00145539	-0.00644264	-0.0133498
0.557742	-0.313866	0.18207	0.00262767	-0.0043549	-0.0146655
0.557743	-0.313879	0.182066	0.00172385	-0.00670761	-0.0125222
0.557748	-0.313876	0.182047	0.00269448	-0.00202607	-0.0161237
0.557749	-0.313883	0.182033	0.00246179	-0.00358144	-0.0143202
0.557752	-0.31389	0.182024	0.00384476	-0.00296252	-0.0127443
0.557752	-0.313893	0.182005	0.00284603	-0.00293818	-0.0150188
0.557755	-0.313897	0.181992	0.00378896	-0.000911626	-0.0148877
0.557757	-0.313901	0.181979	0.00216268	-0.00353454	-0.0143625
0.557762	-0.313907	0.181968	0.00271514	-0.00396643	-0.0140309
0.557762	-0.313909	0.181953	0.00178669	-0.00330678	-0.014616
0.557761	-0.313915	0.181933	0.000165975	-0.00344916	-0.017926
0.557768	-0.313919	0.181924	0.00236504	-0.00393323	-0.0155357
0.557769	-0.313926	0.181909	0.00277232	-0.00472755	-0.0147648
0.557769	-0.313932	0.181895	0.00224981	-0.00646405	-0.0124036
0.557772	-0.313936	0.181881	0.00245871	-0.0060979	-0.0128885
0.557771	-0.313943	0.181862	0.000924293	-0.00829484	-0.0143417
0.557776	-0.313945	0.181854	0.00192298	-0.00786978	-0.0118565
0.557778	-0.313949	0.181837	0.00186407	-0.00707334	-0.0137994
0.557781	-0.313952	0.18182	0.00199178	-0.00582824	-0.0163428
0.557785	-0.313956	0.181811	0.00150359	-0.00494031	-0.0158254
0.557787	-0.313959	0.181789	0.00135857	-0.00416116	-0.0177207
0.557786	-0.313967	0.181774	0.00120254	-0.00538421	-0.0163247
0.557788	-0.313974	0.181766	0.000970326	-0.00761505	-0.0149991
0.557792	-0.313979	0.18175	0.00159123	-0.00692534	-0.015698
0.557792	-0.313986	0.181734	0.00118879	-0.00730957	-0.0156102
0.557796	-0.31399	0.181722	0.00229851	-0.00623516	-0.0149006
0.557796	-0.313995	0.181706	0.00222324	-0.00515526	-0.0149068
0.5578	-0.314003	0.181697	0.00276734	-0.00849357	-0.0102956
0.557803	-0.314009	0.181682	0.00286457	-0.00750443	-0.0114183
0.557804	-0.314013	0.181665	0.00229373	-0.00642025	-0.0144895
0.557811	-0.314014	0.18165	0.00429732	-0.00495117	-0.0123517
0.557809	-0.314024	0.181634	0.00228738	-0.0081763	-0.012676
0.557814	-0.314027	0.181621	0.00365931	-0.00577526	-0.0144204
0.557814	-0.314034	0.181603	0.0017042	-0.00537585	-0.0166036
0.557815	-0.314044	0.181589	0.000211473	-0.00635084	-0.0170951
0.557818	-0.314047	0.181577	0.000601842	-0.00440669	-0.0161792
0.557822	-0.314054	0.181562	0.00192527	-0.00456837	-0.0160291
0.557824	-0.314062	0.181552	0.00190774	-0.00521796	-0.0156293
0.557828	-0.314068	0.181539	0.00295173	-0.00459519	-0.0134934
0.557829	-0.314073	0.181523	0.00269066	-0.00558405	-0.0136293
0.557831	-0.314078	0.181508	0.00317162	-0.00545003	-0.0139598
0.55783	-0.314087	0.181489	0.00149651	-0.00585575	-0.0142247
0.557832	-0.314094	0.181471	0.00244365	-0.00583543	-0.012955
0.557836	-0.314101	0.181463	0.00259916	-0.00696945	-0.012685
0.557837	-0.314107	0.181445	0.00140994	-0.00787976	-0.0156224
0.557841	-0.314117	0.181438	0.00476726	-0.00661304	-0.0100195
0.557842	-0.314117	0.181416	0.00223442	-0.00665182	-0.0146661
0.557841	-0.314131	0.181407	-0.000234786	-0.0104841	-0.0141877
0.557841	-0.314131	0.181383	0.000756198	-0.00647371	-0.0164419
0.557838	-0.314138	0.181366	-0.00125191	-0.00694287	-0.0185599
0.557833	-0.314141	0.181347	-0.0026563	-0.00473366	-0.0208288
0.557826	-0.314149	0.181329	-0.00466806	-0.00622749	-0.0207932
0.557823	-0.314151	0.181312	-0.00454732	-0.00597084	-0.0195186
0.557813	-0.314161	0.181298	-0.00671534	-0.0082933	-0.0168997
0.557807	-0.314161	0.181281	-0.00581769	-0.00546375	-0.0170442
0.557796	-0.314163	0.181262	-0.00668733	-0.0042967	-0.0165668
0.557787	-0.314172	0.181244	-0.00792826	-0.00498268	-0.0191259
0.557779	-0.314173	0.181232	-0.00799341	-0.00319871	-0.0182761
0.557772	-0.314178	0.181222	-0.00731237	-0.00397542	-0.015478
0.557762	-0.314182	0.181203	-0.0074041	-0.00344996	-0.0167466
0.557755	-0.314185	0.181192	-0.00720595	-0.00257989	-0.0153606
0.557745	-0.314191	0.181175	-0.00786755	-0.00299182	-0.0163532
0.557738	-0.314197	0.181162	-0.00776838	-0.0050017	-0.013549
0.557731	-0.314198	0.18115	-0.00826546	-0.00498372	-0.0134235
0.557725	-0.314203	0.181135	-0.00738741	-0.00411098	-0.0140092
0.557719	-0.31421	0.18113	-0.00720615	-0.00597082	-0.011299
0.557713	-0.31421	0.181112	-0.007819	-0.00561829	-0.0131966
0.557709	-0.314211	0.181103	-0.00619238	-0.00311872	-0.0124464
0.557699	-0.314224	0.181093	-0.00723377	-0.00601108	-0.0114742
0.557697	-0.314221	0.181079	-0.00546431	-0.00267915	-0.012652
0.557689	-0.314228	0.181067	-0.00620656	-0.00324264	-0.0139668
0.557687	-0.314226	0.181059	-0.00460802	-0.000803894	-0.0117379
0.557683	-0.31423	0.181047	-0.00423101	-0.0013954	-0.0123187
0.55768	-0.314229	0.18104	-0.00317153	-0.000804703	-0.00975505
0.557672	-0.314235	0.181024	-0.00479957	-0.00182937	-0.0116656
0.557669	-0.314237	0.181019	-0.00397674	-0.00152538	-0.0099095
0.557668	-0.314237	0.181011	-0.00471579	-0.00379516	-0.00948601
0.557663	-0.31424	0.181	-0.00469734	-0.00275866	-0.01051
0.55766	-0.31424	0.180995	-0.00439893	-0.00367137	-0.00681869
0.557655	-0.314245	0.180984	-0.00509182	-0.00584123	-0.00639744
0.557654	-0.314245	0.180982	-0.00384834	-0.00411275	-0.00547755
0.557652	-0.314246	0.180977	-0.00338941	-0.00267325	-0.00586235
0.55765	-0.314243	0.180969	-0.00300689	-0.000425411	-0.00725641
0.557646	-0.314247	0.180963	-0.00343613	-0.00165054	-0.00735869
0.557646	-0.31425	0.180964	-0.00194057	-0.00203419	-0.00361352
0.557645	-0.314244	0.180957	-0.00234317	0.000885579	-0.00792305
0.557649	-0.314242	0.180958	-0.000195251	0.00106318	-0.00429337
0.557643	-0.314247	0.180951	-0.000384538	0.00212006	-0.00461419
0.557643	-0.314239	0.180941	-0.000614495	0.00224737	-0.00567424
0.557646	-0.314238	0.180942	7.92357e-05	0.00190026	-0.00483581
0.557647	-0.314239	0.180944	-0.000148668	0.00140106	-0.00441867
0.557645	-0.314236	0.180938	-0.000810789	0.00190829	-0.00537835
0.557646	-0.31424	0.180944	-0.00061603	0.000660962	-0.00374429
0.557644	-0.314242	0.180945	-0.00116907	-0.000464679	-0.00217629
0.557646	-0.314238	0.180944	-4.24737e-05	0.000650643	-0.00195732
0.557647	-0.314235	0.180943	0.00051082	0.00200827	-0.0014397
0.55765	-0.314236	0.180946	0.00110248	0.000982565	-0.000575446
0.557649	-0.314235	0.180944	0.000378951	0.000826342	-0.000906177
0.557651	-0.314231	0.180947	0.000703986	0.00160518	1.42288e-05
0.557655	-0.314229	0.180951	0.0020343	0.00224478	0.0012271
0.557656	-0.314228	0.180953	0.00165094	0.00204156	0.00163699
0.557659	-0.314227	0.180957	0.00193701	0.0016054	0.00173785
0.557659	-0.314224	0.180956	0.00344365	0.00565995	0.000704627
0.557659	-0.31423	0.180961	0.0020922	0.00175111	0.00267203
0.557666	-0.314223	0.180966	0.00393137	0.00336433	0.00340154
0.55767	-0.314222	0.180973	0.00366176	0.0025631	0.00437515
0.557672	-0.31422	0.180975	0.00301312	0.00287111	0.0036553
0.557673	-0.314221	0.180978	0.00270458	0.00172858	0.00319259
0.557677	-0.314217	0.180987	0.00296452	0.00254245	0.00464766
0.557679	-0.314218	0.180988	0.00275981	0.00137869	0.00357546
0.557683	-0.314212	0.180994	0.00337643	0.0028469	0.00499231
0.557686	-0.314212	0.180999	0.00287499	0.00159905	0.0040521
0.557692	-0.314211	0.181009	0.00352233	0.00155532	0.00566493
0.557692	-0.314209	0.181009	0.00249843	0.00163067	0.00405333
0.557698	-0.314207	0.181015	0.00421031	0.00265793	0.00469174
0.557701	-0.314209	0.181021	0.00380617	0.00149785	0.00508466
0.557706	-0.314206	0.181031	0.00381696	0.0018338	0.00635582
0.557708	-0.314204	0.181032	0.00290285	0.00244671	0.00388857
0.557715	-0.314204	0.181046	0.00429525	0.00174975	0.00690012
0.557718	-0.314202	0.181048	0.00350937	0.00157643	0.00498522
0.557721	-0.314201	0.18105	0.00328172	0.00129997	0.00407165
0.557728	-0.314195	0.181056	0.00508465	0.00200982	0.00608473
0.557728	-0.314198	0.181056	0.00388184	0.000802567	0.00435045
0.557733	-0.314204	0.181073	0.00378329	-0.0013764	0.00765843
0.557739	-0.314195	0.181077	0.00355274	0.0020173	0.00550029
0.557742	-0.314198	0.181082	0.00271474	0.000517344	0.00443019
0.557748	-0.314192	0.181087	0.00306293	0.00170719	0.00469225
0.55775	-0.314193	0.181093	0.00261454	0.000859575	0.0046968
0.557753	-0.314192	0.181099	0.0026346	0.000706676	0.00520275
0.557759	-0.314188	0.181103	0.00302639	0.00113611	0.00475785
0.55776	-0.31419	0.181105	0.0024338	0.00059558	0.00363268
0.557764	-0.314188	0.181113	0.0024474	0.000647584	0.00476462
0.55777	-0.314183	0.181115	0.00430384	0.0017134	0.00459396
0.557772	-0.314184	0.181123	0.00455749	0.00244432	0.00522811
0.557776	-0.314185	0.18113	0.00376639	0.0014649	0.00513547
0.557777	-0.314181	0.18113	0.00338911	0.00348415	0.00331209
0.557782	-0.314183	0.181139	0.00339428	0.00203783	0.00474606
0.557787	-0.31418	0.181142	0.00383904	0.00268644	0.00392085
0.55779	-0.314179	0.181146	0.00333111	0.00220644	0.0035631
0.557793	-0.314179	0.18115	0.0037805	0.00139512	0.00724237
0.557794	-0.314179	0.18115	0.00260419	0.0010148	0.00465183
0.557798	-0.314178	0.181157	0.00246783	0.00103045	0.00511338
0.557802	-0.314176	0.181159	0.00229096	0.00110389	0.0039518
0.557804	-0.314176	0.181162	0.00199781	0.00058169	0.00324303
0.557809	-0.314172	0.181168	0.00219716	0.00185995	0.00352065
0.557811	-0.314174	0.181169	0.00139231	0.00066324	0.00221478
0.557814	-0.314171	0.181172	0.00106732	0.00104801	0.00177129
0.557813	-0.314172	0.181172	0.00117572	0.00211349	0.000910498
0.55782	-0.314166	0.181176	0.00260555	0.00328146	0.00132427
0.557819	-0.314171	0.181181	0.00297579	0.00196571	0.00350714
0.557823	-0.314165	0.181176	0.00386641	0.00260921	0.00165319
0.557826	-0.314166	0.181187	0.00450284	0.000994233	0.00552354
0.557825	-0.314167	0.181184	0.00354309	-6.56437e-05	0.00417526
0.55783	-0.314163	0.181185	0.00520375	0.00337321	0.00315004
0.55783	-0.314164	0.181187	0.00362444	0.00247482	0.00256841
0.557832	-0.314164	0.181188	0.00286391	0.00106227	0.00201825
0.557833	-0.31416	0.181185	0.00195256	0.00220015	0.000171309
0.557836	-0.314159	0.18119	0.00220657	0.00167042	0.00171501
0.557833	-0.314159	0.181182	0.00149139	0.00280219	-0.00149988
0.557836	-0.314161	0.181189	0.00184165	0.00178142	0.00118472
0.557839	-0.314157	0.181191	0.00214876	0.00212979	0.00114873
0.55784	-0.314155	0.181191	0.00166779	0.00212916	0.0010497
0.55784	-0.314155	0.181191	0.000851568	0.00116559	0.00014683
0.557842	-0.31415	0.181187	0.0016881	0.00286615	-0.000833516
0.557841	-0.314152	0.181189	0.000751983	0.000843905	7.76277e-05
0.557841	-0.314148	0.181187	0.000526628	0.00191461	-0.000657642
0.557839	-0.314147	0.181181	-0.00075978	0.00126925	-0.0023284
0.557843	-0.314146	0.181186	0.000808154	0.000857056	0.000105745
0.557839	-0.314146	0.181177	-0.000812344	0.000639583	-0.00294279
0.557838	-0.31415	0.181181	-0.000948754	-0.000691545	-0.000886888
0.55784	-0.314145	0.181179	-0.00041073	0.000768433	-0.00145348
0.557834	-0.314147	0.18117	-0.00203445	0.000217717	-0.0037694
0.557837	-0.314142	0.18117	-0.00024405	0.00145195	-0.00218625
0.557838	-0.314138	0.181169	0.000773586	0.00337702	-0.00186194
0.557837	-0.314133	0.181163	0.000251397	0.00383632	-0.00321682
0.557835	-0.314134	0.181158	-0.000823452	0.00193106	-0.00362197
0.557833	-0.314131	0.181151	-0.000408637	0.00354419	-0.004369
0.557834	-0.314125	0.18115	0.000220491	0.00436799	-0.0030647
0.55783	-0.314126	0.181141	-0.000912752	0.00300303	-0.00525927
0.55783	-0.314124	0.181137	-0.000150125	0.00413467	-0.00508169
0.557832	-0.314118	0.181135	0.000590542	0.00461092	-0.00373913
0.557828	-0.314116	0.181124	-0.000642862	0.00380596	-0.00561478
0.557826	-0.314118	0.181121	-0.00117146	0.00183715	-0.00493519
0.557824	-0.314117	0.181118	-0.00129468	0.00162204	-0.00398719
0.557825	-0.314109	0.181113	-0.000268591	0.00403445	-0.00458693
0.557825	-0.314111	0.181113	-0.000571026	0.00165539	-0.00330665
0.557824	-0.314102	0.181102	-0.000634671	0.00383004	-0.00564493
0.55782	-0.314108	0.181102	-0.00163426	2.60954e-05	-0.00307052
0.55782	-0.314105	0.181099	-0.000936817	0.00126677	-0.00301998
0.557817	-0.314101	0.181086	-0.0017434	0.00201827	-0.00635742
0.557818	-0.314097	0.181085	-0.00101453	0.00263071	-0.00434214
0.557817	-0.314097	0.181081	-0.00107285	0.0012792	-0.00433651
0.557813	-0.314096	0.181073	-0.00197948	0.000858174	-0.00534229
0.557812	-0.314093	0.181069	-0.001707	0.00142882	-0.00484316
0.557812	-0.314092	0.181068	-0.00119667	0.000962491	-0.00328009
0.557813	-0.314094	0.181067	-0.000547248	-6.86973e-05	-0.00199366
0.557814	-0.314087	0.181062	-9.48841e-05	0.00171914	-0.00293393
0.557812	-0.314087	0.181059	-0.000750614	0.000839887	-0.00288537
0.557811	-0.314088	0.181058	-0.000941192	0.00016175	-0.00253101
0.557809	-0.314088	0.181049	-0.00149134	-0.000109311	-0.00460037
0.557809	-0.314087	0.181052	-0.000937824	0.000541886	-0.00202869
0.55781	-0.314082	0.181048	1.46278e-05	0.00196077	-0.00203968
0.55781	-0.314081	0.181041	-0.000414282	0.00087884	-0.00326189
0.55781	-0.314082	0.181044	-0.000394387	2.50996e-05	-0.00153789
0.55781	-0.314079	0.181039	-0.000540523	0.000791036	-0.00259217
0.557808	-0.314082	0.181041	-0.000842651	-0.000524108	-0.00114677
0.557809	-0.314083	0.18104	-0.00050078	-0.000397801	-0.00158308
0.55781	-0.314078	0.181037	7.08353e-05	0.000807305	-0.00169346
0.557811	-0.314078	0.181037	9.90875e-05	0.000563557	-0.00108409
0.557807	-0.314078	0.181029	-0.00130478	-0.000241402	-0.00343571
0.557809	-0.314077	0.181035	-0.000633488	-0.000259787	-0.000254763
0.557809	-0.314078	0.181035	-0.000869344	-0.000627249	-0.000786802
0.557813	-0.314072	0.181034	0.00100777	0.00139576	-0.000443412
0.557808	-0.314079	0.181035	-0.000715245	-0.00156639	0.000638119
0.55781	-0.314075	0.181032	-0.000245293	7.16047e-05	-0.000849368
0.557813	-0.314074	0.181036	0.000649751	0.000286825	0.000957949
0.557814	-0.314072	0.181037	0.000588735	0.00012766	0.0012556
0.557812	-0.314071	0.181034	-0.000602968	-3.67224e-05	-0.000460373
0.557813	-0.314075	0.181037	-8.32203e-05	-0.000876948	0.000424083
0.557815	-0.314069	0.181035	0.000674894	0.00101061	-0.000330206
0.557817	-0.31407	0.181041	0.000823007	-0.000154828	0.00191163
0.557815	-0.314068	0.181037	6.57035e-05	0.000745195	-7.98956e-05
0.557815	-0.314069	0.181033	-0.000588439	-0.000494652	-0.00145065
0.557816	-0.314068	0.181039	-0.000166733	-0.000404072	0.00106379
0.557817	-0.31407	0.18104	0.000357403	-0.000520347	0.000840006
0.557816	-0.314069	0.181039	-0.000361078	-0.000681696	0.000192773
0.557819	-0.314066	0.18104	0.000634127	0.000384386	0.000474411
0.557819	-0.314067	0.181043	0.000452035	-0.000347234	0.00156888
0.557818	-0.314069	0.181043	-5.03262e-05	-0.000740105	0.000993801
0.557819	-0.314069	0.181044	0.000246037	-0.000671819	0.0010052
0.557817	-0.314072	0.181045	-0.000218759	-0.000852037	0.000971183
0.557821	-0.314069	0.18105	0.000633582	-0.000342656	0.00208964
0.557818	-0.314073	0.181046	-0.000655663	-0.00161619	0.000303913
0.557819	-0.31407	0.181048	0.00011857	-1.66865e-05	0.00099721
0.557819	-0.314073	0.181053	4.85335e-05	-0.00131971	0.0022112
0.557821	-0.31407	0.181053	0.000564249	0.000133502	0.00142844
0.557822	-0.314072	0.181059	0.000761994	-0.000770771	0.00309349
0.557824	-0.314068	0.18106	0.00122455	0.00110387	0.00230252
0.557825	-0.31407	0.181062	0.00101493	3.67543e-06	0.00168159
0.557828	-0.314068	0.181067	0.00129562	0.000307785	0.00285577
0.557821	-0.314077	0.181064	-0.000964544	-0.00210214	0.00100746
0.557824	-0.314079	0.181074	0.0003343	-0.00250288	0.00434485
0.557825	-0.314077	0.181074	0.000769159	-0.000680014	0.00285868
0.557823	-0.31408	0.181072	-0.000262174	-0.00129181	0.000796852
0.557822	-0.314082	0.181072	-0.000773697	-0.00187832	0.000525028
0.557824	-0.314082	0.181077	0.000412771	-0.00106269	0.00240655
0.557825	-0.314084	0.181083	0.000388554	-0.00205923	0.00376375
0.557825	-0.314089	0.181087	0.000184152	-0.0026587	0.00402483
0.557828	-0.314085	0.181086	0.00118065	-0.000443239	0.00208033
0.557827	-0.314091	0.181093	0.00016356	-0.00256878	0.00379761
0.557829	-0.314092	0.181093	0.000361055	-0.00187691	0.00198119
0.557828	-0.314094	0.181094	0.00112302	-0.00227169	0.0057172
0.55783	-0.314092	0.1811	0.00154813	-0.000701827	0.00612299
0.55783	-0.314097	0.181103	0.00114238	-0.00240538	0.00542958
0.55783	-0.314103	0.18111	0.000613472	-0.00344404	0.00592222
0.55783	-0.314101	0.181108	0.000552059	-0.00177955	0.00349399
0.55783	-0.314103	0.181109	0.000293174	-0.0017505	0.00303936
0.557833	-0.314105	0.181117	0.00133795	-0.00220785	0.00497044
0.55783	-0.314106	0.18111	0.000271409	-0.00173485	0.00118765
0.557832	-0.314108	0.181119	0.000761306	-0.00148889	0.00369981
0.557834	-0.31411	0.181122	0.00089517	-0.00179627	0.00328701
0.557829	-0.314112	0.181117	-0.000669285	-0.00185024	0.000935955
0.557833	-0.314114	0.181125	0.000748965	-0.0018172	0.0029466
0.557832	-0.314117	0.181123	2.61613e-05	-0.00225378	0.0012069
0.557834	-0.314116	0.181129	0.000535623	-0.00111168	0.00283905
0.55783	-0.314124	0.18113	-0.000604282	-0.00283419	0.00170681
0.557831	-0.314125	0.18113	-0.0001362	-0.0020921	0.00147106
0.55783	-0.314123	0.181128	-0.000465105	-0.00116228	7.72414e-05
0.55783	-0.314123	0.18113	-0.000352817	-0.000748198	0.000882395
0.557831	-0.314127	0.181131	0.000120269	-0.00134096	0.000486776
0.55783	-0.314128	0.181132	-7.08984e-05	-0.00122877	0.00119136
0.557834	-0.314127	0.181136	0.00149845	-0.000293618	0.00192616
0.55783	-0.31413	0.181133	-0.000163076	-0.000900975	0.000580707
0.557828	-0.314133	0.181134	-0.00063532	-0.00154939	0.000421964
0.557828	-0.314132	0.181134	-0.000674407	-0.000879894	-4.1423e-05
0.557831	-0.314127	0.181132	0.000483262	0.000776202	-0.000333567
0.557829	-0.314135	0.181135	0.000585006	-0.00211349	0.00143341
0.557828	-0.314136	0.181135	0.000577686	-0.00151254	0.0016315
0.557827	-0.314135	0.181129	7.36878e-05	-0.000853178	-0.000612184
0.557825	-0.314137	0.181131	-0.000550413	-0.000906686	0.000108691
0.557822	-0.314134	0.181127	-0.00125523	-0.000738536	-0.000947672
0.557823	-0.314137	0.181128	-0.000701847	-0.00131588	-0.000492147
0.557822	-0.314134	0.18112	-0.000894314	-0.000107978	-0.00247416
0.557821	-0.314138	0.181122	-0.000879863	-0.00123627	-0.00128196
0.557818	-0.314136	0.18112	-0.00141902	-0.000487685	-0.00138248
0.557818	-0.314136	0.181118	-0.00089439	-0.000369655	-0.00171921
0.557822	-0.314134	0.181123	0.00048365	0.000416067	0.00038669
0.557818	-0.314138	0.181114	-0.000562991	-0.000934245	-0.00216342
0.557818	-0.31414	0.18112	1.7137e-06	-0.000810043	0.000289719
0.557819	-0.314137	0.181118	4.22374e-06	9.5768e-05	-0.000158969
0.557819	-0.314133	0.181111	0.000455895	0.00165932	-0.00182112
0.557819	-0.314137	0.181117	0.000393098	-8.47028e-05	0.000388822
0.557814	-0.314138	0.181108	-0.00118074	-1.69275e-05	-0.00287567
0.557816	-0.314138	0.181111	-0.00107421	0.000249947	-0.0017595
0.557815	-0.314132	0.181102	-0.00127639	0.00164713	-0.00378698
0.557815	-0.314136	0.181104	-0.00108795	3.83686e-05	-0.00216988
0.557817	-0.314133	0.181107	-8.65806e-06	0.000806147	-0.000310304
0.557817	-0.314134	0.181102	-0.00049251	0.000184105	-0.00222616
0.557816	-0.314134	0.1811	-0.000714244	0.000341142	-0.00240868
0.557817	-0.314132	0.181103	-2.46488e-05	0.000549011	-0.000474776
0.557814	-0.314132	0.181097	-0.000598481	0.00071478	-0.00190739
0.557812	-0.314132	0.181093	-0.00114085	0.000158121	-0.00225238
0.557813	-0.314136	0.181096	-0.000216927	-0.000739577	-0.000976127
0.557813	-0.31413	0.181093	-0.000139269	0.00130178	-0.00117987
0.557811	-0.314137	0.181092	-0.00171577	-0.00293565	-0.0011493
0.557816	-0.314127	0.18109	-8.2071e-05	0.00102427	-0.00178877
0.557815	-0.31413	0.181092	-0.00056789	-0.000489596	-0.000642416
0.557815	-0.314129	0.181088	-0.000474893	-0.000351918	-0.00177095
0.557814	-0.314129	0.181087	-0.000618018	-0.000144726	-0.00151581
0.557812	-0.31413	0.181086	-0.00102947	-0.000510559	-0.00137151
0.557811	-0.314131	0.181083	-0.00102174	-0.000250428	-0.0021511
0.557813	-0.314129	0.181083	0.000196321	0.000666445	-0.00106888
0.557812	-0.314126	0.181078	-0.000126806	0.00119131	-0.00225158
0.557814	-0.314127	0.181085	0.000553125	0.000445587	0.000611597
0.557814	-0.314127	0.181084	0.00036165	0.000283028	0.000408334
0.55781	-0.314129	0.181077	-0.000415372	-0.000123348	-0.0014894
0.55781	-0.314129	0.181078	-0.000444747	-0.000665056	-0.00040063
0.557815	-0.314122	0.18108	0.000767645	0.00157524	-0.000354804
0.557811	-0.314123	0.181077	-0.000247913	0.000875545	-0.000843066
0.557814	-0.31412	0.181081	0.000319423	0.0016215	0.000217791
0.557814	-0.314123	0.181076	0.000292982	0.000335344	-0.00116495
0.557813	-0.314125	0.181076	-0.000319955	-0.000771021	-0.000711199
0.557812	-0.314122	0.181074	-0.000170025	0.000122538	-0.000300887
0.557812	-0.314124	0.181077	3.69621e-05	-3.40522e-05	0.000406016
0.557813	-0.314121	0.181077	-1.20552e-06	0.000622751	-0.000109113
0.557815	-0.314118	0.181074	0.000935058	0.00192193	-0.000892026
0.557814	-0.31412	0.18108	-0.00022158	0.000373297	-0.000597156
0.557814	-0.314125	0.181081	-0.000138173	-0.00106759	0.000180298
0.557816	-0.314118	0.181076	0.000681608	0.00153085	-0.00177491
0.557816	-0.314119	0.181078	0.000396664	0.000391083	-9.07123e-05
0.557816	-0.314123	0.18108	-0.000176465	-0.000835324	-0.000369649
0.557814	-0.314121	0.181074	-0.000560343	0.000335386	-0.00161444
0.557815	-0.314118	0.181075	6.93809e-05	0.000684403	-0.000496277
0.557816	-0.314117	0.181076	0.000611794	0.000801808	-1.84212e-05
0.557815	-0.31412	0.181078	-7.923e-05	-0.000514317	0.00054691
0.557818	-0.314117	0.181081	0.000968151	0.00109365	0.000955474
0.557816	-0.314119	0.181078	-0.000328687	-4.4029e-05	-0.000291571
0.557819	-0.314118	0.181085	0.000731626	0.000133559	0.00191622
0.557818	-0.314117	0.181079	0.000135212	0.000272365	-0.000484568
0.557822	-0.314117	0.181085	0.00119486	0.000227988	0.00154111
0.557821	-0.314117	0.181087	0.000341488	0.000420098	-0.000142685
0.557821	-0.314113	0.181082	0.000221323	0.00160375	-0.00181128
0.557821	-0.314115	0.181085	0.00025392	0.000350793	-0.000381262
0.557824	-0.314111	0.181084	0.000884953	0.0011632	-0.000600548
0.557826	-0.314115	0.181091	0.00129898	-0.000193714	0.00201466
0.557824	-0.314116	0.181092	0.000358051	-0.000550375	0.00149482
0.557827	-0.314114	0.181091	0.000914976	0.000613422	0.00022142
0.557827	-0.314118	0.181098	0.00053829	-0.00151567	0.00281143
0.557829	-0.314114	0.181097	0.00102276	0.000589718	0.00118805
0.557835	-0.314112	0.181104	0.00280598	0.00133626	0.00312687
0.557833	-0.314115	0.181107	0.00110479	-0.000111278	0.00322634
0.557833	-0.314111	0.1811	-0.000854082	-0.00161625	-0.000237083
0.557834	-0.314111	0.181107	-0.00043888	-0.0020753	0.00228392
0.557835	-0.314113	0.181108	-0.000390899	-0.00229043	0.00189301
0.557835	-0.314114	0.181108	-0.00047638	-0.00226341	0.00102695
0.557839	-0.314112	0.181114	0.00084095	-0.00098031	0.00279027
0.55784	-0.314108	0.181111	0.000905475	0.000422047	0.000724314
0.55784	-0.314111	0.181114	0.000447746	-0.000508562	0.00162916
0.557842	-0.314111	0.181119	0.000869812	-0.000585871	0.00264981
0.557845	-0.314109	0.181122	0.0013168	0.00046519	0.0024215
0.557843	-0.31411	0.181121	0.000583119	-0.000164615	0.00160595
0.557845	-0.314111	0.181123	0.000647547	-0.000278038	0.00140731
0.557848	-0.314108	0.181126	0.00143457	0.000551055	0.00186675
0.55785	-0.314108	0.181129	0.00213776	0.000639782	0.00258431
0.557847	-0.314108	0.181125	0.000552978	0.000327877	0.000511619
0.557846	-0.314111	0.181128	-0.000230756	-0.000791129	0.00119097
0.557848	-0.314109	0.181125	0.00032589	-0.000142405	-0.000234188
0.55785	-0.314111	0.18113	0.00160514	-0.000880425	0.00528261
0.557851	-0.314112	0.181134	0.00142496	-0.000716105	0.00506249
0.557851	-0.314108	0.18113	0.00107293	0.000795034	0.0021101
0.557853	-0.31411	0.181134	0.000894598	-0.000222955	0.00255081
0.557851	-0.314113	0.181137	3.31719e-05	-0.00107522	0.00267787
0.557853	-0.314106	0.18113	0.000384677	0.000972814	-0.000489283
0.557856	-0.314108	0.181139	0.000749444	0.000394897	0.00209935
0.557855	-0.314106	0.181133	-0.00016609	0.000585532	-0.000678503
0.557856	-0.314106	0.181137	0.000314412	0.00020676	0.00139681
0.557854	-0.314111	0.181138	-0.000293325	-0.00147128	0.00136109
0.557855	-0.314109	0.181138	-0.000187415	-0.000345343	0.000578312
0.557858	-0.314106	0.181139	0.00113114	0.000981258	0.00047408
0.557853	-0.314109	0.181135	-0.00107528	-0.000286671	-0.00130952
0.557856	-0.314108	0.181134	-0.000110229	0.000151133	-0.00135461
0.557853	-0.314112	0.181137	-0.000959181	-0.00142748	-4.26895e-05
0.557855	-0.314111	0.181137	0.000375597	0.000366854	5.22756e-05
0.557855	-0.314113	0.181137	-8.56271e-06	-0.000141445	4.99016e-06
0.55785	-0.314119	0.181136	-0.00198965	-0.00232977	-0.000652885
0.557854	-0.314114	0.181139	0.000370553	0.000179744	0.000220481
0.557851	-0.314115	0.181137	-0.000701809	-8.58965e-05	-0.000625691
0.557851	-0.314117	0.181136	0.000300115	-0.00106392	0.000847042
0.557855	-0.314116	0.181142	0.0014266	-0.000659094	0.00257419
0.557851	-0.314119	0.181138	-0.000388428	-0.00107409	-9.31613e-05
0.557853	-0.31412	0.181138	0.000128909	-0.00156516	-0.000113051
0.557854	-0.314115	0.181139	0.000614476	0.000622297	0.000394885
0.55785	-0.314122	0.181138	-0.000869231	-0.00217517	6.07565e-05
0.557849	-0.314118	0.181133	-0.00072864	0.000542911	-0.00164219
0.55785	-0.314121	0.181136	-0.000231511	-0.00100202	0.000326629
0.557847	-0.314119	0.181128	-0.001145	-0.000241843	-0.00224725
0.557847	-0.314123	0.181133	-0.000804338	-0.00139193	4.8123e-06
0.557848	-0.314119	0.181131	-3.77366e-05	0.000101912	-0.000508186
0.557846	-0.314124	0.181131	-0.000692331	-0.000857252	-0.00088922
0.557844	-0.314127	0.181132	-0.00124594	-0.00151776	-0.000382917
0.557845	-0.314124	0.181127	-0.0006418	0.000188667	-0.00205141
0.557844	-0.31413	0.181134	-0.000863014	-0.00226261	0.000821074
0.557845	-0.314126	0.18113	-0.000257965	-0.000324309	-0.000645086
0.557843	-0.314124	0.181128	-0.000513966	0.000554878	-0.00118764
0.557842	-0.314128	0.181127	-0.000910883	-0.00129054	-0.000414964
0.557839	-0.31413	0.18112	-0.00146764	-0.00106595	-0.00319231
0.55784	-0.314132	0.181123	-0.000523812	-0.000926158	-0.00114977
0.55784	-0.31413	0.181122	-0.000291343	-7.94163e-06	-0.000584241
0.557837	-0.31413	0.181117	-0.00116337	-0.000184319	-0.00252972
0.557842	-0.31413	0.181124	0.000696818	-0.000189866	0.000610351
0.557842	-0.314125	0.181122	0.000362709	0.00114338	-0.000398242
0.557838	-0.314126	0.181115	-0.000843914	0.000746204	-0.00211747
0.557837	-0.314131	0.181116	-0.000795185	-0.000664856	-0.00100567
0.557837	-0.314128	0.181113	-0.000510399	0.000172899	-0.0018751
0.557835	-0.31413	0.181114	-0.00124869	-0.00071506	-0.000766985
0.557836	-0.314129	0.18111	-0.000394523	-0.000130323	-0.00163164
0.557835	-0.31413	0.181112	-0.000397741	5.26008e-05	-0.000818242
0.557835	-0.314131	0.181113	-0.000186925	-5.27435e-05	5.8235e-06
0.557833	-0.314128	0.181105	-0.000797352	0.000954993	-0.00249425
0.557833	-0.31413	0.181108	-0.000409519	-7.37929e-05	-0.000712772
0.557833	-0.314126	0.181103	-0.000217316	0.00123504	-0.00195912
0.557831	-0.314129	0.181102	-0.00105245	-1.41275e-05	-0.00167874
0.557833	-0.314128	0.181106	-3.35666e-05	0.000256821	-0.000263112
0.557833	-0.314128	0.181103	5.50785e-05	0.000164084	-0.000923418
0.557832	-0.314129	0.181105	-4.83838e-06	0.000160071	0.000171114
0.557831	-0.314125	0.181102	-0.000563436	0.00105702	-0.000937682
0.557832	-0.314126	0.1811	-6.59478e-05	0.00049738	-0.00107329
0.557833	-0.314122	0.181101	0.000377572	0.00143178	-0.000478317
0.557832	-0.314123	0.1811	-0.000320112	0.000612013	-0.000660769
0.557832	-0.314122	0.1811	5.97647e-05	0.000902286	-0.000459464
0.557833	-0.314124	0.181102	0.000302191	-0.000193755	0.000383804
0.557833	-0.314126	0.181101	0.000253603	-0.000828964	-0.000208092
0.557836	-0.314118	0.1811	0.00109077	0.00223462	-0.000329674
0.557837	-0.314118	0.181101	0.001035	0.00130687	0.000147491
0.557834	-0.314121	0.181098	0.00156281	0.00337508	-0.000917516
0.557836	-0.314118	0.1811	0.00186553	0.0034493	-6.6814e-05
0.557836	-0.314118	0.181102	0.00114912	0.00195348	0.000508452
0.557835	-0.314117	0.181098	0.000717373	0.0021877	-0.00062099
0.557836	-0.314116	0.181101	-0.00072922	-0.00139226	0.000867742
0.557837	-0.314116	0.181101	-0.00044241	-0.0012239	0.000388335
0.557834	-0.314123	0.181102	-0.0015017	-0.00297463	0.000300041
0.557838	-0.314117	0.181101	0.000239278	-0.0001627	-6.4632e-05
0.557839	-0.314113	0.181101	0.000672008	0.00087783	0.000753053
0.55784	-0.314118	0.181107	0.000556589	-0.000870771	0.00181781
0.55784	-0.314114	0.181102	0.000510513	0.000565215	-0.000551758
0.557842	-0.31411	0.181104	0.000816141	0.00140926	0.000376776
0.55784	-0.314112	0.181102	0.00152539	0.00336327	-0.00019288
0.557842	-0.31411	0.181104	0.00202354	0.0033651	0.00020199
0.557844	-0.314108	0.181108	0.00198074	0.00280272	0.00129548
0.557842	-0.314109	0.181103	0.000574829	0.00179176	-0.00066944
0.557845	-0.314108	0.181108	0.00161173	0.00206643	0.00112213
0.557843	-0.314107	0.181103	0.000514562	0.00170392	-0.000845749
0.557848	-0.314104	0.181109	0.0018732	0.00180801	0.00139092
0.557846	-0.314108	0.181111	0.000744956	0.00018044	0.0014634
0.557851	-0.314103	0.181111	0.00182669	0.00137181	0.00108986
0.55785	-0.314101	0.181109	0.000695011	0.00123517	5.5898e-05
0.557851	-0.314102	0.181112	0.00119918	0.000482906	0.00134998
0.557849	-0.314102	0.181106	-0.000117001	0.000227516	-0.00122337
0.557851	-0.314098	0.181109	0.000645926	0.00162703	-6.97945e-05
0.557851	-0.314104	0.181115	0.00041328	-0.000846349	0.00187395
0.557855	-0.314099	0.181114	0.000435371	0.000866984	0.000771826
0.557852	-0.3141	0.181113	-0.00049531	0.000301004	0.000367545
0.557853	-0.314095	0.181111	-2.28704e-05	0.00190337	-0.000808452
0.557855	-0.3141	0.181117	0.000439034	-0.000229112	0.0011239
0.557854	-0.314099	0.181115	-0.000322288	0.000174356	1.75358e-05
0.557855	-0.314096	0.181113	0.000136534	0.00114875	-0.000651041
0.557857	-0.314097	0.18112	0.000781141	0.00042487	0.00171722
0.557858	-0.314093	0.181112	0.000736291	0.00145335	-0.00149119
0.557858	-0.314097	0.181121	0.000527517	-0.000314681	0.00193359
0.557861	-0.314093	0.181122	0.00151919	0.00113602	0.00167041
0.557862	-0.314088	0.18112	0.000903785	0.0020252	0.000303702
0.557864	-0.314091	0.181125	0.00108893	-0.000177558	0.00191932
0.557861	-0.314092	0.181119	-0.000109355	0.000333552	-0.000612681
0.55786	-0.314094	0.181124	-0.000603032	-0.000798657	0.000995508
0.557859	-0.314094	0.181122	0.000486039	0.00120133	7.88817e-05
0.557862	-0.314089	0.181124	0.0013616	0.00237529	0.000603616
0.557864	-0.314096	0.181131	0.000223592	-0.000366118	0.00183459
0.557863	-0.314093	0.181123	-0.00010971	0.000601841	-0.00122345
0.557865	-0.31409	0.181125	0.000575862	0.00144363	-0.000303549
0.557864	-0.314093	0.181127	-8.01206e-06	-9.9362e-05	0.000424952
0.557866	-0.314088	0.181125	0.000365502	0.00101449	-0.000401486
0.55787	-0.314083	0.181129	0.00135704	0.00213081	0.000895288
0.557867	-0.314089	0.181126	-0.000221822	-0.00060974	-0.000235271
0.55787	-0.314085	0.181126	0.000575749	0.000349328	-2.05207e-05
0.557869	-0.314088	0.18113	-0.000413955	-0.0013569	0.00140247
0.55787	-0.314083	0.181126	0.000568729	0.00124549	-0.000315501
0.557868	-0.314086	0.181129	-0.000424114	-0.000618907	0.000718683
0.557868	-0.314084	0.181122	-0.000567351	0.000310893	-0.00196023
0.55787	-0.314084	0.181128	0.000317211	-0.000106595	0.000851372
0.557868	-0.314085	0.181125	-0.000486632	-0.0003474	-0.000369255
0.557869	-0.314086	0.181127	0.00093961	0.0013421	9.50048e-05
0.557869	-0.314088	0.181129	0.000593398	0.00048026	0.000702397
0.557871	-0.314083	0.181126	0.00209794	0.00366769	-0.000206051
0.557867	-0.314089	0.181125	-7.67126e-05	0.000166867	-0.000744808
0.557868	-0.314083	0.181126	0.000815859	0.00250974	-8.01872e-05
0.557866	-0.314089	0.181124	-0.000443245	-0.000261456	-0.000819066
0.557867	-0.314083	0.181121	0.000201378	0.00163754	-0.00151363
0.557866	-0.31409	0.181123	-0.000358289	-0.00116297	-0.000252049
0.557866	-0.314088	0.181123	-0.000268902	-7.89741e-05	-0.000575117
0.557868	-0.314085	0.181125	0.000285095	0.00110675	-0.000124479
0.557867	-0.314088	0.181122	0.000392257	0.000928768	-0.00086742
0.55787	-0.314086	0.181126	0.00142213	0.00149437	0.000907633
0.557869	-0.314085	0.181123	0.00086651	0.00183166	-0.00036917
0.557868	-0.314083	0.18112	0.000252185	0.00155025	-0.0011578
0.557865	-0.314091	0.181122	-0.000642067	-0.00169599	-2.43397e-05
0.557863	-0.314088	0.181113	-0.000922699	0.000461651	-0.00312219
0.557864	-0.314092	0.181117	-0.00040566	-0.000982396	-0.000746907
0.557865	-0.314091	0.181119	0.000101324	-0.000223857	6.92452e-05
0.557859	-0.314094	0.181113	-0.00163264	-0.000503054	-0.00222858
0.557864	-0.314095	0.181123	0.000365916	-0.00104939	0.00200133
0.557861	-0.314093	0.181113	-0.000915421	-0.000138327	-0.00180942
0.557861	-0.314095	0.181117	-0.000854276	-0.00121888	4.88387e-05
0.557862	-0.314091	0.181115	-0.000160886	0.000266809	-0.000605598
0.557858	-0.314098	0.181111	-0.00123998	-0.00175728	-0.00170212
0.557859	-0.3141	0.181118	-0.00057627	-0.00190945	0.00122238
0.557858	-0.314097	0.181114	-0.000597015	-0.000562353	-0.000207861
0.557857	-0.3141	0.181114	-0.00052677	-0.000955215	-0.000375793
0.557853	-0.314104	0.181111	-0.0016024	-0.00195194	-0.00116189
0.557854	-0.314103	0.18111	-0.000857144	-0.000727598	-0.00128176
0.557853	-0.314104	0.181107	-0.00106784	-0.000854943	-0.00199824
0.557852	-0.31411	0.181113	-0.000963385	-0.00242569	0.000716687
0.557851	-0.314107	0.181108	-0.00167692	-0.000419715	-0.00493633
0.557852	-0.314106	0.18111	-0.000777262	0.000166016	-0.0030441
0.557853	-0.314106	0.18111	-0.00060086	0.000135041	-0.00230102
0.557847	-0.314111	0.181106	-0.00203004	-0.0010261	-0.0030221
0.557846	-0.314111	0.181106	-0.00167458	-0.00118689	-0.00215459
0.557851	-0.314106	0.181106	0.00019753	0.000477258	-0.00142535
0.557847	-0.314114	0.181109	-0.00106932	-0.00163923	-0.000171814
0.557846	-0.314116	0.181107	-0.000971912	-0.00163458	-0.000998359
0.557844	-0.31412	0.18111	-0.000984332	-0.00220016	0.000488596
0.557845	-0.314116	0.181107	-0.00250168	-0.00374811	-0.000681298
0.557843	-0.314118	0.181105	-0.00201329	-0.00275484	-0.00111357
0.557842	-0.31412	0.181106	-0.0019871	-0.00304397	-0.000699362
0.557845	-0.314119	0.181109	-0.000725518	-0.00195776	0.000443052
0.557847	-0.314119	0.181113	-1.18733e-05	-0.00164639	0.00178322
0.557841	-0.314122	0.181107	-0.00194524	-0.00222782	-0.000436331
0.557843	-0.314121	0.181105	-0.000529818	-0.00130793	-0.000993138
0.557843	-0.314123	0.181107	-0.000305958	-0.0010142	-0.000114538
0.557841	-0.314126	0.181109	-0.00100291	-0.00212373	0.000851431
0.557841	-0.314125	0.181108	-8.75912e-06	-0.000570417	0.000288937
0.557842	-0.314127	0.181113	-0.000227122	-0.000970737	0.00155739
0.557841	-0.314124	0.181107	-0.000363206	9.45242e-05	-0.00127606
0.557837	-0.314131	0.181108	-0.00124647	-0.00129187	-0.000591158
0.557842	-0.314127	0.181114	0.00067283	0.000255269	0.00167639
0.557837	-0.314132	0.181107	-0.00100584	-0.00160702	-0.000548399
0.557841	-0.314128	0.181111	0.000656791	8.3882e-05	0.00106767
0.557843	-0.314127	0.181112	0.00118582	0.00097114	0.000518751
0.557839	-0.314133	0.181115	-0.000278655	-0.00136044	0.00171505
0.557839	-0.314131	0.181115	-0.000159997	-0.000234991	0.000807594
0.557839	-0.314132	0.181111	-0.000109729	-0.000267522	-0.000302133
0.55784	-0.314132	0.181113	8.64884e-07	-0.000107937	-0.000160687
0.557839	-0.31413	0.18111	7.17906e-05	0.000436667	-0.00071019
0.557841	-0.314131	0.181115	0.000474396	0.000101051	0.00129888
0.557841	-0.314132	0.181117	0.000179929	-0.000514373	0.00148289
0.557842	-0.314129	0.181113	0.000604597	0.000707164	-0.000450042
0.557844	-0.314128	0.181121	0.000701584	0.000987937	0.00191915
0.557846	-0.314127	0.181118	0.0011762	0.000959653	1.51066e-05
0.557846	-0.314127	0.181121	0.00105123	0.000490174	0.00120433
0.557849	-0.314121	0.18112	0.00179886	0.00235801	0.000736741
0.557848	-0.314125	0.18112	0.000668005	0.000561843	0.000536058
0.557847	-0.314122	0.181116	0.000277575	0.00110159	-0.000621999
0.557848	-0.314124	0.181122	0.0001478	9.80208e-05	0.00077032
0.557852	-0.314122	0.181126	0.00116836	0.000884068	0.00151818
0.557853	-0.314119	0.181126	0.00132376	0.00157188	0.000975703
0.557851	-0.31412	0.181121	0.000566881	0.000641719	-0.000713019
0.557854	-0.31412	0.181126	0.000962296	0.000680158	0.00122602
0.557854	-0.314116	0.181127	0.000890015	0.00163982	0.00128773
0.557855	-0.314116	0.181122	0.00100421	0.000919967	-0.000415219
0.557854	-0.314114	0.181124	0.000484131	0.000728478	0.000807933
0.557859	-0.314112	0.181128	0.00158561	0.00177785	0.00145483
0.557857	-0.314113	0.181128	0.000241192	0.000347208	0.0006707
0.557861	-0.314111	0.181131	0.00159588	0.00143425	0.00113097
0.557858	-0.314112	0.181125	0.000272017	0.000736939	-0.000747667
0.557864	-0.314104	0.181129	0.0016581	0.00223297	0.000373168
0.557866	-0.314102	0.181129	0.00176658	0.00243627	0.000800094
0.557866	-0.314098	0.181129	0.00118246	0.00293681	-0.000146409
0.557869	-0.314098	0.181131	0.00120503	0.00174548	0.000819416
0.557868	-0.314099	0.181129	0.000311677	0.000799176	-0.000596109
0.557871	-0.314096	0.181133	-0.000915551	0.00239767	-0.00156543
0.557868	-0.314101	0.181133	-0.00169775	0.000208696	-0.00130245
0.557874	-0.314093	0.181132	3.8171e-05	0.000901215	-0.00091425
0.557874	-0.31409	0.181133	0.000165489	0.00182558	-0.000252391
0.557875	-0.314091	0.181133	0.000272265	0.00114645	-0.000424432
0.557874	-0.314088	0.181132	-2.82056e-05	0.00153493	-0.000446329
0.557877	-0.314085	0.181132	0.000564318	0.00137901	4.35686e-05
0.557876	-0.314081	0.181126	-5.23239e-05	0.00243027	-0.00251142
0.557879	-0.314077	0.181128	0.000611743	0.00258081	-0.00114258
0.557883	-0.314077	0.181134	0.00157197	0.00181029	0.00116277
0.557877	-0.314079	0.181125	-0.000916453	0.000239966	-0.00231065
0.557881	-0.314075	0.181132	0.000710415	0.00143468	0.000782885
0.55788	-0.314081	0.181132	-0.000194251	-0.000630788	0.000321068
0.557881	-0.314074	0.18113	0.00133841	0.000700366	0.000966747
0.557877	-0.314077	0.181128	-0.00040873	-0.000752365	0.000104832
0.557878	-0.314074	0.181123	3.5718e-06	0.00066492	-0.00163052
0.557882	-0.314074	0.181131	0.00131304	-0.000197783	0.00182633
0.557879	-0.314074	0.181128	0.000717599	0.0015535	0.000177637
0.557877	-0.314076	0.181127	4.4683e-05	0.00082609	-0.000168299
0.557874	-0.314079	0.181126	-0.000781586	-0.000210974	-0.000453538
0.557874	-0.314074	0.18112	-0.000742941	0.00138476	-0.00221421
0.557872	-0.31408	0.181123	-0.00097048	-0.00137236	-0.000698448
0.557869	-0.31408	0.181117	-0.00053637	0.00123204	-0.00242812
0.557867	-0.31408	0.181115	-0.00118676	0.00080464	-0.00236994
0.557867	-0.314083	0.181118	-0.000802368	-0.00053895	-0.000559654
0.557865	-0.314084	0.181113	-0.000154785	0.00121754	-0.00215972
0.557864	-0.314087	0.181117	-0.000180816	-0.00018982	0.000339973
0.557865	-0.314084	0.181114	0.000119919	0.00121851	-0.000718672
0.557862	-0.314086	0.181111	0.000370299	7.6191e-05	-0.000816555
0.557862	-0.314084	0.181108	0.000233987	0.000850738	-0.00144795
0.55786	-0.314086	0.181109	-0.000478717	-0.000295707	-0.000659692
0.557859	-0.314086	0.181106	-0.000527417	-4.47292e-05	-0.00157174
0.55786	-0.314087	0.181108	-8.21622e-05	-0.000672155	-7.21026e-05
0.557856	-0.314089	0.181102	-0.00101346	-0.000678161	-0.00212411
0.557857	-0.314088	0.181104	-0.000516394	-0.000493493	-0.000806173
0.557857	-0.314089	0.181103	-0.000164347	-0.000330574	-0.00079001
0.557855	-0.314089	0.181099	-0.000548753	-8.21694e-05	-0.00148598
0.557854	-0.314092	0.1811	-0.000871757	-0.000988352	-0.000946828
0.557852	-0.314093	0.181092	-0.00125682	-0.00100421	-0.00328257
0.557851	-0.314093	0.181092	-0.000987752	-0.000656966	-0.00191696
0.55785	-0.314096	0.181093	-0.00119994	-0.00136895	-0.00126358
0.557851	-0.314095	0.181093	-0.000177925	-0.00055161	-0.000453944
0.557849	-0.314099	0.181094	-0.000969893	-0.00188881	-0.000283609
0.557848	-0.314097	0.181091	-0.000967515	-0.000456559	-0.000929252
0.557851	-0.314098	0.181091	0.000330528	-0.000790165	-0.000334098
0.557849	-0.314098	0.181094	-0.000355929	-0.000251831	0.000423794
0.557845	-0.314097	0.181083	-0.00115719	0.000268431	-0.00303827
0.55785	-0.314097	0.18109	0.000627035	0.000146352	0.000211469
0.557847	-0.314095	0.181081	-0.000128348	0.000991605	-0.00257667
0.557848	-0.314094	0.181084	-0.000237211	0.000798421	-0.000647804
0.557847	-0.314094	0.181083	-0.000302595	0.000571437	-0.00104387
0.557844	-0.314099	0.18108	-0.0012106	-0.000984821	-0.00280837
0.557849	-0.31409	0.181079	0.000745054	0.0023299	-0.00216301
0.557849	-0.314094	0.181083	0.000387251	0.000388543	-0.000571271
0.557848	-0.314097	0.181083	-5.30742e-05	-0.000248808	-0.000473962
0.55785	-0.314091	0.181084	0.000605593	0.00140794	-0.000169678
0.55785	-0.314091	0.18108	7.87489e-05	0.000528352	-0.00150796
0.557852	-0.31409	0.181083	0.00078229	0.000512083	0.000382804
0.557853	-0.314084	0.181078	0.00111674	0.00201742	-0.00092814
0.557852	-0.314085	0.18108	0.000487398	0.000961027	0.000187385
0.557851	-0.314088	0.181081	6.84748e-05	0.000650607	0.00029933
0.557854	-0.314084	0.181081	0.000752344	0.00136534	-8.95853e-05
0.557857	-0.314081	0.181084	0.00137801	0.00173977	0.00117357
0.557859	-0.31408	0.181082	0.00180515	0.00132875	0.000627932
0.55786	-0.314074	0.181078	0.001382	0.00280418	-0.000877746
0.55786	-0.314078	0.181084	0.00128596	0.000348356	0.00188769
0.55786	-0.314072	0.181079	0.000909125	0.00220942	-0.000628045
0.557863	-0.31407	0.18108	0.00145132	0.00231329	-9.87546e-05
0.557865	-0.314069	0.181084	0.0014199	0.00193588	0.00104545
0.557866	-0.314067	0.181082	0.00149367	0.00238475	0.000176803
0.557874	-0.314061	0.181089	0.00325448	0.00300742	0.00232991
0.55787	-0.314058	0.181077	0.000983627	0.00315246	-0.00194289
0.557874	-0.314056	0.181085	0.00162669	0.00228715	0.000843142
0.557877	-0.314057	0.181091	0.00224698	0.00102234	0.0028202
0.557877	-0.314049	0.181081	0.00152851	0.00320448	-0.00122321
0.557881	-0.314046	0.181084	0.00231238	0.00343395	0.000122691
0.557883	-0.314045	0.181087	0.00152133	0.00167033	0.00128703
0.557888	-0.314035	0.181089	0.0027533	0.00406328	0.00132567
0.557889	-0.314035	0.181088	0.00212129	0.00258927	0.000770493
0.557889	-0.314032	0.181085	0.00118882	0.00245848	-0.000513995
0.557889	-0.31403	0.181086	0.00167026	0.00397962	6.1749e-05
0.557897	-0.314023	0.181092	0.00337274	0.00429088	0.00170198
0.557894	-0.314026	0.181086	0.00118271	0.00158411	-4.47245e-05
0.557898	-0.314021	0.18109	0.00206593	0.0024308	0.000858823
0.5579	-0.314018	0.181091	0.00280516	0.00382848	0.00116959
0.557903	-0.314013	0.181092	0.00284027	0.00360364	0.00111996
0.557904	-0.314009	0.181092	0.00119275	0.00296032	0.000251897
0.557905	-0.314011	0.181092	0.000850099	0.000871395	0.000363805
0.557906	-0.314007	0.181093	0.000623624	0.00119833	0.000406644
0.557904	-0.314009	0.18109	0.000254485	0.000722052	-0.000244799
0.557911	-0.314001	0.181095	0.00185823	0.00226743	0.00166833
0.557913	-0.313997	0.181093	0.00163897	0.00233585	-0.000262671
0.557915	-0.313996	0.1811	0.000950984	0.000553093	0.00243005
0.557915	-0.313993	0.181095	0.00113873	0.0025312	5.36581e-05
0.557918	-0.313993	0.181102	0.00221553	0.00226029	0.00200778
0.557916	-0.313991	0.181094	0.000261965	0.00122332	-0.00140089
0.557921	-0.313981	0.181093	0.00123608	0.00260383	-0.000904658
0.55792	-0.313985	0.181098	0.000813324	0.0016231	0.000821966
0.557926	-0.31398	0.181102	0.00369932	0.0048008	0.00235521
0.557924	-0.31398	0.181097	0.00252236	0.00415631	-0.000196663
0.557929	-0.313974	0.181104	0.00370428	0.00595053	0.00177902
0.557927	-0.313977	0.1811	0.00175084	0.00245667	-0.000354699
0.557931	-0.313975	0.181108	0.00316441	0.00338959	0.00243429
0.557931	-0.313969	0.181103	0.0018781	0.00418235	-5.20887e-05
0.557933	-0.313969	0.181103	0.0015854	0.00235929	6.72061e-05
0.557933	-0.31397	0.181107	-0.000839058	-0.00259892	0.00143154
0.557933	-0.313968	0.181103	-0.00107162	-0.00163992	2.4538e-05
0.557937	-0.313966	0.181109	0.000589756	-0.000568068	0.00180322
0.557935	-0.31397	0.181108	-0.000701683	-0.00245951	0.00129694
0.557934	-0.313966	0.181105	-0.00065741	-0.00027203	-0.000470704
0.557937	-0.313965	0.18111	0.00038787	2.50495e-05	0.00123828
0.557937	-0.313961	0.181107	0.000397196	0.00119683	-0.000140294
0.557937	-0.313961	0.181106	-4.01928e-05	0.000942822	-0.000454894
0.557938	-0.313963	0.18111	0.000376217	-0.000276769	0.00102858
0.557936	-0.313962	0.181107	-0.000130716	0.000698394	-0.000617042
0.557942	-0.313962	0.181114	0.00158488	0.000188724	0.00219403
0.55794	-0.31396	0.18111	0.000381922	0.000511765	0.00019317
0.557941	-0.313959	0.18111	0.000798642	0.00132609	9.13456e-05
0.557941	-0.313962	0.181115	0.000484562	-0.000409167	0.00160153
0.557942	-0.313958	0.18111	-0.000452448	0.00075404	-0.00399655
0.557941	-0.313958	0.181112	-0.000253154	0.001139	-0.00275476
0.557941	-0.313959	0.18111	-0.000419314	0.000261009	-0.0028621
0.557941	-0.313961	0.181113	-0.000386396	-0.000448985	-0.000927381
0.557944	-0.313963	0.181122	0.0004678	-0.000649652	0.00190813
0.557941	-0.313959	0.181111	-0.000630798	0.000677527	-0.00247483
0.557943	-0.31396	0.181114	3.90533e-05	0.000267449	-0.000726893
0.557942	-0.31396	0.181115	-0.000177761	0.000246774	-0.000327932
0.557941	-0.313961	0.181113	-0.00050058	-0.000274163	-0.000809949
0.557942	-0.313965	0.181122	-9.07102e-05	-0.00156749	0.00216227
0.55794	-0.313964	0.181113	-0.000469323	-0.000282887	-0.0015681
0.557942	-0.313966	0.181123	0.000341753	-0.0011411	0.00228159
0.55794	-0.313969	0.181122	-0.000852232	-0.00206033	0.00120737
0.557937	-0.313974	0.181118	-0.00147947	-0.00281776	-0.000607161
0.557934	-0.313981	0.181121	-0.00184962	-0.00405136	0.000819716
0.557933	-0.313978	0.181116	-0.00175569	-0.00170445	-0.00133042
0.557933	-0.313982	0.18112	-0.00103038	-0.00253711	0.000423693
0.557932	-0.313985	0.181123	-0.000746865	-0.00236666	0.00144917
0.557928	-0.313991	0.181122	-0.001737	-0.00352253	0.000428844
0.557926	-0.314	0.181127	-0.00201047	-0.00514955	0.00188985
0.55792	-0.314007	0.181124	-0.00314647	-0.00572949	0.000343653
0.557918	-0.314011	0.181125	-0.00259616	-0.00488491	0.000788133
0.557916	-0.314014	0.181126	-0.00219462	-0.00368488	0.00075703
0.557912	-0.314026	0.181128	-0.00259844	-0.00632948	0.00109601
0.55791	-0.314029	0.181132	-0.00240362	-0.00678037	0.00575573
0.557908	-0.314033	0.181128	-0.000993509	-0.0063687	0.0043129
0.557903	-0.314043	0.181127	-0.00207198	-0.00753255	0.0030547
0.557903	-0.314047	0.181133	-0.00218838	-0.00756385	0.00409959
0.5579	-0.31405	0.181129	-0.00234212	-0.00616655	0.00173725
0.557897	-0.314058	0.181133	-0.00221173	-0.00597206	0.0024925
0.557894	-0.314063	0.181132	-0.00214121	-0.00505278	0.00124259
0.557888	-0.314074	0.181133	-0.00312509	-0.0064728	0.000947869
0.557888	-0.31408	0.181139	-0.00200144	-0.00576986	0.00283571
0.557884	-0.314082	0.181132	-0.00286389	-0.00540506	-0.000459531
0.557884	-0.314088	0.181136	-0.001859	-0.00520004	0.00104521
0.55788	-0.314096	0.181137	-0.00394442	-0.00794149	0.00103947
0.557875	-0.314101	0.181136	-0.00491373	-0.00808897	8.35216e-05
0.557876	-0.314109	0.181144	-0.00265651	-0.00757065	0.00270584
0.557867	-0.314114	0.181133	-0.00386232	-0.00784486	-0.000404007
0.557867	-0.31412	0.181137	-0.00250864	-0.0063974	0.000851421
0.557864	-0.314128	0.181141	-0.00310778	-0.00743274	0.00180762
0.557859	-0.314135	0.181138	-0.00399388	-0.00797715	0.000129223
0.557859	-0.314138	0.181143	-0.00217926	-0.00545258	0.00192089
0.557854	-0.314144	0.181136	-0.00338267	-0.00534706	-0.00140898
0.557849	-0.314151	0.181138	-0.004256	-0.00661706	-0.00071891
0.557849	-0.31416	0.181141	-0.00275248	-0.00634266	0.000623896
0.557847	-0.314156	0.181135	-0.00386312	-0.00536225	-0.00176082
0.557842	-0.314167	0.181142	-0.00344998	-0.00633601	0.00129272
0.557839	-0.314171	0.181137	-0.00281227	-0.00392146	-0.00157999
0.557838	-0.314173	0.181137	-0.00264391	-0.003538	-0.000838185
0.557837	-0.314182	0.181143	-0.00243489	-0.00600521	0.00117408
0.557832	-0.314189	0.18114	-0.00285769	-0.00520069	-0.000151215
0.557829	-0.314188	0.181136	-0.00318229	-0.00356362	-0.00126789
0.557827	-0.314194	0.181138	-0.00199766	-0.00573829	0.000610792
0.557825	-0.314199	0.181141	-0.00228305	-0.00617424	0.00164876
0.557822	-0.314203	0.181141	-0.00243234	-0.00487128	0.00109499
0.557819	-0.314206	0.181134	-0.00200312	-0.00287947	-0.00160303
0.55782	-0.314208	0.181137	-0.000447237	-0.00202805	0.000283541
0.557815	-0.314214	0.181137	-0.00227714	-0.00419093	-0.00016327
0.557816	-0.314213	0.181137	-0.00206898	-0.00367518	-0.000562509
0.557814	-0.314221	0.181142	-0.00176219	-0.00470937	0.00178963
0.557814	-0.314219	0.181136	-0.00109861	-0.0022142	-0.000564662
0.557808	-0.314224	0.181134	-0.00218274	-0.00228031	-0.000837343
0.55781	-0.314223	0.181135	-0.000468001	-0.000902527	-0.0004156
0.55781	-0.314225	0.181136	-0.000135542	-0.0008737	4.24638e-05
0.557808	-0.314226	0.181138	0.000482425	-0.00101218	0.00166374
0.557811	-0.314224	0.181138	0.00146923	-7.07598e-06	0.00137056
0.557809	-0.314228	0.181139	-0.000364361	-0.00281859	0.00166297
0.55781	-0.314225	0.181138	-0.00018602	-0.00085215	0.000172079
0.55781	-0.314224	0.181137	-1.48583e-05	-0.000161872	-0.000450039
0.55781	-0.314224	0.181133	0.000133244	-0.000313382	-0.000496006
0.557809	-0.314227	0.181137	-0.000211744	-0.00143143	0.00092826
0.557812	-0.314222	0.181136	0.000583721	0.000549565	3.14518e-05
0.557815	-0.314219	0.181138	0.00126694	0.00169097	0.000550454
0.557812	-0.314224	0.181134	-0.000343262	-0.000799323	-0.000993425
0.557814	-0.314216	0.181132	0.00054283	0.00221257	-0.00143059
0.557818	-0.314215	0.181136	0.00144663	0.0015729	0.000427529
0.557817	-0.314212	0.181133	0.000733522	0.0017725	-0.000742444
0.557819	-0.314207	0.181134	0.00125382	0.00335294	-8.43342e-05
0.557819	-0.314207	0.181128	0.000911045	0.00225123	-0.00220101
0.557821	-0.314207	0.181135	0.00137104	0.00176737	0.000880119
0.55782	-0.314208	0.181133	0.000502483	0.000766199	9.15036e-06
0.557824	-0.314199	0.181132	0.00112838	0.00263602	-0.000429502
0.557827	-0.314195	0.181134	0.00176421	0.00322399	0.000311784
0.55783	-0.314189	0.181133	0.00211623	0.00423284	-0.000472417
0.557831	-0.314188	0.181133	0.00198982	0.00315794	6.53633e-05
0.557833	-0.314185	0.181133	0.00184616	0.00304652	7.11042e-06
0.557833	-0.314181	0.18113	0.00107795	0.00273529	-0.000967271
0.557834	-0.31418	0.18113	0.000815992	0.00192106	-0.00058267
0.557835	-0.314172	0.181124	0.00101814	0.00415514	-0.00239721
0.557837	-0.314173	0.181129	0.00152953	0.00234476	0.000309405
0.557841	-0.314166	0.18113	0.00176547	0.00317944	0.000470317
0.557845	-0.314156	0.181125	0.00217048	0.0048226	-0.00154598
0.557846	-0.314159	0.181131	0.0015792	0.00189085	0.00114712
0.557846	-0.314155	0.181126	0.00100428	0.00255141	-0.000852076
0.557854	-0.314148	0.181132	0.00315858	0.00374061	0.00111427
0.557852	-0.314144	0.181129	0.00198003	0.00467366	-0.000118214
0.557857	-0.314137	0.181127	0.00258651	0.00463195	-0.00056951
0.557856	-0.314136	0.181126	0.00150401	0.00336776	-0.000720782
0.557861	-0.314131	0.181127	0.00215714	0.00363534	-0.000159138
0.557864	-0.314129	0.181129	0.0030596	0.00457086	0.000262593
0.557864	-0.314122	0.181127	0.00197911	0.00468998	-0.000295345
0.557867	-0.31412	0.181125	0.00195586	0.00358787	-0.000731139
0.557872	-0.314112	0.181129	0.00251521	0.00387194	0.000713327
0.557872	-0.31411	0.181125	0.00149998	0.00279183	-0.000688766
0.557878	-0.314105	0.181132	0.00256799	0.00311267	0.00166252
0.557878	-0.314103	0.181128	0.00214919	0.00347628	-0.000101146
0.55788	-0.314101	0.181131	0.00264354	0.00418114	0.000525826
0.557886	-0.314092	0.181133	0.00356182	0.00548963	0.00147163
0.557885	-0.314091	0.18113	0.00194787	0.00347374	-0.000204625
0.557887	-0.314088	0.181129	0.00155034	0.00241483	-0.000375123
0.55789	-0.314085	0.181134	0.00178158	0.00203435	0.00153453
0.557892	-0.314082	0.18113	0.00217625	0.00323106	-0.000369121
0.557895	-0.314075	0.181131	0.00196535	0.00351023	-2.00288e-05
0.557898	-0.314074	0.181134	0.00154939	0.00174907	0.000947111
0.557901	-0.314069	0.181132	0.00264041	0.00392703	-0.00022873
0.5579	-0.314072	0.181137	0.00118071	0.00138356	0.00132133
0.557905	-0.314064	0.181134	0.00273251	0.00428708	1.9265e-05
0.557907	-0.314061	0.181138	0.00219847	0.00301316	0.00117261
0.557908	-0.314059	0.181134	0.00104037	0.00183049	-0.000406263
0.557908	-0.314057	0.181132	0.000408837	0.000991556	-0.000846369
0.557908	-0.314052	0.181131	0.0010374	0.00269638	-4.81457e-05
0.557913	-0.31405	0.181137	0.00250287	0.00342211	0.00125685
0.557912	-0.314048	0.181133	0.00102225	0.00237476	-0.00068827
0.557917	-0.314046	0.181139	0.00178695	0.00200603	0.00168101
0.557916	-0.314042	0.181133	0.000809676	0.00227918	-0.00108272
0.557918	-0.31404	0.181138	0.00104226	0.00154669	0.00107352
0.557919	-0.314037	0.181137	0.00143477	0.00302454	0.000356286
0.557922	-0.314033	0.181137	0.00182339	0.00310991	1.48549e-05
0.557922	-0.314035	0.181139	0.00154682	0.00242603	0.000593451
0.557921	-0.314032	0.181132	0.000566314	0.00222212	-0.00169447
0.557924	-0.314032	0.181139	0.001033	0.00127792	0.00091895
0.557925	-0.314028	0.181137	0.00121114	0.00207469	1.12338e-06
0.557924	-0.314029	0.181135	0.000532725	0.00105865	-0.000522235
0.557923	-0.31403	0.181134	-0.000219002	0.000429311	-0.000736586
0.557929	-0.314025	0.181136	0.00154805	0.00148569	6.1324e-06
0.557928	-0.314023	0.181138	0.000444886	0.00136758	0.000131755
0.557925	-0.314025	0.181136	0.000368626	0.00182516	-0.00030464
0.55793	-0.314025	0.18114	0.00187541	0.00137816	0.00125598
0.55793	-0.314022	0.181137	0.00114192	0.00170028	-0.000132379
0.557925	-0.314026	0.181132	-0.000977114	-0.000380397	-0.00134052
0.557926	-0.314022	0.181132	-0.000325825	0.00100879	-0.00125524
0.557927	-0.314025	0.181138	0.00039384	0.000290418	0.00124177
0.557926	-0.314025	0.181135	-0.000212447	-8.31816e-05	-0.000342311
0.557926	-0.314025	0.181135	-0.000125124	-2.77177e-05	-0.000227523
0.557926	-0.314026	0.181132	-2.47057e-05	-2.26686e-05	-0.000977321
0.557925	-0.314026	0.181134	-0.000624364	-0.000313484	-0.000167846
0.557927	-0.314024	0.181135	0.000488328	0.000668988	0.000255312
0.557925	-0.314024	0.18113	-0.000544624	0.000215557	-0.00140393
0.557925	-0.314026	0.181134	-0.000524797	-0.000432385	-0.000341902
0.557924	-0.314029	0.181133	-0.000620566	-0.000779946	-0.000208311
0.557924	-0.314027	0.181133	-0.000393074	-0.000492461	-0.000119934
0.557923	-0.314027	0.181131	-0.000526274	-0.000174885	-0.000414075
0.557925	-0.314028	0.181135	0.000323778	-0.000499322	0.000992579
0.557922	-0.31403	0.181134	-0.000657073	-0.00116693	0.00031494
0.557922	-0.314032	0.181133	-0.000528114	-0.00138781	2.04623e-06
0.557923	-0.314032	0.181134	2.39395e-05	-0.00110046	0.000419909
0.557921	-0.314035	0.181136	-0.00077741	-0.00160162	0.000491054
0.557921	-0.314035	0.181135	-0.000503602	-0.00109197	0.000335182
0.557917	-0.314039	0.181132	-0.00134423	-0.00155232	-0.000729877
0.557917	-0.314042	0.181137	-0.000697737	-0.00182613	0.00101027
0.557916	-0.314043	0.181133	-0.000980214	-0.00161151	-0.000489221
0.557917	-0.314041	0.181132	-0.000470009	-0.000470673	-0.000900461
0.557915	-0.314045	0.181135	-0.000941186	-0.00131882	0.000224531
0.557914	-0.314046	0.181134	-0.00100936	-0.00129096	-0.000404881
0.557915	-0.314044	0.181134	-0.000272567	-0.000425297	0.000303592
0.557913	-0.314047	0.181131	-0.000956395	-0.00120014	-0.000932781
0.557914	-0.314046	0.18113	-0.000235679	-0.000369168	-0.000904773
0.557911	-0.31405	0.181133	-0.00301863	-0.00522454	0.000223939
0.55791	-0.31405	0.181127	-0.00253158	-0.00360794	-0.00158705
0.557913	-0.314053	0.181136	-0.000860488	-0.00373271	0.00175462
0.557909	-0.314052	0.181127	-0.00148237	-0.00160837	-0.00188544
0.557908	-0.314053	0.181131	-0.001235	-0.00172577	0.000146813
0.557906	-0.314057	0.181131	-0.00163388	-0.00267482	0.000178892
0.557905	-0.314055	0.181124	-0.0010908	-0.000691491	-0.00222639
0.557905	-0.31406	0.181132	-0.000868206	-0.00237016	0.00115427
0.557902	-0.314061	0.181126	-0.00202113	-0.00152748	-0.00148214
0.557906	-0.314061	0.181131	0.000797209	-0.00148735	0.00462226
0.557901	-0.314064	0.181127	-0.000717018	-0.00171479	0.00209322
0.5579	-0.314066	0.181125	-0.000616088	-0.00171112	0.000919632
0.557899	-0.314067	0.181126	-0.000790903	-0.00165754	0.00151383
0.557902	-0.314063	0.181127	0.000680046	0.000245322	0.00151374
0.5579	-0.314065	0.181124	-0.000342486	-0.000717251	-1.79813e-06
0.557899	-0.314065	0.181125	-8.61972e-05	8.49623e-05	0.000315198
0.557898	-0.314068	0.181124	-0.000165795	-0.000557732	3.53363e-05
0.557897	-0.314069	0.181126	-0.000415305	-0.00081365	0.000870672
0.557899	-0.314071	0.18113	0.000149951	-0.000810308	0.00155621
0.557898	-0.314065	0.181121	-0.000157773	0.000854452	-0.00165592
0.557899	-0.314071	0.18113	0.000127388	-0.00083107	0.00160572
0.557895	-0.314073	0.181122	-0.000996135	-0.00127929	-0.00122227
0.557897	-0.314068	0.181124	-0.000125591	0.000804573	-0.000346022
0.557897	-0.314068	0.181123	-0.000238531	0.000595772	-0.000839251
0.5579	-0.314065	0.181122	0.00119945	0.0016897	-0.000421831
0.557901	-0.314066	0.181126	0.00104104	0.00101965	0.000906313
0.557894	-0.314069	0.181121	-0.00115405	-0.000331495	-0.00102632
0.557897	-0.31407	0.181124	-0.000171634	-0.000524878	3.99819e-05
0.557901	-0.314064	0.181126	0.0012089	0.00147983	0.00110142
0.557898	-0.314065	0.181121	-0.000384554	0.000892974	-0.00116379
0.557898	-0.314065	0.181122	0.000104923	0.000443661	-0.000364101
0.557899	-0.314065	0.181123	0.000115741	0.000368496	-0.000224904
0.557897	-0.314068	0.181123	-0.000128342	-0.000926801	0.000282485
0.557899	-0.314063	0.181125	0.000652554	0.00095701	0.000883305
0.557898	-0.314061	0.181118	-0.000141341	0.00147277	-0.00212469
0.5579	-0.31406	0.181122	0.000289288	0.00144248	6.81794e-06
0.557901	-0.314061	0.181123	0.000635487	0.000724939	0.000108635
0.557905	-0.314056	0.181122	0.0014831	0.00186333	-0.000126746
0.557905	-0.314057	0.181124	0.00141449	0.00103095	0.000869046
0.557905	-0.314052	0.18112	0.00100236	0.00189251	-0.000463099
0.557905	-0.31405	0.181122	0.000273914	0.00213915	-0.000237168
0.557903	-0.314053	0.181119	-0.000246046	0.00037996	-0.000889641
0.557907	-0.314052	0.181125	0.00133079	0.000858183	0.00136572
0.557902	-0.314051	0.181116	-0.000662929	0.000611697	-0.00145117
0.557911	-0.314042	0.18112	0.00189705	0.00316561	-0.000260486
0.55791	-0.314045	0.181123	0.00100407	0.000995766	0.0010775
0.557911	-0.314044	0.181123	0.000771544	0.000526143	0.000422008
0.557908	-0.314047	0.181121	-0.000149637	7.51756e-05	-0.000628563
0.557913	-0.314041	0.181125	0.0015808	0.00179793	0.00109046
0.557914	-0.31404	0.181121	0.000940547	0.0012352	-0.00071867
0.557915	-0.31404	0.181128	0.00109177	0.00058488	0.00181001
0.557916	-0.314034	0.181125	0.00101478	0.00221875	0.000490571
0.557915	-0.314036	0.181122	0.000195943	0.00110189	-0.000754437
0.557916	-0.314038	0.181126	0.00059014	0.000446841	0.000914821
0.557914	-0.314035	0.18112	9.89187e-05	0.00116572	-0.00140114
0.557914	-0.314038	0.181123	1.08507e-06	-0.000536627	0.000587322
0.557917	-0.314034	0.181126	0.000649944	0.000599447	0.000882757
0.557917	-0.314029	0.18112	0.000114641	0.0017607	-0.00129639
0.557917	-0.314034	0.181122	0.000755699	0.000272558	0.000259168
0.557917	-0.314028	0.181121	0.000271449	0.00153719	-0.000333616
0.557917	-0.314031	0.181119	-4.00545e-05	-0.00011221	-0.000694717
0.55792	-0.314029	0.181125	0.000640244	0.000856316	0.000929915
0.557918	-0.314031	0.181124	5.93516e-05	-0.000465899	0.000456911
0.557917	-0.314029	0.181119	-0.000250259	0.000481911	-0.00126586
0.55792	-0.314029	0.181125	0.000642631	0.000471253	0.000689784
0.557918	-0.314031	0.181123	-1.11011e-05	-0.000607428	0.000566113
0.557919	-0.31403	0.181127	0.000127097	0.000101805	0.00105531
0.557916	-0.31403	0.18112	-0.000882707	-9.28363e-05	-0.0013826
0.557921	-0.314029	0.181127	0.000667669	-2.5017e-05	0.00151964
0.557922	-0.314025	0.181126	0.00278066	0.00443874	0.000295112
0.557919	-0.314033	0.181126	0.00101795	0.00109894	8.03726e-06
0.557919	-0.314034	0.181128	0.000875687	0.000886014	0.000505234
0.557917	-0.314032	0.181121	-8.60115e-05	0.00119194	-0.0014487
0.557918	-0.314031	0.181124	-6.08444e-05	0.00097146	-0.000208887
0.557917	-0.31403	0.181124	1.09504e-06	0.000688775	-0.000156769
0.557919	-0.31403	0.181123	0.000749434	0.00070345	4.3962e-05
0.557916	-0.314035	0.181126	-0.000305526	-0.000860945	0.000868354
0.557913	-0.314038	0.181121	-0.00145776	-0.00122845	-0.00153002
0.557914	-0.314039	0.181126	-0.000401416	-0.00104721	0.000488294
0.557913	-0.314041	0.181127	-0.000682516	-0.00177274	0.000940955
0.557912	-0.314039	0.181121	-0.000678382	-0.000410013	-0.00170929
0.55791	-0.314039	0.18112	-0.00117747	-0.000533219	-0.00124616
0.557913	-0.314044	0.18113	0.00030597	-0.00154112	0.00256114
0.557912	-0.31404	0.181123	-0.000183691	-0.000190707	-0.000393879
0.557909	-0.314048	0.181127	-0.000961948	-0.00224569	0.000945815
0.557907	-0.314049	0.181123	-0.00104605	-0.00200434	-0.000771892
0.557905	-0.31405	0.18112	-0.0018023	-0.00137183	-0.00152862
0.557904	-0.314053	0.181122	-0.00140309	-0.00214205	-9.51507e-05
0.557902	-0.314051	0.18112	-0.0015567	-0.000474161	-0.00116572
0.557905	-0.314055	0.181124	-7.92931e-05	-0.00203382	0.00104609
0.557898	-0.314059	0.181119	-0.00217304	-0.00216732	-0.00129853
0.557897	-0.314062	0.18112	-0.00385512	-0.00574655	-0.000724528
0.5579	-0.314063	0.181124	-0.00200632	-0.0045206	0.000828412
0.557894	-0.314065	0.181117	-0.0028219	-0.00310967	-0.00164503
0.557894	-0.314068	0.181122	-0.00177736	-0.00367053	0.000760631
0.557897	-0.314067	0.181121	-0.000296696	-0.00175607	5.94157e-05
0.557893	-0.314072	0.18112	-0.00179994	-0.00365424	0.000348863
0.557888	-0.314076	0.18112	-0.0025886	-0.00314417	-0.000254264
0.557891	-0.314072	0.181115	-0.000890068	-0.000741903	-0.00191768
0.557887	-0.314078	0.181121	-0.00166572	-0.00248714	0.0010029
0.557885	-0.314079	0.181117	-0.00165307	-0.00143691	-0.000814342
0.557883	-0.314084	0.181114	-0.0016542	-0.00268602	-0.0010117
0.557882	-0.314084	0.18112	-0.00123079	-0.00172429	0.000911065
0.557879	-0.314088	0.181115	-0.0029997	-0.00430069	-0.00106205
0.557881	-0.314085	0.181114	-0.000961735	-0.00164371	-0.000389573
0.557882	-0.31409	0.18112	-0.000519491	-0.00259492	0.00109905
0.557878	-0.314092	0.181118	-0.00153089	-0.00247948	2.89004e-05
0.557877	-0.314097	0.181118	-0.00207575	-0.00463957	0.000228872
0.557875	-0.314099	0.181118	-0.00206216	-0.00363114	-0.000182258
0.557874	-0.3141	0.181118	-0.00165321	-0.00246542	8.95989e-05
0.557874	-0.314097	0.181114	-0.00198072	-0.0022839	-0.000884879
0.55787	-0.3141	0.181111	-0.00229276	-0.00263127	-0.00177972
0.557874	-0.314102	0.18112	-0.000211819	-0.00265594	0.00227645
0.55787	-0.314104	0.181112	-0.00161825	-0.0018407	-0.00157992
0.557871	-0.314107	0.18112	-0.000587974	-0.00218009	0.00167926
0.557869	-0.314108	0.181116	-0.000930495	-0.00190217	-2.19227e-05
0.557869	-0.314107	0.181115	-0.00136585	-0.0019514	-0.000386093
0.557866	-0.314113	0.181116	-0.00194125	-0.00366037	6.45064e-05
0.557866	-0.314116	0.181117	-0.0017139	-0.00365702	-0.000125194
0.557865	-0.314117	0.181118	-0.00149898	-0.00234246	0.000424279
0.557866	-0.314114	0.181119	1.32938e-05	-0.000303852	0.000535675
0.557864	-0.314119	0.181116	-0.000220741	-0.000791149	-0.000421073
0.557862	-0.314119	0.181114	-0.000763028	-0.000940689	-0.000640796
0.557862	-0.314117	0.181113	-0.000868478	0.000119913	-0.00118825
0.557866	-0.314117	0.18112	0.000118243	-0.00124779	0.00145251
0.557865	-0.314117	0.181117	-0.000138025	-0.000924864	0.000372846
0.557862	-0.314121	0.181115	-0.00123932	-0.00215248	-0.000890705
0.557859	-0.314123	0.181115	-0.00261489	-0.00354171	-0.000703982
0.557861	-0.314121	0.181116	-0.00117402	-0.00162793	0.000104981
0.557861	-0.314119	0.181114	-0.0019748	-0.00224264	-0.000865147
0.557863	-0.314122	0.181121	-0.000525809	-0.00229352	0.0018852
0.557858	-0.314125	0.181115	-0.00170293	-0.00235802	-0.00085287
0.557862	-0.314122	0.181118	7.55764e-05	-0.000431691	0.000374366
0.557862	-0.31412	0.181116	0.000132098	0.00014989	-0.000361141
0.557865	-0.314118	0.181118	0.00100164	0.000764192	0.000693714
0.557865	-0.314117	0.181121	0.000306687	0.000651472	0.000945402
0.557863	-0.314117	0.181112	-0.00034639	0.000612602	-0.00176167
0.557865	-0.314119	0.18112	0.000445213	5.73508e-05	0.000985117
0.557863	-0.314119	0.18112	0.000109499	0.000100863	0.000889126
0.557865	-0.314118	0.181118	0.000347156	0.000512443	-0.000277792
0.557865	-0.314115	0.181116	0.000476803	0.00141937	-0.000556119
0.557866	-0.314115	0.181116	0.00080352	0.00135879	-0.00057855
0.557866	-0.314115	0.18112	0.000909486	0.0007076	0.00139473
0.557867	-0.314114	0.18112	0.000619331	0.000539423	0.0009231
0.557866	-0.314115	0.181117	-0.000105062	-3.93997e-05	-0.000547314
0.557869	-0.314112	0.181122	0.00128065	0.00118128	0.00114016
0.557866	-0.314114	0.181119	-5.63359e-05	0.000541158	2.09037e-05
0.557867	-0.314112	0.181117	0.000566014	0.000705026	-0.000479068
0.557869	-0.314109	0.181119	0.000383862	0.00115647	0.000197406
0.557866	-0.314115	0.181116	-0.000365597	-0.000799536	-0.000914857
0.557871	-0.314112	0.181123	0.00129093	0.000603702	0.00153812
0.55787	-0.314108	0.181121	0.000482234	0.00184964	-0.000119566
0.557872	-0.314106	0.181121	0.000638206	0.0011043	0.00030011
0.557874	-0.314107	0.181124	0.000849197	0.000506639	0.0010989
0.55787	-0.314107	0.181116	-0.000372425	0.000175695	-0.00132974
0.557871	-0.314107	0.18112	0.000266865	0.00051118	0.000276224
0.557875	-0.314101	0.181121	0.00107593	0.00183837	0.000198262
0.557873	-0.314105	0.181123	0.000471967	1.55389e-05	0.000967147
0.557875	-0.3141	0.181121	0.000871295	0.0016885	0.000265742
0.557876	-0.314101	0.181119	0.000952286	0.000915776	-0.000220479
0.557877	-0.314099	0.181123	0.00059551	0.000670466	0.000637477
0.557877	-0.314099	0.181124	0.000272178	0.000558584	0.000700101
0.557878	-0.3141	0.181123	0.000455207	0.000121483	-2.01395e-05
0.557878	-0.314101	0.181126	0.000578764	2.88582e-06	0.00115325
0.557875	-0.314102	0.181125	-0.000185952	-0.000340649	0.000426919
0.557877	-0.314103	0.181124	8.38004e-05	-0.000989975	0.000437566
0.557879	-0.314099	0.181125	0.00083332	0.000854916	0.000201787
0.557876	-0.314098	0.181118	-0.000619721	0.000557334	-0.00223814
0.557879	-0.314094	0.181122	0.000463922	0.0012534	0.000172962
0.557878	-0.314095	0.181119	0.000428315	0.00139314	-0.000966851
0.557879	-0.314095	0.181124	0.000259798	0.000906893	0.0006369
0.557877	-0.314096	0.181119	-0.000678698	-0.000209055	-0.00120658
0.557877	-0.314093	0.181116	-0.000622743	0.000545585	-0.0017964
0.557878	-0.314093	0.181116	-0.000192646	0.000429775	-0.00144345
0.557882	-0.314093	0.181123	0.00126887	0.000237609	0.00207976
0.557878	-0.31409	0.181114	-0.000361019	0.00136899	-0.00210945
0.557879	-0.314095	0.181122	0.000270405	-0.000542749	0.00120188
0.557878	-0.314094	0.181117	-0.000388464	-0.00010433	-0.000766176
0.557879	-0.314092	0.18112	0.000288529	0.000336671	0.000672482
0.55788	-0.314092	0.181124	0.000529707	4.41943e-05	0.00214514
0.557881	-0.314091	0.181119	0.000430785	0.000610499	-0.000540537
0.557878	-0.314095	0.181122	-0.000659736	-0.00108665	0.000397794
0.557876	-0.314098	0.18112	-0.00111798	-0.00167928	-0.000250038
0.55788	-0.314094	0.181122	0.000424005	0.000234518	0.000182828
0.55788	-0.314094	0.181123	0.000383014	0.000128877	0.00064706
0.55788	-0.31409	0.181119	0.000295594	0.0013438	-0.00106792
0.557879	-0.314094	0.18112	-0.000221923	-0.000151476	-8.16815e-05
0.557878	-0.314095	0.18112	-0.000307252	-0.000651124	0.00049836
0.557875	-0.314096	0.181117	-0.00130984	-0.00118225	-0.00113529
0.557878	-0.314095	0.18112	0.000128022	-1.14376e-05	0.000182294
0.557875	-0.314097	0.181114	-0.000889062	-0.000837393	-0.00166158
0.557877	-0.314093	0.181117	-0.000371834	0.000635453	-0.000662613
0.557877	-0.314094	0.181117	0.00129103	0.00185209	0.000253217
0.557877	-0.314096	0.18112	0.000847014	0.000847682	0.000825911
0.557877	-0.314095	0.18112	0.000994935	0.00109135	0.00104582
0.557874	-0.314097	0.181111	-0.000757013	0.000270764	-0.00253106
0.557876	-0.3141	0.18112	0.000226172	-0.000788193	0.00081812
0.557873	-0.314101	0.181118	-0.00057827	-0.000708342	0.000431053
0.557874	-0.314097	0.181115	8.42762e-05	0.000607358	-0.00117642
0.557874	-0.314101	0.18112	-0.000101051	-0.000795979	0.0010229
0.557873	-0.3141	0.181111	-0.000403683	-0.000323934	-0.00193193
0.557871	-0.314101	0.181114	-0.000608632	-6.76119e-05	-0.000835135
0.557872	-0.314101	0.181114	-0.00010101	-0.000185991	-0.000195895
0.557871	-0.314104	0.181115	-0.000497005	-0.00114203	0.000492762
0.557872	-0.314104	0.181117	-0.000256528	-0.00088785	0.000864892
0.557871	-0.314104	0.181112	-0.000666521	-0.000289969	-0.00178227
0.557871	-0.314107	0.181121	-0.000469768	-0.00142489	0.00204519
0.557867	-0.314109	0.181117	-0.0014489	-0.00163396	-0.000158848
0.557868	-0.314111	0.181116	-0.000538859	-0.00139814	4.72178e-06
0.557868	-0.314108	0.181113	-0.000460071	-0.000203452	-0.000923408
0.557867	-0.314109	0.181113	-0.000413215	-0.00067074	-0.000856884
0.557866	-0.314109	0.181112	-0.00023048	8.91318e-05	-0.000379712
0.557869	-0.314107	0.181118	-0.00169565	-0.00300258	0.00120134
0.557866	-0.314112	0.181114	-0.00173164	-0.00325819	-0.000819974
0.557864	-0.314116	0.181115	-0.00213414	-0.00388008	0.000342963
0.557869	-0.314107	0.181116	4.37122e-05	0.000208744	0.000625336
0.557868	-0.314113	0.18112	-0.000680514	-0.0021149	0.00142518
0.557866	-0.314114	0.181115	-0.000602464	-0.000903026	-0.000832466
0.557866	-0.314112	0.181118	-0.000632247	-0.000463264	0.000496315
0.557863	-0.314115	0.181114	-0.00126009	-0.00123177	-0.000837454
0.557864	-0.314117	0.181117	-0.000470554	-0.00165065	0.000232916
0.557866	-0.314116	0.181119	0.00031402	-0.000194688	0.000683857
0.557861	-0.314119	0.18111	-0.00144643	-0.00189948	-0.00188319
0.557864	-0.314117	0.181117	-0.000263337	-0.000301153	0.000194193
0.557862	-0.314118	0.181113	-0.000421476	-0.000173224	-0.000558546
0.557861	-0.31412	0.181114	-0.000787688	-0.00108397	-0.000326652
0.557865	-0.314116	0.18112	0.000697255	0.00058932	0.00156129
0.557866	-0.314113	0.181115	0.000911759	0.00133878	-0.000409211
0.557863	-0.314117	0.181116	-0.000437529	-0.000472047	-5.57408e-05
0.557861	-0.314118	0.181112	-0.000959226	-0.000601687	-0.000944755
0.557864	-0.314119	0.181117	0.000385538	-0.000275511	0.000689958
0.557863	-0.314121	0.181121	0.000206248	-0.000805447	0.00164233
0.557864	-0.314116	0.181114	0.000323068	0.000663896	-0.000704499
0.557861	-0.31412	0.181115	-0.00159512	-0.00209606	4.63202e-05
0.557864	-0.314121	0.181122	-0.000252026	-0.00204591	0.00243997
0.557862	-0.314121	0.181117	-0.001175	-0.00162916	-0.000473596
0.557863	-0.314119	0.181118	-0.000148811	-0.000246081	0.000277516
0.557863	-0.314121	0.181121	-0.000324847	-0.000770803	0.00071034
0.557866	-0.314121	0.181124	0.000354178	-0.000866344	0.0011961
0.557861	-0.314121	0.181118	-0.000993461	-0.000568981	-0.000768588
0.557864	-0.314119	0.181119	0.000573685	0.0008095	-0.000445607
0.557862	-0.31412	0.181118	-0.000433491	-0.000289293	-0.000615197
0.557862	-0.314121	0.181117	-0.000165582	-0.000327159	-0.000646538
0.557864	-0.314123	0.181124	0.00024287	-0.0010544	0.00164247
0.557865	-0.314118	0.181123	0.000857223	0.000889797	0.0013146
0.557862	-0.314121	0.181117	-0.000124354	0.000244983	-0.000869175
0.557861	-0.31412	0.181118	-0.000522849	0.000401825	-0.000681977
0.557863	-0.31412	0.181122	0.000508129	0.000507527	0.00105796
0.557862	-0.314123	0.181117	0.00114182	0.00230885	-0.00138181
0.557863	-0.314121	0.181123	0.00165535	0.00271414	0.000982965
0.557863	-0.314123	0.181123	0.00114678	0.00143277	0.000457622
0.557863	-0.314122	0.181119	0.00117085	0.00154073	-0.00046646
0.557862	-0.314121	0.181123	0.000586328	0.00127149	0.00065861
0.557864	-0.314122	0.181122	0.00103619	0.00124282	-1.46704e-05
0.557866	-0.314118	0.181126	0.00114777	0.00137782	0.00139845
0.557863	-0.314124	0.18112	-0.000541959	-0.000940078	-0.000989317
0.557866	-0.314116	0.181123	0.000831668	0.00205417	0.000280152
0.557866	-0.314123	0.181127	0.000656291	-0.000568279	0.00133069
0.557864	-0.31412	0.181119	-0.000284434	0.000649293	-0.00160706
0.557865	-0.314119	0.181123	0.000346056	0.000796805	4.47173e-05
0.557866	-0.314117	0.181125	0.000656565	0.00100436	0.000621124
0.557865	-0.31412	0.181124	-0.000122886	-0.000336888	0.000433499
0.557867	-0.314119	0.181123	0.000428217	0.000181542	8.86264e-05
0.557863	-0.31412	0.18112	-0.000771478	2.13817e-05	-0.00123682
0.557867	-0.314118	0.181124	0.000472736	0.000155914	0.00041121
0.557868	-0.314116	0.181124	0.000914067	0.00111739	0.000281829
0.557866	-0.314115	0.181124	-7.82265e-05	0.00100475	0.000274638
0.557865	-0.314119	0.181123	-0.000226622	-0.000449849	-0.000244912
0.557865	-0.314115	0.181117	-0.000216277	0.000369088	-0.00187743
0.557865	-0.314118	0.181122	-0.000129591	-0.000445734	0.00041743
0.557866	-0.314119	0.181125	0.000371729	-0.00051192	0.00125913
0.557866	-0.314114	0.181118	-0.000132789	0.00117889	-0.00160275
0.557866	-0.314118	0.181123	0.000132647	-0.000672956	0.000754436
0.55787	-0.314113	0.181126	0.00164981	0.00131685	0.00144632
0.557866	-0.314117	0.181122	-0.000220936	-0.000312575	-0.000463354
0.557867	-0.314118	0.181123	-0.000174816	-0.000200987	-0.000334174
0.557869	-0.314113	0.181122	0.000693233	0.00131974	-0.000258005
0.557868	-0.314114	0.181122	0.000347812	0.000399587	0.00039862
0.557868	-0.314113	0.181118	-2.41965e-05	0.000313628	-0.000855393
0.557867	-0.314115	0.181122	-0.000427842	-0.000272712	0.000145506
0.557869	-0.314114	0.181126	0.000366568	0.000281593	0.0013511
0.557867	-0.314116	0.18112	-0.000487663	-0.0002176	-0.000861332
0.557867	-0.314114	0.181123	-9.42939e-05	0.00039669	0.000194365
0.557867	-0.314113	0.18112	0.000236831	0.000730047	-0.000683237
0.557868	-0.314113	0.181121	-8.25522e-05	-8.9293e-06	-0.000409782
0.557866	-0.314117	0.181124	-0.000397183	-0.001157	0.0008533
0.55787	-0.31411	0.181118	0.000962434	0.00186499	-0.00142265
0.557868	-0.314113	0.181121	-0.000274697	-0.000234536	-0.000111643
0.557866	-0.314115	0.18112	-0.000431986	-0.00070328	-4.20508e-05
0.557867	-0.314112	0.181119	1.47217e-05	0.00074174	-0.000369943
0.557866	-0.314119	0.181123	-0.000445162	-0.00193594	0.00100903
0.557865	-0.314115	0.181115	-0.000520765	0.000218282	-0.00203612
0.557866	-0.314114	0.181116	2.36235e-05	0.00052201	-0.000779743
0.557869	-0.314113	0.181122	0.000891438	0.000587968	0.00105429
0.557867	-0.314114	0.181117	3.22827e-05	-2.17042e-05	-0.00050328
0.557866	-0.314112	0.181121	-0.000363035	0.000221109	0.000914503
0.55787	-0.314114	0.181122	0.000883905	-0.000433364	0.00069427
0.557868	-0.314113	0.18112	-0.000233421	-0.000556872	0.000282342
0.557867	-0.314113	0.181119	-0.00211659	-0.00306245	-0.0005835
0.557866	-0.314112	0.181114	-0.00211345	-0.00272224	-0.00156389
0.55787	-0.314111	0.181123	-0.000176334	-0.000735729	0.00125882
0.557865	-0.314116	0.181114	-0.00177351	-0.00238939	-0.00140702
0.557872	-0.314109	0.181121	0.000965041	0.000349018	0.000915819
0.55787	-0.314113	0.181123	-0.000105641	-0.00144463	0.00124851
0.557869	-0.314114	0.18112	-0.000296646	-0.00096858	0.000191829
0.557867	-0.314116	0.181122	-0.000530855	-0.0011112	0.000913997
0.557864	-0.314116	0.181116	-0.00142298	-0.000850458	-0.00116941
0.557867	-0.314118	0.181119	8.53965e-05	-0.00116357	5.2736e-05
0.557868	-0.314111	0.181115	-0.000220566	0.00121748	-0.001886
0.55787	-0.314113	0.181121	0.000685708	0.000396082	0.00064653
0.557867	-0.314116	0.181121	-0.000240509	-0.000690262	0.000713484
0.557868	-0.314112	0.181119	-4.36107e-05	0.000732471	-0.000515309
0.557867	-0.314114	0.181122	-9.83411e-05	-0.000131388	0.000776825
0.557871	-0.314114	0.181122	0.000683349	-0.00042885	0.00054995
0.557868	-0.314116	0.181122	-4.24515e-05	-0.000715704	0.000572371
0.557868	-0.314118	0.181122	1.33721e-05	-0.00104801	0.00075397
0.557866	-0.314118	0.181119	-0.000836529	-0.000948091	-0.00104306
0.557866	-0.314117	0.181118	-0.000546352	6.28685e-05	-0.00103803
0.557865	-0.314115	0.181116	-0.000516644	0.000749384	-0.00166505
0.55787	-0.314116	0.181126	0.00127241	0.00022528	0.00224945
0.557867	-0.314116	0.181123	-0.000276986	0.000176969	0.00045466
0.557867	-0.314118	0.181123	-6.89926e-05	-0.00070972	0.000444835
0.557864	-0.314122	0.181122	-0.00110572	-0.00176251	1.89185e-05
0.557868	-0.314115	0.181122	0.000605204	0.00129499	-6.9112e-05
0.55787	-0.314114	0.181125	0.00110808	0.0011763	0.000847926
0.557865	-0.314117	0.181121	-0.00106005	-0.000855675	-0.000646555
0.557869	-0.314113	0.181121	0.000865337	0.00115962	-0.000337767
0.55787	-0.314112	0.181122	0.000678569	0.00135998	-1.25455e-05
0.557864	-0.314117	0.181116	-0.00118279	-0.000768142	-0.00150075
0.557866	-0.314116	0.181117	-0.000244061	-0.000219023	-0.000656695
0.557868	-0.314116	0.181124	0.000548183	-0.000405697	0.00166056
0.557868	-0.314115	0.181119	-0.000280157	-6.78309e-05	-0.000449284
0.557869	-0.314116	0.181124	0.000458819	-0.000247891	0.0012568
0.557866	-0.314117	0.18112	-0.000506114	-0.000389391	-0.000631214
0.557867	-0.314116	0.181122	-0.000201081	0.000196508	0.000282723
0.557866	-0.314118	0.181124	-0.000602494	-0.00150358	0.000616947
0.55787	-0.314114	0.181122	0.000713789	0.000958323	-0.000421008
0.557869	-0.314116	0.181124	0.000503701	7.74973e-05	0.000889521
0.557865	-0.314119	0.181122	-0.000966288	-0.00127211	-0.000308776
0.557871	-0.314114	0.181122	0.00120263	0.00138289	-0.000133138
0.557872	-0.314116	0.181129	0.00112983	0.000258121	0.00231068
0.557866	-0.314117	0.181118	-0.00136709	-0.00077095	-0.00211199
0.557869	-0.314116	0.181125	0.000336083	0.000185692	0.000674095
0.557868	-0.314118	0.181123	-0.000162087	-0.000311148	-6.6369e-05
0.557869	-0.314114	0.181122	0.000410938	0.000731724	-8.02639e-05
0.557871	-0.314114	0.181127	0.00103488	0.000689862	0.00136988
0.557868	-0.314118	0.181124	-0.000608352	-0.000704713	-0.000493071
0.557871	-0.314115	0.181125	0.000281761	-0.000233987	0.000572802
0.557872	-0.314114	0.181126	0.000496548	0.000279713	0.000881849
0.557871	-0.31411	0.181122	0.000474893	0.0020602	-0.000741897
0.557871	-0.314114	0.181125	0.000220153	-0.00047803	0.000877937
0.557868	-0.314114	0.181123	-0.000861203	0.00017412	-0.00108276
0.55787	-0.314119	0.181129	0.000320735	-0.00155663	0.0019182
0.55787	-0.314114	0.181126	-8.21651e-05	0.000380776	0.000228864
0.557871	-0.314114	0.181125	0.000227105	7.43018e-05	-0.000361924
0.557867	-0.314117	0.181123	-0.000949054	-0.000604846	-0.000920686
0.55787	-0.314115	0.181124	0.000460642	0.000374302	-0.000399916
0.557869	-0.314115	0.181123	-0.000344048	-0.000110636	-0.000678813
0.557868	-0.314116	0.181127	-0.00016141	-0.000102761	0.000907013
0.557867	-0.314118	0.181123	-0.000386151	-0.000533082	-0.000686186
0.557868	-0.314115	0.181124	0.000141327	0.000619632	0.000222295
0.557871	-0.314111	0.181124	0.000292012	0.000991786	-0.000418298
0.557872	-0.314108	0.181122	0.000583762	0.00173184	-0.00088228
0.557867	-0.314117	0.181125	-0.00103371	-0.00130561	0.000237917
0.557867	-0.314118	0.181123	-0.000629223	-0.000897685	-0.000609179
0.557869	-0.314115	0.181121	0.000367002	0.000340162	-0.000610265
0.557869	-0.314113	0.181123	0.000489064	0.000597135	0.000870991
0.557868	-0.314115	0.181122	-0.000347472	-0.00053142	2.61196e-05
0.55787	-0.314115	0.181124	0.000307296	6.8494e-05	-0.000105907
0.557867	-0.314115	0.181121	-0.000668123	-9.77617e-05	-0.000798259
0.557869	-0.314117	0.181126	0.000345595	-0.000563199	0.00130048
0.557867	-0.31412	0.181125	-0.000338092	-0.00133019	0.000855693
0.557867	-0.314114	0.181118	-0.000327721	0.00107641	-0.001862
0.55787	-0.314114	0.181126	0.000957451	0.000732979	0.00113065
0.557865	-0.314119	0.181118	-0.000939064	-0.00122221	-0.00150425
0.557868	-0.314116	0.181122	-1.56455e-05	0.000223334	-0.000122527
0.557867	-0.31412	0.181125	-0.000117873	-0.00116021	0.00135731
0.557869	-0.314111	0.18112	0.000775311	0.00198574	-0.000618387
0.557868	-0.314115	0.181121	-4.69922e-05	0.000315076	-0.000394102
0.557867	-0.314117	0.181123	-0.000799207	-0.00072972	-8.9678e-05
0.557866	-0.314115	0.181122	-0.000380815	0.000119305	0.00019935
0.55787	-0.314113	0.181127	0.00105361	0.000752399	0.00144709
0.557869	-0.314112	0.18112	0.000283958	0.000657022	-0.000800609
0.557871	-0.314114	0.181124	0.000819296	0.000133175	0.000214751
0.55787	-0.31411	0.181121	5.63346e-05	0.0010089	-0.000406309
0.557867	-0.314114	0.181117	-0.000985637	-0.000673547	-0.00133664
0.557868	-0.314116	0.181123	-3.67218e-05	-0.000851132	0.00117233
0.557869	-0.31411	0.181119	-0.000186856	0.000779633	-0.00136922
0.55787	-0.314112	0.181123	0.000433399	0.000276256	0.00059338
0.557866	-0.314113	0.181119	-0.000668755	9.56443e-05	-0.000842207
0.557868	-0.314115	0.181123	0.000219557	-0.000368679	0.000677123
0.557866	-0.314113	0.181118	-0.000519813	0.000183402	-0.000786378
0.557868	-0.314113	0.181118	0.000287973	0.000365589	-0.000975301
0.557872	-0.314111	0.181125	0.00144101	0.000949915	0.0014303
0.557869	-0.314112	0.181121	-1.71775e-05	-0.000174149	7.84908e-05
0.557871	-0.31411	0.181121	0.000506566	0.000876941	-1.01629e-05
0.557869	-0.314111	0.181124	-0.000184472	0.000189655	0.00099191
0.557868	-0.314113	0.181119	-0.000598527	-0.000924468	-0.000918705
0.557872	-0.31411	0.181124	0.00110403	0.000557491	0.00143091
0.55787	-0.314114	0.181122	-3.53223e-05	-0.000520018	-0.000128325
0.557873	-0.314108	0.181123	0.000774148	0.00121637	0.000661803
0.557871	-0.31411	0.181122	7.90535e-05	0.000328851	-0.000170202
0.55787	-0.31411	0.181119	-0.000773649	1.98811e-05	-0.00159035
0.557869	-0.314113	0.181122	-0.000953219	-0.00105783	-0.00044883
0.557868	-0.314114	0.181122	-0.000222391	-0.000910273	0.000594888
0.55787	-0.31411	0.181121	0.000467454	0.000427234	0.000423345
0.55787	-0.314113	0.181123	7.14735e-05	-0.000835546	0.000661644
0.557869	-0.314111	0.18112	-0.000448818	0.000254813	-0.00085986
0.55787	-0.314111	0.181122	7.00286e-05	0.000384776	0.000240773
0.557869	-0.314115	0.181123	-0.000313972	-0.000824465	2.45696e-05
0.557871	-0.314113	0.181124	0.000478483	-0.000164377	0.0008777
0.557871	-0.31411	0.181122	0.000551375	0.00108348	0.000138464
0.557869	-0.314111	0.18112	3.8512e-06	0.000327578	-0.000408624
0.557868	-0.314113	0.181122	-0.000365248	-0.000287415	0.00047444
0.557869	-0.314111	0.181117	-0.000144924	0.000423484	-0.00163799
0.55787	-0.314112	0.181123	0.000224455	8.71223e-05	0.000583781
0.557869	-0.31411	0.181119	-0.000579388	0.000496576	-0.00136568
0.557872	-0.314114	0.181127	0.000542725	-0.000790889	0.00185957
0.557874	-0.314112	0.181129	0.00120284	-0.000336597	0.00191906
0.557872	-0.31411	0.181123	-3.08415e-05	0.000847044	-0.000926743
0.55787	-0.314113	0.181123	-0.000206184	-0.000577106	-0.000168778
0.557869	-0.314113	0.181122	-0.000744314	-0.00067776	-0.000506258
0.557867	-0.314117	0.18112	-0.00088772	-0.0015494	-0.000551875
0.557868	-0.314116	0.181123	-0.0005173	-0.000420048	0.000639254
0.55787	-0.314113	0.181123	0.000550442	0.00050107	2.78724e-06
0.557869	-0.314114	0.181123	-0.000108561	-8.45072e-05	0.000174053
0.55787	-0.314117	0.181127	0.000403941	-0.000873339	0.00144964
0.557867	-0.314114	0.181119	-0.00107078	-1.43273e-05	-0.00188125
0.557871	-0.314111	0.181125	0.000541645	0.00133817	0.000474026
0.557869	-0.314115	0.18112	-0.000389343	-0.000602378	-0.0012707
0.557871	-0.314113	0.181121	0.000500451	-0.000123849	0.000138545
0.55787	-0.314113	0.181125	-7.43299e-06	-0.000163633	0.00107972
0.557868	-0.314116	0.181123	-0.000379017	-0.000499093	0.000145458
0.557867	-0.314116	0.181123	-0.000394141	-0.000252696	0.000358081
0.557869	-0.314117	0.181127	0.00025468	-0.000549497	0.000918127
0.557868	-0.314115	0.181122	-0.00075057	-0.000431074	-0.00063822
0.557869	-0.31412	0.181125	0.000120768	-0.00124356	0.00067772
0.557867	-0.314116	0.181119	2.05973e-05	6.71307e-05	-0.00100381
0.557869	-0.314115	0.181124	0.000941676	0.000802772	0.00104924
0.557868	-0.314117	0.18112	5.28551e-05	-0.000404371	-0.000616079
0.557867	-0.314117	0.181124	0.00014571	-0.000273958	0.000986593
0.557868	-0.314118	0.181128	0.000349138	-0.000332248	0.00183997
0.557868	-0.314117	0.181122	0.000624311	0.000157346	-0.000346752
0.557869	-0.314115	0.181124	0.000549296	0.000791447	-5.65637e-05
0.557866	-0.314117	0.18112	-0.000719176	-0.00023946	-0.00149577
0.55787	-0.314115	0.181124	0.000505878	0.000665672	-6.29924e-05
0.557871	-0.314118	0.181129	0.00091643	-0.000497405	0.0018342
0.557871	-0.314114	0.181124	0.00055082	0.000903412	-0.000330234
0.557866	-0.314117	0.181121	-0.00102387	-0.000576065	-0.000896112
0.557867	-0.314114	0.181122	-0.000329134	0.000670773	-0.000439142
0.557869	-0.314117	0.181126	0.000168885	-0.00035988	0.000966073
0.55787	-0.314117	0.181128	0.000596772	-0.000456472	0.00164656
0.557867	-0.314116	0.18112	-0.000531794	0.000181777	-0.00131788
0.557872	-0.314115	0.181127	0.000968203	0.000633212	0.000909623
0.557871	-0.314116	0.181128	0.000127675	-0.000513797	0.000641982
0.557869	-0.314115	0.181124	-0.000306912	-0.00012983	-0.000499117
0.557871	-0.314113	0.181126	0.000428248	0.000821531	0.000215289
0.557871	-0.314112	0.181123	4.39115e-05	0.000659587	-0.000981904
0.557868	-0.314118	0.181122	-0.000576164	-0.00110792	-0.000824101
0.557868	-0.314114	0.18112	-0.000448555	0.00058148	-0.00131756
0.557869	-0.314113	0.181122	-0.000186287	0.000247867	-0.000274571
0.557869	-0.314115	0.181125	-0.000191576	-0.000395504	0.000910698
0.557872	-0.314109	0.181123	0.000724498	0.00114297	-0.000215705
0.557869	-0.314114	0.181125	-6.23097e-05	-0.000205597	0.000713371
0.557872	-0.314111	0.181126	0.000510352	0.00090622	0.000447248
0.557872	-0.314112	0.181125	0.000519618	-0.000154734	0.000426668
0.557873	-0.314112	0.181127	0.000854051	0.00024306	0.00143305
0.55787	-0.31411	0.181119	-0.000486639	0.000713782	-0.00205488
0.557874	-0.314109	0.181125	0.00106177	0.00108421	0.000453842
0.557874	-0.314108	0.181125	0.00040921	0.00087455	-5.8304e-05
0.557872	-0.314109	0.181122	-0.000417915	-0.000354776	-0.000557063
0.557873	-0.314108	0.181124	0.000382256	0.000699233	0.000123843
0.557875	-0.314108	0.181125	0.00043892	0.000367252	-8.96937e-05
0.557873	-0.314109	0.181123	-0.000249315	-9.56586e-05	-0.000378726
0.557876	-0.314105	0.181126	0.000930115	0.00134754	0.00085574
0.557874	-0.314106	0.181117	-1.13551e-05	0.000507636	-0.00199372
0.557877	-0.314104	0.181127	0.00103056	0.000491666	0.00217024
0.557876	-0.314102	0.181124	0.000407933	0.00109522	-0.0001187
0.557873	-0.314105	0.181119	-0.00018954	0.000379599	-0.00114244
0.557874	-0.314108	0.181125	0.000158103	-0.0005869	0.00124375
0.557875	-0.314103	0.18112	4.30267e-05	0.000920924	-0.00124087
0.557877	-0.314103	0.181125	0.000612212	0.00103858	0.000344835
0.557876	-0.314104	0.181125	-0.000158074	-0.000326142	0.000250442
0.557877	-0.314101	0.181123	-0.000130091	0.000431867	-0.000213659
0.557876	-0.314103	0.181127	0.000278934	0.000128956	0.00162871
0.557881	-0.3141	0.181127	0.00123058	0.000782903	0.000331812
0.557877	-0.314099	0.181121	-0.000552973	0.00064487	-0.00193092
0.557878	-0.314098	0.181123	8.04951e-05	0.000766654	-0.000242339
0.557878	-0.314099	0.181121	4.31575e-05	-6.77276e-05	-0.000243781
0.557879	-0.3141	0.181125	0.000217902	-0.000185649	0.000918951
0.557878	-0.314101	0.181123	9.64419e-05	-6.8083e-05	-0.000728773
0.557881	-0.314098	0.181123	0.000926781	0.000811643	-0.000143134
0.557881	-0.314097	0.181125	0.000572973	0.000546393	0.00067949
0.55788	-0.314097	0.181124	5.2993e-05	0.000527111	6.29727e-05
0.557881	-0.314095	0.181126	0.000424152	0.000808002	0.000611451
0.557879	-0.314098	0.181121	-0.000570699	-0.000281491	-0.00122195
0.557878	-0.3141	0.181124	-0.000448538	-0.000840717	0.000291989
0.557876	-0.314103	0.181126	-0.00105026	-0.00145831	0.000438193
0.557877	-0.314099	0.181119	-5.75606e-05	0.000622194	-0.00169779
0.557877	-0.314101	0.181123	-0.000227614	-0.000126771	0.000252857
0.557877	-0.3141	0.18112	-0.000220496	-5.87596e-05	-0.00119019
0.557878	-0.3141	0.181123	6.23993e-05	-0.000137866	0.000361459
0.557879	-0.3141	0.181126	0.000913777	0.000123181	0.0017622
0.557877	-0.3141	0.181117	-0.000362746	-0.000124398	-0.00178346
0.557876	-0.314101	0.181121	-0.000513358	-0.000527923	-0.000301653
0.557878	-0.314103	0.181125	5.37426e-05	-0.00056482	0.000729237
0.557879	-0.314099	0.181124	-8.0155e-06	0.000246072	8.73826e-05
0.557878	-0.314103	0.181128	0.000322903	-0.000599698	0.00161499
0.557879	-0.314099	0.181121	0.000206757	0.000834418	-0.00132546
0.557878	-0.314096	0.181118	-9.82405e-05	0.000708737	-0.00119477
0.55788	-0.3141	0.181125	0.000494759	-0.000434942	0.00112528
0.557879	-0.314098	0.181123	0.000172102	0.000480311	0.000587526
0.557876	-0.314101	0.181122	-0.000691227	-0.000678823	-0.00023551
0.557877	-0.314101	0.18112	-0.000512314	-0.0003757	-0.000682144
0.557876	-0.314103	0.181122	-0.000333606	-0.000916676	-9.46941e-05
0.557877	-0.314103	0.181124	1.77828e-05	-0.00072954	0.00106405
0.557876	-0.314104	0.181121	-0.000226759	-0.000361428	-0.00041941
0.557877	-0.314107	0.181126	-0.000160222	-0.00150622	0.00124795
0.557875	-0.314104	0.18112	-0.000499698	-0.000180609	-0.00126749
0.557874	-0.314105	0.18112	-0.000796854	-0.000548706	-0.000612607
0.557873	-0.314103	0.181122	-0.000559357	0.00038707	3.41468e-05
0.557871	-0.314108	0.18112	-0.00136117	-0.001239	-0.000511158
0.557875	-0.314104	0.18112	0.000572657	0.000346477	-0.000481783
0.557875	-0.3141	0.18112	0.00045719	0.00146074	-0.000487574
0.557875	-0.314108	0.181125	0.000187113	-0.00154315	0.00138389
0.557874	-0.314105	0.181121	-0.000450605	-5.70112e-05	-0.000136234
0.557874	-0.314109	0.181123	-2.80693e-05	-0.00150611	0.000963976
0.557873	-0.314112	0.181126	-0.00039329	-0.00199402	0.00123478
0.557873	-0.314114	0.181128	-0.000171515	-0.0014924	0.001405
0.557871	-0.31411	0.181119	-0.000389555	0.000386433	-0.00179877
0.557872	-0.314115	0.181128	-0.000529765	-0.00142011	0.00119325
0.557873	-0.314111	0.181123	0.000133588	0.000122148	-0.000588641
0.557876	-0.314112	0.181131	0.00128041	1.86461e-05	0.00201374
0.55787	-0.314113	0.181121	-0.00130285	-0.000217159	-0.00182464
0.557871	-0.314119	0.181127	-0.000547541	-0.00209953	0.000588727
0.557872	-0.314111	0.181123	-0.000112691	0.000904125	-0.00107235
0.55787	-0.314113	0.18112	-0.000762613	0.00029792	-0.00164524
0.55787	-0.314117	0.181126	-0.000333881	-0.0010775	0.00104507
0.557869	-0.314115	0.181123	-0.000355658	-6.37167e-05	-0.000189189
0.557871	-0.314114	0.181121	0.000118724	-0.000153624	-0.000598988
0.557873	-0.314114	0.181127	0.000851492	0.00010128	0.00192326
0.557869	-0.314116	0.181122	-0.000571077	-0.000625602	-0.000238554
0.55787	-0.314115	0.18112	-5.92071e-05	2.76594e-06	-0.000978749
0.557872	-0.314116	0.181128	0.000526257	-0.000807912	0.00205648
0.557869	-0.314114	0.18112	-0.000480042	0.000424809	-0.0016729
0.55787	-0.314116	0.181126	-7.28537e-05	-0.000404741	0.00121547
0.557869	-0.314114	0.18112	-0.000329243	0.000416213	-0.00154638
0.55787	-0.314118	0.181126	0.000122832	-0.000396949	0.000571433
0.557868	-0.314118	0.181121	-0.000797789	-0.000552781	-0.00120433
0.55787	-0.314117	0.181123	0.000183917	-6.81413e-05	0.000152029
0.557872	-0.314115	0.181129	0.000769322	0.000223852	0.00182988
0.557871	-0.314115	0.181123	-0.000140969	0.000549419	-0.000869475
0.557871	-0.314117	0.181124	0.000332008	5.55174e-05	-0.000469025
0.557873	-0.314116	0.18113	0.000417274	-4.78088e-05	0.00163854
0.557871	-0.314118	0.181125	-0.000295196	-0.00097005	-0.000222592
0.557871	-0.314115	0.181127	0.000339588	0.00095888	0.000782698
0.557872	-0.314115	0.181127	0.000459616	0.000544039	0.000340753
0.557871	-0.314116	0.181126	-3.61523e-05	-0.0001771	0.000181459
0.55787	-0.314116	0.181127	-0.000436777	-0.000524286	0.000399064
0.557869	-0.314114	0.181123	-0.000501272	0.00100623	-0.00111361
0.557873	-0.314117	0.181127	0.00081601	0.00016543	0.000231812
0.557872	-0.314114	0.181125	0.000650644	0.000723653	0.000327597
0.557871	-0.314118	0.181129	-0.000283043	-0.00103542	0.000820917
0.557875	-0.314114	0.181133	0.00121668	0.000464241	0.00209023
0.557875	-0.314113	0.181128	0.00103893	0.000879826	-4.96998e-06
0.557875	-0.314114	0.181132	0.000326896	9.99099e-05	0.000797857
0.557875	-0.314114	0.181131	0.000166198	4.17384e-05	0.000486879
0.557875	-0.314114	0.181131	0.000608701	0.000460825	0.000117476
0.557873	-0.314112	0.181124	-0.000501856	0.000680379	-0.00183446
0.557876	-0.314111	0.181128	0.000658828	0.000642847	2.62648e-05
0.557876	-0.314111	0.181132	0.000312026	0.000541337	0.00114984
0.557876	-0.314116	0.181135	0.00053924	-0.00101682	0.00185591
0.557875	-0.314114	0.18113	-0.000228926	0.000176389	-0.000681733
0.557875	-0.314116	0.181135	-0.000292398	-0.00100854	0.00136129
0.557879	-0.31411	0.181132	0.00112949	0.00183383	-0.00054335
0.557877	-0.314114	0.181134	0.000119004	-0.000437147	0.000821049
0.55788	-0.314107	0.181134	0.000979704	0.0012156	0.000559199
0.557878	-0.314109	0.181132	-9.53222e-05	0.000511342	-0.000608885
0.557879	-0.314108	0.181133	0.00024271	0.0002372	-3.09235e-05
0.557883	-0.314106	0.181139	0.00134609	0.00147884	0.00169449
0.55788	-0.314107	0.181135	0.000173653	9.13701e-05	4.01923e-05
0.557882	-0.314107	0.181137	0.000609801	0.000435168	0.0011668
0.557881	-0.314105	0.181131	-0.000160875	0.000541947	-0.00164569
0.557882	-0.314109	0.181138	0.000649946	4.02225e-05	0.00111381
0.557884	-0.314102	0.181133	0.000690558	0.00181072	-0.000866539
0.557881	-0.314106	0.181134	-4.16928e-05	0.000195833	-0.000509003
0.557884	-0.314101	0.181136	0.000702375	0.00166652	0.000397861
0.557882	-0.314106	0.181133	-0.000413903	-0.00103074	-0.000731092
0.557884	-0.314103	0.181138	0.000196267	0.000375797	0.00114573
0.557886	-0.3141	0.181137	0.000850935	0.00115623	0.000491942
0.557882	-0.314103	0.181131	-0.000669157	0.000139037	-0.00177801
0.557889	-0.314098	0.181136	0.0018426	0.00151228	0.00105073
0.557885	-0.314097	0.18113	-0.000193466	0.00109374	-0.0015497
0.557885	-0.3141	0.181137	0.000246665	-0.000102651	0.00110268
0.557887	-0.314096	0.181134	0.000634103	0.00101449	0.000144296
0.557885	-0.314097	0.18113	-0.000389075	0.000427125	-0.00142283
0.557888	-0.314095	0.181133	0.000668506	0.00108526	-6.39138e-05
0.557889	-0.314096	0.181136	0.000626647	1.39566e-05	0.000954259
0.55789	-0.314091	0.181131	0.0028875	0.00521363	-0.00115395
0.557887	-0.314092	0.181133	0.00126899	0.0035505	-8.15567e-05
0.557888	-0.314093	0.181132	0.00100433	0.00186674	-0.000538082
0.557889	-0.314093	0.181135	0.0010662	0.00130673	0.000873497
0.557888	-0.31409	0.181134	0.000303143	0.00190861	9.21602e-05
0.557892	-0.314085	0.181133	0.00153242	0.00256787	0.000157131
0.557889	-0.314091	0.181134	0.000170989	0.000306881	7.04702e-05
0.557892	-0.314085	0.18113	0.00103906	0.00237501	-0.001132
0.55789	-0.31409	0.181132	0.000205303	2.3553e-05	-0.000360188
0.557888	-0.31409	0.181131	-0.000608971	-0.000231553	-0.000368618
0.55789	-0.314084	0.181126	0.000666674	0.00254266	-0.00197623
0.55789	-0.314086	0.181131	0.000235023	0.000485638	0.000405349
0.55789	-0.314084	0.181126	7.09671e-05	0.00101443	-0.00146995
0.557891	-0.314083	0.181126	9.91678e-05	0.000704544	-0.000936438
0.557892	-0.314084	0.18113	0.000548647	0.000215559	0.000811631
0.55789	-0.314085	0.181125	-0.000242925	-0.00011196	-0.0011631
0.557891	-0.314079	0.181124	0.00111974	0.00399378	-0.00133704
0.55789	-0.314082	0.181124	0.000602584	0.00170089	-0.000475252
0.55789	-0.314081	0.181124	0.000145983	0.00136733	-0.000695054
0.557894	-0.314082	0.181132	0.000867109	1.21485e-05	0.00202532
0.557892	-0.314081	0.181126	0.000214115	0.000252947	-0.000396986
0.557892	-0.314082	0.181128	8.1308e-06	-0.000284062	0.000262543
0.557891	-0.314082	0.181124	0.000233016	0.000321879	-0.00117861
0.557894	-0.314078	0.181125	0.000501623	0.00134832	-0.000623637
0.557896	-0.314073	0.181124	0.00216299	0.00233188	0.000371541
0.557893	-0.314077	0.181123	0.000787672	0.000108893	0.000404884
0.557893	-0.314079	0.181122	0.000603217	-0.000592669	-0.000174062
0.557894	-0.314074	0.181121	0.000634318	0.00147387	-0.000483789
0.557893	-0.314076	0.181121	0.00040807	0.000323735	1.6017e-05
0.557895	-0.314075	0.181124	0.000461212	0.000159032	0.000651646
0.557894	-0.314074	0.181116	-2.59512e-05	0.000298327	-0.00220035
0.557893	-0.314074	0.181122	-0.000231976	0.000343149	0.000455752
0.557894	-0.314074	0.181122	1.83305e-05	0.000109279	0.000100375
0.557897	-0.31407	0.181122	0.0010777	0.00140775	0.000327302
0.557895	-0.314076	0.181124	6.87846e-05	-0.0012236	0.00123432
0.557894	-0.314074	0.181119	-0.000270808	-7.14021e-05	-0.000747375
0.557898	-0.314068	0.181121	0.000820193	0.00139558	8.67716e-05
0.557898	-0.314071	0.181123	0.000654597	0.000302339	0.000510122
0.557892	-0.314076	0.181118	-0.00126241	-0.00150968	-0.00121506
0.557896	-0.31407	0.18112	8.70562e-05	0.00105222	-0.000613527
0.557898	-0.314072	0.181123	0.000865931	0.000256689	0.000598594
0.557898	-0.31407	0.181125	0.000740915	0.000795233	0.00153369
0.557897	-0.314068	0.181119	-0.00149923	-0.0021953	-0.000665007
0.557898	-0.314068	0.18112	-0.00100998	-0.00178432	0.000180055
0.557897	-0.314066	0.181119	-0.00166018	-0.00159182	-0.000574357
0.557895	-0.314075	0.181121	-0.00032962	-0.00373729	0.000749472
0.557899	-0.31407	0.181124	0.000566252	-0.00108077	0.00137114
0.557896	-0.314068	0.181116	-0.000604339	-0.000348537	-0.00155049
0.557894	-0.314073	0.181119	-0.00046817	-0.00159034	0.000524209
0.557898	-0.31407	0.181123	0.00070048	-0.000335367	0.00132263
0.557899	-0.314067	0.181122	0.000465645	0.000407174	0.00054411
0.557899	-0.314069	0.181125	0.000495044	-0.000470404	0.00137781
0.557896	-0.314072	0.181123	-0.000239236	-0.000681223	0.00059048
0.5579	-0.314063	0.181118	0.000592858	0.0017406	-0.0014142
0.557897	-0.314065	0.181116	-0.000512767	0.000268851	-0.00132089
0.557899	-0.314065	0.181119	0.000423494	0.00049596	0.00012176
0.557895	-0.314068	0.181114	-0.00112338	-0.000926406	-0.00144391
0.557898	-0.314069	0.181125	0.000183383	-0.00108286	0.00236683
0.557898	-0.314067	0.181118	0.00117034	0.00160757	-0.000450085
0.557897	-0.314072	0.181123	0.000676409	1.19187e-05	0.0015012
0.557897	-0.314069	0.18112	0.000549708	0.000750688	-0.000182806
0.557895	-0.314069	0.181117	-0.000200524	0.000870408	-0.000863965
0.557898	-0.31407	0.181122	0.000893535	0.000120811	0.00107764
0.557899	-0.314064	0.181117	0.000657473	0.00208559	-0.00118523
0.557902	-0.314063	0.181123	0.00130079	0.00166558	0.000757637
0.557897	-0.314069	0.181122	-0.000437885	-0.000822391	0.000756729
0.557899	-0.314066	0.18112	8.82561e-05	-4.31822e-05	-0.000293366
0.557899	-0.314069	0.181127	-6.19365e-05	-0.000618991	0.00172986
0.557898	-0.314067	0.181121	0.000755883	0.000346542	0.000513218
0.557901	-0.314069	0.181131	0.00177311	-0.000427693	0.00314593
0.557898	-0.314069	0.181122	-2.34191e-05	-0.000229977	-0.000794252
0.557898	-0.314067	0.181122	0.000233126	0.000364224	-0.000563638
0.5579	-0.314066	0.181124	0.000483359	0.000770121	0.000508811
0.557898	-0.314068	0.181122	-0.000167775	-0.000521022	-0.000446582
0.557899	-0.314069	0.181125	0.000427102	-0.000624544	0.00123998
0.557897	-0.314072	0.181124	-0.000239381	-0.00076273	0.00052449
0.5579	-0.314067	0.181125	0.000955842	0.000848114	0.000655044
0.557899	-0.314067	0.181125	0.000188087	0.00016719	0.000635564
0.557897	-0.31407	0.181124	-0.000574616	-0.000839712	-0.000110703
0.5579	-0.31407	0.181126	0.000320062	-0.000841648	0.000707976
0.5579	-0.314064	0.181126	0.000379089	0.00128503	0.000494069
0.557899	-0.314066	0.181122	-0.000106256	0.000358328	-0.00102561
0.557899	-0.314069	0.181127	-9.01456e-05	-0.000395099	0.000468052
0.557898	-0.314071	0.181131	-0.000168893	-0.000875283	0.00144359
0.557897	-0.314072	0.181125	-0.000413399	-0.00102487	-0.000371674
0.557898	-0.314071	0.181127	-0.00036871	-2.89364e-05	0.000157546
0.5579	-0.31407	0.181126	0.000557309	0.000200606	-0.000551224
0.5579	-0.31407	0.181131	0.000567188	4.56974e-05	0.00158493
0.557902	-0.314066	0.181126	0.000546613	0.00122121	-0.000705457
0.557897	-0.314072	0.181124	-0.00153323	-0.00137619	-0.00107962
0.557897	-0.314072	0.181126	-0.000347129	-0.000606337	0.000151434
0.557897	-0.314072	0.181126	-0.000557011	-0.00092712	7.59214e-05
0.557896	-0.314071	0.181123	-0.000319162	2.13328e-05	-0.00107727
0.557897	-0.314072	0.181129	0.000280326	-0.000228826	0.00159558
0.557899	-0.314068	0.181125	0.000399296	0.00101547	-0.0006678
0.5579	-0.314068	0.181127	0.000927404	0.00096316	0.000441029
0.557895	-0.314074	0.181124	-0.00121468	-0.00163895	-0.00058664
0.557896	-0.314068	0.18112	-0.000373248	0.00123644	-0.00169181
0.557898	-0.314069	0.181124	0.000141582	-2.67592e-05	0.000153939
0.557898	-0.314069	0.181124	0.000122691	-2.22876e-05	0.000127219
0.557899	-0.314067	0.181125	0.000520537	0.000448706	0.000644706
0.557896	-0.314073	0.181121	-0.000580542	-0.00114853	-0.000937563
0.557894	-0.314074	0.181124	-0.000617707	-0.000642961	0.000373658
0.557899	-0.314069	0.181126	0.000964972	0.000723692	0.000909181
0.557896	-0.314072	0.181123	-0.000337246	-0.000268657	-0.000296486
0.557898	-0.314066	0.181122	0.000190574	0.00148495	-0.00116211
0.557898	-0.314071	0.181127	0.000103995	-0.000832953	0.000628681
0.557899	-0.314073	0.181127	0.000336053	-0.000702431	0.000752442
0.557897	-0.314072	0.181126	-0.000665506	-0.000685822	-0.000219317
0.557897	-0.314068	0.181122	-0.00031417	0.000743796	-0.00110113
0.557898	-0.314071	0.181126	0.000211286	-0.000366289	0.000576871
0.557897	-0.314072	0.181125	-0.000418132	7.99107e-05	-0.000330727
0.557896	-0.314073	0.181126	-0.000533003	-0.000410194	-0.000186881
0.557897	-0.314074	0.181129	2.80065e-05	-0.000480085	0.000746432
0.557897	-0.314073	0.181128	1.28903e-05	-0.000365762	0.000485405
0.557895	-0.314071	0.181123	-0.000367591	0.000598913	-0.000993233
0.557895	-0.314075	0.181124	9.98567e-05	-0.000398024	6.52178e-05
0.557896	-0.314071	0.181123	0.000175005	0.000313448	0.000294808
0.557892	-0.314074	0.18112	-0.000987816	-0.000495097	-0.00135163
0.557895	-0.31407	0.181122	0.000465495	0.00105356	0.000273481
0.557892	-0.314074	0.18112	-0.000832056	-0.000704672	-0.00101119
0.557894	-0.314072	0.181118	-5.69427e-05	-2.04868e-07	-0.000869713
0.557895	-0.314068	0.181118	0.000279657	0.00102966	-0.000407205
0.557894	-0.314071	0.181121	-0.000222576	-0.00033616	0.000340727
0.55789	-0.314077	0.181119	-0.00104177	-0.00164467	-0.00029851
0.557892	-0.314072	0.181116	0.000110995	0.000975861	-0.00142931
0.557892	-0.314069	0.181112	-1.61887e-05	0.00135641	-0.0018754
0.557892	-0.314073	0.181115	-0.000132926	-0.000244533	-0.000284733
0.557895	-0.314068	0.181118	0.000523234	0.00071194	0.000341475
0.557892	-0.314073	0.181117	-0.000369852	-0.000929816	0.000313386
0.557893	-0.314067	0.181114	-0.000124416	0.00109128	-0.000599338
0.557893	-0.314068	0.18111	-0.000283523	0.000205347	-0.00207381
0.55789	-0.314072	0.181115	-0.000736974	-0.000747423	0.000354464
0.557892	-0.314073	0.181115	0.000226947	-0.000288033	0.000346138
0.557893	-0.314071	0.181115	0.000150511	-0.000195276	0.000231558
0.557894	-0.314068	0.181113	0.000507775	0.000885911	-0.000456227
0.557893	-0.31407	0.181115	0.000140842	6.48571e-05	0.000238563
0.557891	-0.314076	0.181116	-0.00033773	-0.00154454	0.000625395
0.557892	-0.314069	0.181111	-0.000281683	0.000838445	-0.00154784
0.557892	-0.31407	0.181114	2.49357e-06	0.000433593	0.000104866
0.557893	-0.314067	0.18111	0.000112783	0.000904299	-0.00106121
0.557893	-0.314072	0.181116	0.000177013	-0.000726534	0.00144805
0.557894	-0.314069	0.181115	0.000264707	7.22829e-05	0.000353168
0.557894	-0.314071	0.181117	0.000151735	-0.000616682	0.000568759
0.557892	-0.314073	0.181114	-0.000544986	-0.00129124	-0.000177281
0.55789	-0.314069	0.18111	-0.000746764	0.00120629	-0.00159843
0.557891	-0.314071	0.181114	0.000225896	0.000438399	0.00024935
0.55789	-0.314071	0.181111	-0.000314363	0.00047917	-0.00079271
0.557893	-0.314069	0.181113	0.000790817	0.00109282	0.000411526
0.55789	-0.314075	0.181113	-0.00029236	-0.00125961	0.000146649
0.55789	-0.31407	0.181109	-0.000508915	0.000445566	-0.00134647
0.55789	-0.314071	0.18111	-0.000253531	-0.000358054	-0.000465706
0.557891	-0.314071	0.181114	7.02522e-05	-0.000335337	0.000867422
0.557888	-0.314074	0.181108	-0.000962802	-0.00109426	-0.00124419
0.557889	-0.314074	0.181112	-0.000343168	-0.000838449	0.000401361
0.557888	-0.314074	0.181108	-0.000794846	-0.000200671	-0.00131486
0.557892	-0.314072	0.181113	0.000609515	-0.000142989	0.00104618
0.557892	-0.314075	0.181118	0.000784813	-0.000285556	0.00247801
0.557888	-0.314075	0.181108	-0.000972946	-0.000742292	-0.00165536
0.557889	-0.314074	0.181112	0.000142104	0.00040348	3.77989e-05
0.557889	-0.314074	0.18111	-0.000230083	-9.13397e-05	-0.000508268
0.557889	-0.314072	0.181106	-0.000190305	0.000506589	-0.00156537
0.557889	-0.314076	0.181113	0.00108324	-0.00101086	0.00199026
0.557888	-0.314072	0.181104	0.000460554	0.000671939	-0.00142642
0.557893	-0.31407	0.181115	0.00187219	0.000985865	0.00244747
0.55789	-0.314075	0.181115	0.000478431	-0.000850588	0.00169489
0.557888	-0.314077	0.181115	-0.000302478	-0.00141313	0.00145247
0.55789	-0.314073	0.181112	0.000457868	0.000553993	0.000315109
0.557892	-0.314074	0.181115	0.000878262	8.77491e-05	0.000917325
0.557889	-0.314072	0.181108	-0.000314343	0.000545802	-0.00182715
0.557891	-0.314072	0.181115	0.000386515	0.000188858	0.00120707
0.557892	-0.314071	0.181108	0.000444359	0.000579958	-0.00147673
0.557892	-0.314072	0.181114	0.000490472	0.000262125	0.00101466
0.557887	-0.314077	0.18111	-0.00132245	-0.00152696	-0.000830249
0.55789	-0.314074	0.181113	0.000390896	0.000226647	0.000393471
0.557889	-0.314076	0.181114	-0.00011809	-0.000157641	0.000551827
0.557885	-0.31408	0.181107	-0.00150031	-0.00138308	-0.00203505
0.55789	-0.314077	0.181116	0.000679633	-0.000487482	0.00172513
0.557891	-0.314074	0.181115	0.000692841	0.000789316	0.000773086
0.557888	-0.314073	0.181109	-0.000583113	0.00036893	-0.000821075
0.557892	-0.314073	0.181113	0.000829177	0.000310514	0.000558703
0.55789	-0.314074	0.181113	4.22934e-05	-8.42473e-05	5.5e-05
0.55789	-0.314074	0.181113	0.000273574	0.000385447	2.07032e-05
0.557887	-0.314075	0.181111	-0.000887295	-0.000461973	-0.000147937
0.557891	-0.314073	0.181114	0.000878159	0.000842924	0.000637801
0.557891	-0.314071	0.181112	0.000420838	0.00130159	-0.000557141
0.55789	-0.314075	0.181113	-0.000277518	-0.000817044	9.27326e-06
0.557892	-0.31407	0.181113	0.000195914	0.000578116	0.000215654
0.557891	-0.314073	0.181113	4.20854e-05	-0.00021642	-6.6381e-05
0.55789	-0.314072	0.18111	-0.000398552	6.32732e-05	-0.000996728
0.557887	-0.314075	0.181112	-0.0011749	-0.000733909	-0.00020801
0.557887	-0.314077	0.181108	-0.000610875	-0.000678608	-0.00121372
0.55789	-0.314074	0.181113	0.000480616	-0.00014147	0.000756079
0.557887	-0.314077	0.18111	-0.000607463	-0.000894833	-0.000380562
0.557891	-0.314073	0.181112	0.000941746	0.000562693	0.000380692
0.557889	-0.314076	0.181116	-1.83683e-06	-0.000536577	0.00192292
0.557887	-0.314075	0.181106	-0.000484112	0.000463197	-0.0022716
0.557889	-0.314073	0.18111	-3.87383e-05	0.000176282	-0.000299553
0.557887	-0.31408	0.181113	-0.000283948	-0.00161254	0.00138287
0.557886	-0.314075	0.181103	-0.000789515	0.000492355	-0.00224228
0.557888	-0.314079	0.181114	0.000285209	-0.000742289	0.00159986
0.557885	-0.31408	0.18111	-0.000507275	-0.000771848	0.000130614
0.557886	-0.314083	0.181115	7.41416e-05	-0.00142803	0.00138471
0.557888	-0.314077	0.181113	0.000388332	0.000902107	0.000251943
0.557888	-0.314081	0.181116	0.000258092	-0.000716017	0.000882687
0.557885	-0.31408	0.181114	-0.000624966	-7.67577e-05	7.37349e-05
0.557888	-0.314078	0.181111	0.000121929	0.000348874	-0.000985082
0.557886	-0.314078	0.181108	-0.000664345	-6.98822e-05	-0.00163461
0.55789	-0.314076	0.181114	0.00132511	0.00105252	0.000850072
0.557886	-0.31408	0.181108	-0.000567608	-0.00052574	-0.000993283
0.557886	-0.314083	0.181116	-0.000134322	-0.00111547	0.00173379
0.557886	-0.31408	0.18111	-0.000524205	8.73215e-05	-0.00102668
0.557884	-0.314083	0.181112	-0.000739442	-0.00099067	-3.0322e-05
0.557885	-0.314085	0.181115	-0.000326658	-0.00139358	0.000960653
0.557886	-0.314079	0.181112	0.000177331	0.000771188	-0.000371324
0.557887	-0.314078	0.181112	0.000500259	0.000957854	0.000322141
0.557887	-0.31408	0.181114	0.000558999	0.000421684	0.000533194
0.557886	-0.314082	0.181115	-0.000117205	-0.000659259	0.000415246
0.557885	-0.314084	0.181115	-0.000380343	-0.000932617	0.000272
0.557886	-0.314082	0.18111	-4.19268e-05	-6.55121e-05	-0.00123835
0.557882	-0.314084	0.181109	-0.00136288	-0.000666073	-0.00129515
0.557883	-0.314087	0.181113	-0.000458778	-0.00130742	0.00047129
0.557886	-0.314085	0.181116	0.000709709	-0.000119772	0.0012612
0.557887	-0.314082	0.181116	0.000559677	0.000528638	0.00104643
0.557886	-0.314082	0.181113	0.000134638	0.000452315	-0.000481075
0.557884	-0.314085	0.181115	-0.000564092	-0.000657448	0.00049228
0.557883	-0.314083	0.181111	-0.000608588	0.000348121	-0.00119379
0.557883	-0.314083	0.181109	-0.000251847	0.000119254	-0.0010472
0.557886	-0.314083	0.181116	0.000802287	0.000261762	0.00144168
0.557885	-0.314084	0.181113	-5.21152e-05	-0.00018935	-0.000257763
0.557881	-0.314088	0.181111	-0.00110857	-0.00148011	-0.000445062
0.557886	-0.314083	0.181115	0.000893462	0.000735449	0.00117082
0.557885	-0.314086	0.181115	0.00025068	-0.00058892	0.000609844
0.557889	-0.314082	0.181118	0.00116398	0.00105007	0.00098867
0.557884	-0.314083	0.18111	-0.000409863	0.00063315	-0.0012799
0.557883	-0.314083	0.181108	-0.000629363	-3.58353e-05	-0.00139598
0.557885	-0.314084	0.181117	2.51248e-05	-0.00026741	0.00139101
0.557884	-0.314083	0.181111	4.93375e-05	0.000411701	-0.0011297
0.557885	-0.314084	0.181117	-1.72581e-05	-0.000335672	0.00128416
0.557884	-0.31408	0.181107	-0.000525965	0.000688496	-0.00187615
0.557886	-0.314082	0.181117	0.000130312	-0.000455187	0.00145554
0.557886	-0.314084	0.181114	0.000397825	-0.000430344	-8.77642e-06
0.557882	-0.314088	0.181114	-8.48342e-05	-0.00160911	0.000680788
0.557885	-0.314084	0.18111	0.00107328	0.000341534	-0.000578989
0.557883	-0.314089	0.181112	3.21296e-05	-0.00135199	0.000272335
0.557883	-0.314085	0.181108	-2.70873e-05	0.00047854	-0.00106478
0.557886	-0.314083	0.181114	0.00123084	0.000992078	0.00141701
0.557887	-0.314083	0.181116	0.00120678	0.000502764	0.00137862
0.557885	-0.314083	0.181112	0.00137671	0.000511519	0.000779209
0.557882	-0.314087	0.181112	-3.83069e-06	-0.00105537	0.000865948
0.557884	-0.314085	0.181114	0.000915864	0.00012698	0.000961825
0.557885	-0.314085	0.181117	0.00092071	-3.57808e-05	0.0018717
0.557884	-0.314083	0.181111	2.50951e-05	0.000335376	-0.000815904
0.557884	-0.314081	0.181111	0.000308468	0.00133138	-0.000907657
0.557885	-0.314082	0.181112	0.00022354	0.000248425	-0.000234421
0.557884	-0.314084	0.181111	6.49634e-05	-0.00042208	-0.000354499
0.557886	-0.314084	0.181114	0.000608816	-0.00055507	0.00132105
0.557882	-0.314086	0.18111	-0.000628485	-0.000521178	-0.000449947
0.557883	-0.314083	0.181111	-8.25949e-07	0.000777103	-6.14952e-05
0.557886	-0.314085	0.181117	0.000735132	-0.00052068	0.00164021
0.557884	-0.314087	0.181112	-0.000323972	-0.00123793	-6.9858e-05
0.557887	-0.314082	0.181116	0.000659221	0.000728895	0.000813216
0.557883	-0.314086	0.181111	-0.000393967	-0.000424967	-0.000642431
0.557882	-0.314083	0.181108	-0.000786848	0.000607294	-0.0018199
0.557884	-0.314083	0.181112	-4.71033e-05	0.000212812	-0.000212371
0.557882	-0.314088	0.181111	-0.00044193	-0.000986281	-0.000372356
0.557883	-0.314083	0.181111	-4.464e-05	0.000532104	0.000221974
0.557884	-0.314085	0.181111	0.000286175	0.00017709	-0.000340114
0.557885	-0.314084	0.181113	0.000329932	3.76057e-05	0.000370084
0.557885	-0.314084	0.181115	0.000398533	-1.19389e-05	0.000885134
0.557884	-0.314083	0.181112	-0.000223297	0.000198874	-0.000411969
0.557884	-0.314087	0.181117	0.000141976	-0.000656233	0.00129505
0.557886	-0.314084	0.181114	0.000401417	4.78398e-05	1.56526e-05
0.557885	-0.314082	0.181111	0.000117337	0.000746773	-0.000964143
0.557885	-0.314082	0.181112	-1.45844e-05	0.00060488	-0.000340031
0.557886	-0.314084	0.181113	0.000410156	0.000140028	-0.000143869
0.557885	-0.314082	0.181115	0.00023772	0.000707885	0.000868878
0.557884	-0.314082	0.181111	-0.000330418	0.000749034	-0.000918344
0.557886	-0.314083	0.181115	0.000276187	-0.000345041	0.000766043
0.557883	-0.314089	0.181118	-0.000800672	-0.00239518	0.00164105
0.557887	-0.314081	0.181114	0.000897963	0.000979779	-0.000289228
0.557886	-0.314082	0.181117	0.000121068	0.000247347	0.000892763
0.557885	-0.314082	0.181115	-0.000157753	0.000210943	-9.51041e-05
0.557884	-0.314086	0.181115	-0.000448066	-0.000945248	-0.000229533
0.557887	-0.314082	0.181117	0.000712873	0.000836077	0.000445063
0.557886	-0.314083	0.18111	0.000188069	0.000634083	-0.00178491
0.557885	-0.314083	0.181115	-0.000237774	-1.09175e-05	0.000478684
0.557882	-0.314087	0.181112	-0.00115461	-0.00139284	-0.000752181
0.557887	-0.314081	0.181117	0.000891049	0.000789185	0.00099066
0.557883	-0.314085	0.181117	-0.000619293	-0.000793545	0.00113475
0.557884	-0.314082	0.18111	-0.000183307	0.000636402	-0.00186623
0.557888	-0.314079	0.181115	0.000994687	0.00116317	0.000283463
0.557887	-0.314081	0.181114	0.00036369	0.000923926	-0.00017109
0.557885	-0.314085	0.181113	-0.000202956	-0.00114591	-1.8766e-05
0.557888	-0.314083	0.181119	-0.00148015	0.000616078	-0.000690631
0.557885	-0.314085	0.181115	-0.00198602	0.000274227	-0.00219633
0.557888	-0.31408	0.181116	-0.000315845	0.00160987	-0.00129968
0.557887	-0.314081	0.181114	-0.000629239	0.000602916	-0.00100705
0.557885	-0.314084	0.181114	-0.00133741	-0.000397839	-0.00108254
0.557889	-0.314082	0.181119	0.000232308	0.000498954	0.000790293
0.557887	-0.314081	0.181114	-5.41178e-05	0.00103733	-0.00137199
0.557882	-0.314085	0.181109	-0.00189076	-0.000952244	-0.00220516
0.557886	-0.314083	0.181116	0.000264775	0.000543172	0.000631442
0.557884	-0.314086	0.18111	-0.000948174	-0.00103856	-0.00162394
0.557885	-0.314079	0.181109	-0.000331093	0.00165834	-0.00164261
0.557887	-0.314081	0.181115	0.000727126	0.000752687	0.000868959
0.557885	-0.314081	0.181112	-0.000300104	0.000207636	-0.000434972
0.557888	-0.31408	0.181115	0.000637419	0.000382547	0.00125076
0.557888	-0.314078	0.181111	0.000287373	0.000888984	-0.000967932
0.557888	-0.314083	0.181119	0.000182412	-0.00126374	0.00212086
0.557886	-0.314084	0.181118	-0.000149489	-0.000687522	0.00107323
0.55789	-0.314075	0.181111	0.00109927	0.00210773	-0.00132694
0.557889	-0.314079	0.181114	0.000386311	0.000267202	0.000293293
0.557888	-0.314078	0.181114	-7.03732e-05	0.000334816	-0.000191095
0.557887	-0.314077	0.181112	-0.000410941	0.000435109	-0.00103186
0.557889	-0.314078	0.181116	0.000260075	8.60984e-05	0.000826112
0.557889	-0.31408	0.181114	-4.28342e-05	-0.000485146	-0.00025241
0.557892	-0.314076	0.181117	0.00139482	0.000854726	0.00139326
0.557891	-0.314074	0.181114	0.000417262	0.00143258	-0.000455902
0.55789	-0.314074	0.181113	-8.96254e-05	0.00051856	-0.000850895
0.557891	-0.314075	0.181114	0.000270064	0.000291658	-0.00019731
0.557892	-0.314074	0.181114	0.000259925	5.60533e-05	0.000445338
0.55789	-0.314078	0.181117	-0.000236866	-0.000984278	0.000906309
0.557893	-0.314073	0.181115	0.000688299	0.000801562	-0.000263131
0.557892	-0.314073	0.181114	0.000348382	0.000621262	0.000107451
0.55789	-0.314073	0.181113	-0.000416921	0.000692328	-0.000695031
0.557891	-0.314072	0.181112	0.00010638	0.000872263	-0.000766048
0.557893	-0.314069	0.181113	0.000513447	0.00164883	-0.000226999
0.557891	-0.314074	0.181115	-0.000414216	-0.000955231	0.000265261
0.557891	-0.314069	0.18111	6.2527e-05	0.0010152	-0.000856807
0.557893	-0.314073	0.181119	0.00270441	0.00318337	0.00192947
0.557891	-0.31407	0.18111	0.0021773	0.00340803	-0.000942498
0.557893	-0.314069	0.181113	0.0024842	0.00270924	0.000967749
0.557893	-0.314069	0.181115	-0.000344593	-0.00147929	0.00104072
0.557895	-0.31407	0.181115	0.00013381	-0.00195722	0.000663498
0.557894	-0.314071	0.181118	6.04239e-05	-0.00143536	0.00137402
0.557895	-0.31407	0.181115	-3.32622e-06	-0.00108545	6.94516e-05
0.557895	-0.31407	0.181115	0.000378569	-0.000361511	0.000640821
0.557898	-0.314066	0.181118	0.000899644	0.000655081	0.000993501
0.557896	-0.314066	0.181111	-4.52775e-05	0.000111673	-0.00106771
0.557896	-0.314068	0.181116	-0.000293146	0.00011324	0.00031719
0.557895	-0.314065	0.181111	-0.000227652	0.000754538	-0.0015111
0.557893	-0.31407	0.181115	-0.000645962	-0.00119982	0.000786874
0.557899	-0.31406	0.181116	0.00122973	0.00222122	0.000448505
0.5579	-0.314063	0.181119	0.000859102	0.000124408	0.00104893
0.557894	-0.314068	0.181113	-0.000846704	-0.00114992	-0.000832674
0.557894	-0.314068	0.181114	-0.000691531	-0.000663726	-0.000277626
0.557898	-0.314066	0.181114	0.000855218	0.000155672	0.000265955
0.557899	-0.31406	0.181114	0.000814937	0.00195969	0.00028991
0.557897	-0.314065	0.181113	1.59535e-05	-0.000382952	-0.000258902
0.557897	-0.314061	0.181115	5.884e-05	0.00102649	0.000505312
0.557897	-0.314063	0.18111	-0.000180106	8.44518e-05	-0.00133217
0.557899	-0.314062	0.181117	0.000378958	0.000478746	0.00112351
0.557897	-0.314063	0.181114	-0.000240021	-4.93268e-05	-0.000392386
0.557899	-0.31406	0.181116	0.000188324	0.00037648	0.000267179
0.557898	-0.314057	0.18111	-8.51454e-05	0.00106027	-0.00132183
0.5579	-0.314058	0.181114	0.000462742	0.000434754	0.000638678
0.557897	-0.31406	0.18111	-0.000298446	-0.0001042	-0.000810384
0.557899	-0.314062	0.181115	0.000112878	-0.00083843	0.00105206
0.5579	-0.314058	0.181117	0.000468338	0.000545637	0.000914053
0.557899	-0.31406	0.181116	-0.000106464	-9.50122e-05	1.6945e-05
0.557902	-0.314057	0.181115	0.000938115	0.00135031	-0.000258153
0.557901	-0.314059	0.181115	0.000279694	-0.00018234	-0.000342008
0.557899	-0.31406	0.181116	-0.00036888	-0.000538579	0.000785708
0.557898	-0.314057	0.181109	-0.000740503	0.000583115	-0.0021911
0.557899	-0.314058	0.181115	-0.000114389	0.000201741	0.000319018
0.557898	-0.314059	0.181112	-0.000304359	-0.000390175	-0.000593209
0.557899	-0.314057	0.181112	-8.36861e-05	0.000347014	-0.000163082
0.557902	-0.314059	0.181118	0.00105632	-0.000395346	0.0021225
0.557902	-0.314057	0.181116	0.000743608	0.000382076	0.000227697
0.557902	-0.314057	0.181118	0.00049656	0.000300769	0.00102096
0.557899	-0.314058	0.181116	-0.00112948	-0.00035637	-0.000383012
0.557901	-0.314056	0.181115	0.000254167	0.000537795	-0.000170384
0.557901	-0.314057	0.181115	0.000451329	0.000189885	0.000226737
0.557899	-0.314056	0.181108	-0.00276817	0.0016437	-0.0048736
0.557901	-0.314055	0.181112	-0.00140251	0.000946315	-0.00184722
0.5579	-0.314056	0.181112	-0.00109288	0.000701158	-0.00141264
0.557897	-0.314059	0.181109	-0.0019327	-0.000249977	-0.00258116
0.5579	-0.314058	0.181116	-0.000663495	-0.000438405	0.000349105
0.557897	-0.314059	0.18111	-0.00138817	-0.000531331	-0.0014226
0.557903	-0.314055	0.181115	0.000931875	0.000708832	0.000676301
0.557897	-0.314058	0.181112	-0.00130542	-0.000501485	-0.000392969
0.5579	-0.314056	0.18111	-1.26137e-05	0.000515094	-0.000798142
0.557901	-0.314058	0.181116	0.00021443	-0.000471871	0.000977028
0.557901	-0.314059	0.181115	0.000322127	-0.000367461	0.000420635
0.557901	-0.314056	0.181112	6.98173e-05	0.000485257	-0.000683851
0.5579	-0.31406	0.181117	-0.000414046	-0.000714779	0.000995296
0.5579	-0.314056	0.181113	2.86336e-05	0.000656462	-0.000546928
0.5579	-0.314056	0.18111	-0.000157288	0.000486335	-0.00100715
0.557902	-0.314055	0.181111	0.000481381	0.000688547	-0.000313491
0.557902	-0.314057	0.181115	0.000341009	-0.000187982	0.00102605
0.557902	-0.314055	0.181116	0.000332035	0.000513983	0.000904919
0.5579	-0.314057	0.181111	-0.000326649	-0.000102337	-0.00145235
0.557899	-0.31406	0.181115	-0.000563161	-0.0012031	0.000209278
0.557903	-0.314056	0.181119	0.000629439	2.08602e-05	0.00194999
0.5579	-0.314057	0.181114	-0.000434601	-0.000202566	-0.000252879
0.557903	-0.314057	0.181118	0.000787605	1.78488e-05	0.00119564
0.5579	-0.314056	0.181112	-0.000485322	0.000500573	-0.00173072
0.557903	-0.314053	0.181113	0.000539431	0.00119417	-0.000812171
0.557902	-0.314057	0.181116	6.68734e-05	-0.000313834	0.000681934
0.557903	-0.314054	0.181113	0.00113145	0.000257218	0.000604956
0.557903	-0.314055	0.181114	0.000899889	0.000165547	0.000522352
0.557901	-0.314056	0.18111	-3.18944e-06	-0.000171504	-0.00136981
0.557896	-0.31406	0.181106	-0.00138998	-0.00131916	-0.00155849
0.557899	-0.314057	0.181115	0.00015985	-0.000144798	0.00132581
0.557903	-0.314054	0.181111	0.00150656	0.00116725	0.00018865
0.557901	-0.314056	0.181114	0.000445827	-0.000212226	0.00101416
0.557899	-0.314057	0.181112	-0.000291551	-0.000480082	0.000318826
0.5579	-0.314056	0.18111	0.00109805	0.00190723	-0.000645868
0.557904	-0.314051	0.181115	0.00178324	0.00285671	0.000990485
0.557902	-0.314056	0.181115	0.000578916	0.000449855	0.000461551
0.557901	-0.314054	0.181115	9.98722e-05	0.00120584	0.000423276
0.5579	-0.314058	0.181114	-0.000375404	-0.000904593	0.000356008
0.557899	-0.314059	0.181114	-0.000108617	-0.000537155	0.000335743
0.5579	-0.314056	0.181112	0.000264552	0.000759389	-0.000488607
0.557901	-0.314058	0.181112	0.000414663	-0.000255752	-0.000163649
0.5579	-0.314057	0.181115	-0.000287179	0.000231756	5.57944e-05
0.557901	-0.314054	0.181115	0.000363091	0.00115456	7.96839e-07
0.557901	-0.314058	0.181118	0.000488196	-0.000576245	0.00140445
0.557898	-0.314057	0.18111	-0.000909086	0.000207656	-0.00140672
0.557902	-0.314055	0.181111	0.00131327	0.000936543	-0.000598023
0.557902	-0.314057	0.181117	0.00131683	-0.000226286	0.00178321
0.5579	-0.314057	0.181115	0.000240043	-0.000438879	0.00116487
0.557897	-0.31406	0.181109	-0.000652077	-0.00119615	-0.00125382
0.557901	-0.31406	0.181117	0.000694834	-0.000622972	0.00143485
0.5579	-0.314057	0.181111	0.000197913	0.000380527	-0.000595783
0.557899	-0.314057	0.181109	3.96795e-05	0.000288277	-0.000965498
0.557901	-0.31406	0.181118	0.000555574	-0.000723118	0.00210166
0.557898	-0.314061	0.18111	-0.000429556	-0.000725592	-0.000970527
0.557898	-0.314061	0.181113	-0.000305141	-0.000433109	0.000204454
0.557899	-0.314061	0.181115	0.000223399	-0.000554149	0.00108525
0.557898	-0.314063	0.181115	-0.000161949	-0.000834466	0.00071393
0.557899	-0.314057	0.181113	0.000135276	0.00125032	-0.000279956
0.557894	-0.314063	0.18111	-0.0014605	-0.000973209	-0.00110148
0.557896	-0.314063	0.181111	-0.000500722	-0.000889916	-0.000604209
0.557899	-0.31406	0.181113	0.00097791	0.000721293	0.000557371
0.557896	-0.314062	0.181113	-0.00045246	-0.000285831	0.000175343
0.5579	-0.314059	0.181115	0.00181893	0.000513619	0.00113887
0.557899	-0.314057	0.181108	0.000872221	0.000545433	-0.0009819
0.557898	-0.314062	0.181114	0.000349465	-0.000747856	0.00147768
0.557896	-0.314063	0.181112	-0.000245008	-0.000866902	-0.000144641
0.557898	-0.314057	0.181107	0.000397822	0.0016958	-0.00169763
0.557896	-0.314064	0.181114	-0.000306121	-0.00179002	0.00168065
0.557896	-0.314059	0.181106	-0.000467071	0.000844829	-0.00201563
0.557897	-0.31406	0.181113	0.000388321	0.00026868	0.000823966
0.557896	-0.314067	0.181116	-0.000158828	-0.00218804	0.00186724
0.557894	-0.314063	0.181106	-0.000583376	8.14065e-05	-0.00179409
0.557895	-0.314063	0.181111	-0.000288402	-9.25663e-06	0.000236582
0.557893	-0.314064	0.181104	-0.000711174	-0.000377137	-0.00186318
0.557895	-0.314065	0.181112	0.000345321	-0.000673973	0.00149867
0.557898	-0.314061	0.181112	0.000771898	0.00120868	0.000602533
0.557895	-0.314059	0.181105	-0.000191224	0.00114236	-0.00176026
0.557895	-0.314065	0.181111	-0.000101907	-0.00114137	0.000754075
0.557895	-0.314059	0.181107	4.70529e-05	0.00105824	-0.000825441
0.557896	-0.314062	0.181111	0.000210513	-0.000645715	0.000802453
0.557894	-0.314066	0.181114	-0.000470915	-0.00136901	0.00135788
0.557896	-0.31406	0.181106	0.000516391	0.00122352	-0.00168869
0.557897	-0.314062	0.181114	0.000589233	-1.63358e-05	0.00176505
0.557895	-0.314063	0.181109	-0.00017839	-0.000294102	-0.000515204
0.557895	-0.314067	0.181111	-8.59959e-05	-0.00151159	0.000397367
0.557896	-0.314064	0.181111	0.000327628	9.86534e-05	0.000440585
0.557892	-0.314066	0.181106	-0.00121776	-0.000521899	-0.00158134
0.557897	-0.314064	0.181111	-0.000253161	0.00016139	-0.000240917
0.557897	-0.314061	0.181112	-0.000323372	0.000787424	0.000215681
0.557895	-0.314065	0.181111	-0.000952055	-0.000402019	-0.000462327
0.557895	-0.314067	0.181113	-0.000490136	-0.000947286	0.000631009
0.557896	-0.314062	0.181109	-7.08995e-05	0.00110608	-0.00116842
0.557899	-0.314061	0.181115	0.000893955	0.000911005	0.00134152
0.557898	-0.314063	0.181113	-0.000173214	0.000305814	-0.000102838
0.557896	-0.314064	0.181113	-0.000431836	-0.000285377	-8.64283e-05
0.5579	-0.314064	0.181119	0.000580109	-0.000619091	0.00186523
0.557896	-0.314061	0.181106	-0.0010031	0.000911096	-0.00342443
0.557899	-0.314059	0.18111	0.000710625	0.00119279	-0.000422619
0.557899	-0.314059	0.181114	0.000611425	0.000757601	0.00118381
0.557897	-0.31406	0.181111	-0.00015618	0.000130381	-0.000406412
0.557897	-0.314064	0.181114	-0.000225568	-0.0011059	0.00071649
0.557899	-0.314061	0.181115	0.000400676	0.00029624	0.000453045
0.557899	-0.314059	0.181113	-4.94225e-05	0.000964205	-0.000433433
0.5579	-0.314058	0.181116	0.000544512	0.00104111	0.000921782
0.557901	-0.314058	0.181112	0.000548276	0.000582224	-0.000471744
0.5579	-0.314058	0.181112	0.000105356	-0.000134166	-0.00028746
0.557899	-0.314057	0.181111	-0.000419462	0.000128288	-0.000339444
0.5579	-0.314057	0.18111	0.000322412	0.000422565	-0.000717318
0.557902	-0.314059	0.181116	0.000621068	-0.000544791	0.00167954
0.557899	-0.31406	0.181112	-0.000421501	-0.000556511	-0.00041373
0.557899	-0.314055	0.181109	-4.91938e-05	0.00138755	-0.00104886
0.557901	-0.314056	0.181112	0.000634587	0.000670334	8.62327e-05
0.557899	-0.314058	0.18111	-7.73943e-05	-3.91714e-05	-0.000602913
0.557903	-0.314059	0.181117	0.000988274	-0.00051257	0.00214844
0.557903	-0.314053	0.181113	0.000791865	0.00155713	9.75248e-05
0.557901	-0.314056	0.181113	-0.000350488	0.000199263	-0.000283946
0.557901	-0.314054	0.181111	-8.77958e-05	0.000686235	-0.000800713
0.557903	-0.314054	0.181113	0.000222551	0.000285595	-0.000192702
0.557906	-0.314053	0.181116	0.00139319	0.000862657	0.00113597
0.557903	-0.314055	0.181112	0.000206662	-0.000312945	-0.000333771
0.557903	-0.314057	0.181115	-4.16257e-05	-0.000763931	0.000362923
0.557904	-0.314052	0.181115	0.00048897	0.00112001	0.000683086
0.557901	-0.314056	0.181112	-0.000807982	-0.000609099	-0.000724827
0.557902	-0.314055	0.181113	-8.72838e-05	5.12623e-05	0.000135984
0.557905	-0.314055	0.181117	0.000586196	-0.000349233	0.00133536
0.557904	-0.31405	0.181114	-0.00122097	0.000778188	-0.00101478
0.557904	-0.314053	0.181114	-0.000734357	-0.000218379	-0.000622862
0.557905	-0.31405	0.181114	0.000320244	0.00137181	-0.000480217
0.557902	-0.314055	0.181115	-0.000816066	-0.000508214	-6.30857e-05
0.557901	-0.314056	0.181113	-0.000963809	-0.000790862	-0.000638294
0.557905	-0.314051	0.181114	0.000168581	0.000980236	-0.00048512
0.557903	-0.314055	0.181117	-0.000315782	-0.000418024	0.000295482
0.557901	-0.314055	0.18111	-0.000695593	-8.73577e-05	-0.00166929
0.5579	-0.314058	0.181114	-0.00100516	-0.00102188	-0.000207958
0.557905	-0.314053	0.181117	0.000831842	0.00043762	0.0010859
0.557903	-0.314055	0.181115	-0.000265466	-0.000552764	0.000424147
0.557903	-0.314054	0.181115	6.02711e-05	0.000133858	0.000231608
0.557903	-0.314051	0.181108	-0.000177638	0.000856436	-0.00222149
0.557902	-0.314055	0.181112	-0.000434346	-0.000572163	-0.000276128
0.557905	-0.314052	0.181115	0.00079895	0.00100038	0.000962905
0.557903	-0.314053	0.181115	-5.0565e-05	0.000352257	0.000293152
0.557905	-0.314054	0.181118	0.000681286	-0.000178932	0.0014954
0.557905	-0.314047	0.181112	0.000449229	0.00186654	-0.000936565
0.557904	-0.31405	0.181111	0.000191166	0.000615873	-0.000853237
0.557904	-0.314051	0.181112	-0.000147706	-9.0231e-05	-0.000548674
0.557904	-0.314048	0.181108	-7.78003e-05	0.000562093	-0.00157231
0.557907	-0.314051	0.181117	0.00103936	-0.000156642	0.00204227
0.55791	-0.314044	0.181115	0.00145134	0.00148654	0.00077294
0.557908	-0.314046	0.181116	0.000441957	0.000565218	0.000697021
0.557909	-0.314048	0.181117	0.000383437	-0.00026526	0.000893335
0.557907	-0.314046	0.181113	-0.000213437	0.000659836	-0.000757373
0.557911	-0.314046	0.181116	0.000769591	-1.6141e-06	0.000598966
0.557907	-0.314045	0.181111	-0.000767328	5.83672e-07	-0.00125062
0.557908	-0.314045	0.18111	8.35934e-05	0.0010069	-0.00168537
0.557908	-0.314046	0.181115	0.000125205	-5.68776e-05	0.000637215
0.55791	-0.314044	0.181112	0.000472529	0.000478094	-0.000355952
0.55791	-0.314046	0.181119	0.000485816	-0.000422344	0.00210411
0.557909	-0.314043	0.181112	-6.94442e-05	0.000530088	-0.000752792
0.557911	-0.314042	0.181111	0.000309138	0.000708171	-0.000801037
0.557915	-0.314041	0.181119	0.00125459	0.000725959	0.0016496
0.557911	-0.314043	0.181113	-0.000364989	-0.00022515	-0.000987968
0.557914	-0.31404	0.181115	0.00105764	0.00119563	0.000293874
0.557914	-0.314041	0.181116	0.000380156	0.000277419	0.000169959
0.557913	-0.314043	0.181113	2.69295e-05	-0.000333203	-0.000694199
0.557913	-0.314044	0.18112	0.000121754	-0.00090231	0.00219314
0.557911	-0.314042	0.181114	-0.00136765	0.0003018	-0.0015489
0.557913	-0.314043	0.18112	-0.000936448	-0.000498899	0.000655115
0.557916	-0.314036	0.181119	0.000424805	0.00161683	0.000355216
0.557914	-0.314043	0.181117	-0.000531751	-0.0010491	-0.000235218
0.557914	-0.314043	0.181124	-0.000134474	-0.000770022	0.00186847
0.557914	-0.314042	0.181117	-0.000327845	-0.000466157	-0.000798427
0.557913	-0.314042	0.181115	-0.000415453	0.000447802	-0.0015342
0.557912	-0.314042	0.181116	-0.000676936	-0.000114831	-0.000731485
0.557913	-0.314044	0.181118	-0.00018848	-0.000892694	0.000197413
0.557914	-0.314044	0.181122	9.05439e-05	-0.000714976	0.00128671
0.557912	-0.314045	0.181119	-0.000632554	-0.000778046	-7.84618e-05
0.557911	-0.314047	0.18112	-0.000592998	-0.00110509	0.000538701
0.557911	-0.314043	0.18112	-0.00132478	0.00058266	-0.0006212
0.557912	-0.314048	0.18112	-0.000581936	-0.00112694	-0.000204315
0.557914	-0.314045	0.18112	0.000110762	0.000260203	-0.000207547
0.55791	-0.314046	0.181115	-0.0010647	0.000111147	-0.00204161
0.55791	-0.314047	0.181119	-0.000971569	-0.000452628	2.00848e-05
0.557913	-0.314044	0.181119	3.17579e-05	0.000619992	-0.000283362
0.557912	-0.314047	0.181119	-0.00039014	-0.000680798	-0.000420783
0.55791	-0.314048	0.181121	-0.000883145	-0.000796628	0.000196206
0.557908	-0.314049	0.181115	-0.00197769	-0.000965261	-0.00212271
0.557908	-0.314051	0.181118	-0.00152658	-0.00120421	-0.000850324
0.55791	-0.314048	0.18112	-0.000611864	0.000265164	0.000151421
0.557909	-0.314048	0.181118	-0.000605542	0.000214556	-0.000553045
0.55791	-0.314046	0.181117	-0.000168082	0.000645474	-0.000421183
0.55791	-0.314049	0.181122	-0.00182514	-0.0038687	0.00126641
0.557911	-0.314045	0.181116	-0.00121707	-0.00166801	-0.0009732
0.557911	-0.314045	0.181119	-0.00316459	-0.004548	-4.61892e-05
0.557911	-0.314047	0.181116	-0.00247263	-0.00410675	-0.00111341
0.557909	-0.314046	0.181118	-0.00208286	-0.00298746	0.000299001
0.557911	-0.314045	0.181115	-0.00228219	-0.00162073	-0.00200089
0.557908	-0.314049	0.181117	-0.00261841	-0.00277213	-0.000556792
0.557908	-0.314049	0.181117	-0.00161107	-0.00216248	-8.0452e-05
0.557907	-0.314049	0.181112	-0.00156266	-0.0013591	-0.00187178
0.557912	-0.314042	0.181115	0.000692757	0.00134466	-0.000384184
0.557909	-0.314052	0.181121	-0.00101137	-0.00232437	0.000989397
0.557907	-0.314049	0.181112	-0.00328323	-0.00392856	-0.0017544
0.557909	-0.314046	0.181114	-0.00136682	-0.001468	-0.000572166
0.557906	-0.314049	0.18111	-0.00222417	-0.00261855	-0.00159983
0.557905	-0.314048	0.181107	-0.00195303	-0.00171294	-0.00197015
0.557908	-0.314047	0.181112	-0.00053709	-0.00102571	0.000231718
0.557909	-0.314044	0.181108	0.00174101	0.00369393	-0.00117804
0.557908	-0.314047	0.181109	0.000988098	0.00148997	-0.000437926
0.557908	-0.314046	0.181113	0.000855966	0.00174868	0.000791003
0.557908	-0.314044	0.181109	0.000591351	0.00190576	-0.000735641
0.55791	-0.314047	0.181115	0.00107919	0.000431953	0.00148263
0.557909	-0.314042	0.181105	0.000623051	0.00167251	-0.00204921
0.557907	-0.314047	0.181109	-0.000282985	-0.000379392	0.000114766
0.557909	-0.314044	0.181112	-0.000700781	0.000893269	2.46502e-05
0.55791	-0.314042	0.181109	-0.000106906	0.00111975	-0.000806638
0.557911	-0.314041	0.181112	-7.77923e-05	0.000683127	-6.58013e-05
0.557911	-0.314039	0.181104	0.000140908	0.00164798	-0.00270846
0.557911	-0.314039	0.181106	0.000160456	0.001044	-0.00126417
0.557911	-0.314041	0.18111	-0.000108227	0.000172905	0.000573652
0.557911	-0.314039	0.181107	0.000260922	0.000595146	-0.000456609
0.557914	-0.314035	0.181109	0.00109833	0.00179691	0.000240381
0.557915	-0.31403	0.181105	0.000753482	0.00251068	-0.00139567
0.557912	-0.314034	0.181102	-0.000195575	0.000727106	-0.00151178
0.557912	-0.314036	0.181107	-0.000375454	-6.47662e-05	0.000381984
0.557912	-0.314034	0.181101	-0.000140789	0.0005727	-0.00173765
0.557914	-0.314029	0.1811	0.000559414	0.00201004	-0.000973321
0.557914	-0.314032	0.181103	0.000557503	-4.45555e-05	0.000708181
0.557915	-0.31403	0.181103	0.00032689	0.000596913	7.09243e-05
0.557914	-0.314031	0.181104	-0.000208711	2.34849e-05	0.000314697
0.557916	-0.314028	0.181101	0.000339857	0.00104714	-0.00122497
0.557918	-0.314025	0.181103	0.000951099	0.00165334	-0.000217881
0.557916	-0.314024	0.181099	-0.000114908	0.000803344	-0.00112744
0.557916	-0.31402	0.181095	-5.14199e-05	0.00181798	-0.00225898
0.557917	-0.314022	0.181101	0.000157183	0.00047915	0.000801736
0.557917	-0.31402	0.181095	0.000201528	0.000928645	-0.00141854
0.557916	-0.31402	0.181093	-0.00018361	0.000744216	-0.00132485
0.557921	-0.314017	0.181101	0.000210903	0.00113788	0.000928817
0.55792	-0.314016	0.181098	0.000497231	0.00101861	-0.000179974
0.557917	-0.314018	0.181095	-0.000461211	-0.000166567	-0.000397463
0.55792	-0.314012	0.181092	0.000624484	0.00202325	-0.00139177
0.557919	-0.314013	0.181095	0.000351043	0.000726392	0.000181996
0.557921	-0.314012	0.181095	0.000746666	0.000898348	-1.91216e-05
0.557919	-0.314011	0.181089	0.000916208	0.00264137	-0.00157924
0.55792	-0.314008	0.181091	0.00079926	0.00249128	-0.000835297
0.557921	-0.314008	0.181093	0.00104352	0.00153374	0.000441402
0.557923	-0.314005	0.181092	0.00116229	0.00214623	-0.000332156
0.557922	-0.314006	0.181093	0.00050483	0.00166696	-0.00161899
0.557924	-0.314005	0.181092	0.000511948	0.0010611	-0.00147116
0.557924	-0.314002	0.181092	0.000408169	0.00134342	-0.000915097
0.557924	-0.314004	0.181094	-7.36114e-05	-0.000117014	-5.63775e-05
0.557925	-0.314001	0.18109	0.000162745	0.00105974	-0.00134624
0.557926	-0.314002	0.181095	0.000289809	4.46044e-05	0.000864989
0.557924	-0.314005	0.181092	-0.000474512	-0.000887146	-0.000852694
0.557923	-0.314001	0.181086	-0.000487054	0.000772689	-0.00191344
0.557927	-0.313995	0.181091	0.00105609	0.00242321	-0.000148931
0.557926	-0.314002	0.181091	0.000315685	-0.000790733	0.000386859
0.557928	-0.313998	0.181093	0.000725088	0.000491921	0.000999405
0.557928	-0.313994	0.181088	0.00040844	0.00103331	-0.00106419
0.557931	-0.313991	0.181093	0.0011284	0.00145128	0.000944273
0.55793	-0.313992	0.181092	-7.90419e-05	0.000210005	0.000290797
0.557933	-0.313988	0.181089	0.000731948	0.00159839	-0.00117316
0.557931	-0.313993	0.181091	7.36932e-05	-0.000603157	0.000181248
0.557933	-0.313989	0.181091	0.000642547	0.000609679	0.000123489
0.557935	-0.313987	0.181094	0.000660459	0.000954908	0.000847796
0.557935	-0.313988	0.181094	0.000418464	-3.12061e-05	0.000901036
0.557931	-0.313992	0.181092	-0.00197794	-0.00127454	-0.00108213
0.557933	-0.313988	0.181093	-0.000629856	5.23121e-05	0.000289891
0.557935	-0.313984	0.181093	0.000328056	0.00149796	0.000104469
0.557935	-0.313988	0.181092	-0.000347075	-0.00058478	-0.000880796
0.557938	-0.313982	0.181095	0.000586529	0.00168904	0.000326561
0.557937	-0.313982	0.181089	0.000332911	0.00221502	-0.002086
0.557938	-0.313981	0.181093	0.000961583	0.00127065	0.000678194
0.557939	-0.313978	0.181093	0.00113133	0.00208153	0.000698929
0.557941	-0.313977	0.181095	0.000977608	0.00123576	0.000753174
0.557941	-0.313976	0.181096	0.000253101	0.00111108	0.000395923
0.557944	-0.313971	0.181094	0.000431434	0.0021449	-0.000514271
0.557942	-0.313973	0.181093	-0.000601887	0.000578796	-0.000724956
0.557942	-0.313971	0.181095	-0.000333935	0.00102191	-0.000305354
0.557942	-0.31397	0.181089	-0.00064653	0.000860248	-0.00198373
0.557943	-0.313971	0.181094	-0.000287165	-6.77161e-05	0.000456482
0.557945	-0.313967	0.181092	0.00118709	0.0028047	-0.000354599
0.557944	-0.313971	0.181096	0.000491645	0.000222029	0.00126212
0.557945	-0.313968	0.181094	0.000565694	0.0015199	-0.000103428
0.557941	-0.31397	0.181087	-0.00090726	-0.000136426	-0.00237526
0.557945	-0.313966	0.181091	0.000743108	0.00116299	-0.000162497
0.557941	-0.313971	0.181092	6.69124e-05	0.000767444	0.000364625
0.557939	-0.313969	0.181086	-0.000798959	0.000530046	-0.00182882
0.557942	-0.313969	0.181092	0.000510449	0.000652453	0.000861893
0.557941	-0.313967	0.181086	0.000621984	0.00325917	-0.00194156
0.557938	-0.313971	0.181087	-0.000777955	0.000462355	-0.00108669
0.557937	-0.313975	0.181088	-0.000666544	-0.00133229	3.12678e-05
0.557936	-0.313971	0.181082	-0.000921303	0.000179256	-0.00183108
0.557937	-0.313974	0.181088	-0.00022621	-0.000687368	0.00082177
0.557933	-0.313978	0.181085	-0.0014447	-0.00224716	-0.000504875
0.557931	-0.31398	0.181082	-0.00132213	-0.00184596	-0.00093158
0.557932	-0.313979	0.181085	-0.000907406	-0.00118254	0.000149388
