Xl_x	Xl_y	Xl_z	Vl_x	Vl_y	Vl_z
0.306945	3.93441e-05	0.486938	0.00223662	-0.00944334	-0.000593875
0.306948	2.41835e-05	0.48694	0.0034366	0.000825601	0.00231651
0.306948	1.50821e-05	0.486938	-0.000705891	-0.0029189	-0.00287322
0.306949	1.27396e-05	0.48694	0.00142063	-0.00156016	0.00212374
0.306951	9.97673e-06	0.486945	0.00152873	0.00263067	0.00505493
0.306952	1.68346e-05	0.486945	0.00145403	-0.00068304	0.000441089
0.306957	2.00098e-05	0.48695	0.00499315	0.00688815	0.00477878
0.306961	2.30441e-05	0.48695	0.00435461	-0.00173146	-0.00022745
0.306967	1.82323e-05	0.486952	0.00532491	0.0027132	0.00247556
0.306968	1.50056e-05	0.48695	0.00155183	-0.00145849	-0.00209598
0.306972	1.32612e-05	0.486953	0.00352954	-0.00252138	0.00275054
0.306975	9.03587e-06	0.486958	0.00371333	0.00045947	0.00557787
0.306979	1.15581e-05	0.48696	0.0039502	-0.00285654	0.00114056
0.306987	1.28702e-05	0.486965	0.00758451	0.00487358	0.0053546
0.306994	1.30113e-05	0.486965	0.00706029	-0.00315914	0.000147726
0.307002	9.62367e-06	0.486968	0.00807909	0.00215308	0.00291943
0.307006	6.79842e-06	0.486966	0.00414552	-0.00160217	-0.0018718
0.307012	5.48892e-06	0.486969	0.0060886	-0.0018759	0.00306515
0.307018	4.32334e-06	0.486975	0.00614496	0.00145773	0.0060163
0.307025	6.32609e-06	0.486977	0.00621921	-0.00192451	0.00162018
0.307035	9.91645e-06	0.486983	0.00979646	0.00566117	0.00593982
0.307044	9.95859e-06	0.486984	0.00925086	-0.00261878	0.000846435
0.307054	8.54899e-06	0.486987	0.0102837	0.0023364	0.00356198
0.307061	6.30797e-06	0.486986	0.00646283	-0.00154172	-0.00117855
0.307069	4.80871e-06	0.48699	0.00845762	-0.0020747	0.00367293
0.307078	3.96221e-06	0.486996	0.00858018	0.00116928	0.00654365
0.307086	4.84508e-06	0.486998	0.00870294	-0.00217166	0.00209873
0.307099	8.71045e-06	0.487005	0.0122792	0.00551302	0.00638699
0.30711	8.11846e-06	0.487006	0.0117104	-0.0026613	0.00126487
0.307123	7.65316e-06	0.48701	0.0127161	0.00243763	0.00403738
0.307132	5.7278e-06	0.487009	0.00883588	-0.00139374	-0.000696703
0.307143	4.39126e-06	0.487014	0.010803	-0.00183436	0.00420302
0.307153	4.30214e-06	0.487021	0.0109039	0.00142699	0.00710503
0.307165	4.87782e-06	0.487023	0.0110243	-0.00192893	0.00268108
0.307179	9.30687e-06	0.48703	0.0146113	0.0057011	0.00696444
0.307193	8.53142e-06	0.487032	0.014062	-0.00251209	0.00184083
0.307208	8.71711e-06	0.487037	0.0150774	0.00252826	0.00457704
0.307219	6.99202e-06	0.487037	0.0112188	-0.00131526	-0.000161047
0.307233	5.63866e-06	0.487041	0.0131898	-0.00178982	0.00472264
0.307246	5.8566e-06	0.487049	0.0132906	0.0014734	0.00761832
0.307259	6.09153e-06	0.487052	0.013406	-0.00187522	0.00319552
0.307276	1.08076e-05	0.48706	0.0169844	0.00577777	0.00748645
0.307293	9.86742e-06	0.487062	0.0164279	-0.0024169	0.00236723
0.30731	1.05487e-05	0.487067	0.0174398	0.00264327	0.00511533
0.307324	9.01986e-06	0.487067	0.0135762	-0.00119368	0.000379084
0.307339	7.75045e-06	0.487073	0.0155468	-0.00165862	0.00526499
0.307355	8.29638e-06	0.487081	0.015648	0.00160115	0.00815906
0.307371	8.37329e-06	0.487085	0.0157656	-0.00175028	0.00373695
0.30739	1.336e-05	0.487093	0.0193441	0.0058906	0.00802325
0.307409	1.23396e-05	0.487095	0.0187885	-0.00230946	0.00290394
0.307429	1.33925e-05	0.487101	0.019798	0.00274313	0.00564795
0.307445	1.20173e-05	0.487102	0.0159349	-0.00109261	0.000914871
0.307463	1.08057e-05	0.487108	0.0179033	-0.00156046	0.00580116
0.307481	1.15931e-05	0.487117	0.0180027	0.00170239	0.00869652
0.307499	1.15564e-05	0.487121	0.0181192	-0.00164703	0.00427694
0.30752	1.67653e-05	0.487129	0.0216962	0.00599712	0.0085634
0.307541	1.57086e-05	0.487133	0.0211405	-0.0021993	0.00344405
0.307564	1.70795e-05	0.487139	0.0221487	0.00285478	0.00618746
0.307582	1.58552e-05	0.48714	0.0182851	-0.000979846	0.00145507
0.307602	1.47233e-05	0.487147	0.0202522	-0.00144826	0.0063411
0.307623	1.57301e-05	0.487156	0.02035	0.00181364	0.00923642
0.307643	1.56339e-05	0.487161	0.0204655	-0.00153651	0.00481942
0.307667	2.10403e-05	0.48717	0.0240407	0.00610547	0.00910535
0.307691	1.99762e-05	0.487174	0.0234845	-0.00209106	0.00398689
0.307715	2.16148e-05	0.487181	0.0244909	0.0029621	0.00672957
0.307736	2.05284e-05	0.487183	0.020627	-0.000871229	0.00199879
0.307758	1.94775e-05	0.48719	0.0225929	-0.00134006	0.00688465
0.307781	2.06779e-05	0.487199	0.0226893	0.00192258	0.0097802
0.307804	2.05536e-05	0.487205	0.0228037	-0.00142755	0.00536531
0.30783	2.614e-05	0.487214	0.0263771	0.0062147	0.00965064
0.307856	2.50913e-05	0.487219	0.0258204	-0.00198134	0.00453259
0.307883	2.69681e-05	0.487226	0.0268248	0.00307158	0.00727483
0.307906	2.60147e-05	0.487229	0.0229601	-0.000761156	0.00254556
0.307931	2.50502e-05	0.487236	0.0249245	-0.0012308	0.00743149
0.307956	2.6428e-05	0.487246	0.0250192	0.00203178	0.0103276
0.307981	2.62999e-05	0.487252	0.0251323	-0.00131884	0.00591525
0.30801	3.20524e-05	0.487263	0.028704	0.00632329	0.0102
0.308038	3.10342e-05	0.487268	0.0281468	-0.00187273	0.0050824
0.308067	3.31247e-05	0.487275	0.0291492	0.00318	0.00782407
0.308092	3.22988e-05	0.487279	0.0252837	-0.000652149	0.0030962
0.308119	3.14233e-05	0.487287	0.0272467	-0.00112234	0.00798206
0.308147	3.2966e-05	0.487297	0.0273397	0.0021405	0.0108787
0.308174	3.28518e-05	0.487304	0.0274512	-0.00121069	0.00646902
0.308205	3.87604e-05	0.487315	0.031021	0.00643189	0.0107533
0.308236	3.77851e-05	0.48732	0.030463	-0.00176429	0.00563619
0.308267	4.00717e-05	0.487329	0.0314634	0.00328836	0.00837746
0.308295	3.93697e-05	0.487332	0.027597	-0.000543374	0.00365109
0.308324	3.85855e-05	0.487341	0.0295584	-0.00101418	0.00853692
0.308354	4.02835e-05	0.487352	0.0296496	0.00224882	0.0114342
0.308384	4.01971e-05	0.487359	0.0297593	-0.00110307	0.00702729
0.308417	4.62539e-05	0.487371	0.0333273	0.00654018	0.011311
0.30845	4.53307e-05	0.487377	0.0327684	-0.00165634	0.00619437
0.308484	4.77995e-05	0.487386	0.0337667	0.00339641	0.00893525
0.308513	4.72186e-05	0.48739	0.0298992	-0.000434984	0.0042104
0.308545	4.65277e-05	0.487399	0.0318591	-0.000906326	0.00909623
0.308577	4.83736e-05	0.487411	0.0319484	0.00235691	0.0119943
0.308609	4.83258e-05	0.487419	0.0320561	-0.00099579	0.00759031
0.308645	5.4525e-05	0.48743	0.0356222	0.00664844	0.0118735
0.30868	5.36613e-05	0.487437	0.0350623	-0.00154859	0.00675731
0.308716	5.63016e-05	0.487447	0.0360584	0.00350435	0.00949783
0.308748	5.58396e-05	0.487451	0.0321897	-0.000326804	0.00477453
0.308782	5.52435e-05	0.487461	0.0341479	-0.000798693	0.00966036
0.308817	5.72315e-05	0.487474	0.0342352	0.00246479	0.0125593
0.308851	5.72312e-05	0.487482	0.0343407	-0.00088885	0.00815837
0.308889	6.35679e-05	0.487494	0.0379048	0.00675657	0.012441
0.308926	6.27697e-05	0.487502	0.0373438	-0.00144112	0.00732527
0.308965	6.55727e-05	0.487512	0.0383376	0.00361211	0.0100655
0.308999	6.52278e-05	0.487517	0.0344676	-0.000218879	0.00534378
0.309035	6.47278e-05	0.487527	0.0364242	-0.000691309	0.0102296
0.309072	6.68532e-05	0.48754	0.0365093	0.00257243	0.0131296
0.309109	6.69073e-05	0.487549	0.0366124	-0.00078227	0.0087318
0.309149	7.33776e-05	0.487562	0.0401745	0.00686455	0.0130139
0.309188	7.26496e-05	0.48757	0.0396123	-0.00133398	0.00789859
0.309229	7.56082e-05	0.487581	0.0406038	0.00371962	0.0106385
0.309266	7.53789e-05	0.487587	0.0367324	-0.000111297	0.00591845
0.309304	7.49759e-05	0.487597	0.0386872	-0.000584288	0.0108043
0.309343	7.72346e-05	0.487611	0.0387701	0.00267971	0.0137053
0.309382	7.73487e-05	0.48762	0.0388706	-0.000676177	0.0093109
0.309424	8.39491e-05	0.487634	0.0424306	0.00697221	0.0135924
0.309466	8.32952e-05	0.487642	0.0418671	-0.00122729	0.00847756
0.309509	8.64032e-05	0.487654	0.0428561	0.00382674	0.0112171
0.309548	8.62881e-05	0.48766	0.0389831	-4.18098e-06	0.00649884
0.309589	8.59826e-05	0.487671	0.0409361	-0.000477752	0.0113847
0.30963	8.8371e-05	0.487686	0.0410167	0.0027865	0.0142868
0.309671	8.85498e-05	0.487696	0.0411144	-0.000570687	0.00989596
0.309716	9.52773e-05	0.48771	0.0446722	0.00707944	0.0141769
0.30976	9.47004e-05	0.487719	0.0441073	-0.00112119	0.00906245
0.309805	9.79526e-05	0.487731	0.0450939	0.00393334	0.0118017
0.309846	9.79501e-05	0.487738	0.0412191	0.000102351	0.00708523
0.30989	9.77425e-05	0.48775	0.0431702	-0.00037182	0.0119711
0.309933	0.000100258	0.487765	0.0432483	0.0028927	0.0148744
0.309976	0.000100505	0.487775	0.0433431	-0.000465907	0.0104873
0.310023	0.000107356	0.48779	0.0468987	0.00718612	0.0147676
0.310069	0.000106859	0.4878	0.0463323	-0.00101577	0.00965356
0.310117	0.000110251	0.487812	0.0473162	0.00403932	0.0123925
0.31016	0.000110359	0.48782	0.0434397	0.000208209	0.00767789
0.310205	0.00011025	0.487832	0.0453888	-0.000266579	0.0125638
0.310251	0.000112889	0.487848	0.0454644	0.00299821	0.0154683
0.310297	0.000113207	0.487859	0.045556	-0.000361916	0.011085
0.310346	0.00012018	0.487874	0.0491094	0.00729217	0.0153647
0.310394	0.000119764	0.487884	0.0485412	-0.0009111	0.0102511
0.310444	0.000123291	0.487897	0.0495226	0.00414462	0.0129898
0.310489	0.00012351	0.487906	0.0456441	0.000313321	0.00827707
0.310537	0.000123498	0.487919	0.0475911	-0.000162101	0.0131629
0.310585	0.000126258	0.487935	0.0476641	0.00310297	0.0160689
0.310632	0.00012665	0.487946	0.0477523	-0.000258778	0.0116896
0.310684	0.000133743	0.487962	0.0513034	0.00739751	0.0159686
0.310734	0.00013341	0.487973	0.0507335	-0.000807255	0.0108554
0.310786	0.000137068	0.487987	0.0517121	0.00424915	0.0135938
0.310834	0.000137396	0.487996	0.0478315	0.000417625	0.00888301
0.310884	0.000137482	0.488009	0.0497764	-5.8449e-05	0.0137689
0.310934	0.000140361	0.488026	0.0498466	0.0032069	0.0166762
0.310984	0.000140827	0.488038	0.0499314	-0.000156556	0.0123011
0.311037	0.000148038	0.488055	0.05348	0.00750208	0.0165794
0.31109	0.000147788	0.488066	0.0529083	-0.000704295	0.0114666
0.311144	0.000151575	0.488081	0.053884	0.00435285	0.0142048
0.311194	0.00015201	0.48809	0.0500013	0.000521057	0.00949596
0.311246	0.000152193	0.488105	0.051944	4.43114e-05	0.0143818
0.311298	0.000155189	0.488122	0.0520114	0.00330995	0.0172906
0.31135	0.000155732	0.488135	0.0520924	-5.53162e-05	0.0129198
0.311406	0.000163058	0.488152	0.0556386	0.00760581	0.0171973
0.311461	0.000162893	0.488164	0.0550648	-0.000602291	0.012085
0.311517	0.000166805	0.488179	0.0560377	0.00445565	0.0148228
0.311569	0.000167346	0.488189	0.0521527	0.000623545	0.0101161
0.311623	0.000167626	0.488204	0.0540931	0.000146106	0.015002
0.311677	0.000170736	0.488222	0.0541575	0.00341204	0.0179123
0.311731	0.000171356	0.488235	0.0542347	4.48658e-05	0.013546
0.311789	0.000178797	0.488253	0.0577784	0.00770861	0.0178227
0.311846	0.000178716	0.488266	0.0572025	-0.000501318	0.0127107
0.311904	0.000182751	0.488281	0.0581724	0.00455748	0.0154483
0.311959	0.000183396	0.488292	0.0542849	0.000725008	0.0107437
0.312015	0.000183772	0.488308	0.0562231	0.000246854	0.0156295
0.312071	0.000186994	0.488326	0.0562844	0.00351308	0.0185414
0.312128	0.000187693	0.48834	0.0563574	0.00014391	0.0141797
0.312188	0.000195245	0.488359	0.0598986	0.0078104	0.0184556
0.312247	0.000195249	0.488372	0.0593205	-0.00040146	0.013344
0.312307	0.000199404	0.488388	0.0602873	0.00465823	0.0160813
0.312364	0.000200153	0.4884	0.0563973	0.000825366	0.0113788
0.312422	0.000200624	0.488416	0.0583331	0.000346473	0.0162647
0.31248	0.000203956	0.488435	0.0583912	0.00361299	0.0191782
0.312539	0.000204734	0.48845	0.05846	0.000241733	0.0148213
0.312601	0.000212396	0.488469	0.0619986	0.0079111	0.0190963
0.312662	0.000212485	0.488483	0.0614181	-0.000302799	0.0139851
0.312725	0.000216756	0.4885	0.0623818	0.00475784	0.016722
0.312783	0.000217608	0.488512	0.0584891	0.000924534	0.0120218
0.312843	0.000218173	0.488529	0.0604224	0.000444882	0.0169075
0.312904	0.000221614	0.488548	0.0604773	0.00371168	0.0198227
0.312964	0.00022247	0.488564	0.0605416	0.000338255	0.0154707
0.313029	0.00023024	0.488584	0.0640775	0.00801062	0.0197449
0.313092	0.000230413	0.488598	0.0634945	-0.000205415	0.014634
0.313157	0.000234799	0.488615	0.0644551	0.00485622	0.0173706
0.313217	0.000235751	0.488628	0.0605596	0.00102243	0.0126726
0.31328	0.00023641	0.488646	0.0624904	0.000541998	0.0175583
0.313342	0.000239957	0.488666	0.0625419	0.00380909	0.0204753
0.313405	0.000240892	0.488682	0.0626015	0.000433394	0.0161283
0.313471	0.000248768	0.488703	0.0661347	0.00810888	0.0204015
0.313536	0.000249025	0.488718	0.0655492	-0.000109389	0.0152909
0.313603	0.000253524	0.488736	0.0665065	0.00495328	0.0180271
0.313666	0.000254574	0.488749	0.0626081	0.00111898	0.0133315
0.31373	0.000255325	0.488768	0.0645363	0.000637741	0.0182171
0.313795	0.000258976	0.488789	0.0645843	0.00390512	0.0211358
0.313859	0.00025999	0.488805	0.064639	0.000527072	0.0167941
0.313928	0.00026797	0.488826	0.0681695	0.0082058	0.0210663
0.313995	0.000268311	0.488842	0.0675813	-1.47997e-05	0.015956
0.314064	0.000272919	0.488861	0.0685353	0.00504895	0.0186919
0.314128	0.000274066	0.488875	0.0646338	0.0012141	0.0139985
0.314195	0.000274909	0.488894	0.0665593	0.000732033	0.0188841
0.314261	0.000278662	0.488916	0.0666037	0.00399969	0.0218046
0.314328	0.000279754	0.488933	0.0666534	0.000619207	0.0174682
0.314398	0.000287835	0.488955	0.0701811	0.00830129	0.0217393
0.314468	0.00028826	0.488972	0.0695901	7.82733e-05	0.0166294
0.314538	0.000292975	0.488991	0.0705407	0.00514315	0.0193648
0.314605	0.000294218	0.489006	0.0666361	0.00130771	0.0146739
0.314674	0.00029515	0.489025	0.0685588	0.000824792	0.0195593
0.314742	0.000299003	0.489048	0.0685996	0.00409272	0.0224817
0.314811	0.000300172	0.489066	0.068644	0.000709721	0.0181507
0.314883	0.000308354	0.489088	0.0721688	0.00839528	0.0224208
0.314955	0.00030886	0.489105	0.0715749	0.00016975	0.017311
0.315027	0.00031368	0.489125	0.072522	0.00523578	0.0200461
0.315096	0.000315017	0.489141	0.0686141	0.00139973	0.0153576
0.315166	0.000316038	0.489161	0.0705341	0.000915939	0.0202429
0.315237	0.000319989	0.489184	0.0705711	0.00418413	0.0231671
0.315308	0.000321234	0.489203	0.07061	0.000798531	0.0188417
0.315382	0.000329515	0.489226	0.074132	0.00848768	0.0231106
0.315455	0.000330102	0.489244	0.073535	0.000259549	0.0180012
0.31553	0.000335023	0.489265	0.0744785	0.00532678	0.0207358
0.3156	0.000336453	0.489281	0.0705673	0.00149008	0.0160497
0.315673	0.00033756	0.489302	0.0724844	0.00100539	0.0209348
0.315745	0.000341607	0.489326	0.0725175	0.00427384	0.023861
0.315818	0.000342928	0.489345	0.0725508	0.000885556	0.0195413
0.315894	0.000351305	0.489369	0.0760698	0.00857841	0.023809
0.315969	0.000351971	0.489388	0.0754697	0.000347588	0.0186997
0.316046	0.000356993	0.489409	0.0764096	0.00541605	0.0214339
0.316118	0.000358513	0.489426	0.0724948	0.00157868	0.0167503
0.316193	0.000359705	0.489447	0.074409	0.00109306	0.0216352
0.316267	0.000363846	0.489472	0.0744381	0.00436176	0.0245633
0.316342	0.000365241	0.489492	0.0744656	0.000970713	0.0202494
0.31642	0.000373711	0.489517	0.0779816	0.00866738	0.0245159
0.316497	0.000374456	0.489536	0.0773782	0.000433786	0.0194068
0.316575	0.000379575	0.489558	0.0783145	0.00550352	0.0221405
0.31665	0.000381183	0.489576	0.0743961	0.00166543	0.0174594
0.316726	0.000382459	0.489598	0.0763073	0.00117888	0.022344
0.316802	0.000386692	0.489623	0.0763323	0.00444781	0.0252742
0.316879	0.00038816	0.489644	0.0763537	0.00105392	0.0209661
0.316959	0.000396722	0.489669	0.0798668	0.00875451	0.0252314
0.317038	0.000397544	0.489689	0.0792599	0.000518061	0.0201224
0.317118	0.000402758	0.489712	0.0801925	0.00558909	0.0228555
0.317194	0.000404452	0.48973	0.0762703	0.00175027	0.018177
0.317273	0.00040581	0.489754	0.0781785	0.00126275	0.0230614
0.317351	0.000410131	0.48978	0.0781993	0.00453191	0.0259935
0.317429	0.000411671	0.489801	0.0782145	0.00113509	0.0216915
0.317511	0.000420323	0.489827	0.0817245	0.00883971	0.0259554
0.317592	0.00042122	0.489848	0.0811142	0.00060033	0.0208465
0.317674	0.000426527	0.489872	0.0820429	0.0056727	0.0235791
0.317752	0.000428305	0.48989	0.0781168	0.0018331	0.0189031
0.317832	0.000429742	0.489914	0.0800219	0.0013446	0.0237871
0.317912	0.000434151	0.489941	0.0800385	0.00461397	0.0267213
0.317992	0.00043576	0.489963	0.0800472	0.00121415	0.0224254
0.318076	0.0004445	0.48999	0.0835541	0.0089229	0.0266879
0.318159	0.000445471	0.490012	0.0829402	0.000680512	0.0215791
0.318243	0.000450867	0.490036	0.0838651	0.00575424	0.024311
0.318323	0.000452727	0.490055	0.0799349	0.00191384	0.0196376
0.318404	0.000454242	0.49008	0.0818369	0.00142434	0.0245214
0.318486	0.000458736	0.490107	0.0818491	0.0046939	0.0274575
0.318568	0.000460413	0.490131	0.0818512	0.00129101	0.0231679
0.318653	0.000469238	0.490158	0.0853549	0.009004	0.0274289
0.318738	0.00047028	0.49018	0.0847373	0.000758523	0.0223201
0.318824	0.000475764	0.490205	0.0856582	0.00583364	0.0250514
0.318906	0.000477704	0.490226	0.081724	0.00199242	0.0203806
0.318989	0.000479295	0.490251	0.0836228	0.00150188	0.0252639
0.319073	0.00048387	0.490279	0.0836305	0.00477163	0.0282022
0.319156	0.000485614	0.490303	0.0836257	0.00136559	0.0239188
0.319244	0.000494522	0.490331	0.0871263	0.00908292	0.0281784
0.31933	0.000495634	0.490354	0.0865048	0.000834283	0.0230695
0.319418	0.000501202	0.49038	0.0874218	0.00591081	0.0258001
0.319501	0.00050322	0.490401	0.0834832	0.00206875	0.0211319
0.319586	0.000504884	0.490427	0.0853788	0.00157716	0.0260148
0.319672	0.000509539	0.490456	0.085382	0.00484707	0.0289551
0.319757	0.000511347	0.490481	0.0853701	0.0014378	0.0246782
0.319846	0.000520335	0.49051	0.0888675	0.00915958	0.0289361
0.319934	0.000521515	0.490533	0.0882421	0.000907709	0.0238272
0.320024	0.000527165	0.49056	0.089155	0.00598567	0.0265571
0.320109	0.000529258	0.490582	0.0852121	0.00214274	0.0218914
0.320196	0.000530994	0.490609	0.0871044	0.00165008	0.0267739
0.320283	0.000535725	0.490638	0.087103	0.00492013	0.0297162
0.32037	0.000537596	0.490664	0.0870838	0.00150757	0.0254458
0.320461	0.000546662	0.490693	0.090578	0.00923389	0.0297021
0.320551	0.000547908	0.490718	0.0899484	0.000978719	0.024593
0.320641	0.000553637	0.490745	0.0908573	0.00605815	0.0273221
0.320728	0.000555802	0.490768	0.0869098	0.00221431	0.0226591
0.320817	0.000557606	0.490795	0.0887989	0.00172057	0.027541
0.320906	0.000562413	0.490826	0.0887927	0.00499074	0.0304854
0.320995	0.000564344	0.490852	0.088766	0.00157481	0.0262216
0.321087	0.000573485	0.490882	0.0922569	0.00930577	0.0304762
0.321179	0.000574794	0.490908	0.0916232	0.00104723	0.0253669
0.321271	0.000580599	0.490936	0.092528	0.00612814	0.0280952
0.32136	0.000582835	0.490959	0.0885759	0.00228339	0.0234348
0.32145	0.000584705	0.490988	0.0904615	0.00178853	0.0283161
0.321541	0.000589583	0.491019	0.0904505	0.0050588	0.0312626
0.321631	0.000591572	0.491046	0.0904162	0.00163944	0.0270053
0.321725	0.000600786	0.491077	0.0939038	0.00937513	0.0312582
0.321818	0.000602156	0.491103	0.0932658	0.00111316	0.0261487
0.321913	0.000608035	0.491132	0.0941663	0.00619557	0.0288761
0.322003	0.000610338	0.491156	0.0902095	0.00234988	0.0242183
0.322095	0.000612272	0.491185	0.0920917	0.00185389	0.029099
0.322187	0.000617219	0.491217	0.0920758	0.00512424	0.0320475
0.322279	0.000619264	0.491245	0.0920336	0.00170137	0.027797
0.322375	0.000628547	0.491277	0.0955179	0.0094419	0.032048
0.322469	0.000629976	0.491304	0.0948754	0.00117644	0.0269382
0.322565	0.000635925	0.491334	0.0957718	0.00626037	0.0296647
0.322657	0.000638293	0.491359	0.09181	0.00241371	0.0250094
0.322751	0.000640289	0.491389	0.0936888	0.00191657	0.0298895
0.322844	0.000645301	0.491421	0.0936679	0.00518697	0.03284
0.322938	0.000647399	0.49145	0.0936176	0.00176054	0.0285963
0.323035	0.000656749	0.491483	0.0970986	0.00950598	0.0328453
0.323132	0.000658234	0.49151	0.0964516	0.00123697	0.0277352
0.323229	0.000664251	0.491541	0.0973437	0.00632243	0.0304607
0.323322	0.000666681	0.491567	0.0933769	0.0024748	0.025808
0.323418	0.000668735	0.491597	0.0952523	0.00197649	0.0306873
0.323513	0.000673811	0.491631	0.0952262	0.00524692	0.0336399
0.323608	0.000675959	0.49166	0.0951676	0.00181685	0.029403
0.323707	0.000685373	0.491694	0.0986453	0.0095673	0.0336501
0.323805	0.000686912	0.491722	0.0979937	0.00129469	0.0285395
0.323904	0.000692994	0.491754	0.0988814	0.0063817	0.031264
0.323999	0.000695482	0.49178	0.0949095	0.00253306	0.0266139
0.324095	0.000697593	0.491812	0.0967814	0.00203357	0.0314924
0.324192	0.000702728	0.491846	0.0967502	0.00530399	0.034447
0.324289	0.000704924	0.491876	0.096683	0.00187023	0.0302169
0.324389	0.000714399	0.491911	0.100157	0.00962578	0.034462
0.324489	0.000715989	0.49194	0.099501	0.00134951	0.0293509
0.324589	0.000722132	0.491972	0.100384	0.00643807	0.0320743
0.324685	0.000724677	0.492	0.0964072	0.00258842	0.0274267
0.324784	0.00072684	0.492032	0.0982755	0.00208773	0.0323044
0.324882	0.000732032	0.492067	0.0982391	0.00535812	0.035261
0.32498	0.000734273	0.492098	0.0981632	0.00192059	0.0310378
0.325082	0.000743807	0.492133	0.101634	0.00968133	0.0352807
0.325183	0.000745444	0.492164	0.100973	0.00140135	0.0301691
0.325285	0.000751646	0.492196	0.101852	0.00649149	0.0328913
0.325382	0.000754244	0.492225	0.0978694	0.00264079	0.0282463
0.325482	0.000756457	0.492258	0.0997341	0.00213888	0.033123
0.325582	0.000761703	0.492294	0.0996924	0.00540922	0.0360816
0.325682	0.000763986	0.492326	0.0996076	0.00196787	0.0318654
0.325785	0.000773574	0.492362	0.103075	0.00973388	0.0361061
0.325887	0.000775257	0.492393	0.102409	0.00145013	0.0309938
0.32599	0.000781513	0.492426	0.103284	0.00654186	0.0337148
0.32609	0.000784161	0.492455	0.0992955	0.00269011	0.0290723
0.326191	0.000786421	0.492489	0.101157	0.00218696	0.033948
0.326292	0.000791718	0.492526	0.101109	0.00545721	0.0369085
0.326393	0.000794041	0.492559	0.101016	0.00201198	0.0326993
0.326497	0.000803681	0.492596	0.10448	0.00978335	0.0369377
0.326601	0.000805405	0.492628	0.103809	0.00149579	0.0318248
0.326706	0.000811713	0.492662	0.104679	0.0065891	0.0345445
0.326807	0.000814408	0.492692	0.100685	0.00273629	0.0299044
0.326909	0.000816712	0.492727	0.102542	0.00223189	0.0347791
0.327012	0.000822056	0.492764	0.10249	0.00550201	0.0377415
0.327114	0.000824415	0.492798	0.102387	0.00205285	0.0335393
0.32722	0.000834104	0.492836	0.105847	0.00982966	0.0377753
0.327325	0.000835867	0.492868	0.105171	0.00153825	0.0326616
0.327431	0.000842224	0.492904	0.106036	0.00663315	0.03538
0.327533	0.000844962	0.492934	0.102037	0.00277926	0.0307423
0.327637	0.000847307	0.49297	0.103891	0.00227359	0.0356158
0.327741	0.000852695	0.493008	0.103833	0.00554356	0.0385802
0.327845	0.000855087	0.493043	0.10372	0.0020904	0.034385
0.327952	0.00086482	0.493081	0.107177	0.00987273	0.0386186
0.328059	0.00086662	0.493115	0.106496	0.00157742	0.033504
0.328166	0.000873021	0.493151	0.107357	0.00667393	0.0362209
0.328269	0.0008758	0.493183	0.103352	0.00281895	0.0315856
0.328374	0.000878182	0.493219	0.105202	0.002312	0.036458
0.32848	0.00088361	0.493258	0.105138	0.00558177	0.0394241
0.328585	0.000886032	0.493294	0.105015	0.00212456	0.035236
0.328693	0.000895807	0.493333	0.108469	0.00991249	0.0394671
0.328801	0.00089764	0.493367	0.107782	0.00161325	0.0343516
0.32891	0.000904082	0.493404	0.108639	0.00671136	0.037067
0.329014	0.000906898	0.493437	0.104628	0.00285528	0.0324341
0.329121	0.000909314	0.493474	0.106474	0.00234703	0.0373051
0.329227	0.000914779	0.493514	0.106405	0.00561658	0.0402731
0.329333	0.000917228	0.49355	0.106272	0.00215527	0.036092
0.329443	0.000927042	0.493591	0.109723	0.00994886	0.0403205
0.329552	0.000928904	0.493626	0.10903	0.00164566	0.0352039
0.329662	0.000935384	0.493664	0.109882	0.00674537	0.0379178
0.329768	0.000938233	0.493697	0.105865	0.00288818	0.0332871
0.329876	0.00094068	0.493735	0.107708	0.00237862	0.0381568
0.329983	0.000946178	0.493776	0.107632	0.0056479	0.0411266
0.330091	0.00094865	0.493813	0.10749	0.00218244	0.0369526
0.330202	0.000958499	0.493854	0.110937	0.00998179	0.0411783
0.330312	0.000960387	0.49389	0.110239	0.00167458	0.0360606
0.330423	0.000966901	0.493929	0.111086	0.00677589	0.0387728
0.33053	0.00096978	0.493963	0.107063	0.00291758	0.0341445
0.330639	0.000972254	0.494002	0.108902	0.0024067	0.0390127
0.330748	0.000977782	0.494044	0.108821	0.00567568	0.0419842
0.330857	0.000980274	0.494082	0.108668	0.00220602	0.0378172
0.330969	0.000990154	0.494124	0.112112	0.0100112	0.0420402
0.33108	0.000992064	0.494161	0.111408	0.00169995	0.0369213
0.331193	0.000998609	0.4942	0.11225	0.00680286	0.0396318
0.331301	0.00100151	0.494235	0.108221	0.00294342	0.0350056
0.331411	0.00100401	0.494275	0.110056	0.0024312	0.0398724
0.331521	0.00100957	0.494318	0.109969	0.00569985	0.0428454
0.331631	0.00101207	0.494357	0.109806	0.00222593	0.0386856
0.331744	0.00102198	0.4944	0.113246	0.010037	0.0429057
0.331857	0.00102391	0.494437	0.112536	0.00172169	0.0377855
0.33197	0.00103048	0.494478	0.113374	0.0068262	0.0404941
0.332079	0.00103341	0.494514	0.109338	0.00296563	0.0358701
0.33219	0.00103593	0.494554	0.11117	0.00245207	0.0407352
0.332302	0.00104151	0.494598	0.111077	0.00572033	0.0437099
0.332413	0.00104403	0.494638	0.110903	0.00224212	0.0395571
0.332527	0.00105396	0.494681	0.11434	0.0100591	0.0437743
0.332641	0.0010559	0.49472	0.113624	0.00173976	0.0386526
0.332755	0.0010625	0.494761	0.114458	0.00684586	0.0413594
0.332865	0.00106544	0.494798	0.110415	0.00298414	0.0367374
0.332978	0.00106798	0.494839	0.112243	0.00246923	0.0416009
0.33309	0.00107357	0.494884	0.112144	0.00573707	0.0445771
0.333202	0.0010761	0.494924	0.111959	0.00225452	0.0404313
0.333317	0.00108605	0.494969	0.115393	0.0100776	0.0446454
0.333432	0.00108801	0.495009	0.114671	0.00175408	0.0395223
0.333547	0.00109462	0.495051	0.1155	0.00686177	0.0422271
0.333659	0.00109759	0.495088	0.111451	0.00299891	0.0376071
0.333772	0.00110013	0.495131	0.113275	0.00248263	0.0424689
0.333885	0.00110574	0.495176	0.11317	0.00575	0.0454465
0.333998	0.00110828	0.495217	0.112974	0.00226308	0.0413077
0.334115	0.00111825	0.495263	0.116404	0.0100922	0.0455187
0.334231	0.00112021	0.495303	0.115677	0.0017646	0.040394
0.334347	0.00112684	0.495346	0.116501	0.00687387	0.0430967
0.33446	0.00112981	0.495385	0.112445	0.00300986	0.0384787
0.334574	0.00113237	0.495428	0.114266	0.0024922	0.0433386
0.334688	0.00113799	0.495474	0.114155	0.00575907	0.0463177
0.334802	0.00114053	0.495516	0.113947	0.00226773	0.0421858
0.334919	0.0011505	0.495563	0.117374	0.010103	0.0463936
0.335036	0.00115247	0.495604	0.11664	0.00177126	0.0412671
0.335154	0.00115911	0.495648	0.11746	0.0068821	0.0439677
0.335267	0.00116209	0.495687	0.113397	0.00301694	0.0393515
0.335382	0.00116466	0.495731	0.115214	0.00249791	0.0442095
0.335497	0.00117028	0.495779	0.115097	0.00576423	0.0471899
0.335612	0.00117282	0.495822	0.114877	0.00226842	0.043065
0.335731	0.0011828	0.495869	0.118301	0.0101099	0.0472695
0.335848	0.00118477	0.495911	0.117561	0.00177401	0.0421412
0.335967	0.00119142	0.495956	0.118376	0.00688641	0.0448395
0.336081	0.00119441	0.495996	0.114306	0.00302011	0.0402252
0.336197	0.00119697	0.496041	0.11612	0.00249968	0.0450811
0.336313	0.0012026	0.496089	0.115996	0.00576541	0.0480628
0.336429	0.00120513	0.496133	0.115765	0.00226511	0.0439447
0.336548	0.00121512	0.496181	0.119186	0.0101129	0.0481458
0.336666	0.00121708	0.496224	0.11844	0.00177281	0.0430156
0.336786	0.00122373	0.49627	0.11925	0.00688675	0.0457115
0.336901	0.00122672	0.496311	0.115173	0.0030193	0.0410989
0.337018	0.00122928	0.496357	0.116983	0.00249748	0.0459527
0.337135	0.00123491	0.496406	0.116853	0.00576256	0.0489356
0.337251	0.00123742	0.49645	0.11661	0.00225773	0.0448244
0.337372	0.00124742	0.496499	0.120027	0.0101118	0.049022
0.337491	0.00124938	0.496543	0.119275	0.00176759	0.0438897
0.337611	0.00125602	0.49659	0.12008	0.00688307	0.0465832
0.337727	0.001259	0.496632	0.115997	0.00301447	0.0419723
0.337845	0.00126156	0.496678	0.117803	0.00249126	0.0468239
0.337962	0.00126718	0.496728	0.117667	0.00575565	0.0498079
0.33808	0.00126968	0.496774	0.117411	0.00224626	0.0457034
0.338201	0.00127967	0.496824	0.120826	0.0101067	0.0498974
0.338321	0.00128162	0.496868	0.120067	0.00175833	0.044763
0.338442	0.00128826	0.496916	0.120868	0.00687533	0.047454
0.338559	0.00129123	0.496959	0.116777	0.00300558	0.0428446
0.338677	0.00129378	0.497006	0.118579	0.00248097	0.0476939
0.338796	0.00129939	0.497057	0.118437	0.00574463	0.0506789
0.338914	0.00130187	0.497104	0.118169	0.00223064	0.0465811
0.339035	0.00131185	0.497154	0.121581	0.0100976	0.0507715
0.339156	0.00131379	0.4972	0.120815	0.00174497	0.0456348
0.339278	0.00132042	0.497248	0.121611	0.00686348	0.0483232
0.339395	0.00132338	0.497292	0.117513	0.00299259	0.0437152
0.339515	0.00132591	0.49734	0.119312	0.00246657	0.0485621
0.339634	0.00133151	0.497392	0.119164	0.00572945	0.0515481
0.339753	0.00133397	0.497439	0.118883	0.00221084	0.0474569
0.339875	0.00134394	0.497491	0.122291	0.0100843	0.0516436
0.339997	0.00134585	0.497537	0.121519	0.00172748	0.0465045
0.340119	0.00135247	0.497586	0.122311	0.00684748	0.0491901
0.340237	0.00135541	0.497631	0.118205	0.00297546	0.0445836
0.340357	0.00135792	0.49768	0.120001	0.00244803	0.0494279
0.340477	0.0013635	0.497733	0.119846	0.00571008	0.0524148
0.340597	0.00136594	0.497781	0.119553	0.00218683	0.0483302
0.34072	0.00137589	0.497834	0.122958	0.0100668	0.052513
0.340842	0.00137778	0.497881	0.122179	0.00170582	0.0473714
0.340965	0.00138438	0.497931	0.122966	0.00682729	0.0500542
0.341084	0.0013873	0.497976	0.118853	0.00295415	0.0454489
0.341205	0.00138979	0.498027	0.120645	0.00242531	0.0502906
0.341325	0.00139535	0.49808	0.120484	0.00568649	0.0532783
0.341445	0.00139775	0.498129	0.120178	0.00215856	0.0492002
0.341569	0.00140768	0.498182	0.12358	0.0100451	0.053379
0.341692	0.00140955	0.49823	0.122795	0.00167997	0.0482348
0.341815	0.00141613	0.498281	0.123577	0.0068029	0.0509147
0.341935	0.00141902	0.498328	0.119457	0.00292863	0.0463106
0.342056	0.00142148	0.498379	0.121245	0.00239839	0.0511496
0.342177	0.00142701	0.498433	0.121078	0.00565864	0.0541379
0.342298	0.00142938	0.498483	0.120759	0.00212602	0.0500662
0.342422	0.00143929	0.498537	0.124158	0.0100192	0.0542411
0.342545	0.00144112	0.498586	0.123366	0.00164989	0.0490941
0.34267	0.00144767	0.498638	0.124144	0.00677426	0.051771
0.34279	0.00145054	0.498685	0.120016	0.00289888	0.0471679
0.342912	0.00145296	0.498737	0.1218	0.00236723	0.0520042
0.343033	0.00145846	0.498792	0.121626	0.00562651	0.0549931
0.343155	0.0014608	0.498843	0.121294	0.00208917	0.0509277
0.343279	0.00147067	0.498898	0.124691	0.00998902	0.0550984
0.343403	0.00147247	0.498948	0.123892	0.00161557	0.0499485
0.343528	0.00147899	0.499	0.124665	0.00674135	0.0526223
0.343648	0.00148182	0.499048	0.120529	0.00286487	0.0480202
0.343771	0.00148421	0.499101	0.122311	0.00233182	0.0528536
0.343893	0.00148968	0.499157	0.122131	0.00559008	0.055843
0.344015	0.00149197	0.499209	0.121785	0.002048	0.0517837
0.34414	0.00150181	0.499265	0.125179	0.00995456	0.0559502
0.344264	0.00150356	0.499315	0.124373	0.00157698	0.0507974
0.34439	0.00151005	0.499369	0.125141	0.00670416	0.0534679
0.344511	0.00151285	0.499418	0.120998	0.00282659	0.0488667
0.344633	0.0015152	0.499471	0.122776	0.00229213	0.0536971
0.344756	0.00152062	0.499528	0.122589	0.00554932	0.0566869
0.344878	0.00152286	0.49958	0.12223	0.0020025	0.0526338
0.345004	0.00153267	0.499637	0.125621	0.00991581	0.056796
0.345129	0.00153438	0.499689	0.124808	0.00153411	0.05164
0.345254	0.00154083	0.499743	0.125573	0.00666266	0.0543072
0.345376	0.00154358	0.499793	0.121422	0.00278401	0.0497067
0.345499	0.00154588	0.499847	0.123196	0.00224816	0.054534
0.345622	0.00155127	0.499905	0.123003	0.00550423	0.0575241
0.345745	0.00155345	0.499958	0.122631	0.00195264	0.053477
0.345871	0.00156322	0.500016	0.126019	0.00987275	0.0576348
0.345996	0.00156488	0.500068	0.125199	0.00148695	0.0524755
0.346122	0.00157128	0.500123	0.125959	0.00661685	0.0551393
0.346244	0.00157399	0.500174	0.1218	0.00273714	0.0505395
0.346367	0.00157624	0.500229	0.123571	0.00219989	0.0553636
0.346491	0.00158158	0.500287	0.123372	0.00545479	0.0583538
0.346614	0.00158371	0.500342	0.122985	0.00189843	0.0543126
0.34674	0.00159343	0.5004	0.126371	0.00982536	0.0584659
0.346866	0.00159504	0.500453	0.125544	0.00143548	0.0533033
0.346992	0.00160139	0.500509	0.1263	0.00656671	0.0559635
0.347114	0.00160405	0.500561	0.122133	0.00268595	0.0513642
0.347238	0.00160625	0.500617	0.123901	0.00214732	0.056185
0.347362	0.00161153	0.500676	0.123695	0.00540099	0.0591754
0.347485	0.0016136	0.500731	0.123295	0.00183985	0.0551399
0.347612	0.00162327	0.50079	0.126678	0.00977364	0.0592887
0.347738	0.00162482	0.500844	0.125844	0.00137972	0.0541225
0.347864	0.00163112	0.500901	0.126595	0.00651225	0.0567791
0.347987	0.00163372	0.500953	0.12242	0.00263045	0.0521803
0.348111	0.00163587	0.50101	0.124186	0.00209044	0.0569977
0.348235	0.00164109	0.50107	0.123973	0.00534284	0.059988
0.348359	0.0016431	0.501126	0.123559	0.00177691	0.0559582
0.348486	0.00165271	0.501186	0.126939	0.00971759	0.0601023
0.348612	0.0016542	0.501241	0.126098	0.00131964	0.0549324
0.348739	0.00166044	0.501298	0.126845	0.00645345	0.0575853
0.348861	0.00166299	0.501351	0.122662	0.00257064	0.0529868
0.348986	0.00166507	0.501409	0.124425	0.00202926	0.0578007
0.34911	0.00167023	0.50147	0.124206	0.00528034	0.0607909
0.349234	0.00167217	0.501527	0.123777	0.00170961	0.0567666
0.349361	0.00168172	0.501587	0.127155	0.00965722	0.0609059
0.349487	0.00168314	0.501643	0.126307	0.00125527	0.0557323
0.349615	0.00168933	0.501701	0.12705	0.00639034	0.0583814
0.349737	0.0016918	0.501755	0.122859	0.00250652	0.053783
0.349862	0.00169382	0.501814	0.124618	0.00196379	0.0585933
0.349987	0.00169892	0.501875	0.124393	0.0052135	0.0615833
0.35011	0.00170078	0.501933	0.12395	0.00163797	0.0575643
0.350238	0.00171027	0.501994	0.127326	0.00959252	0.0616989
0.350364	0.00171162	0.502051	0.12647	0.00118662	0.0565213
0.350492	0.00171774	0.50211	0.127209	0.0063229	0.0591664
0.350615	0.00172015	0.502165	0.12301	0.00243811	0.0545681
0.350739	0.0017221	0.502224	0.124767	0.00189403	0.0593747
0.350864	0.00172712	0.502286	0.124535	0.00514232	0.0623644
0.350988	0.00172891	0.502345	0.124077	0.001562	0.0583507
0.351116	0.00173833	0.502407	0.127451	0.00952352	0.0624803
0.351242	0.00173961	0.502464	0.126588	0.00111369	0.0572986
0.35137	0.00174566	0.502524	0.127323	0.00625117	0.0599398
0.351493	0.00174799	0.502579	0.123116	0.00236542	0.0553413
0.351618	0.00174987	0.50264	0.12487	0.00182001	0.0601442
0.351742	0.00175482	0.502703	0.124632	0.00506683	0.0631334
0.351867	0.00175652	0.502762	0.12416	0.00148171	0.0591248
0.351994	0.00176587	0.502825	0.127531	0.00945022	0.0632494
0.352121	0.00176707	0.502883	0.126661	0.00103651	0.0580635
0.352248	0.00177304	0.502944	0.127392	0.00617516	0.0607006
0.352371	0.0017753	0.503	0.123177	0.00228847	0.0561019
0.352496	0.0017771	0.50306	0.124928	0.00174174	0.0609009
0.352621	0.00178197	0.503124	0.124684	0.00498704	0.0638895
0.352745	0.00178359	0.503184	0.124196	0.00139712	0.0598859
0.352873	0.00179286	0.503248	0.127566	0.00937265	0.0640054
0.353	0.00179397	0.503307	0.126689	0.000955092	0.0588152
0.353127	0.00179987	0.503368	0.127416	0.00609489	0.061448
0.35325	0.00180205	0.503425	0.123192	0.00220729	0.0568491
0.353375	0.00180376	0.503487	0.124941	0.00165924	0.0616441
0.3535	0.00180855	0.503551	0.12469	0.00490298	0.064632
0.353624	0.00181007	0.503612	0.124188	0.00130828	0.0606332
0.353752	0.00181926	0.503677	0.127556	0.00929084	0.0647476
0.353879	0.00182029	0.503736	0.126672	0.000869478	0.0595529
0.354006	0.00182611	0.503798	0.127395	0.0060104	0.0621814
0.354129	0.0018282	0.503856	0.123163	0.0021219	0.0575819
0.354254	0.00182982	0.503918	0.124909	0.00157256	0.0623729
0.354379	0.00183453	0.503983	0.124652	0.00481469	0.06536
0.354503	0.00183596	0.504045	0.124135	0.00121521	0.0613659
0.354631	0.00184506	0.50411	0.127501	0.00920481	0.065475
0.354757	0.001846	0.50417	0.126609	0.000779694	0.0602757
0.354885	0.00185173	0.504233	0.127329	0.0059217	0.0628998
0.355008	0.00185373	0.504292	0.123089	0.00203234	0.0582998
0.355133	0.00185526	0.504355	0.124832	0.00148172	0.0630866
0.355257	0.00185987	0.504421	0.124569	0.00472219	0.0660728
0.355381	0.00186121	0.504483	0.124038	0.00111794	0.0620831
0.355509	0.00187022	0.504549	0.127402	0.00911461	0.066187
0.355635	0.00187106	0.50461	0.126503	0.00068578	0.060983
0.355762	0.0018767	0.504673	0.127218	0.00582884	0.0636025
0.355885	0.00187861	0.504732	0.12297	0.00193864	0.0590018
0.35601	0.00188004	0.504796	0.124711	0.00138676	0.0637844
0.356135	0.00188456	0.504863	0.124442	0.00462552	0.0667696
0.356259	0.00188579	0.504925	0.123895	0.00101652	0.0627842
0.356386	0.00189471	0.504992	0.127258	0.00902026	0.0668827
0.356512	0.00189546	0.505054	0.126352	0.000587776	0.0616738
0.356639	0.00190099	0.505118	0.127064	0.00573187	0.0642887
0.356762	0.00190281	0.505178	0.122807	0.00184085	0.0596871
0.356887	0.00190414	0.505242	0.124546	0.00128773	0.0644654
0.357011	0.00190856	0.50531	0.124271	0.00452474	0.0674495
0.357135	0.00190968	0.505373	0.123709	0.000911001	0.0634683
0.357262	0.0019185	0.505441	0.12707	0.00892182	0.0675613
0.357388	0.00191915	0.505503	0.126156	0.00048573	0.0623474
0.357515	0.00192458	0.505568	0.126865	0.00563082	0.0649576
0.357638	0.00192629	0.505628	0.1226	0.00173902	0.0603551
0.357762	0.00192753	0.505693	0.124337	0.00118467	0.0651289
0.357886	0.00193184	0.505761	0.124056	0.00441988	0.0681117
0.35801	0.00193285	0.505825	0.123478	0.000801427	0.0641345
0.358137	0.00194157	0.505893	0.126838	0.00881934	0.0682221
0.358263	0.00194211	0.505956	0.125917	0.000379694	0.063003
0.358389	0.00194744	0.506022	0.126622	0.00552576	0.0656085
0.358512	0.00194905	0.506083	0.12235	0.00163319	0.0610048
0.358636	0.00195017	0.506149	0.124084	0.00107764	0.0657741
0.35876	0.00195437	0.506217	0.123797	0.00431101	0.0687556
0.358883	0.00195527	0.506282	0.123204	0.000687857	0.0647822
0.359009	0.00196389	0.506351	0.126563	0.00871286	0.0688642
0.359135	0.00196431	0.506415	0.125635	0.000269722	0.0636398
0.359261	0.00196954	0.506481	0.126337	0.00541673	0.0662404
0.359383	0.00197103	0.506542	0.122056	0.00152343	0.0616355
0.359507	0.00197205	0.506609	0.123788	0.000966689	0.0664002
0.359631	0.00197614	0.506678	0.123495	0.00419818	0.0693802
0.359754	0.00197691	0.506743	0.122887	0.000570351	0.0654105
0.35988	0.00198542	0.506813	0.126244	0.00860245	0.0694868
0.360005	0.00198573	0.506877	0.125309	0.000155875	0.064257
0.360131	0.00199084	0.506944	0.126008	0.00530379	0.0668527
0.360253	0.00199222	0.507006	0.121718	0.0014098	0.0622464
0.360377	0.00199312	0.507073	0.123449	0.000851889	0.0670065
0.3605	0.0019971	0.507143	0.12315	0.00408145	0.0699848
0.360622	0.00199775	0.507209	0.122526	0.000448973	0.0660187
0.360748	0.00200614	0.507279	0.125883	0.00848817	0.0700893
0.360873	0.00200633	0.507344	0.12494	3.82176e-05	0.0648539
0.360999	0.00201133	0.507411	0.125636	0.00518702	0.0674446
0.36112	0.0020126	0.507474	0.121339	0.00129235	0.0628367
0.361243	0.00201338	0.507542	0.123067	0.000733301	0.0675921
0.361366	0.00201723	0.507612	0.122763	0.0039609	0.0705688
0.361488	0.00201776	0.507679	0.122123	0.000323794	0.0666059
0.361614	0.00202603	0.507749	0.125479	0.00837008	0.0706707
0.361739	0.0020261	0.507815	0.124529	-8.31814e-05	0.0654297
0.361864	0.00203098	0.507883	0.125222	0.00506647	0.0680152
0.361985	0.00203212	0.507946	0.120916	0.00117117	0.0634058
0.362107	0.00203278	0.508014	0.122643	0.000610996	0.0681563
0.36223	0.00203651	0.508085	0.122333	0.00383659	0.0711312
0.362352	0.00203691	0.508152	0.121678	0.000194887	0.0671714
0.362477	0.00204506	0.508223	0.125033	0.00824826	0.0712304
0.362601	0.002045	0.508289	0.124076	-0.000208248	0.0659836
0.362726	0.00204976	0.508358	0.124766	0.00494223	0.068564
0.362846	0.00205078	0.508422	0.120453	0.00104632	0.0639527
0.362968	0.00205131	0.50849	0.122178	0.000485048	0.0686983
0.36309	0.00205491	0.508562	0.121862	0.00370859	0.0716713
0.363211	0.00205518	0.50863	0.121192	6.23304e-05	0.0677145
0.363336	0.0020632	0.508701	0.124546	0.00812279	0.0717677
0.36346	0.00206301	0.508768	0.123582	-0.000336905	0.066515
0.363584	0.00206765	0.508837	0.124269	0.00481437	0.06909
0.363704	0.00206853	0.508901	0.119947	0.000917882	0.0644769
0.363826	0.00206894	0.508971	0.121671	0.000355537	0.0692175
0.363947	0.00207241	0.509043	0.12135	0.003577	0.0721885
0.364068	0.00207253	0.509111	0.120664	-7.37953e-05	0.0682345
0.364192	0.00208043	0.509183	0.124017	0.00799373	0.0722817
0.364315	0.00208011	0.50925	0.123047	-0.000469074	0.0670229
0.364439	0.00208461	0.50932	0.123731	0.00468298	0.0695926
0.364558	0.00208537	0.509385	0.119401	0.000785946	0.0649775
0.364679	0.00208564	0.509454	0.121124	0.000222549	0.0697131
0.3648	0.00208897	0.509527	0.120797	0.00344188	0.0726819
0.36492	0.00208896	0.509596	0.120096	-0.000213404	0.0687305
0.365044	0.00209673	0.509668	0.123448	0.00786118	0.0727718
0.365166	0.00209627	0.509736	0.122471	-0.000604671	0.0675068
0.365289	0.00210063	0.509806	0.123152	0.00454814	0.0700711
0.365408	0.00210126	0.509871	0.118815	0.000650587	0.0654538
0.365529	0.00210139	0.509941	0.120536	8.61627e-05	0.0701843
0.365649	0.00210459	0.510015	0.120204	0.00330334	0.0731509
0.365769	0.00210443	0.510084	0.119487	-0.000356405	0.0692019
0.365891	0.00211206	0.510157	0.122839	0.00772522	0.0732372
0.366013	0.00211146	0.510225	0.121855	-0.000743602	0.067966
0.366136	0.00211569	0.510295	0.122534	0.00440993	0.0705248
0.366254	0.00211617	0.510361	0.118188	0.000511898	0.0659051
0.366374	0.00211616	0.510432	0.119909	-5.35278e-05	0.0706305
0.366494	0.00211922	0.510505	0.119571	0.00316145	0.0735948
0.366613	0.00211891	0.510575	0.118839	-0.000502704	0.069648
0.366735	0.00212641	0.510648	0.122191	0.00758595	0.0736772
0.366856	0.00212567	0.510717	0.1212	-0.000885776	0.0683996
0.366978	0.00212975	0.510788	0.121877	0.00426844	0.0709529
0.367095	0.0021301	0.510854	0.117523	0.000369971	0.0663309
0.367215	0.00212994	0.510925	0.119242	-0.00019643	0.071051
0.367334	0.00213286	0.510999	0.1189	0.00301633	0.0740128
0.367452	0.0021324	0.511069	0.118151	-0.000652204	0.0700681
0.367573	0.00213975	0.511143	0.121504	0.00744345	0.0740912
0.367694	0.00213886	0.511212	0.120505	-0.0010311	0.0688072
0.367815	0.00214281	0.511283	0.12118	0.00412378	0.0713548
0.367932	0.002143	0.51135	0.116819	0.000224905	0.0667302
0.368051	0.0021427	0.511421	0.118537	-0.000342445	0.0714451
0.368169	0.00214547	0.511496	0.11819	0.00286806	0.0744044
0.368286	0.00214486	0.511566	0.117426	-0.000804805	0.0704616
0.368407	0.00215206	0.51164	0.120778	0.00729784	0.0744786
0.368527	0.00215103	0.51171	0.119773	-0.00117946	0.0691879
0.368647	0.00215482	0.511781	0.120446	0.00397605	0.0717298
0.368764	0.00215487	0.511848	0.116076	7.67983e-05	0.0671027
0.368881	0.00215442	0.51192	0.117794	-0.000491475	0.0718122
0.368999	0.00215704	0.511995	0.117442	0.00271674	0.0747689
0.369116	0.00215627	0.512066	0.116663	-0.000960402	0.0708277
0.369236	0.00216333	0.51214	0.120015	0.0071492	0.0748386
0.369355	0.00216214	0.51221	0.119003	-0.00133077	0.0695412
0.369474	0.00216579	0.512282	0.119674	0.00382534	0.0720774
0.36959	0.00216568	0.512349	0.115297	-7.42462e-05	0.0674474
0.369707	0.00216508	0.512422	0.117014	-0.000643417	0.0721516
0.369823	0.00216754	0.512497	0.116657	0.00256249	0.0751056
0.369939	0.00216661	0.512568	0.115862	-0.00111889	0.0711659
0.370059	0.00217352	0.512643	0.119215	0.00699765	0.0751706
0.370177	0.00217217	0.512713	0.118197	-0.00148492	0.0698664
0.370296	0.00217567	0.512785	0.118866	0.00367176	0.0723969
0.37041	0.00217541	0.512853	0.114481	-0.000228122	0.067764
0.370527	0.00217466	0.512925	0.116197	-0.000798163	0.0724628
0.370642	0.00217696	0.513001	0.115835	0.0024054	0.0754139
0.370757	0.00217587	0.513072	0.115025	-0.00128016	0.0714756
0.370876	0.00218262	0.513147	0.118378	0.00684329	0.0754741
0.370993	0.00218112	0.513218	0.117354	-0.0016418	0.070163
0.371111	0.00218446	0.51329	0.118021	0.00351542	0.0726876
0.371225	0.00218405	0.513358	0.113628	-0.000384722	0.0680518
0.37134	0.00218313	0.513431	0.115345	-0.000955606	0.0727451
0.371455	0.00218528	0.513507	0.114978	0.00224559	0.0756933
0.37157	0.00218402	0.513578	0.114152	-0.00144409	0.0717562
0.371687	0.00219062	0.513654	0.117506	0.00668623	0.0757484
0.371804	0.00218895	0.513724	0.116475	-0.00180131	0.0704303
0.371921	0.00219214	0.513797	0.117141	0.00335642	0.0729491
0.372034	0.00219156	0.513866	0.112741	-0.000543935	0.0683101
0.372148	0.00219049	0.513938	0.114457	-0.00111563	0.0729979
0.372262	0.00219247	0.514014	0.114086	0.00208318	0.0759432
0.372376	0.00219105	0.514086	0.113245	-0.00161059	0.072007
0.372492	0.00219748	0.514162	0.116599	0.00652658	0.075993
0.372608	0.00219566	0.514233	0.115562	-0.00196332	0.0706679
0.372724	0.00219868	0.514306	0.116226	0.00319489	0.0731807
0.372836	0.00219794	0.514375	0.111819	-0.000705648	0.0685385
0.372949	0.00219671	0.514448	0.113535	-0.00127814	0.0732208
0.373063	0.00219853	0.514524	0.113159	0.00191826	0.076163
0.373175	0.00219693	0.514596	0.112303	-0.00177951	0.0722276
0.373291	0.00220321	0.514672	0.115658	0.00636445	0.0762074
0.373405	0.00220121	0.514743	0.114614	-0.00212772	0.0708751
0.373521	0.00220407	0.514816	0.115277	0.00303094	0.0733819
0.373632	0.00220317	0.514885	0.110862	-0.000869746	0.0687365
0.373744	0.00220177	0.514958	0.112579	-0.001443	0.0734132
0.373856	0.00220342	0.515035	0.112199	0.00175097	0.0763523
0.373968	0.00220165	0.515107	0.111327	-0.00195076	0.0724175
0.374083	0.00220777	0.515184	0.114683	0.00619996	0.076391
0.374196	0.00220561	0.515255	0.113634	-0.0022944	0.0710515
0.374311	0.0022083	0.515328	0.114295	0.00286468	0.0735523
0.37442	0.00220723	0.515397	0.109873	-0.00103611	0.0689034
0.374532	0.00220566	0.51547	0.111589	-0.0016101	0.0735746
0.374643	0.00220715	0.515547	0.111205	0.00158142	0.0765104
0.374754	0.0022052	0.515619	0.110319	-0.00212421	0.0725761
0.374867	0.00221115	0.515696	0.113676	0.00603324	0.0765434
0.37498	0.00220882	0.515767	0.11262	-0.00246325	0.0711965
0.375093	0.00221134	0.515841	0.113281	0.00269623	0.0736914
0.375202	0.00221011	0.51591	0.108852	-0.00120463	0.069039
0.375313	0.00220837	0.515983	0.110568	-0.00177933	0.0737045
0.375423	0.00220968	0.51606	0.11018	0.00140973	0.0766371
0.375532	0.00220756	0.516133	0.109278	-0.00229974	0.072703
0.375645	0.00221334	0.516209	0.112637	0.00586439	0.0766641
0.375757	0.00221084	0.516281	0.111575	-0.00263413	0.0713098
0.375869	0.00221319	0.516354	0.112235	0.00252572	0.0737986
0.375977	0.00221179	0.516423	0.107798	-0.00137518	0.0691426
0.376086	0.00220988	0.516497	0.109515	-0.00195056	0.0738025
0.376196	0.00221102	0.516574	0.109123	0.00123602	0.0767317
0.376304	0.00220872	0.516647	0.108207	-0.00247723	0.0727978
0.376415	0.00221432	0.516723	0.111567	0.00569353	0.0767526
0.376526	0.00221165	0.516795	0.110499	-0.00280693	0.0713909
0.376637	0.00221383	0.516869	0.111158	0.00235325	0.0738736
0.376744	0.00221225	0.516938	0.106714	-0.00154763	0.0692139
0.376852	0.00221017	0.517012	0.108432	-0.00212367	0.0738682
0.37696	0.00221113	0.517088	0.108036	0.00106042	0.076794
0.377068	0.00220865	0.517161	0.107105	-0.00265654	0.07286
0.377178	0.00221409	0.517238	0.110466	0.00552079	0.0768086
0.377287	0.00221124	0.517309	0.109393	-0.00298154	0.0714393
0.377398	0.00221325	0.517383	0.110051	0.00217895	0.073916
0.377503	0.0022115	0.517452	0.105601	-0.00172188	0.0692525
0.377611	0.00220924	0.517526	0.107319	-0.00229856	0.0739011
0.377718	0.00221002	0.517603	0.106919	0.000883031	0.0768235
0.377824	0.00220736	0.517676	0.105973	-0.00283757	0.0728893
0.377933	0.00221262	0.517753	0.109336	0.00534629	0.0768316
0.378041	0.00220959	0.517824	0.108257	-0.00315782	0.0714548
0.37815	0.00221143	0.517898	0.108915	0.00200295	0.0739254
0.378255	0.0022095	0.517967	0.104457	-0.0018978	0.069258
0.378361	0.00220706	0.518041	0.106176	-0.00247508	0.073901
0.378467	0.00220767	0.518118	0.105773	0.000703994	0.0768198
0.378572	0.00220482	0.518191	0.104812	-0.00302018	0.0728852
0.37868	0.00220991	0.518268	0.108177	0.00517015	0.0768214
0.378787	0.0022067	0.518339	0.107093	-0.00333566	0.0714369
0.378895	0.00220836	0.518413	0.10775	0.00182537	0.0739014
0.378998	0.00220625	0.518482	0.103286	-0.00207526	0.0692301
0.379103	0.00220364	0.518556	0.105006	-0.00265313	0.0738674
0.379208	0.00220407	0.518633	0.104599	0.000523425	0.0767826
0.379311	0.00220103	0.518705	0.103624	-0.00320426	0.0728476
0.379418	0.00220594	0.518782	0.106991	0.0049925	0.0767775
0.379524	0.00220255	0.518853	0.105901	-0.00351494	0.0713854
0.379631	0.00220403	0.518927	0.106558	0.00164632	0.0738438
0.379733	0.00220175	0.518996	0.102087	-0.00225415	0.0691685
0.379837	0.00219895	0.51907	0.103808	-0.00283258	0.0738002
0.37994	0.0021992	0.519147	0.103398	0.000341449	0.0767117
0.380043	0.00219598	0.51922	0.102409	-0.00338967	0.072776
0.380149	0.00220071	0.519296	0.105777	0.00481344	0.0766997
0.380253	0.00219714	0.519368	0.104682	-0.00369553	0.0713
0.380359	0.00219844	0.519441	0.105338	0.00146593	0.0737522
0.38046	0.00219598	0.51951	0.100862	-0.00243435	0.0690728
0.380562	0.002193	0.519584	0.102583	-0.00301331	0.0736989
0.380664	0.00219306	0.519661	0.102171	0.000158186	0.0766067
0.380766	0.00218966	0.519733	0.101167	-0.00357629	0.0726702
0.38087	0.00219421	0.51981	0.104537	0.00463311	0.0765878
0.380974	0.00219045	0.519881	0.103437	-0.00387731	0.0711803
0.381078	0.00219157	0.519954	0.104093	0.00128432	0.0736265
0.381177	0.00218893	0.520023	0.0996103	-0.00261573	0.0689429
0.381279	0.00218577	0.520097	0.101333	-0.00319521	0.0735633
0.38138	0.00218565	0.520173	0.100917	-2.62405e-05	0.0764675
0.38148	0.00218205	0.520246	0.0998994	-0.00376401	0.07253
0.381583	0.00218642	0.520322	0.103272	0.00445162	0.0764415
0.381685	0.00218248	0.520393	0.102167	-0.00406017	0.0710263
0.381788	0.00218342	0.520467	0.102823	0.00110161	0.0734663
0.381886	0.00218059	0.520535	0.098334	-0.00279817	0.0687786
0.381986	0.00217725	0.520609	0.100058	-0.00337814	0.0733933
0.382086	0.00217694	0.520685	0.0996396	-0.000211711	0.0762937
0.382185	0.00217316	0.520757	0.0986076	-0.0039527	0.0723552
0.382287	0.00217734	0.520834	0.101983	0.00426909	0.0762606
0.382388	0.00217322	0.520904	0.100872	-0.00424398	0.0708376
0.382489	0.00217398	0.520978	0.101529	0.000917912	0.0732715
0.382586	0.00217097	0.521046	0.0970336	-0.00298156	0.0685795
0.382685	0.00216744	0.521119	0.0987595	-0.00356201	0.0731887
0.382784	0.00216695	0.521195	0.0983378	-0.000398105	0.0760853
0.382881	0.00216297	0.521268	0.0972921	-0.00414223	0.0721455
0.382982	0.00216697	0.521344	0.10067	0.00408565	0.0760449
0.383081	0.00216267	0.521414	0.0995541	-0.00442863	0.0706141
0.383181	0.00216324	0.521487	0.100211	0.000733355	0.0730419
0.383277	0.00216004	0.521555	0.09571	-0.00316578	0.0683457
0.383375	0.00215633	0.521628	0.0974374	-0.00374668	0.0729492
0.383472	0.00215565	0.521704	0.0970131	-0.000585306	0.075842
0.383568	0.00215149	0.521776	0.0959538	-0.00433249	0.0719009
0.383667	0.0021553	0.521852	0.0993337	0.0039014	0.0757943
0.383765	0.00215081	0.521922	0.0982135	-0.00461401	0.0703557
0.383864	0.0021512	0.521995	0.0988712	0.00054805	0.0727775
0.383959	0.00214782	0.522063	0.094364	-0.00335071	0.0680769
0.384055	0.00214392	0.522136	0.096093	-0.00393204	0.0726749
0.38415	0.00214305	0.522211	0.0956662	-0.000773196	0.0755638
0.384245	0.00213869	0.522283	0.0945934	-0.00452337	0.0716212
0.384343	0.00214233	0.522358	0.0979759	0.00371646	0.0755087
0.38444	0.00213765	0.522428	0.0968511	-0.00479999	0.0700623
0.384537	0.00213785	0.522501	0.0975094	0.000362113	0.072478
0.38463	0.00213428	0.522568	0.0929964	-0.00353624	0.067773
0.384725	0.0021302	0.522641	0.0947272	-0.00411799	0.0723655
0.38482	0.00212914	0.522716	0.094298	-0.000961661	0.0752506
0.384913	0.00212459	0.522787	0.0932119	-0.00471474	0.0713064
0.385009	0.00212804	0.522862	0.0965971	0.00353095	0.075188
0.385105	0.00212317	0.522932	0.0954679	-0.00498647	0.0697337
0.385201	0.00212319	0.523004	0.0961268	0.000175654	0.0721435
0.385293	0.00211944	0.523072	0.0916082	-0.00372226	0.0674341
0.385386	0.00211517	0.523144	0.0933408	-0.00430441	0.0720211
0.385479	0.00211392	0.523218	0.0929093	-0.00115059	0.0749023
0.385571	0.00210918	0.523289	0.0918102	-0.00490649	0.0709564
0.385666	0.00211244	0.523364	0.0951981	0.00334498	0.0748322
0.38576	0.00210738	0.523434	0.0940645	-0.00517333	0.0693701
0.385855	0.00210721	0.523505	0.0947242	-1.12154e-05	0.0717739
0.385945	0.00210327	0.523572	0.0902002	-0.00390865	0.06706
0.386037	0.00209882	0.523644	0.0919347	-0.00449119	0.0716415
0.386129	0.00209738	0.523718	0.091501	-0.00133987	0.0745189
0.386219	0.00209245	0.523789	0.090389	-0.00509852	0.0705712
0.386313	0.00209552	0.523863	0.0937798	0.00315865	0.0744412
0.386406	0.00209028	0.523932	0.092642	-0.00536047	0.0689713
0.386499	0.00208992	0.524004	0.0933026	-0.000198388	0.0713692
0.386588	0.0020858	0.52407	0.0887731	-0.00409532	0.0666508
0.386678	0.00208115	0.524142	0.0905097	-0.00467823	0.0712269
0.386768	0.00207953	0.524216	0.090074	-0.0015294	0.0741004
0.386857	0.0020744	0.524286	0.0889492	-0.00529071	0.0701507
0.38695	0.00207729	0.52436	0.092343	0.00297207	0.0740151
0.387041	0.00207186	0.524428	0.091201	-0.00554778	0.0685374
0.387133	0.00207131	0.524499	0.0918626	-0.000385758	0.0709294
0.38722	0.002067	0.524565	0.087328	-0.00428215	0.0662065
0.387309	0.00206217	0.524636	0.0890666	-0.00486542	0.0707773
0.387398	0.00206036	0.52471	0.088629	-0.00171906	0.0736468
0.387486	0.00205504	0.524779	0.0874917	-0.00548296	0.0696952
0.387576	0.00205774	0.524853	0.0908885	0.00278535	0.0735539
0.387666	0.00205212	0.524921	0.0897426	-0.00573517	0.0680685
0.387757	0.00205139	0.524991	0.0904052	-0.000573223	0.0704546
0.387843	0.00204689	0.525057	0.0858655	-0.00446905	0.0657272
0.38793	0.00204187	0.525127	0.0876063	-0.00505267	0.0702926
0.388017	0.00203987	0.5252	0.0871669	-0.00190877	0.0731583
0.388103	0.00203435	0.52527	0.0860173	-0.00567516	0.0692046
0.388193	0.00203687	0.525343	0.0894172	0.00259857	0.0730577
0.388281	0.00203106	0.52541	0.0882674	-0.00592253	0.0675645
0.38837	0.00203014	0.52548	0.0889312	-0.000760684	0.0699449
0.388455	0.00202546	0.525545	0.0843865	-0.00465592	0.0652129
0.388541	0.00202025	0.525615	0.0861296	-0.00523987	0.0697731
0.388626	0.00201806	0.525688	0.0856885	-0.00209841	0.0726349
0.388711	0.00201235	0.525756	0.0845267	-0.00586723	0.068679
0.388799	0.00201468	0.525829	0.0879299	0.00241185	0.0725266
0.388886	0.00200868	0.525896	0.0867763	-0.00610976	0.0670258
0.388973	0.00200758	0.525965	0.0874414	-0.000948045	0.0694004
0.389056	0.00200271	0.52603	0.0828919	-0.00484265	0.0646639
0.389141	0.00199731	0.526099	0.0846373	-0.00542693	0.0692189
0.389225	0.00199493	0.526171	0.0841946	-0.00228789	0.0720768
0.389308	0.00198903	0.526239	0.0830209	-0.00605905	0.0681186
0.389395	0.00199117	0.526311	0.0864273	0.00222528	0.0719608
0.38948	0.00198499	0.526378	0.0852701	-0.00629678	0.0664523
0.389566	0.0019837	0.526446	0.0859365	-0.00113521	0.0688212
0.389647	0.00197864	0.52651	0.0813823	-0.00502917	0.0640802
0.38973	0.00197306	0.526579	0.0831301	-0.00561376	0.06863
0.389813	0.00197049	0.52665	0.082686	-0.00247713	0.0714841
0.389895	0.00196439	0.526718	0.0815006	-0.00625053	0.0675236
0.38998	0.00196635	0.526789	0.0849104	0.00203894	0.0713604
0.390063	0.00195998	0.526855	0.0837496	-0.00648349	0.0658443
0.390148	0.0019585	0.526923	0.0844175	-0.0013221	0.0682076
0.390228	0.00195326	0.526987	0.0798587	-0.00521537	0.063462
0.390309	0.00194749	0.527055	0.081609	-0.00580028	0.0680068
0.390391	0.00194473	0.527126	0.0811635	-0.00266603	0.070857
0.39047	0.00193844	0.527192	0.0799666	-0.0064416	0.0668941
0.390554	0.00194021	0.527263	0.0833797	0.00185292	0.0707256
0.390636	0.00193366	0.527328	0.0822156	-0.00666981	0.0652021
0.390719	0.00193199	0.527396	0.082885	-0.00150861	0.0675598
0.390797	0.00192656	0.527459	0.0783218	-0.00540118	0.0628097
0.390878	0.00192061	0.527526	0.0800745	-0.00598639	0.0673494
0.390957	0.00191766	0.527596	0.0796279	-0.0028545	0.0701958
0.391036	0.00191118	0.527662	0.0784196	-0.00663216	0.0662304
0.391117	0.00191277	0.527732	0.0818363	0.00166732	0.0700568
0.391198	0.00190603	0.527797	0.0806688	-0.00685566	0.0645257
0.39128	0.00190418	0.527864	0.0813398	-0.00169467	0.0668779
0.391356	0.00189856	0.527926	0.0767723	-0.00558652	0.0621233
0.391435	0.00189242	0.527992	0.0785276	-0.00617202	0.0666581
0.391513	0.00188929	0.528062	0.0780799	-0.00304246	0.0695007
0.39159	0.00188262	0.528127	0.0768605	-0.00682212	0.0655328
0.39167	0.00188402	0.528197	0.0802807	0.0014822	0.0693541
0.391749	0.00187709	0.528261	0.07911	-0.00704095	0.0638156
0.391829	0.00187505	0.528327	0.0797828	-0.0018802	0.0661624
0.391904	0.00186925	0.528388	0.0752111	-0.0057713	0.0614033
0.391981	0.00186293	0.528454	0.076969	-0.0063571	0.0659332
0.392058	0.00185961	0.528523	0.0765202	-0.00322984	0.068772
0.392133	0.00185275	0.528588	0.07529	-0.00701142	0.0648016
0.392212	0.00185396	0.528656	0.0787137	0.00129764	0.0686178
0.39229	0.00184685	0.528719	0.07754	-0.00722561	0.063072
0.392368	0.00184463	0.528785	0.0782145	-0.00206513	0.0654134
0.392441	0.00183864	0.528845	0.0736387	-0.00595544	0.0606499
0.392517	0.00183213	0.52891	0.0753993	-0.00654154	0.065175
0.392592	0.00182863	0.528978	0.0749496	-0.00341656	0.0680101
0.392666	0.00182158	0.529042	0.0737088	-0.00719996	0.064037
0.392743	0.00182261	0.52911	0.0771361	0.00111373	0.0678484
0.392819	0.00181531	0.529173	0.0759594	-0.00740957	0.0622953
0.392895	0.00181291	0.529237	0.0766357	-0.00224937	0.0646314
0.392967	0.00180674	0.529297	0.0720561	-0.00613889	0.0598634
0.393041	0.00180004	0.529361	0.0738193	-0.00672527	0.0643838
0.393115	0.00179635	0.529429	0.0733688	-0.00360255	0.0672152
0.393187	0.00178912	0.529492	0.0721176	-0.0073877	0.0632395
0.393262	0.00178996	0.529559	0.0755485	0.000930517	0.067046
0.393337	0.00178248	0.52962	0.074369	-0.00759276	0.0614858
0.393412	0.0017799	0.529684	0.0750472	-0.00243286	0.0638167
0.393482	0.00177355	0.529743	0.0704637	-0.00632157	0.0590443
0.393555	0.00176667	0.529807	0.0722297	-0.00690824	0.0635601
0.393626	0.00176279	0.529873	0.0717785	-0.00378773	0.0663878
0.393697	0.00175536	0.529935	0.0705171	-0.00757454	0.0624094
0.393771	0.00175603	0.530002	0.0739517	0.000748083	0.0662112
0.393844	0.00174837	0.530062	0.0727695	-0.00777512	0.0606438
0.393917	0.0017456	0.530125	0.0734496	-0.00261554	0.0629696
0.393986	0.00173907	0.530183	0.0688625	-0.00650341	0.0581929
0.394057	0.001732	0.530246	0.0706312	-0.00709038	0.0627041
0.394127	0.00172794	0.530312	0.0701794	-0.00397205	0.0655282
0.394196	0.00172033	0.530373	0.068908	-0.00776044	0.0615471
0.394268	0.00172082	0.530438	0.0723463	0.000566485	0.0653443
0.394339	0.00171297	0.530498	0.0711614	-0.00795659	0.0597699
0.394411	0.00171002	0.53056	0.0718436	-0.00279735	0.0620907
0.394479	0.00170331	0.530617	0.0672529	-0.00668436	0.0573096
0.394548	0.00169607	0.530679	0.0690244	-0.00727163	0.0618164
0.394616	0.00169182	0.530744	0.0685721	-0.00415545	0.0646369
0.394683	0.00168402	0.530805	0.0672909	-0.00794533	0.0606531
0.394754	0.00168433	0.530869	0.070733	0.000385783	0.0644457
0.394824	0.0016763	0.530928	0.0695456	-0.0081371	0.0588645
0.394894	0.00167317	0.530989	0.0702298	-0.00297822	0.0611803
0.39496	0.00166628	0.531045	0.0656356	-0.00686437	0.056395
0.395027	0.00165885	0.531106	0.06741	-0.00745193	0.0608973
0.395094	0.00165443	0.53117	0.0669572	-0.00433786	0.0637143
0.39516	0.00164645	0.53123	0.0656666	-0.00812915	0.0597278
0.395229	0.00164657	0.531293	0.0691123	0.000206032	0.063516
0.395297	0.00163836	0.531351	0.0679225	-0.00831661	0.0579279
0.395366	0.00163506	0.531411	0.0686088	-0.00315811	0.0602389
0.39543	0.00162798	0.531467	0.0640114	-0.00704336	0.0554494
0.395495	0.00162038	0.531527	0.0657886	-0.00763123	0.0599474
0.395561	0.00161577	0.531589	0.0653354	-0.00451924	0.062761
0.395625	0.00160761	0.531648	0.0640355	-0.00831185	0.0587717
0.395692	0.00160756	0.531711	0.067485	2.72852e-05	0.0625556
0.395759	0.00159917	0.531768	0.0662929	-0.00849506	0.0569608
0.395826	0.00159568	0.531827	0.0669814	-0.00333696	0.059267
0.395888	0.00158843	0.531881	0.0623807	-0.00722131	0.0544733
0.395952	0.00158065	0.53194	0.0641607	-0.00780949	0.0589672
0.396016	0.00157586	0.532002	0.0637073	-0.00469953	0.0617773
0.396078	0.00156752	0.53206	0.0623984	-0.00849337	0.0577853
0.396144	0.00156729	0.532121	0.0658516	-0.000150409	0.061565
0.396209	0.00155872	0.532177	0.0646573	-0.0086724	0.0559637
0.396274	0.00155506	0.532236	0.0653479	-0.00351472	0.0582652
0.396335	0.00154763	0.532289	0.0607442	-0.00739815	0.0534674
0.396398	0.00153967	0.532347	0.062527	-0.00798665	0.0579572
0.39646	0.0015347	0.532408	0.0620734	-0.00487868	0.0607639
0.39652	0.00152618	0.532464	0.0607557	-0.00867368	0.0567692
0.396585	0.00152577	0.532525	0.0642127	-0.000327004	0.0605447
0.396648	0.00151703	0.53258	0.0630162	-0.0088486	0.054937
0.396711	0.00151319	0.532637	0.0637091	-0.00369135	0.057234
0.39677	0.00150559	0.53269	0.0591023	-0.00757385	0.0524321
0.396831	0.00149745	0.532746	0.060888	-0.00816267	0.0569179
0.396892	0.00149231	0.532806	0.0604343	-0.00505665	0.0597214
0.396951	0.0014836	0.532862	0.059108	-0.00885273	0.0557239
0.397014	0.00148302	0.532921	0.0625688	-0.000502457	0.0594954
0.397075	0.0014741	0.532975	0.0613703	-0.00902361	0.0538814
0.397137	0.00147009	0.533031	0.0620654	-0.00386681	0.0561739
0.397195	0.00146231	0.533083	0.0574558	-0.00774837	0.0513681
0.397254	0.001454	0.533139	0.0592443	-0.00833751	0.0558499
0.397313	0.00144868	0.533197	0.0587905	-0.00523341	0.0586502
0.39737	0.00143979	0.533252	0.0574559	-0.00903047	0.05465
0.397431	0.00143904	0.53331	0.0609205	-0.000676727	0.0584177
0.397491	0.00142994	0.533363	0.05972	-0.00919739	0.0527974
0.397551	0.00142576	0.533418	0.0604174	-0.00404106	0.0550855
0.397607	0.00141781	0.533468	0.055805	-0.00792165	0.0502759
0.397665	0.00140932	0.533523	0.0575964	-0.00851114	0.0547539
0.397722	0.00140383	0.533581	0.0571426	-0.0054089	0.057551
0.397778	0.00139476	0.533634	0.0557999	-0.00920687	0.0535481
0.397837	0.00139384	0.533692	0.0592682	-0.000849777	0.057312
0.397895	0.00138457	0.533743	0.0580659	-0.0093699	0.0516856
0.397954	0.00138021	0.533797	0.0587655	-0.00421405	0.0539695
0.398008	0.00137209	0.533846	0.0541506	-0.00809368	0.049156
0.398064	0.00136343	0.5339	0.0559447	-0.00868352	0.0536303
0.398119	0.00135776	0.533956	0.055491	-0.00558309	0.0564244
0.398173	0.00134853	0.534009	0.0541405	-0.00938188	0.0524188
0.398231	0.00134743	0.534065	0.0576126	-0.00102157	0.056179
0.398288	0.00133799	0.534115	0.0564084	-0.00954111	0.0505468
0.398345	0.00133346	0.534168	0.0571103	-0.00438576	0.0528265
0.398397	0.00132517	0.534216	0.0524928	-0.00826441	0.0480093
0.398451	0.00131634	0.534269	0.0542898	-0.00885461	0.05248
0.398505	0.0013105	0.534324	0.0538362	-0.00575596	0.055271
0.398558	0.00130108	0.534375	0.0524781	-0.00955548	0.0512628
0.398614	0.00129981	0.53443	0.0559539	-0.00119207	0.0550195
0.398669	0.00129021	0.53448	0.054748	-0.00971099	0.0493814
0.398724	0.00128551	0.534531	0.0554522	-0.00455615	0.0516571
0.398775	0.00127704	0.534578	0.0508323	-0.00843382	0.0468363
0.398828	0.00126805	0.534629	0.0526321	-0.00902439	0.0513035
0.39888	0.00126203	0.534683	0.0521787	-0.00592745	0.0540916
0.398931	0.00125245	0.534734	0.0508132	-0.00972764	0.0500808
0.398985	0.00125101	0.534787	0.0542927	-0.00136126	0.053834
0.399038	0.00124123	0.534836	0.0530852	-0.00987951	0.0481903
0.399092	0.00123637	0.534886	0.0537917	-0.00472519	0.0504621
0.399141	0.00122773	0.534932	0.0491695	-0.00860187	0.0456377
0.399192	0.00121857	0.534982	0.050972	-0.00919282	0.0501015
0.399242	0.00121239	0.535035	0.0505188	-0.00609755	0.0528867
0.399292	0.00120263	0.535083	0.0491463	-0.00989831	0.0488734
0.399344	0.00120102	0.535136	0.0526293	-0.00152909	0.0526233
0.399396	0.00119108	0.535183	0.0514203	-0.0100466	0.0469741
0.399448	0.00118604	0.535232	0.0521291	-0.00489286	0.049242
0.399495	0.00117725	0.535277	0.0475047	-0.00876853	0.0444142
0.399545	0.00116792	0.535326	0.0493099	-0.00935988	0.0488747
0.399594	0.00116157	0.535377	0.0488571	-0.00626623	0.0516571
0.399641	0.00115164	0.535425	0.0474776	-0.0100675	0.0476413
0.399692	0.00114987	0.535476	0.0509643	-0.00169554	0.051388
0.399742	0.00113976	0.535522	0.0497537	-0.0102124	0.0457334
0.399792	0.00113456	0.53557	0.0504649	-0.00505912	0.0479977
0.399838	0.00112559	0.535613	0.0458383	-0.00893378	0.0431665
0.399886	0.0011161	0.535661	0.0476462	-0.00952554	0.0476238
0.399933	0.00110958	0.535711	0.0471937	-0.00643345	0.0504036
0.399979	0.00109948	0.535757	0.0458076	-0.0102351	0.0463852
0.400028	0.00109755	0.535808	0.0492979	-0.00186058	0.0501288
0.400076	0.00108727	0.535852	0.0480859	-0.0103766	0.0444691
0.400125	0.00108191	0.535899	0.0487994	-0.00522394	0.0467298
0.400169	0.00107278	0.535941	0.0441708	-0.00909759	0.0418953
0.400215	0.00106312	0.535987	0.0459813	-0.00968978	0.0463495
0.400261	0.00105644	0.536036	0.0455292	-0.00659919	0.0491267
0.400305	0.00104617	0.536081	0.0441367	-0.0104012	0.045106
0.400352	0.00104408	0.53613	0.0476305	-0.00202418	0.0488466
0.400399	0.00103364	0.536173	0.0464172	-0.0105394	0.0431819
0.400446	0.00102811	0.536219	0.047133	-0.00538731	0.0454391
0.400489	0.00101882	0.536259	0.0425024	-0.00925994	0.0406014
0.400533	0.001009	0.536304	0.0443155	-0.00985256	0.0450527
0.400577	0.00100215	0.536352	0.0438639	-0.00676342	0.0478274
0.400619	0.000991724	0.536396	0.0424652	-0.0105657	0.0438043
0.400665	0.000989464	0.536443	0.0459625	-0.00218633	0.0475421
0.40071	0.000978863	0.536485	0.0447479	-0.0107007	0.0418725
0.400755	0.000973175	0.536529	0.0454659	-0.00554919	0.0441263
0.400796	0.000963727	0.536569	0.0408335	-0.00942079	0.0392856
0.400839	0.00095374	0.536612	0.0426492	-0.0100139	0.043734
0.400881	0.000946733	0.536659	0.042198	-0.00692611	0.0465063
0.400922	0.000936142	0.536701	0.0407934	-0.0107285	0.0424809
0.400966	0.000933721	0.536748	0.0442941	-0.00234698	0.046216
0.401009	0.00092296	0.536788	0.0430783	-0.0108605	0.0405417
0.401053	0.000917113	0.536831	0.0437986	-0.00570955	0.0427923
0.401092	0.000907506	0.536869	0.0391644	-0.00958013	0.0379486
0.401133	0.000897359	0.536911	0.0409826	-0.0101737	0.0423943
0.401174	0.000890191	0.536956	0.0405319	-0.00708724	0.0451642
0.401213	0.000879438	0.536998	0.0391216	-0.0108897	0.0411366
0.401256	0.000876859	0.537042	0.0426257	-0.00250612	0.044869
0.401297	0.000865939	0.537082	0.0414087	-0.0110187	0.0391903
0.401339	0.000859934	0.537123	0.0421313	-0.00586838	0.0414377
0.401377	0.000850169	0.53716	0.0374954	-0.00973792	0.0365913
0.401416	0.000839865	0.537201	0.039316	-0.0103319	0.0410343
0.401455	0.000832537	0.537244	0.0388659	-0.00724677	0.0438019
0.401492	0.000821625	0.537284	0.0374501	-0.0110493	0.0397721
0.401533	0.000818888	0.537328	0.0409576	-0.00266372	0.0435021
0.401573	0.000807812	0.537366	0.0397394	-0.0111754	0.037819
0.401614	0.00080165	0.537406	0.0404642	-0.00602563	0.0400635
0.401649	0.000791729	0.537441	0.0358267	-0.00989414	0.0352143
0.401687	0.000781268	0.53748	0.0376497	-0.0104886	0.0396548
0.401724	0.000773784	0.537523	0.0372002	-0.00740469	0.0424203
0.40176	0.000762712	0.537561	0.0357792	-0.0112071	0.0383884
0.401799	0.00075982	0.537603	0.0392899	-0.00281974	0.0421161
0.401837	0.000748588	0.53764	0.0380706	-0.0113304	0.0364288
0.401876	0.000742272	0.537678	0.0387976	-0.00618129	0.0386704
0.40191	0.000732197	0.537712	0.0341586	-0.0100488	0.0338186
0.401946	0.000721581	0.53775	0.0359839	-0.0106438	0.0382567
0.401982	0.00071394	0.537791	0.035535	-0.00756096	0.0410201
0.402016	0.000702713	0.537828	0.034109	-0.0113633	0.0369862
0.402054	0.000699667	0.537869	0.0376229	-0.00297417	0.0407116
0.40209	0.000688281	0.537904	0.0364026	-0.0114839	0.0350203
0.402127	0.000681811	0.537941	0.0371317	-0.00633533	0.0372592
0.40216	0.000671584	0.537974	0.0324914	-0.0102018	0.0324049
0.402194	0.000660814	0.538011	0.0343189	-0.0107973	0.0368407
0.402228	0.00065302	0.53805	0.0338706	-0.00771554	0.0396021
0.40226	0.000641637	0.538086	0.0324398	-0.0115176	0.0355664
0.402296	0.000638439	0.538125	0.0359569	-0.00312696	0.0392896
0.402331	0.000626901	0.538159	0.0347355	-0.0116356	0.0335946
0.402366	0.00062028	0.538195	0.0354668	-0.00648771	0.0358308
0.402397	0.000609902	0.538226	0.0308251	-0.0103531	0.0309741
0.40243	0.00059898	0.538261	0.0326548	-0.0109491	0.0354077
0.402462	0.000591034	0.538299	0.0322072	-0.00786841	0.0381673
0.402493	0.000579498	0.538333	0.0307719	-0.0116702	0.0341297
0.402527	0.000576149	0.538371	0.0342919	-0.00327809	0.037851
0.40256	0.000564461	0.538403	0.0330697	-0.0117857	0.0321523
0.402594	0.00055769	0.538438	0.0338031	-0.0066384	0.034386
0.402623	0.000547163	0.538467	0.0291601	-0.0105027	0.0295271
0.402654	0.000536091	0.538501	0.0309919	-0.0110993	0.0339587
0.402685	0.000527994	0.538538	0.0305449	-0.00801954	0.0367164
0.402714	0.000516307	0.53857	0.0291053	-0.011821	0.0326771
0.402747	0.00051281	0.538607	0.0326283	-0.00342752	0.0363965
0.402778	0.000500973	0.538638	0.0314052	-0.0119341	0.0306944
0.40281	0.000494054	0.53867	0.0321406	-0.00678736	0.0329257
0.402838	0.000483378	0.538699	0.0274964	-0.0106507	0.0280647
0.402867	0.000472158	0.538731	0.0293302	-0.0112478	0.0324943
0.402896	0.000463913	0.538766	0.028884	-0.00816887	0.0352504
0.402923	0.000452076	0.538797	0.0274403	-0.0119698	0.0312093
0.402954	0.000448432	0.538832	0.0309662	-0.00357521	0.034927
0.402984	0.000436448	0.538862	0.0297422	-0.0120806	0.0292216
0.403015	0.000429383	0.538893	0.0304796	-0.00693456	0.0314507
0.40304	0.000418562	0.53892	0.0258343	-0.0107968	0.0265877
0.403068	0.000407195	0.538951	0.02767	-0.0113945	0.0310155
0.403095	0.000398803	0.538984	0.0272245	-0.00831638	0.03377
0.403121	0.000386819	0.539014	0.025777	-0.0121168	0.0297274
0.40315	0.000383029	0.539048	0.0293057	-0.00372112	0.0334434
0.403178	0.000370901	0.539075	0.0280808	-0.0122254	0.027735
0.403207	0.000363691	0.539105	0.0288202	-0.00707995	0.0299619
0.403231	0.000352726	0.53913	0.0241739	-0.0109411	0.025097
0.403257	0.000341214	0.53916	0.0260115	-0.0115394	0.0295231
0.403283	0.000332677	0.539192	0.0255666	-0.00846202	0.0322761
0.403307	0.000320548	0.53922	0.0241155	-0.0122619	0.0282321
0.403335	0.000316614	0.539252	0.0276469	-0.00386521	0.0319466
0.403361	0.000304343	0.539279	0.0264213	-0.0123684	0.0262353
0.403388	0.00029699	0.539307	0.0271626	-0.00722349	0.0284602
0.403411	0.000285883	0.539331	0.0225152	-0.0110836	0.0235936
0.403435	0.000274229	0.539359	0.0243546	-0.0116824	0.028018
0.403459	0.000265548	0.539389	0.0239105	-0.00860574	0.0307697
0.403482	0.000253276	0.539416	0.022456	-0.0124049	0.0267242
0.403508	0.000249201	0.539447	0.0259901	-0.00400743	0.0304374
0.403532	0.000236788	0.539471	0.0247637	-0.0125094	0.0247235
0.403558	0.000229295	0.539498	0.0255068	-0.00736514	0.0269465
0.403579	0.000218047	0.53952	0.0208585	-0.0112242	0.0220783
0.403601	0.000206252	0.539547	0.0226996	-0.0118236	0.0265012
0.403624	0.00019743	0.539576	0.0222562	-0.0087475	0.0292516
0.403645	0.000185016	0.539601	0.0207986	-0.0125459	0.0252048
0.403669	0.000180802	0.53963	0.0243351	-0.00414772	0.0289167
0.403692	0.000168249	0.539653	0.023108	-0.0126485	0.0232003
0.403716	0.000160618	0.539679	0.0238529	-0.00750483	0.0254216
0.403735	0.000149232	0.539699	0.0192038	-0.0113629	0.0205519
0.403756	0.000137297	0.539724	0.0210465	-0.0119628	0.0249735
0.403777	0.000128337	0.539752	0.0206038	-0.00888723	0.0277226
0.403796	0.000115784	0.539776	0.0191433	-0.0126848	0.0236747
0.403819	0.000111432	0.539803	0.0226823	-0.00428604	0.0273854
0.40384	9.87419e-05	0.539825	0.0214545	-0.0127856	0.0216668
0.403862	9.09733e-05	0.539849	0.0222011	-0.00764251	0.0238864
0.40388	7.94515e-05	0.539868	0.0175513	-0.0114995	0.0190154
0.403899	6.73798e-05	0.539891	0.0193954	-0.0121001	0.0234357
0.403918	5.82823e-05	0.539917	0.0189535	-0.00902488	0.0261838
0.403936	4.55921e-05	0.539939	0.0174903	-0.0128215	0.0221348
0.403957	4.11043e-05	0.539965	0.0210316	-0.00442232	0.0258445
0.403976	2.82794e-05	0.539985	0.0198031	-0.0129206	0.0201238
0.403997	2.03761e-05	0.540008	0.0205515	-0.00777812	0.0223419
0.404013	8.72022e-06	0.540025	0.0159009	-0.011634	0.0174697
0.404031	-3.48637e-06	0.540047	0.0177464	-0.0122352	0.0218888
0.404048	-1.27187e-05	0.540072	0.0173053	-0.00916038	0.0246359
0.404064	-2.55437e-05	0.540092	0.0158396	-0.0129561	0.020586
0.404083	-3.01652e-05	0.540117	0.0193831	-0.0045565	0.0242948
0.404101	-4.3123e-05	0.540135	0.018154	-0.0130535	0.0185722
0.40412	-5.11588e-05	0.540156	0.018904	-0.00791159	0.0207889
0.404134	-6.29467e-05	0.540172	0.0142527	-0.0117665	0.0159156
0.404151	-7.52862e-05	0.540192	0.0160996	-0.0123682	0.0203338
0.404166	-8.46511e-05	0.540215	0.0156592	-0.00929366	0.02308
0.40418	-9.76087e-05	0.540234	0.0141913	-0.0130883	0.0190292
0.404198	-0.000102361	0.540257	0.0177369	-0.0046885	0.0227372
0.404215	-0.00011545	0.540274	0.0165072	-0.0131842	0.0170129
0.404232	-0.000123616	0.540293	0.0172587	-0.00804286	0.0192284
0.404245	-0.000135534	0.540308	0.0126069	-0.0118967	0.0143542
0.404259	-0.000148004	0.540326	0.0144549	-0.012499	0.0187714
0.404273	-0.000157499	0.540348	0.0140153	-0.00942465	0.0215168
0.404286	-0.000170587	0.540365	0.0125454	-0.0132181	0.0174653
0.404302	-0.000175469	0.540386	0.0160931	-0.00481826	0.0211726
0.404317	-0.000188686	0.540402	0.0148627	-0.0133127	0.0154469
0.404332	-0.00019698	0.54042	0.0156157	-0.00817184	0.0176612
0.404343	-0.000209025	0.540432	0.0109633	-0.0120246	0.0127862
0.404356	-0.000221624	0.54045	0.0128125	-0.0126276	0.0172026
0.404368	-0.000231247	0.54047	0.0123736	-0.00955328	0.0199473
0.404379	-0.000244462	0.540485	0.0109019	-0.0133456	0.0158951
0.404394	-0.000249471	0.540505	0.0144515	-0.00494568	0.0196019
0.404407	-0.000262815	0.540519	0.0132206	-0.0134388	0.0138749
0.404421	-0.000271234	0.540535	0.013975	-0.00829845	0.0160883
0.40443	-0.000283404	0.540546	0.0093222	-0.0121501	0.0112126
0.404441	-0.000296129	0.540562	0.0111724	-0.0127537	0.0156283
0.404452	-0.000305877	0.54058	0.0107342	-0.00967944	0.0183724
0.404461	-0.000319218	0.540595	0.00926098	-0.0134705	0.0143197
0.404474	-0.000324351	0.540613	0.0128124	-0.00507069	0.018026
0.404486	-0.000337818	0.540625	0.011581	-0.0135624	0.012298
0.404498	-0.000346361	0.540639	0.0123367	-0.0084226	0.0145105
0.404506	-0.000358654	0.540649	0.00768348	-0.0122732	0.00963423
0.404515	-0.000371502	0.540663	0.00953459	-0.0128774	0.0140494
0.404524	-0.000381373	0.54068	0.00909717	-0.00980306	0.016793
0.404532	-0.000394837	0.540693	0.00762257	-0.0135927	0.0127399
0.404543	-0.000400091	0.540709	0.0111757	-0.00519319	0.0164459
0.404553	-0.00041368	0.54072	0.00994374	-0.0136835	0.010717
0.404564	-0.000422343	0.540733	0.0107008	-0.00854421	0.0129287
0.40457	-0.000434756	0.540741	0.00604719	-0.0123938	0.00805211
0.404578	-0.000447725	0.540753	0.00789911	-0.0129985	0.0124668
0.404585	-0.000457717	0.540768	0.00746243	-0.00992404	0.01521
0.404591	-0.0004713	0.54078	0.00598672	-0.0137123	0.0111566
0.404601	-0.000476674	0.540794	0.00954146	-0.00531308	0.0148624
0.404609	-0.000490381	0.540804	0.00830899	-0.013802	0.00913291
0.404618	-0.000499162	0.540815	0.00906726	-0.00866316	0.0113439
0.404623	-0.000511693	0.540821	0.00441336	-0.0125116	0.00646708
0.404629	-0.00052478	0.540832	0.00626599	-0.013117	0.0108814
0.404635	-0.000534889	0.540846	0.00583004	-0.0100423	0.0136243
0.404639	-0.000548589	0.540855	0.00435343	-0.013829	0.00957077
0.404647	-0.000554079	0.540869	0.00790966	-0.00543025	0.0132764
0.404654	-0.000567903	0.540876	0.00667671	-0.0139177	0.00754652
0.404661	-0.000576799	0.540886	0.00743613	-0.00877936	0.00975703
0.404664	-0.000589444	0.540891	0.002782	-0.0126268	0.00488007
0.404668	-0.000602647	0.5409	0.00463523	-0.0132327	0.00929413
0.404673	-0.00061287	0.540912	0.00420001	-0.0101576	0.0120369
0.404675	-0.000626685	0.54092	0.00272273	-0.0139428	0.00798324
0.404682	-0.000632289	0.540932	0.00628033	-0.00554461	0.0116889
0.404687	-0.000646225	0.540938	0.00504693	-0.0140306	0.00595877
0.404692	-0.000655234	0.540946	0.00580742	-0.00889268	0.00816889
0.404694	-0.000667991	0.540949	0.00115312	-0.012739	0.00329195
0.404697	-0.000681306	0.540957	0.00300685	-0.0133455	0.00770588
0.404699	-0.000691641	0.540967	0.00257234	-0.01027	0.0104485
0.4047	-0.000705566	0.540974	0.00109462	-0.0140536	0.00639493
0.404705	-0.000711281	0.540984	0.00465348	-0.00565601	0.0101007
0.404708	-0.000725327	0.540988	0.00341965	-0.0141406	0.00437057
0.404713	-0.000734446	0.540995	0.00418114	-0.00900302	0.00658042
0.404712	-0.000747311	0.540997	-0.000473276	-0.0128482	0.00170365
0.404713	-0.000760736	0.541003	0.00138085	-0.0134553	0.00611756
0.404714	-0.00077118	0.541012	0.000947062	-0.0103793	0.00886022
0.404714	-0.000785213	0.541016	-0.000530882	-0.0141612	0.00480675
0.404717	-0.000791035	0.541025	0.00302913	-0.00576435	0.00851279
0.404719	-0.000805188	0.541028	0.00179489	-0.0142474	0.00278282
0.404721	-0.000814413	0.541033	0.0025573	-0.00911023	0.00499251
0.404719	-0.000827384	0.541033	-0.00209717	-0.0129544	0.000116037
0.404719	-0.000840915	0.541037	-0.000242751	-0.013562	0.00453004
0.404718	-0.000851464	0.541045	-0.000675831	-0.0104854	0.0072728
0.404716	-0.000865602	0.541048	-0.00215378	-0.0142655	0.00321958
0.404718	-0.000871529	0.541055	0.00140727	-0.0058695	0.00692598
0.404718	-0.000885786	0.541056	0.000172643	-0.014351	0.0011964
0.404719	-0.000895113	0.541059	0.000935911	-0.0092142	0.00340605
0.404715	-0.000908187	0.541058	-0.00371856	-0.0130572	-0.00146998
0.404713	-0.000921821	0.541061	-0.00186395	-0.0136654	0.00294422
0.404711	-0.000932472	0.541066	-0.00229633	-0.0105881	0.00568717
0.404707	-0.000946711	0.541068	-0.00377406	-0.0143663	0.00163433
0.404707	-0.000952739	0.541073	-0.000212088	-0.0059713	0.00534119
0.404705	-0.000967096	0.541073	-0.00144707	-0.0144513	-0.000387803
0.404705	-0.000976523	0.541075	-0.000683025	-0.00931477	0.00182194
0.404699	-0.000989696	0.541072	-0.00533743	-0.0131567	-0.00305352
0.404696	-0.00100343	0.541073	-0.00348274	-0.0137654	0.001361
0.404692	-0.00101418	0.541077	-0.00391442	-0.0106873	0.00410423
0.404686	-0.00102852	0.541077	-0.00539171	-0.0144636	5.18639e-05
0.404685	-0.00103464	0.541081	-0.00182893	-0.00606962	0.0037593
0.404682	-0.0010491	0.541079	-0.00306425	-0.014548	-0.0019689
0.404679	-0.00105862	0.541079	-0.00229949	-0.00941181	0.000241046
0.404672	-0.00107189	0.541075	-0.00695378	-0.0132526	-0.0046337
0.404667	-0.00108572	0.541074	-0.0050991	-0.0138618	-0.000218764
0.404662	-0.00109656	0.541077	-0.0055301	-0.0107828	0.00252485
0.404655	-0.00111099	0.541075	-0.00700672	-0.0145571	-0.00152693
0.404651	-0.00111721	0.541078	-0.00344324	-0.00616431	0.00218118
0.404647	-0.00113176	0.541074	-0.00467888	-0.0146411	-0.00354601
0.404643	-0.00114137	0.541073	-0.00391349	-0.00950515	-0.00133574
0.404634	-0.00115473	0.541067	-0.00856759	-0.0133449	-0.00620964
0.404627	-0.00116866	0.541065	-0.00671303	-0.0139545	-0.00179418
0.40462	-0.00117959	0.541066	-0.00714335	-0.0108745	0.000949904
0.404612	-0.00119411	0.541063	-0.00861908	-0.0146468	-0.00310118
0.404607	-0.00120042	0.541063	-0.00505502	-0.0062552	0.000607725
0.4046	-0.00121506	0.541058	-0.00629094	-0.0147303	-0.00511826
0.404595	-0.00122476	0.541055	-0.00552499	-0.00959464	-0.00290756
0.404585	-0.00123821	0.541047	-0.0101788	-0.0134332	-0.00778047
0.404576	-0.00125222	0.541044	-0.00832451	-0.0140433	-0.00336438
0.404568	-0.00126324	0.541043	-0.00875415	-0.0109623	-0.000619736
0.404557	-0.00127785	0.541039	-0.0102288	-0.0147324	-0.00467001
0.404551	-0.00128425	0.541038	-0.00666424	-0.00634214	-0.000960216
0.404543	-0.00129897	0.541031	-0.00790042	-0.0148156	-0.00668479
0.404536	-0.00130876	0.541027	-0.00713398	-0.00968012	-0.00447355
0.404524	-0.00132229	0.541017	-0.0117875	-0.0135176	-0.00934534
0.404514	-0.00133638	0.541012	-0.00993352	-0.0141281	-0.00492851
0.404503	-0.00134749	0.54101	-0.0103625	-0.0110459	-0.00218321
0.404492	-0.00136218	0.541004	-0.0118358	-0.0148138	-0.00623258
0.404483	-0.00136865	0.541001	-0.00827089	-0.00642495	-0.00252178
0.404474	-0.00138346	0.540993	-0.0095073	-0.0148967	-0.00824475
0.404465	-0.00139333	0.540987	-0.00874043	-0.0097614	-0.00603284
0.404452	-0.00140694	0.540976	-0.0133936	-0.0135977	-0.0109034
0.40444	-0.00142111	0.54097	-0.01154	-0.0142087	-0.00648571
0.404428	-0.0014323	0.540966	-0.0119683	-0.0111252	-0.00373967
0.404415	-0.00144706	0.540958	-0.0134401	-0.0148908	-0.00778802
0.404405	-0.00145362	0.540954	-0.00987492	-0.00650345	-0.00407612
0.404394	-0.0014685	0.540944	-0.0111115	-0.0149735	-0.00979728
0.404383	-0.00147844	0.540937	-0.0103443	-0.00983831	-0.00758459
0.404368	-0.00149213	0.540924	-0.0149971	-0.0136735	-0.0124538
0.404355	-0.00150638	0.540916	-0.013144	-0.0142848	-0.00803513
0.404342	-0.00151764	0.540911	-0.0135716	-0.0111999	-0.00528826
0.404327	-0.00153248	0.540902	-0.0150416	-0.0149633	-0.00933549
0.404315	-0.00153911	0.540896	-0.0114763	-0.00657747	-0.00562238
0.404303	-0.00155406	0.540885	-0.0127131	-0.0150458	-0.0113415
0.404291	-0.00156408	0.540876	-0.0119456	-0.00991066	-0.00912796
0.404274	-0.00157783	0.540862	-0.0165979	-0.0137447	-0.0139956
0.404259	-0.00159216	0.540852	-0.0147454	-0.0143563	-0.00957594
0.404244	-0.00160348	0.540845	-0.0151724	-0.01127	-0.00682815
0.404227	-0.00161839	0.540834	-0.0166403	-0.0150309	-0.0108742
0.404214	-0.00162509	0.540827	-0.013075	-0.0066468	-0.00715975
0.4042	-0.00164011	0.540814	-0.0143119	-0.0151133	-0.0128767
0.404187	-0.00165019	0.540804	-0.0135442	-0.00997827	-0.0106621
0.404168	-0.00166401	0.540788	-0.0181959	-0.0138111	-0.0155281
0.404152	-0.0016784	0.540777	-0.0163442	-0.0144231	-0.0111073
0.404135	-0.00168979	0.540769	-0.0167705	-0.0113352	-0.00835851
0.404117	-0.00170476	0.540756	-0.0182362	-0.0150936	-0.0124032
0.404102	-0.00171153	0.540747	-0.014671	-0.00671126	-0.00868738
0.404086	-0.00172661	0.540733	-0.015908	-0.0151759	-0.0144019
0.404071	-0.00173675	0.540721	-0.0151402	-0.0100409	-0.0121862
0.404051	-0.00175064	0.540704	-0.0197912	-0.0138726	-0.0170505
0.404034	-0.00176509	0.540691	-0.0179403	-0.0144848	-0.0126284
0.404015	-0.00177654	0.540681	-0.0183659	-0.0113952	-0.00987853
0.403995	-0.00179157	0.540667	-0.0198292	-0.0151512	-0.0139218
0.403979	-0.00179839	0.540657	-0.0162642	-0.00677064	-0.0102045
0.403962	-0.00181353	0.540641	-0.0175013	-0.0152335	-0.0159164
0.403945	-0.00182373	0.540628	-0.0167333	-0.0100984	-0.0136995
0.403923	-0.00183767	0.540609	-0.0213837	-0.0139289	-0.0185619
0.403904	-0.00185218	0.540595	-0.0195337	-0.0145414	-0.0141384
0.403884	-0.00186368	0.540583	-0.0199587	-0.01145	-0.0113874
0.403863	-0.00187876	0.540568	-0.0214193	-0.0152034	-0.0154292
0.403845	-0.00188564	0.540556	-0.0178545	-0.00682473	-0.0117102
0.403826	-0.00190083	0.540539	-0.0190916	-0.0152857	-0.0174194
0.403807	-0.00191108	0.540524	-0.0183237	-0.0101506	-0.0152011
0.403784	-0.00192507	0.540504	-0.0229733	-0.0139798	-0.0200615
0.403763	-0.00193963	0.540488	-0.0211242	-0.0145925	-0.0156366
0.403742	-0.00195118	0.540475	-0.0215485	-0.0114993	-0.0128843
0.403719	-0.00196631	0.540458	-0.0230062	-0.01525	-0.0169245
0.403699	-0.00197323	0.540445	-0.0194419	-0.00687333	-0.0132038
0.403679	-0.00198847	0.540426	-0.020679	-0.0153324	-0.01891
0.403659	-0.00199877	0.540409	-0.0199111	-0.0101972	-0.0166903
0.403634	-0.0020128	0.540388	-0.0245599	-0.0140252	-0.0215486
0.403611	-0.00202741	0.540371	-0.0227118	-0.014638	-0.0171221
0.403588	-0.00203901	0.540356	-0.0231355	-0.0115429	-0.0143685
0.403564	-0.00205417	0.540338	-0.0245901	-0.0152909	-0.018407
0.403543	-0.00206114	0.540323	-0.0210263	-0.00691622	-0.0146845
0.40352	-0.00207642	0.540303	-0.0222633	-0.0153733	-0.0203875
0.403499	-0.00208676	0.540285	-0.0214955	-0.010238	-0.0181663
0.403473	-0.00210083	0.540262	-0.0261434	-0.0140648	-0.0230223
0.403448	-0.00211547	0.540243	-0.0242965	-0.0146777	-0.0185942
0.403424	-0.00212711	0.540227	-0.0247195	-0.0115805	-0.0158391
0.403398	-0.00214231	0.540207	-0.0261707	-0.0153257	-0.0198758
0.403375	-0.00214931	0.540191	-0.0226075	-0.00695317	-0.0161515
0.403351	-0.00216463	0.540169	-0.0238444	-0.0154083	-0.0218512
0.403328	-0.002175	0.54015	-0.0230768	-0.0102727	-0.0196283
0.4033	-0.00218911	0.540125	-0.0277237	-0.0140983	-0.0244819
0.403274	-0.00220378	0.540105	-0.025878	-0.0147113	-0.020052
0.403248	-0.00221545	0.540088	-0.0263004	-0.011612	-0.0172955
0.40322	-0.00223068	0.540066	-0.027748	-0.0153543	-0.0213304
0.403196	-0.00223771	0.540049	-0.0241855	-0.00698396	-0.017604
0.403171	-0.00225306	0.540026	-0.0254222	-0.0154371	-0.0233002
0.403146	-0.00226346	0.540004	-0.0246548	-0.0103013	-0.0210756
0.403117	-0.00227759	0.539979	-0.0293006	-0.0141256	-0.0259267
0.403089	-0.00229229	0.539957	-0.0274563	-0.0147386	-0.021495
0.403062	-0.00230398	0.539938	-0.027878	-0.0116371	-0.0187369
0.403032	-0.00231924	0.539916	-0.0293218	-0.0153765	-0.0227698
0.403006	-0.00232629	0.539896	-0.0257601	-0.00700837	-0.0190414
0.402979	-0.00234166	0.539872	-0.0269966	-0.0154594	-0.0247338
0.402953	-0.00235208	0.539849	-0.0262295	-0.0103234	-0.0225074
0.402922	-0.00236624	0.539822	-0.0308742	-0.0141464	-0.0273559
0.402893	-0.00238096	0.539799	-0.0290313	-0.0147594	-0.0229222
0.402864	-0.00239267	0.539779	-0.0294522	-0.0116555	-0.0201625
0.402833	-0.00240794	0.539755	-0.030892	-0.0153919	-0.0241934
0.402806	-0.00241501	0.539734	-0.0273312	-0.00702616	-0.0204628
0.402777	-0.00243039	0.539708	-0.0285674	-0.0154751	-0.0261514
0.402749	-0.00244083	0.539684	-0.0278007	-0.0103388	-0.023923
0.402717	-0.002455	0.539655	-0.0324441	-0.0141605	-0.0287688
0.402686	-0.00246974	0.539631	-0.0306027	-0.0147734	-0.024333
0.402655	-0.00248145	0.539609	-0.0310229	-0.0116671	-0.0215716
0.402623	-0.00249673	0.539584	-0.0324585	-0.0154005	-0.0256004
0.402594	-0.00250381	0.539562	-0.0288986	-0.0070371	-0.0218676
0.402564	-0.00251921	0.539534	-0.0301345	-0.0154839	-0.0275521
0.402534	-0.00252965	0.539509	-0.0293682	-0.0103472	-0.0253216
0.4025	-0.00254383	0.539479	-0.0340103	-0.0141676	-0.0301646
0.402468	-0.00255857	0.539453	-0.0321704	-0.0147805	-0.0257268
0.402436	-0.00257029	0.53943	-0.03259	-0.0116716	-0.0229636
0.402402	-0.00258557	0.539403	-0.034021	-0.0154019	-0.0269902
0.402371	-0.00259266	0.53938	-0.0304623	-0.00704095	-0.023255
0.402339	-0.00260805	0.539351	-0.0316977	-0.0154856	-0.0289353
0.402309	-0.0026185	0.539324	-0.0309319	-0.0103485	-0.0267027
0.402273	-0.00263267	0.539293	-0.0355726	-0.0141676	-0.0315427
0.402239	-0.00264742	0.539266	-0.0337343	-0.0147803	-0.0271027
0.402205	-0.00265914	0.539241	-0.0341531	-0.0116688	-0.0243377
0.40217	-0.00267441	0.539213	-0.0355794	-0.0153959	-0.028362
0.402138	-0.00268149	0.539188	-0.0320218	-0.00703748	-0.0246244
0.402104	-0.00269688	0.539158	-0.0332569	-0.0154799	-0.0303002
0.402072	-0.00270732	0.53913	-0.0324915	-0.0103424	-0.0280654
0.402035	-0.00272149	0.539097	-0.0371307	-0.0141602	-0.0329025
0.401999	-0.00273622	0.539068	-0.0352941	-0.0147726	-0.0284601
0.401964	-0.00274793	0.539043	-0.0357122	-0.0116584	-0.0256932
0.401927	-0.00276319	0.539013	-0.0371336	-0.0153823	-0.0297153
0.401893	-0.00277026	0.538987	-0.0335772	-0.00702644	-0.0259751
0.401858	-0.00278564	0.538955	-0.0348117	-0.0154667	-0.0316464
0.401824	-0.00279606	0.538926	-0.0340469	-0.0103286	-0.0294092
0.401785	-0.00281021	0.538892	-0.0386846	-0.014145	-0.0342431
0.401749	-0.00282493	0.538862	-0.0368496	-0.0147572	-0.0297983
0.401711	-0.00283662	0.538835	-0.037267	-0.0116402	-0.0270295
0.401673	-0.00285186	0.538804	-0.0386832	-0.0153608	-0.0310492
0.401638	-0.00285892	0.538777	-0.0351282	-0.00700759	-0.0273064
0.401601	-0.00287427	0.538744	-0.0363621	-0.0154455	-0.032973
0.401566	-0.00288467	0.538713	-0.0355978	-0.0103069	-0.0307334
0.401525	-0.0028988	0.538677	-0.0402339	-0.014122	-0.0355641
0.401487	-0.0029135	0.538646	-0.0384007	-0.0147338	-0.0311168
0.401448	-0.00292516	0.538618	-0.0388173	-0.0116139	-0.0283459
0.401408	-0.00294037	0.538585	-0.040228	-0.0153313	-0.0323632
0.401371	-0.00294739	0.538557	-0.0366745	-0.0069807	-0.0286177
0.401333	-0.00296272	0.538522	-0.0379077	-0.0154163	-0.0342794
0.401296	-0.00297309	0.53849	-0.0371441	-0.0102771	-0.0320373
0.401254	-0.00298719	0.538454	-0.0417784	-0.0140909	-0.0368647
0.401215	-0.00300185	0.538421	-0.039947	-0.0147023	-0.0324148
0.401174	-0.00301348	0.538391	-0.0403628	-0.0115794	-0.0296418
0.401132	-0.00302866	0.538358	-0.0417679	-0.0152933	-0.0336567
0.401094	-0.00303564	0.538328	-0.0382159	-0.00694552	-0.0299084
0.401055	-0.00305093	0.538292	-0.0394483	-0.0153788	-0.035565
0.401016	-0.00306126	0.538259	-0.0386854	-0.010239	-0.0333204
0.400973	-0.00307532	0.538221	-0.0433178	-0.0140513	-0.0381443
0.400931	-0.00308995	0.538187	-0.0414884	-0.0146623	-0.0336918
0.400889	-0.00310153	0.538156	-0.0419033	-0.0115363	-0.0309167
0.400846	-0.00311666	0.538121	-0.0433026	-0.0152468	-0.034929
0.400806	-0.0031236	0.53809	-0.0397521	-0.00690182	-0.0311779
0.400765	-0.00313885	0.538053	-0.0409837	-0.0153327	-0.0368293
0.400725	-0.00314913	0.538019	-0.0402215	-0.0101922	-0.034582
0.40068	-0.00316314	0.537979	-0.044852	-0.0140031	-0.0394024
0.400637	-0.00317772	0.537944	-0.0430245	-0.0146136	-0.0349471
0.400594	-0.00318925	0.537912	-0.0434386	-0.0114845	-0.0321698
0.400549	-0.00320432	0.537876	-0.0448317	-0.0151915	-0.0361796
0.400508	-0.00321121	0.537844	-0.0412829	-0.00684936	-0.0324255
0.400465	-0.0032264	0.537805	-0.0425136	-0.0152778	-0.0380716
0.400424	-0.00323663	0.53777	-0.0417521	-0.0101366	-0.0358215
0.400377	-0.00325058	0.537729	-0.0463805	-0.0139461	-0.0406384
0.400333	-0.0032651	0.537693	-0.0445551	-0.014556	-0.0361802
0.400288	-0.00327657	0.537659	-0.0449682	-0.0114236	-0.0334007
0.400241	-0.00329158	0.537622	-0.046355	-0.0151272	-0.0374079
0.400199	-0.00329841	0.537588	-0.0428079	-0.0067879	-0.0336508
0.400155	-0.00331353	0.537549	-0.0440376	-0.0152138	-0.0392913
0.400111	-0.00332369	0.537512	-0.043277	-0.0100719	-0.0370384
0.400063	-0.00333758	0.53747	-0.0479032	-0.01388	-0.0418516
0.400017	-0.00335203	0.537433	-0.0460798	-0.0144893	-0.0373906
0.399971	-0.00336343	0.537398	-0.046492	-0.0113536	-0.0346087
0.399923	-0.00337837	0.537359	-0.0478723	-0.0150535	-0.0386133
0.399879	-0.00338513	0.537325	-0.0443269	-0.00671722	-0.0348531
0.399833	-0.00340018	0.537284	-0.0455556	-0.0151406	-0.040488
0.399788	-0.00341027	0.537246	-0.0447957	-0.0099979	-0.0382321
0.399739	-0.00342408	0.537203	-0.0494197	-0.0138046	-0.0430416
0.399691	-0.00343845	0.537164	-0.0475983	-0.0144131	-0.0385776
0.399643	-0.00344977	0.537128	-0.0480096	-0.0112741	-0.0357933
0.399594	-0.00346463	0.537089	-0.049383	-0.0149704	-0.0397952
0.399548	-0.0034713	0.537053	-0.0458396	-0.00663708	-0.0360319
0.399501	-0.00348628	0.537011	-0.047067	-0.0150579	-0.0416611
0.399455	-0.00349628	0.536971	-0.046308	-0.00991437	-0.0394022
0.399404	-0.00351	0.536927	-0.0509296	-0.0137196	-0.0442078
0.399355	-0.00352429	0.536887	-0.0491103	-0.0143274	-0.0397407
0.399305	-0.00353552	0.536851	-0.0495206	-0.0111849	-0.0369541
0.399254	-0.00355029	0.53681	-0.050887	-0.0148775	-0.0409533
0.399207	-0.00355687	0.536772	-0.0473455	-0.00654726	-0.0371868
0.399158	-0.00357175	0.53673	-0.0485716	-0.0149655	-0.04281
0.399111	-0.00358166	0.536689	-0.0478134	-0.00982108	-0.040548
0.399058	-0.00359529	0.536644	-0.0524326	-0.0136248	-0.0453498
0.399008	-0.00360949	0.536603	-0.0506154	-0.0142318	-0.0408795
0.398957	-0.00362062	0.536565	-0.0510248	-0.0110857	-0.0380904
0.398904	-0.00363528	0.536523	-0.0523839	-0.0147747	-0.042087
0.398855	-0.00364176	0.536484	-0.0488443	-0.00644754	-0.0383171
0.398805	-0.00365654	0.53644	-0.0500691	-0.0148632	-0.0439343
0.398756	-0.00366634	0.536399	-0.0493118	-0.00971782	-0.0416692
0.398702	-0.00367987	0.536352	-0.0539284	-0.0135201	-0.046467
0.39865	-0.00369396	0.53631	-0.0521133	-0.0141262	-0.0419935
0.398598	-0.00370498	0.536271	-0.0525216	-0.0109765	-0.0392019
0.398544	-0.00371953	0.536228	-0.0538732	-0.0146617	-0.0431957
0.398493	-0.00372591	0.536188	-0.0503357	-0.00633771	-0.0394225
0.398442	-0.00374057	0.536143	-0.051559	-0.0147506	-0.0450335
0.398391	-0.00375026	0.5361	-0.0508026	-0.00960437	-0.0427651
0.398336	-0.00376367	0.536053	-0.0554165	-0.0134052	-0.0475589
0.398282	-0.00377765	0.53601	-0.0536036	-0.0140103	-0.0430821
0.398228	-0.00378855	0.535969	-0.0540108	-0.0108569	-0.040288
0.398173	-0.00380297	0.535925	-0.0553547	-0.0145384	-0.0442791
0.398121	-0.00380923	0.535885	-0.0518193	-0.00621755	-0.0405024
0.398068	-0.00382377	0.535839	-0.0530409	-0.0146278	-0.0461071
0.398016	-0.00383334	0.535795	-0.0522854	-0.00948052	-0.0438355
0.397959	-0.00384662	0.535746	-0.0568965	-0.0132798	-0.0486252
0.397904	-0.00386047	0.535702	-0.0550858	-0.013884	-0.044145
0.397848	-0.00387124	0.535661	-0.0554919	-0.0107269	-0.0413484
0.397791	-0.00388553	0.535615	-0.0568278	-0.0144045	-0.0453367
0.397738	-0.00389166	0.535574	-0.0532946	-0.00608687	-0.0415565
0.397684	-0.00390607	0.535526	-0.0545145	-0.0144943	-0.0471548
0.39763	-0.0039155	0.535482	-0.0537599	-0.00934608	-0.0448798
0.397571	-0.00392865	0.535432	-0.0583681	-0.0131439	-0.0496654
0.397515	-0.00394236	0.535387	-0.0565596	-0.013747	-0.0451818
0.397458	-0.00395299	0.535344	-0.0569645	-0.010586	-0.0423826
0.3974	-0.00396714	0.535298	-0.0582923	-0.0142598	-0.0463681
0.397345	-0.00397312	0.535255	-0.0547612	-0.00594547	-0.0425844
0.397289	-0.00398739	0.535207	-0.0559792	-0.0143501	-0.0481762
0.397234	-0.00399667	0.535161	-0.0552257	-0.00920085	-0.0458977
0.397174	-0.00400967	0.535111	-0.0598308	-0.0129971	-0.050679
0.397116	-0.00402324	0.535064	-0.0580245	-0.0135991	-0.0461919
0.397058	-0.00403371	0.535021	-0.0584282	-0.0104343	-0.0433901
0.396998	-0.00404771	0.534974	-0.0597475	-0.0141041	-0.0473729
0.396942	-0.00405354	0.53493	-0.0562187	-0.00579317	-0.0435855
0.396884	-0.00406765	0.534881	-0.0574348	-0.014195	-0.0491707
0.396828	-0.00407678	0.534834	-0.0566822	-0.00904465	-0.0468888
0.396766	-0.00408962	0.534782	-0.0612841	-0.0128394	-0.0516658
0.396707	-0.00410303	0.534735	-0.0594801	-0.0134402	-0.0471751
0.396647	-0.00411334	0.534691	-0.0598825	-0.0102714	-0.0443707
0.396586	-0.00412717	0.534642	-0.0611931	-0.0139374	-0.0483507
0.396528	-0.00413284	0.534598	-0.0576666	-0.00562979	-0.0445597
0.396469	-0.00414678	0.534548	-0.0588806	-0.0140288	-0.0501381
0.396411	-0.00415574	0.5345	-0.058129	-0.0088773	-0.0478526
0.396348	-0.00416842	0.534447	-0.0627276	-0.0126705	-0.0526254
0.396288	-0.00418165	0.534399	-0.0609258	-0.0132701	-0.0481311
0.396226	-0.00419179	0.534354	-0.0613269	-0.0100973	-0.0453239
0.396164	-0.00420544	0.534304	-0.0626287	-0.0137593	-0.0493012
0.396105	-0.00421094	0.534259	-0.0591045	-0.00545515	-0.0455064
0.396044	-0.00422471	0.534208	-0.0603163	-0.0138512	-0.051078
0.395985	-0.00423348	0.534159	-0.0595656	-0.00869864	-0.0487889
0.395921	-0.00424598	0.534105	-0.0641609	-0.0124903	-0.0535573
0.395858	-0.00425904	0.534056	-0.0623613	-0.0130886	-0.0490593
0.395795	-0.00426899	0.53401	-0.062761	-0.0099118	-0.0462494
0.395731	-0.00428245	0.53396	-0.0640537	-0.0135698	-0.050224
0.395671	-0.00428776	0.533913	-0.0605318	-0.0052691	-0.0464254
0.395609	-0.00430134	0.533861	-0.0617413	-0.0136622	-0.0519901
0.395548	-0.00430993	0.533811	-0.0609916	-0.0085085	-0.0496973
0.395483	-0.00432223	0.533757	-0.0655833	-0.0122986	-0.0544614
0.395419	-0.00433509	0.533707	-0.063786	-0.0128955	-0.0499596
0.395355	-0.00434485	0.53366	-0.0641843	-0.00971468	-0.047147
0.395289	-0.00435811	0.533609	-0.0654676	-0.0133687	-0.0511189
0.395227	-0.00436322	0.533561	-0.0619482	-0.00507149	-0.0473164
0.395164	-0.0043766	0.533509	-0.0631552	-0.0134616	-0.0528741
0.395102	-0.00438499	0.533458	-0.0624065	-0.00830676	-0.0505776
0.395035	-0.00439709	0.533403	-0.0669945	-0.0120953	-0.0553372
0.39497	-0.00440975	0.533352	-0.0651994	-0.0126908	-0.0508316
0.394904	-0.00441929	0.533304	-0.0655962	-0.00950584	-0.0480163
0.394837	-0.00443234	0.533252	-0.06687	-0.0131558	-0.0519855
0.394774	-0.00443724	0.533203	-0.063353	-0.00486219	-0.0481791
0.394709	-0.00445041	0.53315	-0.0645574	-0.0132493	-0.0537297
0.394646	-0.00445858	0.533098	-0.0638097	-0.00809326	-0.0514294
0.394577	-0.00447047	0.533042	-0.0683939	-0.0118803	-0.0561846
0.394511	-0.00448291	0.53299	-0.066601	-0.0124743	-0.0516751
0.394444	-0.00449224	0.532942	-0.0669963	-0.00928515	-0.048857
0.394375	-0.00450506	0.532889	-0.0682603	-0.012931	-0.0528236
0.394311	-0.00450974	0.53284	-0.0647457	-0.00464105	-0.0490132
0.394245	-0.00452269	0.532785	-0.0659474	-0.0130251	-0.0545567
0.39418	-0.00453063	0.532733	-0.0652007	-0.00786789	-0.0522525
0.39411	-0.00454229	0.532676	-0.069781	-0.0116533	-0.0570032
0.394042	-0.00455451	0.532623	-0.0679902	-0.0122458	-0.0524898
0.393973	-0.0045636	0.532574	-0.068384	-0.00905249	-0.0496689
0.393904	-0.00457619	0.53252	-0.069638	-0.0126943	-0.0536329
0.393838	-0.00458063	0.53247	-0.0661259	-0.00440798	-0.0498185
0.39377	-0.00459335	0.532415	-0.0673247	-0.012789	-0.0553548
0.393704	-0.00460105	0.532362	-0.0665789	-0.00763053	-0.0530467
0.393633	-0.00461247	0.532304	-0.0711552	-0.0114144	-0.0577929
0.393563	-0.00462445	0.532251	-0.0693666	-0.0120053	-0.0532755
0.393494	-0.0046333	0.5322	-0.0697587	-0.00880775	-0.0504518
0.393423	-0.00464564	0.532146	-0.0710025	-0.0124455	-0.0544132
0.393355	-0.00464984	0.532095	-0.0674929	-0.00416286	-0.0505948
0.393287	-0.0046623	0.532039	-0.0686888	-0.0125408	-0.0561237
0.393219	-0.00466976	0.531985	-0.0679439	-0.00738108	-0.0538117
0.393146	-0.00468093	0.531927	-0.0725161	-0.0111634	-0.0585534
0.393075	-0.00469265	0.531872	-0.0707296	-0.0117527	-0.054032
0.393004	-0.00470124	0.531821	-0.07112	-0.00855086	-0.0512055
0.392932	-0.00471332	0.531766	-0.0723533	-0.0121845	-0.0551644
0.392863	-0.00471727	0.531715	-0.0688463	-0.00390561	-0.0513419
0.392793	-0.00472947	0.531658	-0.070039	-0.0122804	-0.0568634
0.392724	-0.00473667	0.531603	-0.0692951	-0.00711947	-0.0545474
0.39265	-0.00474757	0.531544	-0.0738629	-0.0109002	-0.0592846
0.392578	-0.00475903	0.531489	-0.0720785	-0.0114878	-0.0547591
0.392506	-0.00476735	0.531437	-0.0724672	-0.00828171	-0.0519298
0.392432	-0.00477916	0.531381	-0.0736899	-0.0119112	-0.0558862
0.392362	-0.00478283	0.531329	-0.0701854	-0.00363615	-0.0520595
0.39229	-0.00479477	0.531272	-0.0713748	-0.0120078	-0.0575736
0.39222	-0.00480169	0.531216	-0.0706318	-0.00684561	-0.0552536
0.392145	-0.00481232	0.531156	-0.0751952	-0.0106248	-0.0599863
0.392071	-0.0048235	0.531101	-0.0734129	-0.0112107	-0.0554566
0.391997	-0.00483154	0.531048	-0.0737997	-0.00800026	-0.0526245
0.391922	-0.00484307	0.530992	-0.0750116	-0.0116256	-0.0565785
0.391851	-0.00484646	0.530939	-0.0715096	-0.00335442	-0.0527476
0.391778	-0.0048581	0.530881	-0.0726956	-0.0117228	-0.0582542
0.391706	-0.00486474	0.530825	-0.0719536	-0.00655945	-0.0559301
0.39163	-0.00487508	0.530764	-0.0765124	-0.0103371	-0.0606583
0.391555	-0.00488598	0.530708	-0.0747321	-0.0109212	-0.0561244
0.39148	-0.00489372	0.530655	-0.0751171	-0.00770645	-0.0532895
0.391404	-0.00490495	0.530597	-0.0763179	-0.0113277	-0.0572411
0.391331	-0.00490805	0.530544	-0.0728185	-0.00306037	-0.053406
0.391257	-0.0049194	0.530485	-0.0740009	-0.0114256	-0.0589051
0.391184	-0.00492573	0.530428	-0.0732598	-0.00626094	-0.0565769
0.391106	-0.00493578	0.530367	-0.0778138	-0.0100371	-0.0613005
0.39103	-0.00494637	0.53031	-0.0760356	-0.0106193	-0.0567624
0.390954	-0.00495381	0.530256	-0.0764186	-0.00740023	-0.0539247
0.390876	-0.00496473	0.530198	-0.0776081	-0.0110174	-0.057874
0.390802	-0.00496752	0.530144	-0.0741113	-0.00275396	-0.0540346
0.390727	-0.00497856	0.530085	-0.07529	-0.0111159	-0.0595262
0.390652	-0.00498459	0.530028	-0.0745498	-0.00595006	-0.0571938
0.390573	-0.00499432	0.529966	-0.079099	-0.00972464	-0.0619129
0.390496	-0.00500459	0.529908	-0.0773227	-0.010305	-0.0573706
0.390418	-0.00501172	0.529854	-0.0777037	-0.0070816	-0.0545299
0.390339	-0.00502231	0.529795	-0.0788818	-0.0106946	-0.0584771
0.390264	-0.00502478	0.529741	-0.0753876	-0.00243518	-0.0546334
0.390187	-0.00503551	0.52968	-0.0765623	-0.0107939	-0.0601174
0.390111	-0.00504121	0.529623	-0.075823	-0.00562678	-0.0577808
0.390031	-0.00505061	0.52956	-0.0803673	-0.00939983	-0.0624953
0.389953	-0.00506056	0.529502	-0.0785929	-0.00997824	-0.0579487
0.389874	-0.00506735	0.529447	-0.0789719	-0.00675054	-0.0551053
0.389794	-0.00507762	0.529388	-0.0801383	-0.0103594	-0.0590502
0.389717	-0.00507976	0.529333	-0.0766466	-0.00210402	-0.0552022
0.389639	-0.00509015	0.529272	-0.0778173	-0.0104594	-0.0606786
0.389562	-0.00509551	0.529214	-0.0770789	-0.00529111	-0.0583378
0.38948	-0.00510458	0.529151	-0.081618	-0.00906264	-0.0630478
0.389401	-0.00511419	0.529092	-0.0798456	-0.00963909	-0.0584968
0.38932	-0.00512064	0.529036	-0.0802224	-0.00640705	-0.0556506
0.389239	-0.00513056	0.528977	-0.0813769	-0.0100118	-0.0595934
0.389161	-0.00513235	0.528921	-0.0778879	-0.0017605	-0.055741
0.389082	-0.0051424	0.52886	-0.0790544	-0.0101126	-0.0612098
0.389004	-0.00514741	0.528801	-0.0783168	-0.00494307	-0.0588648
0.388921	-0.00515613	0.528737	-0.0828507	-0.00871309	-0.0635702
0.38884	-0.00516539	0.528678	-0.08108	-0.00928754	-0.0590149
0.388759	-0.00517149	0.528622	-0.0814546	-0.00605118	-0.0561658
0.388676	-0.00518104	0.528562	-0.0825971	-0.00965176	-0.0601067
0.388597	-0.00518248	0.528506	-0.0791107	-0.00140463	-0.0562499
0.388517	-0.00519217	0.528444	-0.0802728	-0.00975341	-0.061711
0.388437	-0.00519682	0.528385	-0.0795361	-0.00458269	-0.0593617
0.388353	-0.00520518	0.52832	-0.0840646	-0.00835121	-0.0640627
0.388271	-0.00521408	0.528261	-0.0822957	-0.00892363	-0.0595029
0.388188	-0.0052198	0.528204	-0.0826681	-0.00568295	-0.0566511
0.388104	-0.00522899	0.528144	-0.0837983	-0.00927941	-0.06059
0.388024	-0.00523006	0.528087	-0.0803145	-0.00103647	-0.0567288
0.387943	-0.00523938	0.528025	-0.0814721	-0.00938191	-0.0621822
0.387862	-0.00524366	0.527965	-0.0807361	-0.00421001	-0.0598286
0.387777	-0.00525164	0.5279	-0.0852591	-0.00797705	-0.0645251
0.387693	-0.00526017	0.52784	-0.083492	-0.0085474	-0.059961
0.387609	-0.00526551	0.527783	-0.083862	-0.00530241	-0.0571063
0.387525	-0.00527431	0.527722	-0.0849798	-0.00889476	-0.0610434
0.387443	-0.005275	0.527665	-0.0814986	-0.000656071	-0.0571777
0.38736	-0.00528393	0.527602	-0.0826515	-0.00899816	-0.0626234
0.387279	-0.00528783	0.527542	-0.0819164	-0.0038251	-0.0602655
0.387192	-0.00529543	0.527477	-0.0864337	-0.00759067	-0.0649576
0.387108	-0.00530357	0.527417	-0.0846682	-0.00815892	-0.060389
0.387022	-0.00530852	0.527359	-0.0850358	-0.00490966	-0.0575315
0.386936	-0.00531692	0.527298	-0.086141	-0.00849791	-0.061467
0.386854	-0.00531722	0.52724	-0.0826624	-0.000263511	-0.0575967
0.38677	-0.00532576	0.527177	-0.0838106	-0.00860223	-0.0630348
0.386687	-0.00532926	0.527116	-0.0830761	-0.00342804	-0.0606725
0.386599	-0.00533646	0.527051	-0.0875877	-0.00719216	-0.0653602
0.386514	-0.00534419	0.52699	-0.0858238	-0.00775829	-0.0607871
0.386427	-0.00534874	0.526932	-0.086189	-0.00450476	-0.0579269
0.38634	-0.00535674	0.52687	-0.0872813	-0.00808893	-0.0618607
0.386256	-0.00535663	0.526812	-0.0838053	0.00014112	-0.0579859
0.386171	-0.00536476	0.526749	-0.0849485	-0.00819422	-0.0634163
0.386087	-0.00536785	0.526688	-0.0842148	-0.00301892	-0.0610497
0.385999	-0.00537464	0.526622	-0.0887204	-0.00678162	-0.0657329
0.385912	-0.00538197	0.526561	-0.0869581	-0.00734559	-0.0611554
0.385824	-0.00538609	0.526502	-0.0873208	-0.00408783	-0.0582924
0.385736	-0.00539367	0.52644	-0.0884002	-0.00766793	-0.0622247
0.385651	-0.00539315	0.526382	-0.0849268	0.000557713	-0.0583454
0.385565	-0.00540086	0.526318	-0.0860648	-0.00777424	-0.0637681
0.38548	-0.00540353	0.526256	-0.0853318	-0.00259786	-0.0613971
0.38539	-0.0054099	0.52619	-0.0898313	-0.00635916	-0.066076
0.385302	-0.0054168	0.526129	-0.0880706	-0.00692095	-0.0614939
0.385214	-0.0054205	0.52607	-0.0884306	-0.00365899	-0.0586282
0.385124	-0.00542764	0.526008	-0.0894969	-0.00723504	-0.062559
0.385038	-0.00542669	0.525949	-0.086026	0.000986143	-0.0586752
0.384951	-0.00543397	0.525885	-0.0871588	-0.00734242	-0.0640902
0.384865	-0.00543621	0.525823	-0.0864264	-0.00216499	-0.0617148
0.384774	-0.00544214	0.525757	-0.0909198	-0.0059249	-0.0663895
0.384684	-0.00544861	0.525695	-0.0891605	-0.0064845	-0.0618028
0.384595	-0.00545186	0.525636	-0.0895179	-0.00321838	-0.0589345
0.384504	-0.00545857	0.525573	-0.0905708	-0.0067904	-0.062864
0.384417	-0.00545718	0.525514	-0.0871026	0.00142627	-0.0589756
0.384329	-0.00546401	0.52545	-0.0882298	-0.0068989	-0.0643829
0.384242	-0.00546581	0.525388	-0.0874981	-0.00172046	-0.0620031
0.38415	-0.0054713	0.525321	-0.0919852	-0.00547901	-0.0666735
0.38406	-0.00547731	0.525259	-0.0902272	-0.00603639	-0.0620823
0.383969	-0.00548012	0.525199	-0.0905819	-0.00276615	-0.0592113
0.383877	-0.00548637	0.525136	-0.0916214	-0.00633417	-0.0631396
0.383789	-0.00548452	0.525077	-0.0881557	0.00187793	-0.0592466
0.3837	-0.00549091	0.525012	-0.0892774	-0.00644383	-0.0646463
0.383612	-0.00549224	0.52495	-0.0885463	-0.00126442	-0.0622621
0.383519	-0.00549728	0.524883	-0.093027	-0.00502164	-0.0669282
0.383427	-0.00550283	0.524821	-0.0912703	-0.00557679	-0.0623325
0.383336	-0.00550517	0.524761	-0.0916222	-0.00230247	-0.0594588
0.383243	-0.00551096	0.524698	-0.092648	-0.00586651	-0.063386
0.383154	-0.00550865	0.524638	-0.0891849	0.00234097	-0.0594884
0.383064	-0.00551457	0.524573	-0.0903008	-0.0059774	-0.0648806
0.382974	-0.00551544	0.524511	-0.0895703	-0.000797056	-0.0624919
0.38288	-0.00552	0.524444	-0.0940444	-0.00455297	-0.0671539
0.382788	-0.00552509	0.524381	-0.0922889	-0.00510587	-0.0625536
0.382695	-0.00552695	0.524321	-0.092638	-0.00182753	-0.0596773
0.382602	-0.00553226	0.524258	-0.0936501	-0.00538763	-0.0636035
0.382511	-0.00552948	0.524198	-0.0901895	0.00281517	-0.0597013
0.38242	-0.00553492	0.524133	-0.0912995	-0.00549979	-0.0650859
0.38233	-0.00553531	0.52407	-0.0905695	-0.000318563	-0.0626928
0.382235	-0.0055394	0.524003	-0.095037	-0.0040732	-0.0673507
0.382141	-0.005544	0.52394	-0.0932826	-0.00462385	-0.0627458
0.382048	-0.00554538	0.52388	-0.0936288	-0.00134153	-0.0598669
0.381953	-0.0055502	0.523816	-0.094627	-0.00489771	-0.0637923
0.381862	-0.00554693	0.523756	-0.0911689	0.00330034	-0.0598855
0.38177	-0.00555188	0.523691	-0.0922728	-0.00501122	-0.0652625
0.381678	-0.00555179	0.523628	-0.0915434	0.000170848	-0.062865
0.381582	-0.00555538	0.523561	-0.0960041	-0.00358255	-0.0675188
0.381488	-0.00555949	0.523498	-0.0942508	-0.00413094	-0.0629094
0.381394	-0.00556038	0.523438	-0.094594	-0.000844699	-0.0600279
0.381298	-0.00556469	0.523374	-0.0955781	-0.00439699	-0.0639525
0.381206	-0.00556093	0.523314	-0.0921226	0.00379626	-0.0600411
0.381113	-0.00556539	0.523248	-0.0932202	-0.00451191	-0.0654107
0.38102	-0.00556479	0.523185	-0.0924914	0.000670951	-0.0630087
0.380923	-0.00556788	0.523118	-0.0969451	-0.00308123	-0.0676585
0.380828	-0.00557149	0.523054	-0.0951928	-0.00362736	-0.0630445
0.380733	-0.00557187	0.522994	-0.095533	-0.000337264	-0.0601604
0.380636	-0.00557567	0.52293	-0.096503	-0.00388571	-0.0640845
0.380543	-0.00557141	0.52287	-0.0930499	0.00430269	-0.0601684
0.380449	-0.00557535	0.522804	-0.0941411	-0.00400209	-0.0655306
0.380356	-0.00557424	0.522741	-0.0934127	0.0011815	-0.0631241
0.380258	-0.00557683	0.522673	-0.0978594	-0.0025695	-0.0677701
0.380162	-0.00557992	0.52261	-0.0961081	-0.00311337	-0.0631514
0.380065	-0.00557978	0.52255	-0.0964452	0.000180522	-0.0602649
0.379968	-0.00558307	0.522486	-0.0974009	-0.00336411	-0.0641885
0.379874	-0.00557828	0.522425	-0.0939502	0.00481938	-0.0602678
0.379779	-0.00558171	0.52236	-0.095035	-0.00348203	-0.0656226
0.379685	-0.00558008	0.522297	-0.094307	0.00170224	-0.0632116
0.379586	-0.00558214	0.522229	-0.0987466	-0.00204762	-0.0678538
0.379489	-0.00558471	0.522165	-0.096996	-0.00258922	-0.0632305
0.379392	-0.00558404	0.522105	-0.0973301	0.000708393	-0.0603415
0.379294	-0.0055868	0.522041	-0.0982713	-0.00283246	-0.0642648
0.379199	-0.00558149	0.52198	-0.0948231	0.00534605	-0.0603394
0.379103	-0.00558439	0.521915	-0.0959012	-0.00295199	-0.0656869
0.379008	-0.00558223	0.521851	-0.0951737	0.00223291	-0.0632715
0.378908	-0.00558376	0.521783	-0.0996059	-0.00151585	-0.0679099
0.37881	-0.00558579	0.52172	-0.0978562	-0.0020552	-0.063282
0.378712	-0.00558459	0.52166	-0.098187	0.00124607	-0.0603906
0.378613	-0.0055868	0.521595	-0.0991137	-0.00229105	-0.0643136
0.378518	-0.00558096	0.521535	-0.095668	0.00588242	-0.0603836
0.378421	-0.00558332	0.521469	-0.0967392	-0.00241226	-0.0657239
0.378325	-0.00558061	0.521406	-0.0960121	0.0027732	-0.063304
0.378224	-0.0055816	0.521338	-0.100437	-0.000974494	-0.0679387
0.378126	-0.0055831	0.521275	-0.0986879	-0.00151159	-0.0633063
0.378027	-0.00558135	0.521214	-0.0990155	0.00179325	-0.0604125
0.377927	-0.00558301	0.52115	-0.0999275	-0.00174017	-0.0643354
0.37783	-0.00557662	0.521089	-0.0964842	0.0064282	-0.0604008
0.377733	-0.00557843	0.521024	-0.0975485	-0.00186314	-0.0657338
0.377636	-0.00557518	0.52096	-0.0968217	0.00332281	-0.0633095
0.377535	-0.00557562	0.520892	-0.101239	-0.000423849	-0.0679406
0.377436	-0.00557656	0.520829	-0.0994907	-0.000958703	-0.0633036
0.377336	-0.00557425	0.520768	-0.099815	0.00234963	-0.0604074
0.377235	-0.00557536	0.520704	-0.100712	-0.00118014	-0.0643305
0.377138	-0.00556841	0.520644	-0.0972714	0.00698307	-0.0603912
0.37704	-0.00556966	0.520578	-0.0983285	-0.00130494	-0.0657171
0.376942	-0.00556585	0.520515	-0.0976021	0.00388144	-0.0632884
0.37684	-0.00556573	0.520447	-0.102012	0.000135766	-0.0679159
0.37674	-0.00556611	0.520383	-0.100264	-0.000396862	-0.0632743
0.376639	-0.00556324	0.520323	-0.100585	0.00291488	-0.0603758
0.376538	-0.00556378	0.520259	-0.101467	-0.000611281	-0.0642991
0.37644	-0.00555627	0.520198	-0.0980289	0.00754671	-0.0603552
0.376341	-0.00555696	0.520133	-0.0990787	-0.000737996	-0.0656741
0.376242	-0.00555258	0.520069	-0.0983526	0.00444875	-0.0632409
0.37614	-0.00555189	0.520001	-0.102755	0.000704019	-0.0678649
0.376039	-0.0055517	0.519938	-0.101007	0.000173601	-0.0632189
0.375937	-0.00554826	0.519878	-0.101325	0.00348867	-0.0603181
0.375835	-0.00554822	0.519814	-0.102192	-3.39336e-05	-0.0642417
0.375737	-0.00554014	0.519753	-0.0987562	0.00811878	-0.0602931
0.375637	-0.00554025	0.519688	-0.0997987	-0.000162643	-0.0656051
0.375538	-0.0055353	0.519624	-0.0990729	0.00502439	-0.0631675
0.375434	-0.00553403	0.519557	-0.103467	0.00128057	-0.0677882
0.375333	-0.00553326	0.519493	-0.10172	0.000752338	-0.0631375
0.375231	-0.00552923	0.519433	-0.102034	0.00407065	-0.0602345
0.375128	-0.00552861	0.519369	-0.102887	0.000551551	-0.0641586
0.375028	-0.00551995	0.519309	-0.0994529	0.00869892	-0.0602055
0.374928	-0.00551948	0.519243	-0.100488	0.000420763	-0.0655105
0.374828	-0.00551394	0.51918	-0.0997624	0.00560802	-0.0630685
0.374724	-0.00551209	0.519112	-0.104149	0.00186505	-0.0676859
0.374622	-0.00551074	0.519049	-0.102402	0.00133899	-0.0630308
0.374519	-0.00550612	0.518989	-0.102713	0.00466044	-0.0601256
0.374415	-0.00550491	0.518925	-0.10355	0.00114481	-0.0640503
0.374315	-0.00549566	0.518865	-0.100119	0.00928677	-0.0600925
0.374214	-0.0054946	0.518799	-0.101146	0.00101186	-0.0653908
0.374114	-0.00548847	0.518736	-0.100421	0.00619926	-0.0629444
0.374009	-0.00548603	0.518669	-0.104799	0.0024571	-0.0675586
0.373906	-0.00548409	0.518606	-0.103052	0.00193318	-0.0628989
0.373803	-0.00547887	0.518546	-0.10336	0.00525768	-0.0599916
0.373699	-0.00547705	0.518482	-0.104182	0.00174546	-0.0639171
0.373598	-0.00546721	0.518422	-0.100753	0.00988196	-0.0599548
0.373496	-0.00546555	0.518357	-0.101772	0.00161026	-0.0652464
0.373395	-0.00545883	0.518294	-0.101047	0.00679772	-0.0627955
0.37329	-0.00545579	0.518226	-0.105418	0.00305633	-0.0674066
0.373186	-0.00545324	0.518164	-0.103671	0.00253453	-0.0627425
0.373082	-0.00544742	0.518104	-0.103975	0.00586198	-0.0598331
0.372977	-0.005445	0.51804	-0.104782	0.00235312	-0.0637595
0.372876	-0.00543455	0.51798	-0.101355	0.0104841	-0.0597926
0.372774	-0.00543229	0.517915	-0.102366	0.00221557	-0.0650776
0.372672	-0.00542496	0.517852	-0.101641	0.00740303	-0.0626224
0.372566	-0.00542131	0.517785	-0.106004	0.00366235	-0.0672305
0.372462	-0.00541816	0.517723	-0.104257	0.00314264	-0.0625619
0.372357	-0.00541173	0.517663	-0.104557	0.00647294	-0.0596504
0.372252	-0.00540869	0.517599	-0.105349	0.00296738	-0.0635779
0.37215	-0.00539764	0.51754	-0.101924	0.0110928	-0.0596064
0.372047	-0.00539477	0.517475	-0.102928	0.00282741	-0.0648849
0.371945	-0.00538682	0.517412	-0.102203	0.00801478	-0.0624253
0.371839	-0.00538257	0.517345	-0.106557	0.00427476	-0.0670305
0.371734	-0.0053788	0.517283	-0.104811	0.00375711	-0.0623575
0.371629	-0.00537175	0.517223	-0.105107	0.00709016	-0.059444
0.371523	-0.0053681	0.51716	-0.105883	0.00358784	-0.0633727
0.37142	-0.00535643	0.5171	-0.102461	0.0117076	-0.0593967
0.371317	-0.00535294	0.517036	-0.103456	0.00344535	-0.0646688
0.371214	-0.00534438	0.516974	-0.102732	0.00863254	-0.0622049
0.371107	-0.0053395	0.516907	-0.107078	0.00489315	-0.0668072
0.371002	-0.00533511	0.516845	-0.105331	0.00437752	-0.0621298
0.370896	-0.00532744	0.516785	-0.105624	0.0077132	-0.0592144
0.37079	-0.00532316	0.516722	-0.106385	0.00421409	-0.0631445
0.370687	-0.00531087	0.516663	-0.102965	0.0123281	-0.0591639
0.370583	-0.00530676	0.516598	-0.103952	0.00406897	-0.0644297
0.37048	-0.00529757	0.516536	-0.103227	0.00925591	-0.0619615
0.370372	-0.00529208	0.51647	-0.107565	0.00551709	-0.0665611
0.370267	-0.00528706	0.516408	-0.105818	0.00500344	-0.0618793
0.370161	-0.00527876	0.516349	-0.106107	0.00834165	-0.058962
0.370054	-0.00527385	0.516286	-0.106853	0.00484567	-0.0628935
0.36995	-0.00526094	0.516227	-0.103434	0.0129539	-0.0589085
0.369846	-0.0052562	0.516163	-0.104413	0.00469785	-0.0641681
0.369742	-0.00524638	0.516101	-0.103689	0.00988445	-0.0616955
0.369634	-0.00524026	0.516035	-0.108018	0.00614614	-0.0662926
0.369528	-0.00523461	0.515973	-0.106271	0.00563443	-0.0616064
0.369422	-0.00522568	0.515914	-0.106556	0.00897507	-0.0586873
0.369314	-0.00522013	0.515852	-0.107286	0.00548217	-0.0626205
0.369211	-0.00520659	0.515793	-0.10387	0.0135846	-0.0586309
0.369106	-0.00520121	0.515729	-0.104841	0.00533155	-0.0638844
0.369002	-0.00519077	0.515668	-0.104117	0.0105177	-0.0614076
0.368893	-0.00518401	0.515602	-0.108437	0.00677987	-0.0660022
0.368787	-0.00517773	0.51554	-0.10669	0.00627007	-0.0613117
0.36868	-0.00516816	0.515482	-0.106971	0.00961301	-0.0583907
0.368572	-0.00516197	0.51542	-0.107686	0.00612314	-0.0623257
0.368468	-0.00514779	0.515361	-0.104272	0.0142197	-0.0583317
0.368363	-0.00514178	0.515298	-0.105234	0.00596961	-0.0635792
0.368258	-0.0051307	0.515237	-0.10451	0.0111553	-0.0610982
0.368149	-0.0051233	0.515171	-0.108822	0.00741783	-0.0656903
0.368042	-0.00511638	0.51511	-0.107074	0.00690988	-0.0609956
0.367935	-0.00510617	0.515052	-0.107352	0.010255	-0.0580728
0.367827	-0.00509934	0.51499	-0.108051	0.00676811	-0.0620098
0.367722	-0.00508452	0.514932	-0.104639	0.0148587	-0.0580113
0.367617	-0.00507787	0.514868	-0.105592	0.00661158	-0.063253
0.367512	-0.00506614	0.514807	-0.104868	0.0117966	-0.0607677
0.367403	-0.0050581	0.514742	-0.109172	0.00805957	-0.0653576
0.367295	-0.00505054	0.514681	-0.107423	0.00755343	-0.0606586
0.367188	-0.00503968	0.514624	-0.107698	0.0109006	-0.0577341
0.367079	-0.0050322	0.514562	-0.108381	0.00741664	-0.0616732
0.366974	-0.00501674	0.514504	-0.104971	0.0155012	-0.0576702
0.366869	-0.00500944	0.514441	-0.105915	0.00725701	-0.0629062
0.366763	-0.00499707	0.514381	-0.105192	0.0124414	-0.0604168
0.366654	-0.00498839	0.514316	-0.109486	0.00870461	-0.0650044
0.366546	-0.00498018	0.514255	-0.107737	0.00820023	-0.0603012
0.366438	-0.00496868	0.514198	-0.108008	0.0115494	-0.0573751
0.36633	-0.00496055	0.514137	-0.108676	0.00806825	-0.0613163
0.366224	-0.00494444	0.514079	-0.105268	0.0161467	-0.057309
0.366118	-0.00493649	0.514017	-0.106203	0.00790542	-0.0625394
0.366013	-0.00492348	0.513957	-0.10548	0.013089	-0.0600458
0.365903	-0.00491414	0.513892	-0.109766	0.00935249	-0.0646313
0.365795	-0.00490529	0.513832	-0.108016	0.00884982	-0.059924
0.365687	-0.00489313	0.513775	-0.108283	0.0122009	-0.0569962
0.365578	-0.00488435	0.513714	-0.108935	0.00872247	-0.0609399
0.365472	-0.00486759	0.513657	-0.10553	0.0167948	-0.0569282
0.365366	-0.004859	0.513595	-0.106456	0.00855635	-0.0621531
0.36526	-0.00484533	0.513535	-0.105732	0.013739	-0.0596553
0.36515	-0.00483535	0.513471	-0.11001	0.0100027	-0.0642389
0.365042	-0.00482584	0.513411	-0.108259	0.00950173	-0.0595274
0.364934	-0.00481303	0.513355	-0.108522	0.0128545	-0.0565981
0.364824	-0.00480359	0.513294	-0.109159	0.00937883	-0.0605443
0.364719	-0.00478619	0.513238	-0.105756	0.017445	-0.0565283
0.364612	-0.00477694	0.513176	-0.106673	0.00920931	-0.0617478
0.364506	-0.00476262	0.513117	-0.105949	0.014391	-0.0592459
0.364396	-0.00475198	0.513053	-0.110218	0.0106549	-0.0638276
0.364288	-0.00474182	0.512994	-0.108466	0.0101555	-0.059112
0.364179	-0.00472836	0.512937	-0.108726	0.0135098	-0.0561812
0.36407	-0.00471826	0.512877	-0.109347	0.0100368	-0.06013
0.363964	-0.00470021	0.512821	-0.105946	0.0180968	-0.0561097
0.363857	-0.0046903	0.51276	-0.106853	0.00986382	-0.061324
0.363751	-0.00467533	0.512701	-0.10613	0.0150445	-0.058818
0.36364	-0.00466404	0.512637	-0.11039	0.0113084	-0.063398
0.363532	-0.00465323	0.512579	-0.108638	0.0108106	-0.0586783
0.363423	-0.0046391	0.512523	-0.108893	0.0141664	-0.055746
0.363313	-0.00462835	0.512463	-0.109499	0.010696	-0.0596977
0.363207	-0.00460964	0.512407	-0.1061	0.0187497	-0.0556731
0.3631	-0.00459908	0.512347	-0.106998	0.0105194	-0.0608823
0.362994	-0.00458346	0.512288	-0.106275	0.0156989	-0.0583722
0.362884	-0.00457151	0.512225	-0.110526	0.0119629	-0.0629506
0.362775	-0.00456004	0.512167	-0.108773	0.0114665	-0.0582269
0.362666	-0.00454526	0.512112	-0.109024	0.0148237	-0.0552932
0.362556	-0.00453385	0.512052	-0.109614	0.0113559	-0.0592478
0.36245	-0.00451449	0.511997	-0.106217	0.0194032	-0.055219
0.362343	-0.00450328	0.511937	-0.107106	0.0111756	-0.0604232
0.362237	-0.00448699	0.511879	-0.106383	0.0163538	-0.0579091
0.362126	-0.0044744	0.511816	-0.110625	0.0126178	-0.0624859
0.362017	-0.00446227	0.511758	-0.108871	0.0121229	-0.0577582
0.361908	-0.00444683	0.511703	-0.109119	0.0154813	-0.0548232
0.361798	-0.00443476	0.511645	-0.109694	0.0120159	-0.0587809
0.361692	-0.00441474	0.51159	-0.106299	0.0200568	-0.0547478
0.361585	-0.00440288	0.51153	-0.107178	0.0118318	-0.0599473
0.361479	-0.00438594	0.511472	-0.106455	0.0170088	-0.0574291
0.361368	-0.00437269	0.51141	-0.110688	0.0132726	-0.0620045
0.361259	-0.0043599	0.511353	-0.108933	0.0127791	-0.0572729
0.36115	-0.00434381	0.511299	-0.109177	0.0161386	-0.0543366
0.36104	-0.00433108	0.51124	-0.109736	0.0126756	-0.0582974
0.360934	-0.00431041	0.511186	-0.106343	0.0207101	-0.0542603
0.360827	-0.00429789	0.511127	-0.107214	0.0124876	-0.059455
0.36072	-0.00428029	0.51107	-0.106491	0.0176632	-0.0569329
0.36061	-0.00426639	0.511008	-0.110715	0.0139269	-0.0615069
0.360501	-0.00425295	0.510951	-0.108959	0.0134347	-0.0567715
0.360391	-0.0042362	0.510897	-0.109199	0.0167952	-0.0538339
0.360282	-0.00422281	0.51084	-0.109743	0.0133346	-0.0577981
0.360175	-0.00420149	0.510786	-0.106352	0.0213625	-0.0537568
0.360068	-0.00418831	0.510727	-0.107212	0.0131426	-0.0589469
0.359962	-0.00417006	0.51067	-0.10649	0.0183166	-0.0564209
0.359851	-0.0041555	0.510609	-0.110704	0.0145802	-0.0609937
0.359742	-0.00414141	0.510553	-0.108947	0.0140891	-0.0562545
0.359633	-0.00412401	0.5105	-0.109184	0.0174505	-0.0533157
0.359523	-0.00410996	0.510442	-0.109712	0.0139922	-0.0572833
0.359417	-0.00408799	0.510389	-0.106323	0.0220136	-0.0532379
0.35931	-0.00407416	0.510331	-0.107174	0.0137961	-0.0584237
0.359204	-0.00405526	0.510275	-0.106452	0.0189685	-0.0558937
0.359093	-0.00404005	0.510214	-0.110658	0.0152319	-0.0604655
0.358984	-0.0040253	0.510158	-0.108899	0.014742	-0.0557225
0.358875	-0.00400724	0.510106	-0.109132	0.0181042	-0.0527825
0.358765	-0.00399254	0.510049	-0.109645	0.0146481	-0.0567537
0.358659	-0.00396992	0.509996	-0.106258	0.0226629	-0.0527043
0.358552	-0.00395544	0.509938	-0.1071	0.0144478	-0.0578857
0.358446	-0.00393589	0.509883	-0.106377	0.0196185	-0.0553519
0.358335	-0.00392003	0.509823	-0.110574	0.0158816	-0.0599226
0.358226	-0.00390463	0.509768	-0.108814	0.0153928	-0.0551759
0.358117	-0.00388592	0.509715	-0.109043	0.0187556	-0.0522348
0.358008	-0.00387057	0.509659	-0.109541	0.0153016	-0.0562098
0.357902	-0.0038473	0.509607	-0.106156	0.0233098	-0.0521563
0.357795	-0.00383217	0.50955	-0.106988	0.0150971	-0.0573336
0.357688	-0.00381197	0.509495	-0.106265	0.020266	-0.054796
0.357578	-0.00379547	0.509435	-0.110453	0.0165287	-0.0593658
0.357469	-0.00377942	0.509381	-0.108692	0.016041	-0.0546155
0.35736	-0.00376006	0.509329	-0.108918	0.0194043	-0.0516733
0.357251	-0.00374406	0.509273	-0.1094	0.0159524	-0.0556521
0.357145	-0.00372015	0.509222	-0.106017	0.023954	-0.0515947
0.357038	-0.00370437	0.509165	-0.106839	0.0157435	-0.0567679
0.356932	-0.00368353	0.509111	-0.106117	0.0209105	-0.0542265
0.356822	-0.00366638	0.509052	-0.110296	0.0171729	-0.0587956
0.356713	-0.00364969	0.508998	-0.108534	0.0166861	-0.0540416
0.356605	-0.00362968	0.508946	-0.108755	0.0200497	-0.0510984
0.356496	-0.00361303	0.508891	-0.109223	0.0166	-0.0550812
0.35639	-0.00358848	0.50884	-0.105842	0.0245948	-0.0510198
0.356283	-0.00357206	0.508784	-0.106654	0.0163866	-0.0561892
0.356177	-0.00355058	0.50873	-0.105932	0.0215516	-0.053644
0.356067	-0.00353279	0.508672	-0.110102	0.0178135	-0.0582124
0.355959	-0.00351546	0.508619	-0.108338	0.0173277	-0.0534549
0.35585	-0.00349481	0.508568	-0.108556	0.0206915	-0.0505107
0.355741	-0.00347752	0.508514	-0.109008	0.0172437	-0.0544976
0.355636	-0.00345232	0.508463	-0.105629	0.0252318	-0.0504323
0.355529	-0.00343527	0.508408	-0.106432	0.0170258	-0.055598
0.355424	-0.00341315	0.508354	-0.10571	0.0221888	-0.0530491
0.355314	-0.00339472	0.508297	-0.109871	0.0184501	-0.0576169
0.355206	-0.00337675	0.508244	-0.108106	0.0179651	-0.0528558
0.355097	-0.00335547	0.508194	-0.10832	0.0213291	-0.0499108
0.354989	-0.00333753	0.50814	-0.108757	0.0178833	-0.0539018
0.354883	-0.00331171	0.50809	-0.10538	0.0258645	-0.0498327
0.354777	-0.00329402	0.508035	-0.106173	0.0176606	-0.0549948
0.354672	-0.00327127	0.507983	-0.105451	0.0228215	-0.0524422
0.354562	-0.00325221	0.507926	-0.109603	0.0190823	-0.0570095
0.354454	-0.00323361	0.507873	-0.107836	0.0185981	-0.0522451
0.354346	-0.00321169	0.507824	-0.108047	0.0219621	-0.0492991
0.354238	-0.00319312	0.507771	-0.10847	0.0185181	-0.0532944
0.354133	-0.00316667	0.507721	-0.105095	0.0264925	-0.0492216
0.354027	-0.00314835	0.507667	-0.105877	0.0182907	-0.0543801
0.353922	-0.00312497	0.507615	-0.105156	0.0234493	-0.0518239
0.353813	-0.00310528	0.507559	-0.109299	0.0197095	-0.0563909
0.353705	-0.00308605	0.507507	-0.10753	0.019226	-0.051623
0.353597	-0.00306351	0.507458	-0.107738	0.0225899	-0.0486762
0.353489	-0.00304431	0.507406	-0.108145	0.0191477	-0.052676
0.353384	-0.00301724	0.507357	-0.104772	0.0271152	-0.0485994
0.353279	-0.00299829	0.507303	-0.105545	0.0189155	-0.0537546
0.353174	-0.00297429	0.507252	-0.104824	0.0240718	-0.0511948
0.353065	-0.00295398	0.507196	-0.108958	0.0203313	-0.0557615
0.352958	-0.00293413	0.507145	-0.107188	0.0198484	-0.0509903
0.352851	-0.00291096	0.507097	-0.107392	0.023212	-0.0480427
0.352743	-0.00289114	0.507045	-0.107785	0.0197716	-0.052047
0.352639	-0.00286345	0.506997	-0.104414	0.0277323	-0.0479667
0.352533	-0.00284388	0.506944	-0.105177	0.0195345	-0.0531187
0.352429	-0.00281926	0.506893	-0.104455	0.0246884	-0.0505553
0.35232	-0.00279834	0.506838	-0.108581	0.0209472	-0.0551219
0.352214	-0.00277787	0.506788	-0.106809	0.0204649	-0.0503475
0.352107	-0.00275409	0.50674	-0.107009	0.0238281	-0.0473991
0.351999	-0.00273365	0.506689	-0.107388	0.0203894	-0.051408
0.351895	-0.00270535	0.506641	-0.104019	0.0283431	-0.047324
0.351791	-0.00268517	0.506589	-0.104772	0.0201473	-0.052473
0.351687	-0.00265994	0.506539	-0.104051	0.0252987	-0.0499061
0.351578	-0.00263841	0.506485	-0.108167	0.0215568	-0.0544727
0.351472	-0.00261733	0.506435	-0.106394	0.0210749	-0.049695
0.351365	-0.00259294	0.506388	-0.10659	0.0244377	-0.0467459
0.351259	-0.00257189	0.506337	-0.106955	0.0210006	-0.0507594
0.351155	-0.00254298	0.506291	-0.103587	0.0289474	-0.0466719
0.351051	-0.0025222	0.506239	-0.104331	0.0207534	-0.051818
0.350947	-0.00249637	0.506189	-0.10361	0.0259022	-0.0492476
0.350839	-0.00247423	0.506136	-0.107717	0.0221595	-0.0538142
0.350733	-0.00245255	0.506086	-0.105942	0.021678	-0.0490333
0.350627	-0.00242755	0.50604	-0.106136	0.0250402	-0.0460836
0.350521	-0.0024059	0.50599	-0.106485	0.0216047	-0.050102
0.350418	-0.0023764	0.505944	-0.10312	0.0295445	-0.0460108
0.350314	-0.00235502	0.505893	-0.103853	0.0213523	-0.0511542
0.350211	-0.00232859	0.505844	-0.103133	0.0264985	-0.0485803
0.350104	-0.00230585	0.505791	-0.107232	0.0227549	-0.0531471
0.349998	-0.00228358	0.505743	-0.105455	0.0222738	-0.0483631
0.349893	-0.00225799	0.505697	-0.105645	0.0256353	-0.0454128
0.349787	-0.00223574	0.505648	-0.10598	0.0222013	-0.049436
0.349684	-0.00220565	0.505603	-0.102617	0.0301341	-0.0453414
0.349581	-0.00218367	0.505552	-0.10334	0.0219437	-0.0504821
0.349478	-0.00215665	0.505504	-0.10262	0.0270871	-0.0479048
0.349371	-0.00213333	0.505452	-0.10671	0.0233427	-0.0524718
0.349267	-0.00211047	0.505404	-0.104932	0.0228618	-0.0476848
0.349161	-0.00208429	0.505359	-0.105118	0.0262225	-0.0447339
0.349056	-0.00206146	0.50531	-0.10544	0.0227899	-0.0487621
0.348954	-0.00203078	0.505266	-0.102078	0.0307157	-0.044664
0.348851	-0.00200822	0.505216	-0.102792	0.022527	-0.0498022
0.348749	-0.00198062	0.505169	-0.102072	0.0276676	-0.0472215
0.348643	-0.00195672	0.505117	-0.106153	0.0239223	-0.0517889
0.348539	-0.00193328	0.50507	-0.104373	0.0234415	-0.046999
0.348434	-0.00190652	0.505026	-0.104556	0.0268013	-0.0440474
0.348329	-0.00188311	0.504977	-0.104864	0.0233702	-0.0480807
0.348228	-0.00185186	0.504933	-0.101504	0.0312889	-0.0439792
0.348126	-0.00182873	0.504884	-0.102208	0.0231018	-0.049115
0.348024	-0.00180056	0.504838	-0.101489	0.0282396	-0.046531
0.347919	-0.00177609	0.504787	-0.105561	0.0244933	-0.0510989
0.347815	-0.00175207	0.50474	-0.103779	0.0240126	-0.046306
0.347711	-0.00172474	0.504697	-0.103959	0.0273714	-0.043354
0.347607	-0.00170076	0.504649	-0.104252	0.0239416	-0.0473923
0.347506	-0.00166894	0.504606	-0.100895	0.0318533	-0.0432875
0.347404	-0.00164525	0.504558	-0.101589	0.0236678	-0.0484211
0.347303	-0.00161651	0.504512	-0.10087	0.0288026	-0.0458338
0.347198	-0.00159148	0.504461	-0.104934	0.0250552	-0.0504022
0.347095	-0.0015669	0.504416	-0.10315	0.0245747	-0.0456064
0.346992	-0.00153902	0.504373	-0.103327	0.0279323	-0.0426539
0.346888	-0.00151447	0.504326	-0.103606	0.0245038	-0.0466975
0.346788	-0.0014821	0.504284	-0.100251	0.0324084	-0.0425894
0.346687	-0.00145784	0.504236	-0.100935	0.0242244	-0.0477209
0.346587	-0.00142855	0.504191	-0.100217	0.0293563	-0.0451303
0.346483	-0.00140297	0.504141	-0.104271	0.0256078	-0.0496993
0.34638	-0.00137784	0.504096	-0.102486	0.0251272	-0.0449008
0.346278	-0.0013494	0.504054	-0.10266	0.0284836	-0.0419478
0.346175	-0.0013243	0.504008	-0.102926	0.0250563	-0.0459967
0.346075	-0.00129139	0.503966	-0.0995724	0.0329539	-0.0418853
0.345975	-0.00126659	0.503919	-0.100246	0.0247713	-0.0470148
0.345876	-0.00123675	0.503875	-0.0995286	0.0299001	-0.0444211
0.345772	-0.00121062	0.503826	-0.103575	0.0261505	-0.0489907
0.34567	-0.00118495	0.503781	-0.101788	0.0256698	-0.0441895
0.345568	-0.00115597	0.50374	-0.101958	0.0290248	-0.0412361
0.345466	-0.00113033	0.503695	-0.102211	0.0255987	-0.0452903
0.345367	-0.00109688	0.503654	-0.0988595	0.0334892	-0.0411757
0.345268	-0.00107154	0.503607	-0.0995233	0.0253081	-0.0463034
0.345169	-0.00104117	0.503564	-0.0988063	0.0304337	-0.0437065
0.345066	-0.00101451	0.503515	-0.102844	0.026683	-0.048277
0.344965	-0.000988313	0.503472	-0.101055	0.0262021	-0.043473
0.344864	-0.000958799	0.503431	-0.101223	0.0295557	-0.0405193
0.344763	-0.000932623	0.503387	-0.101461	0.0261307	-0.0445789
0.344664	-0.000898648	0.503346	-0.0981125	0.0340142	-0.0404611
0.344566	-0.000872786	0.503301	-0.0987665	0.0258344	-0.0455871
0.344468	-0.000841895	0.503258	-0.0980501	0.0309568	-0.042987
0.344366	-0.000814713	0.50321	-0.102079	0.0272049	-0.0475584
0.344265	-0.000787989	0.503167	-0.100288	0.0267237	-0.0427518
0.344165	-0.000757955	0.503127	-0.100453	0.0300758	-0.0397977
0.344064	-0.000731258	0.503083	-0.100679	0.0266519	-0.0438628
0.343967	-0.000696769	0.503044	-0.0973319	0.0345282	-0.039742
0.343869	-0.000670392	0.502999	-0.097976	0.0263498	-0.0448664
0.343772	-0.000638988	0.502956	-0.0972603	0.0314689	-0.0422632
0.34367	-0.000611295	0.50291	-0.101281	0.0277157	-0.0468356
0.343571	-0.000584061	0.502868	-0.0994884	0.0272343	-0.0420264
0.343471	-0.000553518	0.502828	-0.0996501	0.0305847	-0.039072
0.343372	-0.000526311	0.502785	-0.0998627	0.0271618	-0.0431426
0.343275	-0.000491319	0.502746	-0.096518	0.0350311	-0.0390187
0.343178	-0.000464438	0.502702	-0.0971523	0.0268539	-0.0441417
0.343081	-0.000432533	0.502661	-0.0964372	0.0319697	-0.0415355
0.342981	-0.00040434	0.502614	-0.10045	0.0282152	-0.0461088
0.342882	-0.000376607	0.502573	-0.0986552	0.0277334	-0.0412972
0.342784	-0.000345567	0.502535	-0.0988141	0.0310821	-0.0383425
0.342685	-0.000317862	0.502492	-0.0990137	0.0276602	-0.0424186
0.342589	-0.000282378	0.502454	-0.0956711	0.0355224	-0.0382918
0.342493	-0.000255004	0.50241	-0.0962956	0.0273463	-0.0434134
0.342397	-0.00022261	0.50237	-0.0955813	0.0324587	-0.0408042
0.342298	-0.00019393	0.502324	-0.0995856	0.028703	-0.0453787
0.3422	-0.000165709	0.502284	-0.0977891	0.0282207	-0.0405646
0.342102	-0.000134183	0.502246	-0.0979452	0.0315676	-0.0376096
0.342004	-0.000105991	0.502204	-0.098132	0.0281466	-0.0416913
0.341909	-7.00285e-05	0.502167	-0.0947916	0.0360017	-0.0375616
0.341814	-4.2174e-05	0.502124	-0.0954063	0.0278268	-0.042682
0.341719	-9.3024e-06	0.502084	-0.0946929	0.0329358	-0.0400698
0.34162	1.98537e-05	0.502039	-0.098689	0.0291787	-0.0446455
0.341523	4.85496e-05	0.501999	-0.0968906	0.0286959	-0.039829
0.341426	8.05493e-05	0.501962	-0.097044	0.0320408	-0.0368738
0.341329	0.000109215	0.501921	-0.0972182	0.0286208	-0.0409612
0.341235	0.000145645	0.501885	-0.0938799	0.0364688	-0.0368286
0.341141	0.000173968	0.501843	-0.0944849	0.028295	-0.0419479
0.341047	0.000207304	0.501803	-0.0937723	0.0334004	-0.0393328
0.340949	0.000236924	0.501759	-0.0977603	0.029642	-0.0439097
0.340853	0.000266082	0.50172	-0.09596	0.0291586	-0.0390909
0.340757	0.000298543	0.501684	-0.0961108	0.0325015	-0.0361355
0.340661	0.00032767	0.501644	-0.0962725	0.0290823	-0.0402285
0.340568	0.000364555	0.501608	-0.0929364	0.0369233	-0.0360931
0.340475	0.000393333	0.501566	-0.0935318	0.0287505	-0.0412114
0.340382	0.000427121	0.501528	-0.09282	0.0338524	-0.0385935
0.340285	0.000457192	0.501485	-0.0967999	0.0300925	-0.0431717
0.34019	0.0004868	0.501446	-0.0949978	0.0296085	-0.0383507
0.340095	0.000519709	0.501411	-0.0951461	0.0329493	-0.0353951
0.34	0.000549284	0.501371	-0.0952954	0.0295309	-0.0394938
0.339908	0.000586611	0.501336	-0.0919615	0.0373648	-0.0353556
0.339815	0.000615831	0.501295	-0.0925473	0.029193	-0.0404731
0.339723	0.00065006	0.501258	-0.0918365	0.0342913	-0.0378523
0.339628	0.000680567	0.501215	-0.0958084	0.03053	-0.0424319
0.339534	0.000710613	0.501177	-0.0940045	0.0300452	-0.0376087
0.339439	0.000743956	0.501143	-0.0941502	0.0333839	-0.0346529
0.339345	0.000773967	0.501104	-0.0942873	0.0299662	-0.0387574
0.339254	0.000811722	0.501069	-0.0909556	0.0377931	-0.0346165
0.339163	0.000841372	0.50103	-0.0915319	0.0296222	-0.0397332
0.339072	0.000876026	0.500992	-0.0908221	0.0347169	-0.0371096
0.338977	0.000906958	0.500951	-0.0947861	0.0309541	-0.0416907
0.338884	0.000937427	0.500914	-0.0929803	0.0304686	-0.0368654
0.338791	0.000971192	0.50088	-0.0931236	0.033805	-0.0339094
0.338698	0.00100162	0.500842	-0.0932487	0.030388	-0.0380197
0.338608	0.00103979	0.500808	-0.0899193	0.0382079	-0.0338761
0.338517	0.00106986	0.500769	-0.090486	0.0300378	-0.0389922
0.338428	0.00110493	0.500733	-0.0897772	0.0351288	-0.0363658
0.338334	0.00113627	0.500692	-0.0937334	0.0313645	-0.0409485
0.338242	0.00116715	0.500655	-0.0919258	0.0308782	-0.036121
0.33815	0.00120132	0.500622	-0.0920668	0.0342122	-0.033165
0.338058	0.00123216	0.500585	-0.09218	0.0307959	-0.037281
0.337969	0.00127073	0.500552	-0.0888528	0.0386089	-0.0331348
0.33788	0.0013012	0.500513	-0.0894102	0.0304396	-0.0382504
0.337791	0.00133666	0.500478	-0.0887024	0.0355269	-0.0356213
0.337698	0.0013684	0.500438	-0.0926509	0.031761	-0.0402055
0.337607	0.00139968	0.500402	-0.0908414	0.0312737	-0.0353761
0.337516	0.00143424	0.50037	-0.0909802	0.0346054	-0.0324199
0.337425	0.00146548	0.500333	-0.0910817	0.0311897	-0.0365417
0.337338	0.00150444	0.500301	-0.0877568	0.0389957	-0.032393
0.337249	0.00153529	0.500263	-0.0883047	0.0308271	-0.0375082
0.337162	0.00157114	0.500228	-0.0875981	0.0359107	-0.0348764
0.33707	0.00160326	0.500189	-0.0915389	0.0321433	-0.0394622
0.336981	0.00163492	0.500154	-0.0897277	0.0316551	-0.0346308
0.336891	0.00166986	0.500122	-0.0898642	0.0349843	-0.0316745
0.336801	0.00170147	0.500087	-0.0899542	0.0315691	-0.0358021
0.336714	0.00174081	0.500055	-0.0866316	0.0393682	-0.031651
0.336627	0.00177203	0.500018	-0.0871703	0.0312003	-0.0367658
0.336541	0.00180825	0.499984	-0.0864648	0.0362801	-0.0341314
0.33645	0.00184074	0.499945	-0.090398	0.032511	-0.0387189
0.336362	0.00187277	0.499911	-0.088585	0.0320218	-0.0338856
0.336273	0.00190807	0.49988	-0.0887194	0.0353485	-0.0309293
0.336184	0.00194005	0.499845	-0.0887981	0.0319338	-0.0350627
0.336099	0.00197974	0.499814	-0.0854778	0.0397261	-0.0309091
0.336013	0.00201133	0.499778	-0.0860072	0.0315588	-0.0360237
0.335927	0.0020479	0.499745	-0.0853029	0.0366348	-0.0333867
0.335838	0.00208075	0.499707	-0.0892287	0.0328641	-0.037976
0.335751	0.00211312	0.499674	-0.0874139	0.0323738	-0.0331408
0.335663	0.00214878	0.499644	-0.0875463	0.0356979	-0.0301844
0.335576	0.00218111	0.499609	-0.0876138	0.0322837	-0.0343236
0.335491	0.00222114	0.499579	-0.0842959	0.0400691	-0.0301676
0.335406	0.00225307	0.499544	-0.084816	0.0319024	-0.0352822
0.335322	0.00228998	0.499511	-0.084113	0.0369745	-0.0326426
0.335234	0.00232317	0.499474	-0.0880314	0.0332022	-0.0372337
0.335148	0.00235588	0.499441	-0.0862149	0.0327108	-0.0323967
0.335062	0.00239187	0.499412	-0.0863453	0.0360322	-0.0294402
0.334975	0.00242453	0.499378	-0.0864018	0.0326184	-0.0335852
0.334892	0.0024649	0.499349	-0.0830863	0.040397	-0.029427
0.334809	0.00249715	0.499314	-0.0835973	0.0322308	-0.0345415
0.334726	0.00253439	0.499282	-0.0828956	0.0372991	-0.0318994
0.334639	0.0025679	0.499246	-0.0868067	0.0335251	-0.0364923
0.334554	0.00260093	0.499214	-0.0849884	0.0330325	-0.0316536
0.334469	0.00263724	0.499185	-0.085117	0.0363512	-0.0286971
0.334384	0.00267023	0.499153	-0.0851626	0.0329378	-0.0328479
0.334302	0.0027109	0.499124	-0.0818495	0.0407096	-0.0286873
0.33422	0.00274347	0.49909	-0.0823515	0.0325439	-0.033802
0.334138	0.00278102	0.499059	-0.0816512	0.0376083	-0.0311574
0.334053	0.00281483	0.499023	-0.0855551	0.0338326	-0.0357522
0.333969	0.00284817	0.498992	-0.0837351	0.0333387	-0.0309118
0.333885	0.00288479	0.498964	-0.0838618	0.0366546	-0.0279552
0.333801	0.00291808	0.498932	-0.0838968	0.0332416	-0.0321118
0.33372	0.00295905	0.498904	-0.0805861	0.0410066	-0.0279491
0.333639	0.00299192	0.498871	-0.0810792	0.0328414	-0.0330639
0.333559	0.00302976	0.498841	-0.0803803	0.0379019	-0.0304168
0.333475	0.00306386	0.498806	-0.084277	0.0341244	-0.0350136
0.333392	0.00309749	0.498775	-0.0824554	0.0336293	-0.0301715
0.33331	0.0031344	0.498748	-0.0825804	0.0369424	-0.027215
0.333227	0.00316797	0.498717	-0.0826049	0.0335296	-0.0313773
0.333148	0.00320923	0.498689	-0.0792967	0.041288	-0.0272124
0.333068	0.00324238	0.498657	-0.0797808	0.0331231	-0.0323275
0.332989	0.0032805	0.498627	-0.0790834	0.0381797	-0.029678
0.332906	0.00331488	0.498593	-0.0829732	0.0344005	-0.0342767
0.332825	0.00334878	0.498564	-0.0811499	0.033904	-0.0294331
0.332744	0.00338596	0.498537	-0.0812733	0.0372142	-0.0264765
0.332662	0.00341981	0.498506	-0.0812874	0.0338017	-0.0306446
0.332584	0.00346133	0.49848	-0.0779817	0.0415535	-0.0264777
0.332506	0.00349474	0.498448	-0.078457	0.0333889	-0.0315931
0.332428	0.00353313	0.498419	-0.0777611	0.0384415	-0.0289413
0.332347	0.00356777	0.498386	-0.081644	0.0346606	-0.033542
0.332267	0.00360193	0.498357	-0.0798191	0.0341627	-0.0286968
0.332187	0.00363936	0.498331	-0.0799409	0.03747	-0.0257402
0.332107	0.00367347	0.498301	-0.0799449	0.0340577	-0.029914
0.33203	0.00371523	0.498276	-0.0766417	0.0418029	-0.025745
0.331953	0.0037489	0.498245	-0.0771083	0.0336385	-0.0308609
0.331877	0.00378753	0.498217	-0.076414	0.0386872	-0.0282068
0.331797	0.00382242	0.498184	-0.08029	0.0349045	-0.0328095
0.331718	0.00385682	0.498156	-0.0784635	0.0344052	-0.0279629
0.33164	0.0038945	0.498131	-0.0785839	0.0377095	-0.0250063
0.331561	0.00392884	0.498102	-0.0785779	0.0342974	-0.0291857
0.331486	0.00397084	0.498076	-0.0752773	0.042036	-0.0250148
0.33141	0.00400474	0.498046	-0.0757352	0.0338719	-0.0301312
0.331335	0.0040436	0.498019	-0.0750425	0.0389166	-0.0274747
0.331256	0.00407871	0.497987	-0.0789119	0.0351321	-0.0320795
0.331179	0.00411335	0.497959	-0.0770838	0.0346313	-0.0272315
0.331102	0.00415124	0.497935	-0.0772028	0.0379326	-0.0242749
0.331025	0.00418581	0.497907	-0.077187	0.0345207	-0.02846
0.330951	0.00422803	0.497882	-0.0738889	0.0422528	-0.0242871
0.330876	0.00426214	0.497853	-0.0743383	0.0340888	-0.0294042
0.330803	0.00430122	0.497826	-0.0736473	0.0391296	-0.0267454
0.330725	0.00433654	0.497795	-0.0775101	0.0353433	-0.0313523
0.33065	0.00437138	0.497768	-0.0756805	0.0348409	-0.0265029
0.330574	0.00440949	0.497745	-0.0757981	0.0381392	-0.0235463
0.330498	0.00444426	0.497717	-0.0757728	0.0347273	-0.027737
0.330426	0.00448668	0.497693	-0.0724773	0.0424531	-0.0235623
0.330353	0.004521	0.497665	-0.0729182	0.0342892	-0.02868
0.33028	0.00456027	0.497639	-0.0722289	0.039326	-0.0260191
0.330204	0.00459578	0.497608	-0.0760852	0.0355378	-0.030628
0.33013	0.00463082	0.497582	-0.0742541	0.0350339	-0.0257773
0.330056	0.00466912	0.497559	-0.0743705	0.0383291	-0.0228207
0.329981	0.00470408	0.497532	-0.0743357	0.0349173	-0.027017
0.32991	0.00474668	0.497509	-0.0710429	0.0426367	-0.0228404
0.329839	0.00478118	0.497482	-0.0714754	0.0344728	-0.0279589
0.329768	0.00482063	0.497456	-0.0707879	0.0395057	-0.0252958
0.329693	0.00485633	0.497426	-0.0746378	0.0357157	-0.0299069
0.329621	0.00489154	0.497401	-0.0728052	0.0352102	-0.0250549
0.329548	0.00493001	0.497379	-0.0729205	0.0385023	-0.0220983
0.329475	0.00496514	0.497353	-0.0728765	0.0350904	-0.0263001
0.329405	0.00500792	0.497331	-0.0695863	0.0428036	-0.0221218
0.329335	0.00504258	0.497303	-0.0700105	0.0346397	-0.0272411
0.329266	0.0050822	0.497279	-0.0693249	0.0396686	-0.0245759
0.329193	0.00511805	0.49725	-0.0731684	0.0358767	-0.0291891
0.329122	0.00515343	0.497225	-0.0713345	0.0353695	-0.0243358
0.32905	0.00519205	0.497204	-0.0714487	0.0386585	-0.0213793
0.328979	0.00522734	0.497178	-0.0713956	0.0352466	-0.0255866
0.328911	0.00527026	0.497157	-0.0681081	0.0429535	-0.0214066
0.328842	0.00530508	0.49713	-0.0685241	0.0347896	-0.0265268
0.328774	0.00534484	0.497106	-0.0678404	0.0398145	-0.0238594
0.328703	0.00538084	0.497078	-0.0716778	0.0360208	-0.0284748
0.328633	0.00541636	0.497054	-0.0698424	0.035512	-0.0236204
0.328563	0.00545512	0.497034	-0.0699557	0.0387977	-0.0206638
0.328493	0.00549055	0.497009	-0.0698937	0.0353858	-0.0248766
0.328426	0.00553361	0.496988	-0.0666089	0.0430866	-0.0206949
0.328359	0.00556856	0.496962	-0.0670168	0.0349225	-0.0258161
0.328293	0.00560845	0.496939	-0.066335	0.0399435	-0.0231466
0.328223	0.00564458	0.496911	-0.0701663	0.0361478	-0.0277642
0.328154	0.00568022	0.496888	-0.0683297	0.0356373	-0.0229086
0.328086	0.00571911	0.496868	-0.068442	0.0389199	-0.019952
0.328018	0.00575466	0.496844	-0.0683714	0.0355078	-0.0241702
0.327953	0.00579783	0.496824	-0.0650892	0.0432026	-0.0199869
0.327887	0.0058329	0.496799	-0.0654892	0.0350383	-0.0251091
0.327822	0.0058729	0.496777	-0.0648093	0.0400554	-0.0224376
0.327754	0.00590914	0.496749	-0.0686347	0.0362578	-0.0270574
0.327687	0.00594489	0.496727	-0.0667968	0.0357455	-0.0222007
0.32762	0.00598388	0.496708	-0.0669083	0.0390249	-0.0192441
0.327553	0.00601954	0.496684	-0.0668292	0.0356127	-0.0234676
0.32749	0.00606281	0.496665	-0.0635498	0.0433014	-0.0192827
0.327426	0.00609797	0.496641	-0.0639418	0.035137	-0.0244061
0.327362	0.00613807	0.496619	-0.063264	0.0401502	-0.0217326
0.327295	0.0061744	0.496593	-0.0670835	0.0363506	-0.0263546
0.32723	0.00621024	0.496571	-0.0652443	0.0358366	-0.0214968
0.327165	0.00624932	0.496553	-0.0653551	0.0391127	-0.0185402
0.3271	0.00628507	0.49653	-0.0652677	0.0357003	-0.0227689
0.327038	0.00632842	0.496511	-0.0619911	0.0433831	-0.0185826
0.326975	0.00636367	0.496487	-0.0623753	0.0352184	-0.023707
0.326913	0.00640384	0.496466	-0.0616996	0.0402277	-0.0210316
0.326848	0.00644025	0.496441	-0.0655134	0.0364262	-0.0256558
0.326784	0.00647617	0.49642	-0.063673	0.0359104	-0.020797
0.326721	0.00651532	0.496402	-0.0637831	0.0391832	-0.0178404
0.326657	0.00655113	0.49638	-0.0636875	0.0357706	-0.0220743
0.326596	0.00659455	0.496362	-0.0604137	0.0434476	-0.0178865
0.326536	0.00662986	0.496339	-0.0607903	0.0352826	-0.0230122
0.326476	0.00667009	0.496319	-0.0601167	0.040288	-0.0203348
0.326412	0.00670656	0.496294	-0.0639249	0.0364846	-0.0249612
0.32635	0.00674253	0.496274	-0.0620833	0.0359669	-0.0201015
0.326287	0.00678174	0.496256	-0.0621929	0.0392365	-0.0171448
0.326225	0.00681761	0.496235	-0.0620893	0.0358235	-0.0213838
0.326166	0.00686107	0.496218	-0.0588184	0.0434948	-0.0171946
0.326107	0.00689643	0.496196	-0.0591874	0.0353294	-0.0223215
0.326049	0.00693671	0.496176	-0.058516	0.040331	-0.0196423
0.325986	0.00697322	0.496152	-0.0623186	0.0365256	-0.0242709
0.325926	0.00700923	0.496132	-0.0604759	0.036006	-0.0194102
0.325865	0.00704847	0.496116	-0.060585	0.0392724	-0.0164535
0.325805	0.00708437	0.496095	-0.0604737	0.0358591	-0.0206975
0.325748	0.00712787	0.496078	-0.0572056	0.0435248	-0.016507
0.32569	0.00716326	0.496057	-0.0575671	0.0353589	-0.0216353
0.325633	0.00720356	0.496038	-0.0568979	0.0403566	-0.0189542
0.325573	0.00724009	0.496014	-0.0606952	0.0365493	-0.023585
0.325514	0.00727613	0.495996	-0.0588514	0.0360278	-0.0187234
0.325455	0.00731539	0.49598	-0.0589601	0.0392909	-0.0157666
0.325396	0.00735131	0.49596	-0.0588412	0.0358773	-0.0200156
0.32534	0.00739482	0.495944	-0.0555759	0.0435374	-0.0158239
0.325284	0.00743022	0.495923	-0.0559301	0.035371	-0.0209534
0.325229	0.00747053	0.495905	-0.0552632	0.040365	-0.0182706
0.32517	0.00750707	0.495882	-0.0590552	0.0365557	-0.0229035
0.325113	0.00754311	0.495864	-0.0572104	0.0360323	-0.0180411
0.325056	0.00758237	0.495849	-0.0573188	0.039292	-0.0150842
0.324998	0.00761829	0.495829	-0.0571924	0.0358781	-0.0193381
0.324945	0.0076618	0.495814	-0.0539301	0.0435327	-0.0151451
0.32489	0.00769719	0.495794	-0.054277	0.0353658	-0.0202761
0.324837	0.0077375	0.495776	-0.0536125	0.0403559	-0.0175914
0.324779	0.00777403	0.495754	-0.0573993	0.0365447	-0.0222265
0.324724	0.00781005	0.495737	-0.0555535	0.0360194	-0.0173633
0.324668	0.00784908	0.495722	-0.0556993	0.0390605	-0.0147018
0.324612	0.0078849	0.495703	-0.0555165	0.035772	-0.0186549
0.32456	0.00792843	0.495689	-0.0522746	0.043561	-0.0145533
0.324508	0.00796376	0.495669	-0.0526003	0.0352978	-0.0194965
0.324456	0.00800397	0.495652	-0.0519683	0.0402686	-0.0170512
0.3244	0.0080404	0.495631	-0.055718	0.0364392	-0.0214971
0.324346	0.00807633	0.495614	-0.0538715	0.0359227	-0.0166429
0.324292	0.00811542	0.4956	-0.0539998	0.0391286	-0.0138668
0.324238	0.0081512	0.495582	-0.053828	0.0357333	-0.0179428
0.324188	0.00819461	0.495568	-0.0505867	0.0434367	-0.0138618
0.324137	0.00822989	0.495549	-0.0508995	0.035247	-0.0188232
0.324087	0.0082701	0.495533	-0.0502724	0.0402579	-0.0163791
0.324032	0.00830653	0.495512	-0.05403	0.0364477	-0.0208376
0.32398	0.0083425	0.495496	-0.0521886	0.0359684	-0.0159741
0.323928	0.00838166	0.495483	-0.0523246	0.0391845	-0.0131891
0.323876	0.00841748	0.495466	-0.0521524	0.0357785	-0.0172663
0.323827	0.00846091	0.495452	-0.0489134	0.0434551	-0.0131815
0.323778	0.00849618	0.495434	-0.0492158	0.0352426	-0.0181412
0.323729	0.00853635	0.495419	-0.0485876	0.0402192	-0.0157048
0.323677	0.00857273	0.495398	-0.0523311	0.0363941	-0.0201652
0.323626	0.00860863	0.495383	-0.050485	0.0358904	-0.0153084
0.323576	0.00864769	0.495371	-0.0506179	0.0390947	-0.0125286
0.323525	0.00868343	0.495354	-0.0504375	0.0356888	-0.0166121
0.323478	0.00872676	0.495341	-0.047203	0.0433665	-0.0125263
0.323431	0.00876196	0.495324	-0.047501	0.0351597	-0.0174876
0.323384	0.00880205	0.495309	-0.0468769	0.0401424	-0.0150451
0.323333	0.00883835	0.495289	-0.0506188	0.0363185	-0.0195073
0.323284	0.00887418	0.495275	-0.0487729	0.0358193	-0.0146474
0.323235	0.00891317	0.495263	-0.0489063	0.039021	-0.0118667
0.323187	0.00894883	0.495247	-0.048719	0.0356134	-0.0159545
0.323141	0.00899208	0.495235	-0.0454867	0.0432818	-0.0118687
0.323095	0.00902718	0.495218	-0.045777	0.0350712	-0.016832
0.32305	0.00906718	0.495204	-0.0451552	0.0400462	-0.0143898
0.323001	0.00910339	0.495185	-0.0488916	0.0362191	-0.0188539
0.322954	0.00913911	0.495171	-0.047045	0.0357156	-0.0139939
0.322907	0.00917799	0.49516	-0.0471787	0.0389142	-0.011213
0.32286	0.00921354	0.495144	-0.0469853	0.0355065	-0.0153049
0.322816	0.00925669	0.495133	-0.0437564	0.0431717	-0.0112177
0.322772	0.00929168	0.495117	-0.0440403	0.0349615	-0.0161826
0.322729	0.00933157	0.495103	-0.0434211	0.0399344	-0.0137383
0.322682	0.00936766	0.495085	-0.0471531	0.0361056	-0.0182047
0.322637	0.00940326	0.495072	-0.0453059	0.0356006	-0.0133441
0.322591	0.00944202	0.495061	-0.0454398	0.0387957	-0.0105632
0.322546	0.00947743	0.495046	-0.0452402	0.035387	-0.0146593
0.322504	0.00952051	0.495036	-0.0420143	0.0430466	-0.0105713
0.322462	0.00955536	0.49502	-0.0422917	0.0348352	-0.0155377
0.32242	0.00959511	0.495007	-0.0416753	0.039804	-0.0130921
0.322374	0.00963107	0.494989	-0.0454029	0.0359732	-0.0175604
0.322331	0.00966655	0.494977	-0.043555	0.0354661	-0.0126991
0.322287	0.00970517	0.494967	-0.0436893	0.0386581	-0.00991812
0.322244	0.00974047	0.494953	-0.0434836	0.0352489	-0.0140183
0.322204	0.00978335	0.494943	-0.0402609	0.0429041	-0.00992954
0.322163	0.00981807	0.494928	-0.040532	0.0346918	-0.0148976
0.322123	0.00985768	0.494916	-0.0399182	0.0396574	-0.0124505
0.322079	0.00989349	0.494899	-0.0436416	0.0358246	-0.0169208
0.322038	0.00992881	0.494887	-0.0417932	0.0353154	-0.012059
0.321996	0.00996729	0.494877	-0.0419279	0.0385041	-0.00927781
0.321954	0.0100024	0.494864	-0.0417165	0.0350941	-0.0133819
0.321915	0.0100451	0.494855	-0.0384969	0.0427446	-0.00929235
0.321877	0.0100797	0.49484	-0.0387617	0.0345313	-0.0142621
0.321839	0.0101192	0.494828	-0.0381507	0.0394934	-0.0118136
0.321797	0.0101548	0.494812	-0.0418699	0.0356586	-0.0162858
0.321757	0.01019	0.494801	-0.040021	0.0351474	-0.0114235
0.321717	0.0102283	0.494792	-0.0401562	0.0383329	-0.00864217
0.321677	0.0102632	0.494779	-0.0399392	0.0349222	-0.0127501
0.32164	0.0103058	0.494771	-0.0367227	0.0425682	-0.0086598
0.321603	0.0103402	0.494757	-0.0369815	0.034354	-0.0136312
0.321567	0.0103794	0.494746	-0.0363733	0.0393128	-0.0111814
0.321526	0.0104149	0.49473	-0.0400885	0.0354759	-0.0156555
0.321488	0.0104499	0.494719	-0.0382391	0.0349627	-0.0107926
0.32145	0.010488	0.494711	-0.0383749	0.0381449	-0.00801114
0.321412	0.0105228	0.494699	-0.0381524	0.0347333	-0.0121228
0.321377	0.0105651	0.494691	-0.0349391	0.0423751	-0.0080318
0.321342	0.0105993	0.494678	-0.0351919	0.0341597	-0.0130049
0.321307	0.0106384	0.494668	-0.0345866	0.0391152	-0.0105537
0.321269	0.0106736	0.494653	-0.0382978	0.0352763	-0.0150297
0.321232	0.0107084	0.494642	-0.0364481	0.0347611	-0.0101664
0.321196	0.0107463	0.494635	-0.0365845	0.0379402	-0.0073847
0.321159	0.0107809	0.494623	-0.0363568	0.0345277	-0.0114999
0.321126	0.010823	0.494616	-0.0331467	0.0421652	-0.00740831
0.321093	0.010857	0.494604	-0.0333937	0.0339487	-0.0123831
0.32106	0.0108959	0.494594	-0.0327912	0.038901	-0.00993062
0.321023	0.0109309	0.494579	-0.0364986	0.0350601	-0.0144084
0.320989	0.0109655	0.49457	-0.0346486	0.0345428	-0.00954468
0.320954	0.0110031	0.494563	-0.0347857	0.0377187	-0.00676279
0.320919	0.0110375	0.494552	-0.0345529	0.0343053	-0.0108815
0.320888	0.0110794	0.494545	-0.0313461	0.0419388	-0.00678927
0.320857	0.0111132	0.494534	-0.0315873	0.0337211	-0.0117658
0.320826	0.0111518	0.494524	-0.0309877	0.0386702	-0.00931203
0.320791	0.0111866	0.49451	-0.0346915	0.0348272	-0.0137917
0.320758	0.0112209	0.494502	-0.0328412	0.0343079	-0.00892747
0.320725	0.0112584	0.494495	-0.0329791	0.0374807	-0.00614534
0.320692	0.0112925	0.494485	-0.0327414	0.0340663	-0.0102674
0.320663	0.0113342	0.494479	-0.0295378	0.0416958	-0.00617463
0.320633	0.0113677	0.494468	-0.0297734	0.0334769	-0.0111528
0.320604	0.011406	0.494459	-0.0291768	0.0384229	-0.00869787
0.320571	0.0114406	0.494446	-0.0328771	0.0345779	-0.0131792
0.32054	0.0114747	0.494438	-0.0310265	0.0340565	-0.00831466
0.320509	0.0115119	0.494432	-0.0311652	0.0372263	-0.00553229
0.320478	0.0115457	0.494422	-0.0309229	0.0338109	-0.00965755
0.32045	0.0115871	0.494417	-0.0277225	0.0414366	-0.0055643
0.320422	0.0116204	0.494406	-0.0279527	0.0332163	-0.0105442
0.320395	0.0116585	0.494398	-0.0273591	0.0381593	-0.00808807
0.320364	0.0116928	0.494386	-0.0310559	0.0343122	-0.0125711
0.320335	0.0117266	0.494378	-0.0292052	0.0337888	-0.0077062
0.320305	0.0117635	0.494373	-0.0293448	0.0369555	-0.00492355
0.320276	0.0117971	0.494364	-0.029098	0.033539	-0.0090519
0.32025	0.0118383	0.494359	-0.0259009	0.041161	-0.0049582
0.320224	0.0118712	0.494349	-0.0261257	0.0329394	-0.00993982
0.320199	0.0119091	0.494341	-0.0255351	0.0378795	-0.00748255
0.320169	0.0119431	0.494329	-0.0292286	0.0340303	-0.0119673
0.320142	0.0119766	0.494322	-0.0273778	0.0335049	-0.00710198
0.320114	0.0120132	0.494318	-0.0275184	0.0366686	-0.00431904
0.320087	0.0120465	0.49431	-0.0272673	0.033251	-0.00845034
0.320063	0.0120874	0.494305	-0.0240734	0.0408694	-0.00435625
0.320039	0.0121201	0.494296	-0.0242931	0.0326464	-0.00933957
0.320015	0.0121576	0.494289	-0.0237055	0.0375835	-0.0068812
0.319988	0.0121913	0.494278	-0.0273958	0.0337323	-0.0113675
0.319962	0.0122245	0.494271	-0.0255449	0.0332049	-0.00650191
0.319936	0.0122609	0.494267	-0.0256866	0.0363656	-0.00371867
0.319911	0.0122939	0.49426	-0.0254314	0.0329469	-0.00785279
0.319889	0.0123344	0.494256	-0.0222408	0.0405619	-0.00375835
0.319866	0.0123668	0.494247	-0.0224554	0.0323374	-0.00874337
0.319844	0.012404	0.494241	-0.0218708	0.0372717	-0.00628394
0.319819	0.0124374	0.49423	-0.0255581	0.0334184	-0.0107718
0.319795	0.0124703	0.494224	-0.0237072	0.032889	-0.0059059
0.319771	0.0125063	0.494221	-0.02385	0.0360467	-0.00312233
0.319748	0.012539	0.494214	-0.0235909	0.0326268	-0.00725913
0.319727	0.0125792	0.49421	-0.0204035	0.0402385	-0.00316438
0.319707	0.0126113	0.494202	-0.0206133	0.0320125	-0.0081511
0.319687	0.0126482	0.494197	-0.0200318	0.036944	-0.00569066
0.319663	0.0126812	0.494186	-0.0237162	0.0330887	-0.01018
0.319641	0.0127138	0.494181	-0.0218653	0.0325573	-0.00531383
0.319619	0.0127495	0.494179	-0.0220093	0.0357121	-0.00252991
0.319597	0.0127818	0.494172	-0.0217464	0.0322909	-0.00666925
0.319579	0.0128217	0.494169	-0.0185623	0.0398995	-0.00257426
0.31956	0.0128534	0.494162	-0.0187673	0.031672	-0.00756265
0.319542	0.01289	0.494157	-0.0181889	0.0366008	-0.00510124
0.31952	0.0129227	0.494147	-0.0218705	0.0327434	-0.00959205
0.3195	0.0129549	0.494142	-0.0200198	0.0322101	-0.00472559
0.31948	0.0129903	0.49414	-0.020165	0.035362	-0.00194131
0.31946	0.0130223	0.494134	-0.0198985	0.0319395	-0.00608304
0.319443	0.0130618	0.494132	-0.0167177	0.039545	-0.00198784
0.319426	0.0130931	0.494125	-0.0169181	0.0313159	-0.0069779
0.31941	0.0131293	0.494121	-0.0163428	0.0362421	-0.00451557
0.31939	0.0131617	0.494112	-0.0200218	0.0323826	-0.00900775
0.319372	0.0131936	0.494108	-0.0181712	0.0318473	-0.00414106
0.319353	0.0132285	0.494106	-0.0183177	0.0349964	-0.00135639
0.319335	0.0132601	0.494101	-0.0180479	0.0315726	-0.00550038
0.319321	0.0132993	0.494099	-0.0148704	0.0391752	-0.00140503
0.319305	0.0133303	0.494093	-0.0150663	0.0309444	-0.00639674
0.319291	0.0133661	0.494089	-0.0144941	0.0358681	-0.00393352
0.319273	0.0133981	0.494081	-0.0181705	0.0320065	-0.00842702
0.319256	0.0134296	0.494077	-0.0163202	0.0314693	-0.0035601
0.31924	0.0134642	0.494076	-0.0164681	0.0346156	-0.000775035
0.319224	0.0134954	0.494071	-0.0161951	0.0311904	-0.00492113
0.319211	0.0135342	0.494071	-0.0130208	0.0387902	-0.00082567
0.319198	0.0135648	0.494065	-0.0132124	0.0305578	-0.00581902
0.319185	0.0136002	0.494061	-0.0126434	0.035479	-0.00335496
0.319169	0.0136318	0.494053	-0.0163174	0.0316154	-0.00784971
0.319154	0.0136629	0.494051	-0.0144673	0.0310762	-0.0029826
0.31914	0.0136971	0.49405	-0.0146167	0.0342198	-0.000197108
0.319125	0.0137279	0.494046	-0.0143406	0.0307931	-0.00434517
0.319114	0.0137663	0.494046	-0.0111697	0.0383903	-0.000249644
0.319103	0.0137965	0.49404	-0.0113571	0.0301561	-0.00524461
0.319092	0.0138315	0.494038	-0.0107913	0.0350749	-0.00277975
0.319077	0.0138627	0.49403	-0.014463	0.0312093	-0.00727569
0.319065	0.0138934	0.494028	-0.0126132	0.0306682	-0.00240841
0.319052	0.0139272	0.494028	-0.0127641	0.0338091	0.000377529
0.31904	0.0139576	0.494025	-0.0124852	0.030381	-0.00377235
0.31903	0.0139956	0.494025	-0.00931759	0.0379757	0.000323192
0.319021	0.0140253	0.49402	-0.00950088	0.0297397	-0.00467337
0.319012	0.0140599	0.494018	-0.0089383	0.0346562	-0.00220776
0.318999	0.0140907	0.494011	-0.0126078	0.0307885	-0.00670483
0.318988	0.014121	0.494009	-0.0107584	0.0302455	-0.00183738
0.318978	0.0141543	0.49401	-0.0109109	0.0333837	0.000949017
0.318967	0.0141843	0.494007	-0.0106293	0.0299541	-0.00320252
0.318959	0.0142219	0.494008	-0.00746506	0.0375465	0.000892982
0.318952	0.0142512	0.494004	-0.00764444	0.0293086	-0.00410515
0.318945	0.0142854	0.494002	-0.00708508	0.0342229	-0.00163883
0.318934	0.0143157	0.493996	-0.0107526	0.0303531	-0.00613696
0.318925	0.0143456	0.493995	-0.00890358	0.0298083	-0.00126937
0.318916	0.0143785	0.493996	-0.00905769	0.0329439	0.00151751
0.318907	0.014408	0.493994	-0.00877369	0.0295128	-0.00263555
0.318902	0.0144451	0.493995	-0.00561271	0.0371029	0.00145988
0.318896	0.014474	0.493992	-0.00578832	0.0288632	-0.00353981
0.318891	0.0145077	0.493991	-0.0052322	0.0337753	-0.00107283
0.318882	0.0145376	0.493985	-0.00889777	0.0299035	-0.00557194
0.318875	0.014567	0.493984	-0.00704928	0.0293568	-0.000704234
0.318867	0.0145995	0.493986	-0.00720508	0.0324898	0.00208315
0.318861	0.0146286	0.493984	-0.00691879	0.0290571	-0.00207127
0.318857	0.0146652	0.493986	-0.00376112	0.0366451	0.00202403
0.318853	0.0146936	0.493983	-0.00393312	0.0284035	-0.00297718
0.318849	0.0147269	0.493983	-0.00338024	0.0333136	-0.000509581
0.318842	0.0147563	0.493978	-0.00704403	0.0294397	-0.00500962
0.318837	0.0147852	0.493978	-0.00519607	0.0288912	-0.000141804
0.318832	0.0148172	0.49398	-0.00535362	0.0320217	0.00264609
0.318827	0.0148459	0.493979	-0.00506524	0.0285873	-0.00150952
0.318825	0.014882	0.493981	-0.00191087	0.0361734	0.00258559
0.318823	0.01491	0.493979	-0.0020794	0.0279298	-0.00241711
0.318821	0.0149428	0.493979	-0.00152979	0.0328379	5.10586e-05
0.318816	0.0149717	0.493975	-0.00519193	0.028962	-0.00444983
0.318813	0.0150002	0.493975	-0.00334456	0.0284118	0.000418074
0.318809	0.0150317	0.493978	-0.00350391	0.0315398	0.00320651
0.318806	0.0150598	0.493977	-0.00321362	0.0281037	-0.000950163
0.318806	0.0150955	0.49398	-6.25543e-05	0.035688	0.00314473
0.318806	0.015123	0.493979	-0.00022776	0.0274424	-0.00185943
0.318806	0.0151553	0.493979	0.000318568	0.0323486	0.000609255
0.318803	0.0151838	0.493975	-0.00334204	0.0284706	-0.00389241
0.318801	0.0152117	0.493976	-0.00149531	0.0279186	0.000975564
0.3188	0.0152427	0.49398	-0.00165652	0.0310443	0.00376455
0.318798	0.0152704	0.49398	-0.0013645	0.0276065	-0.000393017
0.3188	0.0153055	0.493983	0.00178326	0.0351891	0.00370161
0.318802	0.0153325	0.493982	0.00162123	0.0269415	-0.00130399
0.318804	0.0153643	0.493983	0.00216427	0.0318458	0.00116517
0.318802	0.0153923	0.49398	-0.00149494	0.0279658	-0.0033372
0.318803	0.0154197	0.493981	0.000351099	0.0274121	0.00153083
0.318803	0.0154502	0.493986	0.000187973	0.0305354	0.00432039
0.318803	0.0154773	0.493986	0.000481535	0.0270958	0.000162081
0.318807	0.015512	0.49399	0.00362601	0.0346769	0.00425639
0.31881	0.0155385	0.493989	0.003467	0.0264272	-0.000750614
0.318814	0.0155697	0.493991	0.00400674	0.0313298	0.00171898
0.318815	0.0155972	0.493988	0.000348803	0.0274478	-0.00278402
0.318817	0.0156241	0.49399	0.00219409	0.0268923	0.00208405
0.318819	0.0156541	0.493995	0.002029	0.0300133	0.00487419
0.318821	0.0156807	0.493996	0.00232392	0.0265719	0.000715297
0.318827	0.0157148	0.494001	0.00546511	0.0341517	0.00480924
0.318832	0.0157408	0.494001	0.00530897	0.0258998	-0.000199129
0.318838	0.0157715	0.494003	0.0058454	0.0308008	0.00227084
0.31884	0.0157984	0.494001	0.00218861	0.0269167	-0.00223272
0.318844	0.0158248	0.494003	0.00403311	0.0263596	0.00263538
0.318848	0.0158543	0.494009	0.00386599	0.0294784	0.00542613
0.318852	0.0158804	0.49401	0.00416208	0.0260351	0.0012668
0.318859	0.0159139	0.494015	0.00729999	0.0336137	0.00536034
0.318867	0.0159393	0.494016	0.00714657	0.0253596	0.000350633
0.318874	0.0159696	0.494018	0.00767969	0.030259	0.00282093
0.318878	0.0159959	0.494017	0.00402392	0.026373	-0.00168311
0.318884	0.0160217	0.49402	0.00586757	0.0258142	0.00318499
0.31889	0.0160507	0.494026	0.00569837	0.0289308	0.00597636
0.318896	0.0160762	0.494028	0.00599545	0.0254856	0.00181677
0.318905	0.0161092	0.494034	0.0091301	0.0330631	0.00590985
0.318914	0.0161341	0.494035	0.00897925	0.0248068	0.000898847
0.318923	0.0161637	0.494038	0.00950905	0.0297048	0.00336943
0.318929	0.0161895	0.494037	0.00585416	0.0258167	-0.00113502
0.318937	0.0162148	0.494041	0.00769691	0.0252563	0.00373308
0.318945	0.0162432	0.494047	0.00752559	0.0283708	0.00652508
0.318952	0.0162681	0.494049	0.00782348	0.0249237	0.00236538
0.318963	0.0163006	0.494056	0.0109549	0.0325002	0.00645795
0.318974	0.0163249	0.494057	0.0108064	0.0242417	0.00144569
0.318985	0.016354	0.494061	0.0113329	0.0291382	0.0039165
0.318993	0.0163792	0.494061	0.00767878	0.0252482	-0.000588278
0.319003	0.0164039	0.494065	0.00952058	0.0246862	0.0042798
0.319012	0.0164317	0.494072	0.00934708	0.0277987	0.00707245
0.319022	0.0164561	0.494075	0.00964559	0.0243495	0.00291279
0.319034	0.016488	0.494082	0.0127737	0.0319253	0.00700482
0.319047	0.0165117	0.494084	0.0126276	0.0236645	0.00199133
0.31906	0.0165402	0.494088	0.0131507	0.0285597	0.00446232
0.31907	0.0165649	0.494088	0.00949721	0.0246677	-4.27077e-05
0.319081	0.016589	0.494093	0.011338	0.0241042	0.00482533
0.319092	0.0166162	0.494101	0.0111623	0.0272146	0.00761865
0.319104	0.01664	0.494104	0.0114612	0.0237635	0.0034592
0.319118	0.0166713	0.494112	0.0145862	0.0313386	0.00755063
0.319133	0.0166944	0.494114	0.0144421	0.0230754	0.00253595
0.319148	0.0167224	0.494119	0.0149619	0.0279695	0.00500707
0.319159	0.0167464	0.49412	0.0113089	0.0240755	0.000501867
0.319172	0.01677	0.494125	0.0131487	0.0235104	0.00536985
0.319185	0.0167966	0.494133	0.0129707	0.026619	0.00816385
0.319198	0.0168198	0.494137	0.0132699	0.0231657	0.00400476
0.319215	0.0168505	0.494145	0.0163916	0.0307403	0.00809554
0.319231	0.016873	0.494148	0.0162494	0.0224748	0.00307973
0.319248	0.0169003	0.494154	0.0167659	0.0273678	0.00555093
0.319261	0.0169238	0.494155	0.0131133	0.0234718	0.00104562
0.319276	0.0169467	0.494161	0.014952	0.0229053	0.00591354
0.319291	0.0169727	0.49417	0.0147717	0.0260119	0.00870823
0.319306	0.0169953	0.494174	0.0150709	0.0225566	0.00454966
0.319324	0.0170254	0.494183	0.0181894	0.0301308	0.00863975
0.319342	0.0170473	0.494186	0.0180491	0.0218629	0.00362283
0.319361	0.017074	0.494193	0.0185622	0.0267548	0.00609406
0.319375	0.0170969	0.494194	0.0149099	0.0228569	0.00158874
0.319392	0.0171192	0.494201	0.0167474	0.0222889	0.00645657
0.319409	0.0171445	0.49421	0.0165647	0.0253938	0.00925196
0.319426	0.0171665	0.494215	0.0168638	0.0219363	0.00509407
0.319446	0.017196	0.494224	0.0199792	0.0295104	0.00918343
0.319465	0.0172173	0.494228	0.0198405	0.02124	0.00416545
0.319486	0.0172434	0.494235	0.0203503	0.026131	0.00663664
0.319502	0.0172656	0.494237	0.016698	0.0222311	0.00213138
0.319521	0.0172873	0.494244	0.0185344	0.0216618	0.00699912
0.319539	0.017312	0.494254	0.0183493	0.0247649	0.00979523
0.319558	0.0173334	0.49426	0.0186481	0.0213052	0.00563817
0.31958	0.0173622	0.494269	0.0217603	0.0288792	0.00972674
0.319601	0.0173829	0.494274	0.021623	0.0206064	0.00470774
0.319624	0.0174083	0.494281	0.0221296	0.0254965	0.00717886
0.319642	0.0174299	0.494284	0.0184773	0.0215947	0.00267373
0.319662	0.017451	0.494291	0.0203124	0.021024	0.00754136
0.319682	0.0174751	0.494302	0.0201248	0.0241254	0.0103382
0.319703	0.0174958	0.494308	0.0204232	0.0206635	0.00618212
0.319726	0.017524	0.494318	0.0235322	0.0282376	0.0102699
0.31975	0.017544	0.494323	0.0233963	0.0199623	0.00524989
0.319774	0.0175688	0.494331	0.0238995	0.0248517	0.00772087
0.319794	0.0175898	0.494334	0.020247	0.0209479	0.00321595
0.319816	0.0176101	0.494342	0.0220809	0.0203759	0.00808346
0.319838	0.0176336	0.494353	0.0218908	0.0234757	0.010881
0.31986	0.0176537	0.49436	0.0221885	0.0200115	0.0067261
0.319885	0.0176812	0.494371	0.0252944	0.0275859	0.010813
0.319911	0.0177006	0.494377	0.0251596	0.0193081	0.00579206
0.319936	0.0177247	0.494385	0.0256595	0.0241968	0.00826285
0.319958	0.017745	0.494389	0.0220068	0.0202911	0.00375823
0.319982	0.0177647	0.494397	0.0238393	0.0197178	0.00862559
0.320006	0.0177875	0.494409	0.0236467	0.0228161	0.0114239
0.32003	0.0178069	0.494416	0.0239435	0.0193496	0.00727028
0.320057	0.0178338	0.494427	0.0270463	0.0269243	0.0113562
0.320084	0.0178525	0.494434	0.0269126	0.0186439	0.00633442
0.320111	0.017876	0.494442	0.0274092	0.0235321	0.00880497
0.320135	0.0178956	0.494447	0.023756	0.0196245	0.00430072
0.32016	0.0179147	0.494456	0.0255872	0.01905	0.00916792
0.320186	0.0179368	0.494468	0.025392	0.0221468	0.011967
0.320211	0.0179555	0.494476	0.0256877	0.0186779	0.00781483
0.32024	0.0179818	0.494488	0.0287875	0.0262532	0.0118998
0.320269	0.0179998	0.494494	0.0286545	0.0179703	0.00687715
0.320298	0.0180226	0.494504	0.0291479	0.0228579	0.00934739
0.320324	0.0180415	0.494509	0.0254942	0.0189485	0.0048436
0.320351	0.0180599	0.494518	0.0273239	0.0183727	0.00971062
0.320378	0.0180814	0.494531	0.0271261	0.0214681	0.0125104
0.320405	0.0180994	0.494539	0.0274206	0.0179969	0.0083599
0.320436	0.018125	0.494552	0.0305173	0.0255728	0.0124438
0.320466	0.0181423	0.494559	0.0303851	0.0172873	0.0074204
0.320497	0.0181644	0.494569	0.0308751	0.0221746	0.00989028
0.320524	0.0181827	0.494574	0.0272208	0.0182633	0.00538702
0.320553	0.0182004	0.494585	0.0290491	0.0176864	0.0102539
0.320582	0.0182211	0.494598	0.0288486	0.0207804	0.0130544
0.320611	0.0182385	0.494606	0.0291417	0.0173068	0.00890566
0.320644	0.0182634	0.494619	0.0322353	0.0248835	0.0129885
0.320676	0.01828	0.494627	0.0321036	0.0165954	0.00796434
0.320708	0.0183014	0.494638	0.0325904	0.0214824	0.0104338
0.320737	0.018319	0.494644	0.0289353	0.0175692	0.00593114
0.320768	0.018336	0.494655	0.030762	0.0169912	0.0107978
0.320799	0.0183561	0.494668	0.0305589	0.020084	0.0135991
0.320829	0.0183727	0.494678	0.0308503	0.0166079	0.00945227
0.320863	0.0183969	0.494691	0.033941	0.0241856	0.013534
0.320897	0.0184128	0.4947	0.0338096	0.0158948	0.00850912
0.320932	0.0184336	0.494711	0.0342932	0.0207816	0.0109781
0.320962	0.0184504	0.494717	0.0306371	0.0168666	0.00647613
0.320995	0.0184667	0.494728	0.0324623	0.0162876	0.0113425
0.321027	0.0184861	0.494743	0.0322564	0.0193791	0.0141447
0.321059	0.018502	0.494753	0.0325461	0.0159005	0.00999987
0.321095	0.0185255	0.494767	0.0356338	0.0234794	0.0140805
0.321131	0.0185407	0.494776	0.0355026	0.0151859	0.00905489
0.321167	0.0185607	0.494787	0.035983	0.0200726	0.0115233
0.321199	0.0185769	0.494794	0.0323258	0.0161558	0.00702213
0.321233	0.0185925	0.494806	0.0341495	0.0155757	0.0118883
0.321267	0.0186111	0.494821	0.0339408	0.0186661	0.0146912
0.321301	0.0186264	0.494831	0.0342284	0.015185	0.0105486
0.321339	0.0186491	0.494846	0.0373132	0.0227651	0.014628
0.321376	0.0186636	0.494856	0.0371821	0.014469	0.00960181
0.321413	0.0186829	0.494868	0.0376592	0.0193557	0.0120697
0.321447	0.0186983	0.494875	0.0340008	0.0154371	0.00756928
0.321483	0.0187132	0.494888	0.0358229	0.014856	0.0124352
0.321519	0.0187311	0.494903	0.0356114	0.0179453	0.0152389
0.321555	0.0187456	0.494914	0.0358969	0.0144617	0.0110987
0.321594	0.0187677	0.494929	0.0389788	0.0220432	0.0151768
0.321633	0.0187815	0.494939	0.0388475	0.0137444	0.01015
0.321672	0.0188	0.494952	0.0393214	0.0186311	0.0126172
0.321708	0.0188147	0.49496	0.0356617	0.0147108	0.00811775
0.321745	0.0188289	0.494973	0.0374822	0.0141288	0.0129834
0.321782	0.0188461	0.494989	0.0372678	0.0172171	0.0157878
0.32182	0.0188599	0.495	0.0375509	0.0137309	0.0116502
0.32186	0.0188812	0.495016	0.04063	0.021314	0.015727
0.321901	0.0188942	0.495027	0.0404984	0.0130124	0.0106997
0.321942	0.0189121	0.49504	0.0409691	0.0178993	0.0131661
0.321979	0.018926	0.495049	0.037308	0.0139772	0.00866765
0.322018	0.0189394	0.495062	0.0391267	0.0133943	0.013533
0.322057	0.0189559	0.495079	0.0389095	0.0164817	0.0163382
0.322096	0.0189689	0.495091	0.03919	0.0129929	0.0122032
0.322139	0.0189895	0.495107	0.0422663	0.0205777	0.0162787
0.322181	0.0190018	0.495118	0.0421342	0.0122733	0.0112508
0.322224	0.0190189	0.495132	0.0426018	0.0171605	0.0137166
0.322262	0.0190322	0.495141	0.038939	0.0132367	0.00921912
0.322303	0.0190448	0.495155	0.0407561	0.012653	0.0140841
0.322344	0.0190605	0.495172	0.0405359	0.0157395	0.0168901
0.322385	0.0190728	0.495185	0.0408137	0.0122481	0.0127579
0.322428	0.0190927	0.495202	0.0438872	0.0198347	0.016832
0.322472	0.0191042	0.495214	0.0437545	0.0115276	0.0118037
0.322516	0.0191206	0.495228	0.0442189	0.0164151	0.0142686
0.322557	0.0191331	0.495238	0.0405545	0.0124896	0.0097723
0.322599	0.019145	0.495252	0.0423697	0.0119051	0.014637
0.322642	0.01916	0.49527	0.0421467	0.0149908	0.0174438
0.322684	0.0191715	0.495283	0.0424215	0.0114967	0.0133145
0.322729	0.0191906	0.4953	0.0454922	0.0190853	0.0173871
0.322775	0.0192014	0.495313	0.0453588	0.0107755	0.0123584
0.322821	0.019217	0.495328	0.0458201	0.0156635	0.0148224
0.322863	0.0192287	0.495338	0.0421538	0.0117363	0.0103273
0.322907	0.0192399	0.495353	0.0439672	0.0111511	0.0151916
0.32295	0.0192541	0.495371	0.0437412	0.014236	0.0179992
0.322994	0.0192649	0.495385	0.0440129	0.0107392	0.013873
0.323042	0.0192832	0.495403	0.0470809	0.01833	0.0179441
0.323089	0.0192933	0.495416	0.0469465	0.0100174	0.012915
0.323136	0.0193081	0.495431	0.0474048	0.0149059	0.0153781
0.32318	0.0193191	0.495442	0.0437365	0.010977	0.0108842
0.323225	0.0193295	0.495458	0.0455481	0.0103911	0.0157482
0.323271	0.019343	0.495476	0.0453191	0.0134753	0.0185565
0.323316	0.019353	0.495491	0.0455875	0.00997594	0.0144335
0.323365	0.0193705	0.495509	0.0486528	0.0175689	0.0185031
0.323413	0.0193798	0.495523	0.0485173	0.00925353	0.0134737
0.323462	0.0193939	0.495539	0.0489725	0.0141427	0.0159357
0.323508	0.0194041	0.49555	0.045302	0.0102122	0.0114432
0.323555	0.0194138	0.495566	0.0471118	0.00962567	0.0163067
0.323602	0.0194264	0.495585	0.0468798	0.0127093	0.0191158
0.323649	0.0194357	0.4956	0.0471447	0.00920717	0.0149962
0.323699	0.0194525	0.495619	0.0502074	0.0168026	0.0190641
0.323749	0.019461	0.495634	0.0500706	0.00848438	0.0140345
0.3238	0.0194743	0.49565	0.0505227	0.0133742	0.0164954
0.323846	0.0194838	0.495662	0.0468501	0.00944215	0.0120043
0.323895	0.0194926	0.495679	0.048658	0.00885504	0.0168674
0.323944	0.0195046	0.495699	0.0484228	0.0119381	0.0196772
0.323992	0.019513	0.495714	0.048684	0.00843327	0.0155611
0.324044	0.0195291	0.495734	0.0517442	0.0160312	0.0196274
0.324096	0.0195368	0.495748	0.0516059	0.00771023	0.0145975
0.324148	0.0195494	0.495765	0.0520551	0.0126009	0.0170572
0.324196	0.019558	0.495778	0.04838	0.00866724	0.0125676
0.324246	0.0195661	0.495795	0.050186	0.00807959	0.0174303
0.324296	0.0195772	0.495816	0.0499478	0.0111622	0.0202409
0.324346	0.019585	0.495832	0.0502051	0.00765461	0.0161284
0.3244	0.0196002	0.495852	0.0532627	0.0152552	0.020193
0.324453	0.0196072	0.495867	0.0531229	0.00693146	0.0151629
0.324506	0.0196189	0.495885	0.0535691	0.011823	0.0176214
0.324556	0.0196268	0.495898	0.0498915	0.00788782	0.0131333
0.324608	0.0196341	0.495916	0.0516955	0.00729969	0.0179955
0.324659	0.0196445	0.495937	0.0514542	0.0103819	0.0208068
0.324711	0.0196514	0.495953	0.0517075	0.00687154	0.016698
0.324766	0.0196659	0.495974	0.0547626	0.014475	0.0207609
0.32482	0.019672	0.49599	0.054621	0.00614842	0.0157306
0.324876	0.019683	0.496008	0.0550642	0.0110409	0.0181878
0.324927	0.0196901	0.496022	0.051384	0.00710425	0.0137013
0.32498	0.0196967	0.49604	0.0531861	0.00651568	0.018563
0.325033	0.0197062	0.496062	0.0529416	0.00959753	0.021375
0.325086	0.0197124	0.496079	0.0531906	0.00608443	0.0172702
0.325142	0.019726	0.4961	0.0562433	0.0136908	0.0213312
0.325199	0.0197314	0.496116	0.0560997	0.00536146	0.0163008
0.325255	0.0197417	0.496135	0.0565401	0.010255	0.0187567
0.325308	0.019748	0.496149	0.0528571	0.00631688	0.0142718
0.325363	0.0197537	0.496169	0.0546572	0.00572792	0.019133
0.325417	0.0197625	0.49619	0.0544096	0.00880951	0.0219457
0.325472	0.0197678	0.496208	0.0546541	0.00529362	0.0178449
0.325529	0.0197807	0.49623	0.0577044	0.0129031	0.021904
0.325587	0.0197853	0.496247	0.0575587	0.00457096	0.0168735
0.325645	0.0197947	0.496266	0.0579962	0.00946565	0.019328
0.325699	0.0198003	0.496281	0.0543103	0.00552608	0.0148448
0.325755	0.0198052	0.496301	0.0561083	0.0049368	0.0197055
0.325811	0.0198132	0.496323	0.0558576	0.00801818	0.0225189
0.325867	0.0198177	0.496342	0.0560974	0.00449949	0.0184222
0.325927	0.0198298	0.496364	0.0591455	0.0121122	0.0224794
0.325986	0.0198337	0.496382	0.0589975	0.00377728	0.0174489
0.326045	0.0198423	0.496402	0.0594321	0.0086732	0.0199018
0.326101	0.019847	0.496417	0.0557432	0.00473222	0.0154204
0.326158	0.0198512	0.496437	0.0575392	0.00414266	0.0202805
0.326216	0.0198584	0.49646	0.0572853	0.0072239	0.0230946
0.326273	0.0198621	0.496479	0.0575203	0.00370241	0.0190021
0.326334	0.0198734	0.496502	0.060566	0.0113185	0.0230574
0.326394	0.0198764	0.49652	0.0604156	0.00298078	0.0180268
0.326455	0.0198843	0.496541	0.0608475	0.00787801	0.0204782
0.326512	0.0198882	0.496557	0.0571554	0.00393567	0.0159986
0.326571	0.0198915	0.496578	0.0589493	0.00334587	0.0208581
0.32663	0.0198979	0.496601	0.0586922	0.00642705	0.0236728
0.326689	0.0199009	0.496621	0.0589221	0.00290275	0.0195847
0.326751	0.0199114	0.496645	0.0619657	0.0105223	0.023638
0.326812	0.0199136	0.496663	0.0618127	0.00218184	0.0186074
0.326875	0.0199207	0.496684	0.0622418	0.00708047	0.0210571
0.326933	0.0199238	0.496701	0.0585464	0.0031368	0.0165795
0.326994	0.0199263	0.496722	0.0603382	0.00254682	0.0214383
0.327054	0.0199319	0.496747	0.0600778	0.005628	0.0242537
0.327114	0.0199341	0.496767	0.0603026	0.00210089	0.02017
0.327177	0.0199438	0.496791	0.063344	0.00972408	0.0242213
0.327241	0.0199452	0.49681	0.0631882	0.00138084	0.0191907
0.327304	0.0199514	0.496832	0.0636146	0.00628094	0.0216387
0.327364	0.0199538	0.496849	0.0599158	0.00233599	0.017163
0.327426	0.0199555	0.496871	0.0617055	0.00174588	0.0220212
0.327487	0.0199603	0.496896	0.0614419	0.00482711	0.0248372
0.327549	0.0199617	0.496916	0.0616612	0.00129719	0.0207581
0.327614	0.0199706	0.496941	0.0647005	0.00892413	0.0248072
0.327678	0.0199712	0.496961	0.0645418	0.000578147	0.0197767
0.327743	0.0199766	0.496983	0.0649655	0.00547981	0.0222229
0.327804	0.0199782	0.497001	0.0612632	0.0015336	0.0177492
0.327867	0.0199791	0.497024	0.0630508	0.000943418	0.0226067
0.32793	0.0199831	0.497049	0.0627839	0.00402478	0.0254232
0.327993	0.0199836	0.49707	0.0629976	0.000492033	0.0213489
0.328059	0.0199917	0.497096	0.0660349	0.00812286	0.0253958
0.328125	0.0199916	0.497116	0.0658731	-0.000225856	0.0203654
0.328191	0.0199962	0.497139	0.0662942	0.00467744	0.0228097
0.328254	0.0199969	0.497157	0.0625881	0.000730023	0.018338
0.328318	0.0199971	0.49718	0.0643736	0.000139815	0.0231948
0.328383	0.0200003	0.497206	0.0641034	0.00322137	0.026012
0.328447	0.02	0.497228	0.0643113	-0.000314194	0.0219424
0.328514	0.0200073	0.497254	0.0673466	0.00732063	0.025987
0.328581	0.0200063	0.497275	0.0671816	-0.00103079	0.0209567
0.328649	0.0200101	0.497299	0.0676001	0.00387422	0.0233992
0.328713	0.02001	0.497318	0.0638903	-7.43639e-05	0.0189296
0.328779	0.0200094	0.497341	0.0656735	-0.000664547	0.0237856
0.328844	0.0200118	0.497368	0.0654001	0.00241727	0.0266033
0.32891	0.0200107	0.49739	0.065602	-0.00112111	0.0225386
0.328978	0.0200172	0.497417	0.0686354	0.00651784	0.026581
0.329047	0.0200154	0.497439	0.068467	-0.00183627	0.0215508
0.329116	0.0200184	0.497463	0.0688829	0.00307053	0.0239912
0.329181	0.0200175	0.497482	0.0651691	-0.000879179	0.0195237
0.329248	0.0200161	0.497506	0.0669503	-0.00146929	0.024379
0.329314	0.0200177	0.497534	0.0666735	0.00161285	0.0271972
0.329381	0.0200158	0.497557	0.0668693	-0.00192834	0.0231375
0.329451	0.0200215	0.497584	0.0699008	0.00571486	0.0271775
0.329521	0.0200189	0.497606	0.0697288	-0.00264192	0.0221475
0.329591	0.0200211	0.497631	0.0701423	0.00226675	0.0245859
0.329658	0.0200194	0.497651	0.0664244	-0.00168404	0.0201205
0.329726	0.0200171	0.497676	0.0682034	-0.00227402	0.024975
0.329794	0.0200179	0.497703	0.0679233	0.000808502	0.0277937
0.329862	0.0200152	0.497727	0.0681127	-0.00273549	0.023739
0.329933	0.0200201	0.497755	0.0711425	0.00491208	0.0277767
0.330004	0.0200167	0.497778	0.0709667	-0.00344734	0.0227468
0.330075	0.0200181	0.497803	0.0713777	0.00146327	0.0251831
0.330143	0.0200156	0.497824	0.0676557	-0.00248855	0.0207199
0.330212	0.0200125	0.497849	0.0694324	-0.00307836	0.0255735
0.330282	0.0200125	0.497877	0.069149	4.60915e-06	0.0283926
0.330351	0.020009	0.497902	0.0693319	-0.00354218	0.0243431
0.330423	0.0200131	0.49793	0.07236	0.00410988	0.0283784
0.330495	0.0200089	0.497954	0.0721803	-0.00425215	0.0233487
0.330568	0.0200095	0.497979	0.0725889	0.000660475	0.0257827
0.330637	0.0200062	0.498001	0.0688626	-0.00329234	0.0213218
0.330708	0.0200023	0.498027	0.0706371	-0.00388192	0.0261745
0.330778	0.0200015	0.498056	0.0703504	-0.000798444	0.0289941
0.330848	0.0199972	0.498081	0.0705265	-0.00434801	0.0249498
0.330922	0.0200005	0.49811	0.073553	0.00330865	0.0289826
0.330995	0.0199955	0.498134	0.0733693	-0.00505597	0.0239531
0.331069	0.0199953	0.49816	0.0737755	-0.000141253	0.0263848
0.331139	0.0199912	0.498182	0.0700448	-0.00409501	0.0219262
0.331211	0.0199865	0.498209	0.0718171	-0.00468431	0.0267779
0.331283	0.0199849	0.498238	0.071527	-0.00160027	0.0295979
0.331354	0.0199798	0.498264	0.0716962	-0.00515261	0.025559
0.331429	0.0199823	0.498293	0.0747211	0.00250878	0.0295892
0.331504	0.0199764	0.498318	0.0745332	-0.0058584	0.02456
0.331579	0.0199754	0.498345	0.0749372	-0.000941525	0.0269893
0.33165	0.0199705	0.498367	0.0712018	-0.00489617	0.0225329
0.331723	0.0199651	0.498395	0.0729719	-0.00548514	0.0273837
0.331795	0.0199626	0.498425	0.0726785	-0.00240048	0.030204
0.331868	0.0199567	0.498451	0.0728406	-0.00595558	0.0261705
0.331944	0.0199584	0.498481	0.0758639	0.00171065	0.0301981
0.33202	0.0199518	0.498506	0.0756717	-0.00665906	0.0251691
0.332096	0.01995	0.498534	0.0760734	-0.00173995	0.027596
0.332168	0.0199443	0.498557	0.0723334	-0.00569544	0.023142
0.332242	0.019938	0.498585	0.0741013	-0.00628404	0.0279917
0.332316	0.0199348	0.498616	0.0738045	-0.00319869	0.0308124
0.33239	0.0199281	0.498643	0.0739593	-0.00675652	0.0267844
0.332467	0.019929	0.498673	0.0769813	0.000914647	0.0308093
0.332544	0.0199215	0.498699	0.0767845	-0.00745755	0.0257806
0.332621	0.019919	0.498727	0.0771841	-0.00253614	0.0282049
0.332695	0.0199125	0.498751	0.0734393	-0.00649242	0.0237532
0.33277	0.0199054	0.49878	0.0752049	-0.0070806	0.0286019
0.332845	0.0199016	0.498812	0.0749318	-0.00376435	0.0317843
0.33292	0.0198942	0.498839	0.0750373	-0.00744999	0.027385
0.332998	0.0198942	0.49887	0.0780801	7.3046e-05	0.0315189
0.333076	0.0198861	0.498897	0.0778605	-0.00819733	0.0262752
0.333154	0.0198828	0.498926	0.0782926	-0.00325854	0.0289718
0.333229	0.0198756	0.49895	0.074508	-0.00719641	0.0243031
0.333305	0.0198678	0.498979	0.0762732	-0.00779821	0.0291583
0.333381	0.0198631	0.499011	0.0759913	-0.00465739	0.0321853
0.333457	0.0198549	0.499039	0.076097	-0.00824245	0.0279529
0.333536	0.0198542	0.499071	0.0791339	-0.000629827	0.0321027
0.333615	0.0198453	0.499098	0.0789036	-0.00898069	0.0268778
0.333694	0.0198411	0.499128	0.0793348	-0.00408805	0.0295784
0.33377	0.0198331	0.499153	0.0755581	-0.00805027	0.0249256
0.333847	0.0198244	0.499182	0.077327	-0.00869521	0.0297734
0.333924	0.0198188	0.499215	0.0770498	-0.00556876	0.0327943
0.334001	0.0198097	0.499244	0.077155	-0.00914494	0.0285642
0.334082	0.0198082	0.499276	0.0801906	-0.00150292	0.0327088
0.334162	0.0197984	0.499304	0.0799524	-0.00983088	0.0274783
0.334242	0.0197934	0.499334	0.0803781	-0.00490127	0.0301855
0.334319	0.0197845	0.499359	0.0765864	-0.00884925	0.0255327
0.334397	0.0197751	0.49939	0.0783488	-0.00946847	0.0303863
0.334475	0.0197687	0.499423	0.0780647	-0.00633092	0.0334131
0.334553	0.0197589	0.499452	0.0781599	-0.00991049	0.0291898
0.334634	0.0197566	0.499486	0.0811958	-0.00226994	0.0333323
0.334715	0.019746	0.499514	0.0809548	-0.0106074	0.0281021
0.334797	0.0197403	0.499545	0.0813803	-0.00568618	0.0308032
0.334874	0.0197306	0.499571	0.0775869	-0.0096384	0.0261519
0.334954	0.0197203	0.499602	0.0793483	-0.0102643	0.031002
0.335033	0.0197132	0.499636	0.0790615	-0.0071266	0.0340288
0.335112	0.0197025	0.499665	0.0791482	-0.0107075	0.0298103
0.335194	0.0196994	0.499699	0.0821821	-0.00305696	0.0339514
0.335276	0.0196881	0.499728	0.0819348	-0.011393	0.0287209
0.335358	0.0196816	0.49976	0.082358	-0.00646462	0.0314221
0.335437	0.0196711	0.499786	0.0785581	-0.010416	0.0267723
0.335517	0.0196601	0.499818	0.0803172	-0.0110388	0.0316216
0.335597	0.0196522	0.499853	0.0800272	-0.00789999	0.0346492
0.335677	0.0196407	0.499883	0.0801057	-0.0114842	0.0304355
0.335761	0.0196369	0.499917	0.083139	-0.00382998	0.0345737
0.335844	0.0196247	0.499947	0.0828865	-0.0121697	0.0293425
0.335927	0.0196174	0.499979	0.0833079	-0.00724015	0.0320414
0.336006	0.0196062	0.500006	0.0795028	-0.0111923	0.0273935
0.336088	0.0195944	0.500038	0.0812596	-0.0118152	0.0322416
0.336169	0.0195857	0.500074	0.0809662	-0.00867487	0.0352701
0.33625	0.0195735	0.500105	0.0810361	-0.0122614	0.0310614
0.336334	0.0195689	0.50014	0.0840685	-0.00460073	0.0351973
0.336418	0.019556	0.50017	0.0838104	-0.012942	0.0299655
0.336502	0.0195479	0.500203	0.0842301	-0.0080092	0.0326625
0.336582	0.0195359	0.50023	0.0804193	-0.0119618	0.0280161
0.336664	0.0195234	0.500263	0.0821739	-0.0125839	0.0328628
0.336746	0.0195139	0.500299	0.0818772	-0.00944244	0.0358921
0.336828	0.0195009	0.500331	0.0819382	-0.0130317	0.0316885
0.336913	0.0194955	0.500367	0.0849699	-0.00536569	0.0358218
0.336998	0.0194818	0.500397	0.0847061	-0.0137091	0.0305895
0.337083	0.019473	0.500431	0.0851241	-0.00877376	0.0332845
0.337164	0.0194603	0.500459	0.0813076	-0.0127266	0.0286397
0.337247	0.0194469	0.500493	0.0830601	-0.0133481	0.0334851
0.33733	0.0194367	0.500529	0.08276	-0.0102052	0.036515
0.337413	0.0194229	0.500561	0.0828121	-0.0137969	0.0323165
0.337499	0.0194168	0.500598	0.0858431	-0.0061251	0.0364472
0.337585	0.0194023	0.500629	0.0855735	-0.0144704	0.0312142
0.337671	0.0193927	0.500663	0.0859899	-0.00953222	0.0339072
0.337753	0.0193792	0.500692	0.0821674	-0.0134854	0.0292641
0.337837	0.0193651	0.500726	0.0839177	-0.0141062	0.034108
0.33792	0.0193542	0.500763	0.0836144	-0.010962	0.0371386
0.338004	0.0193396	0.500796	0.0836574	-0.0145562	0.0329452
0.338091	0.0193327	0.500833	0.0866878	-0.00687858	0.0370733
0.338177	0.0193175	0.500865	0.0864121	-0.0152258	0.0318396
0.338264	0.0193072	0.5009	0.086827	-0.0102848	0.0345305
0.338347	0.0192929	0.50093	0.0829986	-0.0142381	0.0298889
0.338432	0.0192781	0.500964	0.0847468	-0.0148582	0.0347314
0.338516	0.0192663	0.501002	0.0844401	-0.0117125	0.0377627
0.338601	0.0192511	0.501036	0.0844738	-0.0153092	0.0335743
0.338688	0.0192434	0.501073	0.0875037	-0.00762567	0.0376998
0.338775	0.0192275	0.501106	0.0872219	-0.0159748	0.0324654
0.338863	0.0192164	0.501141	0.0876353	-0.0110308	0.0351541
0.338947	0.0192014	0.501171	0.0838008	-0.0149843	0.0305141
0.339032	0.0191858	0.501207	0.0855469	-0.0156036	0.035355
0.339118	0.0191733	0.501245	0.0852369	-0.0124564	0.0383869
0.339203	0.0191573	0.501279	0.0852612	-0.0160555	0.0342037
0.339291	0.0191489	0.501317	0.0882907	-0.00836605	0.0383264
0.339379	0.0191322	0.501351	0.0880026	-0.0167169	0.0330914
0.339468	0.0191204	0.501386	0.0884146	-0.01177	0.0357778
0.339552	0.0191046	0.501417	0.084574	-0.0157236	0.0311394
0.339639	0.0190883	0.501453	0.0863179	-0.016342	0.0359787
0.339725	0.0190751	0.501492	0.0860046	-0.0131933	0.0390111
0.339811	0.0190583	0.501527	0.0860192	-0.0167948	0.0348331
0.3399	0.0190492	0.501566	0.0890484	-0.00909931	0.038953
0.339988	0.0190318	0.5016	0.088754	-0.0174519	0.0337172
0.340078	0.0190192	0.501636	0.0891647	-0.0125019	0.0364013
0.340163	0.0190027	0.501668	0.0853177	-0.0164556	0.0317645
0.34025	0.0189857	0.501704	0.0870595	-0.0170732	0.0366022
0.340337	0.0189717	0.501744	0.086743	-0.0139229	0.0396351
0.340424	0.0189542	0.50178	0.0867479	-0.0175267	0.0354622
0.340513	0.0189444	0.501819	0.0897768	-0.0098251	0.0395793
0.340603	0.0189262	0.501853	0.0894758	-0.0181793	0.0343427
0.340693	0.0189129	0.50189	0.0898853	-0.0132263	0.0370244
0.340779	0.0188957	0.501923	0.086032	-0.0171799	0.0323891
0.340867	0.018878	0.50196	0.0877716	-0.0177966	0.0372251
0.340954	0.0188633	0.502	0.0874519	-0.0146448	0.0402584
0.341041	0.0188451	0.502036	0.0874468	-0.0182508	0.0360907
0.341132	0.0188345	0.502076	0.0904756	-0.010543	0.0402049
0.341222	0.0188156	0.502111	0.090168	-0.0188988	0.0349675
0.341313	0.0188016	0.502149	0.0905762	-0.0139428	0.0376468
0.341399	0.0187837	0.502182	0.0867165	-0.0178962	0.0330129
0.341488	0.0187652	0.50222	0.0884541	-0.018512	0.0378472
0.341576	0.0187498	0.502261	0.0881311	-0.0153585	0.040881
0.341664	0.0187309	0.502297	0.0881159	-0.0189668	0.0367184
0.341755	0.0187196	0.502338	0.0911447	-0.0112528	0.0408297
0.341846	0.0187	0.502374	0.0908303	-0.01961	0.0355915
0.341937	0.0186853	0.502412	0.0912374	-0.0146509	0.0382681
0.342025	0.0186667	0.502446	0.0873711	-0.0186041	0.0336358
0.342114	0.0186475	0.502484	0.0891066	-0.019219	0.0384683
0.342203	0.0186314	0.502526	0.0887804	-0.0160638	0.0415024
0.342292	0.0186117	0.502563	0.088755	-0.0196742	0.037345
0.342383	0.0185997	0.502604	0.0917838	-0.0119539	0.0414533
0.342475	0.0185795	0.50264	0.0914625	-0.0203126	0.0362141
0.342567	0.0185641	0.502679	0.0918686	-0.0153503	0.0388882
0.342655	0.0185447	0.502714	0.0879956	-0.0193034	0.0342573
0.342744	0.0185248	0.502753	0.0897291	-0.0199172	0.039088
0.342834	0.018508	0.502795	0.0893998	-0.0167603	0.0421223
0.342923	0.0184877	0.502833	0.0893639	-0.0203729	0.0379701
0.343016	0.018475	0.502875	0.0923929	-0.0126462	0.0420753
0.343108	0.018454	0.502912	0.0920646	-0.0210062	0.0368353
0.3432	0.0184379	0.502951	0.0924697	-0.0160408	0.0395067
0.343289	0.0184179	0.502986	0.08859	-0.0199935	0.0348772
0.343379	0.0183973	0.503026	0.0903215	-0.0206063	0.0397059
0.343469	0.0183798	0.503068	0.0899889	-0.0174477	0.0427405
0.343559	0.0183588	0.503107	0.0899425	-0.0210623	0.0385934
0.343652	0.0183454	0.50315	0.0929717	-0.0133292	0.0426956
0.343745	0.0183238	0.503187	0.0926363	-0.0216905	0.0374545
0.343838	0.018307	0.503227	0.0930405	-0.0167218	0.0401232
0.343927	0.0182863	0.503263	0.089154	-0.0206742	0.0354951
0.344018	0.018265	0.503303	0.0908835	-0.021286	0.0403219
0.344108	0.0182469	0.503346	0.0905478	-0.0181255	0.0433567
0.344199	0.0182252	0.503385	0.0904906	-0.0217421	0.0392146
0.344292	0.0182111	0.503429	0.0935203	-0.0140025	0.0433137
0.344386	0.0181888	0.503467	0.0931776	-0.0223651	0.0380716
0.344479	0.0181713	0.503507	0.093581	-0.0173932	0.0407375
0.344569	0.01815	0.503543	0.0896875	-0.0213451	0.0361107
0.34466	0.018128	0.503584	0.0914152	-0.0219558	0.0409355
0.344751	0.0181092	0.503628	0.0910763	-0.0187935	0.0439704
0.344843	0.0180868	0.503668	0.0910083	-0.0224121	0.0398334
0.344937	0.0180721	0.503712	0.0940383	-0.014666	0.0439293
0.34503	0.0180491	0.503751	0.0936883	-0.0230297	0.0386862
0.345124	0.018031	0.503792	0.094091	-0.0180545	0.0413491
0.345215	0.018009	0.503829	0.0901905	-0.0220059	0.0367237
0.345307	0.0179863	0.50387	0.0919163	-0.0226155	0.0415464
0.345398	0.0179669	0.503915	0.0915743	-0.0194514	0.0445813
0.34549	0.0179438	0.503955	0.0914952	-0.0230718	0.0404495
0.345584	0.0179285	0.504	0.0945259	-0.0153191	0.0445421
0.345678	0.0179048	0.504039	0.0941684	-0.0236839	0.0392978
0.345773	0.017886	0.504081	0.0945705	-0.0187054	0.0419578
0.345864	0.0178634	0.504118	0.0906629	-0.0226563	0.0373336
0.345956	0.0178401	0.50416	0.0923867	-0.0232648	0.0421542
0.346048	0.01782	0.504206	0.0920417	-0.0200987	0.0451892
0.34614	0.0177963	0.504247	0.0919515	-0.023721	0.0410623
0.346235	0.0177803	0.504292	0.0949828	-0.0159616	0.0451517
0.34633	0.017756	0.504332	0.0946178	-0.0243275	0.0399062
0.346425	0.0177366	0.504374	0.0950192	-0.0193457	0.0425632
0.346516	0.0177133	0.504412	0.0911045	-0.0232958	0.0379402
0.346609	0.0176893	0.504455	0.0928265	-0.0239032	0.0427586
0.346701	0.0176686	0.504501	0.0924785	-0.0207353	0.0457935
0.346794	0.0176443	0.504542	0.0923769	-0.0243593	0.0416717
0.346889	0.0176276	0.504588	0.095409	-0.0165933	0.0457577
0.346984	0.0176027	0.504628	0.0950363	-0.0249601	0.040511
0.347079	0.0175827	0.504672	0.0954373	-0.0199749	0.0431649
0.347171	0.0175587	0.50471	0.0915153	-0.0239244	0.0385431
0.347264	0.0175342	0.504753	0.0932356	-0.0245305	0.0433593
0.347357	0.0175128	0.5048	0.0928845	-0.0213607	0.046394
0.34745	0.0174878	0.504842	0.0927715	-0.0249864	0.0422771
0.347546	0.0174706	0.504888	0.0958044	-0.0172136	0.0463598
0.347641	0.017445	0.504929	0.095424	-0.0255813	0.0411118
0.347737	0.0174244	0.504973	0.0958246	-0.0205928	0.0437626
0.347829	0.0173998	0.505012	0.0918953	-0.0245415	0.0391418
0.347923	0.0173746	0.505056	0.0936138	-0.0251465	0.0439557
0.348016	0.0173526	0.505103	0.0932597	-0.0219746	0.0469903
0.348109	0.0173271	0.505146	0.0931352	-0.025602	0.0428783
0.348205	0.0173092	0.505193	0.0961691	-0.0178225	0.0469576
0.348301	0.017283	0.505235	0.0957808	-0.0261909	0.0417082
0.348397	0.0172618	0.505279	0.0961811	-0.021199	0.0443557
0.348489	0.0172366	0.505319	0.0922445	-0.0251469	0.0397361
0.348583	0.0172109	0.505363	0.0939612	-0.0257507	0.0445476
0.348677	0.0171882	0.505411	0.0936042	-0.0225769	0.0475819
0.348771	0.0171621	0.505454	0.093468	-0.0262058	0.0434748
0.348867	0.0171436	0.505502	0.0965029	-0.0184195	0.0475506
0.348963	0.0171168	0.505544	0.0961067	-0.0267887	0.0422998
0.34906	0.017095	0.505589	0.0965067	-0.0217933	0.0449441
0.349152	0.0170692	0.505629	0.0925627	-0.0257403	0.0403254
0.349247	0.0170429	0.505674	0.0942777	-0.0263429	0.0451345
0.349341	0.0170197	0.505722	0.0939178	-0.0231671	0.0481685
0.349434	0.0169929	0.505766	0.0937698	-0.0267975	0.0440662
0.349531	0.0169739	0.505815	0.0968059	-0.0190043	0.0481385
0.349628	0.0169465	0.505857	0.0964017	-0.0273742	0.0428862
0.349724	0.0169241	0.505903	0.0968016	-0.0223754	0.0455271
0.349817	0.0168977	0.505944	0.09285	-0.0263215	0.0409094
0.349912	0.0168708	0.505989	0.0945634	-0.0269228	0.045716
0.350006	0.016847	0.506038	0.0942006	-0.0237449	0.0487496
0.3501	0.0168197	0.506083	0.0940407	-0.0273769	0.0446521
0.350197	0.0168001	0.506132	0.097078	-0.0195768	0.0487209
0.350294	0.0167721	0.506175	0.0966657	-0.0279472	0.043467
0.350391	0.0167491	0.506221	0.0970655	-0.022945	0.0461045
0.350484	0.0167222	0.506262	0.0931064	-0.0268901	0.0414876
0.350579	0.0166947	0.506309	0.0948183	-0.0274901	0.0462918
0.350673	0.0166704	0.506358	0.0944526	-0.0243102	0.049325
0.350768	0.0166424	0.506403	0.0942806	-0.0279436	0.0452321
0.350865	0.0166223	0.506453	0.0973193	-0.0201365	0.0492973
0.350962	0.0165938	0.506497	0.0968989	-0.0285075	0.0440418
0.351059	0.0165702	0.506543	0.0972987	-0.0235019	0.0466758
0.351153	0.0165428	0.506585	0.093332	-0.0274459	0.0420598
0.351248	0.0165147	0.506632	0.0950423	-0.0280446	0.0468613
0.351342	0.0164898	0.506682	0.0946738	-0.0248627	0.049894
0.351437	0.0164613	0.506728	0.0944896	-0.0284973	0.0458058
0.351534	0.0164406	0.506778	0.0975299	-0.0206834	0.0498673
0.351632	0.0164116	0.506822	0.0971011	-0.0290547	0.0446101
0.351729	0.0163875	0.506869	0.0975011	-0.0240457	0.0472406
0.351823	0.0163594	0.506912	0.0935267	-0.0279885	0.0426253
0.351918	0.0163309	0.506959	0.0952355	-0.028586	0.0474242
0.352013	0.0163054	0.50701	0.0948643	-0.025402	0.0504563
0.352107	0.0162764	0.507056	0.0946678	-0.0290379	0.0463727
0.352205	0.0162552	0.507106	0.0977097	-0.021217	0.0504305
0.352302	0.0162256	0.507152	0.0972726	-0.0295887	0.0451716
0.3524	0.0162009	0.507199	0.0976728	-0.0245762	0.0477984
0.352494	0.0161724	0.507243	0.0936906	-0.0285179	0.0431838
0.352589	0.0161433	0.50729	0.095398	-0.029114	0.04798
0.352684	0.0161173	0.507341	0.0950241	-0.025928	0.0510115
0.352779	0.0160878	0.507388	0.0948152	-0.029565	0.0469323
0.352877	0.016066	0.507439	0.0978588	-0.0217371	0.0509865
0.352974	0.0160359	0.507485	0.0974133	-0.0301092	0.0457257
0.353072	0.0160107	0.507533	0.0978138	-0.0250932	0.0483489
0.353166	0.0159817	0.507577	0.0938238	-0.0290336	0.0437349
0.353262	0.015952	0.507626	0.0955298	-0.0296284	0.0485283
0.353357	0.0159256	0.507677	0.0951532	-0.0264403	0.0515591
0.353452	0.0158955	0.507725	0.0949319	-0.0300785	0.0474844
0.35355	0.0158732	0.507776	0.0979772	-0.0222436	0.0515348
0.353647	0.0158426	0.507822	0.0975234	-0.0306159	0.046272
0.353745	0.015817	0.507871	0.0979242	-0.0255964	0.0488915
0.353839	0.0157874	0.507915	0.0939264	-0.0295356	0.044278
0.353935	0.0157573	0.507964	0.0956311	-0.0301291	0.0490686
0.35403	0.0157303	0.508016	0.0952519	-0.0269389	0.0520987
0.354125	0.0156997	0.508064	0.095018	-0.0305781	0.0480283
0.354223	0.015677	0.508117	0.0980652	-0.0227362	0.0520749
0.354321	0.0156459	0.508163	0.0976028	-0.0311086	0.0468102
0.354419	0.0156197	0.508213	0.0980041	-0.0260857	0.0494259
0.354513	0.0155897	0.508257	0.0939985	-0.0300235	0.0448128
0.354609	0.015559	0.508307	0.0957019	-0.0306156	0.0496006
0.354704	0.0155316	0.50836	0.0953201	-0.0274233	0.0526298
0.354799	0.0155005	0.508408	0.0950735	-0.0310635	0.0485637
0.354897	0.0154773	0.508461	0.0981228	-0.0232146	0.0526064
0.354995	0.0154457	0.508508	0.0976518	-0.0315871	0.0473396
0.355093	0.0154191	0.508558	0.0980536	-0.0265608	0.0499515
0.355187	0.0153886	0.508603	0.0940401	-0.0304971	0.0453388
0.355283	0.0153575	0.508653	0.0957423	-0.0310879	0.0501237
0.355378	0.0153295	0.508706	0.0953579	-0.0278936	0.0531519
0.355473	0.015298	0.508756	0.0950986	-0.0315346	0.04909
0.355571	0.0152743	0.508809	0.09815	-0.0236787	0.0531289
0.355669	0.0152423	0.508856	0.0976705	-0.0320512	0.04786
0.355767	0.0152152	0.508907	0.0980729	-0.0270214	0.0504679
0.355861	0.0151842	0.508953	0.0940515	-0.0309563	0.0458556
0.355957	0.0151526	0.509003	0.0957525	-0.0315458	0.0506374
0.356052	0.0151242	0.509057	0.0953656	-0.0283493	0.0536647
0.356148	0.0150923	0.509107	0.0950935	-0.0319912	0.0496069
0.356246	0.0150681	0.50916	0.0981471	-0.0241283	0.0536419
0.356343	0.0150356	0.509209	0.0976589	-0.0325007	0.0483707
0.356442	0.0150081	0.509259	0.0980621	-0.0274675	0.0509747
0.356536	0.0149767	0.509306	0.0940327	-0.0314009	0.0463626
0.356631	0.0149447	0.509357	0.0957326	-0.031989	0.0511414
0.356727	0.0149158	0.509411	0.0953433	-0.0287905	0.0541677
0.356822	0.0148834	0.509461	0.0950582	-0.0324331	0.0501139
0.35692	0.0148588	0.509515	0.0981142	-0.0245631	0.0541449
0.357018	0.0148259	0.509564	0.0976173	-0.0329354	0.0488714
0.357116	0.0147979	0.509616	0.0980213	-0.0278988	0.0514714
0.35721	0.0147661	0.509662	0.0939839	-0.0318306	0.0468595
0.357305	0.0147336	0.509714	0.0956828	-0.0324174	0.0516352
0.357401	0.0147044	0.509769	0.0952911	-0.0292168	0.0546604
0.357496	0.0146716	0.509819	0.094993	-0.0328601	0.0506105
0.357594	0.0146463	0.509874	0.0980515	-0.024983	0.0546376
0.357691	0.0146132	0.509923	0.0975458	-0.0333551	0.0493616
0.357789	0.0145848	0.509975	0.0979507	-0.0283151	0.0519575
0.357883	0.0145525	0.510022	0.0939053	-0.0322453	0.0473457
0.357979	0.0145197	0.510074	0.0956032	-0.0328308	0.0521182
0.358074	0.01449	0.51013	0.0952092	-0.0296281	0.0551423
0.358169	0.0144568	0.510181	0.0948981	-0.0332721	0.0510962
0.358267	0.0144313	0.510236	0.097959	-0.0253881	0.0551192
0.358364	0.0143976	0.510285	0.0974446	-0.0337598	0.0498408
0.358462	0.0143688	0.510338	0.0978505	-0.0287164	0.0524326
0.358556	0.0143361	0.510386	0.093797	-0.0326449	0.0478207
0.358652	0.0143029	0.510438	0.095494	-0.0332291	0.0525901
0.358747	0.0142728	0.510494	0.0950977	-0.0300243	0.0556129
0.358841	0.0142392	0.510545	0.0947735	-0.0336688	0.0515706
0.358939	0.0142133	0.510601	0.0978371	-0.0257778	0.0555896
0.359037	0.0141792	0.510651	0.0973139	-0.0341492	0.0503086
0.359134	0.01415	0.510704	0.0977209	-0.0291024	0.0528962
0.359228	0.014117	0.510752	0.0936594	-0.0330292	0.0482843
0.359323	0.0140833	0.510805	0.0953555	-0.0336121	0.0530504
0.359418	0.0140529	0.510861	0.094957	-0.0304052	0.0560719
0.359513	0.0140189	0.510913	0.0946196	-0.0340502	0.0520332
0.359611	0.0139927	0.510969	0.097686	-0.0261522	0.0560481
0.359708	0.0139582	0.51102	0.0971539	-0.0345232	0.0507645
0.359806	0.0139286	0.511073	0.0975621	-0.0294731	0.0533479
0.359899	0.0138952	0.511122	0.0934925	-0.0333981	0.0487357
0.359994	0.0138612	0.511176	0.0951878	-0.0339796	0.0534986
0.360089	0.0138304	0.511232	0.0947871	-0.0307707	0.0565187
0.360184	0.013796	0.511285	0.0944365	-0.0344161	0.0524835
0.360281	0.0137694	0.511341	0.0975058	-0.0265111	0.0564943
0.360378	0.0137346	0.511392	0.0969648	-0.0348816	0.051208
0.360475	0.0137047	0.511446	0.0973743	-0.0298282	0.0537871
0.360569	0.0136709	0.511495	0.0932966	-0.0337514	0.0491747
0.360664	0.0136365	0.511549	0.0949912	-0.0343317	0.0539342
0.360758	0.0136054	0.511606	0.0945884	-0.0311207	0.0569529
0.360853	0.0135706	0.511659	0.0942245	-0.0347665	0.0529211
0.36095	0.0135437	0.511716	0.0972968	-0.0268545	0.0569278
0.361047	0.0135085	0.511767	0.096747	-0.0352245	0.0516386
0.361144	0.0134783	0.511821	0.0971578	-0.0301677	0.0542135
0.361237	0.0134441	0.511871	0.093072	-0.0340891	0.0496007
0.361332	0.0134095	0.511925	0.094766	-0.034668	0.0543569
0.361426	0.013378	0.511983	0.0943611	-0.0314551	0.0573741
0.36152	0.0133429	0.512036	0.0939839	-0.0351011	0.0533456
0.361617	0.0133157	0.512093	0.0970592	-0.0271822	0.0573481
0.361714	0.0132801	0.512145	0.0965005	-0.0355516	0.052056
0.361811	0.0132496	0.5122	0.0969128	-0.0304915	0.0546265
0.361904	0.0132151	0.51225	0.0928189	-0.034411	0.0500133
0.361998	0.0131801	0.512305	0.0945123	-0.0349887	0.054766
0.362092	0.0131483	0.512362	0.0941054	-0.0317737	0.0577817
0.362186	0.0131129	0.512416	0.0937148	-0.0354199	0.0537564
0.362283	0.0130853	0.512474	0.0967933	-0.0274942	0.0577547
0.362379	0.0130495	0.512526	0.0962258	-0.0358628	0.0524596
0.362476	0.0130186	0.512581	0.0966396	-0.0307996	0.0550257
0.362568	0.0129839	0.512632	0.0925376	-0.0347171	0.050412
0.362662	0.0129486	0.512687	0.0942305	-0.0352935	0.0551613
0.362756	0.0129164	0.512745	0.0938217	-0.0320766	0.0581753
0.36285	0.0128807	0.512799	0.0934177	-0.0357229	0.054153
0.362946	0.0128529	0.512857	0.0964995	-0.0277903	0.0581472
0.363042	0.0128167	0.51291	0.095923	-0.0361582	0.052849
0.363139	0.0127856	0.512965	0.0963384	-0.0310917	0.0554107
0.363231	0.0127505	0.513016	0.0922284	-0.0350073	0.0507964
0.363325	0.012715	0.513072	0.0939208	-0.0355825	0.0555421
0.363418	0.0126825	0.51313	0.0935101	-0.0323635	0.0585545
0.363511	0.0126466	0.513185	0.0930927	-0.03601	0.0545352
0.363608	0.0126184	0.513243	0.0961779	-0.0280705	0.0585252
0.363703	0.012582	0.513296	0.0955925	-0.0364376	0.0532238
0.363799	0.0125506	0.513352	0.0960096	-0.0313679	0.055781
0.363891	0.0125152	0.513403	0.0918915	-0.0352816	0.051166
0.363985	0.0124794	0.513459	0.0935836	-0.0358555	0.0559081
0.364078	0.0124467	0.513518	0.0931711	-0.0326346	0.0589188
0.364171	0.0124104	0.513573	0.0927402	-0.036281	0.0549023
0.364267	0.0123821	0.513632	0.0958288	-0.0283348	0.0588881
0.364362	0.0123454	0.513685	0.0952346	-0.0367011	0.0535834
0.364458	0.0123137	0.513741	0.0956535	-0.0316282	0.0561361
0.364549	0.0122781	0.513793	0.0915273	-0.0355398	0.0515203
0.364642	0.012242	0.513849	0.0932191	-0.0361125	0.0562589
0.364735	0.012209	0.513908	0.0928048	-0.0328897	0.0592677
0.364827	0.0121725	0.513964	0.0923605	-0.0365361	0.055254
0.364923	0.0121439	0.514023	0.0954527	-0.028583	0.0592355
0.365018	0.0121069	0.514077	0.0948496	-0.0369484	0.0539275
0.365113	0.012075	0.514133	0.0952704	-0.0318724	0.0564757
0.365204	0.0120392	0.514185	0.0911361	-0.035782	0.051859
0.365297	0.0120028	0.514242	0.0928276	-0.0363535	0.0565939
0.36539	0.0119696	0.514301	0.0924117	-0.0331288	0.0596009
0.365482	0.0119329	0.514357	0.0919539	-0.0367751	0.0555898
0.365577	0.011904	0.514416	0.0950498	-0.0288153	0.059567
0.365671	0.0118668	0.51447	0.0944378	-0.0371797	0.0542556
0.365766	0.0118347	0.514527	0.0948606	-0.0321007	0.0567992
0.365857	0.0117986	0.514579	0.0907183	-0.0360081	0.0521816
0.365949	0.011762	0.514636	0.0924096	-0.0365785	0.0569128
0.366041	0.0117286	0.514696	0.0919921	-0.0333519	0.0599179
0.366133	0.0116916	0.514752	0.0915207	-0.036998	0.0559093
0.366227	0.0116626	0.514812	0.0946204	-0.0290315	0.0598822
0.366321	0.0116252	0.514866	0.0939996	-0.037395	0.0545673
0.366416	0.0115928	0.514923	0.0944244	-0.0323128	0.0571063
0.366506	0.0115565	0.514976	0.0902741	-0.0362182	0.0524876
0.366598	0.0115197	0.515033	0.0919653	-0.0367875	0.0572151
0.36669	0.0114861	0.515093	0.0915462	-0.033559	0.0602183
0.366781	0.0114489	0.515149	0.0910614	-0.0372048	0.0562121
0.366875	0.0114197	0.51521	0.094165	-0.0292317	0.0601807
0.366968	0.0113821	0.515264	0.0935353	-0.0375941	0.0548621
0.367062	0.0113495	0.515322	0.0939623	-0.032509	0.0573965
0.367152	0.011313	0.515375	0.089804	-0.0364122	0.0527767
0.367244	0.011276	0.515432	0.0914952	-0.0369804	0.0575005
0.367335	0.0112422	0.515492	0.0910746	-0.0337501	0.0605016
0.367425	0.0112049	0.515549	0.0905763	-0.0373956	0.0564976
0.367519	0.0111754	0.515609	0.0936838	-0.0294159	0.060462
0.367612	0.0111376	0.515664	0.0930453	-0.0377772	0.0551397
0.367706	0.0111049	0.515722	0.0934745	-0.0326891	0.0576694
0.367795	0.0110682	0.515775	0.0893083	-0.0365901	0.0530484
0.367886	0.0110311	0.515833	0.0909995	-0.0371572	0.0577684
0.367977	0.0109971	0.515894	0.0905775	-0.0339252	0.0607675
0.368067	0.0109595	0.51595	0.0900657	-0.0375703	0.0567657
0.36816	0.0109299	0.516011	0.0931773	-0.0295842	0.0607257
0.368253	0.010892	0.516066	0.09253	-0.0379443	0.0553997
0.368346	0.010859	0.516124	0.0929615	-0.0328532	0.0579247
0.368434	0.0108222	0.516178	0.0887873	-0.0367521	0.0533023
0.368525	0.0107849	0.516236	0.0904787	-0.0373182	0.0580185
0.368615	0.0107508	0.516297	0.0900553	-0.0340843	0.0610156
0.368704	0.0107131	0.516354	0.08953	-0.0377291	0.0570157
0.368797	0.0106833	0.516414	0.0926458	-0.0297364	0.0609714
0.368889	0.0106452	0.51647	0.0919897	-0.0380953	0.0556415
0.368982	0.0106121	0.516528	0.0924237	-0.0330014	0.0581618
0.36907	0.0105752	0.516582	0.0882415	-0.0368981	0.0535381
0.36916	0.0105377	0.51664	0.0899331	-0.0374631	0.0582505
0.369249	0.0105034	0.516701	0.0895084	-0.0342275	0.0612454
0.369338	0.0104656	0.516758	0.0889697	-0.0378718	0.0572474
0.36943	0.0104356	0.51682	0.0920897	-0.0298728	0.0611988
0.369522	0.0103974	0.516875	0.0914249	-0.0382305	0.055865
0.369614	0.0103642	0.516934	0.0918613	-0.0331337	0.0583805
0.369701	0.0103271	0.516987	0.0876714	-0.0370282	0.0537553
0.369791	0.0102895	0.517046	0.0893632	-0.0375922	0.0584639
0.36988	0.0102551	0.517107	0.0889372	-0.0343549	0.0614565
0.369968	0.0102171	0.517165	0.0883851	-0.0379987	0.0574603
0.37006	0.0101871	0.517226	0.0915094	-0.0299933	0.0614074
0.370151	0.0101487	0.517282	0.090836	-0.0383497	0.0560696
0.370242	0.0101154	0.517341	0.0912749	-0.0332501	0.0585804
0.370329	0.0100782	0.517395	0.0870771	-0.0371424	0.0539536
0.370418	0.0100405	0.517453	0.0887693	-0.0377055	0.0586583
0.370506	0.010006	0.517515	0.0883422	-0.0344666	0.0616487
0.370594	0.00996791	0.517573	0.0877767	-0.0381097	0.0576541
0.370685	0.00993776	0.517634	0.0909054	-0.030098	0.0615969
0.370775	0.00989931	0.51769	0.0902233	-0.0384531	0.056255
0.370866	0.00986589	0.517749	0.0906649	-0.0333508	0.0587611
0.370952	0.00982861	0.517803	0.0864593	-0.0372408	0.0541326
0.37104	0.00979078	0.517862	0.0881519	-0.0378031	0.0588334
0.371128	0.00975617	0.517924	0.0877236	-0.0345625	0.0618215
0.371215	0.00971798	0.517982	0.0871448	-0.038205	0.0578285
0.371306	0.00968775	0.518043	0.090278	-0.0301871	0.0617669
0.371395	0.0096492	0.5181	0.0895873	-0.0385409	0.0564208
0.371485	0.0096157	0.518159	0.0900316	-0.0334359	0.0589222
0.371571	0.00957834	0.518213	0.0858183	-0.0373236	0.054292
0.371659	0.00954043	0.518272	0.0875113	-0.037885	0.0589888
0.371746	0.00950574	0.518334	0.0870821	-0.0346428	0.0619747
0.371832	0.00946747	0.518392	0.0864899	-0.0382847	0.057983
0.371922	0.00943716	0.518454	0.0896277	-0.0302606	0.0619171
0.372011	0.00939855	0.51851	0.0889285	-0.038613	0.0565668
0.3721	0.00936497	0.518569	0.0893756	-0.0335054	0.0590633
0.372185	0.00932754	0.518624	0.0851546	-0.0373908	0.0544314
0.372272	0.00928957	0.518683	0.0868481	-0.0379514	0.0591243
0.372359	0.00925481	0.518745	0.0864179	-0.0347077	0.0621078
0.372445	0.00921648	0.518803	0.0858125	-0.0383488	0.0581173
0.372534	0.00918611	0.518865	0.0889549	-0.0303186	0.0620471
0.372622	0.00914744	0.518921	0.0882472	-0.0386696	0.0566926
0.372711	0.00911381	0.518981	0.0886972	-0.0335594	0.0591843
0.372795	0.00907633	0.519035	0.0844685	-0.0374426	0.0545505
0.372881	0.0090383	0.519094	0.0861627	-0.0380023	0.0592394
0.372967	0.0090035	0.519157	0.0857316	-0.0347571	0.0622205
0.373052	0.00896511	0.519215	0.0851129	-0.0383975	0.0582312
0.37314	0.00893471	0.519277	0.0882601	-0.0303613	0.0621567
0.373228	0.00889599	0.519334	0.0875439	-0.0387108	0.0567977
0.373316	0.00886233	0.519393	0.0879968	-0.0335981	0.0592847
0.3734	0.0088248	0.519448	0.0837606	-0.037479	0.0546489
0.373485	0.00878674	0.519507	0.0854555	-0.038038	0.0593339
0.37357	0.00875191	0.519569	0.0850235	-0.0347913	0.0623125
0.373655	0.00871349	0.519627	0.0843917	-0.0384308	0.0583243
0.373742	0.00868305	0.51969	0.0875437	-0.0303887	0.0622455
0.373829	0.00864431	0.519746	0.0868191	-0.0387368	0.0568821
0.373916	0.00861062	0.519806	0.087275	-0.0336216	0.0593643
0.373999	0.00857308	0.519861	0.0830313	-0.0375003	0.0547264
0.374084	0.008535	0.51992	0.0847269	-0.0380585	0.0594075
0.374169	0.00850014	0.519982	0.0842942	-0.0348104	0.0623836
0.374252	0.0084617	0.520041	0.0836493	-0.0384491	0.0583963
0.374339	0.00843126	0.520103	0.0868061	-0.0304011	0.0623132
0.374425	0.0083925	0.52016	0.0860733	-0.0387477	0.0569453
0.374512	0.00835881	0.520219	0.0865322	-0.03363	0.0594227
0.374594	0.00832126	0.520274	0.082281	-0.0375065	0.0547828
0.374678	0.00828317	0.520333	0.0839774	-0.0380641	0.0594598
0.374762	0.00824831	0.520396	0.083544	-0.0348145	0.0624335
0.374844	0.00820987	0.520454	0.0828861	-0.0384523	0.0584469
0.37493	0.00817942	0.520517	0.0860478	-0.0303985	0.0623596
0.375016	0.00814068	0.520574	0.0853068	-0.0387436	0.0569871
0.375102	0.00810699	0.520633	0.0857689	-0.0336236	0.0594597
0.375183	0.00806945	0.520688	0.0815103	-0.0374977	0.0548176
0.375266	0.00803137	0.520747	0.0832076	-0.0380547	0.0594906
0.375349	0.00799652	0.52081	0.0827735	-0.0348038	0.0624618
0.375431	0.00795809	0.520868	0.0821026	-0.0384406	0.0584758
0.375517	0.00792766	0.52093	0.0852694	-0.0303812	0.0623843
0.375601	0.00788893	0.520987	0.0845202	-0.0387247	0.0570072
0.375686	0.00785526	0.521047	0.0849854	-0.0336024	0.059475
0.375767	0.00781774	0.521102	0.0807195	-0.0374743	0.0548306
0.375849	0.00777969	0.521161	0.0824178	-0.0380307	0.0594997
0.375931	0.00774487	0.521224	0.0819832	-0.0347785	0.0624683
0.376013	0.00770646	0.521282	0.0812994	-0.0384143	0.0584829
0.376097	0.00767607	0.521344	0.0844712	-0.0303493	0.0623871
0.376181	0.00763737	0.521401	0.0837139	-0.0386913	0.0570053
0.376265	0.00760374	0.521461	0.0841824	-0.0335667	0.0594684
0.376345	0.00756626	0.521516	0.0799092	-0.0374363	0.0548217
0.376427	0.00752824	0.521575	0.0816085	-0.0379922	0.0594868
0.376508	0.00749346	0.521638	0.0811734	-0.0347387	0.0624528
0.376588	0.0074551	0.521696	0.0804768	-0.0383735	0.0584678
0.376672	0.00742475	0.521758	0.0836537	-0.0303029	0.0623679
0.376755	0.0073861	0.521815	0.0828884	-0.0386434	0.0569813
0.376838	0.00735251	0.521875	0.0833602	-0.0335165	0.0594397
0.376917	0.00731509	0.521929	0.0790798	-0.037384	0.0547906
0.376998	0.00727712	0.521989	0.0807802	-0.0379393	0.0594517
0.377078	0.00724239	0.522051	0.0803446	-0.0346847	0.0624151
0.377158	0.00720409	0.52211	0.0796353	-0.0383184	0.0584304
0.377241	0.0071738	0.522172	0.0828174	-0.0302423	0.0623263
0.377323	0.00713521	0.522229	0.0820442	-0.0385812	0.0569349
0.377406	0.00710169	0.522288	0.0825194	-0.0334522	0.0593885
0.377484	0.00706433	0.522343	0.0782319	-0.0373175	0.054737
0.377564	0.00702644	0.522402	0.0799333	-0.0378724	0.0593941
0.377643	0.00699177	0.522465	0.0794974	-0.0346165	0.062355
0.377722	0.00695354	0.522523	0.0787755	-0.0382492	0.0583705
0.377804	0.00692332	0.522585	0.0819628	-0.0301677	0.0622622
0.377885	0.00688481	0.522642	0.0811817	-0.038505	0.056866
0.377967	0.00685137	0.522701	0.0816604	-0.033374	0.0593148
0.378044	0.00681409	0.522756	0.0773658	-0.037237	0.0546608
0.378123	0.00677628	0.522815	0.0790685	-0.0377915	0.059314
0.378202	0.0067417	0.522878	0.0786323	-0.0345345	0.0622722
0.37828	0.00670354	0.522936	0.0778978	-0.038166	0.0582878
0.378361	0.00667342	0.522998	0.0810904	-0.0300793	0.0621754
0.378441	0.00663499	0.523055	0.0803015	-0.038415	0.0567743
0.378522	0.00660165	0.523114	0.0807836	-0.0332819	0.0592184
0.378599	0.00656446	0.523168	0.0764821	-0.0371428	0.0545618
0.378677	0.00652674	0.523228	0.0781861	-0.0376969	0.059211
0.378755	0.00649226	0.52329	0.0777496	-0.0344388	0.0621666
0.378832	0.0064542	0.523348	0.0770027	-0.0380692	0.0581821
0.378912	0.00642418	0.52341	0.0802006	-0.0299773	0.0620656
0.378991	0.00638586	0.523467	0.0794041	-0.0383114	0.0566596
0.379071	0.00635262	0.523526	0.0798897	-0.0331763	0.0590991
0.379147	0.00631554	0.52358	0.0755813	-0.037035	0.0544398
0.379224	0.00627793	0.523639	0.0772866	-0.0375888	0.0590851
0.379301	0.00624355	0.523701	0.0768499	-0.0343296	0.062038
0.379377	0.0062056	0.523759	0.0760907	-0.0379588	0.0580534
0.379456	0.0061757	0.523821	0.0792939	-0.0298619	0.0619329
0.379535	0.00613749	0.523878	0.0784898	-0.0381944	0.0565218
0.379614	0.00610437	0.523937	0.0789791	-0.0330574	0.0589567
0.379689	0.00606742	0.523991	0.0746639	-0.0369139	0.0542947
0.379765	0.00602992	0.52405	0.0763705	-0.0374674	0.0589361
0.379841	0.00599567	0.524112	0.0759337	-0.0342073	0.0618863
0.379916	0.00595785	0.524169	0.0751622	-0.0378353	0.0579015
0.379995	0.00592807	0.524231	0.0783709	-0.0297333	0.0617769
0.380072	0.00589	0.524288	0.0775593	-0.0380642	0.0563609
0.38015	0.00585701	0.524346	0.0780522	-0.0329253	0.0587911
0.380224	0.00582019	0.5244	0.0737302	-0.0367797	0.0541264
0.380299	0.00578283	0.524459	0.0754382	-0.037333	0.0587639
0.380374	0.00574871	0.524521	0.0750014	-0.0340719	0.0617114
0.380449	0.00571103	0.524579	0.0742178	-0.0376987	0.0577263
0.380526	0.00568139	0.52464	0.077432	-0.0295917	0.0615977
0.380603	0.00564346	0.524696	0.076613	-0.0379211	0.0561766
0.38068	0.00561062	0.524755	0.0771095	-0.0327804	0.0586022
0.380753	0.00557394	0.524809	0.072781	-0.0366327	0.0539347
0.380827	0.00553673	0.524867	0.0744904	-0.0371858	0.0585683
0.380901	0.00550277	0.524929	0.0740536	-0.0339237	0.0615132
0.380975	0.00546523	0.524986	0.073258	-0.0375493	0.0575276
0.381051	0.00543575	0.525048	0.0764776	-0.0294375	0.0613951
0.381127	0.00539797	0.525104	0.0756513	-0.0377653	0.0559689
0.381203	0.00536529	0.525162	0.0761516	-0.0326228	0.0583899
0.381275	0.00532877	0.525216	0.0718165	-0.036473	0.0537196
0.381348	0.00529172	0.525274	0.0735275	-0.037026	0.0583493
0.381421	0.00525791	0.525335	0.0730907	-0.033763	0.0612915
0.381494	0.00522054	0.525393	0.0722832	-0.0373873	0.0573054
0.381569	0.00519122	0.525454	0.0755084	-0.0292709	0.061169
0.381644	0.00515362	0.525509	0.0746748	-0.037597	0.0557377
0.381719	0.0051211	0.525568	0.0751788	-0.0324529	0.0581542
0.38179	0.00508476	0.525621	0.0708373	-0.036301	0.053481
0.381862	0.00504788	0.525679	0.0725498	-0.0368539	0.0581069
0.381935	0.00501425	0.52574	0.0721132	-0.0335901	0.0610464
0.382006	0.00497705	0.525797	0.071294	-0.0372131	0.0570596
0.38208	0.00494791	0.525858	0.0745247	-0.029092	0.0609193
0.382154	0.00491049	0.525913	0.073684	-0.0374165	0.0554829
0.382228	0.00487816	0.525971	0.0741918	-0.0322708	0.0578949
0.382298	0.00484199	0.526025	0.0698439	-0.0361169	0.0532188
0.38237	0.0048053	0.526082	0.071558	-0.0366697	0.0578408
0.382441	0.00477185	0.526143	0.0711216	-0.0334051	0.0607777
0.382511	0.00473484	0.5262	0.0702907	-0.0370268	0.0567902
0.382585	0.00470589	0.526261	0.073527	-0.0289012	0.060646
0.382657	0.00466866	0.526316	0.0726793	-0.0372242	0.0552045
0.382731	0.00463653	0.526373	0.0731909	-0.0320768	0.057612
0.3828	0.00460056	0.526426	0.0688367	-0.0359209	0.052933
0.38287	0.00456406	0.526484	0.0705526	-0.0364737	0.0575512
0.38294	0.00453081	0.526544	0.0701163	-0.0332084	0.0604854
0.38301	0.00449399	0.526601	0.069274	-0.0368288	0.0564971
0.383082	0.00446526	0.526661	0.0725158	-0.0286987	0.0603492
0.383154	0.00442822	0.526716	0.0716613	-0.0370201	0.0549024
0.383226	0.0043963	0.526773	0.0721767	-0.0318712	0.0573056
0.383294	0.00436054	0.526826	0.0678163	-0.0357133	0.0526236
0.383363	0.00432425	0.526883	0.0695338	-0.0362662	0.0572381
0.383432	0.00429121	0.526943	0.0690979	-0.0330001	0.0601696
0.383501	0.0042546	0.526999	0.0682442	-0.0366192	0.0561803
0.383572	0.00422607	0.527059	0.0714916	-0.0284847	0.0600287
0.383643	0.00418926	0.527114	0.0706303	-0.0368046	0.0545767
0.383714	0.00415755	0.527171	0.0711496	-0.0316542	0.0569755
0.383781	0.00412201	0.527223	0.0667831	-0.0354944	0.0522905
0.383849	0.00408594	0.52728	0.0685024	-0.0360474	0.0569013
0.383917	0.00405312	0.52734	0.0680667	-0.0327806	0.0598301
0.383985	0.00401673	0.527396	0.0672018	-0.0363983	0.0558398
0.384055	0.00398843	0.527455	0.0704549	-0.0282596	0.0596845
0.384125	0.00395184	0.527509	0.0695868	-0.0365779	0.0542274
0.384195	0.00392036	0.527566	0.0701101	-0.0314261	0.0566219
0.384261	0.00388505	0.527618	0.0657376	-0.0352644	0.0519338
0.384328	0.00384921	0.527675	0.0674586	-0.0358175	0.0565409
0.384395	0.00381662	0.527734	0.0670234	-0.0325501	0.0594671
0.384461	0.00378046	0.527789	0.0661474	-0.0361665	0.0554758
0.384531	0.0037524	0.527849	0.0694061	-0.0280236	0.0593168
0.384599	0.00371605	0.527903	0.0685314	-0.0363403	0.0538545
0.384668	0.00368481	0.527959	0.0690586	-0.0311872	0.0562447
0.384733	0.00364974	0.52801	0.0646802	-0.0350236	0.0515535
0.384799	0.00361414	0.528066	0.0664031	-0.0355768	0.056157
0.384865	0.00358179	0.528126	0.0659682	-0.0323088	0.0590806
0.38493	0.00354588	0.528181	0.0650813	-0.0359239	0.0550881
0.384999	0.00351806	0.52824	0.0683457	-0.0277769	0.0589255
0.385066	0.00348196	0.528293	0.0674646	-0.0360921	0.053458
0.385134	0.00345097	0.528349	0.0679956	-0.0309377	0.055844
0.385198	0.00341615	0.5284	0.0636115	-0.0347723	0.0511497
0.385263	0.0033808	0.528456	0.0653362	-0.0353257	0.0557496
0.385328	0.00334871	0.528514	0.0649018	-0.0320571	0.0586706
0.385392	0.00331305	0.528569	0.0640041	-0.0356708	0.0546768
0.38546	0.00328549	0.528627	0.0672741	-0.0275199	0.0585108
0.385526	0.00324964	0.52868	0.0663866	-0.0358336	0.0530381
0.385593	0.00321892	0.528736	0.0669216	-0.0306778	0.0554198
0.385655	0.00318436	0.528787	0.0625318	-0.0345107	0.0507225
0.38572	0.00314927	0.528842	0.0642583	-0.0350643	0.0553188
0.385784	0.00311744	0.5289	0.0638245	-0.0317951	0.0582372
0.385846	0.00308204	0.528954	0.0629162	-0.0354075	0.0542421
0.385913	0.00305476	0.529012	0.0661918	-0.0272527	0.0580726
0.385978	0.00301917	0.529065	0.0652981	-0.0355649	0.0525947
0.386044	0.00298872	0.52912	0.0658371	-0.030408	0.0549723
0.386105	0.00295443	0.52917	0.0614416	-0.0342391	0.0502718
0.386168	0.00291961	0.529225	0.0631701	-0.0347929	0.0548646
0.386231	0.00288806	0.529283	0.0627368	-0.0315233	0.0577804
0.386293	0.00285293	0.529337	0.061818	-0.0351342	0.053784
0.386358	0.00282593	0.529394	0.0650993	-0.0269757	0.0576111
0.386422	0.00279062	0.529446	0.0641994	-0.0352865	0.052128
0.386487	0.00276045	0.529501	0.0647424	-0.0301283	0.0545016
0.386547	0.00272644	0.52955	0.0603414	-0.0339577	0.049798
0.38661	0.0026919	0.529605	0.0620718	-0.0345119	0.0543872
0.386671	0.00266063	0.529662	0.0616391	-0.0312417	0.0573005
0.386732	0.00262579	0.529715	0.06071	-0.0348513	0.0533026
0.386796	0.00259907	0.529773	0.0639969	-0.0266891	0.0571263
0.386859	0.00256405	0.529824	0.063091	-0.0349984	0.0516381
0.386923	0.00253417	0.529878	0.063638	-0.0298391	0.0540077
0.386982	0.00250045	0.529927	0.0592316	-0.0336668	0.0493009
0.387043	0.00246621	0.529981	0.060964	-0.0342214	0.0538868
0.387103	0.00243523	0.530038	0.060532	-0.0309508	0.0567975
0.387163	0.00240068	0.530091	0.0595927	-0.034559	0.0527982
0.387226	0.00237425	0.530147	0.0628852	-0.0263932	0.0566186
0.387288	0.00233953	0.530199	0.0619733	-0.0347011	0.0511252
0.38735	0.00230995	0.530252	0.0625243	-0.0295407	0.0534908
0.387409	0.00227653	0.530301	0.0581126	-0.0333668	0.0487809
0.387468	0.00224259	0.530354	0.059847	-0.0339217	0.0533634
0.387528	0.00221191	0.53041	0.0594157	-0.0306507	0.0562716
0.387586	0.00217766	0.530463	0.0584664	-0.0342575	0.0522707
0.387648	0.00215154	0.530519	0.0617645	-0.0260882	0.0560879
0.387709	0.00211713	0.530569	0.0608468	-0.0343947	0.0505894
0.38777	0.00208786	0.530622	0.0614018	-0.0292333	0.0529511
0.387827	0.00205475	0.53067	0.0569849	-0.0330578	0.048238
0.387886	0.00202111	0.530723	0.0587212	-0.0336131	0.0528172
0.387944	0.00199074	0.530779	0.0582907	-0.0303417	0.055723
0.388002	0.0019568	0.530831	0.0573316	-0.0339472	0.0517204
0.388062	0.001931	0.530886	0.0606353	-0.0257744	0.0555344
0.388122	0.0018969	0.530936	0.0597119	-0.0340795	0.0500308
0.388182	0.00186794	0.530989	0.0602709	-0.0289171	0.0523887
0.388238	0.00183515	0.531036	0.0558489	-0.0327401	0.0476725
0.388296	0.00180183	0.531088	0.0575872	-0.0332958	0.0522484
0.388353	0.00177179	0.531144	0.0571574	-0.030024	0.0551517
0.388409	0.00173816	0.531195	0.0561887	-0.0336282	0.0511475
0.388469	0.00171269	0.53125	0.059498	-0.0254521	0.0549584
0.388527	0.0016789	0.531299	0.058569	-0.0337559	0.0494497
0.388587	0.00165028	0.531351	0.0591319	-0.0285925	0.0518039
0.388641	0.00161781	0.531398	0.054705	-0.0324139	0.0470845
0.388698	0.00158481	0.53145	0.0564453	-0.0329701	0.0516572
0.388754	0.0015551	0.531504	0.0560163	-0.029698	0.0545581
0.388809	0.0015218	0.531555	0.0550381	-0.0333008	0.0505522
0.388867	0.00149666	0.531609	0.0583529	-0.0251215	0.05436
0.388925	0.0014632	0.531658	0.0574185	-0.0334239	0.0488463
0.388983	0.00143492	0.531709	0.0579854	-0.0282596	0.0511968
0.389036	0.00140278	0.531756	0.0535536	-0.0320796	0.0464742
0.389091	0.00137011	0.531807	0.0552959	-0.0326363	0.0510437
0.389146	0.00134074	0.531861	0.0548678	-0.0293639	0.0539423
0.3892	0.00130777	0.53191	0.0538802	-0.0329653	0.0499346
0.389257	0.00128297	0.531964	0.0572005	-0.0247829	0.0537394
0.389314	0.00124985	0.532012	0.0562608	-0.033084	0.0482207
0.389371	0.00122191	0.532063	0.0568317	-0.0279188	0.0505676
0.389423	0.00119011	0.532109	0.052395	-0.0317374	0.0458419
0.389477	0.00115778	0.532159	0.0541394	-0.0322945	0.0504083
0.389531	0.00112876	0.532212	0.0537121	-0.0290219	0.0533045
0.389584	0.00109613	0.532262	0.0527154	-0.0326219	0.0492951
0.38964	0.00107169	0.532315	0.0560412	-0.0244365	0.0530969
0.389695	0.0010389	0.532362	0.0550962	-0.0327363	0.0475733
0.38975	0.00101132	0.532412	0.0556711	-0.0275702	0.0499166
0.389802	0.000979867	0.532457	0.0512297	-0.0313874	0.0451878
0.389855	0.000947882	0.532507	0.0529762	-0.0319451	0.0497512
0.389907	0.00091922	0.53256	0.0525498	-0.0286722	0.0526451
0.389959	0.000886936	0.532608	0.0515442	-0.0322709	0.0486338
0.390014	0.00086285	0.532661	0.0548754	-0.0240825	0.0524328
0.390068	0.000830403	0.532708	0.0539253	-0.0323811	0.0469043
0.390122	0.000803194	0.532757	0.054504	-0.0272142	0.0492441
0.390172	0.000772089	0.532801	0.0500581	-0.0310301	0.0445121
0.390224	0.000740455	0.532851	0.0518066	-0.0315883	0.0490726
0.390275	0.000712163	0.532902	0.0513812	-0.0283151	0.0519642
0.390326	0.000680228	0.53295	0.0503667	-0.0319125	0.047951
0.390379	0.000656512	0.533002	0.0537034	-0.0237212	0.0517473
0.390432	0.000624405	0.533048	0.0527482	-0.0320186	0.0462138
0.390486	0.000597579	0.533097	0.0533309	-0.0268509	0.0485503
0.390534	0.000566823	0.533141	0.0488805	-0.0306655	0.0438152
0.390585	0.000535542	0.533189	0.0506311	-0.0312243	0.0483727
0.390635	0.000507636	0.53324	0.0502066	-0.0279509	0.0512621
0.390684	0.000476051	0.533288	0.0491836	-0.0315469	0.0472471
0.390737	0.000452714	0.533339	0.0525255	-0.0233529	0.0510406
0.390789	0.000420936	0.533384	0.0515655	-0.031649	0.0455024
0.390841	0.000394513	0.533432	0.0521521	-0.0264806	0.0478355
0.390888	0.000364098	0.533475	0.0476973	-0.0302939	0.0430973
0.390938	0.000333167	0.533523	0.04945	-0.0308534	0.047652
0.390987	0.000305671	0.533573	0.0490264	-0.0275797	0.0505392
0.391035	0.000274424	0.53362	0.047995	-0.0311744	0.0465222
0.391086	0.000251477	0.53367	0.0513423	-0.0229777	0.0503131
0.391137	0.000219974	0.533715	0.0503774	-0.0312727	0.0447701
0.391188	0.000193994	0.533762	0.0509679	-0.0261035	0.0470999
0.391234	0.000163871	0.533804	0.0465089	-0.0299156	0.0423587
0.391282	0.000133256	0.533851	0.0482635	-0.0304757	0.0469106
0.39133	0.000106233	0.533901	0.047841	-0.0272018	0.0497957
0.391377	7.52605e-05	0.533947	0.0468013	-0.0307952	0.0457768
0.391427	5.26414e-05	0.533996	0.0501539	-0.0225959	0.049565
0.391476	2.09896e-05	0.53404	0.0491843	-0.0308898	0.0440173
0.391526	-4.56509e-06	0.534086	0.0497787	-0.0257199	0.046344
0.391572	-3.52956e-05	0.534128	0.0453154	-0.029531	0.0415997
0.391619	-6.60873e-05	0.534174	0.0470721	-0.0300917	0.0461488
0.391665	-9.27121e-05	0.534223	0.0466506	-0.0268176	0.0490318
0.391711	-0.00012508	0.534268	0.0456027	-0.0304099	0.0450108
0.39176	-0.000141706	0.534317	0.0489607	-0.0222071	0.0487968
0.391808	-0.000171817	0.53436	0.0479867	-0.0304997	0.0432446
0.391856	-0.000197985	0.534406	0.0485848	-0.0253296	0.0455681
0.391901	-0.000227	0.534447	0.0441176	-0.0291396	0.0408209
0.391946	-0.00025656	0.534492	0.0458763	-0.0297008	0.0453674
0.391992	-0.000283405	0.53454	0.0454559	-0.0264266	0.0482483
0.392036	-0.000313236	0.534584	0.0444003	-0.0300174	0.0442254
0.392084	-0.000335415	0.534632	0.0477631	-0.021813	0.0480087
0.392131	-0.000365307	0.534675	0.0467847	-0.0301045	0.0424518
0.392178	-0.000390546	0.53472	0.0473866	-0.0249333	0.0447724
0.392221	-0.000419226	0.53476	0.0429154	-0.0287421	0.0400222
0.392266	-0.000448463	0.534804	0.0446761	-0.029304	0.0445662
0.39231	-0.0004747	0.534852	0.0442566	-0.0260297	0.0474451
0.392353	-0.000504203	0.534895	0.0431934	-0.0296192	0.0434202
0.3924	-0.000525798	0.534942	0.0465614	-0.0214126	0.0472011
0.392446	-0.00055536	0.534984	0.0455786	-0.0297031	0.0416398
0.392492	-0.000580094	0.535028	0.0461843	-0.0245313	0.0439574
0.392533	-0.000608398	0.535067	0.0417092	-0.0283391	0.0392042
0.392577	-0.000637257	0.535111	0.0434719	-0.0289016	0.0437456
0.39262	-0.000663031	0.535157	0.0430536	-0.0256271	0.0466226
0.392662	-0.000692156	0.5352	0.0419828	-0.0292153	0.0425957
0.392707	-0.000713291	0.535246	0.0453558	-0.0210064	0.0463743
0.392752	-0.000742479	0.535287	0.0443689	-0.0292958	0.0408085
0.392797	-0.000766762	0.53533	0.0449782	-0.0241234	0.0431233
0.392837	-0.000794671	0.535369	0.0404994	-0.0279302	0.0383673
0.392879	-0.000823134	0.535411	0.0422641	-0.0284934	0.0429063
0.392921	-0.00084847	0.535457	0.0418468	-0.0252187	0.0457813
0.392962	-0.0008772	0.535499	0.0407688	-0.0288057	0.0417524
0.393006	-0.000897897	0.535545	0.0441468	-0.0205945	0.0455288
0.393049	-0.000926691	0.535584	0.0431557	-0.0288829	0.0399587
0.393093	-0.000950537	0.535627	0.0437687	-0.0237099	0.0422706
0.393132	-0.00097804	0.535664	0.0392862	-0.0275158	0.0375117
0.393174	-0.0010061	0.535706	0.0410529	-0.0280796	0.0420483
0.393214	-0.001031	0.535751	0.0406368	-0.0248047	0.0449215
0.393254	-0.00105932	0.535792	0.0395516	-0.0283905	0.0408907
0.393297	-0.00107959	0.535837	0.0429345	-0.0201772	0.0446648
0.393339	-0.00110798	0.535876	0.0419394	-0.0284646	0.0390905
0.393381	-0.00113139	0.535917	0.0425561	-0.0232911	0.0413997
0.393419	-0.00115848	0.535954	0.03807	-0.027096	0.036638
0.393459	-0.00118612	0.535995	0.0398386	-0.0276605	0.0411723
0.393499	-0.00121059	0.536039	0.0394236	-0.0243854	0.0440437
0.393537	-0.0012385	0.536079	0.0383316	-0.02797	0.0400108
0.393579	-0.00125833	0.536123	0.0417192	-0.0197546	0.0437829
0.393619	-0.00128631	0.536161	0.0407203	-0.0280411	0.0382043
0.393661	-0.00130928	0.536201	0.0413405	-0.022867	0.040511
0.393698	-0.00133595	0.536237	0.036851	-0.026671	0.0357465
0.393736	-0.00136317	0.536278	0.0386216	-0.0272362	0.0402786
0.393774	-0.00138721	0.536321	0.0382077	-0.0239609	0.0431482
0.393811	-0.0014147	0.53636	0.0371089	-0.0275443	0.0391134
0.393852	-0.00143409	0.536403	0.0405013	-0.0193269	0.0428834
0.393891	-0.00146164	0.53644	0.0394986	-0.0276125	0.0373007
0.393932	-0.00148418	0.53648	0.0401224	-0.0224378	0.0396048
0.393967	-0.00151042	0.536514	0.0356295	-0.026241	0.0348377
0.394005	-0.00153722	0.536554	0.037402	-0.0268068	0.0393676
0.394042	-0.00156082	0.536596	0.0369892	-0.0235314	0.0422355
0.394078	-0.00158788	0.536634	0.0358839	-0.0271136	0.0381987
0.394117	-0.00160684	0.536676	0.039281	-0.0188943	0.0419667
0.394155	-0.00163396	0.536712	0.0382747	-0.0271789	0.03638
0.394194	-0.00165606	0.536751	0.0389018	-0.0220037	0.0386817
0.394228	-0.00168187	0.536785	0.0344057	-0.0258061	0.0339119
0.394265	-0.00170823	0.536823	0.0361801	-0.0263725	0.0384397
0.3943	-0.00173139	0.536865	0.0357684	-0.023097	0.041306
0.394335	-0.00175802	0.536902	0.0346569	-0.0266779	0.0372671
0.394373	-0.00177654	0.536943	0.0380585	-0.0184568	0.0410333
0.39441	-0.00180322	0.536978	0.0370486	-0.0267406	0.0354427
0.394448	-0.00182488	0.537016	0.0376792	-0.0215648	0.037742
0.394481	-0.00185025	0.537049	0.03318	-0.0253665	0.0329696
0.394516	-0.00187617	0.537087	0.0349562	-0.0259335	0.0374954
0.394551	-0.00189889	0.537127	0.0345456	-0.0226578	0.0403601
0.394584	-0.00192508	0.537163	0.033428	-0.0262376	0.0363193
0.394621	-0.00194315	0.537203	0.036834	-0.0180147	0.0400836
0.394657	-0.00196939	0.537238	0.0358208	-0.0262976	0.0344892
0.394693	-0.0019906	0.537275	0.0364547	-0.0211213	0.0367862
0.394725	-0.00201553	0.537307	0.0319524	-0.0249223	0.0320112
0.394759	-0.00204101	0.537343	0.0337304	-0.0254899	0.0365351
0.394792	-0.00206328	0.537383	0.033321	-0.022214	0.0393983
0.394824	-0.00208902	0.537418	0.0321975	-0.0257926	0.0353555
0.39486	-0.00210665	0.537457	0.0356079	-0.017568	0.0391181
0.394894	-0.00213245	0.537491	0.0345914	-0.02585	0.03352
0.39493	-0.0021532	0.537526	0.0352286	-0.0206732	0.0358147
0.39496	-0.00217768	0.537557	0.0307234	-0.0244735	0.0310373
0.394993	-0.00220271	0.537593	0.0325031	-0.0250418	0.0355593
0.395025	-0.00222453	0.537631	0.0320949	-0.0217656	0.038421
0.395056	-0.00224983	0.537666	0.0309656	-0.0253431	0.0343763
0.39509	-0.002267	0.537704	0.0343804	-0.0171169	0.0381372
0.395124	-0.00229235	0.537736	0.0333606	-0.0253981	0.0325355
0.395158	-0.00231265	0.537771	0.0340011	-0.0202208	0.0348281
0.395187	-0.00233667	0.537801	0.029493	-0.0240205	0.0300482
0.395219	-0.00236125	0.537836	0.0312745	-0.0245893	0.0345684
0.395249	-0.00238262	0.537873	0.0308674	-0.0213129	0.0374287
0.395279	-0.00240746	0.537907	0.0297326	-0.0248893	0.0333821
0.395312	-0.00242417	0.537944	0.0331516	-0.0166615	0.0371414
0.395344	-0.00244907	0.537975	0.0321287	-0.0249419	0.0315361
0.395377	-0.00246891	0.538009	0.0327724	-0.0197641	0.0338267
0.395405	-0.00249248	0.538038	0.0282615	-0.0235632	0.0290445
0.395436	-0.0025166	0.538072	0.0300447	-0.0241326	0.033563
0.395465	-0.00253751	0.538108	0.0296388	-0.020856	0.0364219
0.395494	-0.00256189	0.538141	0.0284986	-0.0244312	0.0323734
0.395526	-0.00257814	0.538177	0.0319218	-0.0162019	0.0361311
0.395557	-0.00260258	0.538207	0.0308959	-0.0244815	0.0305225
0.395588	-0.00262195	0.53824	0.0315427	-0.0193032	0.0328111
0.395615	-0.00264506	0.538268	0.0270292	-0.0231017	0.0280266
0.395644	-0.00266872	0.538301	0.028814	-0.0236717	0.0325435
0.395672	-0.00268917	0.538336	0.0284092	-0.0203948	0.035401
0.3957	-0.00271309	0.538367	0.027264	-0.0239689	0.0313507
0.39573	-0.00272887	0.538402	0.0306911	-0.0157382	0.035107
0.39576	-0.00275284	0.538432	0.0296624	-0.0240171	0.029495
0.39579	-0.00277176	0.538464	0.0303122	-0.0188382	0.0317818
0.395816	-0.0027944	0.538491	0.0257961	-0.0226362	0.026995
0.395844	-0.00281759	0.538522	0.0275826	-0.0232067	0.0315103
0.395871	-0.00283757	0.538556	0.0271789	-0.0199295	0.0343666
0.395897	-0.00286103	0.538587	0.0260288	-0.0235026	0.0303145
0.395926	-0.00287634	0.538621	0.0294598	-0.0152705	0.0340693
0.395955	-0.00289985	0.538649	0.0284283	-0.0235486	0.0284542
0.395984	-0.00291829	0.53868	0.0290811	-0.0183692	0.0307392
0.396008	-0.00294046	0.538706	0.0245626	-0.0221667	0.0259502
0.396035	-0.00296319	0.538736	0.0263506	-0.0227377	0.030464
0.396061	-0.00298269	0.53877	0.025948	-0.0194602	0.0333192
0.396085	-0.00300568	0.538799	0.0247932	-0.0230322	0.0292652
0.396114	-0.00302052	0.538832	0.0282281	-0.0147988	0.0330187
0.396141	-0.00304355	0.538859	0.0271939	-0.0230762	0.0274005
0.396169	-0.00306152	0.538889	0.0278496	-0.0178963	0.0296838
0.396192	-0.00308322	0.538914	0.0233287	-0.0216933	0.0248927
0.396217	-0.00310547	0.538943	0.0251183	-0.0222648	0.0294052
0.396242	-0.0031245	0.538976	0.0247168	-0.018987	0.0322592
0.396266	-0.00314701	0.539004	0.0235574	-0.0225579	0.0282035
0.396293	-0.00316138	0.539036	0.026996	-0.0143232	0.0319557
0.396318	-0.00318393	0.539062	0.0259593	-0.0225999	0.0263345
0.396345	-0.00320142	0.539091	0.0266178	-0.0174195	0.0286162
0.396367	-0.00322264	0.539115	0.0220946	-0.0212161	0.0238231
0.396391	-0.00324442	0.539143	0.0238857	-0.021788	0.0283342
0.396415	-0.00326298	0.539174	0.0234854	-0.0185099	0.0311871
0.396437	-0.00328501	0.539201	0.0223217	-0.0220798	0.0271297
0.396463	-0.00329889	0.539232	0.0257639	-0.0138439	0.0308807
0.396487	-0.00332097	0.539257	0.0247248	-0.0221199	0.0252567
0.396513	-0.00333797	0.539285	0.0253859	-0.0169389	0.0275369
0.396534	-0.00335871	0.539308	0.0208606	-0.0207351	0.0227418
0.396556	-0.00338001	0.539335	0.0226531	-0.0213075	0.0272516
0.396579	-0.00339808	0.539365	0.0222539	-0.018029	0.0301036
0.3966	-0.00341963	0.539391	0.0210861	-0.0215978	0.0260445
0.396624	-0.00343303	0.539421	0.0245318	-0.0133608	0.0297944
0.396648	-0.00345462	0.539445	0.0234903	-0.0216361	0.0241676
0.396672	-0.00347114	0.539471	0.0241542	-0.0164546	0.0264463
0.396691	-0.0034914	0.539493	0.0196268	-0.0202504	0.0216493
0.396713	-0.00351221	0.539519	0.0214207	-0.0208232	0.026158
0.396734	-0.0035298	0.539548	0.0210225	-0.0175443	0.029009
0.396754	-0.00355086	0.539573	0.0198509	-0.0211121	0.0249483
0.396777	-0.00356377	0.539602	0.0232999	-0.012874	0.0286971
0.396799	-0.00358488	0.539625	0.0222562	-0.0211486	0.0230677
0.396822	-0.00360091	0.53965	0.0229226	-0.0159665	0.0253451
0.396841	-0.00362068	0.539671	0.0183933	-0.019762	0.0205463
0.396861	-0.003641	0.539696	0.0201885	-0.0203351	0.0250539
0.396881	-0.0036581	0.539724	0.0197914	-0.0170558	0.027904
0.396899	-0.00367867	0.539748	0.0186161	-0.0206227	0.0238416
0.396921	-0.00369109	0.539775	0.0220684	-0.0123835	0.0275895
0.396942	-0.00371171	0.539797	0.0210226	-0.0206575	0.0219576
0.396964	-0.00372724	0.539821	0.0216915	-0.0154748	0.0242337
0.396981	-0.00374652	0.539841	0.0171602	-0.01927	0.0194332
0.397	-0.00376635	0.539865	0.0189567	-0.0198435	0.0239397
0.397019	-0.00378295	0.539891	0.0185607	-0.0165637	0.026789
0.397036	-0.00380303	0.539914	0.0173819	-0.0201296	0.0227251
0.397057	-0.00381496	0.539941	0.0208374	-0.0118894	0.026472
0.397077	-0.00383508	0.539962	0.0197895	-0.0201628	0.0208378
0.397097	-0.00385012	0.539985	0.0204608	-0.0149795	0.0231127
0.397113	-0.0038689	0.540003	0.0159278	-0.0187743	0.0183105
0.397131	-0.00388824	0.540026	0.0177255	-0.0193481	0.0228161
0.397148	-0.00390434	0.540051	0.0173305	-0.0160679	0.0256646
0.397164	-0.00392393	0.540073	0.0161485	-0.0196328	0.0215993
0.397184	-0.00393535	0.540098	0.019607	-0.0113917	0.0253453
0.397202	-0.00395497	0.540118	0.0185572	-0.0196644	0.0197088
0.397222	-0.00396952	0.54014	0.0192308	-0.0144806	0.0219826
0.397236	-0.0039878	0.540157	0.0146961	-0.0182751	0.0171789
0.397253	-0.00400663	0.540179	0.016495	-0.0188492	0.0216836
0.397269	-0.00402224	0.540203	0.0161011	-0.0155684	0.0245314
0.397284	-0.00404132	0.540224	0.0149159	-0.0191324	0.0204646
0.397302	-0.00405225	0.540248	0.0183774	-0.0108903	0.0242098
0.39732	-0.00407137	0.540267	0.0173258	-0.0191625	0.0185712
0.397338	-0.0040854	0.540287	0.0180016	-0.013978	0.020844
0.397351	-0.00410318	0.540304	0.0134653	-0.0177724	0.0160388
0.397366	-0.00412151	0.540324	0.0152653	-0.0183466	0.0205427
0.397381	-0.00413662	0.540347	0.0148724	-0.0150653	0.0233898
0.397395	-0.00415519	0.540367	0.0136844	-0.0186283	0.0193217
0.397412	-0.00416561	0.54039	0.0171487	-0.0103854	0.0230661
0.397428	-0.00418423	0.540407	0.0160953	-0.018657	0.0174256
0.397445	-0.00419776	0.540427	0.0167733	-0.0134719	0.0196974
0.397457	-0.00421503	0.540442	0.0122355	-0.017266	0.0148908
0.397471	-0.00423286	0.540461	0.0140366	-0.0178404	0.019394
0.397485	-0.00424745	0.540483	0.0136447	-0.0145586	0.0222405
0.397497	-0.00426552	0.540502	0.012454	-0.0181206	0.018171
0.397513	-0.00427543	0.540524	0.0159209	-0.00987698	0.0219148
0.397528	-0.00429354	0.54054	0.014866	-0.018148	0.0162724
0.397544	-0.00430656	0.540558	0.0155461	-0.0129622	0.0185434
0.397555	-0.00432332	0.540572	0.0110068	-0.0167561	0.0137355
0.397567	-0.00434063	0.54059	0.0128089	-0.0173307	0.018238
0.39758	-0.00435472	0.540611	0.012418	-0.0140482	0.021084
0.397591	-0.00437228	0.540628	0.0112248	-0.0176093	0.0170132
0.397606	-0.00438167	0.540649	0.0146943	-0.00936494	0.0207564
0.397619	-0.00439927	0.540664	0.0136379	-0.0176353	0.0151123
0.397634	-0.00441177	0.540682	0.0143199	-0.0124489	0.0173825
0.397644	-0.00442802	0.540694	0.0097794	-0.0162427	0.0125733
0.397655	-0.00444482	0.540711	0.0115824	-0.0168173	0.0170752
0.397666	-0.00445839	0.540731	0.0111924	-0.0135341	0.0199208
0.397676	-0.00447543	0.540747	0.00999704	-0.0170944	0.0158488
0.39769	-0.00448431	0.540767	0.013469	-0.00884931	0.0195914
0.397702	-0.00450139	0.540781	0.0124111	-0.0171191	0.0139457
0.397715	-0.00451338	0.540797	0.0130951	-0.011932	0.0162152
0.397724	-0.00452911	0.540808	0.00855329	-0.0157256	0.0114049
0.397734	-0.0045454	0.540824	0.0103571	-0.0163003	0.0159064
0.397744	-0.00455845	0.540843	0.00996813	-0.0130165	0.0187515
0.397753	-0.00457497	0.540858	0.00877072	-0.0165758	0.0146784
0.397765	-0.00458333	0.540876	0.012245	-0.00833009	0.0184205
0.397776	-0.00459989	0.540889	0.0111858	-0.0165994	0.0127733
0.397788	-0.00461135	0.540904	0.0118715	-0.0114115	0.0150422
0.397796	-0.00462656	0.540914	0.00732863	-0.015205	0.0102309
0.397805	-0.00464233	0.540929	0.0091333	-0.0157797	0.0147319
0.397813	-0.00465486	0.540946	0.00874521	-0.0124951	0.0175767
0.397821	-0.00467086	0.54096	0.00754597	-0.0160536	0.0135024
0.397832	-0.0046787	0.540977	0.0110224	-0.00780726	0.0172441
0.397842	-0.00469473	0.540989	0.00996198	-0.016076	0.0115956
0.397853	-0.00470567	0.541003	0.0106494	-0.0108874	0.013864
0.397859	-0.00472036	0.541012	0.00610551	-0.0146808	0.0090517
0.397867	-0.0047356	0.541025	0.00791095	-0.0152554	0.0135523
0.397874	-0.0047476	0.541042	0.00752376	-0.0119701	0.0163969
0.39788	-0.00476308	0.541054	0.00632289	-0.0155277	0.0123216
0.39789	-0.00477039	0.54107	0.00980138	-0.0072808	0.0160629
0.397899	-0.00478589	0.54108	0.00873985	-0.015549	0.0104132
0.397908	-0.00479631	0.541093	0.00942892	-0.0103597	0.0126812
0.397913	-0.00481046	0.541101	0.00488405	-0.014153	0.00786797
0.39792	-0.00482518	0.541113	0.00669017	-0.0147275	0.0123683
0.397926	-0.00483665	0.541128	0.00630387	-0.0114413	0.0152126
0.397931	-0.0048516	0.54114	0.00510159	-0.0149981	0.0111364
0.39794	-0.00485838	0.541154	0.008582	-0.00675068	0.0148774
0.397948	-0.00487335	0.541164	0.00751947	-0.0150183	0.00922666
0.397956	-0.00488323	0.541175	0.00821005	-0.00982824	0.0114942
0.397959	-0.00489686	0.541182	0.00366432	-0.0136215	0.00668025
0.397965	-0.00491104	0.541193	0.00547108	-0.0141959	0.0111804
0.39797	-0.00492198	0.541207	0.00508564	-0.0109088	0.0140245
0.397974	-0.00493639	0.541217	0.00388215	-0.0144648	0.00994739
0.397981	-0.00494264	0.541231	0.00736436	-0.00621688	0.0136882
0.397987	-0.00495708	0.541239	0.00630093	-0.014484	0.0080365
0.397994	-0.00496642	0.541249	0.00699292	-0.00929311	0.0103038
0.397997	-0.00497951	0.541255	0.00244644	-0.0130863	0.00548911
0.398001	-0.00499316	0.541264	0.00425376	-0.0136605	0.00998911
0.398005	-0.00500356	0.541277	0.00386916	-0.0103726	0.0128332
0.398008	-0.00501744	0.541286	0.00266467	-0.0139277	0.00875517
0.398014	-0.00502315	0.541299	0.00614855	-0.00567936	0.0124957
0.398019	-0.00503705	0.541305	0.00508432	-0.0139459	0.00684332
0.398025	-0.00504585	0.541315	0.00577763	-0.00875423	0.00911043
0.398026	-0.0050584	0.541319	0.00123048	-0.0125474	0.00429512
0.398029	-0.00507151	0.541328	0.00303831	-0.0131213	0.00879505
0.398032	-0.00508137	0.541339	0.00265452	-0.00983248	0.0116391
0.398033	-0.00509471	0.541347	0.00144924	-0.0133868	0.0075603
0.398038	-0.00509987	0.541358	0.00493465	-0.00513808	0.0113007
0.398042	-0.00511324	0.541364	0.00386973	-0.0134041	0.00564767
0.398046	-0.0051215	0.541372	0.00456426	-0.00821159	0.00791467
0.398046	-0.00513351	0.541375	1.65385e-05	-0.0120047	0.00309883
0.398048	-0.00514607	0.541382	0.00182481	-0.0125784	0.00759878
0.39805	-0.00515539	0.541393	0.00144182	-0.00928855	0.0104428
0.39805	-0.00516818	0.541399	0.000235954	-0.0128421	0.00636333
0.398054	-0.0051728	0.541409	0.00372277	-0.00459301	0.0101037
0.398056	-0.00518561	0.541414	0.00265725	-0.0128585	0.00445013
0.39806	-0.00519333	0.54142	0.0033529	-0.00766513	0.0067171
0.398059	-0.00520479	0.541422	-0.0011953	-0.0114583	0.00190083
0.398059	-0.00521681	0.541429	0.000613355	-0.0120316	0.00640085
0.398059	-0.00522558	0.541438	0.000231135	-0.00874073	0.00924496
0.398058	-0.00523782	0.541443	-0.000975107	-0.0122935	0.00516484
0.398061	-0.00524189	0.541452	0.00251298	-0.0040441	0.0089052
0.398062	-0.00525416	0.541455	0.00144697	-0.0123091	0.00325127
0.398064	-0.00526132	0.541461	0.00214365	-0.00711482	0.00551828
0.398062	-0.00527223	0.541462	-0.00240494	-0.010908	0.000701668
0.398061	-0.0052837	0.541467	-0.000595972	-0.0114809	0.00520184
0.398061	-0.00529191	0.541475	-0.000977444	-0.00818899	0.00804609
0.398058	-0.0053036	0.541479	-0.00218385	-0.011741	0.0039654
0.39806	-0.00530712	0.541486	0.00130537	-0.00349132	0.00770581
0.39806	-0.00531884	0.541488	0.000238973	-0.0117558	0.00205164
0.398061	-0.00532544	0.541493	0.000936579	-0.00656062	0.00431878
0.398057	-0.0053358	0.541492	-0.0036123	-0.0103538	-0.000498079
0.398055	-0.00534671	0.541496	-0.00180308	-0.0109263	0.00400232
0.398053	-0.00535437	0.541503	-0.00218383	-0.00763327	0.00684678
0.39805	-0.00536551	0.541506	-0.0033902	-0.0111845	0.00276557
0.39805	-0.00536847	0.541512	0.000100035	-0.00293463	0.00650608
0.398049	-0.00537962	0.541513	-0.000966651	-0.0111986	0.000851826
0.398049	-0.00538567	0.541516	-0.000268217	-0.00600247	0.00311917
0.398044	-0.00539547	0.541515	-0.00481729	-0.00979573	-0.00169785
0.398041	-0.00540582	0.541517	-0.00300789	-0.0103677	0.00280284
0.398037	-0.00541293	0.541523	-0.00338794	-0.00707354	0.00564757
0.398033	-0.0054235	0.541525	-0.00459406	-0.010624	0.00156592
0.398032	-0.0054259	0.54153	-0.00110295	-0.00237397	0.00530659
0.39803	-0.00543649	0.54153	-0.00216982	-0.0106374	-0.000347615
0.398028	-0.00544198	0.541532	-0.00147065	-0.00544035	0.00192002
0.398022	-0.00545122	0.541529	-0.00601983	-0.00923368	-0.00289707
0.398018	-0.00546101	0.54153	-0.00421031	-0.00980506	0.00160399
0.398013	-0.00546755	0.541535	-0.00458968	-0.00650975	0.00444904
0.398008	-0.00547755	0.541535	-0.00579534	-0.0100595	0.000367012
0.398005	-0.00547939	0.541539	-0.00230349	-0.00180931	0.0041079
0.398002	-0.00548942	0.541538	-0.00337044	-0.0100722	-0.00154612
0.397999	-0.00549434	0.541538	-0.00267064	-0.0048742	0.000721879
0.397992	-0.00550301	0.541534	-0.00721983	-0.00866762	-0.00409518
0.397987	-0.00551223	0.541535	-0.00541025	-0.00923838	0.000406313
0.397981	-0.0055182	0.541538	-0.00578897	-0.00594185	0.00325175
0.397974	-0.00552764	0.541537	-0.00699397	-0.00949088	-0.000830585
0.39797	-0.00552891	0.54154	-0.00350151	-0.0012406	0.00291058
0.397966	-0.00553837	0.541537	-0.00456843	-0.00950299	-0.00274312
0.397962	-0.00554272	0.541537	-0.0038681	-0.00430398	-0.000474674
0.397953	-0.00555082	0.541532	-0.00841721	-0.0080975	-0.00529162
0.397947	-0.00555947	0.541531	-0.00660762	-0.0086676	-0.000789617
0.39794	-0.00556487	0.541533	-0.00698571	-0.00536981	0.00205626
0.397932	-0.00557374	0.541531	-0.00818984	-0.00891814	-0.00202631
0.397927	-0.00557443	0.541532	-0.00469691	-0.000667797	0.00171519
0.397921	-0.00558332	0.541529	-0.00576369	-0.00892968	-0.00393805
0.397916	-0.00558709	0.541527	-0.00506294	-0.00372965	-0.00166908
0.397906	-0.00559462	0.54152	-0.00961187	-0.00752328	-0.00648582
0.397899	-0.0056027	0.541518	-0.00780235	-0.00809267	-0.00198324
0.39789	-0.00560752	0.541519	-0.00817983	-0.00479358	0.000863146
0.397881	-0.00561581	0.541516	-0.00938288	-0.00834122	-0.0032196
0.397875	-0.00561592	0.541517	-0.0058896	-9.08611e-05	0.000522292
0.397868	-0.00562423	0.541511	-0.00695615	-0.00835224	-0.00513036
0.397862	-0.00562743	0.541509	-0.00625507	-0.00315116	-0.00286079
0.397851	-0.00563438	0.541501	-0.0108037	-0.00694493	-0.00767722
0.397842	-0.00564188	0.541498	-0.00899433	-0.00751354	-0.003174
0.397833	-0.00564612	0.541497	-0.00937123	-0.00421312	-0.000327045
0.397822	-0.00565382	0.541493	-0.010573	-0.00776009	-0.0044099
0.397815	-0.00565336	0.541492	-0.0070795	0.000490249	-0.000667558
0.397807	-0.00566109	0.541486	-0.0081457	-0.00777062	-0.00631948
0.3978	-0.0056637	0.541482	-0.00744439	-0.00256848	-0.00404922
0.397788	-0.00567007	0.541473	-0.0119927	-0.0063624	-0.00886527
0.397777	-0.00567698	0.541469	-0.0101835	-0.00693019	-0.00436133
0.397767	-0.00568064	0.541467	-0.0105598	-0.00362839	-0.00151375
0.397755	-0.00568776	0.541462	-0.0117601	-0.00717471	-0.00559664
0.397747	-0.00568671	0.54146	-0.00826652	0.00107557	-0.0018538
0.397738	-0.00569385	0.541452	-0.00933226	-0.0071848	-0.00750486
0.397729	-0.00569588	0.541447	-0.00863082	-0.00198157	-0.00523384
0.397716	-0.00570166	0.541437	-0.0131786	-0.00577566	-0.0100494
0.397704	-0.00570799	0.541431	-0.0113697	-0.00634256	-0.00554468
0.397693	-0.00571105	0.541429	-0.0117455	-0.00303936	-0.00269642
0.39768	-0.00571759	0.541422	-0.012944	-0.00658504	-0.00677928
0.39767	-0.00571594	0.541419	-0.00945054	0.00166514	-0.00303588
0.39766	-0.0057225	0.54141	-0.0105157	-0.00659473	-0.00868594
0.39765	-0.00572394	0.541404	-0.00981425	-0.0013904	-0.00641408
0.397636	-0.00572912	0.541393	-0.0143615	-0.00518466	-0.0112291
0.397623	-0.00573486	0.541386	-0.0125529	-0.00575064	-0.00672349
0.39761	-0.00573733	0.541382	-0.0129282	-0.00244599	-0.00387449
0.397596	-0.00574327	0.541374	-0.0141248	-0.00599105	-0.00795726
0.397585	-0.00574104	0.54137	-0.0106315	0.00225899	-0.00421325
0.397574	-0.005747	0.54136	-0.011696	-0.00600038	-0.00986217
0.397563	-0.00574784	0.541352	-0.0109946	-0.000794928	-0.0075894
0.397547	-0.00575243	0.54134	-0.0155412	-0.00458939	-0.0124037
0.397533	-0.00575757	0.541332	-0.0137329	-0.00515439	-0.00789722
0.397519	-0.00575944	0.541327	-0.0141077	-0.00184825	-0.00504741
0.397504	-0.00576479	0.541318	-0.0153023	-0.00539271	-0.00913003
0.397492	-0.00576195	0.541312	-0.0118093	0.00285715	-0.00538535
0.397479	-0.00576731	0.541301	-0.012873	-0.00540173	-0.011033
0.397467	-0.00576755	0.541293	-0.0121718	-0.00019513	-0.00875923
0.39745	-0.00577155	0.541279	-0.0167176	-0.00398981	-0.0135728
0.397435	-0.00577609	0.54127	-0.0149097	-0.00455377	-0.00906531
0.39742	-0.00577736	0.541264	-0.0152841	-0.00124612	-0.00621464
0.397404	-0.0057821	0.541253	-0.0164763	-0.00478999	-0.010297
0.397391	-0.00577866	0.541247	-0.0129837	0.00345964	-0.00655163
0.397377	-0.00578342	0.541235	-0.0140466	-0.00479874	-0.0121979
0.397363	-0.00578306	0.541225	-0.0133456	0.000409016	-0.00992305
0.397345	-0.00578645	0.54121	-0.0178906	-0.00338589	-0.0147358
0.397329	-0.00579038	0.5412	-0.0160832	-0.00394878	-0.0102272
0.397313	-0.00579105	0.541192	-0.0164571	-0.000639575	-0.00737564
0.397295	-0.00579518	0.541181	-0.0176468	-0.00418288	-0.0114578
0.397281	-0.00579114	0.541173	-0.0141548	0.00406648	-0.00771156
0.397266	-0.00579529	0.54116	-0.0152167	-0.00419141	-0.0133563
0.397251	-0.00579432	0.541149	-0.0145161	0.00101753	-0.0110803
0.397232	-0.0057971	0.541133	-0.0190601	-0.00277763	-0.0158921
0.397215	-0.00580042	0.541122	-0.0172533	-0.00333938	-0.0113824
0.397197	-0.00580048	0.541113	-0.0176268	-2.85954e-05	-0.00852985
0.397179	-0.005804	0.5411	-0.0188137	-0.00357135	-0.0126116
0.397163	-0.00579934	0.541092	-0.0153224	0.0046777	-0.00886459
0.397147	-0.00580288	0.541077	-0.0163832	-0.00357971	-0.0145077
0.397131	-0.0058013	0.541065	-0.015683	0.00163042	-0.0122304
0.397111	-0.00580347	0.541048	-0.020226	-0.002165	-0.0170413
0.397093	-0.00580618	0.541035	-0.0184198	-0.00272558	-0.0125304
0.397074	-0.00580562	0.541026	-0.0187928	0.000586829	-0.00967674
0.397054	-0.00580852	0.541012	-0.0199768	-0.0029554	-0.0137581
0.397037	-0.00580325	0.541002	-0.0164864	0.0052933	-0.0100102
0.39702	-0.00580618	0.540986	-0.0175459	-0.00296363	-0.0156515
0.397003	-0.00580398	0.540973	-0.0168463	0.00224771	-0.013373
0.396982	-0.00580553	0.540955	-0.0213881	-0.001548	-0.0181827
0.396962	-0.00580762	0.540941	-0.0195826	-0.00210735	-0.0136705
0.396942	-0.00580644	0.54093	-0.0199553	0.0012067	-0.0108158
0.396921	-0.00580873	0.540915	-0.0211361	-0.00233501	-0.0148967
0.396903	-0.00580284	0.540904	-0.0176466	0.00591328	-0.0111478
0.396885	-0.00580514	0.540887	-0.0187048	-0.00234317	-0.0167872
0.396867	-0.00580232	0.540873	-0.0180058	0.00286939	-0.0145073
0.396844	-0.00580325	0.540853	-0.0225464	-0.000926625	-0.0193159
0.396823	-0.00580472	0.540839	-0.0207416	-0.0014847	-0.0148023
0.396802	-0.00580292	0.540827	-0.0211139	0.00183103	-0.0119465
0.39678	-0.00580458	0.540811	-0.0222914	-0.0017102	-0.0160268
0.396761	-0.00579806	0.540798	-0.018803	0.00653765	-0.012277
0.396741	-0.00579974	0.54078	-0.0198597	-0.00171834	-0.0179143
0.396722	-0.00579629	0.540765	-0.0191615	0.00349546	-0.0156329
0.396698	-0.0057966	0.540744	-0.0237008	-0.000300879	-0.0204403
0.396676	-0.00579744	0.540728	-0.0218966	-0.000857639	-0.0159253
0.396654	-0.00579501	0.540715	-0.0222686	0.00245979	-0.0130682
0.396631	-0.00579604	0.540698	-0.0234425	-0.00108097	-0.017148
0.396611	-0.0057889	0.540685	-0.0199554	0.00716639	-0.0133971
0.39659	-0.00578995	0.540666	-0.0210106	-0.00108913	-0.0190323
0.396569	-0.00578587	0.540649	-0.0203132	0.00412592	-0.0167494
0.396545	-0.00578555	0.540627	-0.024851	0.000329229	-0.0215553
0.396522	-0.00578576	0.54061	-0.0230477	-0.000226169	-0.0170389
0.396498	-0.00578269	0.540596	-0.0234193	0.00309299	-0.0141805
0.396474	-0.00578309	0.540578	-0.0245894	-0.000447326	-0.0182597
0.396452	-0.00577532	0.540563	-0.0211037	0.0077995	-0.0145077
0.39643	-0.00577574	0.540543	-0.0221571	-0.000455566	-0.0201406
0.396409	-0.00577102	0.540525	-0.0214607	0.00476073	-0.0178561
0.396383	-0.00577006	0.540503	-0.0259969	0.000963681	-0.0226606
0.396359	-0.00576964	0.540485	-0.0241945	0.000409688	-0.0181426
0.396334	-0.00576593	0.540469	-0.0245659	0.00373059	-0.0152829
0.396308	-0.0057657	0.54045	-0.025732	0.000190705	-0.0193614
0.396286	-0.00575728	0.540434	-0.0222477	0.00843695	-0.0156082
0.396263	-0.00575706	0.540413	-0.0232994	0.000182329	-0.0212388
0.39624	-0.00575171	0.540394	-0.0226039	0.00539989	-0.0189525
0.396213	-0.00575011	0.54037	-0.0271385	0.00160245	-0.0237556
0.396188	-0.00574905	0.540351	-0.025337	0.00104991	-0.019236
0.396162	-0.0057447	0.540335	-0.0257081	0.00437258	-0.0163749
0.396135	-0.00574382	0.540314	-0.02687	0.000833094	-0.0204526
0.396112	-0.00573477	0.540298	-0.0233873	0.0090787	-0.0166982
0.396087	-0.00573391	0.540275	-0.0244371	0.000824526	-0.0223262
0.396064	-0.00572791	0.540255	-0.0237427	0.00604336	-0.0200382
0.396035	-0.00572567	0.54023	-0.0282756	0.00224551	-0.0248397
0.396009	-0.00572397	0.54021	-0.026475	0.00169445	-0.0203184
0.395982	-0.00571897	0.540193	-0.0268458	0.00501891	-0.0174558
0.395954	-0.00571745	0.540171	-0.0280034	0.0014798	-0.0215328
0.39593	-0.00570775	0.540153	-0.0245224	0.00972474	-0.0177771
0.395904	-0.00570624	0.54013	-0.0255701	0.00147099	-0.0234025
0.395879	-0.00569959	0.540109	-0.024877	0.0066911	-0.0211126
0.39585	-0.00569671	0.540083	-0.029408	0.00289281	-0.0259124
0.395822	-0.00569435	0.540062	-0.0276084	0.00234328	-0.0213894
0.395794	-0.00568871	0.540043	-0.027979	0.00566955	-0.0185254
0.395765	-0.00568653	0.54002	-0.0291319	0.00213079	-0.0226015
0.395739	-0.00567618	0.540002	-0.0256527	0.010375	-0.0188444
0.395713	-0.00567403	0.539977	-0.0266983	0.00212167	-0.0244671
0.395687	-0.00566673	0.539955	-0.0260065	0.00734306	-0.0221753
0.395656	-0.00566319	0.539928	-0.0305355	0.00354431	-0.0269734
0.395627	-0.00566018	0.539906	-0.028737	0.00299634	-0.0224486
0.395598	-0.00565389	0.539886	-0.0291073	0.00632444	-0.0195829
0.395568	-0.00565105	0.539862	-0.0302555	0.00278601	-0.0236582
0.395541	-0.00564005	0.539842	-0.0267783	0.0110294	-0.0198997
0.395513	-0.00563724	0.539817	-0.0278215	0.00277651	-0.0255196
0.395486	-0.00562929	0.539794	-0.0271311	0.00799919	-0.0232257
0.395455	-0.00562509	0.539766	-0.0316581	0.00419995	-0.028022
0.395425	-0.00562143	0.539742	-0.0298606	0.00365358	-0.0234953
0.395395	-0.00561447	0.539721	-0.0302307	0.00698351	-0.0206281
0.395363	-0.00561098	0.539697	-0.0313739	0.00344538	-0.0247024
0.395335	-0.00559932	0.539676	-0.0278987	0.011688	-0.0209425
0.395306	-0.00559585	0.539649	-0.0289396	0.00343544	-0.0265594
0.395278	-0.00558724	0.539625	-0.0282506	0.00865941	-0.0242634
0.395245	-0.00558238	0.539596	-0.0327755	0.00485967	-0.0290579
0.395214	-0.00557806	0.539571	-0.0309791	0.00431492	-0.0245292
0.395183	-0.00557044	0.53955	-0.031349	0.0076467	-0.0216603
0.395151	-0.00556629	0.539524	-0.032487	0.00410884	-0.0257336
0.395122	-0.00555396	0.539502	-0.029014	0.0123506	-0.0219722
0.395091	-0.00554983	0.539474	-0.0300524	0.00409841	-0.027586
0.395062	-0.00554055	0.539449	-0.029365	0.00932365	-0.025288
0.395028	-0.00553504	0.539419	-0.0338875	0.00552337	-0.0300805
0.394996	-0.00553005	0.539394	-0.0320923	0.00498029	-0.0255498
0.394964	-0.00552176	0.539371	-0.0324621	0.00831392	-0.0226791
0.39493	-0.00551694	0.539344	-0.0335946	0.00477632	-0.0267515
0.3949	-0.00550395	0.539321	-0.0301239	0.0130171	-0.0229885
0.394869	-0.00549915	0.539292	-0.0311596	0.00476531	-0.0285991
0.394838	-0.0054892	0.539266	-0.0304739	0.00999184	-0.0262988
0.394803	-0.00548302	0.539235	-0.034994	0.00619099	-0.0310893
0.39477	-0.00547736	0.539209	-0.0332	0.0056496	-0.0265565
0.394737	-0.00546841	0.539185	-0.0335696	0.0089851	-0.0236841
0.394702	-0.00546291	0.539157	-0.0346965	0.00544771	-0.0277554
0.394671	-0.00544925	0.539133	-0.0312283	0.0136875	-0.0239908
0.394638	-0.00544378	0.539103	-0.0322612	0.00543606	-0.0295982
0.394607	-0.00543317	0.539076	-0.0315772	0.0106639	-0.0272955
0.394571	-0.00542631	0.539044	-0.0360948	0.00686242	-0.032084
0.394536	-0.00541998	0.539017	-0.0343021	0.00632275	-0.027549
0.394502	-0.00541035	0.538992	-0.0346715	0.00966012	-0.0246748
0.394466	-0.00540418	0.538963	-0.0357926	0.00612292	-0.028745
0.394434	-0.00538985	0.538938	-0.0323269	0.0143617	-0.0249787
0.3944	-0.00538371	0.538908	-0.0333569	0.00611056	-0.0305827
0.394368	-0.00537241	0.538879	-0.0326747	0.0113396	-0.0282777
0.394331	-0.00536489	0.538846	-0.0371898	0.00753756	-0.033064
0.394295	-0.00535788	0.538818	-0.0353983	0.00699964	-0.0285268
0.394259	-0.00534757	0.538792	-0.0357675	0.0103389	-0.0256507
0.394222	-0.00534072	0.538762	-0.0368826	0.00680184	-0.0297197
0.394189	-0.00532571	0.538736	-0.0334196	0.0150395	-0.0259518
0.394155	-0.00531889	0.538705	-0.0344465	0.00678869	-0.0315523
0.394121	-0.00530692	0.538676	-0.0337662	0.012019	-0.0292448
0.394083	-0.00529871	0.538641	-0.0382786	0.0082163	-0.0340289
0.394046	-0.00529102	0.538612	-0.0364884	0.00768015	-0.0294895
0.394009	-0.00528003	0.538585	-0.0368575	0.0110213	-0.0266113
0.393971	-0.00527251	0.538555	-0.0379664	0.00748434	-0.0306793
0.393937	-0.00525681	0.538528	-0.0345061	0.0157208	-0.0269095
0.393901	-0.00524931	0.538495	-0.0355299	0.00747033	-0.0325065
0.393866	-0.00523666	0.538465	-0.0348515	0.0127019	-0.0301965
0.393827	-0.00522777	0.53843	-0.0393611	0.0088985	-0.0349783
0.39379	-0.0052194	0.5384	-0.0375722	0.00836414	-0.0304365
0.393752	-0.00520772	0.538372	-0.0379413	0.0117071	-0.0275564
0.393713	-0.00519951	0.53834	-0.0390437	0.0081703	-0.0316232
0.393677	-0.00518313	0.538313	-0.0355863	0.0164056	-0.0278516
0.39364	-0.00517494	0.538279	-0.0366068	0.00815535	-0.0334449
0.393604	-0.0051616	0.538248	-0.0359305	0.0133882	-0.0311323
0.393564	-0.00515203	0.538212	-0.0404371	0.00958403	-0.0359118
0.393525	-0.00514297	0.538181	-0.0386496	0.00905149	-0.0313676
0.393486	-0.00513061	0.538152	-0.0390185	0.0123963	-0.0284854
0.393446	-0.00512171	0.53812	-0.0401144	0.00885958	-0.032551
0.39341	-0.00510464	0.538091	-0.0366599	0.0170936	-0.0287775
0.393372	-0.00509577	0.538057	-0.037677	0.0088436	-0.0343671
0.393335	-0.00508174	0.538024	-0.0370028	0.0140776	-0.0320517
0.393293	-0.00507148	0.537988	-0.0415064	0.0102727	-0.0368289
0.393254	-0.00506173	0.537955	-0.0397203	0.00974204	-0.0322822
0.393214	-0.00504867	0.537926	-0.0400891	0.0130887	-0.0293979
0.393172	-0.00503908	0.537892	-0.0411782	0.00955201	-0.0334623
0.393135	-0.00502132	0.537863	-0.0377267	0.0177847	-0.0296868
0.393096	-0.00501176	0.537828	-0.0387402	0.00953492	-0.0352726
0.393058	-0.00499704	0.537795	-0.0380682	0.0147702	-0.0329545
0.393015	-0.00498608	0.537757	-0.0425688	0.0109645	-0.0377292
0.392975	-0.00497564	0.537724	-0.040784	0.0104356	-0.03318
0.392933	-0.00496189	0.537693	-0.0411527	0.0137842	-0.0302935
0.392891	-0.0049516	0.537659	-0.0422348	0.0102474	-0.0343566
0.392852	-0.00493315	0.537628	-0.0387865	0.0184787	-0.0305792
0.392813	-0.00492289	0.537592	-0.0397964	0.0102292	-0.036161
0.392774	-0.00490748	0.537558	-0.0391267	0.0154656	-0.0338401
0.39273	-0.00489583	0.53752	-0.0436239	0.0116591	-0.0386124
0.392688	-0.00488469	0.537486	-0.0418406	0.0111321	-0.0340606
0.392646	-0.00487024	0.537455	-0.0422092	0.0144825	-0.0311718
0.392603	-0.00485926	0.537419	-0.0432841	0.0109457	-0.0352337
0.392563	-0.00484011	0.537388	-0.0398391	0.0191755	-0.0314542
0.392522	-0.00482916	0.537351	-0.0408451	0.0109261	-0.0370321
0.392482	-0.00481304	0.537316	-0.0401777	0.0161637	-0.0347082
0.392437	-0.0048007	0.537277	-0.0446717	0.0123563	-0.039478
0.392394	-0.00478886	0.537242	-0.0428898	0.0118312	-0.0349235
0.392351	-0.00477371	0.53721	-0.0432583	0.0151834	-0.0320325
0.392307	-0.00476203	0.537174	-0.0443259	0.0116466	-0.0360931
0.392266	-0.00474218	0.537141	-0.0408842	0.0198749	-0.0323115
0.392224	-0.00473053	0.537103	-0.0418863	0.0116256	-0.0378853
0.392183	-0.00471372	0.537068	-0.0412213	0.0168644	-0.0355585
0.392137	-0.00470067	0.537027	-0.0457118	0.0130561	-0.0403256
0.392093	-0.00468814	0.536992	-0.0439314	0.0125329	-0.0357684
0.392049	-0.00467228	0.536959	-0.0442998	0.0158869	-0.0328751
0.392003	-0.00465989	0.536922	-0.0453598	0.0123499	-0.0369345
0.391962	-0.00463935	0.536889	-0.0419216	0.0205766	-0.0331507
0.391919	-0.00462699	0.53685	-0.0429195	0.0123275	-0.0387204
0.391876	-0.00460948	0.536814	-0.0422571	0.0175674	-0.0363904
0.39183	-0.00459573	0.536772	-0.046744	0.0137581	-0.041155
0.391785	-0.00458249	0.536736	-0.044965	0.0132368	-0.036595
0.391739	-0.00456593	0.536702	-0.0453334	0.0165926	-0.0336993
0.391693	-0.00455284	0.536664	-0.0463856	0.0130555	-0.0377574
0.39165	-0.00453159	0.53663	-0.0429509	0.0212805	-0.0339714
0.391606	-0.00451853	0.536591	-0.0439447	0.0130315	-0.0395369
0.391563	-0.00450031	0.536554	-0.0432848	0.0182725	-0.0372038
0.391515	-0.00448586	0.536512	-0.047768	0.0144622	-0.0419657
0.391469	-0.00447192	0.536474	-0.0459906	0.0139428	-0.0374029
0.391423	-0.00445465	0.53644	-0.0463588	0.0173003	-0.0345048
0.391375	-0.00444085	0.536401	-0.0474031	0.013763	-0.0385616
0.391331	-0.0044189	0.536366	-0.0439721	0.0219863	-0.0347733
0.391286	-0.00440513	0.536326	-0.0449615	0.0137374	-0.0403345
0.391242	-0.00438621	0.536288	-0.0443042	0.0189795	-0.0379982
0.391193	-0.00437105	0.536245	-0.0487836	0.0151682	-0.0427574
0.391146	-0.0043564	0.536207	-0.0470077	0.0146506	-0.0381917
0.391099	-0.00433842	0.536172	-0.0473759	0.0180099	-0.0352911
0.391051	-0.00432391	0.536132	-0.0484121	0.0144724	-0.0393466
0.391006	-0.00430125	0.536097	-0.0449848	0.0226939	-0.035556
0.39096	-0.00428678	0.536056	-0.0459696	0.014445	-0.0411129
0.390914	-0.00426715	0.536017	-0.045315	0.0196881	-0.0387733
0.390865	-0.00425129	0.535973	-0.0497906	0.0158758	-0.0435298
0.390817	-0.00423592	0.535934	-0.0480162	0.0153601	-0.0389611
0.390768	-0.00421724	0.535898	-0.0483843	0.0187211	-0.036058
0.390719	-0.00420202	0.535858	-0.0494122	0.0151833	-0.0401122
0.390673	-0.00417865	0.535822	-0.0459886	0.023403	-0.0363192
0.390626	-0.00416347	0.53578	-0.0469689	0.015154	-0.0418717
0.39058	-0.00414312	0.53574	-0.046317	0.0203982	-0.0395288
0.390529	-0.00412656	0.535696	-0.0507886	0.0165847	-0.0442826
0.39048	-0.00411048	0.535656	-0.0490157	0.0160709	-0.0397109
0.39043	-0.00409108	0.53562	-0.0493837	0.0194336	-0.0368052
0.39038	-0.00407515	0.535579	-0.0504031	0.0158955	-0.0408581
0.390333	-0.00405107	0.535542	-0.0469835	0.0241132	-0.0370626
0.390285	-0.00403519	0.535499	-0.047959	0.0158643	-0.0426107
0.390238	-0.00401413	0.535459	-0.0473099	0.0211094	-0.0402644
0.390186	-0.00399685	0.535414	-0.0517773	0.0172947	-0.0450154
0.390136	-0.00398007	0.535373	-0.050006	0.0167828	-0.0404406
0.390086	-0.00395996	0.535336	-0.050374	0.0201471	-0.0375323
0.390034	-0.00394331	0.535294	-0.0513847	0.0166087	-0.0415839
0.389986	-0.00391852	0.535256	-0.047969	0.0248244	-0.037786
0.389937	-0.00390193	0.535213	-0.0489396	0.0165754	-0.0433296
0.389889	-0.00388016	0.535172	-0.0482934	0.0218215	-0.0409798
0.389836	-0.00386217	0.535126	-0.0527566	0.0180056	-0.0457279
0.389785	-0.00384467	0.535085	-0.0509868	0.0174956	-0.04115
0.389734	-0.00382385	0.535047	-0.0513547	0.0208615	-0.038239
0.389682	-0.00380649	0.535005	-0.0523566	0.0173227	-0.0422894
0.389633	-0.00378099	0.534966	-0.048945	0.0255364	-0.0384889
0.389583	-0.00376368	0.534922	-0.0499105	0.0172872	-0.044028
0.389534	-0.0037412	0.53488	-0.0492673	0.0225342	-0.0416746
0.38948	-0.0037225	0.534834	-0.0537261	0.018717	-0.0464199
0.389428	-0.00370429	0.534792	-0.0519578	0.0182089	-0.0418388
0.389376	-0.00368275	0.534753	-0.0523256	0.0215764	-0.0389252
0.389322	-0.00366468	0.53471	-0.0533185	0.0180372	-0.0429743
0.389272	-0.00363847	0.534671	-0.0499111	0.0262487	-0.0391712
0.389222	-0.00362045	0.534626	-0.0508714	0.0179994	-0.0447057
0.389171	-0.00359725	0.534584	-0.0502311	0.0232472	-0.0423487
0.389117	-0.00357784	0.534537	-0.0546855	0.0194287	-0.0470911
0.389064	-0.00355892	0.534494	-0.0529188	0.0189225	-0.0425067
0.38901	-0.00353667	0.534455	-0.0532865	0.0222915	-0.0395904
0.388956	-0.00351788	0.534411	-0.0542702	0.0187518	-0.0436383
0.388905	-0.00349096	0.534371	-0.0508669	0.0269611	-0.0398325
0.388854	-0.00347222	0.534326	-0.051822	0.0187116	-0.0453624
0.388802	-0.00344832	0.534283	-0.0511847	0.0239603	-0.0430017
0.388747	-0.0034282	0.534235	-0.0556346	0.0201404	-0.0477413
0.388693	-0.00340856	0.534192	-0.0538694	0.019636	-0.0431536
0.388639	-0.00338559	0.534152	-0.054237	0.0230065	-0.0402344
0.388583	-0.0033661	0.534107	-0.0552114	0.0194664	-0.0442812
0.388532	-0.00333846	0.534067	-0.0518124	0.0276733	-0.0404727
0.388479	-0.00331901	0.534021	-0.052762	0.0194236	-0.0459979
0.388427	-0.0032944	0.533977	-0.0521278	0.024673	-0.0436334
0.38837	-0.00327356	0.533929	-0.056573	0.0208518	-0.0483701
0.388315	-0.00325322	0.533885	-0.0548093	0.0203492	-0.0437791
0.38826	-0.00322953	0.533844	-0.0551769	0.0237212	-0.0408571
0.388204	-0.00320932	0.533799	-0.0561417	0.0201804	-0.0449027
0.388151	-0.00318097	0.533758	-0.052747	0.028385	-0.0410914
0.388098	-0.00316082	0.533712	-0.053691	0.0201351	-0.046612
0.388045	-0.00313549	0.533667	-0.05306	0.0253852	-0.0442437
0.387987	-0.00311395	0.533618	-0.0575004	0.0215625	-0.0489775
0.387931	-0.00309289	0.533574	-0.0557383	0.0210618	-0.044383
0.387875	-0.00306849	0.533533	-0.0561057	0.0244351	-0.0414582
0.387818	-0.00304757	0.533487	-0.0570608	0.0208938	-0.0455026
0.387765	-0.00301851	0.533445	-0.0536706	0.0290959	-0.0416885
0.38771	-0.00299764	0.533398	-0.0546089	0.0208457	-0.0472044
0.387656	-0.0029716	0.533353	-0.053981	0.0260965	-0.0448322
0.387598	-0.00294935	0.533304	-0.0584166	0.0222723	-0.0495631
0.387541	-0.00292758	0.533259	-0.0566559	0.0217733	-0.0449652
0.387484	-0.00290247	0.533217	-0.0570233	0.025148	-0.0420374
0.387426	-0.00288084	0.533171	-0.0579686	0.021606	-0.0460807
0.387372	-0.00285107	0.533128	-0.0545828	0.0298056	-0.0422638
0.387316	-0.0028295	0.533081	-0.0555152	0.021555	-0.0477749
0.387261	-0.00280275	0.533035	-0.0548906	0.0268065	-0.0453988
0.387202	-0.00277979	0.532985	-0.0593211	0.0229807	-0.0501267
0.387144	-0.00275731	0.532939	-0.057562	0.0224835	-0.0455253
0.387086	-0.00273149	0.532897	-0.0579293	0.0258595	-0.0425947
0.387028	-0.00270914	0.53285	-0.0588645	0.0223169	-0.0466369
0.386972	-0.00267866	0.532807	-0.0554833	0.0305139	-0.042817
0.386916	-0.00265638	0.532759	-0.0564097	0.0222629	-0.0483234
0.38686	-0.00262893	0.532713	-0.0557884	0.0275149	-0.0459432
0.3868	-0.00260526	0.532662	-0.0602138	0.0236875	-0.0506683
0.386741	-0.00258207	0.532616	-0.0584562	0.023192	-0.0460633
0.386682	-0.00255554	0.532573	-0.0588233	0.0265693	-0.0431297
0.386623	-0.00253249	0.532526	-0.0597484	0.0230259	-0.0471709
0.386566	-0.00250131	0.532483	-0.0563718	0.0312202	-0.0433481
0.386509	-0.00247832	0.532434	-0.0572921	0.0229688	-0.0488497
0.386452	-0.00245016	0.532387	-0.0566741	0.0282214	-0.0464654
0.386391	-0.00242579	0.532336	-0.0610943	0.0243923	-0.0511876
0.386332	-0.00240189	0.53229	-0.0593382	0.0238985	-0.046579
0.386272	-0.00237466	0.532246	-0.0597052	0.027277	-0.0436424
0.386212	-0.0023509	0.532198	-0.06062	0.0237328	-0.0476826
0.386154	-0.00231901	0.532154	-0.057248	0.0319244	-0.0438567
0.386096	-0.00229532	0.532105	-0.058162	0.0236724	-0.0493536
0.386039	-0.00226645	0.532058	-0.0575473	0.0289255	-0.0469652
0.385977	-0.00224138	0.532006	-0.0619623	0.0250947	-0.0516844
0.385917	-0.00221679	0.531959	-0.0602076	0.0246026	-0.0470722
0.385856	-0.00218884	0.531915	-0.0605745	0.0279822	-0.0441326
0.385795	-0.00216438	0.531867	-0.0614788	0.0244373	-0.0481718
0.385737	-0.00213179	0.531822	-0.0581115	0.0326259	-0.0443429
0.385678	-0.0021074	0.531773	-0.0590191	0.0243735	-0.049835
0.385619	-0.00207784	0.531725	-0.0584079	0.029627	-0.0474424
0.385556	-0.00205206	0.531673	-0.0628174	0.0257943	-0.0521587
0.385495	-0.00202677	0.531625	-0.0610642	0.025304	-0.0475428
0.385434	-0.00199812	0.531581	-0.0614309	0.0286846	-0.0446001
0.385372	-0.00197296	0.531532	-0.0623246	0.0251388	-0.0486384
0.385313	-0.00193967	0.531487	-0.0589621	0.0333246	-0.0448064
0.385253	-0.00191459	0.531437	-0.0598632	0.0250715	-0.0502938
0.385194	-0.00188432	0.531389	-0.0592554	0.0303254	-0.0478969
0.38513	-0.00185785	0.531337	-0.0636594	0.0264909	-0.0526103
0.385068	-0.00183186	0.531289	-0.0619076	0.0260021	-0.0479907
0.385006	-0.00180252	0.531243	-0.0622742	0.0293838	-0.0450449
0.384943	-0.00177665	0.531194	-0.0631571	0.0258371	-0.0490824
0.384883	-0.00174267	0.531149	-0.0597994	0.0340198	-0.0452472
0.384822	-0.00171689	0.531098	-0.0606938	0.0257662	-0.0507298
0.384762	-0.00168593	0.53105	-0.0600895	0.0310203	-0.0483286
0.384698	-0.00165877	0.530997	-0.0644879	0.027184	-0.0530391
0.384635	-0.00163208	0.530949	-0.0627375	0.0266968	-0.0484157
0.384572	-0.00160205	0.530903	-0.063104	0.0300794	-0.0454668
0.384508	-0.00157549	0.530854	-0.063976	0.0265318	-0.0495035
0.384447	-0.00154082	0.530808	-0.0606231	0.0347114	-0.0456652
0.384386	-0.00151435	0.530757	-0.0615107	0.0264571	-0.0511429
0.384325	-0.00148269	0.530708	-0.0609099	0.0317115	-0.0487374
0.38426	-0.00145485	0.530655	-0.0653026	0.0278732	-0.053445
0.384196	-0.00142747	0.530606	-0.0635536	0.0273875	-0.0488179
0.384132	-0.00139674	0.53056	-0.0639199	0.030771	-0.0458658
0.384067	-0.00136949	0.53051	-0.0647808	0.0272224	-0.0499017
0.384006	-0.00133413	0.530464	-0.0614329	0.0353988	-0.0460602
0.383944	-0.00130698	0.530412	-0.0623135	0.0271438	-0.0515332
0.383882	-0.00127464	0.530363	-0.0617163	0.0323984	-0.0491232
0.383816	-0.0012461	0.530309	-0.0661031	0.0285581	-0.053828
0.383751	-0.00121804	0.53026	-0.0643555	0.0280739	-0.049197
0.383687	-0.00118662	0.530214	-0.0647216	0.0314582	-0.0462417
0.383621	-0.00115869	0.530164	-0.0655714	0.0279086	-0.050277
0.383559	-0.00112265	0.530117	-0.0622284	0.0360818	-0.0464322
0.383496	-0.00109481	0.530065	-0.063102	0.027826	-0.0519005
0.383433	-0.00106179	0.530016	-0.0625083	0.0330807	-0.049486
0.383367	-0.00103258	0.529961	-0.0668893	0.0292383	-0.0541879
0.383301	-0.00100383	0.529912	-0.065143	0.0287556	-0.0495531
0.383236	-0.000971735	0.529865	-0.0655089	0.0321407	-0.0465947
0.38317	-0.000943122	0.529815	-0.0663474	0.0285899	-0.0506293
0.383107	-0.000906403	0.529768	-0.0630094	0.0367598	-0.0467812
0.383043	-0.000877889	0.529716	-0.0638757	0.0285032	-0.0522447
0.382979	-0.000844191	0.529666	-0.0632857	0.033758	-0.0498257
0.382912	-0.000814304	0.529611	-0.0676606	0.0299134	-0.0545249
0.382846	-0.000784882	0.529561	-0.0659157	0.0294322	-0.0498861
0.38278	-0.000752107	0.529514	-0.0662814	0.0328179	-0.0469245
0.382713	-0.000722819	0.529463	-0.0671084	0.0292661	-0.0509586
0.382649	-0.000685427	0.529416	-0.0637754	0.0374325	-0.0471071
0.382584	-0.000656242	0.529364	-0.0646345	0.029175	-0.0525659
0.38252	-0.000621872	0.529314	-0.064048	0.0344298	-0.0501424
0.382452	-0.000591316	0.529259	-0.0684169	0.030583	-0.0548387
0.382385	-0.000561223	0.529208	-0.0666732	0.0301032	-0.0501961
0.382318	-0.000527778	0.529161	-0.0670387	0.0334895	-0.0472312
0.38225	-0.000497819	0.52911	-0.0678541	0.0299365	-0.0512649
0.382186	-0.000459761	0.529063	-0.0645263	0.0380994	-0.04741
0.38212	-0.00042991	0.52901	-0.0653778	0.0298411	-0.0528641
0.382056	-0.000394875	0.528959	-0.0647951	0.0350958	-0.0504359
0.381986	-0.000363655	0.528904	-0.0691577	0.0312467	-0.0551295
0.381919	-0.000332898	0.528854	-0.0674153	0.0307683	-0.0504829
0.381851	-0.000298787	0.528806	-0.0677805	0.0341551	-0.0475148
0.381783	-0.000268165	0.528754	-0.0685843	0.0306009	-0.051548
0.381717	-0.000229447	0.528707	-0.0652615	0.0387602	-0.0476898
0.381651	-0.000198936	0.528654	-0.0661055	0.0305009	-0.0531392
0.381586	-0.000163242	0.528603	-0.0655264	0.0357554	-0.0507064
0.381516	-0.000131365	0.528547	-0.0698828	0.0319041	-0.0553973
0.381448	-9.99494e-05	0.528497	-0.0681416	0.0314269	-0.0507467
0.381379	-6.51798e-05	0.528449	-0.0685066	0.0348142	-0.0477753
0.38131	-3.39002e-05	0.528397	-0.0692986	0.0312588	-0.0518082
0.381244	5.47196e-06	0.528349	-0.065981	0.0394144	-0.0479465
0.381177	3.66353e-05	0.528296	-0.0668172	0.0311541	-0.0533913
0.381111	7.29822e-05	0.528245	-0.0662419	0.0364084	-0.0509538
0.381041	0.000105509	0.528189	-0.0705918	0.0325548	-0.055642
0.380972	0.000137576	0.528138	-0.0688519	0.0320788	-0.0509874
0.380902	0.000172998	0.52809	-0.0692166	0.0354664	-0.0480127
0.380832	0.000204928	0.528038	-0.0699967	0.0319098	-0.0520454
0.380766	0.000244947	0.52799	-0.0666842	0.0400616	-0.0481802
0.380698	0.000276756	0.527936	-0.0675126	0.0318003	-0.0536204
0.380631	0.000313748	0.527885	-0.066941	0.0370543	-0.0511781
0.38056	0.000346918	0.527829	-0.0712845	0.0331982	-0.0558637
0.380491	0.00037963	0.527778	-0.0695457	0.0327234	-0.0512051
0.380421	0.000415696	0.52773	-0.0699101	0.0361114	-0.0482271
0.38035	0.000448269	0.527677	-0.0706782	0.0325534	-0.0522597
0.380283	0.000488927	0.527629	-0.0673709	0.0407014	-0.0483909
0.380215	0.000521375	0.527575	-0.0681914	0.032439	-0.0538266
0.380147	0.000559005	0.527524	-0.0676235	0.0376926	-0.0513795
0.380075	0.000592811	0.527468	-0.0719605	0.0338341	-0.0560625
0.380005	0.000626158	0.527416	-0.0702228	0.0333604	-0.0513999
0.379934	0.000662861	0.527368	-0.070587	0.0367486	-0.0484186
0.379863	0.00069607	0.527315	-0.0713429	0.0331892	-0.0524511
0.379795	0.00073736	0.527267	-0.0680408	0.0413333	-0.0485788
0.379726	0.000770438	0.527213	-0.0688533	0.0330697	-0.0540099
0.379658	0.000808698	0.527161	-0.0682891	0.038323	-0.0515581
0.379585	0.000843131	0.527105	-0.0726194	0.0344619	-0.0562385
0.379514	0.000877107	0.527053	-0.0708828	0.0339893	-0.0515718
0.379443	0.000914439	0.527005	-0.0712467	0.0373776	-0.0485872
0.379371	0.000948275	0.526952	-0.0719904	0.0338169	-0.0526197
0.379302	0.000990188	0.526903	-0.0686935	0.0419569	-0.0487438
0.379233	0.00102389	0.526849	-0.0694978	0.0336922	-0.0541705
0.379164	0.00106277	0.526797	-0.0689375	0.0389449	-0.0517138
0.379091	0.00109782	0.526741	-0.0732611	0.0350812	-0.0563917
0.379019	0.00113242	0.526689	-0.0715255	0.0346097	-0.0517209
0.378947	0.00117037	0.52664	-0.0718891	0.037998	-0.048733
0.378875	0.00120482	0.526588	-0.0726205	0.0344359	-0.0527656
0.378805	0.00124735	0.526539	-0.0693289	0.0425719	-0.0488862
0.378735	0.00128167	0.526484	-0.0701249	0.0343058	-0.0543084
0.378666	0.00132116	0.526433	-0.0695683	0.039558	-0.0518468
0.378592	0.00135682	0.526376	-0.0738851	0.0356917	-0.0565224
0.37852	0.00139203	0.526324	-0.0721505	0.0352211	-0.0518474
0.378447	0.00143059	0.526275	-0.0725138	0.0386094	-0.0488562
0.378374	0.00146566	0.526222	-0.0732328	0.0350458	-0.052889
0.378304	0.00150879	0.526173	-0.0699464	0.0431776	-0.0490059
0.378233	0.00154371	0.526119	-0.070734	0.0349103	-0.0544239
0.378163	0.00158381	0.526067	-0.0701813	0.0401618	-0.0519573
0.378089	0.00162007	0.52601	-0.0744912	0.0362928	-0.0566305
0.378016	0.00165588	0.525958	-0.0727576	0.0358231	-0.0519514
0.377943	0.00169504	0.525909	-0.0731205	0.0392113	-0.0489569
0.377869	0.00173071	0.525856	-0.073827	0.0356462	-0.05299
0.377799	0.00177444	0.525807	-0.0705459	0.0437738	-0.0491033
0.377727	0.00180995	0.525753	-0.071325	0.0355052	-0.0545169
0.377657	0.00185064	0.525701	-0.0707761	0.040756	-0.0520454
0.377581	0.00188749	0.525644	-0.075079	0.0368842	-0.0567162
0.377508	0.0019239	0.525592	-0.0733464	0.0364154	-0.0520331
0.377434	0.00196365	0.525543	-0.0737089	0.0398034	-0.0490352
0.37736	0.00199991	0.52549	-0.0744028	0.0362367	-0.0530687
0.377289	0.00204422	0.52544	-0.0711271	0.04436	-0.0491783
0.377217	0.00208032	0.525386	-0.0718976	0.03609	-0.0545877
0.377146	0.00212159	0.525334	-0.0713525	0.04134	-0.0521112
0.37707	0.00215903	0.525277	-0.0756483	0.0374653	-0.0567798
0.376996	0.00219601	0.525225	-0.0739166	0.0369974	-0.0520925
0.376922	0.00223635	0.525176	-0.0742788	0.0403851	-0.0490913
0.376847	0.00227318	0.525123	-0.07496	0.0368169	-0.0531253
0.376775	0.00231807	0.525073	-0.0716896	0.0449357	-0.0492312
0.376703	0.00235474	0.525019	-0.0724514	0.0366643	-0.0546364
0.376631	0.00239659	0.524966	-0.0719101	0.0419134	-0.052155
0.376555	0.0024346	0.52491	-0.0761989	0.0380359	-0.0568213
0.37648	0.00247215	0.524857	-0.074468	0.0375687	-0.0521299
0.376406	0.00251267	0.524808	-0.074847	0.0405598	-0.0496108
0.37633	0.00254992	0.524755	-0.0754868	0.0372381	-0.0531292
0.376258	0.00259546	0.524705	-0.0722454	0.0455854	-0.0493921
0.376185	0.00263263	0.524651	-0.0729839	0.037162	-0.0544716
0.376112	0.00267496	0.524598	-0.0724806	0.0423958	-0.0523886
0.376036	0.00271341	0.524542	-0.0767209	0.0384801	-0.0567397
0.375961	0.00275143	0.524489	-0.0749887	0.0380323	-0.0520657
0.375885	0.00279272	0.52444	-0.0753687	0.0413379	-0.0493556
0.375809	0.00283052	0.524387	-0.0759871	0.0377897	-0.0530794
0.375737	0.00287647	0.524338	-0.0727454	0.0459964	-0.0493834
0.375663	0.00291416	0.524283	-0.0734675	0.0376796	-0.0544844
0.37559	0.00295708	0.524231	-0.0729704	0.0429824	-0.0523996
0.375513	0.00299615	0.524174	-0.0772272	0.0391003	-0.056759
0.375438	0.00303485	0.524122	-0.0755079	0.0387213	-0.0520608
0.375362	0.00307686	0.524072	-0.0759007	0.0420562	-0.0493283
0.375285	0.00311537	0.524019	-0.0765174	0.0384956	-0.0530446
0.375212	0.00316199	0.52397	-0.0732801	0.0466663	-0.0493396
0.375138	0.00320031	0.523916	-0.0739863	0.0383144	-0.0544339
0.375065	0.00324381	0.523863	-0.0734882	0.0435651	-0.05236
0.374987	0.00328344	0.523806	-0.0777215	0.0396565	-0.0567209
0.374911	0.00332266	0.523754	-0.0759963	0.0392388	-0.0520324
0.374834	0.00336517	0.523705	-0.076384	0.0425564	-0.0493057
0.374758	0.00340418	0.523652	-0.0769851	0.0389931	-0.0530262
0.374684	0.0034513	0.523603	-0.0737556	0.0471679	-0.0493166
0.374609	0.00349013	0.523548	-0.0744566	0.0388249	-0.0544065
0.374535	0.00353416	0.523496	-0.0739645	0.0440913	-0.0523193
0.374457	0.00357431	0.523439	-0.0781957	0.0401862	-0.0566772
0.374381	0.00361408	0.523387	-0.0764727	0.0397807	-0.0519804
0.374304	0.00365713	0.523338	-0.0768606	0.0430998	-0.0492487
0.374226	0.00369668	0.523285	-0.0774481	0.0395337	-0.0529707
0.374152	0.00374433	0.523236	-0.0742228	0.0476971	-0.0492589
0.374077	0.00378368	0.523181	-0.0749131	0.0393473	-0.0543463
0.374003	0.00382822	0.523129	-0.0744248	0.0446053	-0.0522563
0.373924	0.00386889	0.523072	-0.0786469	0.0406947	-0.0566126
0.373847	0.00390916	0.52302	-0.0769246	0.0402855	-0.0519123
0.37377	0.00395271	0.522971	-0.0773123	0.0436038	-0.0491769
0.373692	0.00399276	0.522918	-0.0778869	0.0400367	-0.0529001
0.373618	0.00404092	0.522869	-0.0746674	0.0481977	-0.0491835
0.373542	0.00408077	0.522815	-0.0753485	0.0398487	-0.0542675
0.373467	0.00412581	0.522763	-0.0748641	0.0451077	-0.0521713
0.373388	0.00416697	0.522706	-0.0790789	0.0411948	-0.0565266
0.373311	0.00420775	0.522654	-0.0773572	0.0407869	-0.0518221
0.373233	0.0042518	0.522605	-0.0777446	0.044104	-0.0490834
0.373155	0.00429235	0.522552	-0.0783059	0.0405348	-0.0528081
0.37308	0.004341	0.522503	-0.0750919	0.0486894	-0.0490875
0.373004	0.00438134	0.522449	-0.0757634	0.040338	-0.0541683
0.372929	0.00442687	0.522397	-0.0752832	0.0455948	-0.0520665
0.372849	0.00446851	0.522341	-0.0794902	0.0416786	-0.0564203
0.372772	0.00450977	0.522289	-0.077769	0.0412708	-0.0517116
0.372694	0.00455431	0.52224	-0.0781559	0.0445872	-0.0489694
0.372615	0.00459534	0.522187	-0.078704	0.0410165	-0.052696
0.372539	0.00464446	0.522138	-0.0754953	0.0491663	-0.0489713
0.372463	0.00468528	0.522084	-0.0761573	0.0408136	-0.054049
0.372388	0.00473128	0.522032	-0.0756812	0.0460691	-0.0519415
0.372308	0.0047734	0.521976	-0.0798805	0.0421498	-0.0562941
0.37223	0.00481513	0.521924	-0.0781599	0.0417422	-0.0515813
0.372151	0.00486013	0.521875	-0.0785465	0.0450574	-0.0488355
0.372072	0.00490163	0.521823	-0.0790812	0.041485	-0.0525639
0.371996	0.00495122	0.521774	-0.0758779	0.0496293	-0.0488351
0.37192	0.0049925	0.52172	-0.0765303	0.0412749	-0.0539098
0.371844	0.00503896	0.521668	-0.0760581	0.0465287	-0.0517967
0.371763	0.00508154	0.521612	-0.0802496	0.0426062	-0.0561482
0.371685	0.00512372	0.52156	-0.0785295	0.0421987	-0.0514312
0.371606	0.00516918	0.521512	-0.0789156	0.045513	-0.048682
0.371527	0.00521114	0.521459	-0.079437	0.0419387	-0.0524123
0.37145	0.00526117	0.521411	-0.0762392	0.0500778	-0.0486794
0.371373	0.00530289	0.521357	-0.0768819	0.0417218	-0.0537512
0.371297	0.0053498	0.521305	-0.0764138	0.046974	-0.0516323
0.371217	0.00539282	0.521249	-0.0805974	0.0430481	-0.0559828
0.371138	0.00543544	0.521198	-0.0788778	0.0426408	-0.0512616
0.371058	0.00548135	0.521149	-0.0792635	0.0459538	-0.048509
0.370979	0.00552374	0.521097	-0.0797715	0.0423778	-0.0522414
0.370902	0.00557421	0.521049	-0.0765791	0.0505115	-0.0485044
0.370825	0.00561636	0.520995	-0.0772119	0.0421537	-0.0535734
0.370748	0.0056637	0.520943	-0.0767478	0.0474042	-0.0514488
0.370667	0.00570715	0.520888	-0.0809236	0.043475	-0.0557983
0.370588	0.0057502	0.520837	-0.0792044	0.0430677	-0.0510731
0.370509	0.00579653	0.520788	-0.0795896	0.0463794	-0.0483169
0.370428	0.00583934	0.520736	-0.0800842	0.0428016	-0.0520516
0.370352	0.00589023	0.520688	-0.0768972	0.0509299	-0.0483104
0.370274	0.0059328	0.520634	-0.0775202	0.0425704	-0.0533768
0.370197	0.00598056	0.520583	-0.0770602	0.047819	-0.0512464
0.370116	0.00602441	0.520528	-0.081228	0.0438865	-0.0555951
0.370036	0.00606787	0.520477	-0.0795091	0.0434791	-0.0508658
0.369956	0.00611461	0.520428	-0.0798939	0.0467895	-0.0481062
0.369876	0.00615784	0.520377	-0.0803751	0.0432099	-0.0518433
0.369799	0.00620913	0.520329	-0.0771935	0.0513327	-0.0480979
0.369721	0.0062521	0.520275	-0.0778066	0.0429714	-0.0531617
0.369644	0.00630025	0.520224	-0.0773505	0.0482182	-0.0510256
0.369562	0.0063445	0.520169	-0.0815104	0.0442823	-0.0553735
0.369483	0.00638836	0.520118	-0.0797919	0.0438748	-0.0506401
0.369402	0.0064355	0.52007	-0.0801762	0.0471838	-0.0478771
0.369322	0.00647911	0.520019	-0.080644	0.0436023	-0.0516167
0.369244	0.00653079	0.519971	-0.0774677	0.0517196	-0.0478672
0.369166	0.00657415	0.519918	-0.0780708	0.0433564	-0.0529285
0.369089	0.00662269	0.519867	-0.0776187	0.0486014	-0.0507867
0.369007	0.00666732	0.519812	-0.0817706	0.0446619	-0.055134
0.368927	0.00671155	0.519761	-0.0800524	0.0442543	-0.0503965
0.368846	0.00675907	0.519714	-0.0804362	0.0475618	-0.0476301
0.368766	0.00680306	0.519662	-0.0808906	0.0439785	-0.0513723
0.368688	0.0068551	0.519615	-0.0777197	0.0520902	-0.0476186
0.36861	0.00689883	0.519562	-0.0783127	0.0437252	-0.0526776
0.368532	0.00694774	0.519511	-0.0778646	0.0489681	-0.05053
0.36845	0.00699273	0.519457	-0.0820085	0.0450252	-0.0548768
0.368369	0.00703733	0.519406	-0.0802905	0.0446174	-0.0501353
0.368289	0.00708521	0.519359	-0.0806738	0.0479233	-0.0473655
0.368208	0.00712956	0.519308	-0.0811148	0.0443381	-0.0511104
0.36813	0.00718196	0.519261	-0.0779492	0.0524442	-0.0473526
0.368051	0.00722604	0.519208	-0.0785322	0.0440773	-0.0524094
0.367973	0.00727529	0.519158	-0.078088	0.0493182	-0.050256
0.367891	0.00732063	0.519103	-0.0822238	0.0453718	-0.0546023
0.36781	0.00736558	0.519053	-0.080506	0.0449636	-0.0498568
0.36773	0.0074138	0.519006	-0.0808888	0.0482679	-0.0470837
0.367648	0.00745849	0.518955	-0.0813164	0.0446809	-0.0508315
0.36757	0.00751123	0.518908	-0.0781561	0.0527812	-0.0470695
0.367491	0.00755565	0.518856	-0.0787289	0.0444124	-0.0521242
0.367413	0.00760523	0.518806	-0.0782888	0.0496512	-0.049965
0.367331	0.0076509	0.518752	-0.0824165	0.0457013	-0.054311
0.36725	0.00769618	0.518702	-0.0806988	0.0452928	-0.0495616
0.367169	0.00774473	0.518655	-0.0810811	0.0485953	-0.0467851
0.367088	0.00778975	0.518605	-0.0814953	0.0450064	-0.0505359
0.367009	0.0078428	0.518558	-0.0783402	0.053101	-0.0467698
0.36693	0.00788754	0.518506	-0.0789029	0.0447303	-0.0518224
0.366852	0.00793744	0.518456	-0.0784667	0.0499669	-0.0496575
0.366769	0.00798342	0.518402	-0.0825863	0.0460134	-0.0540033
0.366689	0.00802901	0.518353	-0.0808688	0.0456045	-0.0492499
0.366607	0.00807787	0.518307	-0.0812505	0.0489052	-0.0464702
0.366526	0.0081232	0.518256	-0.0816513	0.0453145	-0.050224
0.366447	0.00817655	0.51821	-0.0785015	0.0534033	-0.0464539
0.366368	0.00822159	0.518158	-0.0790539	0.0450307	-0.0515046
0.36629	0.00827179	0.518109	-0.0786216	0.050265	-0.0493339
0.366207	0.00831807	0.518055	-0.0827332	0.0463079	-0.0536796
0.366126	0.00836395	0.518006	-0.0810157	0.0458985	-0.0489223
0.366044	0.0084131	0.51796	-0.0813968	0.0491974	-0.0461393
0.365963	0.00845872	0.51791	-0.0817843	0.0456048	-0.0498963
0.365884	0.00851236	0.517864	-0.0786397	0.0536877	-0.0461221
0.365805	0.00855768	0.517813	-0.0791819	0.0453131	-0.051171
0.365726	0.00860816	0.517764	-0.0787535	0.0505451	-0.0489946
0.365643	0.00865471	0.517711	-0.0828569	0.0465845	-0.0533402
0.365562	0.00870087	0.517662	-0.0811394	0.0461745	-0.0485791
0.365481	0.00875029	0.517616	-0.08152	0.0494715	-0.0457928
0.365399	0.00879619	0.517567	-0.0818941	0.045877	-0.0495533
0.36532	0.00885009	0.517521	-0.0787547	0.053954	-0.0457749
0.365241	0.00889568	0.51747	-0.0792867	0.0455775	-0.0508222
0.365162	0.00894642	0.517421	-0.0788622	0.0508071	-0.0486401
0.365079	0.00899323	0.517368	-0.0829574	0.0468428	-0.0529857
0.364998	0.00903965	0.51732	-0.0812399	0.0464323	-0.0482209
0.364916	0.00908933	0.517275	-0.0816199	0.0497273	-0.0454313
0.364834	0.00913547	0.517225	-0.0819807	0.0461309	-0.0491952
0.364755	0.00918963	0.51718	-0.0788465	0.0542019	-0.0454128
0.364676	0.00923546	0.517129	-0.0793681	0.0458235	-0.0504585
0.364597	0.00928645	0.517081	-0.0789475	0.0510506	-0.0482707
0.364514	0.0093335	0.517028	-0.0830346	0.0470827	-0.0526165
0.364433	0.00938015	0.516981	-0.0813171	0.0466716	-0.0478479
0.364351	0.00943007	0.516936	-0.0816965	0.0499645	-0.0450552
0.364269	0.00947645	0.516887	-0.0820439	0.0463662	-0.0488226
0.36419	0.00953084	0.516842	-0.0789149	0.0544312	-0.0450362
0.364111	0.00957689	0.516791	-0.0794261	0.0460508	-0.0500805
0.364032	0.00962811	0.516744	-0.0790094	0.0512755	-0.0478869
0.363949	0.00967538	0.516691	-0.0830884	0.0473039	-0.052233
0.363867	0.00972225	0.516644	-0.0813707	0.0468921	-0.0474607
0.363786	0.00977239	0.516599	-0.0817495	0.0501828	-0.0446648
0.363704	0.00981899	0.516551	-0.0820837	0.0465827	-0.048436
0.363625	0.00987359	0.516506	-0.0789597	0.0546417	-0.0446455
0.363545	0.00991985	0.516456	-0.0794607	0.0462593	-0.0496885
0.363466	0.00997127	0.516409	-0.0790478	0.0514814	-0.0474892
0.363383	0.0100187	0.516357	-0.0831186	0.0475062	-0.0518357
0.363302	0.0100658	0.51631	-0.0814008	0.0470936	-0.0470596
0.36322	0.0101162	0.516266	-0.081779	0.0503821	-0.0442607
0.363138	0.010163	0.516217	-0.0821	0.0467802	-0.0480357
0.363059	0.0102177	0.516173	-0.0789811	0.0548331	-0.0442412
0.362979	0.0102642	0.516124	-0.0794716	0.0464487	-0.049283
0.3629	0.0103158	0.516077	-0.0790625	0.0516682	-0.047078
0.362817	0.0103635	0.516025	-0.0831252	0.0476893	-0.051425
0.362736	0.0104107	0.515979	-0.0814072	0.0472759	-0.0466453
0.362654	0.0104612	0.515935	-0.0817848	0.0505622	-0.0438433
0.362572	0.0105082	0.515887	-0.0820926	0.0469584	-0.0476222
0.362493	0.0105632	0.515843	-0.0789788	0.0550051	-0.0438237
0.362414	0.0106098	0.515794	-0.0794589	0.0466188	-0.0488644
0.362335	0.0106616	0.515748	-0.0790536	0.0518356	-0.0466538
0.362251	0.0107094	0.515697	-0.0831082	0.047853	-0.0510014
0.36217	0.0107568	0.51565	-0.08139	0.0474388	-0.0462181
0.362088	0.0108075	0.515607	-0.0817669	0.0507227	-0.043413
0.362006	0.0108546	0.51556	-0.0820616	0.0471171	-0.047196
0.361927	0.0109097	0.515516	-0.0789527	0.0551577	-0.0433935
0.361848	0.0109565	0.515468	-0.0794225	0.0467694	-0.0484333
0.361769	0.0110084	0.515422	-0.079021	0.0519835	-0.0462171
0.361686	0.0110564	0.515371	-0.0830674	0.0479972	-0.0505653
0.361605	0.011104	0.515325	-0.0813489	0.047582	-0.0457785
0.361523	0.0111548	0.515282	-0.0817252	0.0508636	-0.0429704
0.361441	0.0112021	0.515236	-0.0820069	0.0472562	-0.0467575
0.361362	0.0112573	0.515193	-0.078903	0.0552906	-0.0429511
0.361283	0.0113042	0.515145	-0.0793624	0.0469003	-0.04799
0.361204	0.0113563	0.515099	-0.0789646	0.0521117	-0.0457682
0.361121	0.0114044	0.515049	-0.0830029	0.0481217	-0.0501172
0.361039	0.011452	0.515003	-0.0812841	0.0477055	-0.0453269
0.360958	0.011503	0.514961	-0.0816598	0.0509847	-0.0425159
0.360876	0.0115504	0.514914	-0.0819284	0.0473754	-0.0463073
0.360797	0.0116057	0.514872	-0.0788294	0.0554036	-0.042497
0.360718	0.0116528	0.514824	-0.0792784	0.0470113	-0.0475351
0.360639	0.0117049	0.514779	-0.0788844	0.0522199	-0.0453078
0.360556	0.0117531	0.514729	-0.0829146	0.0482262	-0.0496576
0.360475	0.0118009	0.514684	-0.0811954	0.047809	-0.0448639
0.360393	0.0118519	0.514642	-0.0815704	0.0510857	-0.04205
0.360311	0.0118994	0.514596	-0.0818262	0.0474747	-0.0458457
0.360233	0.0119549	0.514554	-0.078732	0.0554966	-0.0420315
0.360154	0.012002	0.514507	-0.0791707	0.0471023	-0.0470691
0.360075	0.0120542	0.514462	-0.0787803	0.0523081	-0.0448362
0.359992	0.0121025	0.514413	-0.0828024	0.0483107	-0.049187
0.359911	0.0121504	0.514369	-0.0810829	0.0478925	-0.0443899
0.35983	0.0122015	0.514327	-0.0814573	0.0511666	-0.0415731
0.359748	0.0122491	0.514282	-0.0817001	0.0475538	-0.0453732
0.359669	0.0123046	0.51424	-0.0786108	0.0555694	-0.0415552
0.35959	0.0123518	0.514194	-0.0790391	0.0471732	-0.0465923
0.359512	0.0124041	0.514149	-0.0786524	0.0523761	-0.0443539
0.359429	0.0124525	0.5141	-0.0826664	0.048375	-0.0487058
0.359348	0.0125004	0.514057	-0.0809465	0.0479557	-0.0439053
0.359267	0.0125516	0.514015	-0.0813202	0.0512272	-0.0410857
0.359185	0.0125992	0.513971	-0.0815502	0.0476127	-0.0448904
0.359107	0.0126548	0.513929	-0.0784657	0.055622	-0.0410686
0.359028	0.012702	0.513883	-0.0788836	0.0472238	-0.0461052
0.358949	0.0127544	0.513839	-0.0785006	0.0524237	-0.0438613
0.358867	0.0128028	0.513791	-0.0825066	0.048419	-0.0482144
0.358786	0.0128508	0.513748	-0.0807862	0.0479985	-0.0434107
0.358705	0.012902	0.513707	-0.0811593	0.0512674	-0.0405883
0.358624	0.0129497	0.513663	-0.0813765	0.0476511	-0.0443977
0.358545	0.0130053	0.513622	-0.0782968	0.0556541	-0.0405721
0.358467	0.0130525	0.513576	-0.0787044	0.047254	-0.0456084
0.358388	0.0131049	0.513533	-0.0783249	0.052451	-0.0433591
0.358306	0.0131533	0.513485	-0.0823229	0.0484425	-0.0477134
0.358225	0.0132013	0.513442	-0.0806021	0.0480208	-0.0429064
0.358144	0.0132526	0.513402	-0.0809744	0.0512871	-0.0400813
0.358063	0.0133003	0.513358	-0.0811791	0.0476691	-0.0438954
0.357985	0.0133559	0.513318	-0.078104	0.0556658	-0.0400661
0.357907	0.0134032	0.513273	-0.0785013	0.0472637	-0.0451023
0.357829	0.0134556	0.51323	-0.0781254	0.0524576	-0.0428476
0.357747	0.013504	0.513183	-0.0821154	0.0484455	-0.0472032
0.357666	0.013552	0.513141	-0.0803941	0.0480226	-0.0423931
0.357585	0.0136032	0.513101	-0.0807658	0.0512862	-0.0395653
0.357504	0.0136509	0.513058	-0.0809578	0.0476665	-0.0433843
0.357427	0.0137065	0.513018	-0.0778875	0.0556568	-0.0395512
0.357348	0.0137538	0.512973	-0.0782744	0.0472528	-0.0445873
0.35727	0.0138062	0.512931	-0.0779021	0.0524437	-0.0423272
0.357189	0.0138546	0.512884	-0.0818842	0.0484279	-0.0466843
0.357108	0.0139026	0.512842	-0.0801623	0.0480037	-0.0418711
0.357028	0.0139538	0.512803	-0.0805333	0.0512645	-0.0390407
0.356947	0.0140015	0.512761	-0.0807129	0.0476432	-0.0428645
0.35687	0.014057	0.512721	-0.0776471	0.0556271	-0.0390278
0.356792	0.0141043	0.512677	-0.0780238	0.0472213	-0.044064
0.356714	0.0141566	0.512636	-0.0776551	0.0524091	-0.0417986
0.356632	0.014205	0.512589	-0.0816292	0.0483896	-0.0461572
0.356552	0.0142529	0.512548	-0.0799068	0.0479642	-0.0413409
0.356472	0.0143041	0.512509	-0.0802771	0.0512222	-0.0385079
0.356392	0.0143517	0.512467	-0.0804442	0.0475992	-0.0423368
0.356314	0.0144073	0.512429	-0.0773831	0.0555768	-0.0384965
0.356237	0.0144545	0.512385	-0.0777495	0.047169	-0.0435327
0.356159	0.0145067	0.512344	-0.0773843	0.0523537	-0.0412621
0.356078	0.0145551	0.512298	-0.0813505	0.0483306	-0.0456223
0.355998	0.0146029	0.512257	-0.0796275	0.0479038	-0.040803
0.355918	0.0146541	0.512219	-0.0799971	0.051159	-0.0379674
0.355838	0.0147016	0.512177	-0.080152	0.0475344	-0.0418014
0.355761	0.0147571	0.512139	-0.0770953	0.0555056	-0.0379575
0.355684	0.0148042	0.512096	-0.0774516	0.0470959	-0.042994
0.355607	0.0148564	0.512056	-0.0770898	0.0522775	-0.0407182
0.355526	0.0149046	0.512011	-0.0810482	0.0482508	-0.04508
0.355446	0.0149524	0.51197	-0.0793246	0.0478227	-0.0402579
0.355367	0.0150035	0.511933	-0.0796935	0.051075	-0.0374198
0.355287	0.0150509	0.511892	-0.0798362	0.0474488	-0.0412589
0.35521	0.0151063	0.511854	-0.076784	0.0554136	-0.0374115
0.355133	0.0151533	0.511812	-0.0771301	0.0470021	-0.0424483
0.355056	0.0152054	0.511771	-0.0767717	0.0521805	-0.0401673
0.354975	0.0152536	0.511727	-0.0807224	0.0481502	-0.0445309
0.354896	0.0153013	0.511687	-0.0789981	0.0477207	-0.0397059
0.354817	0.0153522	0.51165	-0.0793663	0.0509701	-0.0368654
0.354738	0.0153996	0.51161	-0.0794969	0.0473423	-0.0407097
0.354661	0.0154548	0.511573	-0.0764491	0.0553008	-0.0368588
0.354584	0.0155017	0.511531	-0.0767851	0.0468875	-0.0418961
0.354508	0.0155537	0.511491	-0.0764301	0.0520627	-0.0396099
0.354428	0.0156017	0.511447	-0.080373	0.0480288	-0.0439754
0.354349	0.0156493	0.511408	-0.0786481	0.0475978	-0.0391476
0.35427	0.0157001	0.511372	-0.0790156	0.0508444	-0.0363047
0.354191	0.0157474	0.511331	-0.0791342	0.0472151	-0.0401543
0.354115	0.0158025	0.511295	-0.0760908	0.0551672	-0.0363
0.354038	0.0158493	0.511254	-0.0764167	0.046752	-0.0413378
0.353962	0.0159011	0.511215	-0.0760651	0.0519241	-0.0390465
0.353882	0.015949	0.511171	-0.0800003	0.0478866	-0.043414
0.353804	0.0159964	0.511133	-0.0782747	0.0474542	-0.0385833
0.353725	0.0160471	0.511097	-0.0786415	0.0506978	-0.0357381
0.353647	0.0160942	0.511057	-0.0787482	0.047067	-0.0395931
0.353571	0.0161491	0.511021	-0.0757091	0.0550127	-0.0357354
0.353495	0.0161958	0.510981	-0.076025	0.0465958	-0.0407738
0.353419	0.0162475	0.510942	-0.0756768	0.0517646	-0.0384776
0.35334	0.0162952	0.510899	-0.0796044	0.0477236	-0.042847
0.353262	0.0163424	0.510861	-0.077878	0.0472897	-0.0380137
0.353184	0.0163929	0.510826	-0.0782442	0.0505304	-0.0351661
0.353105	0.0164398	0.510787	-0.078339	0.0468981	-0.0390266
0.35303	0.0164946	0.510752	-0.0753042	0.0548375	-0.0351655
0.352954	0.0165411	0.510712	-0.0756102	0.0464188	-0.0402047
0.352879	0.0165926	0.510674	-0.0752653	0.0515844	-0.0379034
0.3528	0.0166401	0.510631	-0.0791852	0.0475398	-0.0422749
0.352723	0.0166872	0.510594	-0.0774582	0.0471045	-0.037439
0.352645	0.0167375	0.510559	-0.0778236	0.0503421	-0.0345892
0.352567	0.0167842	0.510521	-0.0779068	0.0467084	-0.0384552
0.352492	0.0168389	0.510486	-0.0748762	0.0546415	-0.0345907
0.352417	0.0168851	0.510447	-0.0751723	0.046221	-0.0396307
0.352342	0.0169364	0.510409	-0.0748306	0.0513834	-0.0373245
0.352263	0.0169837	0.510368	-0.0787431	0.0473354	-0.0416982
0.352186	0.0170306	0.510331	-0.0770153	0.0468985	-0.0368597
0.352109	0.0170807	0.510297	-0.07738	0.0501331	-0.0340077
0.352031	0.0171272	0.510259	-0.0774516	0.046498	-0.0378792
0.351957	0.0171816	0.510225	-0.0744252	0.0544248	-0.0340115
0.351882	0.0172276	0.510186	-0.0747114	0.0460026	-0.0390524
0.351808	0.0172787	0.510149	-0.0743731	0.0511618	-0.0367414
0.35173	0.0173258	0.510108	-0.078278	0.0471102	-0.0411172
0.351653	0.0173725	0.510071	-0.0765494	0.0466718	-0.0362762
0.351576	0.0174224	0.510038	-0.0769135	0.0499035	-0.033422
0.351499	0.0174686	0.510001	-0.0769736	0.046267	-0.0372992
0.351425	0.0175228	0.509967	-0.0739514	0.0541874	-0.0334283
0.351351	0.0175686	0.509929	-0.0742278	0.0457636	-0.0384702
0.351277	0.0176194	0.509892	-0.0738926	0.0509195	-0.0361543
0.3512	0.0176663	0.509852	-0.0777902	0.0468645	-0.0405324
0.351123	0.0177127	0.509816	-0.0760608	0.0464245	-0.035689
0.351047	0.0177623	0.509783	-0.0764241	0.0496532	-0.0328327
0.350971	0.0178083	0.509747	-0.076473	0.0460153	-0.0367155
0.350897	0.0178622	0.509714	-0.0734548	0.0539295	-0.0328415
0.350823	0.0179078	0.509676	-0.0737216	0.045504	-0.0378844
0.35075	0.0179584	0.50964	-0.0733895	0.0506566	-0.0355638
0.350673	0.0180049	0.5096	-0.0772798	0.0465983	-0.0399442
0.350597	0.0180511	0.509565	-0.0755496	0.0461567	-0.0350984
0.350521	0.0181004	0.509533	-0.0759122	0.0493824	-0.0322401
0.350445	0.0181462	0.509497	-0.0759499	0.0457432	-0.0361286
0.350373	0.0181998	0.509464	-0.0729357	0.0536511	-0.0322514
0.350299	0.018245	0.509427	-0.0731928	0.0452241	-0.0372955
0.350226	0.0182954	0.509392	-0.0728639	0.0503734	-0.0349702
0.35015	0.0183417	0.509353	-0.0767469	0.0463117	-0.0393531
0.350075	0.0183875	0.509318	-0.0750159	0.0458685	-0.0345049
0.349999	0.0184366	0.509287	-0.0753778	0.0490911	-0.0316446
0.349924	0.018482	0.509251	-0.0754044	0.0454507	-0.0355388
0.349852	0.0185354	0.509219	-0.0723942	0.0533524	-0.0316586
0.349779	0.0185803	0.509183	-0.0726418	0.0449237	-0.0367039
0.349707	0.0186303	0.509148	-0.072316	0.0500698	-0.0343739
0.34963	0.0186763	0.509109	-0.0761917	0.0460047	-0.0387592
0.349556	0.0187218	0.509076	-0.0744599	0.04556	-0.0339088
0.349481	0.0187706	0.509044	-0.0748211	0.0487796	-0.0310465
0.349406	0.0188158	0.509009	-0.0748368	0.0451379	-0.0349466
0.349335	0.0188688	0.508978	-0.0718304	0.0530334	-0.0310633
0.349263	0.0189134	0.508942	-0.0720686	0.0446032	-0.0361099
0.349191	0.0189631	0.508908	-0.0717458	0.049746	-0.0337754
0.349115	0.0190087	0.50887	-0.0756144	0.0456776	-0.0381632
0.349041	0.0190539	0.508837	-0.0738818	0.0452313	-0.0333105
0.348967	0.0191024	0.508806	-0.0742423	0.0484478	-0.0304464
0.348893	0.0191472	0.508772	-0.0742472	0.044805	-0.0343522
0.348822	0.0191998	0.508742	-0.0712447	0.0526943	-0.030466
0.34875	0.0192441	0.508706	-0.0714734	0.0442626	-0.035514
0.348679	0.0192935	0.508673	-0.0711537	0.0494021	-0.0331749
0.348604	0.0193388	0.508635	-0.0750153	0.0453305	-0.0375653
0.348531	0.0193837	0.508603	-0.0732817	0.0448826	-0.0327105
0.348457	0.0194317	0.508573	-0.0736416	0.0480961	-0.0298445
0.348383	0.0194762	0.508539	-0.0736358	0.0444521	-0.0337561
0.348313	0.0195285	0.508509	-0.0706371	0.0523353	-0.0298671
0.348242	0.0195724	0.508474	-0.0708565	0.0439021	-0.0349164
0.348171	0.0196214	0.508442	-0.0705398	0.0490384	-0.0325729
0.348097	0.0196663	0.508405	-0.0743944	0.0449635	-0.0369659
0.348024	0.0197108	0.508372	-0.07266	0.0445139	-0.032109
0.347951	0.0197585	0.508343	-0.0730191	0.0477244	-0.0292412
0.347878	0.0198026	0.50831	-0.0730028	0.0440793	-0.0331587
0.347808	0.0198546	0.508281	-0.0700078	0.0519564	-0.0292668
0.347738	0.0198981	0.508246	-0.070218	0.0435217	-0.0343176
0.347668	0.0199467	0.508214	-0.0699043	0.0486548	-0.0319697
0.347595	0.0199913	0.508178	-0.073752	0.0445767	-0.0363654
0.347523	0.0200354	0.508146	-0.0720167	0.0441256	-0.0315064
0.34745	0.0200827	0.508118	-0.0723751	0.0473331	-0.0286368
0.347378	0.0201264	0.508085	-0.0723484	0.0436868	-0.0325602
0.347309	0.0201779	0.508056	-0.0693571	0.0515579	-0.0286655
0.347239	0.0202211	0.508023	-0.0695582	0.0431218	-0.0337179
0.34717	0.0202693	0.507991	-0.0692474	0.0482517	-0.0313657
0.347097	0.0203134	0.507956	-0.0730882	0.0441704	-0.035764
0.347025	0.0203571	0.507925	-0.0713521	0.0437176	-0.0309031
0.346954	0.020404	0.507897	-0.0717099	0.0469221	-0.0280318
0.346882	0.0204473	0.507865	-0.0716729	0.0432749	-0.0319611
0.346813	0.0204984	0.507837	-0.0686852	0.0511399	-0.0280636
0.346744	0.0205411	0.507803	-0.0688773	0.0427025	-0.0331176
0.346676	0.0205889	0.507773	-0.0685693	0.0478291	-0.0307611
0.346603	0.0206326	0.507737	-0.0724034	0.0437448	-0.0351622
0.346533	0.0206759	0.507707	-0.0706664	0.0432904	-0.0302993
0.346462	0.0207224	0.50768	-0.0710235	0.0464919	-0.0274264
0.346391	0.0207653	0.507648	-0.0709764	0.0428436	-0.0313616
0.346323	0.0208159	0.507621	-0.0679923	0.0507027	-0.0274614
0.346255	0.0208582	0.507588	-0.0681754	0.0422639	-0.0325171
0.346187	0.0209055	0.507558	-0.0678703	0.0473873	-0.0301564
0.346115	0.0209488	0.507524	-0.0716978	0.0432999	-0.0345602
0.346045	0.0209917	0.507494	-0.0699598	0.0428439	-0.0296955
0.345975	0.0210377	0.507467	-0.0703162	0.0460424	-0.0268209
0.345905	0.0210801	0.507436	-0.0702592	0.0423932	-0.030762
0.345837	0.0211303	0.507409	-0.0672785	0.0502464	-0.0268592
0.34577	0.0211721	0.507377	-0.0674529	0.0418062	-0.0319166
0.345703	0.021219	0.507348	-0.0671505	0.0469265	-0.0295518
0.345632	0.0212618	0.507314	-0.0709715	0.0428361	-0.0339584
0.345563	0.0213042	0.507285	-0.0692326	0.0423785	-0.0290919
0.345493	0.0213497	0.507258	-0.0695884	0.045574	-0.0262157
0.345424	0.0213917	0.507228	-0.0695215	0.0419238	-0.0301627
0.345357	0.0214414	0.507202	-0.0665443	0.0497712	-0.0262573
0.34529	0.0214828	0.507171	-0.0667099	0.0413298	-0.0313165
0.345224	0.0215292	0.507142	-0.0664103	0.0464469	-0.0289476
0.345154	0.0215715	0.507108	-0.0702248	0.0423535	-0.033357
0.345085	0.0216134	0.50708	-0.068485	0.0418943	-0.0284887
0.345016	0.0216585	0.507054	-0.0688401	0.0450869	-0.025611
0.344948	0.0216999	0.507025	-0.0687636	0.0414358	-0.029564
0.344882	0.0217492	0.506999	-0.0657897	0.0492774	-0.025656
0.344816	0.02179	0.506968	-0.0659468	0.0408347	-0.030717
0.34475	0.0218359	0.50694	-0.0656499	0.0459487	-0.0283441
0.344681	0.0218778	0.506907	-0.069458	0.0418524	-0.0327564
0.344613	0.0219191	0.506879	-0.0677173	0.0413916	-0.0278864
0.344545	0.0219637	0.506854	-0.0680717	0.0445813	-0.0250072
0.344477	0.0220046	0.506825	-0.0679857	0.0409293	-0.0289661
0.344412	0.0220534	0.5068	-0.0650152	0.0487652	-0.0250556
0.344347	0.0220937	0.50677	-0.0651637	0.0403213	-0.0301185
0.344282	0.0221391	0.506742	-0.0648695	0.0454322	-0.0277416
0.344213	0.0221804	0.50671	-0.0686713	0.041333	-0.0321568
0.344146	0.0222213	0.506683	-0.0669296	0.0408706	-0.0272851
0.344079	0.0222653	0.506658	-0.0672834	0.0440574	-0.0244045
0.344012	0.0223057	0.50663	-0.0671881	0.0404046	-0.0283692
0.343948	0.022354	0.506605	-0.0642208	0.0482348	-0.0244564
0.343883	0.0223938	0.506576	-0.064361	0.0397898	-0.0295211
0.343819	0.0224386	0.506549	-0.0640693	0.0448976	-0.0271404
0.343751	0.0224794	0.506517	-0.067865	0.0407955	-0.0315585
0.343685	0.0225197	0.50649	-0.0661224	0.0403316	-0.0266852
0.343619	0.0225632	0.506467	-0.0664756	0.0435155	-0.0238032
0.343553	0.0226031	0.506439	-0.066371	0.0398619	-0.0277738
0.343489	0.0226508	0.506415	-0.0634069	0.0476865	-0.0238585
0.343426	0.02269	0.506386	-0.0635388	0.0392404	-0.0289252
0.343362	0.0227343	0.506359	-0.0632497	0.0443452	-0.0265407
0.343295	0.0227745	0.506328	-0.0670393	0.0402403	-0.0309617
0.34323	0.0228143	0.506302	-0.0652958	0.0397748	-0.0260868
0.343164	0.0228572	0.506279	-0.0656483	0.0429559	-0.0232035
0.343099	0.0228966	0.506252	-0.0655347	0.0393016	-0.0271799
0.343036	0.0229437	0.506229	-0.0625737	0.0471206	-0.0232623
0.342974	0.0229823	0.5062	-0.0626975	0.0386734	-0.0283309
0.342911	0.0230261	0.506174	-0.062411	0.0437752	-0.0259427
0.342845	0.0230658	0.506144	-0.0661946	0.0396676	-0.0303666
0.342781	0.0231049	0.506118	-0.0644501	0.0392005	-0.0254903
0.342716	0.0231473	0.506096	-0.064802	0.0423788	-0.0226056
0.342651	0.023186	0.506069	-0.0646795	0.0387237	-0.0265878
0.342589	0.0232325	0.506047	-0.0617216	0.0465373	-0.022668
0.342528	0.0232706	0.506019	-0.0618373	0.038089	-0.0277386
0.342466	0.0233138	0.505993	-0.0615533	0.0431879	-0.0253467
0.342401	0.0233529	0.505964	-0.065331	0.0390775	-0.0297735
0.342337	0.0233915	0.505939	-0.0635856	0.038609	-0.0248958
0.342273	0.0234332	0.505917	-0.0639369	0.0417845	-0.0220098
0.342209	0.0234714	0.505891	-0.0638057	0.0381288	-0.0259978
0.342149	0.0235173	0.505869	-0.0608507	0.0459369	-0.0220758
0.342088	0.0235548	0.505841	-0.0609586	0.0374876	-0.0271484
0.342027	0.0235973	0.505817	-0.060677	0.0425836	-0.0247529
0.341963	0.0236358	0.505788	-0.0644489	0.0384706	-0.0291827
0.3419	0.0236738	0.505763	-0.0627026	0.0380005	-0.0243035
0.341837	0.0237149	0.505742	-0.0630533	0.0411733	-0.0214162
0.341774	0.0237525	0.505716	-0.0629135	0.0375169	-0.0254101
0.341714	0.0237978	0.505695	-0.0599615	0.0453197	-0.0214859
0.341654	0.0238347	0.505668	-0.0600616	0.0368695	-0.0265605
0.341594	0.0238766	0.505644	-0.0597824	0.0419626	-0.0241614
0.341531	0.0239144	0.505615	-0.0635486	0.0378469	-0.0285942
0.341469	0.0239518	0.505592	-0.0618014	0.0373754	-0.0237136
0.341407	0.0239923	0.505571	-0.0621514	0.0405455	-0.0208252
0.341345	0.0240292	0.505546	-0.0620033	0.0368884	-0.0248247
0.341286	0.0240739	0.505525	-0.0590541	0.044686	-0.0208984
0.341226	0.0241101	0.505499	-0.0591466	0.0362349	-0.0259751
0.341168	0.0241514	0.505476	-0.0588697	0.0413251	-0.0235726
0.341105	0.0241886	0.505448	-0.0626304	0.0372069	-0.0280083
0.341044	0.0242253	0.505424	-0.0608823	0.0367339	-0.0231264
0.340983	0.0242652	0.505404	-0.0612317	0.0399013	-0.0202368
0.340922	0.0243015	0.50538	-0.0610753	0.0362437	-0.024242
0.340864	0.0243455	0.50536	-0.0581289	0.0440361	-0.0203137
0.340805	0.0243811	0.505334	-0.0582139	0.0355841	-0.0253924
0.340748	0.0244217	0.505311	-0.0579394	0.0406715	-0.0229865
0.340686	0.0244583	0.505284	-0.0616945	0.0365508	-0.0274251
0.340626	0.0244943	0.505261	-0.0599455	0.0360764	-0.0225419
0.340566	0.0245336	0.505241	-0.0602943	0.0392412	-0.0196512
0.340505	0.0245692	0.505218	-0.0601298	0.035583	-0.0236621
0.340448	0.0246125	0.505198	-0.0571862	0.0433704	-0.0197317
0.340391	0.0246475	0.505173	-0.0572638	0.0349174	-0.0248125
0.340334	0.0246874	0.505151	-0.0569915	0.0400021	-0.0224033
0.340273	0.0247233	0.505124	-0.0607413	0.0358789	-0.0268448
0.340214	0.0247587	0.505102	-0.0589914	0.0354031	-0.0219605
0.340155	0.0247972	0.505083	-0.0593396	0.0385654	-0.0190686
0.340096	0.0248322	0.50506	-0.0591672	0.0349067	-0.0230851
0.34004	0.0248748	0.505041	-0.0562263	0.042689	-0.0191528
0.339983	0.0249091	0.505016	-0.0562966	0.0342353	-0.0242357
0.339927	0.0249484	0.504995	-0.0560266	0.0393173	-0.0218231
0.339868	0.0249835	0.504968	-0.0597711	0.0351916	-0.0262676
0.33981	0.0250182	0.504947	-0.0580203	0.0347145	-0.0213821
0.339751	0.0250561	0.504928	-0.0583679	0.0378742	-0.0184891
0.339693	0.0250903	0.504906	-0.0581877	0.034215	-0.0225112
0.339638	0.0251323	0.504887	-0.0552494	0.0419924	-0.018577
0.339582	0.0251659	0.504864	-0.0553127	0.0335379	-0.023662
0.339527	0.0252044	0.504842	-0.0550448	0.0386173	-0.0212462
0.339469	0.0252389	0.504817	-0.0587842	0.0344893	-0.0256936
0.339412	0.0252729	0.504796	-0.0570325	0.0340108	-0.0208069
0.339354	0.0253101	0.504778	-0.0573795	0.037168	-0.0179129
0.339297	0.0253436	0.504756	-0.0571918	0.0335083	-0.0219405
0.339243	0.0253849	0.504738	-0.054256	0.0412809	-0.0180044
0.339188	0.0254177	0.504715	-0.0543123	0.0328256	-0.0230915
0.339134	0.0254556	0.504694	-0.0540466	0.0379024	-0.0206726
0.339077	0.0254893	0.504669	-0.0577809	0.0337721	-0.0251229
0.339021	0.0255226	0.504649	-0.0560283	0.0332923	-0.0202351
0.338964	0.0255591	0.504631	-0.0563747	0.0364471	-0.0173401
0.338908	0.0255919	0.50461	-0.0561796	0.032787	-0.0213731
0.338855	0.0256324	0.504593	-0.0532463	0.0405549	-0.0174352
0.338802	0.0256645	0.50457	-0.0532958	0.0320988	-0.0225244
0.338749	0.0257017	0.50455	-0.0530321	0.0371731	-0.0201024
0.338692	0.0257347	0.504525	-0.0567616	0.0330405	-0.0245556
0.338637	0.0257672	0.504506	-0.0550081	0.0325594	-0.0196667
0.338581	0.0258029	0.504489	-0.0553539	0.0357118	-0.0167708
0.338526	0.025835	0.504468	-0.0551516	0.0320514	-0.0208091
0.338474	0.0258748	0.504451	-0.0522207	0.0398146	-0.0168694
0.338422	0.0259062	0.504429	-0.0522635	0.0313579	-0.0219607
0.33837	0.0259426	0.50441	-0.0520019	0.0364297	-0.0195358
0.338314	0.0259749	0.504386	-0.0557265	0.0322949	-0.0239918
0.33826	0.0260067	0.504367	-0.0539721	0.0318125	-0.0191019
0.338206	0.0260416	0.50435	-0.0543174	0.0349626	-0.016205
0.338152	0.0260729	0.50433	-0.054108	0.0313018	-0.0202487
0.338101	0.026112	0.504314	-0.0511795	0.0390604	-0.0163073
0.338049	0.0261426	0.504292	-0.0512157	0.0306031	-0.0214006
0.337998	0.0261782	0.504273	-0.0509561	0.0356725	-0.0189727
0.337944	0.0262098	0.50425	-0.054676	0.0315355	-0.0234316
0.337891	0.0262408	0.504231	-0.0529208	0.0310519	-0.0185406
0.337838	0.026275	0.504216	-0.0532655	0.0341997	-0.0156429
0.337784	0.0263056	0.504196	-0.0530492	0.0305386	-0.0196918
0.337734	0.0263438	0.50418	-0.050123	0.0382927	-0.0157487
0.337684	0.0263737	0.504159	-0.0501528	0.0298348	-0.0208441
0.337634	0.0264086	0.504141	-0.0498951	0.0349018	-0.0184134
0.337581	0.0264393	0.504118	-0.0536105	0.0307627	-0.0228751
0.337529	0.0264696	0.5041	-0.0518544	0.030278	-0.0179831
0.337477	0.026503	0.504085	-0.0521986	0.0334236	-0.0150845
0.337425	0.0265328	0.504066	-0.0519755	0.0297621	-0.0191385
0.337376	0.0265703	0.504051	-0.0490515	0.0375119	-0.0151938
0.337327	0.0265993	0.50403	-0.0490752	0.0290534	-0.0202913
0.337278	0.0266334	0.504012	-0.0488193	0.0341182	-0.0178578
0.337225	0.0266634	0.50399	-0.0525302	0.029977	-0.0223222
0.337174	0.0266929	0.503973	-0.0507733	0.0294911	-0.0174294
0.337123	0.0267255	0.503958	-0.0511169	0.0326345	-0.0145299
0.337072	0.0267545	0.50394	-0.0508873	0.0289728	-0.018589
0.337025	0.0267912	0.503925	-0.0479655	0.0367183	-0.0146427
0.336977	0.0268195	0.503905	-0.047983	0.0282592	-0.0197422
0.336929	0.0268528	0.503888	-0.047729	0.0333218	-0.017306
0.336877	0.0268819	0.503866	-0.0514356	0.0291786	-0.0217732
0.336828	0.0269106	0.503849	-0.0496778	0.0286916	-0.0168794
0.336778	0.0269424	0.503835	-0.0500209	0.0318329	-0.013979
0.336728	0.0269706	0.503817	-0.0497849	0.0281709	-0.0180432
0.336681	0.0270065	0.503803	-0.0468651	0.0359123	-0.0140954
0.336634	0.027034	0.503784	-0.0468767	0.0274527	-0.0191969
0.336588	0.0270665	0.503767	-0.0466245	0.0325131	-0.016758
0.336537	0.0270948	0.503746	-0.0503269	0.0283679	-0.0212279
0.336489	0.0271227	0.503729	-0.0485683	0.0278799	-0.0163332
0.33644	0.0271537	0.503716	-0.0489109	0.0310192	-0.0134321
0.336391	0.0271811	0.503699	-0.0486686	0.0273569	-0.0175011
0.336345	0.0272162	0.503685	-0.0457509	0.0350942	-0.0135519
0.3363	0.0272428	0.503666	-0.0457567	0.0266342	-0.0186554
0.336254	0.0272745	0.50365	-0.0455062	0.0316925	-0.0162139
0.336205	0.027302	0.503629	-0.0492045	0.0275453	-0.0206864
0.336157	0.0273291	0.503614	-0.0474451	0.0270563	-0.0157909
0.33611	0.0273593	0.503601	-0.0477871	0.0301937	-0.012889
0.336062	0.0273858	0.503584	-0.0475388	0.0265312	-0.0169629
0.336018	0.0274201	0.503571	-0.0446231	0.0342645	-0.0130122
0.335973	0.0274459	0.503553	-0.0446233	0.025804	-0.0181177
0.335929	0.0274767	0.503537	-0.0443744	0.0308603	-0.0156736
0.33588	0.0275034	0.503517	-0.0480687	0.0267113	-0.0201488
0.335834	0.0275297	0.503501	-0.0463086	0.0262213	-0.0152525
0.335788	0.027559	0.503489	-0.0466501	0.0293567	-0.0123498
0.335741	0.0275847	0.503473	-0.0463959	0.025694	-0.0164284
0.335698	0.0276181	0.50346	-0.043482	0.0334235	-0.0124763
0.335654	0.0276431	0.503443	-0.0434768	0.0249626	-0.0175837
0.335611	0.0276731	0.503427	-0.0432296	0.030017	-0.0151372
0.335564	0.0276989	0.503408	-0.04692	0.0258661	-0.019615
0.335519	0.0277243	0.503393	-0.0451591	0.0253752	-0.0147179
0.335473	0.0277528	0.503381	-0.0455	0.0285088	-0.0118144
0.335428	0.0277777	0.503365	-0.0452402	0.0248459	-0.0158976
0.335386	0.0278102	0.503353	-0.0423281	0.0325717	-0.0119442
0.335343	0.0278344	0.503336	-0.0423176	0.0241103	-0.0170536
0.335301	0.0278635	0.503322	-0.0420719	0.0291629	-0.0146047
0.335256	0.0278885	0.503303	-0.0457586	0.0250102	-0.019085
0.335212	0.027913	0.503288	-0.0439969	0.0245184	-0.0141871
0.335167	0.0279407	0.503277	-0.0443374	0.0276502	-0.0112829
0.335123	0.0279647	0.503262	-0.044072	0.0239872	-0.0153707
0.335082	0.0279964	0.50325	-0.0411617	0.0317093	-0.011416
0.335041	0.0280196	0.503234	-0.041146	0.0232476	-0.0165272
0.335	0.0280479	0.50322	-0.0409019	0.0282984	-0.0140759
0.334956	0.028072	0.503201	-0.0445849	0.024144	-0.0185587
0.334913	0.0280957	0.503188	-0.0428225	0.0236513	-0.0136601
0.33487	0.0281225	0.503177	-0.0431625	0.0267814	-0.0107552
0.334827	0.0281456	0.503162	-0.0428918	0.0231183	-0.0148474
0.334787	0.0281764	0.503151	-0.0399832	0.0308369	-0.0108915
0.334747	0.0281988	0.503135	-0.0399624	0.0223748	-0.0160046
0.334707	0.0282262	0.503121	-0.0397198	0.0274239	-0.013551
0.334664	0.0282495	0.503103	-0.0433993	0.0232678	-0.0180363
0.334622	0.0282722	0.50309	-0.0416362	0.0227743	-0.0131369
0.33458	0.0282981	0.50308	-0.0419757	0.0259028	-0.0102314
0.334538	0.0283204	0.503066	-0.0416998	0.0222395	-0.0143279
0.334499	0.0283503	0.503055	-0.0387928	0.0299547	-0.0103707
0.334461	0.0283719	0.50304	-0.0387672	0.0214924	-0.0154856
0.334422	0.0283984	0.503027	-0.038526	0.0265398	-0.0130299
0.33438	0.0284207	0.503009	-0.0422022	0.022382	-0.0175175
0.33434	0.0284426	0.502997	-0.0404384	0.0218878	-0.0126174
0.334299	0.0284676	0.502987	-0.0407773	0.0250148	-0.0097112
0.334258	0.028489	0.502973	-0.0404964	0.0213514	-0.013812
0.334221	0.0285181	0.502963	-0.037591	0.0290633	-0.00985362
0.334183	0.0285387	0.502948	-0.0375608	0.0206006	-0.0149703
0.334146	0.0285643	0.502936	-0.0373209	0.0256465	-0.0125124
0.334105	0.0285858	0.502919	-0.0409938	0.0214871	-0.0170023
0.334066	0.0286068	0.502907	-0.0392294	0.0209923	-0.0121016
0.334026	0.0286309	0.502897	-0.0395678	0.0241177	-0.00919473
0.333987	0.0286514	0.502884	-0.0392821	0.0204542	-0.0132996
0.33395	0.0286795	0.502875	-0.0363782	0.0281629	-0.00934014
0.333914	0.0286992	0.50286	-0.0363434	0.0197	-0.0144585
0.333878	0.0287239	0.502848	-0.0361049	0.0247444	-0.0119986
0.333838	0.0287445	0.502832	-0.0397747	0.0205835	-0.0164908
0.3338	0.0287646	0.50282	-0.0380095	0.020088	-0.0115894
0.333762	0.0287878	0.502812	-0.0383475	0.023212	-0.00868187
0.333724	0.0288074	0.502799	-0.0380571	0.0195485	-0.0127908
0.333689	0.0288346	0.50279	-0.0351546	0.0272541	-0.00883021
0.333654	0.0288534	0.502776	-0.0351155	0.018791	-0.0139503
0.333619	0.0288772	0.502764	-0.0348783	0.0238339	-0.0114883
0.33358	0.0288969	0.502748	-0.038545	0.0196715	-0.0159827
0.333543	0.0289161	0.502737	-0.0367792	0.0191754	-0.0110806
0.333506	0.0289384	0.502729	-0.0371167	0.0222981	-0.00817255
0.333469	0.028957	0.502717	-0.0368219	0.0186345	-0.0122853
0.333435	0.0289833	0.502709	-0.0339207	0.0263372	-0.00832374
0.333402	0.0290012	0.502695	-0.0338774	0.0178739	-0.0134455
0.333368	0.0290241	0.502684	-0.0336414	0.0229155	-0.0109816
0.333331	0.0290429	0.502669	-0.0373053	0.0187516	-0.0154781
0.333295	0.0290611	0.502658	-0.0355389	0.018255	-0.0105754
0.333259	0.0290825	0.50265	-0.0358759	0.0213764	-0.00766667
0.333224	0.0291002	0.502639	-0.0355767	0.0177127	-0.0117832
0.333191	0.0291256	0.502631	-0.0326769	0.0254126	-0.00782064
0.333158	0.0291426	0.502618	-0.0326296	0.0169491	-0.012944
0.333126	0.0291646	0.502607	-0.0323947	0.0219895	-0.0104782
0.33309	0.0291824	0.502592	-0.0360558	0.0178242	-0.0149767
0.333056	0.0291997	0.502582	-0.0342888	0.017327	-0.0100734
0.333021	0.0292201	0.502575	-0.0346254	0.0204473	-0.00716415
0.332987	0.029237	0.502564	-0.0343221	0.0167836	-0.0112844
0.332955	0.0292614	0.502557	-0.0314234	0.0244808	-0.00732081
0.332924	0.0292775	0.502544	-0.0313723	0.0160171	-0.0124457
0.332893	0.0292985	0.502534	-0.0311385	0.0210563	-0.00997805
0.332858	0.0293154	0.50252	-0.034797	0.0168897	-0.0144786
0.332825	0.0293318	0.50251	-0.0330294	0.0163921	-0.00957473
0.332792	0.0293513	0.502503	-0.0333655	0.0195112	-0.00666487
0.332759	0.0293671	0.502493	-0.0330583	0.0158475	-0.0107886
0.332728	0.0293907	0.502486	-0.0301608	0.0235421	-0.00682415
0.332698	0.0294058	0.502474	-0.0301059	0.0150782	-0.0119505
0.332668	0.0294258	0.502464	-0.0298733	0.0201164	-0.00948112
0.332635	0.0294418	0.50245	-0.0335292	0.0159485	-0.0139836
0.332603	0.0294572	0.502441	-0.0317611	0.0154504	-0.00907916
0.332571	0.0294758	0.502435	-0.0320967	0.0185685	-0.00616873
0.332539	0.0294907	0.502425	-0.0317857	0.0149048	-0.0102959
0.33251	0.0295133	0.502418	-0.0288893	0.0225969	-0.00633054
0.332481	0.0295275	0.502407	-0.0288309	0.014133	-0.0114583
0.332453	0.0295466	0.502398	-0.0285992	0.0191702	-0.00898726
0.332421	0.0295616	0.502385	-0.0322528	0.0150009	-0.0134916
0.33239	0.0295761	0.502376	-0.0304841	0.0145026	-0.00858658
0.332359	0.0295937	0.50237	-0.0308193	0.0176197	-0.0056756
0.332329	0.0296077	0.50236	-0.0305047	0.013956	-0.00980606
0.332301	0.0296293	0.502355	-0.0276093	0.0216458	-0.00583986
0.332274	0.0296425	0.502344	-0.0275476	0.0131817	-0.010969
0.332246	0.0296607	0.502335	-0.0273169	0.0182181	-0.00849632
0.332215	0.0296748	0.502322	-0.0309682	0.0140475	-0.0130025
0.332186	0.0296883	0.502314	-0.029199	0.0135489	-0.00809688
0.332157	0.029705	0.502309	-0.0295337	0.0166652	-0.00518536
0.332127	0.029718	0.5023	-0.0292157	0.0130014	-0.00931898
0.332101	0.0297387	0.502294	-0.0263212	0.020689	-0.00535198
0.332075	0.0297509	0.502284	-0.0262564	0.0122249	-0.0104825
0.332049	0.0297682	0.502276	-0.0260265	0.0172604	-0.00800819
0.332019	0.0297812	0.502263	-0.0296758	0.0130887	-0.0125161
0.331991	0.0297938	0.502256	-0.027906	0.0125898	-0.00760993
0.331963	0.0298095	0.502251	-0.0282403	0.0157053	-0.00469787
0.331935	0.0298216	0.502242	-0.027919	0.0120416	-0.00883452
0.33191	0.0298413	0.502237	-0.0250255	0.019727	-0.00486676
0.331885	0.0298526	0.502227	-0.0249576	0.0112628	-0.0099985
0.33186	0.0298689	0.50222	-0.0247286	0.0162977	-0.00752273
0.331832	0.029881	0.502208	-0.0283758	0.0121248	-0.0120322
0.331805	0.0298926	0.5022	-0.0266056	0.0116257	-0.00712557
0.331779	0.0299073	0.502196	-0.0269395	0.0147405	-0.00421298
0.331752	0.0299185	0.502188	-0.0266151	0.0110768	-0.00835254
0.331728	0.0299372	0.502183	-0.0237224	0.0187603	-0.00438406
0.331705	0.0299475	0.502174	-0.0236517	0.0102961	-0.009517
0.331681	0.0299628	0.502167	-0.0234235	0.0153303	-0.00703979
0.331654	0.029974	0.502155	-0.0270688	0.0111563	-0.0115509
0.331629	0.0299846	0.502149	-0.0252981	0.0106571	-0.00664367
0.331603	0.0299984	0.502145	-0.0256316	0.0137713	-0.00373057
0.331578	0.0300085	0.502137	-0.0253043	0.0101076	-0.00787289
0.331555	0.0300263	0.502133	-0.0224123	0.0177892	-0.00390372
0.331533	0.0300357	0.502124	-0.0223389	0.00932495	-0.0090378
0.331511	0.03005	0.502118	-0.0221115	0.0143586	-0.00655921
0.331485	0.0300602	0.502107	-0.0257551	0.0101836	-0.0110718
0.331461	0.0300699	0.5021	-0.023984	0.00968429	-0.00616406
0.331437	0.0300826	0.502097	-0.024317	0.0127979	-0.00325045
0.331413	0.0300918	0.50209	-0.023987	0.00913428	-0.00739542
0.331392	0.0301086	0.502086	-0.0210957	0.0168142	-0.0034256
0.331371	0.030117	0.502078	-0.0210198	0.00834992	-0.00856076
0.33135	0.0301303	0.502072	-0.020793	0.0133832	-0.00608085
0.331326	0.0301395	0.502061	-0.024435	0.00920709	-0.0105948
0.331303	0.0301482	0.502055	-0.0226635	0.00870777	-0.0056866
0.33128	0.03016	0.502053	-0.0229961	0.011821	-0.00277249
0.331257	0.0301682	0.502046	-0.0226635	0.00815733	-0.00691996
0.331237	0.0301841	0.502043	-0.0197729	0.0158356	-0.00294953
0.331218	0.0301915	0.502035	-0.0196947	0.00737138	-0.0080857
0.331198	0.0302038	0.502029	-0.0194685	0.0124043	-0.00560454
0.331175	0.0302121	0.502019	-0.023109	0.00822721	-0.0101198
0.331154	0.0302198	0.502014	-0.0213371	0.00772794	-0.00521111
0.331132	0.0302306	0.502011	-0.0216693	0.0108408	-0.00229651
0.331111	0.0302378	0.502005	-0.0213344	0.00717716	-0.00644634
0.331092	0.0302527	0.502002	-0.0184442	0.014854	-0.00247534
0.331074	0.0302591	0.501995	-0.0183639	0.00638977	-0.00761246
0.331056	0.0302705	0.50199	-0.0181383	0.0114224	-0.0051301
0.331034	0.0302777	0.50198	-0.0217775	0.00724439	-0.00964663
0.331014	0.0302845	0.501975	-0.0200052	0.00674521	-0.00473744
0.330994	0.0302943	0.501974	-0.020337	0.00985773	-0.00182235
0.330974	0.0303005	0.501968	-0.0199998	0.00619418	-0.0059744
0.330957	0.0303144	0.501966	-0.0171102	0.0138697	-0.00200287
0.33094	0.0303198	0.501958	-0.0170279	0.00540548	-0.00714087
0.330923	0.0303302	0.501954	-0.0168028	0.010438	-0.00465738
0.330902	0.0303365	0.501945	-0.0204408	0.00625904	-0.00917507
0.330884	0.0303422	0.50194	-0.0186681	0.00576	-0.00426539
0.330865	0.0303511	0.501939	-0.0189995	0.00887232	-0.00134982
0.330846	0.0303564	0.501933	-0.0186603	0.00520881	-0.00550397
0.33083	0.0303692	0.501932	-0.0157711	0.0128831	-0.00153194
0.330815	0.0303737	0.501925	-0.015687	0.00441895	-0.00667076
0.330799	0.0303831	0.501921	-0.0154624	0.00945138	-0.0041862
0.33078	0.0303883	0.501912	-0.0190992	0.00527156	-0.00870496
0.330763	0.0303931	0.501909	-0.0173263	0.00477274	-0.00379481
0.330745	0.030401	0.501908	-0.0176573	0.00788493	-0.000878765
0.330728	0.0304053	0.501903	-0.0173162	0.00422146	-0.00503486
0.330713	0.0304171	0.501902	-0.0144274	0.0118947	-0.00106237
0.330699	0.0304206	0.501895	-0.0143416	0.00343059	-0.00620194
0.330685	0.030429	0.501892	-0.0141175	0.00846304	-0.00371637
0.330667	0.0304333	0.501883	-0.0177533	0.0042824	-0.00823612
0.330651	0.0304371	0.50188	-0.01598	0.00378383	-0.00332551
0.330635	0.030444	0.50188	-0.0163107	0.00689599	-0.000408991
0.330619	0.0304472	0.501875	-0.015968	0.00323257	-0.00456689
0.330606	0.0304581	0.501874	-0.0130794	0.0109048	-0.000593977
0.330593	0.0304606	0.501869	-0.0129922	0.00244082	-0.00573423
0.33058	0.030468	0.501866	-0.0127684	0.00747339	-0.00324771
0.330564	0.0304713	0.501858	-0.0164034	0.00329195	-0.00776837
0.330549	0.0304741	0.501855	-0.0146298	0.0027937	-0.0028573
0.330534	0.03048	0.501855	-0.0149601	0.00590591	5.96832e-05
0.330519	0.0304823	0.501851	-0.0146159	0.00224253	-0.00409989
0.330508	0.0304922	0.501851	-0.0117275	0.00991399	-0.000126585
0.330496	0.0304937	0.501845	-0.011639	0.00145006	-0.00526745
0.330485	0.0305001	0.501843	-0.0114155	0.00648284	-0.00278004
0.33047	0.0305024	0.501835	-0.0150498	0.00230064	-0.00730152
0.330456	0.0305042	0.501833	-0.013276	0.00180276	-0.00239
0.330443	0.0305091	0.501834	-0.0136059	0.00491511	0.000527442
0.330429	0.0305104	0.50183	-0.0132603	0.00125178	-0.00363365
0.330419	0.0305193	0.50183	-0.0103721	0.00892255	0.000339998
0.330409	0.0305198	0.501825	-0.0102825	0.00045871	-0.00480141
0.330399	0.0305253	0.501823	-0.0100593	0.0054918	-0.00231318
0.330385	0.0305266	0.501816	-0.013693	0.00130888	-0.00683539
0.330373	0.0305274	0.501814	-0.0119189	0.000811439	-0.00192342
0.330361	0.0305313	0.501815	-0.0122484	0.003924	0.000994475
0.330349	0.0305316	0.501812	-0.0119018	0.000260718	-0.003168
0.33034	0.0305395	0.501813	-0.00901364	0.00793093	0.00080596
0.330331	0.030539	0.501809	-0.00892311	-0.000532799	-0.00433592
0.330322	0.0305435	0.501807	-0.00870004	0.0045007	-0.00184692
0.33031	0.0305438	0.5018	-0.0123333	0.000317093	-0.00636979
0.330299	0.0305436	0.501799	-0.0105591	-0.00017986	-0.00145738
0.330289	0.0305465	0.5018	-0.0108882	0.002933	0.00146097
0.330278	0.0305458	0.501798	-0.0105406	-0.000730231	-0.00270274
0.33027	0.0305528	0.501799	-0.00765245	0.00693956	0.00127149
0.330263	0.0305513	0.501795	-0.00756115	-0.00152405	-0.0038708
0.330255	0.0305547	0.501794	-0.00733823	0.00350994	-0.00138109
0.330245	0.0305541	0.501788	-0.0109712	-0.00067431	-0.00590452
0.330235	0.0305529	0.501787	-0.00919676	-0.00117072	-0.000991675
0.330226	0.0305548	0.501789	-0.00952555	0.00194254	0.00192712
0.330217	0.0305531	0.501787	-0.00917708	-0.00172065	-0.00223769
0.33021	0.0305591	0.501788	-0.00628893	0.00594884	0.00173678
0.330204	0.0305566	0.501785	-0.00619704	-0.00251464	-0.00340584
0.330198	0.0305591	0.501784	-0.00597422	0.00251994	-0.000915494
0.330189	0.0305574	0.501778	-0.00960696	-0.00166492	-0.00543939
0.330181	0.0305552	0.501778	-0.0078324	-0.00216072	-0.000526123
0.330173	0.0305562	0.50178	-0.00816083	0.000953009	0.00239312
0.330165	0.0305535	0.501779	-0.00781174	-0.00271014	-0.00177265
0.33016	0.0305585	0.501781	-0.00492348	0.00495919	0.00220203
0.330155	0.030555	0.501778	-0.00483117	-0.00350415	-0.00294086
0.33015	0.0305565	0.501777	-0.00460839	0.00153112	-0.000449934
0.330142	0.0305538	0.501772	-0.00824106	-0.00265431	-0.00497422
0.330136	0.0305507	0.501772	-0.00646637	-0.00314946	-6.05277e-05
0.330129	0.0305506	0.501775	-0.00679446	-3.51658e-05	0.00285915
0.330122	0.030547	0.501774	-0.00644491	-0.00369827	-0.00130742
0.330119	0.0305509	0.501777	-0.00355648	0.00397102	0.00266741
0.330115	0.0305465	0.501774	-0.00346393	-0.00449217	-0.00247567
0.330112	0.030547	0.501774	-0.00324113	0.000543887	1.57782e-05
0.330105	0.0305433	0.50177	-0.00687386	-0.00364208	-0.0045088
0.3301	0.0305392	0.50177	-0.00509908	-0.00413651	0.000405302
0.330095	0.0305381	0.501773	-0.00542683	-0.00102158	0.00332541
0.33009	0.0305335	0.501772	-0.00507699	-0.00468464	-0.000841826
0.330088	0.0305365	0.501776	-0.00218833	0.00298474	0.00313313
0.330085	0.030531	0.501774	-0.0020957	-0.00547829	-0.00201007
0.330084	0.0305305	0.501774	-0.00187284	-0.00044135	0.000481835
0.330078	0.0305259	0.50177	-0.00550576	-0.00462782	-0.00404296
0.330074	0.0305208	0.501771	-0.0037309	-0.00512148	0.000871558
0.33007	0.0305188	0.501775	-0.00405832	-0.00200581	0.0037921
0.330067	0.0305131	0.501774	-0.00370837	-0.00566884	-0.000375663
0.330066	0.0305151	0.501778	-0.000819406	0.00200077	0.00359938
0.330065	0.0305087	0.501776	-0.000726881	-0.00646209	-0.00154388
0.330064	0.0305072	0.501777	-0.000503906	-0.00142418	0.000948427
0.33006	0.0305016	0.501774	-0.00413714	-0.00561111	-0.00357649
0.330058	0.0304955	0.501775	-0.00236224	-0.00610395	0.00133843
0.330055	0.0304925	0.501779	-0.00268933	-0.00298745	0.0042594
0.330053	0.0304859	0.501779	-0.00233944	-0.00665045	9.12538e-05
0.330054	0.0304869	0.501784	0.000549888	0.00101952	0.00406635
0.330054	0.0304795	0.501782	0.000642139	-0.00744317	-0.0010769
0.330055	0.0304771	0.501784	0.000865282	-0.00240419	0.00141574
0.330052	0.0304705	0.501781	-0.0027684	-0.00659156	-0.00310922
0.330051	0.0304634	0.501783	-0.000993473	-0.00708351	0.00180611
0.33005	0.0304594	0.501787	-0.00132025	-0.00396611	0.0047275
0.330049	0.0304518	0.501788	-0.000970595	-0.00762907	0.000559116
0.330051	0.0304518	0.501792	0.00191916	4.13815e-05	0.00453422
0.330053	0.0304434	0.501792	0.00201097	-0.00842112	-0.000608946
0.330055	0.03044	0.501794	0.00223433	-0.00338098	0.00188397
0.330054	0.0304325	0.501791	-0.00139993	-0.00756875	-0.00264094
0.330054	0.0304244	0.501793	0.000374998	-0.00805976	0.00227477
0.330054	0.0304194	0.501798	4.85334e-05	-0.00494136	0.00519658
0.330055	0.0304109	0.5018	0.000397778	-0.0086043	0.00102811
0.330058	0.0304099	0.501805	0.00328803	-0.00093323	0.00500319
0.330061	0.0304006	0.501804	0.00337922	-0.00939554	-0.000139832
0.330065	0.0303962	0.501807	0.00360285	-0.00435414	0.0023533
0.330065	0.0303876	0.501805	-3.21163e-05	-0.00854227	-0.00217148
0.330067	0.0303786	0.501807	0.00174278	-0.00903229	0.00274462
0.330068	0.0303727	0.501813	0.00141662	-0.00591282	0.00566684
0.33007	0.0303631	0.501814	0.00176529	-0.00957572	0.00149841
0.330074	0.0303612	0.50182	0.00465609	-0.00190391	0.00547343
0.330079	0.0303509	0.50182	0.00474649	-0.010366	0.000330625
0.330084	0.0303455	0.501823	0.00497045	-0.00532327	0.0028239
0.330085	0.030336	0.501821	0.00133465	-0.00951173	-0.00170065
0.330089	0.030326	0.501825	0.0031095	-0.0100007	0.00321583
0.330091	0.0303191	0.501831	0.00278363	-0.00688007	0.00613846
0.330094	0.0303086	0.501833	0.00313154	-0.010543	0.00197022
0.3301	0.0303057	0.501839	0.00602296	-0.00287026	0.00594512
0.330107	0.0302944	0.501839	0.0061124	-0.0113322	0.000802607
0.330113	0.0302881	0.501843	0.00633673	-0.00628797	0.00329597
0.330116	0.0302776	0.501842	0.00269997	-0.0104767	-0.00122828
0.33012	0.0302666	0.501845	0.00447474	-0.0109646	0.00368857
0.330124	0.0302588	0.501852	0.00414916	-0.00784271	0.00661161
0.330129	0.0302473	0.501854	0.00449614	-0.0115056	0.0024437
0.330136	0.0302435	0.501861	0.00738824	-0.00383188	0.00641846
0.330144	0.0302312	0.501862	0.00747655	-0.0122936	0.00127629
0.330151	0.0302239	0.501866	0.00770131	-0.00724783	0.00376968
0.330155	0.0302125	0.501865	0.00406346	-0.0114368	-0.000754183
0.330161	0.0302006	0.501869	0.00583812	-0.0119236	0.00416303
0.330167	0.0301917	0.501876	0.00551282	-0.00880035	0.00708647
0.330173	0.0301793	0.501879	0.0058587	-0.0124632	0.00291902
0.330181	0.0301745	0.501886	0.00875155	-0.00478837	0.0068936
0.33019	0.0301613	0.501888	0.00883856	-0.0132498	0.00175185
0.330199	0.0301531	0.501892	0.00906379	-0.00820246	0.00424521
0.330205	0.0301407	0.501892	0.00542472	-0.0123917	-0.00027819
0.330212	0.0301278	0.501896	0.00719925	-0.0128772	0.00463938
0.330219	0.030118	0.501904	0.00687422	-0.00975258	0.00756321
0.330226	0.0301046	0.501907	0.00721883	-0.0134154	0.00339637
0.330236	0.0300989	0.501915	0.0101125	-0.00573933	0.00737072
0.330246	0.0300847	0.501917	0.010198	-0.0142006	0.00222945
0.330257	0.0300755	0.501922	0.0104238	-0.00915147	0.00472271
0.330263	0.0300622	0.501922	0.00678337	-0.0133409	0.000199866
0.330272	0.0300484	0.501927	0.00855774	-0.0138251	0.00511778
0.33028	0.0300376	0.501935	0.00823296	-0.010699	0.008042
0.330289	0.0300233	0.501939	0.00857614	-0.0143618	0.00387591
0.3303	0.0300166	0.501947	0.0114706	-0.00668437	0.00784999
0.330312	0.0300015	0.501949	0.0115546	-0.0151454	0.00270926
0.330324	0.0299914	0.501955	0.0117809	-0.0100945	0.00520236
0.330332	0.0299771	0.501955	0.008139	-0.014284	0.000680149
0.330342	0.0299623	0.501961	0.00991319	-0.014767	0.0055984
0.330351	0.0299507	0.501969	0.00958866	-0.0116393	0.008523
0.330361	0.0299354	0.501974	0.00993022	-0.0153021	0.00435779
0.330374	0.0299278	0.501982	0.0128257	-0.00762309	0.00833157
0.330387	0.0299117	0.501985	0.0129078	-0.0160838	0.00319144
0.3304	0.0299006	0.501991	0.0131347	-0.011031	0.00568432
0.33041	0.0298854	0.501992	0.00949123	-0.0152207	0.00116282
0.330421	0.0298697	0.501998	0.0112652	-0.0157023	0.00608139
0.330432	0.0298571	0.502007	0.0109409	-0.012573	0.00900637
0.330443	0.0298409	0.502012	0.0112807	-0.0162358	0.00484218
0.330457	0.0298323	0.502021	0.0141771	-0.00855511	0.00881561
0.330471	0.0298154	0.502025	0.0142572	-0.0170156	0.00367615
0.330486	0.0298034	0.502031	0.0144849	-0.0119608	0.00616874
0.330497	0.0297872	0.502032	0.0108397	-0.0161506	0.00164803
0.330509	0.0297706	0.502039	0.0126134	-0.0166307	0.00656692
0.330522	0.0297571	0.502048	0.0122894	-0.0134997	0.00949226
0.330534	0.0297399	0.502054	0.0126272	-0.0171625	0.00532922
0.33055	0.0297304	0.502063	0.0155246	-0.00948005	0.00930227
0.330565	0.0297125	0.502067	0.0156026	-0.0179403	0.00416353
0.330581	0.0296996	0.502074	0.015831	-0.0128834	0.00665576
0.330593	0.0296825	0.502076	0.0121839	-0.0170733	0.00213592
0.330607	0.029665	0.502083	0.0139574	-0.0175519	0.00705512
0.330621	0.0296505	0.502093	0.0136336	-0.014419	0.00998082
0.330635	0.0296325	0.502099	0.0139693	-0.0180818	0.00581906
0.330652	0.0296221	0.502109	0.0168678	-0.0103975	0.00979168
0.330669	0.0296033	0.502113	0.0169435	-0.0188575	0.00465372
0.330686	0.0295894	0.50212	0.0171726	-0.0137984	0.00714554
0.3307	0.0295714	0.502123	0.0135236	-0.0179883	0.00262665
0.330715	0.029553	0.502131	0.0152968	-0.0184654	0.00754613
0.33073	0.0295376	0.502141	0.0149732	-0.0153307	0.0104722
0.330745	0.0295187	0.502147	0.0153066	-0.0189934	0.00631184
0.330763	0.0295073	0.502158	0.0182063	-0.0113071	0.010284
0.330782	0.0294876	0.502163	0.0182795	-0.0197668	0.00514687
0.3308	0.0294729	0.50217	0.0185095	-0.0147055	0.00763821
0.330815	0.0294539	0.502174	0.0148583	-0.0188954	0.00312033
0.330832	0.0294346	0.502182	0.0166312	-0.0193709	0.0080401
0.330848	0.0294183	0.502193	0.0163078	-0.0162342	0.0109665
0.330865	0.0293985	0.502199	0.0166387	-0.019897	0.00680769
0.330884	0.0293862	0.50221	0.0195397	-0.0122085	0.0107793
0.330904	0.0293656	0.502216	0.0196102	-0.0206679	0.00564309
0.330924	0.02935	0.502224	0.019841	-0.0156042	0.00813389
0.33094	0.0293302	0.502228	0.0161877	-0.0197941	0.00361711
0.330958	0.0293099	0.502236	0.0179602	-0.020268	0.00853714
0.330975	0.0292928	0.502248	0.017637	-0.0171292	0.0114639
0.330993	0.029272	0.502255	0.0179653	-0.020792	0.00730674
0.331014	0.0292589	0.502266	0.0208675	-0.0131012	0.0112778
0.331035	0.0292373	0.502272	0.0209353	-0.0215604	0.00614252
0.331056	0.0292208	0.502281	0.021167	-0.0164942	0.00863271
0.331074	0.0292001	0.502285	0.0175113	-0.020684	0.0041171
0.331093	0.029179	0.502294	0.0192834	-0.0211563	0.00903737
0.331112	0.0291609	0.502306	0.0189604	-0.0180154	0.0119644
0.331131	0.0291393	0.502314	0.0192859	-0.0216782	0.0078091
0.331153	0.0291253	0.502326	0.0221895	-0.013985	0.0117796
0.331176	0.0291029	0.502332	0.0222543	-0.0224439	0.00664527
0.331198	0.0290855	0.502341	0.0224869	-0.0173752	0.00913479
0.331217	0.0290639	0.502346	0.0188287	-0.0215649	0.00462041
0.331238	0.0290419	0.502355	0.0206005	-0.0220354	0.00954092
0.331258	0.0290229	0.502368	0.0202776	-0.0188923	0.0124683
0.331279	0.0290004	0.502376	0.0206001	-0.0225551	0.00831488
0.331302	0.0289855	0.502389	0.0235051	-0.0148594	0.0122847
0.331326	0.0289623	0.502396	0.0235668	-0.023318	0.00715144
0.331349	0.028944	0.502405	0.0238005	-0.0182467	0.00964022
0.33137	0.0289215	0.50241	0.0201397	-0.0224362	0.00512714
0.331391	0.0288986	0.502421	0.021911	-0.022905	0.0100479
0.331413	0.0288788	0.502433	0.0215883	-0.0197596	0.0129755
0.331435	0.0288555	0.502442	0.0219077	-0.0234224	0.00882418
0.33146	0.0288397	0.502455	0.0248141	-0.0157242	0.0127933
0.331485	0.0288156	0.502463	0.0248725	-0.0241824	0.00766114
0.33151	0.0287964	0.502473	0.0251072	-0.0191084	0.0101491
0.331531	0.0287731	0.502479	0.0214437	-0.0232978	0.00563741
0.331554	0.0287494	0.502489	0.0232146	-0.0237648	0.0105583
0.331577	0.0287287	0.502503	0.022892	-0.020617	0.0134863
0.331601	0.0287045	0.502512	0.0232081	-0.0242798	0.0093371
0.331627	0.0286879	0.502525	0.026116	-0.0165788	0.0133055
0.331653	0.0286629	0.502533	0.026171	-0.0250367	0.00817446
0.331679	0.0286429	0.502544	0.0264068	-0.0199599	0.0106616
0.331702	0.0286187	0.50255	0.0227404	-0.0241491	0.00615129
0.331726	0.0285941	0.502561	0.0245109	-0.0246142	0.0110724
0.331751	0.0285726	0.502575	0.0241884	-0.0214641	0.0140006
0.331775	0.0285475	0.502585	0.024501	-0.0251269	0.00985371
0.331803	0.0285301	0.502599	0.0274105	-0.017423	0.0138213
0.33183	0.0285042	0.502608	0.0274619	-0.0258805	0.00869147
0.331858	0.0284834	0.502619	0.0276988	-0.0208009	0.0111776
0.331882	0.0284584	0.502625	0.0240295	-0.0249899	0.00666886
0.331908	0.0284329	0.502637	0.0257994	-0.0254531	0.0115901
0.331933	0.0284106	0.502652	0.0254771	-0.0223004	0.0145186
0.331959	0.0283847	0.502662	0.025786	-0.0259632	0.0103741
0.331987	0.0283664	0.502676	0.0286971	-0.0182564	0.0143409
0.332016	0.0283397	0.502685	0.0287447	-0.0267136	0.00921224
0.332045	0.0283181	0.502697	0.0289829	-0.021631	0.0116974
0.332071	0.0282922	0.502704	0.0253104	-0.0258197	0.00719019
0.332098	0.0282659	0.502716	0.0270799	-0.026281	0.0121116
0.332124	0.0282428	0.502731	0.0267576	-0.0231258	0.0150404
0.332151	0.028216	0.502742	0.0270627	-0.0267886	0.0108983
0.332181	0.0281969	0.502757	0.0299756	-0.0190786	0.0148642
0.332211	0.0281694	0.502767	0.0300192	-0.0275355	0.00973686
0.332242	0.0281469	0.502779	0.0302586	-0.0224499	0.012221
0.332268	0.0281203	0.502787	0.0265829	-0.0266383	0.00771535
0.332297	0.0280932	0.502799	0.0283518	-0.0270976	0.0126369
0.332325	0.0280692	0.502815	0.0280297	-0.0239398	0.0155659
0.332353	0.0280417	0.502826	0.0283308	-0.0276026	0.0114265
0.332384	0.0280218	0.502842	0.0312454	-0.0198894	0.0153914
0.332416	0.0279934	0.502852	0.031285	-0.0283459	0.0102654
0.332447	0.0279702	0.502865	0.0315256	-0.0232572	0.0127483
0.332475	0.0279427	0.502873	0.0278466	-0.0274453	0.00824439
0.332505	0.0279148	0.502886	0.0296149	-0.0279026	0.013166
0.332534	0.02789	0.502902	0.0292929	-0.024742	0.0160952
0.332563	0.0278617	0.502914	0.0295898	-0.0284048	0.0119586
0.332596	0.027841	0.50293	0.0325062	-0.0206883	0.0159225
0.332628	0.0278118	0.502941	0.0325415	-0.0291444	0.0107978
0.332661	0.0277877	0.502954	0.0327835	-0.0240526	0.0132796
0.33269	0.0277595	0.502963	0.029101	-0.0282403	0.00877734
0.332721	0.0277308	0.502977	0.0308688	-0.0286955	0.013699
0.332752	0.0277052	0.502993	0.0305468	-0.0255322	0.0166285
0.332783	0.0276761	0.503006	0.0308394	-0.029195	0.0124946
0.332816	0.0276546	0.503022	0.0337576	-0.021475	0.0164575
0.33285	0.0276247	0.503034	0.0337886	-0.0299308	0.0113342
0.332884	0.0275998	0.503047	0.0340319	-0.0248357	0.0138147
0.332915	0.0275708	0.503057	0.0303459	-0.029023	0.00931424
0.332947	0.0275413	0.503071	0.032113	-0.0294762	0.014236
0.332978	0.027515	0.503088	0.0317911	-0.02631	0.0171656
0.33301	0.027485	0.503101	0.0320792	-0.0299728	0.0130347
0.333045	0.0274628	0.503118	0.0349993	-0.0222492	0.0169965
0.333081	0.0274321	0.50313	0.0350258	-0.0307047	0.0118745
0.333116	0.0274064	0.503144	0.0352705	-0.0256063	0.0143537
0.333147	0.0273766	0.503154	0.0315807	-0.0297931	0.0098551
0.333181	0.0273464	0.503169	0.0333472	-0.0302441	0.0147769
0.333214	0.0273193	0.503187	0.0330253	-0.0270751	0.0177067
0.333247	0.0272886	0.5032	0.0333088	-0.0307378	0.0135788
0.333283	0.0272656	0.503218	0.0362309	-0.0230106	0.0175395
0.33332	0.0272341	0.50323	0.0362526	-0.0314657	0.0124189
0.333356	0.0272077	0.503245	0.0364988	-0.0263639	0.0148967
0.333389	0.0271771	0.503255	0.0328052	-0.0305503	0.0104
0.333423	0.0271462	0.503271	0.0345711	-0.0309991	0.0153217
0.333458	0.0271183	0.503289	0.0342492	-0.0278271	0.0182516
0.333492	0.0270868	0.503303	0.0345278	-0.0314898	0.0141269
0.33353	0.0270631	0.503321	0.0374519	-0.0237589	0.0180864
0.333567	0.0270309	0.503334	0.0374689	-0.0322135	0.0129673
0.333605	0.0270037	0.50335	0.0377165	-0.0271083	0.0154436
0.333639	0.0269724	0.503361	0.034019	-0.0312941	0.0109488
0.333675	0.0269407	0.503376	0.0357842	-0.0317408	0.0158705
0.33371	0.0269121	0.503395	0.0354623	-0.0285658	0.0188006
0.333746	0.0268799	0.50341	0.0357359	-0.0322285	0.014679
0.333785	0.0268554	0.503429	0.0386621	-0.0244936	0.0186373
0.333823	0.0268225	0.503442	0.0386741	-0.0329479	0.0135197
0.333862	0.0267946	0.503458	0.0389232	-0.0278391	0.0159944
0.333897	0.0267625	0.503469	0.0352216	-0.0320244	0.0115016
0.333934	0.0267301	0.503486	0.0369861	-0.0324688	0.0164232
0.333971	0.0267008	0.503505	0.0366642	-0.0292908	0.0193534
0.334008	0.0266678	0.50352	0.0369327	-0.0329534	0.0152352
0.334048	0.0266426	0.50354	0.039861	-0.0252146	0.0191922
0.334088	0.026609	0.503554	0.0398679	-0.0336684	0.014076
0.334128	0.0265804	0.50357	0.0401185	-0.028556	0.0165492
0.334164	0.0265476	0.503582	0.0364128	-0.0327408	0.0120583
0.334202	0.0265144	0.503599	0.0381766	-0.033183	0.0169799
0.33424	0.0264844	0.503619	0.0378547	-0.0300018	0.0199101
0.334278	0.0264508	0.503635	0.0381179	-0.0336644	0.0157953
0.334319	0.0264248	0.503655	0.0410483	-0.0259215	0.019751
0.33436	0.0263905	0.503669	0.0410499	-0.0343749	0.0146363
0.334402	0.0263612	0.503686	0.0413021	-0.0292588	0.0171078
0.334439	0.0263277	0.503699	0.0375922	-0.033443	0.012619
0.334479	0.0262938	0.503717	0.0393552	-0.0338828	0.0175404
0.334518	0.0262631	0.503737	0.0390332	-0.0306985	0.0204707
0.334557	0.0262288	0.503753	0.039291	-0.034361	0.0163594
0.334599	0.0262021	0.503774	0.0422236	-0.0266139	0.0203136
0.334641	0.0261671	0.503789	0.0422198	-0.0350669	0.0152005
0.334684	0.0261371	0.503807	0.0424737	-0.0299471	0.0176702
0.334723	0.026103	0.50382	0.0387593	-0.0341307	0.0131835
0.334763	0.0260684	0.503838	0.0405215	-0.0345682	0.0181048
0.334803	0.026037	0.503859	0.0401995	-0.0313806	0.0210351
0.334844	0.0260021	0.503876	0.0404516	-0.035043	0.0169273
0.334887	0.0259747	0.503897	0.0433865	-0.0272917	0.0208802
0.334931	0.0259389	0.503912	0.0433772	-0.0357442	0.0157685
0.334974	0.0259083	0.503931	0.0436327	-0.0306206	0.0182365
0.335014	0.0258735	0.503944	0.0399138	-0.0348036	0.0137518
0.335056	0.0258382	0.503963	0.0416753	-0.0352387	0.0186729
0.335097	0.0258062	0.503985	0.0413532	-0.0320478	0.0216033
0.335139	0.0257705	0.504002	0.0415995	-0.0357102	0.0174992
0.335183	0.0257425	0.504024	0.0445367	-0.0279545	0.0214504
0.335228	0.0257061	0.50404	0.0445217	-0.0364065	0.0163404
0.335273	0.0256748	0.504059	0.0447789	-0.0312791	0.0188064
0.335314	0.0256393	0.504073	0.0410555	-0.0354614	0.0143238
0.335357	0.0256034	0.504092	0.0428161	-0.0358941	0.0192447
0.335399	0.0255707	0.504114	0.042494	-0.0326998	0.0221751
0.335442	0.0255344	0.504132	0.0427343	-0.0363622	0.0180747
0.335487	0.0255057	0.504154	0.0456738	-0.028602	0.0220244
0.335533	0.0254687	0.504171	0.045653	-0.0370535	0.0169159
0.335579	0.0254367	0.504191	0.045912	-0.0319222	0.01938
0.335621	0.0254006	0.504206	0.0421838	-0.0361038	0.0148996
0.335665	0.0253641	0.504225	0.0439436	-0.0365341	0.0198202
0.335709	0.0253307	0.504248	0.0436213	-0.0333364	0.0227505
0.335753	0.0252938	0.504267	0.0438556	-0.0369987	0.0186539
0.335799	0.0252645	0.504289	0.0467975	-0.0292339	0.022602
0.335846	0.0252268	0.504307	0.0467707	-0.037685	0.017495
0.335893	0.0251942	0.504327	0.0470315	-0.0325497	0.0199571
0.335937	0.0251575	0.504342	0.0432984	-0.0367305	0.0154789
0.335982	0.0251203	0.504363	0.0450574	-0.0371584	0.0203992
0.336026	0.0250864	0.504386	0.0447351	-0.0339573	0.0233294
0.336071	0.0250488	0.504405	0.044963	-0.0376195	0.0192367
0.336119	0.0250189	0.504428	0.0479074	-0.0298501	0.0231831
0.336167	0.0249806	0.504446	0.0478746	-0.0383007	0.0180776
0.336215	0.0249474	0.504467	0.0481371	-0.0331613	0.0205376
0.33626	0.0249101	0.504483	0.0443991	-0.0373414	0.0160616
0.336306	0.0248723	0.504504	0.0461572	-0.0377668	0.0209816
0.336352	0.0248377	0.504528	0.0458347	-0.0345622	0.0239118
0.336398	0.0247995	0.504548	0.0460562	-0.0382243	0.019823
0.336447	0.024769	0.504571	0.0490032	-0.0304501	0.0237677
0.336496	0.0247301	0.50459	0.0489641	-0.0389002	0.0186637
0.336545	0.0246963	0.504611	0.0492285	-0.0337568	0.0211215
0.33659	0.0246584	0.504628	0.0454854	-0.037936	0.0166477
0.336638	0.02462	0.504649	0.0472427	-0.038359	0.0215673
0.336685	0.0245849	0.504674	0.04692	-0.0351509	0.0244974
0.336732	0.0245461	0.504694	0.0471349	-0.0388128	0.0204126
0.336782	0.024515	0.504719	0.0500844	-0.0310338	0.0243555
0.336832	0.0244755	0.504738	0.050039	-0.0394834	0.019253
0.336882	0.0244412	0.50476	0.0503053	-0.0343358	0.0217086
0.336929	0.0244026	0.504777	0.0465571	-0.0385143	0.017237
0.336977	0.0243637	0.504799	0.0483134	-0.0389347	0.0221562
0.337025	0.024328	0.504824	0.0479906	-0.0357231	0.0250861
0.337073	0.0242886	0.504845	0.0481987	-0.0393849	0.0210054
0.337124	0.024257	0.50487	0.0511508	-0.031601	0.0249464
0.337175	0.0242169	0.50489	0.051099	-0.04005	0.0198455
0.337227	0.024182	0.504912	0.0513672	-0.0348982	0.0222988
0.337274	0.0241429	0.50493	0.0476137	-0.0390758	0.0178294
0.337324	0.0241034	0.504953	0.0493691	-0.0394937	0.0227481
0.337373	0.0240671	0.504978	0.0490461	-0.0362785	0.0256779
0.337422	0.0240272	0.505	0.0492473	-0.0399401	0.0216012
0.337474	0.023995	0.505025	0.0522021	-0.0321513	0.0255404
0.337526	0.0239544	0.505046	0.0521436	-0.0405998	0.0204409
0.337579	0.0239189	0.505069	0.0524138	-0.0354437	0.0228919
0.337627	0.0238793	0.505087	0.0486549	-0.0396205	0.0184248
0.337678	0.0238393	0.50511	0.0504094	-0.0400358	0.023343
0.337728	0.0238024	0.505137	0.0500862	-0.036817	0.0262725
0.337778	0.023762	0.505159	0.0502804	-0.0404785	0.0222
0.337832	0.0237293	0.505185	0.0532378	-0.0326845	0.0261372
0.337885	0.0236881	0.505206	0.0531726	-0.0411324	0.0210392
0.337938	0.0236521	0.50523	0.0534448	-0.0359721	0.0234877
0.337988	0.023612	0.505249	0.0496804	-0.040148	0.0190229
0.338039	0.0235714	0.505272	0.051434	-0.0405608	0.0239405
0.33809	0.023534	0.505299	0.0511105	-0.0373382	0.0268698
0.338142	0.0234931	0.505322	0.0512975	-0.0409995	0.0228015
0.338196	0.0234598	0.505349	0.0542577	-0.0332004	0.0267366
0.33825	0.0234182	0.50537	0.0541857	-0.0416478	0.0216402
0.338305	0.0233817	0.505394	0.0544598	-0.0364832	0.0240862
0.338355	0.023341	0.505414	0.0506899	-0.0406581	0.0196236
0.338408	0.0232999	0.505439	0.0524425	-0.0410683	0.0245406
0.33846	0.0232621	0.505466	0.0521188	-0.0378421	0.0274697
0.338512	0.0232206	0.505489	0.0522985	-0.0415032	0.0234056
0.338567	0.0231869	0.505517	0.0552614	-0.0336988	0.0273386
0.338623	0.0231447	0.505539	0.0551825	-0.0421457	0.0222436
0.338678	0.0231077	0.505564	0.0554587	-0.0369767	0.024687
0.33873	0.0230665	0.505584	0.0516831	-0.0411506	0.0202267
0.338783	0.023025	0.505609	0.0534347	-0.0415583	0.0251431
0.338836	0.0229866	0.505637	0.0531108	-0.0383283	0.0280718
0.33889	0.0229447	0.505661	0.0532829	-0.0419892	0.024012
0.338946	0.0229104	0.505689	0.0562487	-0.0341795	0.0279429
0.339002	0.0228678	0.505712	0.0561627	-0.0426258	0.0228493
0.339058	0.0228303	0.505737	0.0564409	-0.0374524	0.0252901
0.339111	0.0227887	0.505758	0.0526595	-0.0416254	0.020832
0.339166	0.0227467	0.505784	0.0544102	-0.0420304	0.0257477
0.33922	0.0227078	0.505812	0.054086	-0.0387967	0.0286761
0.339274	0.0226654	0.505837	0.0542504	-0.0424574	0.0246206
0.339331	0.0226307	0.505865	0.0572191	-0.0346423	0.0285493
0.339388	0.0225877	0.505889	0.0571259	-0.043088	0.023457
0.339446	0.0225497	0.505915	0.0574063	-0.0379102	0.0258951
0.339499	0.0225076	0.505936	0.053619	-0.0420821	0.0214393
0.339555	0.0224651	0.505963	0.0553687	-0.0424846	0.0263542
0.33961	0.0224258	0.505992	0.0550442	-0.039247	0.0292823
0.339665	0.022383	0.506017	0.0552009	-0.0429075	0.0252311
0.339723	0.0223478	0.506046	0.0581724	-0.035087	0.0291576
0.339781	0.0223043	0.50607	0.058072	-0.0435321	0.0240666
0.339839	0.0222659	0.506097	0.0583545	-0.0383497	0.026502
0.339894	0.0222234	0.506119	0.0545612	-0.0425207	0.0220484
0.33995	0.0221805	0.506146	0.0563098	-0.0429205	0.0269625
0.340006	0.0221408	0.506176	0.0559851	-0.0396792	0.0298902
0.340062	0.0220974	0.506201	0.0561338	-0.0433394	0.0258434
0.340122	0.0220619	0.506231	0.0591083	-0.0355134	0.0297675
0.340181	0.0220179	0.506256	0.0590005	-0.0439578	0.0246779
0.34024	0.0219791	0.506283	0.0592851	-0.038771	0.0271104
0.340295	0.0219362	0.506306	0.0554858	-0.0429409	0.022659
0.340353	0.0218928	0.506333	0.0572334	-0.0433381	0.0275723
0.34041	0.0218527	0.506364	0.0569084	-0.0400929	0.0304995
0.340467	0.021809	0.50639	0.057049	-0.0437529	0.0264571
0.340527	0.021773	0.50642	0.0600265	-0.0359213	0.0303788
0.340587	0.0217287	0.506446	0.0599112	-0.0443651	0.0252905
0.340647	0.0216895	0.506473	0.060198	-0.0391738	0.0277201
0.340703	0.0216461	0.506497	0.0563925	-0.0433425	0.0232709
0.340761	0.0216023	0.506525	0.0581391	-0.0437372	0.0281834
0.340819	0.0215618	0.506556	0.0578137	-0.0404881	0.0311101
0.340877	0.0215177	0.506583	0.0579461	-0.0441479	0.0270721
0.340938	0.0214814	0.506614	0.0609267	-0.0363106	0.0309913
0.340999	0.0214366	0.50664	0.0608037	-0.0447538	0.0259043
0.34106	0.021397	0.506668	0.0610928	-0.0395578	0.0283309
0.341117	0.0213533	0.506692	0.0572811	-0.0437255	0.0238839
0.341176	0.0213091	0.506721	0.0590266	-0.0441176	0.0287954
0.341235	0.0212683	0.506752	0.0587009	-0.0408646	0.0317216
0.341294	0.0212238	0.50678	0.0588249	-0.0445241	0.027688
0.341356	0.021187	0.506812	0.0618085	-0.0366811	0.0316048
0.341417	0.0211419	0.506838	0.0616779	-0.0451236	0.0265189
0.341479	0.021102	0.506867	0.0619692	-0.0399231	0.0289424
0.341537	0.0210578	0.506892	0.0581511	-0.0440897	0.0244976
0.341597	0.0210134	0.506921	0.0598956	-0.0444791	0.0294081
0.341657	0.0209721	0.506953	0.0595695	-0.0412222	0.0323338
0.341717	0.0209272	0.506982	0.059685	-0.0448814	0.0283046
0.341779	0.0208902	0.507014	0.0626718	-0.0370326	0.0322188
0.341842	0.0208447	0.507041	0.0625334	-0.0454745	0.0271341
0.341905	0.0208044	0.50707	0.0628269	-0.0402694	0.0295546
0.341964	0.0207599	0.507096	0.0590024	-0.0444348	0.0251119
0.342024	0.0207151	0.507126	0.0607459	-0.0448216	0.0300213
0.342085	0.0206735	0.507158	0.0604194	-0.0415608	0.0329464
0.342145	0.0206283	0.507187	0.0605262	-0.0452197	0.0289217
0.342209	0.0205909	0.50722	0.0635162	-0.0373651	0.0328333
0.342272	0.0205451	0.507248	0.0633699	-0.0458064	0.0277496
0.342336	0.0205045	0.507278	0.0636657	-0.0405966	0.0301669
0.342396	0.0204597	0.507304	0.0598347	-0.0447608	0.0257263
0.342457	0.0204146	0.507334	0.0615772	-0.045145	0.0306347
0.342519	0.0203726	0.507368	0.0612503	-0.0418803	0.0335591
0.34258	0.0203271	0.507397	0.0613483	-0.0455389	0.0295389
0.342644	0.0202894	0.507431	0.0643415	-0.0376784	0.0334477
0.342708	0.0202433	0.507459	0.0641872	-0.046119	0.0283651
0.342773	0.0202024	0.50749	0.0644854	-0.0409045	0.0307792
0.342834	0.0201573	0.507516	0.0606478	-0.0450676	0.0263407
0.342896	0.0201118	0.507548	0.0623891	-0.0454492	0.0312479
0.342958	0.0200696	0.507582	0.0620618	-0.0421806	0.0341717
0.34302	0.0200238	0.507612	0.0621509	-0.0458388	0.0301559
0.343085	0.0199858	0.507646	0.0651474	-0.0379724	0.034062
0.34315	0.0199394	0.507675	0.064985	-0.0464123	0.0289804
0.343216	0.0198981	0.507706	0.0652855	-0.0411932	0.0313911
0.343277	0.0198528	0.507733	0.0614412	-0.045355	0.0269547
0.34334	0.019807	0.507765	0.0631815	-0.0457341	0.0318607
0.343403	0.0197645	0.5078	0.0628538	-0.0424615	0.0347837
0.343466	0.0197184	0.50783	0.0629339	-0.0461193	0.0307724
0.343532	0.0196801	0.507865	0.0659336	-0.038247	0.0346757
0.343598	0.0196335	0.507895	0.0657631	-0.0466862	0.029595
0.343664	0.0195919	0.507927	0.066066	-0.0414624	0.0320024
0.343726	0.0195463	0.507954	0.0622149	-0.045623	0.027568
0.34379	0.0195003	0.507987	0.0639542	-0.0459995	0.0324727
0.343854	0.0194575	0.508022	0.063626	-0.042723	0.035395
0.343917	0.0194112	0.508053	0.0636969	-0.0463804	0.0313881
0.343984	0.0193726	0.508089	0.0667	-0.0385021	0.0352886
0.344051	0.0193257	0.508119	0.0665212	-0.0469406	0.0302087
0.344117	0.0192839	0.508151	0.0668265	-0.041712	0.0326127
0.34418	0.0192381	0.50818	0.0629686	-0.0458715	0.0281802
0.344245	0.0191918	0.508213	0.0647068	-0.0462453	0.0330836
0.344309	0.0191488	0.508249	0.0643782	-0.0429649	0.0360052
0.344374	0.0191022	0.508281	0.0644397	-0.046622	0.0320027
0.344441	0.0190634	0.508317	0.0674461	-0.0387375	0.0359002
0.344509	0.0190163	0.508347	0.0672591	-0.0471754	0.0308211
0.344576	0.0189743	0.508381	0.0675668	-0.0419421	0.0332217
0.34464	0.0189281	0.508409	0.063702	-0.0461003	0.0287911
0.344705	0.0188817	0.508443	0.0654391	-0.0464716	0.0336932
0.34477	0.0188384	0.50848	0.06511	-0.0431872	0.0366139
0.344836	0.0187916	0.508512	0.0651621	-0.0468439	0.0326158
0.344904	0.0187526	0.508549	0.068172	-0.0389534	0.0365103
0.344972	0.0187052	0.50858	0.0679765	-0.0473905	0.031432
0.34504	0.018663	0.508614	0.0682867	-0.0421525	0.033829
0.345104	0.0186167	0.508643	0.0644149	-0.0463094	0.0294003
0.345171	0.01857	0.508678	0.0661509	-0.0466782	0.0343009
0.345236	0.0185266	0.508715	0.0658214	-0.0433899	0.0372208
0.345302	0.0184796	0.508748	0.0658639	-0.0470461	0.0332271
0.345371	0.0184404	0.508785	0.0688772	-0.0391495	0.0371186
0.34544	0.0183928	0.508817	0.0686733	-0.0475859	0.0320409
0.345509	0.0183504	0.508851	0.0689859	-0.0423432	0.0344343
0.345574	0.0183039	0.508881	0.0651071	-0.0464988	0.0300075
0.345641	0.018257	0.508916	0.0668421	-0.0468651	0.0349066
0.345707	0.0182134	0.508954	0.066512	-0.0435728	0.0378255
0.345774	0.0181662	0.508988	0.0665448	-0.0472286	0.0338362
0.345844	0.0181268	0.509026	0.0695616	-0.0393258	0.0377246
0.345913	0.0180791	0.509058	0.0693492	-0.0477615	0.0326475
0.345983	0.0180365	0.509093	0.0696643	-0.0425141	0.0350372
0.346048	0.0179898	0.509124	0.0657783	-0.0466684	0.0306122
0.346116	0.0179428	0.509159	0.0675123	-0.0470322	0.0355097
0.346183	0.017899	0.509198	0.0671817	-0.043736	0.0384277
0.34625	0.0178516	0.509232	0.0672047	-0.0473914	0.0344428
0.34632	0.0178121	0.509271	0.070225	-0.0394823	0.038328
0.34639	0.0177642	0.509304	0.070004	-0.0479173	0.0332514
0.346461	0.0177215	0.509339	0.0703216	-0.0426651	0.0356374
0.346527	0.0176746	0.509371	0.0664285	-0.0468182	0.0312141
0.346595	0.0176275	0.509407	0.0681613	-0.0471795	0.0361101
0.346663	0.0175835	0.509446	0.0678302	-0.0438793	0.0390271
0.346731	0.017536	0.509481	0.0678433	-0.0475343	0.0350464
0.346802	0.0174964	0.50952	0.0708672	-0.039619	0.0389284
0.346873	0.0174483	0.509553	0.0706375	-0.0480533	0.0338523
0.346944	0.0174055	0.50959	0.0709577	-0.0427964	0.0362345
0.347011	0.0173585	0.509621	0.0670573	-0.0469481	0.0318129
0.347079	0.0173112	0.509658	0.0687891	-0.0473069	0.0367072
0.347148	0.0172671	0.509698	0.0684574	-0.0440029	0.0396232
0.347216	0.0172195	0.509733	0.0684605	-0.0476574	0.0356468
0.347288	0.0171797	0.509773	0.071488	-0.0397358	0.0395255
0.347359	0.0171316	0.509807	0.0712495	-0.0481694	0.0344497
0.347431	0.0170886	0.509844	0.0715723	-0.0429077	0.0368282
0.347498	0.0170415	0.509876	0.0676646	-0.0470582	0.0324082
0.347568	0.0169941	0.509914	0.0693953	-0.0474145	0.0373007
0.347637	0.0169499	0.509954	0.0690631	-0.0441066	0.0402156
0.347706	0.0169022	0.50999	0.069056	-0.0477606	0.0362435
0.347778	0.0168623	0.51003	0.0720871	-0.0398328	0.0401189
0.34785	0.0168141	0.510065	0.0718399	-0.0482657	0.0350433
0.347922	0.016771	0.510103	0.0721653	-0.0429993	0.0374179
0.34799	0.0167238	0.510136	0.0682502	-0.0471484	0.0329995
0.34806	0.0166763	0.510173	0.0699799	-0.0475023	0.0378902
0.34813	0.0166321	0.510214	0.0696471	-0.0441905	0.040804
0.3482	0.0165843	0.510251	0.0696298	-0.047844	0.0368361
0.348272	0.0165443	0.510292	0.0726646	-0.0399099	0.0407082
0.348345	0.016496	0.510327	0.0724085	-0.0483421	0.0356328
0.348417	0.0164529	0.510365	0.0727365	-0.043071	0.0380034
0.348486	0.0164056	0.510399	0.0688139	-0.0472187	0.0335865
0.348557	0.016358	0.510437	0.0705426	-0.0475703	0.0384754
0.348627	0.0163137	0.510479	0.0702092	-0.0442547	0.0413881
0.348697	0.0162659	0.510516	0.0701816	-0.0479076	0.0374243
0.34877	0.0162258	0.510557	0.07322	-0.0399672	0.0412929
0.348843	0.0161775	0.510594	0.0729551	-0.0483987	0.0362176
0.348917	0.0161343	0.510632	0.0732857	-0.0431228	0.0385843
0.348986	0.016087	0.510666	0.0693556	-0.0472693	0.0341688
0.349057	0.0160393	0.510705	0.0710833	-0.0476185	0.0390558
0.349128	0.015995	0.510747	0.0707493	-0.044299	0.0419673
0.349199	0.0159471	0.510785	0.0707112	-0.0479515	0.0380076
0.349272	0.015907	0.510827	0.0737534	-0.0400047	0.0418727
0.349346	0.0158586	0.510864	0.0734796	-0.0484354	0.0367974
0.34942	0.0158154	0.510903	0.0738128	-0.0431549	0.0391601
0.34949	0.0157681	0.510938	0.0698752	-0.0473	0.034746
0.349561	0.0157204	0.510977	0.0716019	-0.0476469	0.039631
0.349632	0.015676	0.51102	0.0712673	-0.0443236	0.0425413
0.349704	0.0156281	0.511058	0.0712186	-0.0479755	0.0385857
0.349778	0.015588	0.511101	0.0742646	-0.0400225	0.0424472
0.349852	0.0155396	0.511138	0.0739818	-0.0484525	0.0373718
0.349926	0.0154963	0.511178	0.0743177	-0.0431672	0.0397304
0.349997	0.015449	0.511213	0.0703725	-0.047311	0.0353176
0.350069	0.0154013	0.511253	0.0720982	-0.0476556	0.0402006
0.35014	0.015357	0.511296	0.0717629	-0.0443285	0.0431096
0.350212	0.015309	0.511336	0.0717036	-0.0479799	0.039158
0.350287	0.0152689	0.511379	0.0747534	-0.0400205	0.043016
0.350361	0.0152205	0.511416	0.0744615	-0.0484498	0.0379405
0.350436	0.0151773	0.511457	0.0748002	-0.0431599	0.0402949
0.350507	0.01513	0.511493	0.0708473	-0.0473023	0.0358833
0.35058	0.0150823	0.511533	0.072572	-0.0476447	0.0407643
0.350652	0.0150379	0.511577	0.0722362	-0.0443138	0.043672
0.350724	0.01499	0.511617	0.0721661	-0.0479647	0.0397243
0.350799	0.01495	0.51166	0.0752197	-0.0399989	0.0435787
0.350874	0.0149015	0.511699	0.0749188	-0.0484275	0.0385028
0.35095	0.0148583	0.51174	0.0752601	-0.0431329	0.0408531
0.351021	0.014811	0.511776	0.0712996	-0.0472741	0.0364427
0.351094	0.0147634	0.511817	0.0730233	-0.0476142	0.0413215
0.351167	0.0147191	0.511861	0.0726868	-0.0442796	0.0442279
0.351239	0.0146712	0.511902	0.0726059	-0.0479299	0.0402841
0.351315	0.0146312	0.511946	0.0756634	-0.0399577	0.0441348
0.35139	0.0145828	0.511985	0.0753534	-0.0483856	0.0390585
0.351466	0.0145397	0.512026	0.0756975	-0.0430865	0.0414046
0.351538	0.0144924	0.512063	0.0717292	-0.0472262	0.0369953
0.351611	0.0144448	0.512105	0.073452	-0.0475642	0.0418719
0.351684	0.0144005	0.51215	0.0731149	-0.0442259	0.0447769
0.351757	0.0143527	0.512191	0.073023	-0.0478756	0.040837
0.351833	0.0143128	0.512235	0.0760844	-0.0398971	0.0446839
0.351909	0.0142644	0.512275	0.0757653	-0.0483243	0.0396072
0.351985	0.0142214	0.512317	0.0761121	-0.0430205	0.041949
0.352057	0.0141742	0.512354	0.072136	-0.047159	0.0375407
0.352131	0.0141267	0.512397	0.0738579	-0.0474948	0.0424151
0.352205	0.0140825	0.512442	0.0735201	-0.0441529	0.0453186
0.352278	0.0140347	0.512483	0.0734173	-0.047802	0.0413824
0.352355	0.0139948	0.512529	0.0764825	-0.0398171	0.0452256
0.352431	0.0139466	0.512569	0.0761543	-0.0482436	0.0401483
0.352507	0.0139036	0.512611	0.0765039	-0.0429353	0.0424859
0.35258	0.0138565	0.512649	0.07252	-0.0470724	0.0380784
0.352654	0.0138091	0.512692	0.074241	-0.0474061	0.0429506
0.352728	0.013765	0.512738	0.0739025	-0.0440606	0.0458527
0.352802	0.0137173	0.51278	0.0737886	-0.0477091	0.0419202
0.352879	0.0136775	0.512826	0.0768578	-0.0397179	0.0457595
0.352955	0.0136294	0.512866	0.0765205	-0.0481437	0.0406815
0.353032	0.0135865	0.512909	0.0768728	-0.0428308	0.0430148
0.353105	0.0135395	0.512948	0.0728811	-0.0469666	0.0386082
0.35318	0.0134922	0.512991	0.0746011	-0.0472982	0.043478
0.353254	0.0134482	0.513038	0.074262	-0.0439491	0.0463786
0.353328	0.0134006	0.51308	0.074137	-0.0475971	0.0424497
0.353405	0.0133609	0.513126	0.0772101	-0.0395995	0.0462852
0.353482	0.0133129	0.513168	0.0768636	-0.0480246	0.0412064
0.353559	0.0132702	0.513211	0.0772188	-0.0427073	0.0435353
0.353633	0.0132233	0.51325	0.0732192	-0.0468417	0.0391294
0.353708	0.0131761	0.513294	0.0749383	-0.0471713	0.0439968
0.353782	0.0131322	0.513341	0.0745986	-0.0438187	0.0468959
0.353857	0.0130848	0.513384	0.0744622	-0.0474661	0.0429706
0.353934	0.0130453	0.513431	0.0775394	-0.0394621	0.0468021
0.354011	0.0129974	0.513472	0.0771837	-0.0478866	0.0417225
0.354089	0.0129548	0.513516	0.0775417	-0.0425648	0.044047
0.354162	0.012908	0.513556	0.0735342	-0.0466979	0.0396418
0.354238	0.012861	0.513601	0.0752525	-0.0470256	0.0445067
0.354313	0.0128173	0.513648	0.074912	-0.0436694	0.0474043
0.354387	0.01277	0.513691	0.0747644	-0.0473162	0.0434824
0.354465	0.0127306	0.513739	0.0778456	-0.0393059	0.04731
0.354543	0.0126829	0.513781	0.0774807	-0.0477298	0.0422294
0.354621	0.0126404	0.513825	0.0778415	-0.0424035	0.0445494
0.354694	0.0125939	0.513865	0.0738261	-0.0465353	0.0401449
0.35477	0.012547	0.51391	0.0755435	-0.046861	0.0450073
0.354845	0.0125035	0.513958	0.0752024	-0.0435014	0.0479033
0.35492	0.0124563	0.514002	0.0750434	-0.0471477	0.0439847
0.354998	0.0124171	0.51405	0.0781287	-0.039131	0.0478084
0.355076	0.0123696	0.514093	0.0777546	-0.0475542	0.0427266
0.355154	0.0123273	0.514138	0.0781182	-0.0422235	0.0450422
0.355228	0.0122809	0.514178	0.0740948	-0.0463541	0.0406382
0.355304	0.0122342	0.514224	0.0758114	-0.0466779	0.0454981
0.35538	0.0121909	0.514272	0.0754696	-0.0433149	0.0483924
0.355455	0.0121439	0.514317	0.0752992	-0.0469606	0.0444771
0.355533	0.0121049	0.514365	0.0783886	-0.0389376	0.0482968
0.355611	0.0120576	0.514408	0.0780053	-0.0473602	0.0432138
0.35569	0.0120155	0.514454	0.0783718	-0.0420251	0.0455249
0.355764	0.0119693	0.514495	0.0743404	-0.0461544	0.0411213
0.35584	0.0119228	0.514541	0.0760562	-0.0464764	0.0459786
0.355916	0.0118797	0.51459	0.0757137	-0.0431101	0.0488713
0.355992	0.0118329	0.514635	0.0755318	-0.0467551	0.0449592
0.35607	0.0117941	0.514683	0.0786253	-0.0387258	0.0487748
0.356148	0.011747	0.514727	0.0782328	-0.0471479	0.0436905
0.356227	0.0117051	0.514773	0.0786022	-0.0418084	0.0459971
0.356302	0.0116592	0.514814	0.0745628	-0.0459365	0.0415938
0.356378	0.0116129	0.514861	0.0762779	-0.0462567	0.0464485
0.356454	0.01157	0.51491	0.0759347	-0.0428871	0.0493395
0.35653	0.0115234	0.514956	0.0757412	-0.0465315	0.0454306
0.356608	0.0114849	0.515005	0.0788388	-0.038496	0.049242
0.356687	0.011438	0.515049	0.0784371	-0.0469174	0.0441563
0.356766	0.0113963	0.515095	0.0788094	-0.0415737	0.0464584
0.35684	0.0113506	0.515137	0.074762	-0.0457005	0.0420553
0.356917	0.0113046	0.515184	0.0764763	-0.046019	0.0469073
0.356993	0.0112619	0.515234	0.0761324	-0.0426461	0.0497966
0.357069	0.0112156	0.51528	0.0759273	-0.04629	0.0458907
0.357148	0.0111773	0.51533	0.0790291	-0.0382481	0.049698
0.357227	0.0111306	0.515374	0.0786182	-0.046669	0.0446108
0.357306	0.0110893	0.515421	0.0789934	-0.0413211	0.0469083
0.357381	0.0110438	0.515464	0.074938	-0.0454467	0.0425054
0.357457	0.010998	0.515511	0.0766516	-0.0457635	0.0473546
0.357534	0.0109556	0.515561	0.076307	-0.0423874	0.0502421
0.35761	0.0109096	0.515607	0.0760903	-0.0460307	0.0463392
0.357689	0.0108715	0.515658	0.0791962	-0.0379826	0.0501424
0.357768	0.0108251	0.515703	0.0787761	-0.046403	0.0450535
0.357847	0.010784	0.51575	0.0791543	-0.0410508	0.0473464
0.357922	0.0107388	0.515793	0.0750908	-0.0451752	0.0429436
0.357999	0.0106933	0.515841	0.0768037	-0.0454904	0.04779
0.358075	0.0106511	0.515891	0.0764584	-0.0421111	0.0506758
0.358152	0.0106054	0.515938	0.07623	-0.0457538	0.0467757
0.358231	0.0105677	0.515989	0.0793401	-0.0376996	0.0505747
0.35831	0.0105215	0.516034	0.0789109	-0.0461194	0.045484
0.358389	0.0104807	0.516082	0.079292	-0.0407631	0.0477724
0.358464	0.0104358	0.516125	0.0752205	-0.0448863	0.0433696
0.358541	0.0103906	0.516173	0.0769328	-0.0451999	0.0482132
0.358618	0.0103487	0.516224	0.0765868	-0.0418176	0.0510971
0.358694	0.0103033	0.516272	0.0763466	-0.0454597	0.0471998
0.358774	0.0102658	0.516322	0.079461	-0.0373993	0.0509946
0.358853	0.01022	0.516368	0.0790226	-0.0458186	0.045902
0.358932	0.0101795	0.516417	0.0794066	-0.0404582	0.0481858
0.359007	0.0101349	0.51646	0.0753271	-0.0445803	0.0437829
0.359085	0.01009	0.516509	0.0770387	-0.0448924	0.0486236
0.359161	0.0100484	0.51656	0.076692	-0.041507	0.0515057
0.359238	0.0100033	0.516608	0.0764401	-0.0451486	0.047611
0.359317	0.00996614	0.516659	0.0795587	-0.037082	0.0514016
0.359396	0.00992063	0.516706	0.0791112	-0.0455008	0.046307
0.359476	0.00988044	0.516754	0.0794981	-0.0401363	0.0485862
0.359551	0.00983615	0.516798	0.0754106	-0.0442573	0.044183
0.359628	0.00979156	0.516847	0.0771216	-0.0445679	0.0490209
0.359705	0.00975034	0.516899	0.0767742	-0.0411796	0.0519012
0.359782	0.00970552	0.516947	0.0765105	-0.0448206	0.048009
0.359861	0.00966873	0.516999	0.0796333	-0.0367479	0.0517953
0.359941	0.00962356	0.517046	0.0791768	-0.0451663	0.0466987
0.36002	0.00958371	0.517095	0.0795667	-0.0397978	0.0489732
0.360096	0.00953975	0.517139	0.0754711	-0.0439177	0.0445698
0.360173	0.00949551	0.517188	0.0771816	-0.0442269	0.0494046
0.36025	0.00945463	0.517241	0.0768334	-0.0408357	0.0522831
0.360326	0.00941016	0.517289	0.0765579	-0.0444761	0.0483934
0.360406	0.00937372	0.517341	0.079685	-0.0363974	0.0521754
0.360485	0.0093289	0.517388	0.0792194	-0.0448153	0.0470766
0.360565	0.0092894	0.517438	0.0796122	-0.0394428	0.0493464
0.36064	0.0092458	0.517483	0.0755086	-0.0435616	0.0449426
0.360718	0.00920191	0.517532	0.0772186	-0.0438696	0.0497745
0.360794	0.00916139	0.517585	0.0768698	-0.0404755	0.052651
0.360871	0.00911729	0.517634	0.0765824	-0.0441154	0.0487637
0.360951	0.00908121	0.517686	0.0797138	-0.0360306	0.0525414
0.36103	0.00903676	0.517734	0.0792391	-0.0444481	0.0474403
0.36111	0.00899763	0.517783	0.079635	-0.0390718	0.0497055
0.361185	0.00895441	0.517829	0.0755233	-0.0431895	0.0453012
0.361262	0.00891089	0.517879	0.0772328	-0.0434962	0.0501301
0.361339	0.00887075	0.517932	0.0768833	-0.0400993	0.0530047
0.361416	0.00882702	0.517981	0.076584	-0.0437386	0.0491196
0.361496	0.00879132	0.518034	0.0797198	-0.0356479	0.052893
0.361575	0.00874726	0.518081	0.0792361	-0.0440651	0.0477894
0.361655	0.00870851	0.518131	0.0796349	-0.0386848	0.05005
0.36173	0.00866567	0.518177	0.0755153	-0.0428016	0.0456451
0.361807	0.00862255	0.518227	0.0772242	-0.043107	0.050471
0.361884	0.0085828	0.518281	0.0768741	-0.0397074	0.0533437
0.361961	0.00853946	0.51833	0.0765629	-0.0433462	0.0494607
0.36204	0.00850416	0.518383	0.079703	-0.0352495	0.0532298
0.36212	0.00846049	0.518432	0.0792103	-0.0436663	0.0481237
0.362199	0.00842215	0.518482	0.0796122	-0.0382823	0.0503796
0.362275	0.00837972	0.518528	0.0754845	-0.0423981	0.0459741
0.362352	0.008337	0.518579	0.0771931	-0.0427023	0.0507968
0.362429	0.00829765	0.518632	0.0768422	-0.0393002	0.0536676
0.362505	0.00825472	0.518682	0.0765192	-0.0429384	0.0497867
0.362585	0.00821984	0.518736	0.0796636	-0.0348358	0.0535514
0.362664	0.00817659	0.518784	0.079162	-0.0432523	0.0484426
0.362744	0.00813866	0.518835	0.0795668	-0.0378645	0.0506939
0.362819	0.00809665	0.518881	0.0754312	-0.0419794	0.0462876
0.362896	0.00805434	0.518932	0.0771394	-0.0422825	0.0511073
0.362973	0.00801542	0.518986	0.0767878	-0.0388778	0.0539761
0.36305	0.00797292	0.519036	0.0764529	-0.0425155	0.0500971
0.363129	0.00793846	0.51909	0.0796016	-0.034407	0.0538575
0.363208	0.00789564	0.519139	0.0790912	-0.0428233	0.0487459
0.363288	0.00785814	0.51919	0.079499	-0.0374318	0.0509926
0.363363	0.00781656	0.519236	0.0753555	-0.0415457	0.0465855
0.36344	0.0077747	0.519287	0.0770633	-0.0418479	0.051402
0.363517	0.00773621	0.519342	0.076711	-0.0384406	0.0542688
0.363593	0.00769414	0.519392	0.0763642	-0.0420779	0.0503917
0.363673	0.00766013	0.519446	0.0795173	-0.0339636	0.0541477
0.363752	0.00761775	0.519495	0.0789981	-0.0423796	0.0490332
0.363831	0.0075807	0.519546	0.0794089	-0.0369845	0.0512753
0.363907	0.00753957	0.519593	0.0752574	-0.0410975	0.0468672
0.363984	0.00749815	0.519645	0.0769649	-0.0413987	0.0516805
0.36406	0.00746012	0.5197	0.076612	-0.037989	0.0545454
0.364137	0.0074185	0.51975	0.0762532	-0.0416258	0.05067
0.364216	0.00738495	0.519805	0.0794107	-0.0335057	0.0544216
0.364295	0.00734303	0.519854	0.0788827	-0.0419215	0.0493042
0.364374	0.00730644	0.519905	0.0792966	-0.0365229	0.0515416
0.364449	0.00726577	0.519952	0.0751372	-0.040635	0.0471325
0.364526	0.00722482	0.520004	0.0768443	-0.0409353	0.0519427
0.364603	0.00718725	0.520059	0.0764908	-0.0375232	0.0548055
0.364679	0.0071461	0.52011	0.0761201	-0.0411595	0.0509317
0.364758	0.00711302	0.520165	0.079282	-0.0330338	0.054679
0.364837	0.00707157	0.520214	0.0787453	-0.0414494	0.0495585
0.364916	0.00703546	0.520266	0.0791622	-0.0360473	0.0517913
0.364991	0.00699527	0.520313	0.0749949	-0.0401586	0.0473811
0.365068	0.00695479	0.520366	0.0767018	-0.040458	0.052188
0.365144	0.0069177	0.520421	0.0763476	-0.0370436	0.0550489
0.36522	0.00687703	0.520472	0.075965	-0.0406795	0.0511766
0.365299	0.00684444	0.520527	0.0791313	-0.0325481	0.0549195
0.365378	0.00680347	0.520576	0.078586	-0.0409636	0.0497958
0.365457	0.00676785	0.520628	0.0790059	-0.035558	0.052024
0.365532	0.00672815	0.520676	0.0748308	-0.0396686	0.0476126
0.365608	0.00668816	0.520728	0.0765374	-0.0399672	0.0524163
0.365684	0.00665156	0.520784	0.0761826	-0.0365506	0.0552752
0.36576	0.00661139	0.520835	0.0757882	-0.0401861	0.0514043
0.365839	0.00657929	0.52089	0.0789588	-0.0320491	0.0551428
0.365918	0.00653882	0.52094	0.0784049	-0.0404644	0.0500158
0.365996	0.00650371	0.520992	0.0788278	-0.0350555	0.0522394
0.366071	0.00646451	0.52104	0.0746449	-0.0391654	0.0478267
0.366148	0.00642502	0.521093	0.0763514	-0.0394632	0.0526272
0.366224	0.00638893	0.521148	0.0759959	-0.0360445	0.055484
0.366299	0.00634926	0.5212	0.0755896	-0.0396796	0.0516144
0.366378	0.00631768	0.521255	0.0787647	-0.031537	0.0553486
0.366456	0.00627773	0.521305	0.0782023	-0.0399522	0.0502182
0.366535	0.00624313	0.521358	0.0786282	-0.03454	0.0524373
0.366609	0.00620444	0.521406	0.0744375	-0.0386492	0.0480232
0.366685	0.00616547	0.521459	0.0761439	-0.0389464	0.0528204
0.366761	0.0061299	0.521514	0.0757877	-0.0355256	0.0556752
0.366837	0.00609075	0.521566	0.0753696	-0.0391603	0.0518068
0.366915	0.0060597	0.521622	0.0785491	-0.0310122	0.0555366
0.366993	0.00602027	0.521672	0.0779783	-0.0394274	0.0504027
0.367072	0.00598619	0.521724	0.0784072	-0.034012	0.0526172
0.367146	0.00594804	0.521773	0.0742088	-0.0381206	0.0482017
0.367222	0.0059096	0.521826	0.075915	-0.0384171	0.0529956
0.367297	0.00587456	0.521881	0.0755583	-0.0349943	0.0558484
0.367372	0.00583594	0.521933	0.0751284	-0.0386287	0.051981
0.367451	0.00580542	0.521989	0.0783123	-0.0304751	0.0557064
0.367528	0.00576653	0.52204	0.077733	-0.0388904	0.050569
0.367607	0.00573299	0.522092	0.078165	-0.0334717	0.052779
0.367681	0.00569538	0.522141	0.0739589	-0.0375797	0.0483619
0.367756	0.00565749	0.522194	0.0756651	-0.0378757	0.0531525
0.367832	0.00562299	0.52225	0.0753077	-0.0344509	0.0560033
0.367906	0.00558491	0.522302	0.074866	-0.038085	0.0521369
0.367985	0.00555494	0.522358	0.0780543	-0.0299261	0.055858
0.368062	0.0055166	0.522409	0.0774668	-0.0383414	0.0507168
0.36814	0.00548362	0.522461	0.0779018	-0.0329196	0.0529223
0.368214	0.00544656	0.52251	0.0736881	-0.0370271	0.0485036
0.368289	0.00540921	0.522563	0.0753942	-0.0373226	0.0532909
0.368364	0.00537527	0.522619	0.0750362	-0.0338959	0.0561397
0.368439	0.00533775	0.522672	0.0745828	-0.0375297	0.0522742
0.368516	0.00530834	0.522728	0.0777755	-0.0293655	0.0559909
0.368594	0.00527056	0.522778	0.0771798	-0.0377808	0.0508459
0.368671	0.00523814	0.522831	0.0776178	-0.032356	0.053047
0.368745	0.00520164	0.52288	0.0733964	-0.036463	0.0486266
0.36882	0.00516487	0.522933	0.0751026	-0.0367581	0.0534106
0.368895	0.00513149	0.52299	0.074744	-0.0333297	0.0562574
0.368969	0.00509454	0.523042	0.0742789	-0.0369631	0.0523926
0.369046	0.0050657	0.523098	0.077476	-0.0287937	0.056105
0.369123	0.00502849	0.523149	0.0768722	-0.0372092	0.0509561
0.369201	0.00499665	0.523202	0.0773132	-0.0317814	0.0531527
0.369274	0.00496072	0.523251	0.0730843	-0.0358878	0.0487305
0.369348	0.00492452	0.523304	0.0747905	-0.0361826	0.0535112
0.369423	0.00489173	0.523361	0.0744313	-0.0327525	0.056356
0.369497	0.00485535	0.523413	0.0739545	-0.0363857	0.0524918
0.369574	0.00482709	0.523469	0.0771561	-0.028211	0.0561999
0.369651	0.00479046	0.52352	0.0765442	-0.0366267	0.0510471
0.369728	0.00475921	0.523574	0.0769883	-0.031196	0.0532393
0.3698	0.00472387	0.523622	0.0727519	-0.035302	0.0488152
0.369875	0.00468826	0.523676	0.0744581	-0.0355964	0.0535926
0.369949	0.00465605	0.523732	0.0740984	-0.0321647	0.0564354
0.370023	0.00462026	0.523785	0.07361	-0.0357977	0.0525718
0.370099	0.0045926	0.523841	0.0768159	-0.0276179	0.0562756
0.370176	0.00455656	0.523892	0.0761961	-0.0360338	0.0511187
0.370252	0.0045259	0.523946	0.0766432	-0.0306002	0.0533066
0.370325	0.00449116	0.523994	0.0723993	-0.0347059	0.0488805
0.370399	0.00445614	0.524048	0.0741057	-0.0350001	0.0536546
0.370473	0.00442453	0.524104	0.0737454	-0.0315668	0.0564954
0.370546	0.00438934	0.524157	0.0732454	-0.0351996	0.0526322
0.370622	0.00436228	0.524213	0.0764558	-0.0270148	0.0563317
0.370698	0.00432685	0.524265	0.0758281	-0.0354309	0.0511707
0.370774	0.00429679	0.524318	0.0762782	-0.0299945	0.0533542
0.370846	0.00426266	0.524367	0.0720269	-0.0340999	0.0489262
0.37092	0.00422825	0.52442	0.0737335	-0.0343939	0.0536969
0.370994	0.00419724	0.524477	0.0733726	-0.0309591	0.0565357
0.371066	0.00416266	0.52453	0.0728611	-0.0345918	0.0526729
0.371143	0.00413622	0.524586	0.0760759	-0.026402	0.0563681
0.371218	0.0041014	0.524637	0.0754404	-0.0348184	0.0512029
0.371294	0.00407196	0.524691	0.0758935	-0.0293793	0.0533821
0.371366	0.00403844	0.524739	0.0716349	-0.0334844	0.0489519
0.371439	0.00400464	0.524793	0.0733417	-0.0337783	0.0537194
0.371512	0.00397426	0.52485	0.0729802	-0.0303421	0.0565563
0.371584	0.00394029	0.524902	0.0724573	-0.0339746	0.0526936
0.37166	0.00391447	0.524959	0.0756765	-0.0257799	0.0563847
0.371735	0.00388027	0.52501	0.0750333	-0.0341966	0.0512151
0.371811	0.00385145	0.525063	0.0754894	-0.0287549	0.0533901
0.371882	0.00381856	0.525112	0.0712236	-0.0328598	0.0489577
0.371955	0.00378539	0.525166	0.0729306	-0.0331536	0.0537219
0.372027	0.00375563	0.525223	0.0725686	-0.029716	0.0565568
0.372099	0.00372229	0.525275	0.0720343	-0.0333484	0.0526943
0.372175	0.0036971	0.525332	0.0752578	-0.0251489	0.0563811
0.372249	0.00366353	0.525383	0.0746071	-0.033566	0.0512071
0.372324	0.00363535	0.525436	0.0750661	-0.0281216	0.0533779
0.372395	0.00360309	0.525485	0.0707931	-0.0322264	0.0489433
0.372468	0.00357055	0.525539	0.0725004	-0.0325202	0.0537042
0.37254	0.00354143	0.525595	0.0721378	-0.0290814	0.0565372
0.372611	0.00350872	0.525648	0.0715923	-0.0327137	0.0526747
0.372686	0.00348417	0.525704	0.0748201	-0.0245093	0.0563573
0.37276	0.00345124	0.525755	0.0741619	-0.0329269	0.0511789
0.372835	0.0034237	0.525809	0.0746239	-0.02748	0.0533456
0.372905	0.00339209	0.525858	0.0703438	-0.0315847	0.0489086
0.372978	0.00336019	0.525911	0.0720514	-0.0318785	0.0536662
0.373049	0.00333171	0.525968	0.0716883	-0.0284385	0.0564973
0.37312	0.00329965	0.52602	0.0711315	-0.0320708	0.0526347
0.373195	0.00327575	0.526077	0.0743637	-0.0238617	0.0563132
0.373268	0.00324346	0.526128	0.0736981	-0.0322797	0.0511302
0.373343	0.00321657	0.526181	0.0741631	-0.0268304	0.0532928
0.373413	0.00318561	0.52623	0.0698759	-0.030935	0.0488535
0.373484	0.00315436	0.526283	0.0715839	-0.0312289	0.0536077
0.373555	0.00312653	0.52634	0.0712203	-0.0277878	0.0564369
0.373626	0.00309512	0.526392	0.0706523	-0.0314201	0.0525742
0.3737	0.00307187	0.526449	0.0738889	-0.0232064	0.0562486
0.373773	0.00304025	0.5265	0.073216	-0.0316249	0.051061
0.373847	0.00301401	0.526553	0.0736839	-0.0261732	0.0532195
0.373916	0.0029837	0.526602	0.0693897	-0.0302778	0.0487778
0.373987	0.00295311	0.526655	0.071098	-0.0305718	0.0535287
0.374058	0.00292594	0.526712	0.070734	-0.0271297	0.0563561
0.374128	0.00289519	0.526764	0.0701549	-0.030762	0.0524931
0.374202	0.00287261	0.52682	0.0733958	-0.0225437	0.0561634
0.374274	0.00284164	0.526871	0.0727158	-0.0309628	0.0509711
0.374348	0.00281607	0.526924	0.0731866	-0.0255088	0.0531256
0.374417	0.00278643	0.526973	0.0688855	-0.0296134	0.0486814
0.374487	0.0027565	0.527026	0.0705942	-0.0299076	0.0534291
0.374557	0.00273	0.527083	0.0702297	-0.0264646	0.0562546
0.374627	0.00269991	0.527135	0.0696396	-0.030097	0.0523913
0.3747	0.002678	0.527191	0.0728848	-0.0218741	0.0560575
0.374772	0.0026477	0.527242	0.0721977	-0.0302938	0.0508604
0.374845	0.00262281	0.527295	0.0726714	-0.0248375	0.053011
0.374913	0.00259383	0.527343	0.0683635	-0.0289422	0.0485642
0.374983	0.00256458	0.527397	0.0700727	-0.0292367	0.0533087
0.375053	0.00253875	0.527453	0.0697077	-0.0257928	0.0561324
0.375122	0.00250933	0.527505	0.0691067	-0.0294252	0.0522686
0.375194	0.00248809	0.527561	0.0723562	-0.021198	0.0559308
0.375266	0.00245847	0.527612	0.0716621	-0.0296183	0.0507289
0.375338	0.00243426	0.527664	0.0721388	-0.0241598	0.0528757
0.375406	0.00240596	0.527713	0.0678241	-0.0282647	0.0484262
0.375476	0.00237738	0.527766	0.0695337	-0.0285595	0.0531675
0.375545	0.00235223	0.527822	0.0691683	-0.0251147	0.0559894
0.375613	0.00232349	0.527874	0.0685565	-0.0287473	0.0521251
0.375685	0.00230294	0.52793	0.0718102	-0.0205157	0.0557833
0.375756	0.002274	0.52798	0.0711093	-0.0289367	0.0505765
0.375828	0.00225047	0.528033	0.0715888	-0.0234761	0.0527194
0.375895	0.00222285	0.528081	0.0672675	-0.0275811	0.0482673
0.375964	0.00219496	0.528134	0.0689776	-0.0278763	0.0530054
0.376033	0.00217049	0.52819	0.0686117	-0.0244308	0.0558255
0.376101	0.00214244	0.528242	0.0679892	-0.0280635	0.0519606
0.376172	0.00212257	0.528298	0.0712471	-0.0198276	0.0556149
0.376243	0.00209432	0.528348	0.0705395	-0.0282494	0.0504032
0.376314	0.00207148	0.528401	0.0710219	-0.0227867	0.0525423
0.37638	0.00204456	0.528449	0.0666939	-0.026892	0.0480875
0.376449	0.00201735	0.528502	0.0684047	-0.0271876	0.0528224
0.376517	0.00199357	0.528557	0.0680383	-0.0237413	0.0556408
0.376584	0.00196621	0.528609	0.0674052	-0.0273743	0.0517752
0.376655	0.00194704	0.528664	0.0706673	-0.0191342	0.0554255
0.376725	0.00191948	0.528714	0.0699531	-0.0275567	0.0502089
0.376795	0.00189733	0.528767	0.0704383	-0.022092	0.0523443
0.376862	0.0018711	0.528815	0.0661038	-0.0261976	0.0478867
0.376929	0.00184459	0.528867	0.0678151	-0.0264937	0.0526184
0.376997	0.00182151	0.528923	0.0674483	-0.0230468	0.0554351
0.377064	0.00179484	0.528974	0.0668047	-0.02668	0.0515687
0.377134	0.00177637	0.529029	0.0700709	-0.0184357	0.0552152
0.377203	0.00174951	0.529079	0.0693503	-0.0268591	0.0499935
0.377273	0.00172806	0.529132	0.0698383	-0.0213924	0.0521254
0.377338	0.00170253	0.529179	0.0654974	-0.0254984	0.0476649
0.377406	0.00167672	0.529232	0.0672093	-0.025795	0.0523935
0.377472	0.00165433	0.529287	0.0668421	-0.0223475	0.0552085
0.377539	0.00162837	0.529338	0.066188	-0.0259811	0.0513413
0.377608	0.00161059	0.529393	0.0694584	-0.0177327	0.054984
0.377677	0.00158444	0.529443	0.0687314	-0.0261569	0.0497572
0.377746	0.00156369	0.529495	0.0692222	-0.0206883	0.0518854
0.377811	0.00153887	0.529542	0.064875	-0.0247948	0.0474221
0.377878	0.00151376	0.529594	0.0665875	-0.0250918	0.0521477
0.377944	0.00149208	0.529649	0.0662199	-0.0216439	0.054961
0.378009	0.00146682	0.5297	0.0655555	-0.0252778	0.0510928
0.378078	0.00144975	0.529755	0.06883	-0.0170254	0.0547317
0.378146	0.0014243	0.529804	0.0680968	-0.0254505	0.0494998
0.378215	0.00140427	0.529856	0.0685903	-0.0199801	0.0516246
0.378279	0.00138015	0.529903	0.0642368	-0.024087	0.0471584
0.378345	0.00135575	0.529955	0.06595	-0.0243847	0.0518808
0.378411	0.00133478	0.53001	0.065582	-0.0209363	0.0546926
0.378476	0.00131022	0.530061	0.0649075	-0.0245705	0.0508234
0.378544	0.00129387	0.530115	0.0681861	-0.0163142	0.0544586
0.378611	0.00126913	0.530164	0.0674467	-0.0247403	0.0492215
0.378679	0.00124981	0.530216	0.0679429	-0.0192681	0.0513429
0.378743	0.0012264	0.530262	0.0635833	-0.0233755	0.0468737
0.378808	0.00120272	0.530314	0.0652972	-0.0236738	0.0515931
0.378873	0.00118245	0.530368	0.0649288	-0.0202251	0.0544033
0.378937	0.00115861	0.530419	0.0642441	-0.0238597	0.050533
0.379005	0.00114297	0.530473	0.0675268	-0.0155995	0.0541645
0.379072	0.00111895	0.530522	0.0667814	-0.0240267	0.0489222
0.379139	0.00110034	0.530573	0.0672804	-0.0185528	0.0510402
0.379202	0.00107765	0.53062	0.0629146	-0.0226607	0.046568
0.379267	0.00105468	0.530671	0.0646293	-0.0229597	0.0512845
0.379331	0.00103513	0.530725	0.0642605	-0.0195107	0.0540932
0.379394	0.001012	0.530775	0.0635659	-0.0231457	0.0502217
0.379461	0.00099708	0.530829	0.0668525	-0.0148818	0.0538496
0.379527	0.000973774	0.530878	0.0661013	-0.0233099	0.0486021
0.379594	0.000955884	0.530928	0.0666029	-0.0178344	0.0507168
0.379656	0.000933913	0.530974	0.0622312	-0.0219429	0.0462416
0.37972	0.000911658	0.531025	0.0639466	-0.0222426	0.0509551
0.379784	0.000892827	0.531079	0.0635774	-0.0187934	0.0537623
0.379847	0.000870415	0.531129	0.062873	-0.0224288	0.0498895
0.379913	0.000856217	0.531183	0.0661636	-0.0141612	0.0535139
0.379978	0.00083363	0.531231	0.0654066	-0.0225904	0.0482611
0.380044	0.000816463	0.531281	0.0659109	-0.0171133	0.0503726
0.380106	0.000795212	0.531327	0.0615333	-0.0212225	0.0458943
0.380169	0.000773677	0.531378	0.0632494	-0.0215229	0.0506049
0.380232	0.000755566	0.531431	0.0628799	-0.0180735	0.0534107
0.380294	0.000733874	0.531481	0.0621658	-0.0217095	0.0495366
0.38036	0.0007204	0.531534	0.0654603	-0.0134382	0.0531575
0.380424	0.000698536	0.531582	0.0646977	-0.0218686	0.0478994
0.380489	0.000682092	0.531632	0.0652045	-0.0163899	0.0500078
0.38055	0.000661564	0.531677	0.0608211	-0.0204998	0.0455264
0.380613	0.000640752	0.531727	0.0625381	-0.020801	0.0502341
0.380675	0.000623363	0.53178	0.0621682	-0.0173515	0.0530385
0.380736	0.000602393	0.531829	0.0614445	-0.020988	0.049163
0.380801	0.000589644	0.531882	0.0647429	-0.0127131	0.0527804
0.380865	0.000568505	0.53193	0.0639748	-0.0211447	0.0475171
0.38093	0.000552786	0.531979	0.0644842	-0.0156645	0.0496224
0.38099	0.000532984	0.532025	0.0600951	-0.0197752	0.0451379
0.381052	0.000512896	0.532074	0.0618129	-0.0200772	0.0498427
0.381113	0.000496232	0.532127	0.0614427	-0.0166276	0.0526458
0.381174	0.000475986	0.532176	0.0607095	-0.0202647	0.0487689
0.381238	0.000463964	0.532228	0.0640118	-0.0119863	0.0523829
0.381301	0.00044355	0.532275	0.0632383	-0.0204191	0.0471142
0.381365	0.00042856	0.532324	0.0637503	-0.0149375	0.0492165
0.381424	0.000409484	0.532369	0.0593556	-0.019049	0.0447289
0.381485	0.000390122	0.532419	0.0610742	-0.0193519	0.049431
0.381546	0.000374184	0.532471	0.0607036	-0.0159023	0.0522327
0.381606	0.000354663	0.532519	0.0599612	-0.01954	0.0483543
0.381669	0.000343369	0.532571	0.0632672	-0.0112582	0.0519649
0.381732	0.000323683	0.532618	0.0624884	-0.0196922	0.0466909
0.381795	0.000309421	0.532667	0.0630029	-0.0142091	0.0487904
0.381853	0.000291073	0.532711	0.0586027	-0.0183216	0.0442996
0.381914	0.000272439	0.53276	0.0603222	-0.0186253	0.0489988
0.381974	0.000257227	0.532812	0.0599513	-0.0151757	0.0517993
0.382033	0.000238433	0.532859	0.0591997	-0.0188141	0.0479194
0.382095	0.000227869	0.532911	0.0625094	-0.0105289	0.0515267
0.382157	0.000208912	0.532957	0.0617256	-0.0189643	0.0462473
0.382219	0.000195379	0.533006	0.0622425	-0.0134799	0.048344
0.382277	0.000177761	0.533049	0.0578369	-0.0175932	0.04385
0.382337	0.000159854	0.533098	0.0595573	-0.0178978	0.0485466
0.382396	0.00014537	0.533149	0.0591861	-0.0144483	0.0513458
0.382454	0.000127303	0.533197	0.0584254	-0.0180874	0.0474643
0.382516	0.00011747	0.533248	0.0617388	-0.00979895	0.0510684
0.382577	9.92415e-05	0.533294	0.06095	-0.0182356	0.0457836
0.382639	8.64397e-05	0.533341	0.0614694	-0.0127499	0.0478776
0.382696	6.95502e-05	0.533385	0.0570585	-0.0168643	0.0433804
0.382755	5.23718e-05	0.533433	0.0587797	-0.0171698	0.0480743
0.382813	3.86168e-05	0.533484	0.0584082	-0.0137204	0.0508724
0.382871	2.12773e-05	0.533531	0.0576386	-0.0173602	0.0469892
0.382932	1.21751e-05	0.533581	0.0609556	-0.00906857	0.0505902
0.382992	-5.3237e-06	0.533627	0.060162	-0.0175066	0.0453
0.383052	-1.73947e-05	0.533674	0.0606838	-0.0120197	0.0473913
0.383109	-3.35545e-05	0.533717	0.0562676	-0.016135	0.0428909
0.383167	-5.0004e-05	0.533764	0.0579897	-0.0164415	0.0475822
0.383224	-6.30304e-05	0.533815	0.057618	-0.0129923	0.0503791
0.383281	-7.9642e-05	0.533861	0.0568396	-0.0166329	0.0464943
0.383341	-8.80131e-05	0.533911	0.0601602	-0.00833807	0.0500921
0.383401	-0.000104782	0.533956	0.0593618	-0.0167775	0.0447966
0.383461	-0.000116123	0.534003	0.059886	-0.0112894	0.0468853
0.383516	-0.000131553	0.534045	0.0554647	-0.0154058	0.0423817
0.383573	-0.000147273	0.534092	0.0571878	-0.0157132	0.0470704
0.38363	-0.000159571	0.534142	0.0568157	-0.0122643	0.0498663
0.383686	-0.000175455	0.534188	0.0560287	-0.0159056	0.0459797
0.383745	-0.000183095	0.534238	0.0593528	-0.00760777	0.0495745
0.383804	-0.000199135	0.534282	0.0585499	-0.0160487	0.0442736
0.383863	-0.000209745	0.534328	0.0590763	-0.0105593	0.0463598
0.383918	-0.000224446	0.53437	0.0546501	-0.0146769	0.041853
0.383974	-0.000239438	0.534417	0.056374	-0.0149853	0.0465392
0.38403	-0.000251008	0.534466	0.0560017	-0.0115366	0.0493341
0.384085	-0.000266164	0.534512	0.0552062	-0.0151788	0.0454457
0.384144	-0.000273074	0.534561	0.0585338	-0.00687797	0.0490375
0.384202	-0.000288385	0.534604	0.0577264	-0.0153203	0.0437312
0.38426	-0.000298265	0.53465	0.0582551	-0.0098299	0.0458151
0.384314	-0.000312236	0.534691	0.0538239	-0.0139486	0.0413049
0.384369	-0.000326501	0.534737	0.0555489	-0.014258	0.0459887
0.384425	-0.000337343	0.534786	0.0551762	-0.0108097	0.0487826
0.384479	-0.000351773	0.534831	0.0543724	-0.0144527	0.0448924
0.384537	-0.000357953	0.53488	0.0577034	-0.00614895	0.0484813
0.384594	-0.000372536	0.534923	0.0568917	-0.0145928	0.0431696
0.384651	-0.000381687	0.534968	0.0574226	-0.00910132	0.0452512
0.384704	-0.000394931	0.535009	0.0529866	-0.0132212	0.0407378
0.384759	-0.000408468	0.535054	0.0547125	-0.0135317	0.0454191
0.384813	-0.000418584	0.535102	0.0543396	-0.0100837	0.0482122
0.384867	-0.000432288	0.535147	0.0535277	-0.0137276	0.0443201
0.384923	-0.00043774	0.535195	0.056862	-0.00542098	0.0479061
0.384979	-0.000451596	0.535237	0.0560461	-0.0138664	0.0425891
0.385036	-0.000460019	0.535282	0.0565791	-0.00837386	0.0446685
0.385088	-0.000472536	0.535322	0.0521385	-0.012495	0.0401519
0.385142	-0.000485348	0.535367	0.0538653	-0.0128065	0.0448308
0.385196	-0.000494738	0.535414	0.0534921	-0.00935887	0.047623
0.385248	-0.000507718	0.535458	0.0526721	-0.0130038	0.0437291
0.385304	-0.000512442	0.535505	0.0560097	-0.00469434	0.0473123
0.385359	-0.000525573	0.535547	0.0551898	-0.0131413	0.0419899
0.385415	-0.000533269	0.535591	0.0557249	-0.00764781	0.0440671
0.385467	-0.000545061	0.535631	0.0512797	-0.0117702	0.0395473
0.38552	-0.000557148	0.535675	0.0530075	-0.0120828	0.0442239
0.385572	-0.000565815	0.535722	0.052634	-0.00863557	0.0470153
0.385624	-0.000578072	0.535765	0.0518062	-0.0122815	0.0431195
0.385679	-0.000582071	0.535812	0.055147	-0.0039693	0.0466999
0.385733	-0.000594477	0.535853	0.0543231	-0.0124179	0.0413723
0.385788	-0.000601449	0.535897	0.0548603	-0.00692342	0.0434474
0.385839	-0.000612517	0.535936	0.0504106	-0.0110471	0.0389243
0.385891	-0.000623882	0.535979	0.0521393	-0.0113608	0.0435987
0.385943	-0.000631826	0.536026	0.0517656	-0.00791403	0.0463894
0.385994	-0.000643362	0.536068	0.0509301	-0.0115609	0.0424916
0.386048	-0.000646637	0.536114	0.054274	-0.00324611	0.0460694
0.386101	-0.000658321	0.536155	0.0534464	-0.0116964	0.0407364
0.386155	-0.00066457	0.536198	0.0539856	-0.00620095	0.0428096
0.386205	-0.000674917	0.536236	0.0495315	-0.010326	0.0382833
0.386256	-0.000685561	0.536279	0.0512612	-0.0106407	0.0429555
0.386307	-0.000692786	0.536325	0.0508872	-0.00719448	0.0457455
0.386357	-0.000703602	0.536367	0.0500442	-0.0108424	0.0418457
0.38641	-0.000706156	0.536412	0.0533911	-0.00252502	0.0454209
0.386463	-0.00071712	0.536452	0.0525598	-0.0109769	0.0400826
0.386516	-0.000722648	0.536494	0.053101	-0.00548063	0.042154
0.386565	-0.000732275	0.536532	0.0486426	-0.00960713	0.0376244
0.386615	-0.000742201	0.536574	0.0503733	-0.00992289	0.0422945
0.386665	-0.000748708	0.536619	0.049999	-0.00647716	0.0450839
0.386714	-0.000758807	0.53666	0.0491487	-0.0101262	0.0411821
0.386767	-0.000760642	0.536705	0.0524986	-0.00180625	0.0447547
0.386819	-0.000770888	0.536745	0.0516638	-0.0102599	0.0394112
0.386871	-0.000775697	0.536786	0.0522068	-0.00476271	0.0414808
0.386919	-0.000784608	0.536823	0.0477443	-0.00889065	0.036948
0.386968	-0.000793818	0.536865	0.0494759	-0.00920749	0.041616
0.387017	-0.000799609	0.536909	0.0491014	-0.00576232	0.0444048
0.387065	-0.000808994	0.536949	0.0482438	-0.00941249	0.040501
0.387117	-0.000810112	0.536993	0.0515967	-0.00109006	0.0440712
0.387168	-0.000819644	0.537032	0.0507585	-0.00954539	0.0387225
0.387219	-0.000823737	0.537073	0.0513033	-0.00404741	0.0407903
0.387266	-0.000831933	0.537109	0.0468367	-0.00817683	0.0362544
0.387314	-0.00084043	0.53715	0.0485693	-0.00849475	0.0409203
0.387363	-0.000845509	0.537194	0.0481945	-0.00505016	0.0437087
0.38741	-0.000854182	0.537234	0.04733	-0.00870148	0.0398028
0.387461	-0.000854586	0.537277	0.0506857	-0.000376639	0.0433706
0.387511	-0.000863405	0.537315	0.0498442	-0.00883372	0.0380167
0.387561	-0.000866786	0.537355	0.0503908	-0.00333495	0.040083
0.387607	-0.00087427	0.537391	0.0459202	-0.00746589	0.0355438
0.387655	-0.000882057	0.537431	0.0476538	-0.00778489	0.0402078
0.387702	-0.000886426	0.537474	0.0472788	-0.00434089	0.0429957
0.387748	-0.000894391	0.537513	0.0464073	-0.0079934	0.0390878
0.387798	-0.000894084	0.537556	0.0497658	0.000333784	0.0426532
0.387847	-0.000902194	0.537593	0.0489212	-0.00812506	0.0372942
0.387896	-0.000904864	0.537632	0.0494695	-0.00262553	0.0393589
0.387941	-0.00091164	0.537667	0.0449951	-0.00675802	0.0348167
0.387988	-0.000918719	0.537706	0.0467297	-0.00707811	0.0394787
0.388034	-0.000922382	0.537749	0.0463543	-0.00363474	0.0422662
0.38808	-0.000929641	0.537787	0.0454762	-0.00728845	0.0383563
0.388129	-0.000928626	0.537829	0.0488373	0.00104101	0.0419194
0.388177	-0.00093603	0.537866	0.0479897	-0.00741963	0.0365553
0.388225	-0.000937994	0.537904	0.0485397	-0.00191936	0.0386186
0.388269	-0.000944065	0.537938	0.0440615	-0.00605344	0.0340732
0.388315	-0.00095044	0.537977	0.045797	-0.00637461	0.0387334
0.388361	-0.000953399	0.538018	0.0454214	-0.00293188	0.0415206
0.388405	-0.000959957	0.538056	0.0445368	-0.00658684	0.0376085
0.388453	-0.000958238	0.538097	0.0479005	0.00174484	0.0411695
0.3885	-0.000964939	0.538133	0.04705	-0.00671761	0.0358003
0.388548	-0.0009662	0.538171	0.0476016	-0.00121663	0.0378623
0.388591	-0.000971569	0.538204	0.0431198	-0.00535233	0.0333138
0.388636	-0.000977244	0.538242	0.0448563	-0.00567457	0.0379722
0.38868	-0.000979503	0.538283	0.0444804	-0.00223251	0.0407591
0.388724	-0.000985361	0.53832	0.0435894	-0.00588873	0.036845
0.388771	-0.000982942	0.53836	0.0469557	0.00244511	0.0404038
0.388817	-0.000988944	0.538395	0.0461024	-0.00601919	0.0350296
0.388864	-0.000989505	0.538432	0.0466556	-0.000517514	0.0370904
0.388906	-0.000994177	0.538465	0.0421702	-0.00465487	0.0325388
0.38895	-0.000999154	0.538502	0.0439076	-0.00497818	0.0371954
0.388993	-0.00100072	0.538542	0.0435314	-0.0015368	0.0399821
0.389036	-0.00100588	0.538578	0.0426343	-0.00519432	0.036066
0.389082	-0.00100276	0.538618	0.046003	0.00314162	0.0396227
0.389127	-0.00100807	0.538652	0.0451471	-0.00532453	0.0342436
0.389173	-0.00100794	0.538688	0.0457017	0.000177813	0.0363032
0.389214	-0.00101191	0.53872	0.0412129	-0.00396123	0.0317485
0.389257	-0.0010162	0.538756	0.0429512	-0.0042856	0.0364035
0.389299	-0.00101707	0.538796	0.0425748	-0.000844913	0.0391901
0.389341	-0.00102154	0.538831	0.0416717	-0.00450377	0.0352718
0.389386	-0.00101773	0.53887	0.0450427	0.00383421	0.0388265
0.38943	-0.00102235	0.538903	0.0441844	-0.00463381	0.0334425
0.389475	-0.00102152	0.538939	0.0447403	0.000869183	0.035501
0.389515	-0.00102481	0.538969	0.0402482	-0.00327158	0.0309433
0.389557	-0.0010284	0.539005	0.0419875	-0.003597	0.0355967
0.389599	-0.00102859	0.539043	0.0416107	-0.000157021	0.0383832
0.38964	-0.00103237	0.539078	0.0407018	-0.00381723	0.0344629
0.389684	-0.00102787	0.539116	0.0440751	0.00452273	0.0380156
0.389727	-0.0010318	0.539149	0.0432144	-0.00394719	0.0326267
0.389771	-0.00103029	0.539183	0.0437717	0.00155644	0.0346843
0.38981	-0.00103289	0.539213	0.0392763	-0.00258606	0.0301236
0.389851	-0.0010358	0.539248	0.0410165	-0.00291253	0.0347755
0.389892	-0.0010353	0.539286	0.0406395	0.000526731	0.0375619
0.389931	-0.0010384	0.539319	0.0397249	-0.00313487	0.0336396
0.389975	-0.00103322	0.539357	0.0431004	0.00520702	0.0371904
0.390017	-0.00103646	0.539388	0.0422374	-0.0032648	0.0317967
0.39006	-0.00103426	0.539422	0.042796	0.00223944	0.0338534
0.390098	-0.00103618	0.539451	0.0382975	-0.00190484	0.0292898
0.390138	-0.00103841	0.539485	0.0400386	-0.00223232	0.0339401
0.390178	-0.00103723	0.539522	0.0396612	0.0012062	0.0367267
0.390216	-0.00103966	0.539555	0.0387412	-0.0024568	0.0328022
0.390258	-0.00103379	0.539591	0.0421188	0.00588695	0.0363513
0.3903	-0.00103636	0.539622	0.0412537	-0.00258679	0.0309528
0.390342	-0.00103348	0.539655	0.0418135	0.00291805	0.0330088
0.390379	-0.00103472	0.539684	0.037312	-0.00122803	0.0284422
0.390418	-0.00103628	0.539717	0.0390539	-0.00155653	0.0330911
0.390457	-0.00103442	0.539753	0.0386763	0.00188126	0.0358777
0.390494	-0.00103617	0.539785	0.0377509	-0.00178318	0.0319512
0.390536	-0.00102963	0.53982	0.0411305	0.00656238	0.0354986
0.390576	-0.00103152	0.53985	0.0402635	-0.00191329	0.0300955
0.390617	-0.00102797	0.539882	0.0408243	0.00359213	0.0321507
0.390653	-0.00102854	0.53991	0.03632	-0.000555777	0.0275812
0.390691	-0.00102942	0.539942	0.0380628	-0.000885261	0.0322288
0.390729	-0.0010269	0.539977	0.0376848	0.00255178	0.0350156
0.390765	-0.00102798	0.540008	0.0367544	-0.00111412	0.031087
0.390806	-0.00102076	0.540043	0.0401358	0.0072332	0.0346327
0.390845	-0.00102199	0.540072	0.039267	-0.00124442	0.029225
0.390885	-0.00101777	0.540103	0.0398289	0.00426157	0.0312796
0.39092	-0.00101767	0.54013	0.0353217	0.000111808	0.0267073
0.390957	-0.00101788	0.540161	0.0370653	-0.000218647	0.0313535
0.390994	-0.00101469	0.540196	0.036687	0.00321764	0.0341405
0.39103	-0.0010151	0.540226	0.0357517	-0.000449741	0.03021
0.391069	-0.00100723	0.540259	0.0391349	0.00789928	0.033754
0.391107	-0.00100779	0.540288	0.0382644	-0.000580298	0.0283418
0.391146	-0.0010029	0.540318	0.0388272	0.00492626	0.0303958
0.39118	-0.00100214	0.540344	0.0343173	0.000774614	0.0258208
0.391216	-0.00100169	0.540374	0.0360618	0.000443208	0.0304658
0.391252	-0.000997835	0.540408	0.0356832	0.00387875	0.0332531
0.391287	-0.00099759	0.540437	0.0347431	0.000209854	0.0293205
0.391325	-0.000989051	0.54047	0.038128	0.00856053	0.032863
0.391362	-0.000988951	0.540497	0.0372559	7.89785e-05	0.0274463
0.3914	-0.000983405	0.540527	0.0378196	0.00558608	0.0294999
0.391433	-0.000981985	0.540552	0.0333071	0.00143254	0.0249221
0.391468	-0.00098088	0.540581	0.0350524	0.0011002	0.0295659
0.391503	-0.000976367	0.540614	0.0346734	0.00453499	0.0323536
0.391537	-0.000975467	0.540642	0.0337288	0.000864567	0.028419
0.391574	-0.000966271	0.540674	0.0371154	0.00921684	0.03196
0.39161	-0.000965516	0.540701	0.0362417	0.000733309	0.0265389
0.391647	-0.000959315	0.540729	0.0368062	0.00624095	0.0285922
0.391679	-0.000957241	0.540753	0.0322913	0.00208548	0.0240116
0.391713	-0.000955484	0.540782	0.0340373	0.00175225	0.0286544
0.391747	-0.000950319	0.540813	0.033658	0.00518628	0.0314425
0.391779	-0.000948769	0.540841	0.032709	0.0015143	0.0275059
0.391816	-0.000938922	0.540872	0.0360971	0.00986812	0.0310455
0.391851	-0.000937517	0.540897	0.0352221	0.00138261	0.0256201
0.391887	-0.000930665	0.540925	0.0357874	0.00689078	0.0276731
0.391918	-0.000927943	0.540948	0.03127	0.00273336	0.0230899
0.391951	-0.000925539	0.540976	0.0330168	0.00239925	0.0277316
0.391984	-0.000919728	0.541006	0.0326371	0.00583253	0.0305201
0.392015	-0.000917532	0.541033	0.0316839	0.00215899	0.0265816
0.39205	-0.000907038	0.541063	0.0350734	0.0105143	0.0301199
0.392084	-0.000904989	0.541088	0.0341972	0.00202679	0.0246902
0.392119	-0.000897492	0.541115	0.0347631	0.00753548	0.0267431
0.39215	-0.000894127	0.541137	0.0302435	0.00337611	0.0221573
0.392182	-0.00089108	0.541164	0.031991	0.00304114	0.026798
0.392213	-0.000884628	0.541193	0.031611	0.00647368	0.0295871
0.392244	-0.000881792	0.541219	0.0306538	0.00279854	0.0256466
0.392278	-0.000870657	0.541248	0.0340446	0.0111553	0.0291836
0.392311	-0.000867968	0.541272	0.0331672	0.00266578	0.0237497
0.392345	-0.000859832	0.541297	0.0337337	0.008175	0.0258025
0.392374	-0.000855829	0.541319	0.029212	0.00401363	0.0212142
0.392405	-0.000852145	0.541345	0.0309601	0.00367784	0.025854
0.392435	-0.000845056	0.541373	0.0305797	0.00710964	0.0286436
0.392465	-0.000841586	0.541398	0.0296187	0.00343289	0.0247013
0.392498	-0.000829814	0.541426	0.0330107	0.011791	0.0282371
0.39253	-0.000826491	0.541449	0.0321324	0.00329952	0.0227991
0.392563	-0.00081772	0.541474	0.0326994	0.00880925	0.0248519
0.392591	-0.000813085	0.541494	0.0281755	0.00464589	0.020261
0.392621	-0.000808769	0.541519	0.0299243	0.0043093	0.0249
0.392651	-0.000801049	0.541547	0.0295436	0.00774037	0.0276903
0.392679	-0.000796949	0.54157	0.0285789	0.00406198	0.0237461
0.392711	-0.000784547	0.541598	0.0319721	0.0124215	0.0272807
0.392742	-0.000780595	0.541619	0.0310928	0.00392795	0.0218388
0.392774	-0.000771195	0.541643	0.0316602	0.00943819	0.0238917
0.392801	-0.000765933	0.541663	0.0271344	0.00527281	0.0192983
0.39283	-0.00076099	0.541687	0.0288839	0.00493546	0.0239365
0.392858	-0.000752645	0.541713	0.0285027	0.0083658	0.0267275
0.392886	-0.000747921	0.541736	0.0275346	0.00468577	0.0227814
0.392917	-0.000734893	0.541762	0.0309288	0.0130465	0.026315
0.392947	-0.000730318	0.541783	0.0300488	0.00455102	0.0208691
0.392978	-0.000720294	0.541806	0.0306165	0.0100618	0.0229222
0.393004	-0.00071441	0.541825	0.0260889	0.00589435	0.0183265
0.393032	-0.000708846	0.541847	0.0278389	0.00555627	0.0229639
0.393059	-0.00069988	0.541873	0.0274573	0.0089859	0.0257557
0.393085	-0.000694537	0.541895	0.026486	0.0053042	0.0218078
0.393115	-0.00068089	0.54192	0.029881	0.0136662	0.0253403
0.393144	-0.000675696	0.54194	0.0290004	0.00516868	0.0198906
0.393174	-0.000665054	0.541962	0.0295684	0.0106799	0.021944
0.393199	-0.000658553	0.54198	0.0250389	0.00651046	0.0173459
0.393226	-0.000652374	0.542002	0.0267895	0.00617169	0.0219827
0.393252	-0.000642793	0.542026	0.0264075	0.00960061	0.0247753
0.393278	-0.000636837	0.542047	0.0254331	0.00591723	0.0208256
0.393306	-0.000622575	0.542071	0.028829	0.0142805	0.0243572
0.393334	-0.000616769	0.54209	0.0279478	0.00578089	0.0189038
0.393363	-0.000605514	0.542111	0.028516	0.0112927	0.0209575
0.393387	-0.000598402	0.542128	0.0239849	0.00712112	0.0163571
0.393413	-0.000591612	0.542149	0.025736	0.00678168	0.0209934
0.393438	-0.000581422	0.542172	0.0253535	0.0102099	0.0237869
0.393462	-0.000574858	0.542192	0.0243763	0.00652484	0.0198354
0.39349	-0.000559987	0.542216	0.0277728	0.0148892	0.0233661
0.393517	-0.000553574	0.542234	0.0268913	0.00638764	0.017909
0.393544	-0.000541711	0.542254	0.0274595	0.0118999	0.0199632
0.393567	-0.000533994	0.542269	0.0229268	0.00772629	0.0153606
0.393592	-0.000526599	0.542289	0.0246784	0.00738623	0.0199963
0.393616	-0.000515805	0.542312	0.0242956	0.0108138	0.0227907
0.39364	-0.000508638	0.542331	0.0233156	0.00712699	0.0188375
0.393666	-0.000493164	0.542353	0.0267127	0.0154925	0.0223674
0.393692	-0.000486149	0.54237	0.0258309	0.00698888	0.0169068
0.393719	-0.000473684	0.542389	0.0263991	0.0125017	0.0189615
0.393741	-0.000465367	0.542403	0.021865	0.00832595	0.0143567
0.393764	-0.000457374	0.542422	0.023617	0.0079853	0.0189919
0.393787	-0.00044598	0.542444	0.0232337	0.0114122	0.0217874
0.39381	-0.000438217	0.542462	0.0222512	0.00772367	0.0178325
0.393835	-0.000422144	0.542483	0.0256489	0.0160902	0.0213616
0.39386	-0.000414534	0.542499	0.0247668	0.0075846	0.0158975
0.393885	-0.000401473	0.542517	0.025335	0.0130979	0.0179528
0.393906	-0.000392561	0.54253	0.0207995	0.00892008	0.0133459
0.393929	-0.000383974	0.542548	0.022552	0.00857888	0.0179808
0.393951	-0.000371987	0.542569	0.0221681	0.0120051	0.0207773
0.393972	-0.000363632	0.542586	0.0211834	0.00831487	0.0168208
0.393997	-0.000346967	0.542606	0.0245814	0.0166824	0.0203492
0.39402	-0.000338766	0.542621	0.0236992	0.0081748	0.0148817
0.394045	-0.000325114	0.542638	0.0242672	0.0136886	0.0169377
0.394064	-0.000315614	0.54265	0.0197305	0.00950867	0.0123288
0.394086	-0.000306438	0.542667	0.0214834	0.00916696	0.0169633
0.394107	-0.000293864	0.542687	0.021099	0.0125926	0.0197609
0.394127	-0.000284923	0.542703	0.0201121	0.00890056	0.0158028
0.394151	-0.000267671	0.542722	0.0235104	0.0172691	0.0193306
0.394173	-0.000258886	0.542736	0.0226283	0.00875945	0.0138598
0.394196	-0.000244648	0.542752	0.023196	0.0142738	0.0159167
0.394215	-0.000234565	0.542763	0.0186581	0.0100917	0.0113057
0.394236	-0.000224806	0.542779	0.0204114	0.00974954	0.01594
0.394256	-0.00021165	0.542798	0.0200265	0.0131746	0.0187388
0.394275	-0.000202128	0.542813	0.0190377	0.00948076	0.0147791
0.394297	-0.000184295	0.542831	0.0224361	0.0178502	0.0183063
0.394319	-0.00017493	0.542844	0.0215542	0.00933857	0.0128324
0.394341	-0.000160113	0.542859	0.0221216	0.0148535	0.0148901
0.394358	-0.000149452	0.542869	0.0175826	0.0106692	0.0102772
0.394378	-0.000139116	0.542884	0.0193361	0.0103266	0.0149112
0.394397	-0.000125383	0.542902	0.0189508	0.013751	0.0177113
0.394415	-0.000115287	0.542915	0.0179602	0.0100555	0.0137501
0.394436	-9.68781e-05	0.542933	0.0213587	0.0184258	0.0172768
0.394456	-8.69392e-05	0.542944	0.020477	0.00991214	0.0117998
0.394477	-7.15478e-05	0.542958	0.021044	0.0154276	0.0138584
0.394494	-6.03146e-05	0.542968	0.016504	0.0112412	0.00924369
0.394512	-4.94068e-05	0.542981	0.0182579	0.0108982	0.0138776
0.39453	-3.51031e-05	0.542998	0.017872	0.014322	0.0166789
0.394547	-2.44372e-05	0.543011	0.0168798	0.0106247	0.0127162
0.394567	-5.45822e-06	0.543027	0.0202782	0.0189958	0.0162425
0.394587	5.04895e-06	0.543038	0.0193969	0.0104802	0.0107625
0.394607	2.10091e-05	0.543051	0.0199634	0.0159962	0.0128222
0.394622	3.28088e-05	0.543059	0.0154226	0.0118076	0.00820566
0.394639	4.42828e-05	0.543072	0.0171766	0.0114643	0.0128395
0.394656	5.91522e-05	0.543087	0.0167902	0.0148876	0.0156422
0.394672	7.0382e-05	0.543099	0.0157967	0.0111884	0.011678
0.394691	8.99256e-05	0.543114	0.0191949	0.0195604	0.0152039
0.394709	0.000100995	0.543124	0.018314	0.0110427	0.00972103
0.394728	0.000117519	0.543136	0.0188799	0.0165593	0.0117818
0.394742	0.00012988	0.543143	0.0143384	0.0123685	0.00716359
0.394759	0.000141914	0.543155	0.0160926	0.0120249	0.0117974
0.394774	0.000157344	0.543169	0.0157056	0.0154477	0.0146015
0.394789	0.000169132	0.54318	0.0147109	0.0117467	0.0106359
0.394807	0.000189235	0.543194	0.0181089	0.0201194	0.0141615
0.394824	0.000200862	0.543203	0.0172286	0.0115997	0.00867586
0.394842	0.000217943	0.543214	0.0177938	0.0171169	0.0107379
0.394855	0.000230859	0.54322	0.0132516	0.0129239	0.00611796
0.39487	0.000243449	0.54323	0.015006	0.01258	0.0107518
0.394885	0.000259433	0.543244	0.0146184	0.0160023	0.0135574
0.394899	0.000271774	0.543254	0.0136227	0.0122995	0.00959048
0.394916	0.000292431	0.543267	0.0170203	0.0206729	0.0131158
0.394932	0.000304609	0.543274	0.0161407	0.0121513	0.00762746
0.394948	0.000322242	0.543284	0.0167051	0.017669	0.00969073
0.394961	0.000335709	0.543289	0.0121623	0.0134738	0.00506924
0.394975	0.000348848	0.543299	0.0139168	0.0131297	0.00970318
0.394988	0.000365382	0.543311	0.0135286	0.0165515	0.0125104
0.395001	0.000378271	0.54332	0.0125321	0.0128468	0.00854208
0.395017	0.000399475	0.543332	0.0159292	0.0212209	0.0120672
0.395032	0.0004122	0.543338	0.0150504	0.0126973	0.00657629
0.395047	0.00043038	0.543347	0.015614	0.0182156	0.00864094
0.395058	0.00044439	0.543351	0.0110707	0.0140183	0.00401791
0.395071	0.000458074	0.54336	0.0128253	0.0136739	0.00865203
0.395084	0.000475152	0.543371	0.0124365	0.0170954	0.0114608
0.395095	0.000488583	0.543379	0.0114394	0.0133888	0.00749124
0.39511	0.00051033	0.54339	0.0148358	0.0217636	0.0110163
0.395124	0.000523595	0.543395	0.0139579	0.0132379	0.00552285
0.395138	0.000542316	0.543403	0.0145206	0.0187569	0.00758894
0.395148	0.000556866	0.543406	0.00997691	0.0145573	0.00296446
0.39516	0.000571089	0.543413	0.0117315	0.0142128	0.00759881
0.395171	0.000588705	0.543424	0.0113421	0.0176338	0.0104092
0.395182	0.000602672	0.54343	0.0103446	0.0139254	0.00643844
0.395195	0.000624957	0.54344	0.0137403	0.0223007	0.0099634
0.395208	0.000638757	0.543445	0.0128634	0.0137732	0.00446761
0.395222	0.000658014	0.543451	0.013425	0.0192927	0.00653523
0.395231	0.000673098	0.543453	0.00888106	0.0150909	0.00190935
0.395241	0.000687854	0.54346	0.0106357	0.0147463	0.006544
0.395252	0.000706003	0.543469	0.0102456	0.018167	0.00935614
0.395261	0.000720502	0.543474	0.00924782	0.0144567	0.00538415
0.395273	0.000743318	0.543483	0.0126427	0.0228325	0.0089091
0.395285	0.000757649	0.543487	0.0117669	0.014303	0.00341104
0.395297	0.000777436	0.543492	0.0123274	0.0198232	0.00548028
0.395305	0.000793048	0.543493	0.0077833	0.0156191	0.000853065
0.395315	0.000808332	0.543499	0.00953784	0.0152745	0.00548808
0.395324	0.000827009	0.543507	0.00914712	0.0186948	0.00830198
0.395332	0.000842034	0.543511	0.00814929	0.0149826	0.00432885
0.395344	0.000865376	0.543519	0.0115432	0.023359	0.00785386
0.395354	0.000880232	0.543521	0.0106687	0.0148275	0.00235364
0.395366	0.000900544	0.543526	0.011228	0.0203483	0.00442456
0.395372	0.000916679	0.543526	0.00668376	0.016142	-0.000203911
0.395381	0.000932486	0.54353	0.0084382	0.0157974	0.00443153
0.395389	0.000951685	0.543537	0.0080468	0.0192174	0.00724725
0.395396	0.000967231	0.543541	0.00704911	0.0155033	0.00327302
0.395406	0.000991095	0.543547	0.010442	0.0238801	0.00679815
0.395416	0.00100647	0.543549	0.00956875	0.0153467	0.00129587
0.395426	0.0010273	0.543552	0.0101268	0.0208681	0.00336857
0.395431	0.00104395	0.543551	0.00558256	0.0166596	-0.0012611
0.395439	0.00106028	0.543554	0.00733686	0.0163151	0.00337483
0.395446	0.00107999	0.54356	0.00694477	0.0197347	0.00619243
0.395452	0.00109606	0.543563	0.00594741	0.0160187	0.00221713
0.395461	0.00112044	0.543568	0.00933915	0.024396	0.00574244
0.39547	0.00113632	0.543569	0.00846731	0.0158606	0.000238212
0.395479	0.00115767	0.543571	0.00902397	0.0213827	0.00231277
0.395483	0.00117483	0.543568	0.00447985	0.0171719	-0.00231802
0.395489	0.00119167	0.543571	0.00623397	0.0168275	0.00231846
0.395495	0.0012119	0.543576	0.00584117	0.0202468	0.00513799
0.3955	0.00122847	0.543577	0.00484432	0.0165289	0.00116168
0.395508	0.00125336	0.543582	0.0082348	0.0249066	0.00468723
0.395516	0.00126976	0.543581	0.00736448	0.0163692	-0.00081885
0.395523	0.00129161	0.543582	0.00791967	0.021892	0.00125764
0.395527	0.00130929	0.543579	0.00337575	0.017679	-0.00337421
0.395532	0.00132663	0.54358	0.00512964	0.0173347	0.00126289
0.395537	0.00134737	0.543584	0.00473612	0.0207538	0.00408441
0.39554	0.00136444	0.543584	0.00373997	0.017034	0.000107124
0.395548	0.00138984	0.543588	0.00712907	0.025412	0.00363298
0.395554	0.00140674	0.543586	0.00626038	0.0168727	-0.00187484
0.395561	0.0014291	0.543586	0.00681403	0.0223962	0.000203666
0.395563	0.00144727	0.543582	0.0022704	0.0181808	-0.00442917
0.395567	0.00146512	0.543582	0.00402402	0.0178368	0.000208607
0.395571	0.00148635	0.543585	0.00362976	0.0212556	0.00303216
0.395573	0.00150393	0.543584	0.0026345	0.0175339	-0.000946051
0.395579	0.00152983	0.543587	0.00602212	0.0259122	0.00258018
0.395584	0.00154722	0.543584	0.00515515	0.017371	-0.00292929
0.39559	0.00157008	0.543583	0.00570718	0.0228952	-0.000848684
0.395591	0.00158875	0.543577	0.00116393	0.0186776	-0.00548244
0.395594	0.0016071	0.543577	0.00291724	0.0183337	-0.000843924
0.395597	0.00162883	0.543579	0.00252223	0.0217524	0.00198172
0.395598	0.0016469	0.543577	0.00152804	0.0180287	-0.00199737
0.395603	0.00167329	0.543578	0.00491407	0.0264073	0.00152929
0.395607	0.00169118	0.543574	0.00404893	0.0178642	-0.00398171
0.395612	0.00171453	0.543572	0.00459924	0.0233891	-0.00189893
0.395612	0.0017337	0.543566	5.64733e-05	0.0191692	-0.00653355
0.395614	0.00175253	0.543564	0.00180943	0.0188256	-0.00189423
0.395615	0.00177476	0.543565	0.00141365	0.0222441	0.00093357
0.395615	0.00179332	0.543562	0.000420729	0.0185185	-0.00304636
0.395619	0.0018202	0.543562	0.00380506	0.0268973	0.000480789
0.395622	0.00183858	0.543557	0.00294184	0.0183522	-0.00503164
0.395626	0.00186242	0.543554	0.00349037	0.0238779	-0.00294661
0.395625	0.00188207	0.543547	-0.00105182	0.0196557	-0.00758202
0.395625	0.00190139	0.543544	0.000700736	0.0193125	-0.00294183
0.395626	0.0019241	0.543544	0.000304175	0.0227309	-0.000111829
0.395625	0.00194314	0.543539	-0.000687308	0.0190033	-0.00409255
0.395628	0.00197051	0.543539	0.00269522	0.0273822	-0.000564843
0.39563	0.00198937	0.543533	0.00183402	0.0188353	-0.00607859
0.395632	0.0020137	0.543529	0.00238069	0.0243618	-0.00399123
0.39563	0.00203383	0.54352	-0.00216084	0.0201372	-0.00862737
0.395629	0.00205363	0.543516	-0.000408715	0.0197944	-0.00398626
0.395629	0.00207682	0.543515	-0.000806072	0.0232126	-0.001154
0.395627	0.00209635	0.54351	-0.00179593	0.0194831	-0.00513548
0.395628	0.00212419	0.543508	0.00158469	0.0278622	-0.00160714
0.395629	0.00214353	0.543501	0.000725617	0.0193133	-0.00712211
0.39563	0.00216834	0.543496	0.00127034	0.0248406	-0.00503233
0.395627	0.00218894	0.543486	-0.00327043	0.0206137	-0.00966914
0.395626	0.00220922	0.543481	-0.00151878	0.0202713	-0.00502704
0.395624	0.00223289	0.543479	-0.00191695	0.0236895	-0.00219247
0.395621	0.00225289	0.543473	-0.00290499	0.0199579	-0.00617466
0.395621	0.00228121	0.54347	0.000473611	0.0283372	-0.00264564
0.395621	0.00230102	0.543462	-0.000383238	0.0197864	-0.00816172
0.395621	0.0023263	0.543456	0.00015946	0.0253144	-0.00606945
0.395617	0.00234738	0.543446	-0.00438045	0.0210853	-0.0107069
0.395614	0.00236813	0.543439	-0.00262933	0.0207433	-0.0060637
0.395611	0.00239227	0.543436	-0.00302832	0.0241614	-0.00322677
0.395607	0.00241274	0.543429	-0.00401436	0.0204279	-0.00720964
0.395606	0.00244153	0.543425	-0.000637878	0.0288072	-0.00367987
0.395605	0.00246181	0.543416	-0.0014924	0.0202546	-0.00919696
0.395604	0.00248756	0.543409	-0.000951812	0.0257834	-0.00710212
0.395598	0.0025091	0.543397	-0.00549077	0.0215519	-0.0117401
0.395595	0.00253032	0.54339	-0.00374022	0.0212104	-0.00709579
0.39559	0.00255493	0.543386	-0.00414004	0.0246285	-0.00425645
0.395585	0.00257586	0.543378	-0.0051239	0.020893	-0.00823994
0.395584	0.00260512	0.543373	-0.00174963	0.0292723	-0.00470937
0.395581	0.00262586	0.543363	-0.00260174	0.0207178	-0.0102274
0.395579	0.00265207	0.543355	-0.00206333	0.0262475	-0.00812988
0.395572	0.00267408	0.543342	-0.00660125	0.0220136	-0.0127683
0.395567	0.00269576	0.543334	-0.00485129	0.0216727	-0.00812284
0.395562	0.00272083	0.543328	-0.00525196	0.0250908	-0.00528103
0.395556	0.00274222	0.543319	-0.00623345	0.0213533	-0.00926512
0.395553	0.00277194	0.543313	-0.00286151	0.0297326	-0.00573367
0.395549	0.00279314	0.543302	-0.00371109	0.0211762	-0.0112525
0.395546	0.00281981	0.543293	-0.00317495	0.0267067	-0.00915226
0.395539	0.00284227	0.543279	-0.00771173	0.0224705	-0.0137911
0.395533	0.00286441	0.54327	-0.00596242	0.0221301	-0.00914439
0.395526	0.00288993	0.543264	-0.00636394	0.0255483	-0.00630006
0.395519	0.00291178	0.543254	-0.00734288	0.0218088	-0.0102847
0.395515	0.00294195	0.543247	-0.00397336	0.030188	-0.00675232
0.39551	0.00296361	0.543234	-0.00482033	0.0216298	-0.0122718
0.395506	0.00299073	0.543224	-0.00428653	0.0271611	-0.0101688
0.395497	0.00301364	0.54321	-0.00882208	0.0229225	-0.014808
0.39549	0.00303624	0.543199	-0.00707344	0.0225828	-0.01016
0.395482	0.00306222	0.543192	-0.00747583	0.026001	-0.00731308
0.395474	0.00308452	0.543181	-0.00845204	0.0222595	-0.0112983
0.395469	0.00311514	0.543173	-0.00508504	0.0306386	-0.00776486
0.395463	0.00313724	0.54316	-0.00592929	0.0220785	-0.013285
0.395458	0.00316481	0.543149	-0.0053979	0.0276107	-0.0111791
0.395448	0.00318817	0.543133	-0.00993213	0.0233698	-0.0158185
0.395439	0.00321121	0.543122	-0.00818421	0.0230307	-0.0111692
0.395431	0.00323764	0.543113	-0.00858747	0.026449	-0.00831964
0.395421	0.00326038	0.543101	-0.00956077	0.0227055	-0.0123053
0.395415	0.00329145	0.543092	-0.00619639	0.0310845	-0.00877084
0.395408	0.003314	0.543078	-0.00703782	0.0225225	-0.0142915
0.395402	0.00334201	0.543066	-0.00650893	0.0280556	-0.0121826
0.395391	0.00336582	0.543049	-0.0110417	0.0238123	-0.0168223
0.395381	0.0033893	0.543037	-0.00929457	0.0234739	-0.0121715
0.395372	0.00341617	0.543027	-0.00969872	0.0268923	-0.00931929
0.395361	0.00343936	0.543014	-0.0106689	0.0231468	-0.0133054
0.395354	0.00347086	0.543004	-0.00730725	0.0315256	-0.00976982
0.395345	0.00349385	0.542989	-0.00814577	0.0229618	-0.0152908
0.395338	0.0035223	0.542976	-0.00761945	0.0284957	-0.0131789
0.395326	0.00354654	0.542958	-0.0121507	0.02425	-0.0178188
0.395315	0.00357046	0.542945	-0.0104044	0.0239124	-0.0131665
0.395304	0.00359777	0.542934	-0.0108094	0.027331	-0.0103116
0.395293	0.0036214	0.54292	-0.0117763	0.0235834	-0.0142981
0.395284	0.00365334	0.542909	-0.00841748	0.031962	-0.0107613
0.395275	0.00367676	0.542893	-0.00925298	0.0233963	-0.0162827
0.395266	0.00370565	0.542879	-0.00872929	0.0289311	-0.0141676
0.395253	0.00373032	0.54286	-0.013259	0.024683	-0.0188076
0.395241	0.00375468	0.542846	-0.0115134	0.0243462	-0.0141538
0.39523	0.00378242	0.542835	-0.0119194	0.0277649	-0.0112961
0.395217	0.00380647	0.542819	-0.0128828	0.0240153	-0.015283
0.395207	0.00383885	0.542808	-0.00952689	0.0323936	-0.011745
0.395197	0.0038627	0.54279	-0.0103593	0.0238261	-0.0172665
0.395187	0.00389202	0.542775	-0.00983831	0.0293619	-0.0151483
0.395173	0.00391712	0.542755	-0.0143663	0.0251113	-0.0197883
0.39516	0.0039419	0.54274	-0.0126216	0.0247754	-0.0151328
0.395147	0.00397007	0.542728	-0.0130285	0.0281942	-0.0122723
0.395133	0.00399456	0.542712	-0.0139883	0.0244426	-0.0162596
0.395122	0.00402736	0.542699	-0.0106353	0.0328206	-0.0127202
0.395111	0.00405163	0.542681	-0.0114645	0.0242512	-0.0182419
0.3951	0.00408138	0.542665	-0.0109463	0.0297879	-0.0161204
0.395084	0.0041069	0.542644	-0.0154725	0.0255349	-0.0207604
0.395071	0.00413211	0.542628	-0.0137287	0.0251999	-0.0161033
0.395057	0.0041607	0.542615	-0.0141365	0.0286189	-0.0132399
0.395041	0.00418561	0.542597	-0.0150925	0.0248652	-0.0172275
0.39503	0.00421883	0.542584	-0.0117426	0.0332429	-0.0136868
0.395017	0.00424353	0.542564	-0.0125685	0.0246716	-0.0192085
0.395005	0.00427369	0.542547	-0.0120532	0.0302093	-0.0170836
0.394989	0.00429964	0.542526	-0.0165775	0.0259539	-0.0217235
0.394974	0.00432526	0.542509	-0.0148346	0.0256197	-0.0170647
0.394958	0.00435428	0.542494	-0.0152433	0.029039	-0.0141984
0.394942	0.0043796	0.542476	-0.0161953	0.0252832	-0.0181863
0.394929	0.00441324	0.542462	-0.0128486	0.0336605	-0.0146441
0.394916	0.00443835	0.542441	-0.0136711	0.0250874	-0.0201657
0.394903	0.00446893	0.542423	-0.0131587	0.030626	-0.0180374
0.394885	0.00449529	0.542401	-0.017681	0.0263681	-0.0226772
0.394869	0.00452133	0.542383	-0.0159391	0.0260349	-0.0180166
0.394853	0.00455076	0.542367	-0.0163487	0.0294544	-0.0151473
0.394835	0.0045765	0.542348	-0.0172965	0.0256966	-0.0191355
0.394821	0.00461055	0.542333	-0.0139531	0.0340734	-0.0155918
0.394807	0.00463607	0.542312	-0.0147721	0.0254985	-0.0211133
0.394792	0.00466706	0.542293	-0.0142626	0.031038	-0.0189815
0.394774	0.00469383	0.542269	-0.0187829	0.0267777	-0.0236211
0.394757	0.00472028	0.54225	-0.017042	0.0264455	-0.0189586
0.394739	0.00475012	0.542234	-0.0174525	0.0298653	-0.0160863
0.394721	0.00477627	0.542214	-0.018396	0.0261054	-0.0200748
0.394706	0.00481072	0.542197	-0.0150559	0.0344817	-0.0165295
0.39469	0.00483665	0.542175	-0.0158713	0.0259049	-0.0220507
0.394674	0.00486806	0.542155	-0.0153649	0.0314454	-0.0199153
0.394655	0.00489523	0.542131	-0.019883	0.0271826	-0.0245547
0.394636	0.00492208	0.542111	-0.0181431	0.0268514	-0.0198903
0.394618	0.00495233	0.542094	-0.0185545	0.0302715	-0.017015
0.394598	0.00497888	0.542073	-0.0194935	0.0265095	-0.0210037
0.394582	0.00501374	0.542055	-0.0161568	0.0348853	-0.0174567
0.394565	0.00504007	0.542032	-0.0169685	0.0263067	-0.0229776
0.394549	0.00507187	0.542012	-0.0164652	0.0318482	-0.0208386
0.394528	0.00509944	0.541986	-0.0209811	0.0275829	-0.0254777
0.394509	0.0051267	0.541965	-0.0192422	0.0272527	-0.0208113
0.394489	0.00515735	0.541947	-0.0196546	0.0306731	-0.0179328
0.394468	0.00518429	0.541925	-0.0205888	0.0269091	-0.0219218
0.394451	0.00521956	0.541907	-0.0172557	0.0352842	-0.0183731
0.394433	0.00524628	0.541883	-0.0180636	0.0267038	-0.0238936
0.394415	0.00527848	0.541861	-0.0175635	0.0322462	-0.0217508
0.394393	0.00530645	0.541835	-0.022077	0.0279784	-0.0263896
0.394373	0.0053341	0.541813	-0.0203392	0.0276494	-0.0217212
0.394352	0.00536515	0.541795	-0.0207524	0.0310701	-0.0188395
0.394331	0.00539249	0.541772	-0.0216818	0.0273039	-0.0228287
0.394312	0.00542814	0.541752	-0.0183523	0.0356785	-0.0192783
0.394293	0.00545526	0.541728	-0.0191563	0.0270962	-0.0247982
0.394274	0.00548786	0.541705	-0.0186594	0.0326396	-0.0226516
0.394251	0.00551621	0.541678	-0.0231705	0.0283693	-0.02729
0.39423	0.00554426	0.541655	-0.0214338	0.0280413	-0.0226195
0.394208	0.00557569	0.541635	-0.021848	0.0314624	-0.0197347
0.394185	0.00560342	0.541612	-0.0227723	0.0276942	-0.023724
0.394166	0.00563947	0.541591	-0.0194465	0.036068	-0.0201717
0.394146	0.00566697	0.541566	-0.0202465	0.0274839	-0.0256911
0.394126	0.00569996	0.541542	-0.0197529	0.0330283	-0.0235406
0.394101	0.0057287	0.541514	-0.0242614	0.0287554	-0.0281786
0.394079	0.00575713	0.54149	-0.0225258	0.0284286	-0.023506
0.394056	0.00578895	0.54147	-0.0229409	0.03185	-0.0206178
0.394032	0.00581707	0.541445	-0.02386	0.0280797	-0.0246073
0.394012	0.0058535	0.541424	-0.0205379	0.0364529	-0.0210532
0.39399	0.00588139	0.541398	-0.0213339	0.0278669	-0.0265719
0.393969	0.00591475	0.541373	-0.0208436	0.0334123	-0.0244174
0.393944	0.00594388	0.541344	-0.0253494	0.0291369	-0.029055
0.393921	0.00597269	0.54132	-0.023615	0.0288112	-0.0243801
0.393896	0.0060049	0.541298	-0.0240311	0.032233	-0.0214887
0.393872	0.00603339	0.541273	-0.0249448	0.0284606	-0.0254783
0.39385	0.0060702	0.541251	-0.0216265	0.0368329	-0.0219222
0.393828	0.00609847	0.541223	-0.0224183	0.0282451	-0.0274402
0.393806	0.00613221	0.541198	-0.0219314	0.0337915	-0.0252817
0.393779	0.00616171	0.541168	-0.0264345	0.0295135	-0.0299187
0.393754	0.0061909	0.541143	-0.0247013	0.0291891	-0.0252416
0.393729	0.00622349	0.541121	-0.0251182	0.0326112	-0.0223468
0.393703	0.00625236	0.541094	-0.0260264	0.0288367	-0.0263366
0.393681	0.00628954	0.541071	-0.022712	0.0372082	-0.0227785
0.393657	0.00631818	0.541043	-0.0234995	0.0286186	-0.0282956
0.393634	0.0063523	0.541017	-0.023016	0.034166	-0.0261329
0.393607	0.00638217	0.540986	-0.0275163	0.0298854	-0.0307695
0.393581	0.00641173	0.54096	-0.0257843	0.0295622	-0.02609
0.393555	0.00644469	0.540937	-0.0262021	0.0329847	-0.0231918
0.393527	0.00647393	0.54091	-0.0271045	0.029208	-0.0271818
0.393504	0.00651149	0.540886	-0.0237941	0.0375787	-0.0236215
0.393479	0.00654049	0.540857	-0.0245772	0.0289872	-0.0291378
0.393455	0.00657498	0.54083	-0.0240973	0.0345356	-0.0269709
0.393426	0.00660522	0.540798	-0.0285947	0.0302524	-0.0316069
0.3934	0.00663515	0.540771	-0.0268638	0.0299304	-0.026925
0.393372	0.00666848	0.540747	-0.0272826	0.0333534	-0.0240234
0.393344	0.00669808	0.540719	-0.0281791	0.0295746	-0.0280135
0.393319	0.006736	0.540695	-0.0248727	0.0379444	-0.0244511
0.393294	0.00676537	0.540665	-0.0256513	0.029351	-0.0299664
0.393268	0.00680023	0.540637	-0.025175	0.0349004	-0.0277953
0.393239	0.00683082	0.540605	-0.0296693	0.0306146	-0.0324306
0.393211	0.00686112	0.540577	-0.0279397	0.0302939	-0.0277463
0.393182	0.00689481	0.540552	-0.0283593	0.0337173	-0.0248411
0.393153	0.00692478	0.540523	-0.0292498	0.0299363	-0.0288314
0.393127	0.00696306	0.540498	-0.0259475	0.0383051	-0.0252668
0.393101	0.00699279	0.540467	-0.0267215	0.0297099	-0.0307811
0.393074	0.007028	0.540439	-0.0262488	0.0352603	-0.0286056
0.393044	0.00705895	0.540405	-0.03074	0.0309719	-0.0332403
0.393015	0.00708961	0.540377	-0.0290116	0.0306524	-0.0285534
0.392985	0.00712365	0.540351	-0.0294321	0.0340763	-0.0256448
0.392955	0.00715398	0.540322	-0.0303164	0.0302932	-0.0296352
0.392928	0.00719261	0.540296	-0.0270183	0.0386609	-0.0260683
0.3929	0.0072227	0.540264	-0.0277876	0.0300639	-0.0315814
0.392873	0.00725826	0.540235	-0.0273185	0.0356152	-0.0294015
0.392841	0.00728957	0.5402	-0.0318066	0.0313242	-0.0340355
0.392811	0.00732058	0.540171	-0.0300794	0.031006	-0.0293461
0.39278	0.00735498	0.540145	-0.0305008	0.0344303	-0.0264339
0.392749	0.00738566	0.540114	-0.0313786	0.0306451	-0.0304245
0.392721	0.00742464	0.540087	-0.0280847	0.0390118	-0.0268552
0.392692	0.00745507	0.540055	-0.0288493	0.0304129	-0.0323672
0.392664	0.00749099	0.540025	-0.0283839	0.0359652	-0.0301828
0.392631	0.00752264	0.53999	-0.0328686	0.0316714	-0.0348161
0.3926	0.00755399	0.53996	-0.0311427	0.0313546	-0.0301241
0.392568	0.00758874	0.539933	-0.031565	0.0347794	-0.0272082
0.392536	0.00761977	0.539901	-0.0324363	0.030992	-0.031199
0.392507	0.0076591	0.539874	-0.0291467	0.0393575	-0.0276273
0.392477	0.00768987	0.539841	-0.0299064	0.0307568	-0.033138
0.392447	0.00772613	0.53981	-0.0294447	0.0363101	-0.030949
0.392413	0.00775813	0.539774	-0.033926	0.0320136	-0.0355816
0.392381	0.00778983	0.539743	-0.0322014	0.0316982	-0.0308869
0.392348	0.00782492	0.539715	-0.0326245	0.0351234	-0.0279674
0.392315	0.00785629	0.539683	-0.033489	0.0313338	-0.0319584
0.392285	0.00789595	0.539655	-0.0302038	0.0396982	-0.0283841
0.392254	0.00792707	0.539621	-0.0309585	0.0310956	-0.0338936
0.392223	0.00796367	0.539589	-0.0305006	0.0366499	-0.0317
0.392188	0.007996	0.539553	-0.0349785	0.0323507	-0.0363318
0.392155	0.00802803	0.539521	-0.0332551	0.0320366	-0.0316343
0.392121	0.00806347	0.539493	-0.033679	0.0354622	-0.0287111
0.392087	0.00809517	0.53946	-0.0345367	0.0316705	-0.0327023
0.392056	0.00813517	0.539431	-0.0312559	0.0400337	-0.0291255
0.392024	0.00816662	0.539396	-0.0320055	0.0314292	-0.0346336
0.391992	0.00820355	0.539364	-0.0315514	0.0369844	-0.0324353
0.391956	0.00823622	0.539327	-0.0360257	0.0326826	-0.0370663
0.391922	0.00826858	0.539294	-0.0343036	0.0323698	-0.0323661
0.391887	0.00830435	0.539265	-0.0347284	0.0357959	-0.0294391
0.391851	0.00833638	0.539231	-0.035579	0.0320021	-0.0334305
0.391819	0.00837672	0.539202	-0.0323026	0.0403639	-0.0298511
0.391786	0.00840849	0.539166	-0.0330471	0.0317575	-0.0353578
0.391754	0.00844576	0.539133	-0.0325968	0.0373138	-0.0331547
0.391716	0.00847874	0.539095	-0.0370674	0.0330091	-0.0377848
0.391681	0.00851144	0.539062	-0.0353466	0.0326978	-0.0330818
0.391645	0.00854753	0.539032	-0.0357722	0.0361243	-0.0301511
0.391609	0.00857989	0.538998	-0.0366156	0.0323283	-0.0341426
0.391575	0.00862055	0.538967	-0.0333437	0.0406888	-0.0305605
0.391541	0.00865265	0.538931	-0.0340829	0.0320806	-0.0360658
0.391508	0.00869023	0.538897	-0.0336365	0.0376377	-0.0338578
0.39147	0.00872354	0.538859	-0.0381034	0.0333303	-0.0384872
0.391433	0.00875656	0.538825	-0.0363838	0.0330204	-0.0337812
0.391396	0.00879298	0.538794	-0.0368102	0.0364474	-0.0308467
0.391359	0.00882566	0.538759	-0.0376463	0.0326492	-0.0348385
0.391324	0.00886663	0.538728	-0.0343789	0.0410083	-0.0312537
0.391289	0.00889905	0.538691	-0.0351128	0.0323982	-0.0367574
0.391255	0.00893695	0.538657	-0.0346703	0.0379563	-0.0345445
0.391216	0.00897058	0.538618	-0.0391333	0.0336461	-0.039173
0.391178	0.00900391	0.538583	-0.037415	0.0333376	-0.0344641
0.39114	0.00904064	0.538552	-0.0378422	0.0367651	-0.0315257
0.391102	0.00907364	0.538516	-0.0386708	0.0329647	-0.0355178
0.391066	0.00911493	0.538484	-0.035408	0.0413223	-0.0319301
0.39103	0.00914765	0.538447	-0.0361364	0.0327103	-0.0374324
0.390994	0.00918587	0.538411	-0.0356978	0.0382693	-0.0352144
0.390954	0.00921981	0.538372	-0.0401569	0.0339564	-0.039842
0.390916	0.00925345	0.538336	-0.0384399	0.0336492	-0.0351302
0.390877	0.0092905	0.538304	-0.0388678	0.0370772	-0.0321879
0.390837	0.0093238	0.538268	-0.0396887	0.0332746	-0.0361802
0.390801	0.0093654	0.538236	-0.0364306	0.0416307	-0.0325897
0.390764	0.00939843	0.538197	-0.0371534	0.0330168	-0.0380903
0.390727	0.00943696	0.538162	-0.0367188	0.0385768	-0.0358673
0.390686	0.0094712	0.538121	-0.0411738	0.034261	-0.0404941
0.390646	0.00950515	0.538085	-0.0394581	0.0339553	-0.0357791
0.390606	0.0095425	0.538052	-0.0398868	0.0373837	-0.032833
0.390566	0.0095761	0.538016	-0.0406999	0.0335789	-0.0368256
0.390528	0.00961801	0.537982	-0.0374464	0.0419334	-0.0332321
0.39049	0.00965134	0.537944	-0.0381635	0.0333176	-0.0387311
0.390452	0.00969016	0.537907	-0.0377329	0.0388785	-0.036503
0.39041	0.0097247	0.537866	-0.0421838	0.0345599	-0.0411288
0.39037	0.00975895	0.53783	-0.0404694	0.0342556	-0.0364108
0.390329	0.0097966	0.537796	-0.0408987	0.0376845	-0.0334607
0.390287	0.00983051	0.537759	-0.0417039	0.0338775	-0.0374537
0.390249	0.00987271	0.537725	-0.0384551	0.0422304	-0.0338572
0.39021	0.00990633	0.537685	-0.0391665	0.0336127	-0.0393545
0.390171	0.00994546	0.537648	-0.0387399	0.0391745	-0.0371211
0.390128	0.00998029	0.537606	-0.0431866	0.034853	-0.0417461
0.390086	0.0100148	0.537569	-0.0414734	0.0345501	-0.0370249
0.390044	0.0100528	0.537535	-0.0419035	0.0379794	-0.0340708
0.390002	0.010087	0.537497	-0.0427005	0.0341703	-0.0380642
0.389962	0.0101295	0.537463	-0.0394565	0.0425215	-0.0344646
0.389922	0.0101634	0.537423	-0.040162	0.0339019	-0.0399602
0.389882	0.0102028	0.537385	-0.0397394	0.0394646	-0.0377216
0.389838	0.0102379	0.537343	-0.0441818	0.0351402	-0.0423456
0.389796	0.0102727	0.537305	-0.0424699	0.0348387	-0.0376213
0.389753	0.010311	0.53727	-0.0429006	0.0382685	-0.0346631
0.389709	0.0103455	0.537232	-0.0436894	0.0344571	-0.0386569
0.389669	0.0103882	0.537197	-0.0404501	0.0428066	-0.0350542
0.389628	0.0104224	0.537156	-0.0411497	0.0341851	-0.0405481
0.389587	0.0104621	0.537118	-0.0407311	0.0397487	-0.0383041
0.389542	0.0104975	0.537075	-0.0451691	0.0354213	-0.0429273
0.389498	0.0105326	0.537037	-0.0434585	0.0351213	-0.0381997
0.389454	0.0105712	0.537001	-0.0438898	0.0385515	-0.0352375
0.38941	0.0106059	0.536962	-0.0446702	0.034738	-0.0392317
0.389368	0.010649	0.536927	-0.0414357	0.0430856	-0.0356258
0.389326	0.0106834	0.536885	-0.0421293	0.0344622	-0.0411179
0.389284	0.0107234	0.536847	-0.0417147	0.0400266	-0.0388685
0.389238	0.0107591	0.536803	-0.0461483	0.0356964	-0.0434908
0.389194	0.0107945	0.536764	-0.0444389	0.0353978	-0.0387599
0.389149	0.0108333	0.536729	-0.0448708	0.0388284	-0.0357936
0.389103	0.0108683	0.536689	-0.0456427	0.0350127	-0.0397883
0.389061	0.0109116	0.536653	-0.042413	0.0433585	-0.0361792
0.389018	0.0109464	0.536611	-0.0431005	0.0347331	-0.0416695
0.388975	0.0109866	0.536571	-0.04269	0.0402984	-0.0394146
0.388928	0.0110226	0.536527	-0.0471189	0.0359652	-0.044036
0.388883	0.0110582	0.536488	-0.0454107	0.035668	-0.0393017
0.388837	0.0110973	0.536452	-0.0458433	0.039099	-0.0363314
0.38879	0.0111326	0.536411	-0.0466065	0.0352811	-0.0403266
0.388747	0.0111762	0.536375	-0.0433816	0.043625	-0.0367142
0.388703	0.0112112	0.536332	-0.0440629	0.0349977	-0.0422026
0.388659	0.0112517	0.536293	-0.0436564	0.0405638	-0.0399422
0.388611	0.0112879	0.536248	-0.0480807	0.0362276	-0.0445627
0.388565	0.0113238	0.536208	-0.0463737	0.0359319	-0.0398251
0.388518	0.0113632	0.536171	-0.0468068	0.0393633	-0.0368506
0.38847	0.0113987	0.53613	-0.0475612	0.0355432	-0.0408463
0.388426	0.0114426	0.536093	-0.0443413	0.043885	-0.0372306
0.388381	0.0114778	0.53605	-0.0450162	0.0352558	-0.0427172
0.388336	0.0115186	0.53601	-0.0446138	0.0408227	-0.0404512
0.388287	0.0115551	0.535965	-0.0490333	0.0364836	-0.0450707
0.38824	0.0115913	0.535925	-0.0473275	0.0361893	-0.0403297
0.388192	0.0116308	0.535887	-0.0477612	0.0396211	-0.037351
0.388144	0.0116667	0.535846	-0.0485066	0.0357988	-0.0413475
0.388099	0.0117108	0.535808	-0.0452915	0.0441386	-0.0377282
0.388053	0.0117463	0.535765	-0.04596	0.0355074	-0.043213
0.388007	0.0117873	0.535724	-0.0455618	0.0410751	-0.0409413
0.387957	0.011824	0.535678	-0.0499764	0.0367329	-0.04556
0.387909	0.0118604	0.535638	-0.0482718	0.0364401	-0.0408156
0.38786	0.0119003	0.5356	-0.0487059	0.0398722	-0.0378327
0.387811	0.0119364	0.535558	-0.0494424	0.0360477	-0.0418298
0.387764	0.0119807	0.53552	-0.0462322	0.0443854	-0.0382071
0.387718	0.0120165	0.535476	-0.0468941	0.0357524	-0.04369
0.387671	0.0120577	0.535435	-0.0464999	0.0413207	-0.0414125
0.38762	0.0120947	0.535388	-0.0509097	0.0369756	-0.0460303
0.387571	0.0121314	0.535347	-0.0492062	0.0366841	-0.0412824
0.387521	0.0121714	0.535309	-0.0496408	0.0401166	-0.0382953
0.387471	0.0122077	0.535267	-0.050368	0.0362899	-0.0422931
0.387424	0.0122523	0.535228	-0.0471627	0.0446255	-0.0386669
0.387376	0.0122883	0.535184	-0.0478181	0.0359905	-0.0441479
0.387329	0.0123298	0.535142	-0.047428	0.0415596	-0.0418647
0.387277	0.012367	0.535095	-0.0518327	0.0372114	-0.0464816
0.387227	0.0124039	0.535054	-0.0501304	0.0369214	-0.0417302
0.387176	0.0124443	0.535015	-0.0505654	0.0403542	-0.0387388
0.387125	0.0124808	0.534972	-0.0512833	0.0365253	-0.0427374
0.387077	0.0125256	0.534933	-0.0480829	0.0448586	-0.0391076
0.387028	0.0125619	0.534888	-0.0487316	0.0362217	-0.0445867
0.38698	0.0126036	0.534846	-0.0483456	0.0417915	-0.0422977
0.386927	0.012641	0.534799	-0.0527452	0.0374402	-0.0469138
0.386876	0.0126781	0.534757	-0.0510441	0.0371516	-0.0421587
0.386824	0.0127187	0.534718	-0.0514794	0.0405847	-0.0391632
0.386772	0.0127555	0.534675	-0.0521879	0.0367537	-0.0431626
0.386723	0.0128005	0.534635	-0.0489924	0.0450847	-0.0395291
0.386674	0.012837	0.53459	-0.0496343	0.0364458	-0.0450063
0.386624	0.0128789	0.534547	-0.0492524	0.0420163	-0.0427114
0.386571	0.0129166	0.5345	-0.0536468	0.0376619	-0.0473266
0.386519	0.0129539	0.534457	-0.0519467	0.0373747	-0.042568
0.386466	0.0129947	0.534418	-0.0523825	0.0408081	-0.0395682
0.386413	0.0130317	0.534374	-0.0530814	0.0369749	-0.0435685
0.386363	0.013077	0.534334	-0.0498909	0.0453035	-0.0399313
0.386313	0.0131136	0.534289	-0.0505259	0.0366627	-0.0454066
0.386263	0.0131558	0.534246	-0.050148	0.0422339	-0.0431057
0.386208	0.0131937	0.534198	-0.0545372	0.0378764	-0.0477202
0.386155	0.0132312	0.534155	-0.0528382	0.0375906	-0.0429579
0.386102	0.0132722	0.534115	-0.0532742	0.0410243	-0.0399538
0.386048	0.0133094	0.534071	-0.0539634	0.0371889	-0.043955
0.385997	0.0133549	0.534031	-0.0507778	0.0455151	-0.0403141
0.385946	0.0133918	0.533985	-0.0514059	0.0368723	-0.0457875
0.385895	0.0134342	0.533942	-0.0510321	0.0424441	-0.0434806
0.38584	0.0134722	0.533893	-0.0554159	0.0380836	-0.0480943
0.385786	0.01351	0.53385	-0.0537179	0.0377991	-0.0433283
0.385732	0.0135512	0.53381	-0.0541543	0.041233	-0.0403199
0.385677	0.0135886	0.533765	-0.0548337	0.0373955	-0.0443222
0.385625	0.0136343	0.533725	-0.051653	0.0457192	-0.0406775
0.385573	0.0136714	0.533679	-0.052274	0.0370745	-0.046149
0.385521	0.013714	0.533635	-0.0519044	0.0426469	-0.043836
0.385465	0.0137523	0.533586	-0.0562827	0.0382832	-0.0484489
0.38541	0.0137902	0.533543	-0.0545857	0.0380001	-0.0436793
0.385355	0.0138316	0.533502	-0.0550223	0.0414343	-0.0406665
0.3853	0.0138693	0.533457	-0.0556918	0.0375946	-0.0446699
0.385247	0.0139151	0.533416	-0.0525161	0.0459157	-0.0410214
0.385194	0.0139524	0.53337	-0.0531299	0.0372691	-0.0464909
0.385141	0.0139952	0.533326	-0.0527643	0.042842	-0.0441719
0.385084	0.0140336	0.533277	-0.0571372	0.0384752	-0.048784
0.385029	0.0140718	0.533233	-0.0554412	0.0381934	-0.0440107
0.384973	0.0141134	0.533192	-0.0558779	0.0416278	-0.0409936
0.384916	0.0141512	0.533147	-0.0565374	0.037786	-0.0449981
0.384863	0.0141973	0.533105	-0.0533666	0.0461045	-0.0413457
0.384809	0.0142347	0.533059	-0.0539732	0.0374559	-0.0468133
0.384755	0.0142777	0.533014	-0.0536117	0.0430294	-0.0444882
0.384697	0.0143163	0.532965	-0.057979	0.0386595	-0.0490996
0.384641	0.0143547	0.532921	-0.0562839	0.038379	-0.0443225
0.384584	0.0143965	0.532879	-0.0567208	0.0418136	-0.041301
0.384527	0.0144345	0.532834	-0.0573702	0.0379696	-0.0453068
0.384473	0.0144807	0.532792	-0.0542043	0.0462855	-0.0416505
0.384418	0.0145184	0.532745	-0.0548036	0.037635	-0.0471162
0.384364	0.0145615	0.5327	-0.0544461	0.0432089	-0.0447848
0.384305	0.0146003	0.532651	-0.0588077	0.0388358	-0.0493956
0.384248	0.0146389	0.532606	-0.0571135	0.0385566	-0.0446147
0.38419	0.0146808	0.532565	-0.0575506	0.0419914	-0.0415889
0.384132	0.014719	0.532519	-0.0581897	0.0381453	-0.045596
0.384077	0.0147654	0.532477	-0.0550287	0.0464585	-0.0419356
0.384021	0.0148032	0.53243	-0.0556206	0.037806	-0.0473995
0.383966	0.0148465	0.532385	-0.0552671	0.0433804	-0.0450619
0.383907	0.0148855	0.532335	-0.059623	0.0390041	-0.049672
0.383849	0.0149242	0.53229	-0.0579297	0.0387263	-0.0448873
0.38379	0.0149664	0.532248	-0.0583668	0.0421612	-0.0418571
0.383731	0.0150047	0.532202	-0.0589956	0.038313	-0.0458656
0.383675	0.0150513	0.53216	-0.0558395	0.0466233	-0.0422012
0.383619	0.0150893	0.532112	-0.056424	0.0379689	-0.0476633
0.383563	0.0151327	0.532067	-0.0560745	0.0435438	-0.0453193
0.383503	0.0151719	0.532017	-0.0604245	0.0391643	-0.0499288
0.383444	0.0152107	0.531972	-0.058732	0.0388877	-0.0451403
0.383385	0.015253	0.53193	-0.0591692	0.0423227	-0.0421058
0.383325	0.0152915	0.531884	-0.0597876	0.0384724	-0.0461157
0.383268	0.0153383	0.531841	-0.0566363	0.0467799	-0.0424473
0.383211	0.0153764	0.531793	-0.0572133	0.0381236	-0.0479074
0.383154	0.01542	0.531748	-0.0568677	0.0436989	-0.0455572
0.383093	0.0154593	0.531698	-0.0612119	0.0393162	-0.0501661
0.383034	0.0154983	0.531652	-0.0595202	0.0390408	-0.0453738
0.382974	0.0155408	0.53161	-0.0599574	0.0424759	-0.0423349
0.382913	0.0155794	0.531564	-0.0605652	0.0386236	-0.0463463
0.382856	0.0156263	0.531521	-0.0574188	0.0469281	-0.0426738
0.382798	0.0156646	0.531473	-0.0579881	0.0382698	-0.0481321
0.38274	0.0157084	0.531427	-0.0576466	0.0438455	-0.0457755
0.382678	0.0157478	0.531376	-0.0619847	0.0394596	-0.0503839
0.382618	0.015787	0.531331	-0.0602938	0.0391855	-0.0455877
0.382557	0.0158296	0.531288	-0.0607309	0.0426207	-0.0425444
0.382496	0.0158683	0.531242	-0.0613282	0.0387662	-0.0465575
0.382438	0.0159154	0.531199	-0.0581866	0.0470678	-0.0428808
0.382379	0.0159538	0.531151	-0.0587482	0.0384076	-0.0483373
0.38232	0.0159977	0.531105	-0.0584106	0.0439836	-0.0459744
0.382258	0.0160373	0.531054	-0.0627427	0.0395945	-0.0505822
0.382197	0.0160766	0.531008	-0.0610525	0.0393216	-0.0457821
0.382135	0.0161193	0.530965	-0.0614895	0.0427568	-0.0427345
0.382073	0.0161582	0.530919	-0.0620761	0.0389003	-0.0467493
0.382014	0.0162054	0.530876	-0.0589393	0.0471988	-0.0430684
0.381955	0.0162439	0.530827	-0.0594932	0.0385367	-0.0485231
0.381896	0.016288	0.530781	-0.0591594	0.0441131	-0.0461537
0.381832	0.0163277	0.53073	-0.0634855	0.0397207	-0.0507611
0.38177	0.0163671	0.530684	-0.0617959	0.039449	-0.0459572
0.381708	0.0164099	0.530641	-0.0622328	0.0428842	-0.0429051
0.381645	0.016449	0.530594	-0.0628086	0.0390257	-0.0469217
0.381586	0.0164963	0.530551	-0.0596766	0.047321	-0.0432366
0.381525	0.0165349	0.530502	-0.0602226	0.0386571	-0.0486896
0.381466	0.0165791	0.530456	-0.0598928	0.0442337	-0.0463137
0.381401	0.0166189	0.530405	-0.0642126	0.0398381	-0.0509207
0.381339	0.0166585	0.530359	-0.0625237	0.0395675	-0.0461128
0.381276	0.0167014	0.530316	-0.0629604	0.0430028	-0.0430564
0.381212	0.0167406	0.530269	-0.0635253	0.0391422	-0.0470749
0.381152	0.016788	0.530225	-0.0603981	0.0474344	-0.0433855
0.381091	0.0168268	0.530176	-0.0609362	0.0387686	-0.0488368
0.38103	0.0168711	0.53013	-0.0606102	0.0443454	-0.0464544
0.380966	0.016911	0.530079	-0.0649238	0.0399465	-0.0510611
0.380902	0.0169506	0.530033	-0.0632354	0.0396771	-0.0462493
0.380839	0.0169937	0.529989	-0.063672	0.0431123	-0.0431885
0.380774	0.017033	0.529942	-0.0642259	0.0392498	-0.0472089
0.380713	0.0170805	0.529899	-0.0611034	0.0475387	-0.0435152
0.380652	0.0171193	0.52985	-0.0616336	0.038871	-0.0489648
0.38059	0.0171637	0.529803	-0.0613113	0.0444481	-0.0465759
0.380525	0.0172037	0.529752	-0.0656187	0.0400459	-0.0511823
0.380461	0.0172435	0.529706	-0.0639309	0.0397777	-0.0463665
0.380397	0.0172867	0.529662	-0.0643671	0.0432128	-0.0433014
0.380332	0.0173261	0.529615	-0.0649101	0.0393482	-0.0473238
0.38027	0.0173736	0.529571	-0.0617923	0.0476339	-0.0436258
0.380208	0.0174126	0.529522	-0.0623143	0.0389643	-0.0490738
0.380146	0.0174571	0.529475	-0.0619959	0.0445416	-0.0466783
0.380079	0.0174972	0.529424	-0.0662969	0.0401362	-0.0512844
0.380015	0.0175371	0.529378	-0.0646096	0.039869	-0.0464648
0.37995	0.0175803	0.529334	-0.0650455	0.043304	-0.0433952
0.379884	0.0176198	0.529287	-0.0655774	0.0394375	-0.0474198
0.379822	0.0176675	0.529243	-0.0624642	0.0477198	-0.0437175
0.379759	0.0177065	0.529194	-0.0629782	0.0390484	-0.0491638
0.379696	0.0177511	0.529147	-0.0626635	0.0446258	-0.0467618
0.379629	0.0177913	0.529096	-0.066958	0.0402171	-0.0513677
0.379564	0.0178312	0.529049	-0.0652712	0.039951	-0.0465441
0.379498	0.0178745	0.529006	-0.0657068	0.0433859	-0.0434702
0.379432	0.0179141	0.528958	-0.0662275	0.0395174	-0.047497
0.379369	0.0179618	0.528914	-0.063119	0.0477963	-0.0437903
0.379305	0.018001	0.528865	-0.0636248	0.0391231	-0.0492351
0.379242	0.0180456	0.528818	-0.0633138	0.0447005	-0.0468264
0.379174	0.0180859	0.528767	-0.0676018	0.0402886	-0.0514322
0.379108	0.0181259	0.52872	-0.0659154	0.0400236	-0.0466046
0.379042	0.0181693	0.528677	-0.0663505	0.0434583	-0.0435263
0.378975	0.0182089	0.528629	-0.0668601	0.0395879	-0.0475555
0.378912	0.0182567	0.528585	-0.0637562	0.0478634	-0.0438444
0.378847	0.0182959	0.528536	-0.0642537	0.0391883	-0.0492876
0.378783	0.0183406	0.528489	-0.0639464	0.0447658	-0.0468724
0.378715	0.0183809	0.528438	-0.0682279	0.0403506	-0.051478
0.378649	0.018421	0.528391	-0.0665418	0.0400866	-0.0466465
0.378582	0.0184645	0.528347	-0.0669765	0.0435212	-0.0435639
0.378514	0.0185042	0.5283	-0.0674748	0.0396489	-0.0475954
0.37845	0.018552	0.528256	-0.0643754	0.0479208	-0.0438799
0.378385	0.0185913	0.528206	-0.0648647	0.0392439	-0.0493217
0.37832	0.018636	0.52816	-0.064561	0.0448215	-0.0468998
0.378252	0.0186764	0.528108	-0.0688359	0.040403	-0.0515054
0.378184	0.0187165	0.528061	-0.0671501	0.04014	-0.04667
0.378117	0.0187601	0.528018	-0.0675843	0.0435743	-0.043583
0.378049	0.0187998	0.52797	-0.0680713	0.0397002	-0.047617
0.377984	0.0188477	0.527926	-0.0649764	0.0479685	-0.0438971
0.377918	0.018887	0.527877	-0.0654573	0.0392898	-0.0493374
0.377853	0.0189318	0.52783	-0.0651572	0.0448674	-0.0469089
0.377784	0.0189722	0.527778	-0.0694255	0.0404456	-0.0515145
0.377716	0.0190124	0.527732	-0.06774	0.0401836	-0.0466751
0.377648	0.019056	0.527688	-0.0681737	0.0436177	-0.0435839
0.377579	0.0190958	0.52764	-0.0686493	0.0397417	-0.0476205
0.377514	0.0191437	0.527596	-0.0655589	0.0480064	-0.0438961
0.377448	0.019183	0.527547	-0.0660314	0.0393259	-0.049335
0.377382	0.0192279	0.5275	-0.0657348	0.0449035	-0.0468998
0.377312	0.0192683	0.527449	-0.0699964	0.0404785	-0.0515055
0.377244	0.0193085	0.527402	-0.0683111	0.0402174	-0.0466622
0.377175	0.0193521	0.527358	-0.0687442	0.0436512	-0.0435666
0.377106	0.0193919	0.527311	-0.0692084	0.0397734	-0.0476059
0.37704	0.0194399	0.527267	-0.0661224	0.0480344	-0.043877
0.376973	0.0194793	0.527218	-0.0665864	0.0393522	-0.0493146
0.376907	0.0195242	0.527171	-0.0662933	0.0449296	-0.0468727
0.376836	0.0195646	0.527119	-0.0705482	0.0405014	-0.0514786
0.376768	0.0196049	0.527073	-0.068863	0.0402412	-0.0466313
0.376698	0.0196485	0.527029	-0.0692955	0.0436748	-0.0435315
0.376629	0.0196883	0.526981	-0.0697483	0.0397951	-0.0475736
0.376562	0.0197363	0.526938	-0.0666666	0.0480524	-0.0438402
0.376495	0.0197757	0.526888	-0.0671222	0.0393684	-0.0492765
0.376428	0.0198206	0.526841	-0.0668325	0.0449458	-0.0468279
0.376357	0.0198611	0.52679	-0.0710806	0.0405142	-0.0514339
0.376288	0.0199013	0.526743	-0.0693956	0.040255	-0.0465827
0.376218	0.0199449	0.5267	-0.0698273	0.0436882	-0.0434786
0.376147	0.0199848	0.526652	-0.0702686	0.0398068	-0.0475236
0.37608	0.0200328	0.526609	-0.0671913	0.0480603	-0.0437857
0.376013	0.0200722	0.526559	-0.0676383	0.0393746	-0.0492208
0.375945	0.0201171	0.526512	-0.0673521	0.0449518	-0.0467655
0.375874	0.0201576	0.526461	-0.0715934	0.040517	-0.0513718
0.375804	0.0201978	0.526415	-0.0699084	0.0402587	-0.0465167
0.375733	0.0202414	0.526371	-0.0703394	0.0436915	-0.0434084
0.375663	0.0202813	0.526324	-0.0707692	0.0398084	-0.0474563
0.375595	0.0203293	0.52628	-0.0676961	0.0480581	-0.0437139
0.375527	0.0203687	0.526231	-0.0681345	0.0393707	-0.0491478
0.375459	0.0204136	0.526184	-0.0678516	0.0449477	-0.0466857
0.375387	0.020454	0.526133	-0.0720861	0.0405096	-0.0512924
0.375317	0.0204943	0.526086	-0.0704011	0.0402521	-0.0464334
0.375246	0.0205379	0.526043	-0.0708314	0.0436846	-0.0433208
0.375175	0.0205777	0.525996	-0.0712496	0.0397998	-0.0473719
0.375106	0.0206257	0.525952	-0.0681807	0.0480456	-0.0436249
0.375038	0.0206651	0.525903	-0.0686105	0.0393565	-0.0490577
0.37497	0.02071	0.525856	-0.0683309	0.0449332	-0.0465889
0.374897	0.0207504	0.525805	-0.0725585	0.040492	-0.051196
0.374826	0.0207907	0.525759	-0.0708734	0.0402353	-0.0463331
0.374755	0.0208343	0.525715	-0.0713029	0.0436674	-0.0432163
0.374683	0.0208741	0.525668	-0.0717095	0.0397809	-0.0472705
0.374614	0.0209221	0.525625	-0.0686449	0.0480227	-0.043519
0.374545	0.0209614	0.525576	-0.069066	0.039332	-0.0489507
0.374477	0.0210062	0.525529	-0.0687896	0.0449085	-0.0464752
0.374404	0.0210467	0.525478	-0.0730103	0.040464	-0.0510828
0.374332	0.0210869	0.525432	-0.0713251	0.0402082	-0.046216
0.374261	0.0211305	0.525389	-0.0717537	0.0436398	-0.0430951
0.374188	0.0211702	0.525342	-0.0721488	0.0397516	-0.0471525
0.374119	0.0212182	0.525298	-0.0690882	0.0479895	-0.0433964
0.37405	0.0212575	0.525249	-0.0695006	0.0392971	-0.0488271
0.373981	0.0213023	0.525203	-0.0692275	0.0448733	-0.046345
0.373907	0.0213427	0.525152	-0.0734412	0.0404256	-0.0509531
0.373836	0.0213829	0.525106	-0.0717559	0.0401706	-0.0460824
0.373763	0.0214264	0.525063	-0.0721835	0.0436017	-0.0429573
0.373691	0.0214662	0.525016	-0.072567	0.039712	-0.0470181
0.373621	0.0215141	0.524973	-0.0695105	0.0479458	-0.0432575
0.373551	0.0215533	0.524924	-0.0699141	0.0392519	-0.0486873
0.373482	0.0215981	0.524878	-0.0696442	0.0448277	-0.0461984
0.373408	0.0216384	0.524827	-0.0738509	0.0403768	-0.0508071
0.373336	0.0216785	0.524781	-0.0721654	0.0401225	-0.0459325
0.373263	0.0217221	0.524738	-0.0725921	0.0435531	-0.0428033
0.37319	0.0217617	0.524691	-0.0729639	0.0396618	-0.0468676
0.37312	0.0218096	0.524648	-0.0699114	0.0478916	-0.0431024
0.37305	0.0218488	0.524599	-0.0703063	0.0391961	-0.0485313
0.37298	0.0218935	0.524553	-0.0700395	0.0447716	-0.0460357
0.372906	0.0219338	0.524503	-0.0742391	0.0403175	-0.0506451
0.372833	0.0219738	0.524457	-0.0725534	0.040064	-0.0457667
0.37276	0.0220173	0.524414	-0.0729791	0.043494	-0.0426334
0.372687	0.0220569	0.524368	-0.0733393	0.0396012	-0.0467012
0.372617	0.0221047	0.524325	-0.0702907	0.0478269	-0.0429315
0.372546	0.0221438	0.524276	-0.0706768	0.0391298	-0.0483596
0.372476	0.0221885	0.52423	-0.070413	0.0447049	-0.0458573
0.372401	0.0222287	0.52418	-0.0746056	0.0402476	-0.0504674
0.372328	0.0222687	0.524134	-0.0729196	0.0399948	-0.0455852
0.372255	0.0223121	0.524092	-0.0733443	0.0434243	-0.0424479
0.372181	0.0223516	0.524045	-0.0736928	0.03953	-0.0465193
0.372111	0.0223993	0.524002	-0.0706481	0.0477515	-0.042745
0.37204	0.0224384	0.523954	-0.0710254	0.0390529	-0.0481723
0.371969	0.022483	0.523909	-0.0707646	0.0446276	-0.0456633
0.371894	0.0225231	0.523858	-0.0749502	0.0401672	-0.0502742
0.371821	0.022563	0.523813	-0.0732638	0.039915	-0.0453883
0.371747	0.0226063	0.523771	-0.0736874	0.0433439	-0.0422469
0.371673	0.0226458	0.523724	-0.0740243	0.0394481	-0.0463221
0.371602	0.0226934	0.523682	-0.0709834	0.0476655	-0.0425432
0.371531	0.0227324	0.523634	-0.0713518	0.0389654	-0.0479699
0.37146	0.0227768	0.523588	-0.071094	0.0445397	-0.0454542
0.371384	0.0228169	0.523538	-0.0752725	0.0400761	-0.050066
0.371311	0.0228567	0.523493	-0.0735857	0.0398246	-0.0451762
0.371237	0.0228999	0.523451	-0.0740081	0.0432529	-0.0420309
0.371162	0.0229393	0.523405	-0.0743334	0.0393557	-0.0461099
0.371091	0.0229868	0.523362	-0.0712963	0.0475688	-0.0423265
0.371019	0.0230257	0.523315	-0.0716559	0.0388673	-0.0477525
0.370948	0.0230701	0.523269	-0.071401	0.044441	-0.0452302
0.370873	0.02311	0.52322	-0.0755723	0.0399743	-0.0498429
0.370799	0.0231497	0.523175	-0.0738851	0.0397235	-0.0449494
0.370724	0.0231928	0.523133	-0.0743063	0.0431511	-0.0418001
0.37065	0.0232321	0.523087	-0.07462	0.0392525	-0.0458831
0.370578	0.0232795	0.523045	-0.0715866	0.0474614	-0.0420951
0.370506	0.0233183	0.522997	-0.0719373	0.0387585	-0.0475205
0.370435	0.0233626	0.522952	-0.0716852	0.0443317	-0.0449916
0.370359	0.0234024	0.522903	-0.0758495	0.0398618	-0.0496053
0.370285	0.023442	0.522858	-0.0741617	0.0396116	-0.0447081
0.37021	0.023485	0.522816	-0.0745818	0.0430387	-0.0415549
0.370135	0.0235242	0.522771	-0.0748838	0.0391387	-0.0456418
0.370063	0.0235715	0.522729	-0.071854	0.0473433	-0.0418493
0.369991	0.0236101	0.522681	-0.0721958	0.038639	-0.0472743
0.369919	0.0236543	0.522637	-0.0719466	0.0442116	-0.0447387
0.369843	0.023694	0.522587	-0.0761037	0.0397387	-0.0493535
0.369769	0.0237334	0.522543	-0.0744154	0.0394891	-0.0444526
0.369694	0.0237763	0.522502	-0.0748342	0.0429154	-0.0412955
0.369619	0.0238154	0.522456	-0.0751246	0.0390141	-0.0453866
0.369547	0.0238625	0.522415	-0.0720984	0.0472144	-0.0415895
0.369474	0.023901	0.522367	-0.0724313	0.0385088	-0.0470141
0.369402	0.0239451	0.522323	-0.0721848	0.0440808	-0.0444718
0.369326	0.0239846	0.522274	-0.0763348	0.0396048	-0.0490878
0.369251	0.024024	0.52223	-0.0746459	0.0393558	-0.0441833
0.369176	0.0240667	0.522189	-0.0750634	0.0427814	-0.0410223
0.369101	0.0241056	0.522143	-0.0753422	0.0388789	-0.0451176
0.369029	0.0241527	0.522102	-0.0723195	0.0470748	-0.041316
0.368956	0.024191	0.522055	-0.0726435	0.0383678	-0.0467402
0.368883	0.0242349	0.522011	-0.0723997	0.0439393	-0.0441914
0.368807	0.0242744	0.521962	-0.0765426	0.0394602	-0.0488086
0.368732	0.0243136	0.521918	-0.074853	0.0392117	-0.0439004
0.368657	0.0243561	0.521878	-0.0752691	0.0426367	-0.0407357
0.368581	0.0243949	0.521833	-0.0755364	0.0387329	-0.0448352
0.368509	0.0244418	0.521792	-0.0725171	0.0469244	-0.0410291
0.368436	0.02448	0.521745	-0.0728323	0.0382162	-0.046453
0.368363	0.0245237	0.521701	-0.072591	0.043787	-0.0438976
0.368287	0.024563	0.521653	-0.0767268	0.0393049	-0.0485161
0.368212	0.0246021	0.521609	-0.0750366	0.039057	-0.0436043
0.368136	0.0246445	0.521569	-0.0754513	0.0424811	-0.0404358
0.368061	0.0246831	0.521524	-0.075707	0.0385762	-0.0445397
0.367988	0.0247298	0.521483	-0.0726911	0.0467633	-0.0407292
0.367915	0.0247679	0.521437	-0.0729974	0.0380538	-0.0461528
0.367842	0.0248115	0.521394	-0.0727587	0.0436239	-0.0435909
0.367765	0.0248506	0.521345	-0.0768873	0.0391389	-0.0482107
0.36769	0.0248894	0.521302	-0.0751964	0.0388915	-0.0432954
0.367615	0.0249317	0.521262	-0.0756097	0.0423149	-0.0401232
0.367539	0.0249702	0.521218	-0.0758539	0.0384088	-0.0442316
0.367466	0.0250167	0.521177	-0.0728413	0.0465915	-0.0404165
0.367393	0.0250546	0.521131	-0.0731387	0.0378808	-0.04584
0.36732	0.025098	0.521088	-0.0729025	0.0434502	-0.0432716
0.367243	0.0251369	0.52104	-0.077024	0.0389621	-0.0478928
0.367168	0.0251756	0.520997	-0.0753322	0.0387152	-0.042974
0.367092	0.0252177	0.520957	-0.0757441	0.0421379	-0.0397981
0.367016	0.025256	0.520913	-0.0759768	0.0382306	-0.043911
0.366943	0.0253024	0.520873	-0.0729675	0.0464089	-0.0400915
0.36687	0.0253401	0.520828	-0.073256	0.0376971	-0.0455149
0.366797	0.0253833	0.520785	-0.0730222	0.0432657	-0.0429399
0.36672	0.025422	0.520737	-0.0771366	0.0387747	-0.0475627
0.366644	0.0254605	0.520695	-0.075444	0.0385283	-0.0426404
0.366568	0.0255024	0.520655	-0.0758544	0.0419501	-0.0394608
0.366492	0.0255405	0.520612	-0.0760757	0.0380419	-0.0435784
0.366419	0.0255867	0.520572	-0.0730695	0.0462157	-0.0397545
0.366346	0.0256242	0.520527	-0.0733492	0.0375027	-0.0451778
0.366273	0.0256672	0.520484	-0.0731178	0.0430706	-0.0425964
0.366195	0.0257058	0.520437	-0.0772251	0.0385767	-0.0472208
0.36612	0.0257441	0.520394	-0.0755316	0.0383307	-0.042295
0.366044	0.0257858	0.520355	-0.0759404	0.0417517	-0.0391118
0.365968	0.0258237	0.520312	-0.0761504	0.0378424	-0.043234
0.365895	0.0258696	0.520273	-0.0731473	0.0460117	-0.0394057
0.365821	0.0259069	0.520228	-0.0734181	0.0372977	-0.0448291
0.365748	0.0259497	0.520185	-0.0731891	0.0428648	-0.0422413
0.365671	0.0259881	0.520139	-0.0772892	0.038368	-0.0468673
0.365595	0.0260262	0.520097	-0.0755948	0.0381225	-0.0419381
0.365519	0.0260677	0.520058	-0.0760021	0.0415427	-0.0387514
0.365443	0.0261054	0.520015	-0.0762007	0.0376324	-0.0428784
0.36537	0.0261511	0.519976	-0.0732006	0.0457972	-0.0390457
0.365297	0.0261882	0.519931	-0.0734626	0.0370821	-0.0444692
0.365223	0.0262308	0.51989	-0.0732358	0.0426485	-0.041875
0.365146	0.0262689	0.519843	-0.0773289	0.0381487	-0.0465026
0.36507	0.0263068	0.519801	-0.0756335	0.0379037	-0.04157
0.364994	0.0263481	0.519763	-0.0760392	0.041323	-0.0383799
0.364918	0.0263855	0.51972	-0.0762265	0.0374118	-0.0425117
0.364845	0.0264311	0.519682	-0.0732294	0.0455721	-0.0386746
0.364771	0.0264679	0.519638	-0.0734826	0.036856	-0.0440983
0.364698	0.0265103	0.519596	-0.0732581	0.0424215	-0.0414977
0.364621	0.0265482	0.51955	-0.077344	0.037919	-0.0461272
0.364545	0.0265859	0.519509	-0.0756477	0.0376744	-0.0411913
0.364469	0.0266269	0.519471	-0.0760517	0.0410928	-0.0379976
0.364393	0.0266641	0.519429	-0.0762278	0.0371807	-0.0421343
0.36432	0.0267094	0.51939	-0.0732336	0.0453365	-0.0382929
0.364246	0.0267461	0.519347	-0.0734779	0.0366194	-0.0437169
0.364173	0.0267882	0.519305	-0.0732556	0.0421841	-0.04111
0.364096	0.0268258	0.51926	-0.0773345	0.0376787	-0.0457413
0.36402	0.0268633	0.519219	-0.0756371	0.0374345	-0.040802
0.363944	0.0269041	0.519181	-0.0760395	0.0408521	-0.037605
0.363868	0.026941	0.519139	-0.0762044	0.0369391	-0.0417467
0.363795	0.0269861	0.519102	-0.073213	0.0450903	-0.037901
0.363721	0.0270225	0.519058	-0.0734486	0.0363723	-0.0433253
0.363648	0.0270644	0.519017	-0.0732284	0.0419362	-0.0407121
0.363571	0.0271018	0.518972	-0.0773003	0.0374281	-0.0453453
0.363495	0.0271389	0.518932	-0.0756018	0.0371843	-0.0404028
0.363419	0.0271795	0.518894	-0.0760025	0.0406009	-0.0372024
0.363343	0.0272162	0.518853	-0.0761563	0.0366872	-0.0413491
0.36327	0.027261	0.518816	-0.0731676	0.0448338	-0.0374991
0.363197	0.0272971	0.518773	-0.0733945	0.0361149	-0.0429238
0.363123	0.0273388	0.518732	-0.0731763	0.0416779	-0.0403044
0.363046	0.0273759	0.518687	-0.0772412	0.037167	-0.0449395
0.362971	0.0274128	0.518647	-0.0755416	0.0369236	-0.0399938
0.362895	0.0274531	0.51861	-0.0759405	0.0403394	-0.0367901
0.362819	0.0274896	0.51857	-0.0760833	0.0364249	-0.040942
0.362746	0.0275341	0.518532	-0.0730974	0.044567	-0.0370877
0.362672	0.02757	0.51849	-0.0733155	0.0358472	-0.0425129
0.362599	0.0276113	0.51845	-0.0730993	0.0414094	-0.0398872
0.362522	0.0276482	0.518405	-0.0771572	0.0368958	-0.0445244
0.362447	0.0276848	0.518366	-0.0754564	0.0366527	-0.0395755
0.362371	0.0277248	0.518329	-0.0758537	0.0400676	-0.0363685
0.362295	0.027761	0.518289	-0.0759854	0.0361523	-0.0405256
0.362222	0.0278053	0.518252	-0.0730021	0.0442899	-0.0366671
0.362149	0.0278409	0.51821	-0.0732116	0.0355693	-0.0420928
0.362076	0.0278819	0.518171	-0.0729973	0.0411306	-0.039461
0.361999	0.0279185	0.518126	-0.0770483	0.0366143	-0.0441002
0.361923	0.0279549	0.518087	-0.0753463	0.0363716	-0.0391482
0.361847	0.0279946	0.518051	-0.0757418	0.0397855	-0.0359379
0.361772	0.0280305	0.518011	-0.0758626	0.0358696	-0.0401003
0.361699	0.0280745	0.517975	-0.0728819	0.0440026	-0.0362376
0.361626	0.0281098	0.517933	-0.0730827	0.0352813	-0.0416639
0.361553	0.0281506	0.517894	-0.0728703	0.0408416	-0.039026
0.361476	0.0281869	0.517851	-0.0769144	0.0363227	-0.0436673
0.361401	0.028223	0.517812	-0.0752112	0.0360804	-0.0387122
0.361325	0.0282624	0.517776	-0.0756048	0.0394933	-0.0354988
0.361249	0.028298	0.517737	-0.0757149	0.0355768	-0.0396665
0.361177	0.0283417	0.517701	-0.0727366	0.0437052	-0.0357997
0.361104	0.0283767	0.51766	-0.0729288	0.0349832	-0.0412265
0.361031	0.0284172	0.517621	-0.0727183	0.0405426	-0.0385826
0.360954	0.0284532	0.517578	-0.0767555	0.036021	-0.0432261
0.360879	0.0284889	0.517539	-0.075051	0.0357791	-0.038268
0.360804	0.0285281	0.517504	-0.0754428	0.0391911	-0.0350514
0.360728	0.0285634	0.517465	-0.0755421	0.035274	-0.0392245
0.360656	0.0286068	0.51743	-0.0725662	0.0433979	-0.0353536
0.360583	0.0286414	0.517389	-0.0727499	0.0346751	-0.0407811
0.360511	0.0286816	0.517351	-0.0725412	0.0402336	-0.0381311
0.360434	0.0287173	0.517308	-0.0765715	0.0357095	-0.0427769
0.360359	0.0287528	0.51727	-0.0748657	0.0354679	-0.0378158
0.360284	0.0287916	0.517236	-0.0752557	0.038879	-0.0345962
0.360209	0.0288266	0.517197	-0.0753443	0.0349613	-0.0387746
0.360136	0.0288697	0.517162	-0.0723708	0.0430806	-0.0348996
0.360064	0.028904	0.517121	-0.072546	0.0343572	-0.040328
0.359991	0.0289439	0.517084	-0.0723389	0.0399148	-0.037672
0.359915	0.0289792	0.517041	-0.0763625	0.0353881	-0.0423201
0.35984	0.0290144	0.517004	-0.0746554	0.0351468	-0.037356
0.359765	0.0290529	0.51697	-0.0750435	0.038557	-0.0341333
0.35969	0.0290876	0.516932	-0.0751216	0.0346388	-0.0383173
0.359618	0.0291303	0.516897	-0.0721503	0.0427536	-0.0344383
0.359546	0.0291643	0.516857	-0.0723171	0.0340296	-0.0398674
0.359474	0.0292039	0.51682	-0.0721117	0.0395862	-0.0372055
0.359398	0.0292389	0.516778	-0.0761285	0.035057	-0.041856
0.359323	0.0292737	0.516741	-0.07442	0.034816	-0.036889
0.359248	0.0293119	0.516708	-0.0748062	0.0382252	-0.0336634
0.359173	0.0293462	0.51667	-0.0748738	0.0343066	-0.0378528
0.359102	0.0293886	0.516636	-0.0719047	0.0424169	-0.0339698
0.35903	0.0294223	0.516596	-0.0720631	0.0336923	-0.0393998
0.358958	0.0294615	0.51656	-0.0718593	0.039248	-0.0367321
0.358882	0.0294962	0.516518	-0.0758694	0.0347163	-0.0413849
0.358808	0.0295307	0.516482	-0.0741596	0.0344757	-0.0364151
0.358733	0.0295685	0.516448	-0.0745439	0.0378839	-0.0331865
0.358659	0.0296025	0.516411	-0.074601	0.0339648	-0.0373815
0.358587	0.0296446	0.516378	-0.0716341	0.0420706	-0.0334945
0.358515	0.0296779	0.516339	-0.0717841	0.0333455	-0.0389255
0.358444	0.0297168	0.516302	-0.0715819	0.0389003	-0.036252
0.358368	0.0297511	0.516261	-0.0755854	0.0343662	-0.0409073
0.358294	0.0297852	0.516225	-0.0738741	0.0341258	-0.0359346
0.35822	0.0298227	0.516193	-0.0742565	0.0375331	-0.0327031
0.358146	0.0298564	0.516156	-0.0743033	0.0336137	-0.0369038
0.358074	0.0298981	0.516123	-0.0713385	0.0417149	-0.0330129
0.358003	0.0299311	0.516084	-0.0714802	0.0329894	-0.0384448
0.357932	0.0299696	0.516049	-0.0712795	0.0385431	-0.0357655
0.357856	0.0300035	0.516008	-0.0752764	0.0340066	-0.0404233
0.357783	0.0300373	0.515973	-0.0735636	0.0337666	-0.0354479
0.357709	0.0300744	0.51594	-0.0739441	0.0371729	-0.0322136
0.357635	0.0301077	0.515904	-0.0739807	0.0332531	-0.0364199
0.357564	0.030149	0.515871	-0.0710179	0.0413499	-0.0325251
0.357493	0.0301817	0.515833	-0.0711514	0.0326239	-0.0379581
0.357422	0.0302198	0.515798	-0.0709521	0.0381767	-0.0352731
0.357347	0.0302534	0.515758	-0.0749425	0.0336379	-0.0399334
0.357274	0.0302868	0.515723	-0.0732282	0.0333981	-0.0349553
0.3572	0.0303236	0.515691	-0.0736067	0.0368035	-0.0317182
0.357126	0.0303565	0.515656	-0.0736333	0.0328834	-0.0359302
0.357056	0.0303974	0.515623	-0.0706724	0.0409757	-0.0320316
0.356985	0.0304297	0.515586	-0.0707978	0.0322494	-0.0374657
0.356914	0.0304675	0.515551	-0.0705998	0.0378012	-0.034775
0.35684	0.0305007	0.515512	-0.0745837	0.03326	-0.0394379
0.356767	0.0305337	0.515477	-0.072868	0.0330206	-0.0344572
0.356694	0.0305701	0.515446	-0.0732445	0.036425	-0.0312173
0.35662	0.0306026	0.515411	-0.073261	0.0325047	-0.035435
0.35655	0.0306432	0.515379	-0.070302	0.0405925	-0.0315326
0.35648	0.0306751	0.515342	-0.0704194	0.0318658	-0.0369679
0.35641	0.0307125	0.515308	-0.0702228	0.0374167	-0.0342716
0.356335	0.0307453	0.515269	-0.0742002	0.0328732	-0.0389372
0.356263	0.0307779	0.515235	-0.072483	0.0326341	-0.0339538
0.35619	0.0308139	0.515204	-0.0728575	0.0360376	-0.0307112
0.356117	0.0308461	0.515169	-0.0728641	0.032117	-0.0349347
0.356047	0.0308863	0.515138	-0.0699069	0.0402004	-0.0310285
0.355977	0.0309177	0.515102	-0.0700163	0.0314734	-0.036465
0.355907	0.0309547	0.515068	-0.0698209	0.0370234	-0.0337632
0.355834	0.0309872	0.515029	-0.073792	0.0324776	-0.0384314
0.355762	0.0310194	0.514996	-0.0720733	0.0322388	-0.0334455
0.355689	0.031055	0.514966	-0.0724458	0.0356413	-0.0302003
0.355617	0.0310868	0.514931	-0.0724426	0.0317206	-0.0344295
0.355547	0.0311265	0.514901	-0.0694872	0.0397996	-0.0305196
0.355478	0.0311576	0.514865	-0.0695886	0.0310723	-0.0359573
0.355408	0.0311942	0.514831	-0.0693945	0.0366213	-0.0332501
0.355335	0.0312263	0.514794	-0.0733593	0.0320733	-0.037921
0.355263	0.0312581	0.514761	-0.0716389	0.0318348	-0.0329325
0.355191	0.0312933	0.514731	-0.0720095	0.0352365	-0.0296847
0.355119	0.0313246	0.514697	-0.0719966	0.0313155	-0.0339198
0.35505	0.031364	0.514667	-0.0690428	0.0393902	-0.0300062
0.354981	0.0313947	0.514631	-0.0691364	0.0306627	-0.0354452
0.354912	0.0314308	0.514599	-0.0689435	0.0362107	-0.0327326
0.354839	0.0314625	0.514561	-0.0729021	0.0316606	-0.0374062
0.354768	0.0314939	0.514529	-0.0711802	0.0314224	-0.0324153
0.354697	0.0315287	0.5145	-0.0715486	0.0348231	-0.029165
0.354625	0.0315596	0.514466	-0.0715263	0.030902	-0.0334058
0.354557	0.0315986	0.514437	-0.0685741	0.0389723	-0.0294886
0.354488	0.0316288	0.514402	-0.0686599	0.0302446	-0.034929
0.354419	0.0316646	0.51437	-0.0684681	0.0357917	-0.032211
0.354347	0.0316958	0.514333	-0.0724205	0.0312395	-0.0368874
0.354276	0.0317268	0.514301	-0.070697	0.0310015	-0.0318941
0.354205	0.0317612	0.514272	-0.0710635	0.0344013	-0.0286412
0.354134	0.0317917	0.514239	-0.0710316	0.0304802	-0.0328879
0.354066	0.0318302	0.51421	-0.068081	0.0385462	-0.0289671
0.353998	0.03186	0.514176	-0.0681591	0.0298184	-0.0344089
0.35393	0.0318953	0.514144	-0.0679684	0.0353645	-0.0316856
0.353858	0.0319261	0.514108	-0.0719147	0.0308102	-0.0363649
0.353788	0.0319567	0.514076	-0.0701896	0.0305726	-0.0313691
0.353717	0.0319906	0.514048	-0.070554	0.0339715	-0.0281138
0.353647	0.0320207	0.514016	-0.0705129	0.0300503	-0.0323663
0.353579	0.0320588	0.513987	-0.0675637	0.038112	-0.0284421
0.353512	0.0320882	0.513953	-0.0676342	0.029384	-0.0338852
0.353444	0.0321231	0.513922	-0.0674446	0.0349293	-0.0311567
0.353373	0.0321534	0.513886	-0.0713849	0.0303729	-0.0358388
0.353303	0.0321836	0.513856	-0.0696582	0.0301356	-0.0308407
0.353233	0.0322171	0.513828	-0.0700205	0.0335336	-0.027583
0.353163	0.0322467	0.513796	-0.0699702	0.0296124	-0.0318414
0.353096	0.0322844	0.513768	-0.0670225	0.0376699	-0.0279137
0.353029	0.0323133	0.513735	-0.0670854	0.0289418	-0.0333583
0.352962	0.0323478	0.513704	-0.0668968	0.0344862	-0.0306246
0.352892	0.0323777	0.513669	-0.0708311	0.0299277	-0.0353096
0.352822	0.0324074	0.513639	-0.0691028	0.0296907	-0.0303092
0.352753	0.0324404	0.513611	-0.0694631	0.0330879	-0.0270491
0.352684	0.0324696	0.51358	-0.0694037	0.0291667	-0.0313134
0.352617	0.0325068	0.513553	-0.0664573	0.03722	-0.0273822
0.352551	0.0325353	0.51352	-0.0665129	0.0284919	-0.0328284
0.352484	0.0325693	0.51349	-0.0663252	0.0340353	-0.0300895
0.352414	0.0325988	0.513455	-0.0702536	0.0294749	-0.0347774
0.352346	0.032628	0.513425	-0.0685236	0.0292382	-0.0297748
0.352277	0.0326606	0.513399	-0.0688819	0.0326345	-0.0265124
0.352208	0.0326894	0.513368	-0.0688135	0.0287134	-0.0307825
0.352142	0.0327261	0.513341	-0.0658685	0.0367625	-0.026848
0.352076	0.0327541	0.513309	-0.0659167	0.0280344	-0.0322957
0.35201	0.0327877	0.513279	-0.0657299	0.033577	-0.0295518
0.351941	0.0328167	0.513245	-0.0696526	0.0290146	-0.0342426
0.351873	0.0328454	0.513216	-0.0679209	0.0287782	-0.0292378
0.351805	0.0328776	0.51319	-0.0682771	0.0321737	-0.0259732
0.351736	0.0329059	0.513159	-0.0681999	0.0282527	-0.0302491
0.351671	0.0329422	0.513133	-0.0652561	0.0362976	-0.0263113
0.351606	0.0329697	0.513101	-0.0652971	0.0275695	-0.0317606
0.351541	0.0330028	0.513072	-0.0651111	0.0331113	-0.0290117
0.351472	0.0330313	0.513039	-0.0690281	0.028547	-0.0337055
0.351405	0.0330596	0.51301	-0.0672948	0.028311	-0.0286985
0.351337	0.0330913	0.512984	-0.0676489	0.0317056	-0.0254316
0.351269	0.0331191	0.512955	-0.067563	0.0277847	-0.0297134
0.351205	0.0331549	0.512929	-0.0646204	0.0358256	-0.0257723
0.35114	0.0331821	0.512898	-0.0646542	0.0270975	-0.0312232
0.351076	0.0332146	0.512869	-0.0644691	0.0326384	-0.0284694
0.351007	0.0332427	0.512836	-0.0683804	0.0280722	-0.0331661
0.350941	0.0332705	0.512808	-0.0666455	0.0278366	-0.0281571
0.350874	0.0333017	0.512783	-0.0669975	0.0312303	-0.024888
0.350807	0.0333291	0.512754	-0.0669031	0.0273096	-0.0291757
0.350743	0.0333644	0.512728	-0.0639616	0.0353465	-0.0252314
0.350679	0.033391	0.512698	-0.0639884	0.0266185	-0.0306839
0.350615	0.0334232	0.51267	-0.063804	0.0321586	-0.0279253
0.350547	0.0334507	0.512637	-0.0677098	0.0275905	-0.0326249
0.350481	0.0334781	0.51261	-0.0659731	0.0273552	-0.0276138
0.350415	0.0335088	0.512585	-0.0663232	0.0307482	-0.0243426
0.350349	0.0335357	0.512557	-0.0662203	0.0268277	-0.0286362
0.350286	0.0335705	0.512532	-0.0632799	0.0348605	-0.0246886
0.350222	0.0335967	0.512502	-0.0632997	0.0261327	-0.0301429
0.350159	0.0336283	0.512474	-0.063116	0.031672	-0.0273794
0.350092	0.0336554	0.512442	-0.0670164	0.0271021	-0.0320821
0.350027	0.0336822	0.512415	-0.065278	0.0268672	-0.027069
0.349961	0.0337125	0.512391	-0.065626	0.0302594	-0.0237956
0.349896	0.0337388	0.512363	-0.0655149	0.026339	-0.028095
0.349833	0.0337732	0.512339	-0.0625755	0.034368	-0.0241444
0.349771	0.0337988	0.512309	-0.0625884	0.0256402	-0.0296003
0.349708	0.03383	0.512283	-0.0624054	0.0311787	-0.0268321
0.349642	0.0338566	0.512251	-0.0663004	0.0266071	-0.0315378
0.349577	0.0338829	0.512224	-0.0645604	0.0263726	-0.0265227
0.349512	0.0339127	0.512201	-0.0649063	0.029764	-0.0232473
0.349448	0.0339386	0.512174	-0.064787	0.0258439	-0.0275525
0.349386	0.0339724	0.51215	-0.0618486	0.0338689	-0.0235988
0.349324	0.0339976	0.512121	-0.0618548	0.0251414	-0.0290565
0.349262	0.0340282	0.512095	-0.0616724	0.0306792	-0.0262836
0.349197	0.0340543	0.512064	-0.0655621	0.0261058	-0.0309924
0.349133	0.0340802	0.512038	-0.0638205	0.0258716	-0.0259753
0.349069	0.0341094	0.512015	-0.0641643	0.0292623	-0.0226979
0.349005	0.0341348	0.511988	-0.064037	0.0253425	-0.0270089
0.348944	0.0341681	0.511965	-0.0610995	0.0333637	-0.0230522
0.348883	0.0341928	0.511936	-0.0610991	0.0246363	-0.0285116
0.348822	0.0342229	0.511911	-0.0609173	0.0301734	-0.0257342
0.348757	0.0342485	0.51188	-0.0648018	0.0255983	-0.0304459
0.348694	0.0342738	0.511855	-0.0630584	0.0253645	-0.025427
0.34863	0.0343026	0.511833	-0.0634002	0.0287545	-0.0221476
0.348567	0.0343274	0.511806	-0.0632651	0.0248349	-0.0264644
0.348507	0.0343603	0.511784	-0.0603284	0.0328524	-0.0225047
0.348447	0.0343844	0.511756	-0.0603214	0.0241253	-0.0279659
0.348386	0.034414	0.51173	-0.0601402	0.0296616	-0.0251839
0.348322	0.0344391	0.5117	-0.0640196	0.0250849	-0.0298986
0.34826	0.034464	0.511676	-0.0622746	0.0248515	-0.0248779
0.348198	0.0344922	0.511654	-0.0626144	0.0282408	-0.0215965
0.348135	0.0345165	0.511628	-0.0624715	0.0243215	-0.0259191
0.348076	0.0345488	0.511606	-0.0595356	0.0323352	-0.0219565
0.348016	0.0345725	0.511579	-0.0595222	0.0236084	-0.0274195
0.347957	0.0346016	0.511554	-0.0593415	0.029144	-0.024633
0.347893	0.0346261	0.511525	-0.0632159	0.0245657	-0.0293508
0.347832	0.0346505	0.5115	-0.0614692	0.0243327	-0.0243283
0.34777	0.0346782	0.511479	-0.0618069	0.0277214	-0.021045
0.347709	0.034702	0.511454	-0.0616565	0.0238024	-0.0253733
0.34765	0.0347338	0.511432	-0.0587213	0.0318125	-0.0214078
0.347591	0.0347569	0.511406	-0.0587016	0.0230859	-0.0268726
0.347533	0.0347855	0.511381	-0.0585214	0.0286209	-0.0240817
0.34747	0.0348095	0.511353	-0.0623909	0.0240409	-0.0288026
0.34741	0.0348333	0.511329	-0.0606425	0.0238084	-0.0237783
0.347349	0.0348605	0.511308	-0.0609783	0.0271964	-0.0204931
0.347288	0.0348838	0.511283	-0.0608203	0.0232778	-0.0248271
0.34723	0.0349151	0.511263	-0.0578859	0.0312843	-0.0208588
0.347172	0.0349376	0.511236	-0.05786	0.022558	-0.0263254
0.347114	0.0349657	0.511213	-0.0576802	0.0280924	-0.0235303
0.347053	0.0349892	0.511184	-0.0615449	0.0235109	-0.0282541
0.346993	0.0350125	0.511161	-0.0597949	0.0232788	-0.0232281
0.346933	0.0350391	0.511141	-0.0601286	0.0266662	-0.0199411
0.346873	0.0350619	0.511117	-0.0599634	0.0227479	-0.0242807
0.346816	0.0350926	0.511097	-0.0570296	0.0307509	-0.0203097
0.346759	0.0351147	0.511071	-0.0569976	0.0220249	-0.0257782
0.346702	0.0351422	0.511048	-0.0568182	0.0275587	-0.0229787
0.346642	0.0351651	0.51102	-0.0606782	0.0229757	-0.0277056
0.346583	0.0351879	0.510997	-0.0589265	0.022744	-0.0226779
0.346523	0.035214	0.510978	-0.0592582	0.0261309	-0.0193891
0.346464	0.0352362	0.510954	-0.0590858	0.0222129	-0.0237344
0.346408	0.0352664	0.510935	-0.0561526	0.0302124	-0.0197606
0.346352	0.0352879	0.510909	-0.0561147	0.0214868	-0.025231
0.346296	0.0353149	0.510887	-0.0559357	0.0270201	-0.0224273
0.346236	0.0353373	0.51086	-0.0597911	0.0224355	-0.0271572
0.346178	0.0353595	0.510838	-0.0580377	0.0222044	-0.0221279
0.34612	0.0353851	0.510819	-0.0583674	0.0255907	-0.0188373
0.346062	0.0354068	0.510796	-0.0581881	0.0216731	-0.0231881
0.346006	0.0354365	0.510776	-0.0552554	0.0296692	-0.0192118
0.345951	0.0354574	0.510752	-0.0552116	0.0209439	-0.0246839
0.345896	0.0354839	0.51073	-0.0550329	0.0264767	-0.0218761
0.345837	0.0355057	0.510703	-0.0588838	0.0218907	-0.0266091
0.34578	0.0355274	0.510681	-0.0571288	0.02166	-0.0215781
0.345723	0.0355524	0.510663	-0.0574565	0.0250458	-0.0182858
0.345666	0.0355736	0.510641	-0.0572703	0.0211286	-0.0226422
0.345611	0.0356027	0.510622	-0.0543382	0.0291214	-0.0186632
0.345557	0.0356231	0.510598	-0.0542887	0.0203965	-0.0241373
0.345503	0.035649	0.510576	-0.0541102	0.0259288	-0.0213254
0.345445	0.0356703	0.51055	-0.0579567	0.0213413	-0.0260613
0.345389	0.0356915	0.510529	-0.0562001	0.0211112	-0.0210288
0.345332	0.0357159	0.510512	-0.0565259	0.0244965	-0.0177348
0.345276	0.0357365	0.510489	-0.056333	0.0205797	-0.0220967
0.345222	0.0357651	0.510471	-0.0534012	0.0285693	-0.0181152
0.345169	0.035785	0.510448	-0.0533461	0.0198447	-0.0235911
0.345116	0.0358103	0.510427	-0.053168	0.0253766	-0.0207752
0.345059	0.0358311	0.510401	-0.0570101	0.0207877	-0.0255142
0.345004	0.0358516	0.510381	-0.0552519	0.0205581	-0.0204801
0.344948	0.0358755	0.510364	-0.0555757	0.023943	-0.0171844
0.344893	0.0358956	0.510342	-0.0553763	0.0200266	-0.0215517
0.34484	0.0359236	0.510325	-0.052445	0.028013	-0.0175677
0.344788	0.0359429	0.510302	-0.0523844	0.0192888	-0.0230456
0.344736	0.0359677	0.510281	-0.0522064	0.0248203	-0.0202257
0.34468	0.0359879	0.510256	-0.0560444	0.02023	-0.0249676
0.344625	0.0360079	0.510236	-0.0542846	0.0200009	-0.0199321
0.344571	0.0360313	0.51022	-0.0546065	0.0233854	-0.0166347
0.344516	0.0360508	0.510199	-0.0544006	0.0194695	-0.0210074
0.344465	0.0360782	0.510182	-0.0514696	0.0274527	-0.017021
0.344414	0.036097	0.510159	-0.0514037	0.018729	-0.0225007
0.344362	0.0361212	0.510139	-0.051226	0.0242601	-0.019677
0.344307	0.0361408	0.510115	-0.0550598	0.0196685	-0.0244219
0.344254	0.0361603	0.510096	-0.0532984	0.01944	-0.0193849
0.3442	0.0361831	0.51008	-0.0536184	0.022824	-0.0160859
0.344147	0.036202	0.510059	-0.0534063	0.0189085	-0.0204639
0.344096	0.0362289	0.510043	-0.0504756	0.0268888	-0.0164751
0.344046	0.0362471	0.510021	-0.0504045	0.0181655	-0.0219568
0.343996	0.0362708	0.510001	-0.0502269	0.0236963	-0.0191293
0.343942	0.0362898	0.509978	-0.0540568	0.0191033	-0.0238771
0.34389	0.0363087	0.509959	-0.0522938	0.0188754	-0.0188387
0.343837	0.036331	0.509943	-0.0526118	0.0222591	-0.0155381
0.343785	0.0363494	0.509923	-0.0523936	0.018344	-0.0199214
0.343735	0.0363756	0.509907	-0.0494633	0.0263213	-0.0159302
0.343686	0.0363933	0.509886	-0.049387	0.0175985	-0.0214137
0.343636	0.0364164	0.509867	-0.0492095	0.023129	-0.0185825
0.343583	0.0364349	0.509844	-0.0530355	0.0185347	-0.0233332
0.343532	0.0364532	0.509826	-0.051271	0.0183074	-0.0182934
0.343481	0.0364749	0.509811	-0.0515872	0.0216908	-0.0149913
0.343429	0.0364927	0.509791	-0.051363	0.0177762	-0.0193798
0.343381	0.0365184	0.509776	-0.0484329	0.0257506	-0.0153863
0.343332	0.0365355	0.509755	-0.0483516	0.0170282	-0.0208718
0.343284	0.036558	0.509737	-0.0481743	0.0225585	-0.0180368
0.343232	0.0365759	0.509714	-0.0519965	0.017963	-0.0227905
0.343182	0.0365937	0.509696	-0.0502304	0.0177362	-0.0177493
0.343132	0.0366148	0.509682	-0.0505447	0.0211194	-0.0144456
0.343081	0.036632	0.509663	-0.0503148	0.0172052	-0.0188393
0.343034	0.0366572	0.509648	-0.0473849	0.0251768	-0.0148436
0.342987	0.0366737	0.509628	-0.0472988	0.0164549	-0.0203309
0.342939	0.0366956	0.50961	-0.0471215	0.021985	-0.0174924
0.342889	0.036713	0.509588	-0.05094	0.0173882	-0.0222489
0.342839	0.0367301	0.509571	-0.0491724	0.0171621	-0.0172064
0.34279	0.0367507	0.509557	-0.0494849	0.020545	-0.0139012
0.342741	0.0367673	0.509539	-0.0492494	0.0166313	-0.0182999
0.342694	0.0367919	0.509524	-0.0463195	0.0246002	-0.0143021
0.342648	0.0368078	0.509505	-0.0462287	0.0158787	-0.0197913
0.342602	0.0368292	0.509488	-0.0460515	0.0214087	-0.0169492
0.342552	0.036846	0.509466	-0.0498665	0.0168107	-0.0217086
0.342504	0.0368626	0.509449	-0.0480974	0.0165852	-0.0166648
0.342456	0.0368825	0.509436	-0.048408	0.0199679	-0.0133581
0.342407	0.0368986	0.509418	-0.048167	0.0160547	-0.0177618
0.342362	0.0369226	0.509404	-0.0452373	0.024021	-0.0137618
0.342317	0.036938	0.509385	-0.0451419	0.0152999	-0.019253
0.342272	0.0369587	0.509369	-0.0449646	0.0208299	-0.0164074
0.342223	0.036975	0.509348	-0.0487762	0.0162306	-0.0211696
0.342176	0.036991	0.509331	-0.0470056	0.0160058	-0.0161245
0.342129	0.0370103	0.509319	-0.0473145	0.0193884	-0.0128164
0.342082	0.0370259	0.509301	-0.0470682	0.0154756	-0.017225
0.342038	0.0370493	0.509288	-0.0441385	0.0234393	-0.013223
0.341994	0.037064	0.509269	-0.0440386	0.0147188	-0.018716
0.34195	0.0370842	0.509254	-0.0438614	0.0202486	-0.015867
0.341902	0.0370999	0.509233	-0.0476696	0.0156482	-0.0206319
0.341856	0.0371153	0.509217	-0.0458976	0.0154241	-0.0155857
0.34181	0.0371341	0.509205	-0.0462046	0.0188066	-0.012276
0.341764	0.037149	0.509188	-0.0459532	0.0148942	-0.0166895
0.341721	0.0371719	0.509176	-0.0430235	0.0228555	-0.0126855
0.341678	0.037186	0.509157	-0.0429193	0.0141354	-0.0181804
0.341636	0.0372056	0.509142	-0.042742	0.0196653	-0.015328
0.341589	0.0372207	0.509122	-0.0465471	0.0150637	-0.0200957
0.341544	0.0372355	0.509107	-0.0447736	0.0148403	-0.0150483
0.341499	0.0372537	0.509095	-0.0450789	0.0182227	-0.0117372
0.341454	0.0372681	0.509079	-0.0448224	0.0143108	-0.0161555
0.341413	0.0372903	0.509067	-0.0418928	0.0222697	-0.0121494
0.341371	0.0373039	0.509049	-0.0417844	0.0135501	-0.0176462
0.341329	0.037323	0.509034	-0.041607	0.0190801	-0.0147905
0.341284	0.0373374	0.509015	-0.0454089	0.0144773	-0.019561
0.34124	0.0373517	0.509	-0.043634	0.0142546	-0.0145124
0.341196	0.0373693	0.508989	-0.0439376	0.017637	-0.0111999
0.341152	0.0373831	0.508974	-0.0436763	0.0137255	-0.0156229
0.341112	0.0374047	0.508962	-0.0407466	0.0216822	-0.0116149
0.341071	0.0374177	0.508945	-0.0406342	0.012963	-0.0171135
0.341031	0.0374362	0.508931	-0.0404567	0.0184931	-0.0142546
0.340986	0.0374501	0.508911	-0.0442556	0.0138892	-0.0190278
0.340944	0.0374637	0.508898	-0.0424794	0.0136673	-0.013978
0.340901	0.0374808	0.508887	-0.0427812	0.0170497	-0.0106641
0.340859	0.0374939	0.508872	-0.0425152	0.0131387	-0.0150917
0.340819	0.037515	0.508861	-0.0395854	0.0210931	-0.0110819
0.34078	0.0375274	0.508844	-0.0394691	0.0123744	-0.0165823
0.34074	0.0375453	0.50883	-0.0392915	0.0179047	-0.0137203
0.340697	0.0375586	0.508812	-0.0430875	0.0132997	-0.0184961
0.340656	0.0375717	0.508798	-0.0413099	0.0130786	-0.0134452
0.340614	0.0375881	0.508788	-0.04161	0.016461	-0.0101299
0.340573	0.0376007	0.508774	-0.0413395	0.0125504	-0.0145621
0.340535	0.0376212	0.508763	-0.0384097	0.0205028	-0.0105504
0.340496	0.037633	0.508747	-0.0382895	0.0117845	-0.0160527
0.340458	0.0376503	0.508734	-0.0381118	0.017315	-0.0131875
0.340416	0.037663	0.508716	-0.041905	0.0127089	-0.0179659
0.340376	0.0376755	0.508703	-0.0401261	0.0124886	-0.012914
0.340336	0.0376913	0.508693	-0.0404246	0.0158711	-0.00959736
0.340296	0.0377033	0.508679	-0.0401497	0.011961	-0.0140339
0.340258	0.0377232	0.508669	-0.0372197	0.0199113	-0.0100205
0.340221	0.0377344	0.508654	-0.0370958	0.0111936	-0.0155246
0.340184	0.0377511	0.508641	-0.0369179	0.0167243	-0.0126564
0.340144	0.0377632	0.508624	-0.0407086	0.0121171	-0.0174374
0.340105	0.0377751	0.508611	-0.0389283	0.0118976	-0.0123843
0.340065	0.0377904	0.508602	-0.0392252	0.0152803	-0.00906639
0.340027	0.0378018	0.508589	-0.0389461	0.0113706	-0.0135073
0.339991	0.0378211	0.508579	-0.0360159	0.019319	-0.0094922
0.339955	0.0378317	0.508564	-0.0358885	0.0106017	-0.0149981
0.339919	0.0378478	0.508552	-0.0357104	0.0161328	-0.0121269
0.339879	0.0378593	0.508535	-0.0394985	0.0115245	-0.0169104
0.339842	0.0378706	0.508523	-0.037717	0.0113059	-0.0118563
0.339804	0.0378853	0.508515	-0.0380122	0.0146887	-0.00853704
0.339766	0.0378961	0.508502	-0.0377291	0.0107794	-0.0129822
0.339731	0.0379148	0.508493	-0.0347987	0.018726	-0.00896545
0.339697	0.0379249	0.508478	-0.0346679	0.0100092	-0.0144731
0.339662	0.0379404	0.508467	-0.0344897	0.0155407	-0.011599
0.339624	0.0379513	0.50845	-0.0382753	0.0109313	-0.016385
0.339587	0.037962	0.508439	-0.0364926	0.0107136	-0.0113299
0.339551	0.0379761	0.508431	-0.0367862	0.0140966	-0.00800931
0.339514	0.0379863	0.508419	-0.0364992	0.0101877	-0.0124587
0.33948	0.0380045	0.50841	-0.0335685	0.0181326	-0.00844028
0.339447	0.0380139	0.508396	-0.0334345	0.00941617	-0.0139497
0.339414	0.0380288	0.508385	-0.033256	0.0149481	-0.0110728
0.339377	0.0380391	0.508369	-0.0370394	0.0103377	-0.0158612
0.339341	0.0380493	0.508358	-0.0352554	0.0101209	-0.0108051
0.339306	0.0380627	0.508351	-0.0355475	0.0135042	-0.00748319
0.339271	0.0380724	0.508339	-0.0352568	0.00959568	-0.0119366
0.339238	0.0380899	0.508331	-0.0323258	0.0175389	-0.00791667
0.339206	0.0380988	0.508318	-0.0321887	0.00882295	-0.0134278
0.339174	0.0381131	0.508307	-0.0320099	0.0143554	-0.0105481
0.339138	0.0381228	0.508292	-0.0357911	0.00974401	-0.0153389
0.339104	0.0381323	0.508281	-0.0340059	0.00952807	-0.0102819
0.33907	0.0381452	0.508274	-0.0342965	0.0129117	-0.00695866
0.339036	0.0381543	0.508263	-0.0340022	0.00900355	-0.0114161
0.339005	0.0381712	0.508256	-0.0310709	0.0169453	-0.00739461
0.338974	0.0381795	0.508243	-0.0309309	0.00822971	-0.0129075
0.338943	0.0381932	0.508233	-0.0307518	0.0137627	-0.010025
0.338909	0.0382023	0.508218	-0.034531	0.00915032	-0.0148182
0.338876	0.0382113	0.508208	-0.0327446	0.00893533	-0.00976018
0.338843	0.0382236	0.508202	-0.0330337	0.0123193	-0.00643571
0.33881	0.038232	0.508191	-0.032736	0.00841152	-0.010897
0.33878	0.0382484	0.508184	-0.0298044	0.0163518	-0.00687408
0.338751	0.038256	0.508172	-0.0296615	0.00763665	-0.0123886
0.338721	0.0382692	0.508162	-0.0294821	0.0131703	-0.00950351
0.338688	0.0382777	0.508148	-0.0332593	0.00855689	-0.014299
0.338657	0.0382861	0.508138	-0.0314718	0.00834286	-0.00924005
0.338625	0.0382978	0.508133	-0.0317594	0.0117273	-0.0059143
0.338593	0.0383056	0.508122	-0.0314585	0.0078198	-0.0103794
0.338565	0.0383214	0.508116	-0.0285265	0.0157588	-0.00635504
0.338536	0.0383285	0.508104	-0.0283809	0.00704399	-0.0118713
0.338508	0.038341	0.508095	-0.0282013	0.0125783	-0.00898354
0.338476	0.0383489	0.508081	-0.0319766	0.00796393	-0.0137813
0.338446	0.0383567	0.508072	-0.0301881	0.00775089	-0.00872142
0.338416	0.0383678	0.508067	-0.0304742	0.0111358	-0.00539442
0.338385	0.0383751	0.508057	-0.0301702	0.0072286	-0.00986317
0.338358	0.0383902	0.508051	-0.0272378	0.0151663	-0.00583747
0.338331	0.0383967	0.50804	-0.0270897	0.00645193	-0.0113553
0.338304	0.0384087	0.508032	-0.0269097	0.011987	-0.00846507
0.338274	0.038416	0.508018	-0.0306833	0.00737164	-0.013265
0.338245	0.0384232	0.50801	-0.0288937	0.00715961	-0.00820427
0.338216	0.0384337	0.508005	-0.0291785	0.010545	-0.00487601
0.338187	0.0384404	0.507996	-0.0288715	0.00663813	-0.00934834
0.338161	0.038455	0.50799	-0.0259387	0.0145747	-0.00532133
0.338135	0.0384609	0.50798	-0.0257881	0.00586069	-0.0108408
0.338109	0.0384722	0.507972	-0.0256078	0.0113966	-0.00794806
0.33808	0.038479	0.507959	-0.0293799	0.00678023	-0.0127501
0.338052	0.0384856	0.507951	-0.0275892	0.00656924	-0.00768855
0.338024	0.0384955	0.507947	-0.0278726	0.00995518	-0.00435904
0.337997	0.0385016	0.507938	-0.0275629	0.00604859	-0.00883484
0.337972	0.0385156	0.507933	-0.0246296	0.0139842	-0.00480657
0.337948	0.0385209	0.507923	-0.0244768	0.00527047	-0.0103277
0.337924	0.0385316	0.507915	-0.0242961	0.0108073	-0.00743247
0.337895	0.0385378	0.507903	-0.0280667	0.00618992	-0.0122366
0.337869	0.0385438	0.507896	-0.026275	0.00597999	-0.00717421
0.337843	0.0385531	0.507892	-0.0265571	0.00936653	-0.00384346
0.337816	0.0385587	0.507884	-0.0262447	0.0054602	-0.00832263
0.337793	0.038572	0.50788	-0.023311	0.0133948	-0.00429314
0.33777	0.0385767	0.50787	-0.023156	0.00468147	-0.00981582
0.337747	0.0385869	0.507863	-0.022975	0.0102192	-0.00691825
0.33772	0.0385925	0.507851	-0.0267442	0.0056009	-0.0117245
0.337695	0.0385979	0.507844	-0.0249516	0.00539205	-0.0066612
0.33767	0.0386067	0.507841	-0.0252323	0.00877924	-0.00332921
0.337645	0.0386116	0.507833	-0.0249175	0.00487316	-0.00781164
0.337623	0.0386244	0.50783	-0.0219833	0.012807	-0.00378099
0.337601	0.0386285	0.50782	-0.0218263	0.0040939	-0.00930522
0.33758	0.0386381	0.507814	-0.0216449	0.00963263	-0.00640534
0.337554	0.0386431	0.507803	-0.0254128	0.00501338	-0.0112135
0.337531	0.0386479	0.507796	-0.0236193	0.00480563	-0.00614946
0.337507	0.0386561	0.507794	-0.0238988	0.00819352	-0.00281625
0.337483	0.0386604	0.507786	-0.0235817	0.00428766	-0.00730183
0.337462	0.0386726	0.507783	-0.020647	0.0122207	-0.00327005
0.337442	0.0386762	0.507774	-0.0204881	0.00350795	-0.00879581
0.337422	0.0386852	0.507768	-0.0203062	0.00904775	-0.00589368
0.337398	0.0386896	0.507758	-0.024073	0.00442755	-0.0107038
0.337375	0.0386938	0.507752	-0.0222787	0.00422094	-0.00563894
0.337353	0.0387014	0.50775	-0.0225569	0.00760958	-0.0023045
0.337331	0.0387052	0.507743	-0.0222377	0.00370392	-0.00679313
0.337311	0.0387168	0.50774	-0.0193024	0.0116364	-0.00276028
0.337292	0.0387197	0.507732	-0.0191418	0.00292384	-0.00828754
0.337273	0.0387282	0.507726	-0.0189595	0.00846476	-0.00538321
0.33725	0.038732	0.507716	-0.0227253	0.00384363	-0.0101952
0.337229	0.0387356	0.507711	-0.0209301	0.00363816	-0.00512957
0.337208	0.0387427	0.507709	-0.0212071	0.00702761	-0.00179391
0.337187	0.0387458	0.507703	-0.020886	0.00312212	-0.00628547
0.337169	0.0387569	0.507701	-0.0179501	0.0110541	-0.00225161
0.337152	0.0387592	0.507693	-0.0177879	0.00234176	-0.00778033
0.337134	0.0387671	0.507688	-0.0176052	0.00788387	-0.00487387
0.337113	0.0387703	0.507678	-0.0213701	0.0032618	-0.00968767
0.337093	0.0387734	0.507674	-0.0195741	0.00305751	-0.00462129
0.337073	0.0387798	0.507673	-0.0198499	0.00644781	-0.00128441
0.337054	0.0387824	0.507667	-0.019527	0.00254247	-0.00577879
0.337037	0.0387929	0.507665	-0.0165905	0.010474	-0.00174395
0.337021	0.0387947	0.507658	-0.0164269	0.00176191	-0.00727412
0.337004	0.0388019	0.507653	-0.0162437	0.00730528	-0.00436557
0.336984	0.0388046	0.507644	-0.0200079	0.00268227	-0.00918114
0.336966	0.0388071	0.50764	-0.0182111	0.00247918	-0.00411402
0.336948	0.0388129	0.507639	-0.0184858	0.00587038	-0.000775917
0.33693	0.038815	0.507634	-0.0181611	0.00196516	-0.00527302
0.336914	0.0388248	0.507633	-0.0152241	0.00989637	-0.00123725
0.336899	0.038826	0.507626	-0.0150591	0.00118448	-0.00676884
0.336884	0.0388327	0.507622	-0.0148755	0.00672918	-0.00385827
0.336866	0.0388348	0.507614	-0.018639	0.00210524	-0.00867553
0.336849	0.0388367	0.50761	-0.0168415	0.00190337	-0.00360769
0.336832	0.038842	0.50761	-0.0171151	0.00529551	-0.000268373
0.336815	0.0388435	0.507605	-0.016789	0.00139039	-0.00476807
0.336801	0.0388528	0.507604	-0.0138513	0.00932139	-0.000731423
0.336788	0.0388534	0.507598	-0.0136851	0.000609671	-0.0062644
0.336774	0.0388595	0.507595	-0.0135011	0.00615576	-0.00335186
0.336757	0.038861	0.507586	-0.017264	0.0015309	-0.00817077
0.336741	0.0388624	0.507583	-0.0154658	0.00133026	-0.00310222
0.336726	0.0388671	0.507583	-0.0157383	0.0047234	0.000238308
0.33671	0.038868	0.507579	-0.0154109	0.00081836	-0.00426387
0.336698	0.0388767	0.507579	-0.0124725	0.00874925	-0.000226396
0.336685	0.0388768	0.507573	-0.0123054	3.76701e-05	-0.00576072
0.336673	0.0388823	0.50757	-0.0121208	0.00558522	-0.00284628
0.336657	0.0388832	0.507563	-0.0158833	0.000959428	-0.00766677
0.336643	0.038884	0.50756	-0.0140845	0.000760064	-0.00259753
0.336629	0.0388882	0.507561	-0.014356	0.00415424	0.000744207
0.336615	0.0388884	0.507557	-0.0140273	0.000249248	-0.00376034
0.336604	0.0388966	0.507557	-0.0110883	0.00818014	0.000277915
0.336593	0.0388961	0.507552	-0.0109203	-0.000531328	-0.00525774
0.336582	0.0389011	0.50755	-0.0107352	0.00501775	-0.00234144
0.336568	0.0389015	0.507543	-0.0144975	0.000391032	-0.00716346
0.336555	0.0389017	0.507541	-0.012698	0.000192955	-0.00209355
0.336542	0.0389052	0.507542	-0.0129685	0.00358823	0.00124941
0.336529	0.038905	0.507539	-0.0126388	-0.00031675	-0.0032574
0.33652	0.0389126	0.507539	-0.00969909	0.00761425	0.000781593
0.33651	0.0389115	0.507535	-0.00953032	-0.00109713	-0.00475536
0.336501	0.0389159	0.507533	-0.00934475	0.00445354	-0.00183726
0.336488	0.0389157	0.507526	-0.0131068	-0.000174106	-0.00666075
0.336476	0.0389154	0.507524	-0.0113068	-0.000370871	-0.00159017
0.336465	0.0389184	0.507526	-0.0115763	0.00302554	0.00175399
0.336454	0.0389175	0.507523	-0.0112458	-0.000879446	-0.00275496
0.336445	0.0389246	0.507525	-0.00830534	0.00705177	0.00128472
0.336437	0.038923	0.50752	-0.00813595	-0.00165956	-0.00425351
0.336429	0.0389268	0.507519	-0.00794986	0.00389277	-0.00133366
0.336417	0.0389261	0.507513	-0.0117119	-0.000735797	-0.00615855
0.336408	0.0389251	0.507512	-0.00991128	-0.000931229	-0.00108734
0.336397	0.0389276	0.507514	-0.0101799	0.00246637	0.00225804
0.336388	0.0389262	0.507512	-0.00984866	-0.00143865	-0.00225294
0.336381	0.0389327	0.507514	-0.0069075	0.00649288	0.00178739
0.336374	0.0389305	0.50751	-0.00673764	-0.00221842	-0.00375208
0.336367	0.0389338	0.507509	-0.00655102	0.00333563	-0.000830551
0.336357	0.0389325	0.507503	-0.0103131	-0.00129386	-0.00565679
0.336349	0.038931	0.507503	-0.008512	-0.00148793	-0.000584943
0.33634	0.0389329	0.507506	-0.00877974	0.0019109	0.00276164
0.336331	0.0389309	0.507504	-0.00844795	-0.00199419	-0.00175124
0.336326	0.0389369	0.507506	-0.00550604	0.00593778	0.00228967
0.33632	0.0389341	0.507503	-0.00533585	-0.00277353	-0.00325101
0.336315	0.0389369	0.507503	-0.00514869	0.00278232	-0.000327841
0.336306	0.038935	0.507497	-0.00891091	-0.0018481	-0.00515537
0.336299	0.038933	0.507497	-0.0071094	-0.0020408	-8.29089e-05
0.336292	0.0389343	0.507501	-0.00737629	0.00135932	0.00326489
0.336285	0.0389318	0.507499	-0.00704411	-0.00254587	-0.00124979
0.336281	0.0389372	0.507502	-0.00410144	0.00538663	0.00279168
0.336277	0.0389339	0.507499	-0.00393105	-0.00332471	-0.00275019
0.336273	0.0389361	0.5075	-0.00374334	0.002233	0.000174557
0.336266	0.0389337	0.507495	-0.00750585	-0.00239834	-0.0046542
0.33626	0.0389311	0.507495	-0.00570393	-0.00258964	0.000418858
0.336254	0.0389319	0.507499	-0.00597001	0.000811806	0.00376787
0.336248	0.0389288	0.507498	-0.0056376	-0.00309351	-0.000748487
0.336246	0.0389337	0.507502	-0.00269415	0.00483963	0.00329348
0.336243	0.0389298	0.507499	-0.0025237	-0.00387178	-0.00224955
0.336241	0.0389315	0.5075	-0.00233543	0.00168785	0.000676729
0.336235	0.0389285	0.507496	-0.00609834	-0.00294441	-0.00415319
0.33623	0.0389254	0.507497	-0.00429606	-0.00313429	0.000920445
0.336226	0.0389256	0.507501	-0.00456138	0.000268538	0.00427067
0.336222	0.0389221	0.507501	-0.00422888	-0.00363694	-0.000247247
0.33622	0.0389263	0.507505	-0.00128464	0.00429695	0.00379517
0.336219	0.0389219	0.507503	-0.00111426	-0.00441456	-0.00174898
0.336218	0.0389231	0.507504	-0.000925427	0.00114707	0.00117876
0.336214	0.0389196	0.5075	-0.00468887	-0.00348613	-0.00365226
0.336211	0.0389159	0.507502	-0.00288626	-0.00367457	0.00142194
0.336207	0.0389156	0.507507	-0.00315085	-0.000270307	0.00477338
0.336205	0.0389115	0.507507	-0.00281843	-0.00417598	0.000254019
0.336205	0.0389152	0.507511	0.00012662	0.00375876	0.00429684
0.336205	0.0389103	0.50751	0.000296784	-0.00495288	-0.00124841
0.336206	0.0389109	0.507512	0.000486196	0.000610816	0.00168075
0.336202	0.0389068	0.507508	-0.00327789	-0.00402331	-0.00315132
0.336201	0.0389026	0.50751	-0.001475	-0.00421029	0.00192344
0.336199	0.0389018	0.507516	-0.0017389	-0.000804554	0.00527609
0.336198	0.0388971	0.507516	-0.00140671	-0.00471045	0.000755402
0.336199	0.0389004	0.507521	0.00153917	0.00322525	0.00479858
0.336201	0.0388949	0.50752	0.00170898	-0.00548655	-0.000747745
0.336203	0.0388949	0.507523	0.00189897	7.92705e-05	0.00218279
0.336201	0.0388904	0.50752	-0.00186587	-0.00455579	-0.00265028
0.336201	0.0388856	0.507522	-6.27385e-05	-0.00474129	0.00242502
0.336201	0.0388843	0.507528	-0.000325988	-0.00133403	0.0057789
0.336201	0.0388791	0.507529	5.81291e-06	-0.00524018	0.00125699
0.336204	0.0388818	0.507535	0.00295253	0.00269659	0.00530048
0.336207	0.0388758	0.507534	0.00312186	-0.00601541	-0.000246893
0.33621	0.0388753	0.507537	0.00331244	-0.000447396	0.00268495
0.336209	0.0388702	0.507535	-0.00045328	-0.0050834	-0.00214904
0.336211	0.0388649	0.507538	0.00135005	-0.00526739	0.00292677
0.336212	0.0388631	0.507544	0.00108741	-0.00185856	0.00628188
0.336213	0.0388574	0.507546	0.00141867	-0.005765	0.00175887
0.336218	0.0388595	0.507552	0.00436624	0.00217294	0.00580262
0.336222	0.038853	0.507552	0.00453495	-0.00653929	0.00025423
0.336227	0.038852	0.507555	0.00472613	-0.000969014	0.00318733
0.336228	0.0388464	0.507554	0.000959413	-0.00560596	-0.00164753
0.336231	0.0388406	0.507557	0.0027629	-0.00578843	0.00342879
0.336233	0.0388382	0.507564	0.00250083	-0.00237798	0.00678513
0.336236	0.038832	0.507566	0.00283139	-0.00628474	0.00226113
0.336242	0.0388336	0.507572	0.00577983	0.00165448	0.0063051
0.336248	0.0388266	0.507573	0.00594779	-0.00705801	0.000755711
0.336254	0.038825	0.507577	0.00613956	-0.00148541	0.00369002
0.336256	0.0388189	0.507576	0.00237174	-0.00612331	-0.00114566
0.33626	0.0388126	0.50758	0.00417534	-0.00630424	0.00393116
0.336264	0.0388097	0.507587	0.0039138	-0.00289213	0.00728872
0.336269	0.0388029	0.50759	0.00424351	-0.00679924	0.00276386
0.336276	0.0388041	0.507596	0.00719283	0.00114137	0.006808
0.336283	0.0387965	0.507598	0.0073599	-0.00757142	0.00125763
0.336291	0.0387945	0.507602	0.00755228	-0.00199643	0.00419309
0.336294	0.0387878	0.507601	0.00378324	-0.00663528	-0.000643338
0.3363	0.038781	0.507606	0.00558691	-0.00681464	0.00443396
0.336305	0.0387776	0.507613	0.00532586	-0.00340082	0.00779276
0.336311	0.0387704	0.507617	0.00565456	-0.00730832	0.00326713
0.33632	0.038771	0.507624	0.00860477	0.000633779	0.00731139
0.336328	0.0387629	0.507626	0.00877083	-0.00807934	0.00176008
0.336337	0.0387604	0.507631	0.00896382	-0.0025019	0.00469664
0.336343	0.0387532	0.50763	0.00519343	-0.0071417	-0.000140487
0.33635	0.0387459	0.507635	0.00699714	-0.00731949	0.00493727
0.336356	0.038742	0.507644	0.00673653	-0.00390392	0.00829731
0.336363	0.0387342	0.507647	0.00706408	-0.00781183	0.00377104
0.336373	0.0387343	0.507655	0.0100152	0.000131864	0.00781537
0.336384	0.0387258	0.507657	0.0101801	-0.00858163	0.00226314
0.336394	0.0387228	0.507663	0.0103737	-0.00300167	0.00520074
0.336401	0.0387151	0.507663	0.00660186	-0.00764243	0.000362975
0.336409	0.0387073	0.507668	0.00840555	-0.00781862	0.00544118
0.336417	0.0387029	0.507677	0.00814535	-0.00440124	0.00880246
0.336426	0.0386946	0.507682	0.00847159	-0.0083096	0.00427565
0.336437	0.0386942	0.50769	0.0114236	-0.000364211	0.00832001
0.336449	0.0386852	0.507693	0.0115872	-0.00907811	0.00276688
0.33646	0.0386816	0.507698	0.0117815	-0.00349557	0.00570547
0.336468	0.0386735	0.507699	0.00800805	-0.00813729	0.000867126
0.336478	0.0386652	0.507705	0.00981169	-0.00831187	0.00594577
0.336488	0.0386603	0.507714	0.00955186	-0.00489264	0.00930828
0.336498	0.0386515	0.507719	0.00987663	-0.00880149	0.00478106
0.33651	0.0386506	0.507728	0.0128296	-0.000854293	0.00882539
0.336523	0.0386411	0.507731	0.0129918	-0.00956863	0.00327138
0.336537	0.0386371	0.507738	0.0131866	-0.00398344	0.00621092
0.336546	0.0386284	0.507739	0.00941154	-0.00862614	0.00137204
0.336557	0.0386197	0.507745	0.0112151	-0.00879908	0.0064511
0.336568	0.0386143	0.507755	0.0109556	-0.00537796	0.00981486
0.336579	0.038605	0.50776	0.0112787	-0.00928732	0.00528732
0.336594	0.0386037	0.50777	0.0142326	-0.00133822	0.00933159
0.336608	0.0385936	0.507774	0.0143933	-0.010053	0.00377671
0.336623	0.0385891	0.50778	0.0145887	-0.00446514	0.00671714
0.336634	0.03858	0.507782	0.0108119	-0.00910882	0.00187779
0.336646	0.0385707	0.507789	0.0126153	-0.00928011	0.00695725
0.336658	0.0385649	0.507799	0.012356	-0.00585705	0.0103223
0.336671	0.0385551	0.507805	0.0126774	-0.00976695	0.00579452
0.336687	0.0385533	0.507815	0.0156323	-0.00181585	0.00983867
0.336703	0.0385428	0.507819	0.0157913	-0.0105312	0.00428295
0.336719	0.0385378	0.507827	0.0159874	-0.00494051	0.00722422
0.336731	0.0385282	0.507829	0.0122086	-0.00958517	0.00238445
0.336745	0.0385185	0.507836	0.0140118	-0.0097548	0.00746429
0.336759	0.0385121	0.507847	0.0137528	-0.00632975	0.0108306
0.336773	0.0385019	0.507854	0.0140723	-0.0102402	0.00630272
0.33679	0.0384996	0.507864	0.0170281	-0.00228702	0.0103467
0.336807	0.0384887	0.507869	0.0171852	-0.0110029	0.00479016
0.336824	0.0384832	0.507876	0.017382	-0.0054094	0.00773221
0.336838	0.0384731	0.507879	0.0136011	-0.010055	0.00289208
0.336853	0.0384629	0.507887	0.0154041	-0.010223	0.00797229
0.336868	0.0384561	0.507899	0.0151454	-0.00679593	0.0113398
0.336884	0.0384455	0.507905	0.0154627	-0.010707	0.00681199
0.336902	0.0384427	0.507916	0.0184195	-0.00275159	0.0108558
0.336921	0.0384312	0.507922	0.0185748	-0.011468	0.00529841
0.33694	0.0384253	0.50793	0.0187721	-0.00587166	0.00824119
0.336955	0.0384148	0.507933	0.0149892	-0.0105183	0.00340074
0.336971	0.0384041	0.507942	0.0167919	-0.0106846	0.00848131
0.336988	0.0383968	0.507954	0.0165333	-0.00725542	0.0118501
0.337005	0.0383857	0.507961	0.0168485	-0.0111671	0.00732238
0.337025	0.0383825	0.507972	0.0198062	-0.00320941	0.0113659
0.337045	0.0383706	0.507978	0.0199594	-0.0119265	0.00580775
0.337065	0.0383642	0.507987	0.0201574	-0.00632714	0.00875122
0.337081	0.0383532	0.507991	0.0163722	-0.0109748	0.0039105
0.337099	0.0383421	0.508	0.0181746	-0.0111393	0.0089914
0.337117	0.0383344	0.508012	0.0179161	-0.0077081	0.0123614
0.337135	0.0383228	0.50802	0.0182289	-0.0116205	0.00783395
0.337157	0.0383191	0.508032	0.0211877	-0.00366034	0.0118771
0.337178	0.0383068	0.508038	0.0213386	-0.0123781	0.00631823
0.337199	0.0383	0.508047	0.0215373	-0.00677571	0.00926234
0.337217	0.0382885	0.508052	0.0177497	-0.0114244	0.00442141
0.337237	0.038277	0.508061	0.0195518	-0.0115872	0.00950262
0.337256	0.0382688	0.508074	0.0192934	-0.00815381	0.0128739
0.337276	0.0382568	0.508082	0.0196036	-0.0120669	0.00834676
0.337298	0.0382526	0.508095	0.0225634	-0.00410424	0.0123896
0.337321	0.0382398	0.508102	0.0227121	-0.0128226	0.00682992
0.337344	0.0382326	0.508111	0.0229113	-0.00721723	0.0097746
0.337363	0.0382207	0.508116	0.0191213	-0.0118669	0.00493351
0.337384	0.0382087	0.508126	0.020923	-0.012028	0.010015
0.337405	0.0382001	0.50814	0.0206646	-0.00859242	0.0133876
0.337426	0.0381876	0.508149	0.0209722	-0.0125062	0.00886085
0.337449	0.038183	0.508162	0.0239329	-0.00454097	0.0129033
0.337474	0.0381698	0.508169	0.0240792	-0.0132601	0.00734286
0.337498	0.0381621	0.508179	0.0242791	-0.00765155	0.0102881
0.337518	0.0381498	0.508185	0.0204865	-0.0123022	0.00544686
0.337541	0.0381374	0.508195	0.0222877	-0.0124616	0.0105287
0.337563	0.0381283	0.508209	0.0220293	-0.00902379	0.0139025
0.337585	0.0381154	0.508218	0.0223341	-0.0129383	0.00937627
0.33761	0.0381104	0.508232	0.0252959	-0.0049704	0.0134182
0.337636	0.0380968	0.50824	0.0254396	-0.0136903	0.00785708
0.337661	0.0380886	0.50825	0.0256401	-0.00807854	0.0108028
0.337683	0.0380759	0.508256	0.0218448	-0.0127303	0.00596148
0.337707	0.038063	0.508267	0.0236456	-0.0128878	0.0110435
0.33773	0.0380535	0.508282	0.0233871	-0.0094478	0.0144186
0.337754	0.0380402	0.508292	0.0236889	-0.0133631	0.00989305
0.337781	0.0380348	0.508306	0.0266517	-0.00539238	0.0139345
0.337807	0.0380207	0.508314	0.0267927	-0.014113	0.00837262
0.337834	0.0380122	0.508325	0.0269939	-0.00849807	0.0113187
0.337858	0.037999	0.508332	0.0231958	-0.0131508	0.00647743
0.337883	0.0379857	0.508343	0.0249961	-0.0133066	0.0115597
0.337907	0.0379758	0.508358	0.0247375	-0.00986429	0.0149361
0.337932	0.0379621	0.508369	0.0250362	-0.0137804	0.0104112
0.33796	0.0379563	0.508383	0.0280001	-0.0058068	0.0144521
0.337988	0.0379418	0.508392	0.0281382	-0.0145283	0.00888952
0.338017	0.0379328	0.508404	0.0283401	-0.00891	0.011836
0.338041	0.0379193	0.508411	0.024539	-0.0135638	0.00699472
0.338068	0.0379055	0.508423	0.0263387	-0.0137178	0.0120772
0.338094	0.0378952	0.508438	0.0260801	-0.0102732	0.0154549
0.33812	0.0378811	0.508449	0.0263755	-0.0141901	0.0109308
0.338149	0.0378749	0.508464	0.0293404	-0.00621353	0.0149711
0.338179	0.03786	0.508474	0.0294756	-0.0149359	0.0094078
0.338209	0.0378506	0.508486	0.0296781	-0.00931423	0.0123546
0.338234	0.0378366	0.508494	0.025874	-0.0139691	0.00751338
0.338262	0.0378225	0.508506	0.0276732	-0.0141213	0.0125961
0.33829	0.0378118	0.508522	0.0274143	-0.0106743	0.015975
0.338317	0.0377973	0.508534	0.0277063	-0.0145921	0.0114519
0.338348	0.0377906	0.508549	0.0306723	-0.00661243	0.0154915
0.338379	0.0377753	0.508559	0.0308045	-0.0153357	0.00992748
0.33841	0.0377656	0.508572	0.0310076	-0.00971061	0.0128746
0.338437	0.0377512	0.50858	0.0272004	-0.0143665	0.00803343
0.338466	0.0377367	0.508593	0.0289989	-0.0145169	0.0131163
0.338495	0.0377256	0.50861	0.0287398	-0.0110675	0.0164965
0.338524	0.0377107	0.508622	0.0290283	-0.0149863	0.0119744
0.338556	0.0377036	0.508638	0.0319953	-0.00700339	0.0160133
0.338588	0.0376879	0.508648	0.0321243	-0.0157276	0.0104486
0.33862	0.0376778	0.508661	0.0323281	-0.010099	0.0133959
0.338649	0.037663	0.50867	0.0285177	-0.014756	0.00855488
0.338679	0.0376481	0.508684	0.0303155	-0.0149046	0.0136379
0.338709	0.0376366	0.508701	0.0300561	-0.0114527	0.0170194
0.338739	0.0376213	0.508713	0.0303409	-0.0153724	0.0124983
0.338773	0.0376139	0.50873	0.033309	-0.00738629	0.0165365
0.338806	0.0375978	0.508741	0.0334347	-0.0161114	0.0109711
0.33884	0.0375873	0.508754	0.0336391	-0.0104794	0.0139186
0.33887	0.0375721	0.508764	0.0298253	-0.0151374	0.00907774
0.338901	0.0375569	0.508778	0.0316225	-0.0152842	0.0141609
0.338933	0.037545	0.508795	0.0313628	-0.0118299	0.0175436
0.338964	0.0375293	0.508808	0.0316437	-0.0157505	0.0130238
0.338999	0.0375215	0.508825	0.0346129	-0.007761	0.0170611
0.339034	0.0375051	0.508837	0.0347352	-0.0164871	0.011495
0.339069	0.0374942	0.508851	0.0349403	-0.0108515	0.0144426
0.3391	0.0374787	0.508861	0.031123	-0.0155106	0.009602
0.339133	0.037463	0.508876	0.0329194	-0.0156556	0.0146853
0.339165	0.0374508	0.508894	0.0326594	-0.0121987	0.0180693
0.339198	0.0374347	0.508907	0.0329363	-0.0161204	0.0135507
0.339234	0.0374266	0.508925	0.0359066	-0.00812743	0.0175872
0.33927	0.0374097	0.508937	0.0360254	-0.0168546	0.0120204
0.339306	0.0373985	0.508952	0.0362311	-0.0112153	0.0149681
0.339339	0.0373826	0.508962	0.0324103	-0.0158755	0.0101277
0.339373	0.0373666	0.508977	0.0342059	-0.0160186	0.015211
0.339407	0.037354	0.508996	0.0339455	-0.0125593	0.0185963
0.339441	0.0373376	0.50901	0.0342183	-0.0164819	0.014079
0.339478	0.037329	0.509028	0.0371896	-0.00848546	0.0181146
0.339516	0.0373119	0.50904	0.0373048	-0.0172137	0.0125471
0.339553	0.0373002	0.509056	0.0375111	-0.0115708	0.0154948
0.339587	0.037284	0.509067	0.0336867	-0.016232	0.0106547
0.339622	0.0372676	0.509082	0.0354815	-0.0163733	0.0157382
0.339658	0.0372547	0.509101	0.0352207	-0.0129114	0.0191246
0.339693	0.0372379	0.509116	0.0354891	-0.0168351	0.0146088
0.339731	0.037229	0.509135	0.0384616	-0.00883497	0.0186435
0.33977	0.0372115	0.509148	0.038573	-0.0175643	0.0130753
0.339809	0.0371995	0.509164	0.03878	-0.0119176	0.016023
0.339844	0.0371829	0.509175	0.0349518	-0.01658	0.0111831
0.339881	0.0371662	0.509191	0.0367457	-0.0167194	0.0162666
0.339917	0.037153	0.509211	0.0364844	-0.0132549	0.0196543
0.339954	0.0371358	0.509226	0.0367485	-0.0171797	0.0151401
0.339994	0.0371266	0.509245	0.039722	-0.00917588	0.0191737
0.340033	0.0371087	0.509259	0.0398296	-0.0179063	0.0136048
0.340073	0.0370964	0.509275	0.0400372	-0.0122559	0.0165524
0.34011	0.0370795	0.509287	0.0362052	-0.0169194	0.0117129
0.340148	0.0370625	0.509304	0.0379982	-0.017057	0.0167964
0.340185	0.0370488	0.509324	0.0377364	-0.0135898	0.0201854
0.340223	0.0370314	0.50934	0.0379959	-0.0175157	0.0156727
0.340264	0.0370218	0.509359	0.0409705	-0.00950807	0.0197052
0.340305	0.0370036	0.509373	0.0410742	-0.0182396	0.0141356
0.340347	0.036991	0.50939	0.0412824	-0.0125854	0.0170831
0.340384	0.0369737	0.509403	0.0374464	-0.01725	0.0122439
0.340423	0.0369564	0.50942	0.0392384	-0.0173857	0.0173274
0.340462	0.0369424	0.509441	0.0389761	-0.013916	0.0207177
0.340502	0.0369246	0.509457	0.0392309	-0.0178429	0.0162066
0.340544	0.0369148	0.509477	0.0422067	-0.00983145	0.0202381
0.340586	0.0368962	0.509492	0.0423062	-0.0185642	0.0146677
0.340629	0.0368833	0.509509	0.0425151	-0.0129062	0.017615
0.340667	0.0368657	0.509522	0.038675	-0.0175718	0.0127763
0.340708	0.036848	0.50954	0.0404661	-0.0177057	0.0178597
0.340748	0.0368337	0.509561	0.0402032	-0.0142333	0.0212512
0.340788	0.0368156	0.509578	0.0404531	-0.0181613	0.0167419
0.340832	0.0368054	0.509599	0.04343	-0.0101459	0.0207722
0.340875	0.0367866	0.509614	0.0435254	-0.0188799	0.0152011
0.340919	0.0367733	0.509632	0.0437349	-0.013218	0.0181482
0.340959	0.0367554	0.509645	0.0398906	-0.0178847	0.0133098
0.341001	0.0367374	0.509664	0.0416808	-0.0180167	0.0183931
0.341042	0.0367228	0.509686	0.0414172	-0.0145416	0.0217859
0.341084	0.0367044	0.509703	0.0416621	-0.0184708	0.0172784
0.341128	0.0366939	0.509724	0.0446402	-0.0104514	0.0213075
0.341173	0.0366748	0.50974	0.0447312	-0.0191866	0.0157356
0.341218	0.0366612	0.509759	0.0449414	-0.0135207	0.0186824
0.341259	0.036643	0.509772	0.0410929	-0.0181887	0.0138445
0.341302	0.0366247	0.509791	0.042882	-0.0183188	0.0189277
0.341345	0.0366098	0.509814	0.0426177	-0.0148409	0.0223217
0.341388	0.0365911	0.509831	0.0428575	-0.0187713	0.0178161
0.341433	0.0365803	0.509853	0.0458367	-0.0107478	0.0218439
0.341479	0.0365609	0.50987	0.0459234	-0.0194843	0.0162713
0.341525	0.036547	0.509889	0.0461342	-0.0138144	0.0192178
0.341568	0.0365285	0.509903	0.0422813	-0.0184835	0.0143803
0.341612	0.0365099	0.509923	0.0440693	-0.0186117	0.0194634
0.341656	0.0364947	0.509945	0.0438043	-0.0151311	0.0228586
0.3417	0.0364757	0.509964	0.0440388	-0.0190627	0.0183549
0.341747	0.0364647	0.509986	0.0470192	-0.011035	0.0223814
0.341794	0.0364449	0.510003	0.0471014	-0.0197728	0.016808
0.341841	0.0364308	0.510023	0.0473129	-0.0140989	0.0197541
0.341885	0.036412	0.510038	0.0434555	-0.0187691	0.0149171
0.34193	0.0363931	0.510058	0.0452424	-0.0188955	0.02
0.341975	0.0363777	0.510081	0.0449767	-0.0154122	0.0233964
0.34202	0.0363584	0.5101	0.0452058	-0.019345	0.0188947
0.342068	0.036347	0.510123	0.0481873	-0.011313	0.0229199
0.342116	0.036327	0.51014	0.0482649	-0.0200521	0.0173457
0.342165	0.0363126	0.51016	0.048477	-0.0143742	0.0202914
0.34221	0.0362935	0.510176	0.044615	-0.0190455	0.0154548
0.342256	0.0362743	0.510196	0.0464008	-0.01917	0.0205376
0.342302	0.0362586	0.51022	0.0461343	-0.0156839	0.0239352
0.342348	0.0362391	0.51024	0.0463578	-0.019618	0.0194356
0.342398	0.0362275	0.510263	0.0493406	-0.0115816	0.0234593
0.342447	0.0362072	0.510281	0.0494134	-0.0203221	0.0178843
0.342497	0.0361925	0.510302	0.0496262	-0.0146401	0.0208295
0.342543	0.0361731	0.510318	0.0457596	-0.0193126	0.0159934
0.34259	0.0361537	0.510339	0.0475442	-0.0194352	0.021076
0.342637	0.0361377	0.510363	0.0472768	-0.0159463	0.0244748
0.342685	0.0361179	0.510383	0.0474947	-0.0198816	0.0199772
0.342735	0.036106	0.510407	0.0504786	-0.0118409	0.0239995
0.342786	0.0360855	0.510426	0.0505467	-0.0205827	0.0184237
0.342837	0.0360705	0.510447	0.0507601	-0.0148966	0.0213684
0.342884	0.0360509	0.510464	0.0468887	-0.0195702	0.0165327
0.342932	0.0360312	0.510485	0.0486722	-0.019691	0.0216151
0.342981	0.036015	0.51051	0.0484039	-0.0161993	0.0250151
0.343029	0.0359949	0.510531	0.048616	-0.0201359	0.0205197
0.343081	0.0359828	0.510555	0.0516011	-0.0120907	0.0245404
0.343133	0.035962	0.510574	0.0516642	-0.0208339	0.0189637
0.343184	0.0359468	0.510596	0.0518783	-0.0151437	0.0219079
0.343232	0.035927	0.510613	0.0480021	-0.0198184	0.0170727
0.343282	0.035907	0.510635	0.0497843	-0.0199374	0.0221548
0.343332	0.0358906	0.510661	0.0495151	-0.0164428	0.025556
0.343381	0.0358702	0.510682	0.0497212	-0.0203806	0.0210628
0.343434	0.0358579	0.510707	0.0527076	-0.0123309	0.025082
0.343487	0.0358368	0.510727	0.0527657	-0.0210756	0.0195044
0.34354	0.0358214	0.510749	0.0529804	-0.0153811	0.0224479
0.343589	0.0358013	0.510767	0.0490992	-0.020057	0.0176133
0.34364	0.0357811	0.510789	0.0508802	-0.0201742	0.022695
0.343691	0.0357644	0.510815	0.0506101	-0.0166768	0.0260974
0.343741	0.0357439	0.510837	0.0508101	-0.0206159	0.0216065
0.343795	0.0357313	0.510863	0.0537977	-0.0125616	0.025624
0.343849	0.03571	0.510883	0.0538507	-0.0213077	0.0200455
0.343903	0.0356943	0.510906	0.054066	-0.015609	0.0229883
0.343953	0.035674	0.510924	0.0501799	-0.0202861	0.0181542
0.344005	0.0356536	0.510947	0.0519595	-0.0204014	0.0232356
0.344057	0.0356367	0.510974	0.0516885	-0.0169011	0.0266392
0.344109	0.0356159	0.510996	0.0518823	-0.0208416	0.0221506
0.344164	0.0356031	0.511022	0.054871	-0.0127826	0.0261664
0.344219	0.0355816	0.511043	0.0549189	-0.0215302	0.020587
0.344274	0.0355657	0.511066	0.0551348	-0.0158273	0.0235291
0.344325	0.0355452	0.511085	0.0512436	-0.0205055	0.0186955
0.344378	0.0355246	0.511109	0.0530219	-0.0206189	0.0237765
0.344431	0.0355074	0.511136	0.0527498	-0.0171158	0.0271812
0.344484	0.0354864	0.511158	0.0529373	-0.0210576	0.022695
0.34454	0.0354734	0.511185	0.0559273	-0.0129938	0.0267091
0.344596	0.0354517	0.511206	0.0559699	-0.021743	0.0211286
0.344652	0.0354356	0.51123	0.0561865	-0.0160358	0.02407
0.344704	0.0354149	0.511249	0.05229	-0.0207152	0.0192369
0.344758	0.035394	0.511274	0.054067	-0.0208268	0.0243175
0.344812	0.0353767	0.511302	0.0537939	-0.0173208	0.0277233
0.344866	0.0353555	0.511325	0.0539749	-0.0212639	0.0232395
0.344923	0.0353422	0.511352	0.0569661	-0.0131954	0.0272519
0.34498	0.0353203	0.511374	0.0570033	-0.021946	0.0216704
0.345037	0.035304	0.511398	0.0572205	-0.0162346	0.0246109
0.34509	0.0352831	0.511418	0.0533187	-0.0209151	0.0197783
0.345146	0.0352621	0.511443	0.0550945	-0.0210249	0.0248585
0.3452	0.0352445	0.511471	0.0548202	-0.017516	0.0282654
0.345255	0.0352231	0.511495	0.0549946	-0.0214605	0.023784
0.345313	0.0352097	0.511523	0.0579871	-0.0133871	0.0277946
0.345371	0.0351876	0.511545	0.0580188	-0.0221393	0.022212
0.34543	0.0351711	0.51157	0.0582367	-0.0164235	0.0251517
0.345484	0.03515	0.51159	0.0543295	-0.0211052	0.0203196
0.34554	0.0351288	0.511616	0.0561039	-0.0212132	0.0253993
0.345596	0.035111	0.511645	0.0558285	-0.0177014	0.0288073
0.345652	0.0350894	0.511669	0.0559961	-0.0216473	0.0243284
0.345711	0.0350758	0.511697	0.0589899	-0.013569	0.028337
0.34577	0.0350535	0.51172	0.0590161	-0.0223228	0.0227534
0.345829	0.0350369	0.511746	0.0592346	-0.0166026	0.0256922
0.345884	0.0350156	0.511766	0.055322	-0.0212855	0.0208606
0.345942	0.0349942	0.511792	0.0570949	-0.0213917	0.0259397
0.345998	0.0349763	0.511822	0.0568184	-0.017877	0.0293489
0.346055	0.0349545	0.511847	0.0569792	-0.0218243	0.0248725
0.346115	0.0349407	0.511875	0.0599742	-0.013741	0.0288792
0.346175	0.0349183	0.511899	0.0599948	-0.0224963	0.0232944
0.346236	0.0349014	0.511925	0.060214	-0.0167718	0.0262322
0.346292	0.03488	0.511946	0.0562958	-0.0214559	0.0214012
0.34635	0.0348584	0.511973	0.0580673	-0.0215603	0.0264797
0.346408	0.0348403	0.512003	0.0577895	-0.0180427	0.02989
0.346466	0.0348184	0.512028	0.0579434	-0.0219914	0.025416
0.346527	0.0348045	0.512057	0.0609397	-0.013903	0.0294208
0.346588	0.0347818	0.512081	0.0609546	-0.02266	0.0238348
0.346649	0.0347648	0.512108	0.0611744	-0.0169311	0.0267716
0.346706	0.0347432	0.51213	0.0572506	-0.0216164	0.021941
0.346765	0.0347215	0.512157	0.0590207	-0.021719	0.027019
0.346824	0.0347032	0.512187	0.0587417	-0.0181985	0.0304303
0.346883	0.0346811	0.512213	0.0588884	-0.0221486	0.0259589
0.346945	0.0346671	0.512243	0.061886	-0.0140551	0.0299616
0.347006	0.0346443	0.512268	0.0618951	-0.0228138	0.0243744
0.347069	0.0346271	0.512295	0.0621156	-0.0170805	0.0273102
0.347127	0.0346053	0.512317	0.058186	-0.021767	0.0224801
0.347187	0.0345835	0.512345	0.0599547	-0.0218677	0.0275574
0.347246	0.0345651	0.512376	0.0596744	-0.0183443	0.0309698
0.347306	0.0345428	0.512402	0.0598139	-0.0222958	0.026501
0.347369	0.0345286	0.512433	0.0628128	-0.0141973	0.0305016
0.347432	0.0345057	0.512458	0.0628161	-0.0229576	0.0249131
0.347495	0.0344884	0.512486	0.0630372	-0.0172199	0.0278478
0.347554	0.0344665	0.512509	0.0591019	-0.0219076	0.0230182
0.347615	0.0344445	0.512537	0.060869	-0.0220065	0.0280948
0.347675	0.034426	0.512568	0.0605875	-0.0184802	0.0315083
0.347736	0.0344036	0.512595	0.0607196	-0.0224332	0.027042
0.3478	0.0343892	0.512626	0.0637199	-0.0143295	0.0310405
0.347864	0.0343661	0.512652	0.0637172	-0.0230914	0.0254507
0.347928	0.0343487	0.51268	0.0639389	-0.0173493	0.0283843
0.347988	0.0343267	0.512704	0.0599977	-0.0220382	0.023555
0.348049	0.0343045	0.512732	0.0617634	-0.0221354	0.028631
0.348111	0.0342859	0.512764	0.0614805	-0.0186062	0.0320454
0.348172	0.0342634	0.512792	0.0616052	-0.0225606	0.0275818
0.348237	0.0342489	0.512823	0.0646068	-0.0144516	0.031578
0.348302	0.0342257	0.512849	0.0645981	-0.0232153	0.0259869
0.348367	0.0342082	0.512878	0.0648205	-0.0174687	0.0289193
0.348427	0.034186	0.512902	0.0608734	-0.0221588	0.0240904
0.34849	0.0341638	0.512932	0.0626376	-0.0222543	0.0291656
0.348552	0.034145	0.512964	0.0623533	-0.0187221	0.0325811
0.348615	0.0341224	0.512992	0.0624704	-0.022678	0.02812
0.34868	0.0341078	0.513024	0.0654734	-0.0145637	0.0321141
0.348746	0.0340845	0.513051	0.0654586	-0.0233291	0.0265215
0.348812	0.0340668	0.51308	0.0656816	-0.017578	0.0294527
0.348873	0.0340445	0.513105	0.0617285	-0.0222693	0.0246242
0.348937	0.0340222	0.513135	0.0634912	-0.0223631	0.0296986
0.349	0.0340033	0.513168	0.0632055	-0.0188281	0.0331151
0.349063	0.0339806	0.513196	0.0633149	-0.0227854	0.0286567
0.34913	0.0339659	0.513229	0.0663192	-0.0146659	0.0326484
0.349196	0.0339425	0.513256	0.0662983	-0.0234329	0.0270543
0.349262	0.0339247	0.513286	0.066522	-0.0176774	0.0299843
0.349325	0.0339023	0.513311	0.0625628	-0.0223699	0.0251562
0.349389	0.0338799	0.513341	0.0643239	-0.022462	0.0302297
0.349453	0.0338609	0.513375	0.0640368	-0.018924	0.0336472
0.349518	0.0338381	0.513404	0.0641385	-0.0228828	0.0291914
0.349585	0.0338233	0.513437	0.0671442	-0.0147579	0.0331808
0.349652	0.0337998	0.513465	0.067117	-0.0235268	0.0275852
0.349719	0.033782	0.513495	0.0673414	-0.0177667	0.0305138
0.349783	0.0337595	0.513521	0.063376	-0.0224605	0.025686
0.349848	0.0337369	0.513552	0.0651356	-0.0225508	0.0307587
0.349913	0.0337179	0.513586	0.064847	-0.01901	0.0341771
0.349977	0.033695	0.513616	0.0649407	-0.0229703	0.0297239
0.350045	0.0336801	0.513649	0.0679478	-0.01484	0.0337109
0.350113	0.0336565	0.513677	0.0679144	-0.0236106	0.0281138
0.350181	0.0336386	0.513709	0.0681394	-0.0178461	0.031041
0.350246	0.033616	0.513735	0.0641678	-0.022541	0.0262136
0.350312	0.0335934	0.513766	0.0659258	-0.0226297	0.0312854
0.350377	0.0335743	0.513801	0.0656358	-0.019086	0.0347047
0.350443	0.0335513	0.513831	0.0657215	-0.0230477	0.0302541
0.350512	0.0335363	0.513865	0.06873	-0.014912	0.0342387
0.35058	0.0335127	0.513894	0.0686902	-0.0236844	0.0286399
0.350649	0.0334947	0.513925	0.0689159	-0.0179154	0.0315657
0.350714	0.0334721	0.513952	0.064938	-0.0226116	0.0267386
0.350781	0.0334494	0.513984	0.0666945	-0.0226986	0.0318094
0.350847	0.0334302	0.514019	0.066403	-0.019152	0.0352296
0.350914	0.0334071	0.51405	0.0664805	-0.0231152	0.0307817
0.350983	0.0333921	0.514085	0.0694905	-0.014974	0.0347638
0.351053	0.0333684	0.514114	0.0694443	-0.0237482	0.0291632
0.351122	0.0333503	0.514146	0.0696706	-0.0179747	0.0320877
0.351188	0.0333276	0.514173	0.0656863	-0.0226721	0.0272608
0.351256	0.0333049	0.514205	0.0674413	-0.0227575	0.0323306
0.351323	0.0332856	0.514241	0.0671482	-0.019208	0.0357517
0.35139	0.0332625	0.514272	0.0672176	-0.0231727	0.0313064
0.35146	0.0332475	0.514308	0.0702289	-0.0150261	0.0352859
0.35153	0.0332237	0.514337	0.0701763	-0.023802	0.0296836
0.351601	0.0332056	0.51437	0.0704033	-0.018024	0.0326066
0.351667	0.0331828	0.514398	0.0664125	-0.0227227	0.0277799
0.351735	0.03316	0.514431	0.0681659	-0.0228065	0.0328487
0.351803	0.0331407	0.514467	0.0678713	-0.0192541	0.0362707
0.351871	0.0331176	0.514499	0.0679323	-0.0232203	0.031828
0.351942	0.0331025	0.514534	0.0709451	-0.0150681	0.0358049
0.352013	0.0330786	0.514565	0.070886	-0.0238459	0.0302008
0.352084	0.0330605	0.514598	0.0711137	-0.0180634	0.0331223
0.352151	0.0330377	0.514626	0.0671164	-0.0227633	0.0282958
0.35222	0.0330149	0.514659	0.0688682	-0.0228455	0.0333635
0.352289	0.0329956	0.514696	0.0685721	-0.0192903	0.0367863
0.352357	0.0329723	0.514728	0.0686246	-0.023258	0.0323462
0.352429	0.0329572	0.514765	0.0716389	-0.0151002	0.0363205
0.352501	0.0329333	0.514795	0.0715732	-0.0238799	0.0307144
0.352572	0.0329152	0.514829	0.0718016	-0.0180929	0.0336344
0.35264	0.0328924	0.514858	0.0677978	-0.022794	0.028808
0.35271	0.0328695	0.514892	0.069548	-0.0228746	0.0338746
0.352779	0.0328502	0.514929	0.0692502	-0.0193166	0.0372982
0.352848	0.0328269	0.514962	0.0692942	-0.0232858	0.0328607
0.352921	0.0328118	0.514999	0.07231	-0.0151224	0.0368323
0.352993	0.0327879	0.51503	0.0722376	-0.0239039	0.0312243
0.353065	0.0327697	0.515064	0.0724667	-0.0181124	0.0341426
0.353134	0.0327469	0.515093	0.0684564	-0.0228148	0.0293164
0.353204	0.032724	0.515128	0.070205	-0.0228939	0.0343818
0.353274	0.0327046	0.515165	0.0699056	-0.0193331	0.0378062
0.353344	0.0326813	0.515199	0.069941	-0.0233037	0.0333713
0.353417	0.0326662	0.515236	0.0729582	-0.0151348	0.0373402
0.35349	0.0326423	0.515268	0.0728792	-0.0239181	0.0317302
0.353563	0.0326241	0.515302	0.073109	-0.0181221	0.0346468
0.353632	0.0326012	0.515332	0.069092	-0.0228258	0.0298207
0.353703	0.0325783	0.515367	0.070839	-0.0229033	0.0348849
0.353773	0.0325589	0.515405	0.070538	-0.0193397	0.0383101
0.353844	0.0325357	0.515439	0.0705646	-0.0233118	0.0338777
0.353918	0.0325205	0.515477	0.0735834	-0.0151373	0.0378438
0.353991	0.0324966	0.515509	0.0734977	-0.0239225	0.0322317
0.354065	0.0324784	0.515544	0.0737282	-0.018122	0.0351467
0.354135	0.0324556	0.515575	0.0697044	-0.0228269	0.0303205
0.354206	0.0324327	0.51561	0.0714498	-0.0229029	0.0353835
0.354277	0.0324133	0.515649	0.0711472	-0.0193365	0.0388094
0.354348	0.03239	0.515683	0.071165	-0.0233102	0.0343796
0.354423	0.0323749	0.515722	0.0741853	-0.01513	0.0383429
0.354497	0.032351	0.515754	0.0740928	-0.023917	0.0327285
0.354571	0.0323328	0.51579	0.0743241	-0.0181121	0.0356418
0.354641	0.0323099	0.515821	0.0702935	-0.0228183	0.0308156
0.354713	0.032287	0.515857	0.0720374	-0.0228928	0.0358773
0.354785	0.0322677	0.515896	0.071733	-0.0193236	0.039304
0.354857	0.0322444	0.515931	0.0717419	-0.0232988	0.0348767
0.354932	0.0322293	0.51597	0.0747638	-0.0151129	0.0388371
0.355006	0.0322054	0.516003	0.0746645	-0.0239019	0.0332205
0.355081	0.0321872	0.516039	0.0748965	-0.0180925	0.0361321
0.355152	0.0321644	0.51607	0.0708591	-0.0227999	0.0313058
0.355225	0.0321415	0.516107	0.0726014	-0.022873	0.0363662
0.355297	0.0321222	0.516146	0.0722953	-0.0193011	0.0397935
0.355369	0.032099	0.516182	0.0722952	-0.0232777	0.0353687
0.355445	0.0320838	0.516221	0.0753187	-0.0150862	0.0393262
0.35552	0.03206	0.516255	0.0752126	-0.0238771	0.0337073
0.355595	0.0320419	0.516291	0.0754453	-0.0180633	0.0366171
0.355667	0.0320191	0.516323	0.0714011	-0.0227719	0.0317907
0.35574	0.0319962	0.51636	0.0731417	-0.0228436	0.0368496
0.355813	0.0319769	0.5164	0.072834	-0.0192689	0.0402777
0.355885	0.0319537	0.516436	0.0728248	-0.0232471	0.0358553
0.355961	0.0319386	0.516476	0.0758499	-0.0150499	0.0398099
0.356037	0.0319148	0.51651	0.0757368	-0.0238427	0.0341885
0.356113	0.0318967	0.516547	0.0759703	-0.0180244	0.0370965
0.356185	0.0318739	0.516579	0.0719192	-0.0227343	0.0322699
0.356259	0.0318511	0.516617	0.0736583	-0.0228046	0.0373275
0.356332	0.0318319	0.516657	0.0733488	-0.0192272	0.0407562
0.356405	0.0318087	0.516694	0.0733304	-0.0232069	0.0363362
0.356482	0.0317937	0.516734	0.0763571	-0.015004	0.0402878
0.356558	0.0317699	0.516769	0.0762372	-0.0237987	0.034664
0.356634	0.0317518	0.516806	0.0764714	-0.017976	0.0375701
0.356707	0.0317291	0.516839	0.0724133	-0.0226872	0.0327433
0.356781	0.0317064	0.516877	0.0741509	-0.0227561	0.0377994
0.356855	0.0316872	0.516918	0.0738396	-0.0191761	0.0412288
0.356929	0.031664	0.516955	0.073812	-0.0231572	0.0368111
0.357006	0.0316491	0.516995	0.0768404	-0.0149486	0.0407597
0.357082	0.0316253	0.51703	0.0767135	-0.0237452	0.0351333
0.357159	0.0316074	0.517068	0.0769485	-0.0179181	0.0380376
0.357232	0.0315847	0.517102	0.0728834	-0.0226306	0.0332105
0.357307	0.031562	0.51714	0.0746194	-0.0226981	0.0382651
0.357381	0.0315428	0.517182	0.0743064	-0.0191155	0.0416951
0.357455	0.0315198	0.517219	0.0742695	-0.0230982	0.0372797
0.357533	0.0315049	0.51726	0.0772995	-0.0148838	0.0412252
0.35761	0.0314812	0.517296	0.0771656	-0.0236824	0.0355962
0.357687	0.0314633	0.517334	0.0774014	-0.0178509	0.0384986
0.357761	0.0314407	0.517368	0.0733293	-0.0225646	0.0336711
0.357836	0.0314181	0.517407	0.0750637	-0.0226308	0.0387242
0.35791	0.031399	0.517449	0.074749	-0.0190456	0.0421548
0.357985	0.031376	0.517486	0.0747026	-0.0230297	0.0377417
0.358063	0.0313611	0.517528	0.0777343	-0.0148096	0.0416841
0.35814	0.0313375	0.517564	0.0775935	-0.0236102	0.0360524
0.358218	0.0313197	0.517603	0.0778301	-0.0177743	0.0389528
0.358292	0.0312972	0.517637	0.0737509	-0.0224894	0.034125
0.358368	0.0312746	0.517676	0.0754838	-0.0225543	0.0391765
0.358443	0.0312556	0.517719	0.0751672	-0.0189664	0.0426076
0.358518	0.0312327	0.517757	0.0751114	-0.0229521	0.0381968
0.358596	0.031218	0.517799	0.0781448	-0.0147262	0.042136
0.358674	0.0311944	0.517836	0.077997	-0.0235288	0.0365015
0.358752	0.0311767	0.517875	0.0782344	-0.0176885	0.0394
0.358826	0.0311543	0.51791	0.0741481	-0.0224049	0.0345717
0.358902	0.0311318	0.517949	0.0758794	-0.0224685	0.0396215
0.358978	0.0311129	0.517992	0.0755611	-0.0188781	0.0430532
0.359053	0.03109	0.518031	0.0754958	-0.0228653	0.0386446
0.359132	0.0310754	0.518073	0.0785309	-0.0146337	0.0425806
0.35921	0.0310519	0.51811	0.078376	-0.0234382	0.0369433
0.359289	0.0310343	0.51815	0.0786142	-0.0175936	0.0398397
0.359363	0.0310119	0.518185	0.0745208	-0.0223113	0.0350109
0.35944	0.0309896	0.518225	0.0762506	-0.0223737	0.0400591
0.359516	0.0309708	0.518269	0.0759305	-0.0187807	0.0434913
0.359592	0.030948	0.518308	0.0758555	-0.0227694	0.0390848
0.35967	0.0309335	0.518351	0.0788924	-0.0145321	0.0430176
0.359749	0.0309101	0.518388	0.0787305	-0.0233386	0.0373773
0.359828	0.0308926	0.518428	0.0789695	-0.0174897	0.0402718
0.359903	0.0308703	0.518464	0.0748689	-0.0222086	0.0354423
0.35998	0.0308481	0.518504	0.0765973	-0.0222698	0.0404888
0.360056	0.0308294	0.518548	0.0762753	-0.0186744	0.0439216
0.360132	0.0308067	0.518588	0.0761907	-0.0226646	0.0395171
0.360211	0.0307923	0.518631	0.0792294	-0.0144215	0.0434467
0.36029	0.0307691	0.518669	0.0790604	-0.02323	0.0378033
0.36037	0.0307516	0.51871	0.0793003	-0.0173768	0.0406958
0.360445	0.0307295	0.518745	0.0751925	-0.0220971	0.0358657
0.360522	0.0307073	0.518786	0.0769193	-0.0221571	0.0409104
0.360598	0.0306887	0.518831	0.0765956	-0.0185592	0.0443437
0.360675	0.0306662	0.518871	0.0765013	-0.0225509	0.0399412
0.360755	0.0306519	0.518914	0.0795417	-0.0143021	0.0438675
0.360834	0.0306288	0.518953	0.0793657	-0.0231125	0.038221
0.360914	0.0306115	0.518994	0.0796064	-0.0172551	0.0411114
0.360989	0.0305895	0.51903	0.0754914	-0.0219767	0.0362806
0.361066	0.0305674	0.519071	0.0772168	-0.0220355	0.0413236
0.361143	0.0305489	0.519116	0.0768912	-0.0184352	0.0447573
0.36122	0.0305266	0.519156	0.0767871	-0.0224284	0.0403568
0.3613	0.0305123	0.519201	0.0798294	-0.0141739	0.0442798
0.361379	0.0304894	0.519239	0.0796462	-0.0229863	0.03863
0.361459	0.0304722	0.519281	0.0798878	-0.0171247	0.0415183
0.361535	0.0304503	0.519317	0.0757656	-0.0218476	0.0366868
0.361613	0.0304284	0.519359	0.0774895	-0.0219053	0.0417279
0.36169	0.0304101	0.519404	0.0771622	-0.0183026	0.045162
0.361767	0.0303878	0.519445	0.0770482	-0.0222973	0.0407635
0.361847	0.0303737	0.51949	0.0800923	-0.014037	0.0446831
0.361927	0.0303509	0.519529	0.0799021	-0.0228515	0.0390301
0.362007	0.0303338	0.519571	0.0801446	-0.0169856	0.0419163
0.362083	0.0303121	0.519608	0.0760151	-0.0217099	0.0370839
0.362161	0.0302903	0.51965	0.0777376	-0.0217665	0.0421232
0.362238	0.0302721	0.519695	0.0774084	-0.0181614	0.0455577
0.362316	0.03025	0.519736	0.0772846	-0.0221576	0.041161
0.362396	0.0302361	0.519781	0.0803305	-0.0138917	0.0450772
0.362476	0.0302134	0.519821	0.0801332	-0.0227081	0.0394208
0.362556	0.0301965	0.519863	0.0803766	-0.0168381	0.0423049
0.362633	0.0301749	0.519901	0.0762398	-0.0215637	0.0374716
0.362711	0.0301533	0.519943	0.0779609	-0.0216193	0.042509
0.362788	0.0301352	0.519989	0.0776299	-0.0180119	0.0459439
0.362866	0.0301132	0.520031	0.0774962	-0.0220095	0.0415489
0.362946	0.0300995	0.520076	0.080544	-0.0137379	0.0454618
0.363027	0.0300769	0.520116	0.0803396	-0.0225564	0.0398019
0.363107	0.0300602	0.520158	0.0805839	-0.0166822	0.0426838
0.363184	0.0300387	0.520196	0.0764399	-0.0214091	0.0378496
0.363262	0.0300173	0.520239	0.0781595	-0.0214637	0.0428851
0.36334	0.0299994	0.520285	0.0778268	-0.017854	0.0463203
0.363417	0.0299776	0.520327	0.077683	-0.0218532	0.0419271
0.363498	0.0299639	0.520373	0.0807328	-0.0135758	0.0458365
0.363579	0.0299416	0.520413	0.0805213	-0.0223964	0.040173
0.363659	0.029925	0.520456	0.0807665	-0.016518	0.0430528
0.363736	0.0299037	0.520495	0.0766152	-0.0212464	0.0382175
0.363814	0.0298824	0.520538	0.0783335	-0.0213	0.043251
0.363892	0.0298647	0.520584	0.0779989	-0.017688	0.0466866
0.36397	0.029843	0.520627	0.0778451	-0.0216886	0.0422951
0.364051	0.0298296	0.520673	0.0808968	-0.0134056	0.046201
0.364132	0.0298074	0.520713	0.0806783	-0.0222282	0.0405339
0.364213	0.0297909	0.520757	0.0809244	-0.0163458	0.0434115
0.36429	0.0297698	0.520795	0.0767658	-0.0210755	0.0385751
0.364368	0.0297487	0.520839	0.0784828	-0.0211281	0.0436066
0.364446	0.0297311	0.520886	0.0781463	-0.017514	0.0470425
0.364524	0.0297097	0.520929	0.0779825	-0.0215161	0.0426525
0.364605	0.0296964	0.520975	0.0810362	-0.0132274	0.046555
0.364686	0.0296744	0.521016	0.0808106	-0.022052	0.0408842
0.364767	0.0296581	0.52106	0.0810577	-0.0161655	0.0437596
0.364844	0.0296372	0.521099	0.0768917	-0.0208966	0.038922
0.364923	0.0296163	0.521143	0.0786074	-0.0209484	0.0439515
0.365001	0.0295989	0.52119	0.0782692	-0.017332	0.0473877
0.365079	0.0295776	0.521233	0.0780953	-0.0213356	0.0429992
0.36516	0.0295645	0.52128	0.0811509	-0.0130413	0.0468981
0.365241	0.0295427	0.521321	0.0809182	-0.021868	0.0412235
0.365322	0.0295266	0.521365	0.0811663	-0.0159775	0.0440967
0.365399	0.0295059	0.521404	0.076993	-0.0207099	0.0392579
0.365478	0.0294851	0.521449	0.0787074	-0.0207608	0.0442853
0.365556	0.0294679	0.521496	0.0783674	-0.0171423	0.0477218
0.365635	0.0294468	0.52154	0.0781834	-0.0211474	0.0433348
0.365716	0.0294339	0.521587	0.0812411	-0.0128474	0.0472301
0.365797	0.0294123	0.521628	0.0810013	-0.0216762	0.0415516
0.365878	0.0293964	0.521673	0.0812504	-0.0157817	0.0444226
0.365955	0.0293759	0.521712	0.0770698	-0.0205156	0.0395825
0.366034	0.0293553	0.521757	0.0787829	-0.0205656	0.0446078
0.366113	0.0293383	0.521805	0.0784411	-0.016945	0.0480446
0.366191	0.0293174	0.521849	0.0782469	-0.0209515	0.0436589
0.366272	0.0293047	0.521896	0.0813067	-0.012646	0.0475507
0.366353	0.0292832	0.521938	0.0810599	-0.0214768	0.0418682
0.366435	0.0292676	0.521983	0.0813099	-0.0155783	0.044737
0.366512	0.0292473	0.522023	0.077122	-0.0203137	0.0398954
0.366591	0.0292269	0.522068	0.0788339	-0.0203628	0.0449187
0.366669	0.0292101	0.522116	0.0784903	-0.0167402	0.0483557
0.366747	0.0291894	0.52216	0.078286	-0.0207482	0.0439713
0.366829	0.0291769	0.522208	0.0813478	-0.0124371	0.0478595
0.36691	0.0291557	0.52225	0.081094	-0.02127	0.0421729
0.366991	0.0291402	0.522295	0.0813451	-0.0153676	0.0450394
0.367068	0.0291201	0.522335	0.0771499	-0.0201044	0.0401965
0.367147	0.0290999	0.52238	0.0788606	-0.0201528	0.0452175
0.367226	0.0290834	0.522429	0.0785152	-0.0165281	0.0486548
0.367304	0.0290629	0.522473	0.0783007	-0.0205376	0.0442716
0.367385	0.0290506	0.522521	0.0813646	-0.012221	0.0481562
0.367466	0.0290296	0.522564	0.0811038	-0.0210559	0.0424655
0.367548	0.0290143	0.522609	0.0813559	-0.0151496	0.0453298
0.367625	0.0289944	0.522649	0.0771534	-0.0198878	0.0404852
0.367704	0.0289745	0.522695	0.0788629	-0.0199355	0.0455041
0.367782	0.0289581	0.522744	0.0785158	-0.0163089	0.0489416
0.367861	0.0289379	0.522788	0.0782911	-0.0203198	0.0445595
0.367942	0.0289258	0.522837	0.0813571	-0.0119977	0.0484405
0.368023	0.028905	0.52288	0.0810894	-0.0208347	0.0427455
0.368105	0.02889	0.522925	0.0813425	-0.0149246	0.0456076
0.368182	0.0288703	0.522966	0.0771327	-0.0196642	0.0407615
0.368261	0.0288506	0.523012	0.0788411	-0.0197111	0.0457782
0.368339	0.0288345	0.523061	0.0784921	-0.0160826	0.0492158
0.368417	0.0288144	0.523106	0.0782572	-0.020095	0.0448348
0.368499	0.0288026	0.523154	0.0813254	-0.0117674	0.0487121
0.36858	0.028782	0.523197	0.0810508	-0.0206065	0.0430129
0.368661	0.0287673	0.523243	0.081305	-0.0146926	0.0458727
0.368738	0.0287478	0.523284	0.0770878	-0.0194337	0.0410249
0.368817	0.0287283	0.52333	0.0787951	-0.0194799	0.0460394
0.368895	0.0287124	0.52338	0.0784445	-0.0158495	0.0494772
0.368974	0.0286926	0.523425	0.0781993	-0.0198634	0.0450971
0.369055	0.028681	0.523474	0.0812696	-0.0115303	0.0489708
0.369136	0.0286607	0.523517	0.0809881	-0.0203715	0.0432671
0.369217	0.0286461	0.523563	0.0812434	-0.0144538	0.0461247
0.369294	0.0286269	0.523604	0.077019	-0.0191964	0.0412752
0.369373	0.0286077	0.523651	0.0787252	-0.019242	0.0462874
0.369451	0.028592	0.5237	0.0783728	-0.0156098	0.0497253
0.369529	0.0285724	0.523746	0.0781175	-0.0196251	0.0453462
0.369611	0.0285611	0.523795	0.08119	-0.0112866	0.0492162
0.369692	0.028541	0.523838	0.0809016	-0.0201299	0.043508
0.369773	0.0285267	0.523885	0.081158	-0.0142085	0.0463634
0.36985	0.0285077	0.523926	0.0769263	-0.0189525	0.041512
0.369928	0.0284887	0.523973	0.0786315	-0.0189975	0.046522
0.370007	0.0284733	0.524023	0.0782774	-0.0153635	0.0499601
0.370085	0.028454	0.524068	0.0780118	-0.0193803	0.0455817
0.370166	0.0284429	0.524118	0.0810865	-0.0110363	0.0494481
0.370247	0.028423	0.524161	0.0807913	-0.0198818	0.0437353
0.370328	0.028409	0.524208	0.0810488	-0.0139567	0.0465884
0.370404	0.0283903	0.52425	0.0768099	-0.0187022	0.0417352
0.370483	0.0283715	0.524296	0.0785141	-0.0187466	0.0467428
0.370561	0.0283564	0.524347	0.0781583	-0.0151109	0.0501811
0.370639	0.0283373	0.524392	0.0778825	-0.0191291	0.0458034
0.37072	0.0283264	0.524442	0.0809595	-0.0107798	0.0496661
0.370801	0.0283068	0.524486	0.0806574	-0.0196274	0.0439487
0.370882	0.0282931	0.524533	0.0809161	-0.0136986	0.0467996
0.370958	0.0282746	0.524575	0.07667	-0.0184457	0.0419444
0.371037	0.0282561	0.524622	0.0783732	-0.0184895	0.0469497
0.371115	0.0282412	0.524672	0.0780157	-0.0148521	0.050388
0.371192	0.0282224	0.524718	0.0777296	-0.0188718	0.046011
0.371273	0.0282118	0.524768	0.0808089	-0.0105172	0.04987
0.371354	0.0281925	0.524812	0.0805001	-0.0193668	0.0441479
0.371435	0.028179	0.524859	0.08076	-0.0134344	0.0469965
0.371511	0.0281607	0.524901	0.0765066	-0.0181831	0.0421393
0.371589	0.0281425	0.524948	0.0782089	-0.0182264	0.0471423
0.371667	0.0281279	0.524999	0.0778498	-0.0145873	0.0505807
0.371745	0.0281093	0.525045	0.0775535	-0.0186084	0.0462043
0.371825	0.028099	0.525095	0.080635	-0.0102485	0.0500596
0.371906	0.0280799	0.525139	0.0803195	-0.0191004	0.0443327
0.371986	0.0280667	0.525186	0.0805806	-0.0131644	0.0471791
0.372063	0.0280488	0.525229	0.0763201	-0.0179146	0.0423198
0.372141	0.0280308	0.525276	0.0780215	-0.0179574	0.0473204
0.372218	0.0280164	0.525327	0.0776607	-0.0143167	0.0507589
0.372296	0.0279981	0.525373	0.0773542	-0.0183393	0.0463829
0.372376	0.0279881	0.525423	0.080438	-0.00997413	0.0502346
0.372456	0.0279693	0.525468	0.0801159	-0.0188281	0.0445028
0.372537	0.0279563	0.525515	0.0803781	-0.0128886	0.0473469
0.372613	0.0279387	0.525558	0.0761105	-0.0176403	0.0424854
0.372691	0.027921	0.525605	0.0778111	-0.0176827	0.0474836
0.372768	0.0279069	0.525656	0.0774486	-0.0140404	0.0509223
0.372845	0.0278889	0.525702	0.0771319	-0.0180645	0.0465466
0.372925	0.0278791	0.525753	0.0802181	-0.00969413	0.0503946
0.373005	0.0278606	0.525797	0.0798893	-0.0185502	0.0446579
0.373086	0.0278479	0.525845	0.0801528	-0.0126072	0.0474998
0.373161	0.0278305	0.525888	0.075878	-0.0173605	0.0426361
0.373239	0.0278131	0.525935	0.0775778	-0.0174025	0.0476319
0.373316	0.0277993	0.525986	0.0772137	-0.0137587	0.0510706
0.373393	0.0277816	0.526033	0.0768869	-0.0177843	0.0466953
0.373473	0.0277721	0.526083	0.0799754	-0.0094087	0.0505396
0.373553	0.0277539	0.526128	0.0796401	-0.018267	0.0447978
0.373633	0.0277415	0.526176	0.0799048	-0.0123205	0.0476375
0.373708	0.0277244	0.526219	0.075623	-0.0170754	0.0427715
0.373786	0.0277073	0.526266	0.077322	-0.017117	0.0477649
0.373863	0.0276938	0.526318	0.0769563	-0.0134718	0.0512037
0.373939	0.0276763	0.526364	0.0766193	-0.0174987	0.0468286
0.374019	0.0276671	0.526415	0.0797102	-0.00911804	0.0506692
0.374098	0.0276492	0.52646	0.0793684	-0.0179785	0.0449223
0.374178	0.0276371	0.526508	0.0796344	-0.0120286	0.0477599
0.374253	0.0276203	0.526551	0.0753455	-0.0167851	0.0428915
0.37433	0.0276034	0.526598	0.0770437	-0.0168263	0.0478824
0.374407	0.0275902	0.52665	0.0766765	-0.0131797	0.0513212
0.374483	0.027573	0.526697	0.0763293	-0.0172081	0.0469463
0.374563	0.0275642	0.526747	0.0794227	-0.00882233	0.0507832
0.374642	0.0275465	0.526792	0.0790744	-0.0176849	0.0450311
0.374721	0.0275347	0.52684	0.0793417	-0.0117317	0.0478665
0.374796	0.0275182	0.526883	0.0750458	-0.0164898	0.0429957
0.374873	0.0275016	0.526931	0.0767434	-0.0165307	0.0479842
0.37495	0.0274887	0.526983	0.0763745	-0.0128827	0.0514231
0.375026	0.0274718	0.52703	0.0760173	-0.0169126	0.0470482
0.375105	0.0274633	0.527081	0.0791131	-0.00852176	0.0508814
0.375183	0.0274459	0.527126	0.0787584	-0.0173865	0.0451241
0.375262	0.0274344	0.527174	0.079027	-0.01143	0.0479573
0.375337	0.0274182	0.527217	0.0747241	-0.0161898	0.043084
0.375414	0.027402	0.527265	0.0764211	-0.0162304	0.0480701
0.37549	0.0273893	0.527316	0.0760507	-0.012581	0.051509
0.375565	0.0273728	0.527363	0.0756834	-0.0166123	0.047134
0.375644	0.0273645	0.527414	0.0787817	-0.0082165	0.0509636
0.375723	0.0273474	0.527459	0.0784206	-0.0170834	0.045201
0.375801	0.0273362	0.527507	0.0786905	-0.0111237	0.0480321
0.375876	0.0273203	0.527551	0.0743807	-0.0158851	0.0431562
0.375952	0.0273044	0.527599	0.0760771	-0.0159254	0.0481398
0.376028	0.0272921	0.52765	0.0757052	-0.0122748	0.0515787
0.376103	0.0272758	0.527697	0.0753279	-0.0163075	0.0472036
0.376181	0.0272679	0.527748	0.0784286	-0.00790676	0.0510296
0.376259	0.0272511	0.527794	0.0780613	-0.0167759	0.0452616
0.376338	0.0272402	0.527842	0.0783325	-0.0108129	0.0480905
0.376412	0.0272246	0.527885	0.0740159	-0.015576	0.043212
0.376488	0.027209	0.527933	0.0757116	-0.0156161	0.0481932
0.376563	0.027197	0.527985	0.0753383	-0.0119642	0.0516322
0.376638	0.027181	0.528032	0.074951	-0.0159984	0.0472569
0.376716	0.0271734	0.528083	0.0780542	-0.00759271	0.0510791
0.376794	0.0271569	0.528128	0.0776807	-0.016464	0.0453057
0.376872	0.0271464	0.528176	0.0779533	-0.0104978	0.0481326
0.376945	0.0271311	0.52822	0.0736298	-0.0152626	0.0432513
0.377021	0.0271158	0.528268	0.075325	-0.0153025	0.0482301
0.377096	0.0271041	0.52832	0.0749502	-0.0116494	0.0516691
0.37717	0.0270884	0.528367	0.074553	-0.0156851	0.0472935
0.377248	0.0270811	0.528418	0.0776587	-0.00727456	0.0511121
0.377325	0.027065	0.528463	0.077279	-0.016148	0.0453331
0.377403	0.0270547	0.528511	0.077553	-0.0101787	0.048158
0.377476	0.0270398	0.528555	0.0732227	-0.0149452	0.043274
0.377551	0.0270248	0.528603	0.0749174	-0.0149849	0.0482502
0.377625	0.0270134	0.528655	0.0745412	-0.0113307	0.0516893
0.377699	0.0269981	0.528702	0.0741341	-0.0153678	0.0473133
0.377777	0.0269911	0.528753	0.0772423	-0.00695248	0.0511283
0.377854	0.0269753	0.528798	0.0768566	-0.0158282	0.0453438
0.377931	0.0269653	0.528846	0.077132	-0.00985575	0.0481665
0.378004	0.0269507	0.52889	0.0727949	-0.014624	0.0432797
0.378078	0.026936	0.528938	0.0744892	-0.0146635	0.0482535
0.378152	0.026925	0.52899	0.0741116	-0.0110082	0.0516926
0.378226	0.02691	0.529037	0.0736947	-0.0150468	0.0473162
0.378303	0.0269033	0.529088	0.0768055	-0.00662667	0.0511275
0.378379	0.0268878	0.529133	0.0764137	-0.0155046	0.0453374
0.378456	0.0268782	0.529182	0.0766904	-0.00952909	0.0481582
0.378528	0.0268639	0.529225	0.0723467	-0.014299	0.0432685
0.378602	0.0268495	0.529273	0.0740406	-0.0143385	0.0482398
0.378676	0.0268388	0.529325	0.0736616	-0.0106821	0.0516789
0.378749	0.0268241	0.529372	0.0732349	-0.0147221	0.0473019
0.378826	0.0268178	0.529423	0.0763483	-0.00629732	0.0511097
0.378901	0.0268026	0.529468	0.0759506	-0.0151774	0.0453139
0.378978	0.0267934	0.529516	0.0762288	-0.00919894	0.0481327
0.37905	0.0267794	0.52956	0.0718784	-0.0139707	0.0432401
0.379123	0.0267654	0.529608	0.0735719	-0.01401	0.048209
0.379196	0.026755	0.52966	0.0731916	-0.0103526	0.0516481
0.379269	0.0267406	0.529707	0.0727552	-0.0143941	0.0472705
0.379345	0.0267346	0.529758	0.0758711	-0.00596461	0.0510747
0.379421	0.0267198	0.529803	0.0754676	-0.0148469	0.0452731
0.379496	0.0267108	0.529851	0.0757471	-0.00886548	0.04809
0.379568	0.0266972	0.529894	0.0713902	-0.013639	0.0431943
0.379641	0.0266835	0.529943	0.0730834	-0.0136783	0.0481608
0.379714	0.0266734	0.529994	0.0727018	-0.0100199	0.0516
0.379786	0.0266594	0.530041	0.0722557	-0.0140628	0.0472216
0.379861	0.0266537	0.530092	0.0753742	-0.00562874	0.0510223
0.379936	0.0266392	0.530138	0.0749649	-0.0145133	0.0452149
0.380011	0.0266306	0.530186	0.0752459	-0.00852891	0.0480298
0.380082	0.0266173	0.530229	0.0708825	-0.0133042	0.0431312
0.380155	0.026604	0.530277	0.0725754	-0.0133435	0.0480952
0.380227	0.0265942	0.530328	0.0721925	-0.00968417	0.0515344
0.380299	0.0265805	0.530375	0.0717368	-0.0137285	0.0471552
0.380374	0.0265752	0.530426	0.074858	-0.0052899	0.0509524
0.380448	0.0265611	0.530471	0.074443	-0.0141767	0.0451392
0.380523	0.0265528	0.530519	0.0747254	-0.0081894	0.0479522
0.380593	0.0265398	0.530562	0.0703555	-0.0129665	0.0430505
0.380665	0.0265268	0.53061	0.0720482	-0.0130058	0.048012
0.380737	0.0265174	0.530662	0.071664	-0.00934558	0.0514513
0.380808	0.0265041	0.530709	0.0711988	-0.0133914	0.0470713
0.380883	0.0264991	0.53076	0.0743226	-0.00494826	0.0508649
0.380956	0.0264852	0.530805	0.073902	-0.0138373	0.0450459
0.381031	0.0264773	0.530853	0.0741859	-0.00784716	0.047857
0.3811	0.0264647	0.530896	0.0698096	-0.0126261	0.0429522
0.381172	0.026452	0.530943	0.0715021	-0.0126654	0.0479113
0.381243	0.026443	0.530995	0.0711166	-0.00900433	0.0513506
0.381314	0.0264299	0.531042	0.070642	-0.0130516	0.0469696
0.381388	0.0264253	0.531093	0.0737684	-0.00460401	0.0507598
0.381461	0.0264118	0.531137	0.0733423	-0.0134953	0.0449348
0.381535	0.0264043	0.531185	0.0736277	-0.00750236	0.0477442
0.381604	0.0263919	0.531228	0.0692451	-0.0122832	0.0428361
0.381675	0.0263796	0.531276	0.0709374	-0.0123224	0.0477927
0.381745	0.0263709	0.531327	0.0705507	-0.00866061	0.0512322
0.381815	0.0263582	0.531374	0.0700667	-0.0127093	0.0468501
0.381889	0.026354	0.531424	0.0731958	-0.00425735	0.0506368
0.381961	0.0263408	0.531469	0.0727642	-0.0131509	0.0448059
0.382034	0.0263336	0.531517	0.073051	-0.00715519	0.0476135
0.382103	0.0263216	0.53156	0.0686622	-0.0119379	0.0427022
0.382173	0.0263096	0.531607	0.0703544	-0.0119772	0.0476564
0.382243	0.0263013	0.531658	0.0699666	-0.00831459	0.0510959
0.382313	0.026289	0.531705	0.0694733	-0.0123648	0.0467128
0.382386	0.026285	0.531755	0.072605	-0.00390846	0.0504961
0.382458	0.0262722	0.5318	0.072168	-0.0128042	0.0446591
0.38253	0.0262654	0.531848	0.0724564	-0.00680582	0.047465
0.382598	0.0262537	0.53189	0.0680613	-0.0115904	0.0425504
0.382668	0.0262421	0.531938	0.0697534	-0.0116298	0.0475022
0.382737	0.0262341	0.531989	0.0693645	-0.00796646	0.0509418
0.382806	0.0262221	0.532035	0.068862	-0.0120181	0.0465575
0.382878	0.0262185	0.532085	0.0719963	-0.00355751	0.0503374
0.38295	0.0262061	0.53213	0.071554	-0.0124556	0.0444944
0.383022	0.0261996	0.532177	0.0718439	-0.00645445	0.0472986
0.383089	0.0261883	0.53222	0.0674428	-0.0112409	0.0423806
0.383158	0.026177	0.532267	0.0691348	-0.0112804	0.0473301
0.383227	0.0261694	0.532318	0.0687448	-0.0076164	0.0507698
0.383295	0.0261577	0.532364	0.0682331	-0.0116695	0.0463842
0.383367	0.0261545	0.532414	0.0713702	-0.00320468	0.0501607
0.383438	0.0261424	0.532458	0.0709227	-0.012105	0.0443117
0.383509	0.0261362	0.532506	0.0712141	-0.00610124	0.0471142
0.383576	0.0261253	0.532548	0.0668069	-0.0108897	0.0421929
0.383644	0.0261144	0.532595	0.068499	-0.0109292	0.04714
0.383712	0.0261071	0.532645	0.0681078	-0.00726457	0.0505798
0.38378	0.0260958	0.532692	0.0675871	-0.0113192	0.0461929
0.383851	0.0260929	0.532742	0.0707268	-0.00285015	0.0499661
0.383921	0.0260812	0.532786	0.0702742	-0.0117528	0.0441109
0.383992	0.0260754	0.532833	0.0705672	-0.00574638	0.0469118
0.384058	0.0260648	0.532874	0.066154	-0.0105368	0.0419871
0.384126	0.0260542	0.532921	0.0678461	-0.0105765	0.0469319
0.384193	0.0260473	0.532972	0.0674539	-0.00691117	0.0503718
0.38426	0.0260363	0.533018	0.0669242	-0.0109672	0.0459835
0.38433	0.0260338	0.533067	0.0700667	-0.00249409	0.0497534
0.3844	0.0260224	0.533111	0.069609	-0.011399	0.0438921
0.38447	0.026017	0.533158	0.0699035	-0.00539003	0.0466915
0.384535	0.0260068	0.5332	0.0654844	-0.0101824	0.0417633
0.384602	0.0259965	0.533246	0.0671766	-0.0102222	0.0467057
0.384669	0.0259899	0.533297	0.0667834	-0.00655636	0.0501458
0.384735	0.0259794	0.533342	0.0662448	-0.0106139	0.045756
0.384805	0.0259772	0.533392	0.0693899	-0.00213669	0.0495227
0.384874	0.0259662	0.533436	0.0689274	-0.0110439	0.0436553
0.384943	0.0259611	0.533482	0.0692234	-0.00503237	0.0464531
0.385008	0.0259512	0.533523	0.0647985	-0.00982672	0.0415214
0.385074	0.0259414	0.53357	0.0664907	-0.00986672	0.0464616
0.38514	0.0259351	0.53362	0.0660965	-0.00620031	0.0499018
0.385206	0.0259249	0.533665	0.0655493	-0.0102593	0.0455105
0.385275	0.0259231	0.533715	0.0686971	-0.0017781	0.049274
0.385343	0.0259124	0.533758	0.0682297	-0.0106876	0.0434003
0.385411	0.0259077	0.533804	0.0685272	-0.00467358	0.0461967
0.385475	0.0258982	0.533845	0.0640966	-0.00946993	0.0412615
0.385541	0.0258887	0.533892	0.0657889	-0.0095101	0.0461993
0.385607	0.0258828	0.533941	0.0653938	-0.00584318	0.0496398
0.385672	0.0258729	0.533986	0.0648379	-0.00990368	0.0452469
0.38574	0.0258715	0.534035	0.0679883	-0.00141849	0.0490072
0.385807	0.0258612	0.534079	0.0675162	-0.0103302	0.0431273
0.385875	0.0258568	0.534124	0.0678153	-0.0043138	0.0459223
0.385938	0.0258476	0.534165	0.063379	-0.00911218	0.0409835
0.386003	0.0258385	0.534211	0.0650715	-0.00915253	0.0459191
0.386068	0.025833	0.534261	0.0646754	-0.00548513	0.0493598
0.386132	0.0258235	0.534306	0.0641109	-0.00954712	0.0449652
0.386199	0.0258224	0.534354	0.0672641	-0.00105804	0.0487224
0.386266	0.0258124	0.534397	0.0667873	-0.00997209	0.0428363
0.386333	0.0258084	0.534443	0.067088	-0.0039532	0.0456299
0.386396	0.0257996	0.534483	0.0626461	-0.00875363	0.0406876
0.38646	0.0257908	0.534529	0.0643388	-0.00879418	0.0456209
0.386524	0.0257856	0.534578	0.0639418	-0.00512633	0.0490618
0.386588	0.0257765	0.534623	0.0633689	-0.00918981	0.0446655
0.386654	0.0257758	0.534671	0.0665247	-0.000696886	0.0484196
0.38672	0.0257662	0.534714	0.0660434	-0.00961325	0.0425273
0.386787	0.0257625	0.534759	0.0663456	-0.00359196	0.0453196
0.386849	0.0257541	0.534799	0.0618982	-0.00839444	0.0403736
0.386912	0.0257457	0.534845	0.0635912	-0.0084352	0.0453048
0.386975	0.0257409	0.534893	0.0631933	-0.00476694	0.0487459
0.387038	0.0257321	0.534938	0.062612	-0.0088319	0.0443478
0.387104	0.0257317	0.534986	0.0657705	-0.000335197	0.0480989
0.387169	0.0257225	0.535028	0.0652847	-0.00925387	0.0422003
0.387235	0.0257192	0.535073	0.0655885	-0.00323021	0.0449914
0.387296	0.0257111	0.535113	0.0611357	-0.00803477	0.0400418
0.387359	0.025703	0.535158	0.0628289	-0.00807575	0.0449707
0.387421	0.0256986	0.535206	0.0624302	-0.0044071	0.0484121
0.387483	0.0256902	0.53525	0.0618407	-0.00847356	0.0440122
0.387548	0.0256902	0.535298	0.0650019	2.68771e-05	0.0477603
0.387612	0.0256813	0.53534	0.0645116	-0.00889411	0.0418555
0.387677	0.0256783	0.535385	0.0648171	-0.0028681	0.0446454
0.387738	0.0256706	0.535424	0.0603588	-0.00767477	0.0396921
0.3878	0.0256629	0.535469	0.0620524	-0.00771598	0.0446189
0.387861	0.0256588	0.535517	0.0616529	-0.00404697	0.0480606
0.387922	0.0256508	0.535561	0.0610552	-0.00811492	0.0436588
0.387987	0.0256511	0.535608	0.0642191	0.000389187	0.0474039
0.38805	0.0256426	0.53565	0.0637246	-0.00853412	0.0414929
0.388114	0.02564	0.535694	0.0640316	-0.00250579	0.0442816
0.388174	0.0256327	0.535733	0.0595681	-0.00731458	0.0393246
0.388235	0.0256253	0.535777	0.0612619	-0.00735603	0.0442493
0.388296	0.0256216	0.535825	0.0608616	-0.00368669	0.0476913
0.388356	0.0256139	0.535868	0.060256	-0.00775613	0.0432875
0.38842	0.0256146	0.535915	0.0634225	0.000751587	0.0470298
0.388483	0.0256065	0.535956	0.0629238	-0.00817405	0.0411125
0.388546	0.0256043	0.536	0.0632324	-0.00214343	0.0439001
0.388605	0.0255973	0.536039	0.0587637	-0.00695436	0.0389395
0.388665	0.0255903	0.536083	0.0604579	-0.00699604	0.0438621
0.388725	0.0255869	0.53613	0.0600569	-0.0033264	0.0473044
0.388785	0.0255796	0.536173	0.0594433	-0.00739734	0.0428986
0.388847	0.0255807	0.53622	0.0626125	0.00111394	0.046638
0.38891	0.0255729	0.536261	0.0621097	-0.00781402	0.0407145
0.388972	0.025571	0.536304	0.0624199	-0.00178114	0.0435011
0.38903	0.0255644	0.536343	0.0579461	-0.00659424	0.0385367
0.38909	0.0255578	0.536386	0.0596407	-0.00663616	0.0434573
0.389149	0.0255548	0.536433	0.0592389	-0.00296623	0.0469
0.389207	0.0255478	0.536475	0.0586176	-0.00703868	0.0424922
0.389269	0.0255492	0.536522	0.0617894	0.0014761	0.0462287