Xl_x	Xl_y	Xl_z	Vl_x	Vl_y	Vl_z
0.527245	0.03467	0.269476	0.000203655	0.00166663	0.000969006
0.554856	-0.0600067	0.0630667	-0.000645386	0.000103453	-0.000983529
0.554861	-0.0600067	0.0630731	0.00118791	-0.000238027	0.00163418
0.554859	-0.0600098	0.0630702	0.000289515	-0.00128705	0.000178524
0.554858	-0.0600049	0.0630703	-0.000435415	0.00069378	-0.000284093
0.554857	-0.0600096	0.0630688	-0.000597875	-0.000666008	-0.000482363
0.554857	-0.0600057	0.0630679	-0.00034318	0.000581939	-0.000436834
0.554859	-0.0600064	0.0630723	0.000542499	7.44227e-05	0.00123527
0.554858	-0.0600078	0.0630715	0.000174691	-3.18292e-05	0.000457273
0.554857	-0.0600072	0.063068	-0.000392869	-0.00010787	-0.000769282
0.554859	-0.0600094	0.0630708	0.000367238	-0.000500694	0.000325985
0.554858	-0.0600056	0.0630687	2.53063e-05	0.0006464	-0.00041089
0.554858	-0.0600068	0.0630684	-0.000458212	-0.000132571	-0.000528682
0.554859	-0.0600066	0.063071	0.000470456	-1.00541e-05	0.000629285
0.554856	-0.0600109	0.0630684	-0.000526762	-0.000635322	-0.000484668
0.554859	-0.0600058	0.0630709	0.000544909	0.000719997	0.00058108
0.554854	-0.0600105	0.0630652	-0.00128637	-0.000843032	-0.00155865
0.554858	-0.0600068	0.0630689	0.000400171	0.000752057	0.000150185
0.554857	-0.0600085	0.0630704	-0.000104576	-3.32861e-05	0.000600485
0.554855	-0.0600063	0.0630657	-0.000744761	0.000309144	-0.00106126
0.554858	-0.0600053	0.063069	0.000672482	0.000380113	0.000423796
0.554858	-0.0600064	0.0630696	0.000185337	0.000271517	0.000375384
0.554858	-0.060007	0.0630687	0.00043036	-0.000252975	0.000381202
0.55486	-0.0600017	0.0630696	-0.000854124	0.00106006	-0.00291419
0.554857	-0.060005	0.0630672	-0.00155456	-6.13346e-05	-0.00320087
0.554857	-0.0600072	0.0630696	-0.0011247	-0.00107785	-0.0014895
0.554857	-0.0600065	0.0630706	-0.000912352	-0.000187839	-0.000894319
0.554859	-0.0600066	0.06307	-0.000371169	-0.000125781	-0.0013015
0.55486	-0.0600071	0.0630705	0.00015136	-0.000595326	-0.000483578
0.554855	-0.0600074	0.0630661	-0.00145415	-0.000624173	-0.00172695
0.554859	-0.0600063	0.0630706	-5.4873e-05	-0.00316265	0.000234891
0.554858	-0.0600069	0.0630708	-0.000343254	-0.00288855	0.00025454
0.554857	-0.0600067	0.0630673	-0.00155618	-0.00193982	-0.00176591
0.554856	-0.0600026	0.0630682	-0.00141318	-0.000414345	-0.000883587
0.554858	-0.0600006	0.0630685	-0.000831129	9.54846e-05	-0.000906661
0.554857	-0.0600084	0.0630685	-0.000783345	-0.0026597	-0.000405302
0.554859	-0.0600062	0.0630708	0.00023826	-0.000688661	0.000458393
0.554857	-0.0600084	0.06307	-0.000386288	-0.0011137	9.02455e-06
0.554856	-0.0600062	0.0630654	-0.000894421	-0.000433089	-0.00143223
0.554858	-0.0600053	0.0630711	0.000292347	-9.14047e-05	0.000936561
0.554857	-0.0600023	0.063068	-0.000252706	0.000842519	-0.000481472
0.554854	-0.0600071	0.0630664	-0.00112006	-0.0010954	-0.000792085
0.554856	-0.0600102	0.0630682	-9.02534e-05	-0.00171355	0.00045205
0.554853	-0.0600061	0.0630627	-0.000971918	0.000176452	-0.00177169
0.554857	-0.0600051	0.0630691	0.000659985	0.000417777	0.000849333
0.554855	-0.0600073	0.0630658	-0.000500142	-0.000436067	-0.000565931
0.554855	-0.0600102	0.0630665	-0.00041672	-0.00131917	-0.000358389
0.554858	-0.060005	0.0630695	0.000771665	0.000865757	0.000889799
0.554856	-0.0600076	0.0630666	-0.00245077	-0.000406398	-0.00189363
0.554859	-0.0600063	0.0630704	-0.000806416	0.000424924	-0.000193625
0.554857	-0.0600054	0.0630689	-0.00148893	0.000666216	-0.000740502
0.554856	-0.0600077	0.0630672	-0.00118993	-0.000711152	-0.0010548
0.554858	-0.0600054	0.06307	-0.000325319	0.000137225	0.000229366
0.554856	-0.060004	0.063067	-0.00102822	0.000513514	-0.000886222
0.554856	-0.0600083	0.0630669	-0.000607474	-0.000699289	-0.000734241
0.554855	-0.0600045	0.0630657	-0.000735748	0.000536782	-0.0008388
0.554854	-0.0600091	0.0630645	-0.000933578	-0.00129295	-0.000981781
0.554855	-0.0600073	0.0630652	-0.000165388	-0.000291984	-0.000412679
0.554859	-0.0600097	0.063072	0.000852687	-0.00103124	0.00190965
0.554859	-0.060005	0.0630691	0.00069794	0.000854725	-2.88355e-05
0.554858	-0.0600035	0.0630693	0.000105518	0.00111703	0.000323011
0.554857	-0.0600052	0.0630673	2.81058e-05	0.000161733	-0.000370973
0.554858	-0.0600052	0.063069	0.000284027	0.000136407	0.000338947
0.554855	-0.0600086	0.0630674	-0.000763298	-0.00106372	-0.000279044
0.554856	-0.0600053	0.0630671	-0.000425981	0.000358382	-0.000290513
0.554856	-0.060007	0.0630675	-0.000285021	-0.000290475	-7.52184e-05
0.554858	-0.0600081	0.0630715	0.000685294	-0.000563743	0.00127839
0.554857	-0.0600112	0.0630688	-8.71391e-05	-0.00100724	-0.000124164
0.554858	-0.0600066	0.0630707	0.00187186	0.00136786	0.00343207
0.554856	-0.0600076	0.0630671	0.000862962	0.000265245	0.00168703
0.554857	-0.0600053	0.0630661	0.000941358	0.00127827	0.000990968
0.554857	-0.0600089	0.0630682	0.000627155	-0.000654399	0.00163742
0.554857	-0.060007	0.0630676	0.000772171	9.48433e-05	0.00101743
0.554857	-0.0600083	0.0630696	0.000539086	-0.000379372	0.00146472
0.554858	-0.0600067	0.0630689	0.000622755	0.000269176	0.000805786
0.554857	-0.0600096	0.0630677	0.000139718	-0.000378809	9.55913e-05
0.554856	-0.0600103	0.063067	-0.000342108	-0.000330393	-0.000171636
0.554855	-0.0600078	0.0630652	-0.00043327	0.000234032	-0.000595844
0.554856	-0.06001	0.063067	-6.01358e-05	-0.000283531	0.000129745
0.554857	-0.0600057	0.063068	0.000331348	0.000936196	0.000512191
0.554857	-0.0600051	0.0630671	0.000370575	0.00114842	-2.26372e-05
0.554857	-0.0600102	0.0630694	0.000183974	-0.00124287	0.000857037
0.554857	-0.0600054	0.0630671	0.000193756	0.000661625	-0.000168284
0.554857	-0.0600054	0.0630682	1.29864e-05	0.000409836	0.000251767
0.554859	-0.0600033	0.0630696	0.000580734	0.000953625	0.000643167
0.554858	-0.0600047	0.0630696	9.14786e-05	0.00056724	0.000344688
0.554857	-0.0600055	0.0630682	-0.000212215	0.000305472	-0.000274699
0.554858	-0.0600068	0.0630722	0.000172065	-0.000217501	0.00115119
0.554858	-0.0600091	0.0630687	-0.000166797	-0.00130756	-0.000699019
0.554858	-0.0600051	0.0630696	-1.96138e-05	0.000644953	-5.04176e-05
0.554858	-0.0600052	0.0630698	-0.00277815	-0.000352383	-0.00145274
0.554856	-0.0600007	0.063066	-0.00248837	0.0012063	-0.0023053
0.554857	-0.06001	0.0630687	-0.00169164	-0.00232404	-0.000743438
0.554858	-0.0600066	0.0630714	-0.000762889	-0.000435205	0.000331236
0.554859	-0.0600052	0.0630681	-0.000532892	0.000157153	-0.000937465
0.554852	-0.0600088	0.0630644	-0.00256559	-0.000685412	-0.00200615
0.554859	-0.0600069	0.0630698	0.000621717	-0.000124566	0.000495572
0.554856	-0.060009	0.0630671	-0.000708516	-0.000810928	-0.000564043
0.55486	-0.0600047	0.063073	0.000887537	0.000829829	0.00156393
0.554858	-0.0600111	0.0630695	-0.000251621	-0.00121398	-0.000217388
0.554858	-0.0600071	0.0630685	-0.000218101	0.000249311	-0.000417491
0.554857	-0.0600035	0.0630685	-0.000546806	0.00169265	-0.000360368
0.554856	-0.0600061	0.0630653	-0.000715183	-7.22331e-05	-0.00123473
0.55486	-0.0600052	0.0630702	0.000929271	0.000146518	0.000800152
0.554854	-0.060006	0.0630629	-0.000987966	-0.000154946	-0.00151389
0.554859	-0.060005	0.0630697	0.000618838	0.00020717	0.000999109
0.55486	-0.0600065	0.0630724	0.00073272	-0.000395417	0.00149376
0.554855	-0.0600103	0.0630677	-0.000972467	-0.00151393	-0.00058066
0.554859	-0.0600046	0.0630703	0.000540817	0.00128825	0.000357351
0.554854	-0.0600109	0.0630675	-0.0011942	-0.00152016	-0.00063901
0.554859	-0.0600051	0.0630701	0.00070058	0.00085024	0.000449854
0.554855	-0.0600039	0.0630666	-0.000651321	0.00092502	-0.000838719
0.554859	-0.0600049	0.0630694	0.00088915	0.000263437	0.000364169
0.554858	-0.0600052	0.0630689	0.000164406	8.25198e-05	6.74547e-05
0.554856	-0.0600085	0.0630675	-0.00074055	-0.00106261	-0.000395097
0.554857	-0.060007	0.063067	-0.000297157	-0.000209521	-0.000520057
0.554857	-0.0600022	0.0630654	3.09232e-05	0.00145109	-0.000825453
0.554858	-0.0600051	0.0630686	0.000422766	6.77638e-06	0.000530623
0.554857	-0.0600067	0.0630683	0.000247613	-0.00052198	0.000447724
0.554856	-0.0600068	0.0630682	-0.000517148	-0.000387536	0.000138675
0.55486	-0.0600064	0.0630712	0.00106582	-9.99688e-05	0.00103898
0.554856	-0.0600051	0.0630675	-0.000801388	0.000743237	-0.000718935
0.554856	-0.0600043	0.0630668	-0.000302808	0.000498869	-0.000599343
0.55486	-0.0600066	0.0630719	-0.000321966	-0.000735306	0.00029728
0.554857	-0.0600053	0.0630683	-0.000953114	-6.60812e-05	-0.000793855
0.554857	-0.0600067	0.0630698	-0.00268781	-0.000304547	-0.00119189
0.554858	-0.0600104	0.0630699	-0.00147214	-0.00174219	-0.000747512
0.554858	-0.0600101	0.0630704	-0.00130627	-0.00118919	-0.000348973
0.554858	-0.0600051	0.0630694	-0.000955419	0.000822168	-0.000645086
0.55486	-0.0600062	0.0630716	-7.97678e-05	0.000162749	0.000280022
0.554859	-0.0600045	0.0630723	-0.000310854	0.00108844	0.00030084
0.554857	-0.0600073	0.0630678	-0.00106586	-0.000488171	-0.00126812
0.554856	-0.0600025	0.0630663	-0.000822672	0.00115657	-0.00135422
0.554856	-0.0600069	0.0630689	-0.000582886	-0.000726238	-5.23886e-05
0.554857	-0.0600055	0.063066	-0.000245508	-3.10227e-05	-0.00100518
0.554858	-0.0600052	0.0630693	7.648e-05	0.000117549	0.000410506
0.554859	-0.0600081	0.0630726	0.000285609	-0.00095037	0.00100046
0.554858	-0.0600067	0.0630704	-6.21049e-06	-0.000168851	0.000171963
0.554858	-0.060002	0.0630686	0.000184335	0.00146196	-0.000388942
0.554856	-0.0600067	0.0630671	-0.000534374	-0.000164694	-0.000841082
0.554855	-0.0600075	0.0630674	-0.000656218	-0.000645807	-0.00036951
0.554859	-0.0600047	0.0630711	0.000586706	0.000799273	0.000905121
0.554856	-0.0600059	0.0630663	-0.000493994	-0.000165576	-0.000928524
0.554859	-0.0600051	0.0630694	0.000816836	6.59358e-05	0.000419512
0.554857	-0.060005	0.0630681	-0.000239205	0.000443428	-0.000226222
0.554855	-0.0600046	0.063066	-0.000766692	0.00016546	-0.000772295
0.554856	-0.060004	0.0630664	-0.000118238	0.000187794	-0.000361393
0.554858	-0.0600053	0.0630689	0.000553939	-0.000311997	0.000602365
0.554858	-0.0600051	0.0630696	-0.00143997	-0.00057015	-0.0026392
0.554857	-0.0600081	0.0630681	-0.00145186	-0.000980548	-0.00263738
0.554857	-0.0600057	0.0630679	-0.0010147	-0.000154109	-0.00196485
0.554858	-0.0600085	0.0630693	-0.000366194	-0.00116431	-0.000986365
0.554855	-0.0600039	0.0630678	-0.00119655	0.00070777	-0.00124388
0.554857	-0.0600005	0.0630684	-0.000367453	0.00159046	-0.000788842
0.554857	-0.0600051	0.0630692	-5.55902e-05	-0.000832097	-0.00019708
0.554855	-0.060007	0.0630662	-0.000878623	-0.00081807	-0.00125033
0.554857	-0.0600073	0.0630686	5.95015e-05	-0.000958124	-1.10404e-05
0.554859	-0.0600033	0.0630719	0.000733871	0.000603765	0.00109565
0.554857	-0.0600101	0.0630678	-0.000163732	-0.00191437	-0.000646586
0.554857	-0.0600068	0.0630703	-0.000169015	-0.000184203	0.000394765
0.554857	-0.0600086	0.0630688	-0.000761299	-0.00085441	-0.000766463
0.554856	-0.0600082	0.0630682	-0.00105232	-0.000117643	-0.000973868
0.554854	-0.0600088	0.0630658	-0.00148878	-0.000178538	-0.0015625
0.554858	-0.0600054	0.0630697	4.063e-05	0.0010663	0.000198464
0.554857	-0.0600087	0.0630678	-0.000199641	-0.000404278	-0.000545146
0.554857	-0.0600058	0.063069	-0.000337829	0.000253125	-0.000268316
0.554859	-0.0600059	0.063071	0.00153784	0.000991276	0.00126484
0.554855	-0.0600065	0.0630672	4.47321e-05	-2.41324e-05	3.67096e-05
0.554857	-0.0600097	0.0630719	0.000636618	-0.000883618	0.00148096
0.554858	-0.0600056	0.0630698	0.000571966	0.000419009	0.000330016
0.554857	-0.0600034	0.0630675	0.000165408	0.00129354	-0.000489561
0.554858	-0.0600051	0.0630693	0.000355017	0.000415799	0.000199558
0.554856	-0.0600072	0.0630674	-0.00047401	-0.000386092	-0.000518947
0.55486	-0.0600037	0.0630729	0.00125595	0.000537374	0.00158713
0.554858	-0.0600129	0.0630688	-0.000448758	-0.00262895	-0.00290658
0.554856	-0.0600072	0.0630671	-0.000946863	0.00021226	-0.00272545
0.554859	-0.0600038	0.0630723	0.000311941	0.000892203	-0.000138588
0.554856	-0.0600071	0.0630656	-0.00103234	-0.00024263	-0.00252555
0.554857	-0.0600057	0.0630705	-0.000150021	7.02653e-06	-7.11505e-05
0.554859	-0.0600019	0.063069	0.000654772	0.00115113	-0.000577876
0.554859	-0.0600067	0.06307	-0.00108361	-0.0010951	-0.00113873
0.554857	-0.0600069	0.063069	-0.00111034	-0.000817001	-0.000938818
0.554856	-0.0600051	0.0630667	-0.00111995	0.00046601	-0.00147518
0.554858	-0.0600067	0.0630689	-0.000190394	-0.000107663	-0.00029302
0.554856	-0.0600041	0.0630675	-0.000857815	0.000850586	-0.000718524
0.554856	-0.0600093	0.0630658	-0.000415231	-0.00154079	-0.000853031
0.554857	-0.0600071	0.0630675	3.12906e-05	-0.000434579	-8.63238e-05
0.554855	-0.060004	0.0630648	-0.000922866	0.00067669	-0.000962944
0.554859	-0.0600065	0.06307	0.000700466	-0.000405113	0.00107218
0.554857	-0.0600068	0.0630678	-0.00184117	-0.000415847	-0.00337795
0.554854	-0.0600074	0.063064	-0.000677989	-6.21559e-05	-0.000519421
0.554856	-0.0600102	0.0630671	0.000307033	-0.000960185	0.000740225
0.554854	-0.0600027	0.0630649	-0.000124064	0.00192788	-2.34922e-05
0.554857	-0.0600084	0.0630691	0.000495914	-0.000662114	0.000925713
0.554857	-0.0600053	0.0630669	0.000153332	0.000584209	2.79652e-05
0.554856	-0.0600101	0.063068	-8.7098e-05	-0.00118622	0.000536564
0.554857	-0.0600037	0.0630679	0.000446992	0.00135631	0.000364372
0.554857	-0.0600084	0.0630683	0.0002233	-0.000643784	0.000393629
0.554857	-0.0600116	0.0630678	0.000242706	-0.00148456	0.000135846
0.554858	-0.0600068	0.063069	0.0005185	0.000648548	0.000460518
0.554858	-0.060007	0.0630678	0.000161084	0.000344079	-5.26912e-05
0.554857	-0.0600101	0.0630685	-0.000177645	-0.000807317	0.000205598
0.554859	-0.0600084	0.0630687	0.000563714	4.98486e-05	0.000175489
0.554858	-0.0600064	0.0630696	-7.07326e-06	0.00110593	0.000325318
0.554858	-0.0600088	0.0630694	-0.000852891	-0.000537767	-0.000463675
0.554856	-0.0600116	0.0630674	-0.00134158	-0.000989777	-0.00108764
0.554855	-0.060007	0.0630681	-0.00128626	0.000915352	-0.0005611
0.554857	-0.0600106	0.0630687	-0.000364152	-0.000941616	-0.000143116
0.554855	-0.0600089	0.0630663	-0.00091188	-0.000197057	-0.000962872
0.554855	-0.0600086	0.0630666	-0.000587912	0.000343323	-0.000582285
0.554857	-0.060009	0.0630698	0.000141624	-0.000184497	0.000739987
0.554857	-0.06001	0.06307	0.00032086	-0.000580867	0.000572197
0.554854	-0.0600129	0.0630649	-0.000904153	-0.000579658	-0.00139662
0.554857	-0.0600091	0.0630664	0.000303312	0.000768884	-0.000459161
0.554857	-0.0600059	0.0630671	0.000373036	0.00109572	1.17489e-05
0.554857	-0.0600069	0.0630693	0.000291244	0.000270736	0.000753348
0.554855	-0.0600134	0.0630682	-0.000524993	-0.00206549	0.000124341
0.554856	-0.0600162	0.0630677	0.00138794	-0.00151508	0.00309311
0.554856	-0.0600074	0.0630669	0.00144145	0.00172108	0.00247695
0.554854	-0.0600118	0.0630661	0.00030294	-1.15336e-05	0.00128462
0.55486	-0.0600083	0.0630724	0.00196719	0.00082708	0.00302088
0.554858	-0.0600114	0.063072	0.000924749	-0.000549308	0.0020194
0.554854	-0.0600107	0.0630648	-0.000801154	-0.00013848	-0.000934367
0.554857	-0.0600111	0.0630699	0.000590684	0.000179756	0.00103347
0.554857	-0.0600088	0.0630683	-0.000735375	0.000413002	-0.000403554
0.554856	-0.0600103	0.0630671	-0.00363477	-0.000713178	-0.00236685
0.554857	-0.0600085	0.0630685	-0.00240931	5.6774e-05	-0.0012476
0.554855	-0.0600118	0.0630686	-0.00249511	-0.00109217	-0.000942215
0.554856	-0.06001	0.0630681	-0.00153733	0.000287267	-0.000954226
0.554854	-0.060014	0.0630675	-0.0017057	-0.00145709	-0.00085434
0.554855	-0.0600132	0.0630684	-0.000787248	-0.000418167	-0.000390176
0.554855	-0.0600119	0.0630682	-0.000559144	0.000265195	-0.000397971
0.554856	-0.0600118	0.0630696	-0.000179685	0.000218634	0.000196681
0.554856	-0.0600092	0.0630674	-0.000204769	0.000581055	-0.000634341
0.554859	-0.0600099	0.0630709	0.000720101	5.78239e-05	0.000810989
0.554858	-0.0600097	0.0630704	0.000367308	5.23573e-05	0.00038379
0.554855	-0.0600087	0.0630662	-0.0010065	0.000322283	-0.0012107
0.554857	-0.0600082	0.0630697	0.000223414	0.000387125	0.000414642
0.554855	-0.0600103	0.0630677	-0.000556349	-0.000412702	-0.000368637
0.554859	-0.060008	0.0630697	0.000913003	0.000459578	0.00040576
0.554857	-0.0600099	0.0630708	0.000219363	-0.000256031	0.00084087
0.554856	-0.0600098	0.0630685	-0.000319988	0.000221645	-0.000438109
0.554857	-0.0600088	0.0630683	-0.000177077	0.000206557	-0.00035471
0.554855	-0.0600089	0.0630659	-0.000814053	2.49439e-05	-0.00100108
0.554856	-0.0600104	0.0630674	-0.000101434	-0.00052103	-0.000189258
0.554858	-0.0600098	0.0630718	0.000661889	-0.000163945	0.00133475
0.554857	-0.0600085	0.0630685	-4.79337e-05	0.000312429	-0.000208161
0.554857	-0.0600068	0.0630672	0.000150661	0.000781252	-0.000573662
0.554857	-0.0600111	0.0630723	0.000142164	-0.000465108	0.00124427
0.554855	-0.0600071	0.0630674	-0.000552513	0.00113049	-0.000861278
0.554859	-0.0600086	0.0630705	0.000693533	-0.000128683	0.000565974
0.554856	-0.0600101	0.0630673	-0.000422538	-0.00028044	-0.000755061
0.554857	-0.0600102	0.0630691	0.000416082	-8.28798e-05	0.0002647
0.554855	-0.0600108	0.0630674	-0.000673194	-0.000671264	-0.000448367
0.554857	-0.0600119	0.0630689	2.7469e-05	-0.000933233	0.000192728
0.554858	-0.0600113	0.0630671	0.000368277	-8.50102e-05	-0.000463816
0.554857	-0.0600118	0.0630695	0.000614175	2.78421e-05	0.00102569
0.554854	-0.0600109	0.0630679	-0.000904521	-0.00014017	-0.000193613
0.554856	-0.0600117	0.063067	-0.000317943	-8.84721e-05	-0.000648081
0.554857	-0.0600133	0.0630703	0.000285315	-0.000454524	0.000590017
0.554854	-0.0600064	0.0630642	-0.000851006	0.00158917	-0.00157062
0.554856	-0.0600057	0.0630671	-7.95675e-05	0.00115767	-6.69983e-05
0.554857	-0.0600081	0.0630674	0.000485698	0.000323052	-2.94878e-05
0.554857	-0.0600104	0.0630675	0.000234436	-0.000844159	7.86503e-05
0.554857	-0.0600101	0.0630687	0.00177412	-0.000176296	0.00375407
0.554855	-0.0600103	0.0630678	0.00083475	-0.00016378	0.0024812
0.554859	-0.0600077	0.06307	0.0020013	0.00116513	0.00251164
0.554855	-0.0600059	0.0630671	0.00111326	0.00131972	0.00160027
0.554854	-0.060009	0.0630646	0.000408166	-0.000229889	0.000425397
0.554858	-0.0600051	0.0630688	0.00190734	0.00118498	0.00219777
0.554856	-0.0600087	0.0630663	0.000421639	-0.000414822	0.000476407
0.554859	-0.0600082	0.0630706	0.0013048	-0.000122436	0.00174278
0.554855	-0.0600088	0.0630663	-0.000345294	-0.000282763	-0.000222519
0.554855	-0.0600056	0.0630649	-5.32949e-05	0.000879624	-0.0006046
0.554854	-0.0600121	0.0630661	-0.000692368	-0.00159231	-5.00955e-05
0.554857	-0.0600084	0.0630686	0.000728618	0.00018446	0.00088236
0.554857	-0.0600086	0.0630682	0.000408972	0.000133744	0.000462646
0.554856	-0.060007	0.0630664	7.3395e-05	0.000577815	-0.000264812
0.554858	-0.0600083	0.0630687	0.000729564	-1.26079e-07	0.00061785
0.554855	-0.0600104	0.063066	-0.000147392	-0.000682547	-0.000101338
0.554855	-0.0600103	0.0630674	-0.000300041	-0.000459266	0.000152442
0.554856	-0.0600103	0.063067	-2.08867e-05	-0.000315062	-0.00012742
0.554857	-0.0600066	0.0630686	0.000203965	0.000972164	5.75157e-05
0.554854	-0.0600121	0.0630652	-0.000796203	-0.00115485	-0.000841382
0.554856	-0.06001	0.0630682	0.000341706	-7.28783e-05	0.000526341
0.554857	-0.0600103	0.0630668	0.000308503	-0.000138156	-0.000106432
0.554855	-0.0600072	0.0630663	-0.000180935	0.00097004	0.000136032
0.554855	-0.0600087	0.0630671	-0.000141056	0.000138307	0.00011478
0.554856	-0.0600081	0.0630679	-6.37692e-05	0.000636193	-2.38392e-05
0.554856	-0.0600106	0.0630681	-4.02024e-05	-0.000652203	0.000227867
0.554856	-0.0600085	0.0630677	-3.72939e-05	0.00060627	-1.35833e-05
0.554855	-0.0600093	0.0630664	-0.000232922	-0.000176687	-0.000353832
0.554854	-0.0600106	0.0630654	-0.00310228	-0.00100836	-0.00206379
0.554856	-0.060012	0.0630673	-0.00182726	-0.00121761	-0.00102001
0.554856	-0.060013	0.0630698	0.000274541	-0.000384006	0.00318818
0.554857	-0.0600101	0.0630678	0.000570523	0.000830989	0.00163011
0.554857	-0.0600121	0.0630687	0.000183126	-0.000464062	0.00160501
0.554857	-0.060007	0.0630683	0.000234474	0.00126671	0.00105694
0.554858	-0.0600111	0.0630691	0.000369347	-0.00013948	0.000973806
0.554856	-0.0600132	0.0630689	-0.000105375	-0.000672213	0.000623483
0.554857	-0.0600075	0.0630686	6.30111e-05	0.0010936	0.000438113
0.55486	-0.0600049	0.063071	0.00119808	0.00148171	0.00116664
0.554853	-0.0600121	0.063066	-0.00176093	-0.00144261	-0.000867549
0.554855	-0.0600087	0.0630656	-9.02921e-05	0.000178524	-0.000314366
0.554856	-0.0600128	0.0630694	-4.64935e-05	-0.000874333	0.000649796
0.554858	-0.0600119	0.0630697	0.000620553	-0.000548241	0.000583073
0.554857	-0.0600128	0.0630711	3.69546e-05	-0.000334868	0.000766543
0.554855	-0.0600076	0.0630686	-0.000501332	0.00118231	-0.000239867
0.554857	-0.0600055	0.063069	0.000114835	0.0013901	-3.61688e-06
0.554856	-0.0600099	0.0630671	-0.00171237	-0.000553607	-0.00390098
0.554857	-0.0600088	0.0630675	0.000702399	5.66308e-05	0.000501065
0.554857	-0.0600102	0.0630682	0.000745794	-0.000443407	0.00101302
0.554858	-0.0600069	0.0630684	0.000510471	0.000769493	0.000555712
0.554857	-0.0600051	0.0630688	0.000190962	0.00109156	0.000444387
0.554858	-0.0600099	0.0630692	0.000285135	-0.000899542	0.000433135
0.554855	-0.0600102	0.0630678	-0.00060302	-0.00071514	-0.000169694
0.554857	-0.0600068	0.0630672	0.000229002	0.000673409	-0.000304568
0.554855	-0.0600103	0.0630662	-0.000345721	-0.000684237	-0.000338505
0.554857	-0.0600069	0.0630701	-2.50438e-05	0.000621868	0.000600543
0.554853	-0.0600091	0.0630655	-0.00103227	-0.000250255	-0.000943003
0.554856	-0.0600071	0.0630675	6.7669e-05	0.00046184	0.0001424
0.554856	-0.0600088	0.0630647	-0.00151814	-0.000651799	-0.00409724
0.554856	-0.0600055	0.0630668	-0.000961741	0.000630618	-0.00230947
0.554858	-0.0600051	0.0630693	0.00127819	0.000898907	0.00233992
0.554854	-0.0600042	0.0630642	0.000200632	0.000965454	0.000186561
0.554856	-0.0600024	0.0630662	0.000512149	0.00122462	0.000726272
0.554857	-0.0600049	0.0630677	0.000505859	0.000390864	0.000916786
0.554855	-0.0600094	0.063066	-6.55848e-05	-0.00148772	0.000171852
0.554857	-0.0600081	0.0630699	0.000613556	-0.000257769	0.00134891
0.554857	-0.0600025	0.0630668	0.000442759	0.00138865	-2.01913e-05
0.554855	-0.0600101	0.0630651	-0.000557659	-0.00128597	-0.000632536
0.554858	-0.0600072	0.0630703	0.000536092	-0.000212568	0.00130113
0.554854	-0.0600076	0.0630657	-0.000927692	-0.000365551	-0.000578445
0.554858	-0.0600064	0.0630687	0.000860242	0.000555662	0.0006464
0.554854	-0.0600063	0.0630645	-0.000723187	0.000119666	-0.000944697
0.554858	-0.0600037	0.0630681	0.000754152	0.000848978	0.000593803
0.554857	-0.060005	0.0630686	0.000176563	0.000500964	0.000289883
0.554858	-0.0600068	0.0630702	0.000363748	-0.000145717	0.000805643
0.554857	-0.0600073	0.0630673	9.38415e-05	-0.000641532	-0.000284914
0.554858	-0.0600053	0.0630686	0.000331889	0.000139898	0.000278779
0.554857	-0.0600069	0.0630707	-0.000106161	-0.000473438	0.000877605
0.554857	-0.0600096	0.0630702	4.92553e-05	-0.000821898	0.000348528
0.554857	-0.0600023	0.0630696	-8.96226e-05	0.00158219	0.000103293
0.554857	-0.0600086	0.0630686	0.000208231	-0.00109047	-5.48327e-05
0.554856	-0.0600052	0.0630671	-0.000614807	0.000754776	-0.000763993
0.554857	-0.0600057	0.0630714	-5.62444e-06	6.50091e-05	0.000968767
0.554856	-0.0600069	0.0630669	-0.000231257	-5.71506e-05	-0.000945381
0.554857	-0.0600058	0.063069	-2.02617e-05	2.36508e-05	0.000139371
0.554855	-0.0600085	0.0630673	-0.000435153	-0.00053706	-0.000562816
0.554856	-0.0600059	0.0630666	-5.88611e-05	0.000156365	-0.000610416
0.554857	-0.0600067	0.0630674	0.000380423	0.000143777	-0.000149985
0.554855	-0.060006	0.0630658	-0.000485053	1.71851e-05	-0.000541955
0.554855	-0.0600102	0.0630663	-0.000443039	-0.00107188	-0.000279442
0.554856	-0.0600075	0.0630676	3.45678e-05	-0.000126737	0.000320268
0.554855	-0.0600106	0.0630652	-0.000252494	-0.00119987	-0.000572424
0.554855	-0.0600073	0.0630651	-5.74079e-05	0.000248045	-0.000385877
0.554857	-0.0600065	0.063068	0.000478856	0.000825607	0.00061767
0.554855	-0.0600104	0.0630663	-0.000363629	-0.00061213	-0.000183697
0.554856	-0.0600044	0.0630681	-6.38863e-05	0.00121864	0.000479068
0.554859	-0.060008	0.0630701	0.00133571	-6.82573e-05	0.000963621
0.554857	-0.0600055	0.0630682	0.000106849	0.000892313	1.55061e-05
0.554859	-0.0600088	0.0630712	0.000702591	-0.000919371	0.00109467
0.554855	-0.0600106	0.0630663	-0.000969608	-0.00133619	-0.000872939
0.554857	-0.0600096	0.0630702	0.00131778	-7.54727e-06	0.00132007
0.554858	-0.0600042	0.0630675	0.00100428	0.00151976	9.14795e-05
0.554856	-0.0600057	0.0630666	0.000226513	0.000446485	-0.000170162
0.554855	-0.0600067	0.0630673	-3.39286e-06	0.000335841	5.26205e-05
0.554858	-0.0600087	0.063069	0.00085148	-0.000710072	0.000711246
0.554859	-0.0600065	0.0630698	0.00367466	0.000559819	0.00248125
0.55486	-0.0600065	0.0630711	0.00317578	0.000390576	0.00226749
0.554857	-0.0600081	0.0630674	0.0013821	0.000161565	0.000298521
0.554856	-0.0600106	0.0630671	0.000614727	-0.00100316	0.000252674
0.554858	-0.0600069	0.0630715	0.00139608	0.000548323	0.001724
0.554857	-0.0600081	0.0630706	0.000502491	0.000318192	0.000805694
0.554856	-0.060009	0.063069	0.000131178	-0.000327772	0.000105611
0.554857	-0.0600041	0.0630682	0.000476023	0.00133221	-0.000136908
0.554859	-0.0600067	0.0630703	0.000837845	-3.30997e-05	0.000626113
0.554858	-0.0600049	0.0630706	-0.00243083	0.000148059	-0.00116808
0.554857	-0.0600055	0.0630661	-0.00223974	-0.000129753	-0.00241763
0.554855	-0.0600102	0.0630678	-0.00214798	-0.00169058	-0.00113617
0.554857	-0.0600037	0.0630686	-0.00117072	0.00104441	-0.000569944
0.554857	-0.0600084	0.0630696	-0.00081573	-0.000920233	-0.000471195
0.554858	-0.0600053	0.0630671	-0.000171684	0.00041744	-0.000920122
0.554857	-0.0600053	0.0630679	-0.000608087	0.000280082	-0.000316749
0.554857	-0.0600036	0.0630675	-0.00038004	0.000749846	-0.000316255
0.554858	-0.0600035	0.0630702	0.000261637	0.000588984	0.000869202
0.554855	-0.0600088	0.063065	-0.00096359	-0.00139862	-0.00128862
0.554857	-0.0600051	0.0630688	3.65834e-05	0.000273611	0.000336673
0.554858	-0.0600096	0.0630693	0.000467945	-0.000831619	0.000736412
0.554858	-0.0600087	0.0630692	0.000152643	-0.00427473	0.000963354
0.554858	-0.0600052	0.0630692	-0.00011283	-0.00208541	0.00067841
0.554857	-0.0600086	0.0630685	-0.000321176	-0.00277309	0.000260755
0.554857	-0.0600069	0.063066	-0.000100289	-0.00144222	-0.000272519
0.554856	-0.0600083	0.0630659	0.00137967	-0.000790853	0.00275754
0.554857	-0.060001	0.0630668	0.00114956	0.0016073	0.00239349
0.554857	-0.0600072	0.0630693	0.000751765	-0.0011343	0.0026552
0.554859	-0.0600067	0.0630705	0.00135885	-0.000672045	0.00232311
0.554857	-0.060007	0.0630682	0.000268491	-0.000578644	0.00090701
0.554857	-0.0600055	0.0630657	0.000183397	6.99569e-05	-0.000124415
0.554857	-0.0600053	0.0630677	0.000156837	7.79204e-05	0.000665795
0.554856	-0.0600056	0.0630678	-0.000143164	-3.9225e-05	0.000505929
0.554857	-0.0600053	0.0630678	0.000228768	5.13285e-05	0.000390016
0.554858	-0.0600068	0.0630677	0.000761385	-0.000444251	0.000426258
0.554855	-0.0600088	0.0630651	-0.000588963	-0.000992772	-0.000664019
0.554856	-0.0600053	0.0630684	-8.42609e-05	0.000501468	0.000617021
0.554856	-0.0600071	0.0630667	-8.30065e-05	-0.000258905	-0.00015442
0.554856	-0.0600102	0.0630671	-7.4988e-05	-0.00122207	4.87942e-05
0.554861	-0.060003	0.0630731	0.00149077	0.00159581	0.00202165
0.554856	-0.0600084	0.0630677	-0.000879925	-0.000382843	-0.000902519
0.554856	-0.0600058	0.0630668	-0.000223089	0.000353983	-0.000586354
0.554856	-0.0600072	0.0630681	-0.000300343	-0.0003139	6.3043e-05
0.554854	-0.0600027	0.0630646	-0.000829896	0.0012773	-0.00103366
0.554857	-0.0600069	0.0630682	0.000475537	-0.000557608	0.00054689
0.554856	-0.0600041	0.0630651	-0.000114555	0.000546634	-0.000727381
0.554857	-0.06001	0.0630686	0.000301259	-0.00159849	0.000728763
0.554858	-0.0600051	0.0630687	0.000705306	0.000570731	0.000520853
0.554856	-0.0600054	0.0630689	-9.83544e-05	0.000294265	0.000431341
0.554854	-0.0600056	0.0630664	0.000879512	0.000490152	0.00271938
0.554853	-0.0600059	0.0630643	0.000478472	0.000319155	0.00159359
0.554855	-0.0600055	0.0630676	0.000908937	0.000335313	0.00224713
0.554855	-0.0600087	0.0630681	0.000597092	-0.000817027	0.00175247
0.554857	-0.0600101	0.0630689	0.00110764	-0.0010263	0.00154197
0.554857	-0.0600021	0.0630674	0.000833029	0.00200286	0.000625479
0.554857	-0.0600069	0.0630682	0.000533981	-0.00024839	0.00072508
0.554856	-0.0600071	0.0630663	-0.000107073	-0.000276168	-0.000443868
0.554856	-0.060004	0.0630652	1.49963e-06	0.000873336	-0.000381165
0.554858	-0.0600038	0.0630691	0.000664277	0.000264986	0.00113817
0.554859	-0.060003	0.06307	0.000918913	0.000725348	0.00110729
0.55486	-0.0600031	0.0630709	0.00110513	0.000546082	0.00105245
0.554856	-0.0600055	0.0630651	-0.000494574	-0.000369237	-0.00102823
0.554856	-0.0600087	0.0630679	-0.000224012	-0.00127527	0.000314748
0.554857	-0.0600067	0.063069	-2.55625e-05	-0.000241851	0.000416747
0.554857	-0.0600053	0.0630674	9.45865e-05	0.00030251	-0.000278985
0.554856	-0.060007	0.063067	-0.000196651	-0.00033611	3.64607e-05
0.554856	-0.0600089	0.0630681	-0.000219791	-0.00125608	0.00011894
0.554856	-0.0600066	0.0630675	-0.000378594	0.000164395	-0.000200412
0.554857	-0.0600114	0.0630703	0.000261446	-0.00139257	0.00078905
0.554857	-0.0600054	0.0630656	-8.46675e-05	0.00110254	-0.00105323
0.554855	-0.0600086	0.0630674	-0.00046126	-0.000335073	-0.000104747
0.554856	-0.0600071	0.0630681	4.86015e-05	0.000335565	0.000538261
0.554855	-0.0600116	0.0630656	-0.00035974	-0.000917242	-0.000831012
0.554853	-0.0600093	0.0630652	-0.000866337	-0.000127006	-0.000715541
0.554857	-0.0600053	0.0630662	0.000756504	0.00162276	0.000142466
0.554857	-0.060009	0.0630676	0.000515946	-0.000488297	0.000380524
0.554859	-0.0600049	0.0630721	0.000866705	0.000920235	0.00168875
0.554859	-0.0600082	0.0630707	0.000511462	-0.00051253	0.000643955
0.55486	-0.060008	0.0630722	0.00106074	-0.000258194	0.00129374
0.554858	-0.0600033	0.06307	-0.000191238	0.00136859	-0.000133649
0.554857	-0.0600069	0.0630673	-0.000471708	-0.000296343	-0.00107804
0.554858	-0.060008	0.0630692	-3.59138e-05	-0.000142042	-0.000205249
0.554856	-0.0600059	0.0630668	-0.000631294	0.000313463	-0.000879467
0.554854	-0.0600059	0.0630642	0.000489403	0.000496428	0.00181666
0.554859	-0.0600054	0.0630706	0.00199767	0.000108587	0.00355033
0.554857	-0.0600096	0.0630686	0.000750298	-0.00104771	0.00197106
0.554856	-0.0600069	0.0630674	0.000212596	0.000297111	0.00109699
0.554855	-0.0600101	0.0630683	0.000296643	-0.000766315	0.00131059
0.554859	-0.0600081	0.0630699	0.00140111	0.000130328	0.00137048
0.554855	-0.0600071	0.0630684	-0.000410777	0.000428002	0.000457761
0.554858	-0.0600068	0.0630689	0.000707478	0.000429169	0.00050184
0.554853	-0.0600061	0.0630639	-0.00113366	0.000519087	-0.00131653
0.554858	-0.0600113	0.0630699	0.000849039	-0.000980281	0.0010612
0.554857	-0.0600073	0.0630676	0.000364783	0.000391676	1.57064e-05
0.554855	-0.0600058	0.063065	-0.00038194	0.00068195	-0.000813508
0.554856	-0.0600072	0.0630671	2.16297e-05	-5.30019e-05	0.000179638
0.554858	-0.0600066	0.0630678	0.000437129	0.000552484	0.000261451
0.554856	-0.0600075	0.0630669	-0.000149404	-0.000197784	-5.1088e-05
0.554856	-0.0600088	0.0630671	-0.000127699	-0.000647984	6.52808e-05
0.554857	-0.0600081	0.0630674	0.000278417	0.000178516	5.85593e-05
0.554858	-0.0600023	0.0630692	0.000365492	0.00174607	0.0006433
0.554857	-0.0600038	0.0630679	1.55414e-06	0.000586041	6.03951e-05
0.554857	-0.0600115	0.0630682	4.34751e-05	-0.00224324	7.4897e-05
0.554858	-0.0600067	0.063069	0.00035281	0.000125165	0.000396549
0.554855	-0.0600042	0.0630666	-0.00257738	0.000526063	-0.00378113
0.554858	-0.0600052	0.0630696	-0.000828151	-5.00321e-06	-0.00180371
0.554857	-0.0600097	0.0630687	2.07308e-05	-0.000916203	-0.00120199
0.554858	-0.0600082	0.0630714	0.000285102	-4.70115e-05	-0.000433755
0.554858	-0.0600072	0.0630702	0.000229658	-2.71082e-05	-0.000338539
0.554858	-0.0600097	0.0630698	0.000333539	-0.000567489	-0.000391718
0.554855	-0.0600058	0.0630662	-0.00083732	0.00101376	-0.00155763
0.554857	-0.0600089	0.0630698	0.000239255	-0.000691927	0.000274589
0.554858	-0.0600071	0.0630677	0.000148843	-1.48102e-05	-0.000561018
0.554858	-0.0600051	0.0630694	0.000202208	0.000592913	0.000233622
0.554857	-0.0600037	0.0630679	-2.14847e-05	0.000857327	-0.000324341
0.554857	-0.0600069	0.0630674	4.16964e-05	-0.00049448	-0.000383683
0.554858	-0.0600083	0.0630688	-0.000168489	-0.000828799	-6.55324e-06
0.554855	-0.0600103	0.0630664	-0.00243691	-0.0015928	-0.00391462
0.554856	-0.0600038	0.063066	-0.00128766	0.00107466	-0.00299369
0.554856	-0.0600053	0.0630685	-0.000890618	0.000203482	-0.00135563
0.554858	-0.0600053	0.0630675	-0.000227804	0.000108504	-0.00138658
0.554855	-0.0600071	0.0630673	-0.000893771	-0.000528897	-0.00107928
0.554859	-0.0600049	0.0630703	0.000655153	0.000401269	0.000531826
0.554855	-0.0600084	0.0630677	-0.00100228	-0.000968799	-0.0011776
0.554857	-0.0600068	0.0630684	-0.000125636	-0.000114093	-0.000432225
0.554857	-0.060008	0.0630675	4.78007e-05	-5.19475e-05	-0.000661167
0.554858	-0.0600039	0.0630683	0.000251444	0.00105225	-0.000144141
0.554858	-0.0600066	0.0630713	0.000327214	-0.000282023	0.000912962
0.554856	-0.0600056	0.0630667	-0.000529973	0.000129387	-0.000912606
0.554855	-0.0600054	0.0630678	-0.00073616	0.000123972	-0.000252512
0.554858	-0.0600019	0.063069	0.000398188	0.00124098	0.000208622
0.554856	-0.0600044	0.0630656	-0.000390513	1.00155e-06	-0.000984799
0.554858	-0.0600099	0.0630693	0.000426758	-0.00184316	0.000569123
0.554856	-0.0600039	0.0630661	-0.000297294	0.000817378	-0.000715465
0.554857	-0.0600053	0.0630678	1.47586e-05	4.07445e-05	0.000113351
0.554859	-0.0600098	0.0630711	0.000674354	-0.0014628	0.00117691
0.554855	-0.0600105	0.063066	-0.000701085	-0.00121662	-0.000931147
0.554859	-0.0600034	0.0630689	0.000465591	0.00151222	0.000142713
0.554857	-0.0600081	0.0630686	-0.000138487	-0.000113579	5.99508e-05
0.554856	-0.060012	0.0630662	-0.000215268	-0.00119667	-0.000560074
0.554855	-0.0600092	0.0630677	-0.000439546	-0.000263751	9.24333e-05
0.554857	-0.0600071	0.0630682	0.000155999	0.000416605	0.000215099
0.554856	-0.0600103	0.0630671	-0.000225063	-0.000848344	-0.000241739
0.554855	-0.0600074	0.0630662	-0.000523381	0.000394494	-0.000458107
0.554857	-0.0600069	0.0630682	0.000322597	0.000414187	0.000357415
0.554856	-0.060007	0.0630675	-0.000173589	0.000233217	4.17249e-06
0.554858	-0.0600068	0.0630678	0.000691756	0.000265076	0.00048716
0.554859	-0.0600034	0.063069	0.000965793	0.00129318	0.000476421
0.554858	-0.0600051	0.0630688	0.000194633	0.000269628	0.000163715
0.554859	-0.0600048	0.063072	-0.000615539	0.000116753	0.000528022
0.554854	-0.0600074	0.0630644	-0.00216384	-0.00082141	-0.00229935
0.554854	-0.0600073	0.0630641	-0.00156396	-0.000527177	-0.0017002
0.554857	-0.0600037	0.0630678	0.0003024	0.004305	6.44745e-05
0.554858	-0.0600035	0.0630695	0.00143673	0.00340401	0.0011763
0.554857	-0.0600087	0.0630664	0.00063746	0.00076385	-0.000165001
0.554858	-0.0600051	0.0630686	0.00100396	0.00189695	0.000669795
0.554855	-0.0600088	0.0630663	-0.00138317	-5.4552e-05	-0.000965829
0.554858	-0.0600051	0.063069	0.000194051	0.00127612	0.000207067
0.554856	-0.0600039	0.0630671	-0.000779006	0.00131903	-0.000538441
0.554857	-0.0600052	0.0630658	-0.000231837	0.000917013	-0.000876128
0.554857	-0.0600058	0.0630657	-0.000197476	0.000145725	-0.000580274
0.554859	-0.0600039	0.0630688	0.000732943	0.000316435	0.000729766
0.554856	-0.0600053	0.0630669	-0.000532222	-1.30081e-05	-0.000220575
0.554857	-0.0600083	0.0630684	-1.34254e-05	-0.000897035	0.000724788
0.554857	-0.0600051	0.0630689	7.30837e-05	0.000490332	0.000375095
0.554857	-0.0600019	0.0630696	-0.000111885	0.00138215	0.000336192
0.554856	-0.060007	0.0630668	-0.000378264	-0.000777697	-0.000700469
0.554858	-0.0600036	0.0630689	0.000453672	0.000619618	0.000227093
0.554856	-0.0600069	0.063067	-0.000383571	-0.000207876	-0.000567509
0.554856	-0.0600117	0.0630683	-0.000280864	-0.00164113	4.07709e-05
0.554859	-0.0600086	0.0630706	0.000660949	-0.000437244	0.000854986
0.554858	-0.060007	0.0630693	0.00027763	0.000137706	0.000182253
0.554859	-0.0600081	0.0630705	0.000346723	-0.00034396	0.000510091
0.554859	-0.0600053	0.0630701	0.000229415	0.000318763	0.000215836
0.554857	-0.0600066	0.0630671	-0.000662589	2.22356e-05	-0.000939819
0.554857	-0.060004	0.0630683	-0.000177326	0.000581962	-0.000162232
0.554857	-0.0600081	0.0630679	-2.84249e-05	-0.000671022	-0.000242713
0.554857	-0.0600082	0.0630694	-0.000107513	-0.000392683	0.000374236
0.554858	-0.0600051	0.0630691	0.000280303	0.000788882	5.60896e-05
0.554859	-0.0600063	0.0630683	0.000371062	0.000560924	-0.00027552
0.554858	-0.0600055	0.0630687	7.17979e-05	0.000374578	5.1559e-05
0.554858	-0.0600053	0.0630678	-0.000114046	0.000668504	-0.000350532
0.554857	-0.0600058	0.0630672	0.000189781	0.00346255	-0.000357532
0.55486	-0.0600034	0.0630708	0.00108552	0.00328255	0.000966703
0.554857	-0.0600097	0.0630685	-0.000379586	0.000677689	-0.000182893
0.554856	-0.0600057	0.0630687	-0.000321264	0.00166683	1.71779e-05
0.554858	-0.0600068	0.0630677	0.000382241	0.000769885	-0.000299062
0.554855	-0.0600056	0.0630659	-0.000421126	0.00100482	-0.00063544
0.554856	-0.0600084	0.0630689	0.000158868	-0.000179554	0.000669581
0.554857	-0.0600069	0.0630673	0.000133948	0.000385773	-0.000251318
0.554857	-0.0600085	0.0630677	-5.60958e-06	-0.000260592	-0.000113363
0.554857	-0.0600084	0.0630687	-0.000141677	-0.000128538	0.000180939
0.554857	-0.0600084	0.0630683	-0.000117493	-5.29422e-05	2.39924e-05
0.554859	-0.0600049	0.06307	0.000575272	0.00114704	0.000588583
0.554855	-0.0600104	0.0630667	-0.000903411	-0.00105377	-0.000702408
0.554857	-0.0600069	0.0630675	0.000235312	0.000489365	-0.000204259
0.554857	-0.0600101	0.0630685	-7.23558e-05	-0.000728488	0.000222933
0.554859	-0.0600049	0.0630701	0.000699417	0.00124144	0.000664433
0.554855	-0.0600086	0.0630675	-0.000670212	-0.000386005	-0.000430653
0.554854	-0.0600089	0.0630669	-0.0008742	-0.00035651	-0.000460029
0.554859	-0.0600066	0.0630708	0.00103972	0.000522666	0.000983201
0.554856	-0.0600102	0.0630671	-0.000355327	-0.000859441	-0.000593735
0.55486	-0.060008	0.0630723	0.00100009	0.00017199	0.00134343
0.554858	-0.060008	0.0630692	0.000147737	0.000531747	-0.000222644
0.554859	-0.0600085	0.0630708	0.000343205	-0.000124837	0.000461157
0.554857	-0.0600101	0.0630678	-0.000314606	-0.000695842	-0.000672658
0.554856	-0.0600087	0.0630678	-0.000748677	-5.71475e-06	-0.00046576
0.554857	-0.0600085	0.0630686	-4.8655e-05	4.17011e-05	-3.2849e-05
0.554855	-0.0600086	0.0630674	-0.000539286	-2.97597e-06	-0.000419093
0.554855	-0.0600136	0.063066	-0.000450349	-0.0016552	-0.000736338
0.554857	-0.0600101	0.0630685	0.000211001	6.04239e-05	0.000342481
0.554852	-0.0600091	0.0630645	-0.00131955	0.00035322	-0.00111383
0.554854	-0.0600072	0.0630654	-0.000150181	0.000889311	-0.000432672
0.554856	-0.0600084	0.0630696	0.000309154	0.000180323	0.00111137
0.554857	-0.0600054	0.0630657	0.000543442	0.0011227	-0.000576692
0.554858	-0.0600083	0.0630689	0.000764575	-0.000212101	0.000696546
0.554854	-0.0600137	0.0630653	-0.00083885	-0.00195864	-0.000752559
0.554855	-0.0600069	0.0630662	-0.000181275	0.00136788	-0.00027792
0.554859	-0.0600102	0.0630709	0.00109462	-0.000433523	0.00141959
0.554854	-0.060009	0.0630648	-0.000390795	3.1786e-05	-0.000872998
0.554856	-0.0600117	0.0630683	0.000106389	-0.000918612	0.000469225
0.554858	-0.0600098	0.0630704	0.000789432	1.83365e-05	0.00105335
0.554858	-0.0600084	0.0630701	0.000262917	0.000488002	0.000517103
0.554857	-0.0600083	0.06307	0.00010936	0.000331365	0.00029633
0.554857	-0.0600098	0.06307	1.72172e-05	-0.000294007	0.000197553
0.554855	-0.060007	0.0630673	-0.000252751	0.00422382	-0.000751718
0.554857	-0.0600097	0.0630677	0.000436906	0.00264694	-0.000458325
0.554855	-0.0600092	0.063066	-0.000523649	0.00187701	-0.000812915
0.554855	-0.0600121	0.0630656	-0.000245209	0.000355264	-0.000678923
0.554854	-0.0600104	0.0630655	-0.000570323	0.000840371	-0.000826904
0.554856	-0.0600061	0.0630653	0.000416842	0.00172198	-0.000363484
0.554857	-0.0600097	0.0630683	0.000728274	0.000280978	0.000829744
0.554856	-0.0600069	0.0630671	0.000313876	0.00130706	0.000547243
0.554857	-0.0600085	0.0630675	0.000389956	0.000371561	0.00025121
0.554855	-0.0600073	0.0630654	-0.000378656	0.000669575	-0.00059641
0.554855	-0.0600084	0.0630654	-0.000119765	0.000573014	-0.000153049
0.554857	-0.0600101	0.0630682	0.000232024	-6.95056e-05	0.000551679
0.554854	-0.0600093	0.0630666	-0.000713348	-0.000145954	-0.000160347
0.554856	-0.060012	0.0630676	0.000187759	-0.00110431	0.000200042
0.554858	-0.0600096	0.0630696	0.000777758	0.000436627	0.000705945
0.554854	-0.0600111	0.0630652	-0.000840002	-0.00048904	-0.000909958
0.554855	-0.0600087	0.0630675	-6.47118e-05	0.000376863	0.000167812
0.554857	-0.06001	0.0630674	0.000430939	-0.000224791	8.72071e-05
0.554855	-0.0600089	0.0630663	-0.000403782	0.000235069	-0.000302054
0.554858	-0.0600095	0.0630692	0.00075606	0.000364176	0.000667959
0.554859	-0.0600097	0.0630707	0.000713407	0.00028672	0.000911994
0.554853	-0.0600096	0.0630655	0.00162083	0.000267705	0.000701284
0.554858	-0.0600052	0.0630693	0.00270816	0.00154121	0.00189107
0.554855	-0.0600112	0.0630655	0.00116419	-0.00018144	3.16388e-06
0.554854	-0.0600082	0.0630646	0.000581829	0.000352506	-0.000144097
0.554855	-0.0600092	0.0630657	0.00109597	-0.000159012	0.000707277
0.554853	-0.060015	0.0630663	3.59238e-05	-0.00175032	0.000406658
0.554858	-0.0600105	0.0630685	0.00135825	6.91808e-06	0.000930214
0.554856	-0.0600088	0.0630678	0.000321535	0.000485956	0.000485975
0.55486	-0.0600064	0.0630719	0.00157086	0.00109829	0.00170258
0.554856	-0.0600066	0.0630692	4.48547e-05	0.00107699	0.000156299
0.554857	-0.0600084	0.0630682	0.000141778	0.00023405	-0.000221201
0.554856	-0.0600092	0.0630669	-0.000134239	-0.000456579	-0.000501325
0.554857	-0.0600069	0.0630702	0.000191356	0.000329149	0.000813797
0.554858	-0.0600083	0.0630691	0.000478082	3.25516e-05	0.00011529
0.554854	-0.0600133	0.0630655	-0.000934447	-0.00119942	-0.00113021
0.554861	-0.0600082	0.0630723	0.00178599	0.000668772	0.00148265
0.554853	-0.0600074	0.0630649	-0.00141633	0.000616283	-0.00147287
0.554854	-0.0600133	0.0630665	0.00035115	-0.000947719	0.000140113
0.554856	-0.0600134	0.0630707	0.000962872	-0.000953103	0.00159106
0.554857	-0.0600102	0.0630686	0.00081361	0.000375516	0.000420513
0.554855	-0.0600104	0.0630656	0.000102521	0.000147955	-0.000664712
0.554856	-0.0600055	0.0630668	0.000488988	0.00173195	-3.09307e-05
0.554854	-0.0600075	0.0630648	-0.000374846	0.000505415	-0.000668427
0.554856	-0.0600087	0.0630671	0.000412127	-5.89163e-05	0.000333381
0.554855	-0.0600104	0.0630656	-1.00573e-05	-0.000589826	-0.000260197
0.554855	-0.0600088	0.0630665	0.000303896	0.000183185	0.000321743
0.554856	-0.0600103	0.063067	0.000186615	-0.000402742	0.000245014
0.554856	-0.0600087	0.0630662	0.000296254	0.000244727	-0.000114111
0.554856	-0.0600098	0.0630697	0.000120524	0.000203854	0.000984269
0.554857	-0.0600102	0.0630696	0.000364834	-0.000268061	0.000688526
0.554855	-0.0600072	0.063065	-0.00036492	0.000712781	-0.00108052
0.554854	-0.0600105	0.0630644	0.000215394	-0.000462975	-0.000222615
0.554857	-0.0600101	0.0630678	0.00136699	-0.000151741	0.00102548
0.554854	-0.0600136	0.0630667	0.000116547	-0.0012604	0.000368298
0.554859	-0.060008	0.0630719	0.00156125	0.0009683	0.00163694
0.554856	-0.0600087	0.0630677	0.000191578	0.000466632	-1.90902e-05
0.554856	-0.0600115	0.0630678	0.000133416	-0.00019243	2.865e-05
0.554856	-0.0600152	0.0630689	-0.000176555	-0.00165636	0.000381689
0.554855	-0.0600106	0.0630667	-0.000270231	0.000339142	-0.000354047
0.554857	-0.0600085	0.0630689	0.000735907	0.00096759	0.00087191
0.554855	-0.0600104	0.063066	-0.000397412	-3.92369e-05	-0.000595191
0.554858	-0.0600083	0.0630701	0.000672995	0.000649185	0.000817287
0.554856	-0.0600102	0.0630681	-5.58461e-05	-0.000154358	0.000274222
0.554856	-0.0600085	0.0630678	0.000175279	0.000450908	-0.000150524
0.554856	-0.0600102	0.0630688	-9.01131e-05	-0.000224852	0.000230783
0.554856	-0.0600116	0.0630676	-3.46516e-05	-0.000234164	-0.000420814
0.554854	-0.0600094	0.0630657	-0.000830112	0.000272764	-0.000885664
0.554857	-0.0600055	0.0630678	0.000462508	0.00141077	0.000118118
0.554857	-0.0600099	0.0630666	0.0002772	-0.000169895	-0.000381453
0.554857	-0.0600105	0.0630686	0.000163706	-0.000593899	0.000450242
0.554855	-0.0600075	0.0630663	-0.000407176	0.000524571	-0.000416677
0.554856	-0.0600072	0.0630656	-0.000121461	0.000378237	-0.000613747
0.554858	-0.0600102	0.0630672	0.000671883	-0.000682242	0.000195018
0.554857	-0.0600069	0.0630676	0.000358118	0.000604547	0.000264532
0.554859	-0.0600081	0.0630705	0.000670511	4.48312e-06	0.00115228
0.554857	-0.0600053	0.0630682	-0.000518098	-0.00262998	6.96786e-06
0.554857	-0.0600053	0.063067	-0.000323613	-0.00204681	-0.000394255
0.554855	-0.0600092	0.063067	-0.000801006	-0.00323377	0.000101402
0.554857	-0.060008	0.0630696	0.000145041	-0.00167954	0.000714119
0.554853	-0.0600088	0.063065	-0.00133417	-0.00144081	-0.00115425
0.554858	-0.0600066	0.0630699	0.000547494	-0.00030432	0.000757831
0.554856	-0.0600072	0.0630678	-0.000314149	-0.000424112	-0.000157745
0.554857	-0.060007	0.0630683	0.000212607	-0.000233166	6.77775e-05
0.554857	-0.0600083	0.0630703	8.47241e-05	-0.00067222	0.000726405
0.554853	-0.060009	0.063062	-0.00126315	-0.000293898	-0.00235024
0.554854	-0.0600079	0.0630635	-0.000181894	-9.31998e-05	-0.000828446
0.554855	-0.0600073	0.0630672	9.9166e-05	1.11398e-05	0.000568033
0.554855	-0.0600089	0.0630655	-2.39371e-06	-0.000601934	-0.000222834
0.554857	-0.0600053	0.0630678	0.000538923	0.00115324	0.000543337
0.554855	-0.0600074	0.063065	-0.000102926	0.000117267	-0.000400206
0.554856	-0.0600084	0.063068	0.000305183	-0.000279928	0.000582044
0.554857	-0.0600067	0.0630696	0.000501935	0.000399358	0.00087197
0.554855	-0.0600102	0.0630678	-0.000383308	-0.0009021	-3.83761e-05
0.554859	-0.0600099	0.06307	0.000669779	-0.00049644	0.00061986
0.554857	-0.0600081	0.063069	0.000115881	0.000694477	5.63563e-05
0.554853	-0.0600079	0.0630641	-0.00137032	0.000228469	-0.00160625
0.554856	-0.0600055	0.0630672	-8.49652e-06	0.000876633	3.28407e-05
0.554856	-0.0600083	0.0630671	0.000555193	9.92371e-05	0.00013682
0.554855	-0.0600061	0.0630662	-0.000134321	0.000532071	9.67238e-05
0.554857	-0.0600099	0.0630693	0.000436914	-0.00106724	0.000825377
0.554856	-0.0600117	0.0630694	-0.00013598	-0.00133269	0.00049442
0.554857	-0.0600129	0.0630685	0.000326235	-0.000894808	-9.27875e-05
0.554858	-0.0600087	0.0630694	0.000485013	0.000509606	0.00028344
0.554855	-0.0600071	0.0630671	-0.000572908	0.000795392	-0.000561881
0.554855	-0.0600135	0.0630669	-0.000656662	-0.00162393	-0.000413552
0.554854	-0.0600074	0.0630655	-0.00056	0.000975703	-0.000389061
0.554852	-0.0600091	0.063063	-0.000938609	5.81368e-05	-0.00133569
0.554854	-0.0600104	0.0630644	-0.000175028	-0.000426909	-0.000497586
0.554851	-0.060014	0.0630634	-0.000998156	-0.00147097	-0.000706526
0.554851	-0.060014	0.0630645	-0.000784508	-0.000994272	-0.000116208
0.55485	-0.0600142	0.0630629	-0.000801319	-0.000727371	-0.000588751
0.554853	-0.0600122	0.0630637	-0.000315226	2.73595e-05	-0.000450878
0.554852	-0.0600121	0.0630667	-0.00241423	-0.000371162	-0.00290019
0.554854	-0.0600117	0.0630659	-0.00144545	0.000225337	-0.00274744
0.554849	-0.0600194	0.0630603	-0.0023978	-0.00267735	-0.00350303
0.554854	-0.0600166	0.0630654	-0.000340074	-0.000578115	-0.00110186
0.55485	-0.0600225	0.0630634	-0.00143695	-0.00265411	-0.00154786
0.554852	-0.0600139	0.063065	-0.00050634	0.000931905	-0.000677281
0.55485	-0.0600157	0.063061	-0.000869615	9.83071e-06	-0.00143443
0.554852	-0.0600168	0.0630653	-6.38824e-05	-0.000401854	0.000168576
0.554848	-0.0600207	0.0630608	-0.0012802	-0.0015771	-0.00149212
0.554848	-0.060019	0.0630589	-0.00115395	-8.87795e-05	-0.00177097
0.554849	-0.0600194	0.0630618	-0.00195405	-0.000845249	-0.00348105
0.554849	-0.0600222	0.0630631	-0.00126382	-0.00157517	-0.00196454
0.554847	-0.0600252	0.0630604	-0.00147194	-0.00170183	-0.00245478
0.554851	-0.0600221	0.0630633	9.43608e-06	-0.000441974	-0.000930555
0.554848	-0.0600225	0.0630595	-0.00121784	-0.000537429	-0.00203513
0.554846	-0.0600226	0.0630594	-0.0015185	-0.00044765	-0.00150805
0.554848	-0.0600207	0.0630612	-0.000419694	0.000322732	-0.000474632
0.554847	-0.0600208	0.0630609	-0.00036265	0.000178388	-0.000477682
0.554844	-0.0600227	0.0630594	-0.00139644	-0.000536124	-0.000844042
0.554847	-0.060025	0.0630625	5.64237e-05	-0.000717258	0.00035465
0.554846	-0.0600275	0.0630621	-5.92398e-05	-0.00153054	0.000313375
0.554846	-0.0600196	0.0630588	4.77799e-05	0.00152107	-0.000813961
0.554846	-0.0600268	0.0630608	9.4744e-05	-0.00101188	0.000124315
0.554846	-0.0600303	0.06306	-0.00131963	-0.00194366	-0.00110591
0.554846	-0.0600286	0.0630614	-0.000570761	-0.000702892	-0.000251404
0.554844	-0.0600275	0.0630569	-0.00109506	0.000350803	-0.00169476
0.554846	-0.0600262	0.0630611	-8.2636e-05	0.00041104	0.00027098
0.554846	-0.0600288	0.0630612	-0.000566088	-0.000314379	-9.62416e-05
0.554844	-0.0600256	0.0630579	-0.000714147	0.000172683	-0.000893963
0.554845	-0.0600257	0.0630604	-0.000131354	0.000238836	0.000199145
0.554846	-0.060024	0.0630615	0.000478238	0.000764954	0.000584286
0.554845	-0.0600259	0.0630592	-0.000154759	-8.70817e-05	-0.000436338
0.554844	-0.0600305	0.0630585	-0.000353523	-0.00119423	-0.000541697
0.554844	-0.0600296	0.063057	-0.00046091	-0.000346323	-0.000874494
0.554847	-0.0600263	0.0630606	0.000724303	0.000504588	0.000608448
0.554846	-0.0600272	0.0630614	0.000457563	0.000376495	0.00103326
0.554844	-0.0600283	0.0630583	-0.000403569	-0.000447343	-0.000608503
0.554846	-0.0600246	0.0630594	0.000333445	0.000854004	-1.73837e-05
0.554845	-0.0600244	0.0630599	0.0001016	0.000609171	0.000329959
0.554842	-0.0600281	0.0630555	-0.00113832	-0.000879355	-0.00137547
0.554842	-0.0600275	0.0630576	-0.000727209	4.09722e-06	-0.000339463
0.554842	-0.060024	0.0630543	-0.000433105	0.000946223	-0.00101321
0.554846	-0.0600214	0.0630599	0.000886073	0.00136303	0.00102184
0.554847	-0.0600227	0.0630601	0.00104097	0.000496643	0.00106171
0.554844	-0.0600189	0.063057	0.000142269	0.00124504	-3.28988e-05
0.554844	-0.0600241	0.0630594	-0.000191524	-0.000728428	0.000332752
0.554844	-0.0600226	0.0630574	0.000102398	0.000566927	-0.000135249
0.554843	-0.0600265	0.0630574	-0.000370633	-0.000744537	-0.000193534
0.554845	-0.0600203	0.0630592	0.00056597	0.00124766	0.000647118
0.554845	-0.0600203	0.0630592	0.000181093	0.000256269	0.00020222
0.554845	-0.060021	0.0630591	9.89846e-05	0.00013765	5.07679e-05
0.554846	-0.0600162	0.0630616	0.000604434	0.00177296	0.000813655
0.554844	-0.0600167	0.0630575	-0.000238239	0.00102536	-0.000828364
0.554846	-0.0600182	0.0630598	0.000304862	0.000264966	0.000494287
0.554847	-0.0600177	0.0630589	0.000512173	0.000707504	-0.000258088
0.554843	-0.060016	0.0630554	-0.00110382	0.000746396	-0.00141563
0.554846	-0.0600152	0.0630576	0.000556513	0.000667881	-0.000160455
0.554844	-0.0600126	0.0630553	-0.00052524	0.000900512	-0.000857667
0.554845	-0.0600128	0.0630587	0.000214883	0.0012019	0.000502326
0.554847	-0.0600123	0.0630618	0.000641839	0.000380003	0.00140693
0.554844	-0.0600085	0.0630551	-0.000503859	0.00213142	-0.00134896
0.554847	-0.0600118	0.0630578	0.00078203	0.000551621	0.000354092
0.554847	-0.0600137	0.0630591	0.000588023	-0.000167416	0.000404004
0.554847	-0.060013	0.0630579	0.000270402	-0.000620493	0.000220931
0.554849	-0.0600125	0.063061	0.000985538	0.000253355	0.00116303
0.554844	-0.0600113	0.0630544	-0.00117532	0.000372452	-0.00135302
0.554844	-0.0600093	0.0630552	-0.000727858	0.000763207	-0.000902016
0.554848	-0.0600069	0.0630597	0.000905121	0.0012817	0.000804256
0.554847	-0.0600087	0.0630595	0.000120017	0.000237451	0.000363248
0.554846	-0.0600099	0.0630575	-0.000246673	0.000170527	-0.000472593
0.554848	-0.0600045	0.0630606	0.000644996	0.00126776	0.00117954
0.554847	-0.0600104	0.0630593	-0.000108173	-0.00134705	0.000121781
0.55485	-0.0600065	0.0630619	0.000998999	0.000289785	0.000884995
0.554849	-0.0600049	0.0630611	0.00025264	0.000691224	0.000213336
0.554847	-0.060004	0.0630564	-0.000538725	0.000812178	-0.00139008
0.554844	-0.0600119	0.0630548	-0.000918763	-0.00161904	-0.000958872
0.554846	-0.0600091	0.0630566	-0.000107074	-0.000492047	-0.000368022
0.554846	-0.0600058	0.0630541	-0.00016025	0.000685404	-0.000787435
0.554844	-0.0600073	0.0630574	-0.000667012	-8.60919e-05	0.000279242
0.554846	-0.0600042	0.0630566	0.000225004	0.000972363	0.000182705
0.554846	-0.0600056	0.0630578	2.2247e-05	0.00022171	0.000636822
0.554846	-0.0600088	0.0630567	0.000456942	-0.000884535	0.00028381
0.554846	-0.0600086	0.0630585	3.82583e-05	-0.000590406	0.000283742
0.554847	-0.0600115	0.0630579	0.000236649	-0.000925924	9.89047e-05
0.554846	-0.0600059	0.0630575	6.67702e-05	0.000980243	7.86463e-05
0.554845	-0.0600121	0.0630566	-0.000339358	-0.00151659	-0.000212882
0.554845	-0.0600089	0.0630565	-0.000149739	2.14145e-05	-0.000167421
0.554847	-0.0600101	0.0630594	0.000407545	-0.000371594	0.000882882
0.554848	-0.0600083	0.0630595	0.00040513	0.000283663	0.000236283
0.554847	-0.0600068	0.0630589	6.94574e-05	0.000712952	0.000224492
0.554848	-0.0600069	0.0630589	0.000390101	0.000448774	0.000225133
0.554848	-0.0600096	0.0630588	0.000524953	-0.000140554	0.000255758
0.554849	-0.0600117	0.0630621	0.000540197	-0.00111438	0.000830068
0.554848	-0.0600116	0.0630604	-7.33293e-05	-0.000789638	0.000208631
0.554848	-0.0600114	0.0630597	5.23932e-05	-0.000503609	-0.000194352
0.55485	-0.0600111	0.0630616	0.000695183	-0.000246366	0.000658329
0.554848	-0.0600099	0.0630587	-0.000419657	0.000205775	-0.000862411
0.554848	-0.0600097	0.0630591	-2.70995e-05	0.000221684	-0.000162448
0.554846	-0.0600118	0.0630573	-0.000677573	-0.000541551	-0.000645083
0.554847	-0.0600101	0.0630591	-0.000506545	0.000184625	-0.000154913
0.554846	-0.0600131	0.0630606	-0.000142309	-0.000871972	0.000478275
0.554845	-0.0600102	0.0630584	-0.000346473	0.000418906	-0.000380097
0.554849	-0.0600138	0.0630648	0.00109824	0.00293757	0.00188849
0.554846	-0.0600138	0.0630577	-0.000111255	0.00200327	-0.000946598
0.554845	-0.0600119	0.0630581	-0.000217836	0.0021096	-0.000590719
0.554846	-0.0600118	0.0630579	-6.2079e-05	0.00158208	-0.000349686
0.554846	-0.0600161	0.0630578	2.69989e-05	0.000120735	-0.000393008
0.554847	-0.0600165	0.063057	0.000196426	0.000163554	-0.000497061
0.554849	-0.060015	0.0630606	0.000590854	0.000297051	0.000618929
0.554845	-0.0600167	0.0630581	-0.000548603	-0.000410112	-0.000302818
0.554846	-0.060015	0.063058	0.000443108	0.0038457	-5.23708e-05
0.554849	-0.0600127	0.0630622	0.00137867	0.00365149	0.00146017
0.554848	-0.060013	0.0630601	0.000359324	0.00257535	0.00028156
0.554848	-0.0600131	0.0630602	9.65471e-05	0.00183382	-0.000131866
0.554847	-0.0600146	0.0630608	-0.000232758	0.000854205	-2.09445e-05
0.554847	-0.0600149	0.0630603	0.000297189	0.000700644	0.000336958
0.554847	-0.0600164	0.0630591	-3.38395e-05	-1.63471e-05	-0.000191109
0.554848	-0.0600145	0.0630602	0.000267486	0.000649818	0.000234155
0.554846	-0.0600162	0.0630614	-0.000511	-0.000127998	0.000190839
0.554847	-0.0600145	0.0630608	-9.71548e-05	0.000497098	-0.000185616
0.554847	-0.0600159	0.0630606	-0.000167922	0.000301715	-0.000329527
0.554846	-0.060015	0.0630585	-0.000441991	0.000663315	-0.000959536
0.554845	-0.0600107	0.0630565	-0.000264582	0.00154714	-0.000864412
0.55485	-0.0600144	0.0630624	0.00124324	-0.00027701	0.00154118
0.554849	-0.0600173	0.063063	0.000831528	-0.0011995	0.00125864
0.554848	-0.0600172	0.063061	-9.76447e-06	-0.000407124	0.000128121
0.554849	-0.0600148	0.0630621	0.000613756	0.000336441	0.000689014
0.554847	-0.0600117	0.0630584	1.02811e-05	0.00119647	-0.000664755
0.554849	-0.0600129	0.0630605	0.000192517	0.000316913	9.21163e-05
0.554847	-0.0600146	0.0630614	-0.000397455	-0.000351603	0.000279778
0.554851	-0.0600139	0.0630647	0.000661998	-7.25677e-05	0.000923196
0.55485	-0.0600106	0.0630631	0.000551844	0.00152068	0.000493789
0.554848	-0.0600116	0.0630619	-9.98462e-05	0.000450427	7.63443e-05
0.554847	-0.0600117	0.0630602	-0.000850396	9.75532e-05	-0.00100743
0.554849	-0.0600156	0.0630639	0.000219206	-0.000816677	0.000632198
0.55485	-0.0600115	0.063062	0.000277799	0.000525984	-8.24397e-05
0.554849	-0.0600098	0.063064	-1.15102e-05	0.00084934	0.000562561
0.554848	-0.0600115	0.0630597	-0.000432068	-3.30207e-05	-0.000959867
0.554851	-0.0600078	0.0630628	0.000841869	0.00118722	0.000233913
0.554849	-0.0600079	0.0630646	-0.000110336	0.000717461	0.000520852
0.554848	-0.0600141	0.0630611	-0.000430307	-0.00119441	-0.000698056
0.554849	-0.060011	0.0630625	9.81516e-05	0.00038709	0.000197457
0.554846	-0.0600124	0.063058	-0.00100246	-0.000538802	-0.00129039
0.554848	-0.0600098	0.0630612	-0.000228586	0.000328321	-0.000155377
0.554845	-0.0600086	0.0630585	-0.0011787	0.000560341	-0.00109669
0.554846	-0.0600083	0.0630593	-0.000422838	0.000436394	-0.00059592
0.554847	-0.0600083	0.0630593	0.000577772	0.000403734	0.000199828
0.554844	-0.0600098	0.0630577	-0.000959573	0.000104759	-0.000764893
0.554845	-0.0600073	0.0630594	-0.000374781	0.000627458	-4.32541e-05
0.554844	-0.0600073	0.0630568	-0.000228425	0.000386589	-0.00066125
0.554842	-0.0600059	0.0630553	-0.000706634	0.000736023	-0.000582334
0.554839	-0.0600095	0.0630541	-0.00130769	-0.00069194	-0.00065221
0.55484	-0.0600092	0.0630534	-0.00067291	8.21946e-05	-0.000742986
0.554836	-0.0600073	0.0630496	-0.00162765	0.000392666	-0.00167282
0.554838	-0.0600067	0.0630507	-0.000303656	0.000409437	-0.000733837
0.554835	-0.060007	0.0630474	-0.00149734	4.70049e-05	-0.00194942
0.554835	-0.0600086	0.0630488	-0.000727449	-0.000486739	-0.000587008
0.554834	-0.0600088	0.0630478	-0.000873109	-0.000385509	-0.000621027
0.554835	-0.0600054	0.063048	-0.000615092	0.000822756	-0.000680264
0.554831	-0.0600057	0.0630448	-0.00101723	0.000947569	-0.00119398
0.55483	-0.0600097	0.0630418	-0.00106082	-0.00101206	-0.00194217
0.554832	-0.0600077	0.0630451	-0.000203743	-8.45508e-05	-0.000262224
0.554829	-0.0600065	0.0630418	-0.00118783	0.000304984	-0.00126664
0.554829	-0.0600068	0.0630397	-0.000890867	0.000138919	-0.00158837
0.554828	-0.0600084	0.0630389	-0.000599677	0.00321763	-0.00176541
0.554827	-0.0600038	0.0630377	-0.000224776	0.00403949	-0.00132563
0.554826	-0.0600022	0.0630385	-0.000502515	0.00347026	-0.000588718
0.554823	-0.0600077	0.0630339	-0.000922535	0.000689151	-0.00178858
0.554822	-0.0600076	0.0630335	-0.000904129	0.00063537	-0.00122954
0.554822	-0.0599985	0.0630301	-0.000128665	0.00705422	-0.00191541
0.554823	-0.0600043	0.0630337	0.000323317	0.00313971	-8.85286e-05
0.554821	-0.0600002	0.0630294	-0.000579073	0.00373583	-0.00150745
0.554819	-0.0600019	0.0630301	-0.00055153	0.00216687	-0.000589682
0.554819	-0.0600009	0.0630276	-3.45796e-06	0.001597	-0.000870633
0.554818	-0.0600021	0.0630279	-0.000257742	0.000640894	-0.000369383
0.554814	-0.0600009	0.0630227	-0.00148353	0.00134897	-0.00204188
0.554817	-0.0600021	0.0630274	-0.000165237	0.000699857	0.000414993
0.554815	-0.0599998	0.0630227	-0.000176943	0.00488981	-0.00138717
0.554816	-0.060001	0.0630251	0.000659956	0.00327747	0.000200875
0.554813	-0.0599986	0.063023	-0.000776054	0.00277137	-0.000723121
0.55481	-0.0599975	0.0630193	-0.00112325	0.00235576	-0.00122277
0.554812	-0.0599967	0.06302	0.000107847	0.00194079	-0.000399034
0.554812	-0.060001	0.0630219	0.000229997	0.000389167	0.000318536
0.554807	-0.0599997	0.0630144	-0.00157696	0.000502265	-0.00219612
0.55481	-0.0599987	0.0630186	0.000464742	0.000681693	0.000430837
0.55481	-0.0599974	0.0630173	0.000592548	0.000955279	0.000124159
0.554806	-0.0599993	0.0630148	-0.000877377	5.84694e-05	-0.000657016
0.554808	-0.0599988	0.0630182	0.000232445	0.000229221	0.000694342
0.554806	-0.0599976	0.0630141	-0.000334101	0.00061921	-0.000685154
0.554804	-0.0599963	0.0630127	-0.00182151	0.000631523	-0.00259695
0.554807	-0.0599962	0.0630159	-0.000147063	0.000470136	-0.000698987
0.554804	-0.0599934	0.0630127	-0.000570272	0.00133696	-0.00106646
0.554806	-0.059993	0.0630149	0.000244408	0.00101303	-4.95265e-05
0.554804	-0.0599949	0.0630136	-0.000309454	9.70654e-05	-0.0003203
0.554804	-0.059994	0.0630117	-0.000223879	-3.96683e-05	-0.00073405
0.5548	-0.0599924	0.0630061	-0.00137829	0.000464771	-0.00197805
0.554805	-0.0599885	0.0630109	0.000733096	0.00148586	2.63135e-05
0.554803	-0.0599934	0.0630125	5.06903e-05	-0.000606192	0.000664469
0.554802	-0.0599889	0.0630092	-0.0015781	0.000936836	-0.00114973
0.554803	-0.0599888	0.0630087	-0.00152479	0.000465391	-0.00254296
0.554803	-0.059987	0.0630109	-0.000597556	0.000900063	-0.0009222
0.554801	-0.0599878	0.0630095	-0.00136394	0.00177462	-0.00156837
0.554801	-0.0599888	0.0630104	-0.000695454	0.000867103	-0.00105868
0.554801	-0.0599883	0.0630113	-0.000147349	0.00125364	-0.000190976
0.5548	-0.059986	0.0630088	-0.000426112	0.00137752	-0.000838863
0.5548	-0.0599887	0.0630068	-0.000423025	0.000407966	-0.00129617
0.554803	-0.0599871	0.0630117	0.000845391	0.000538054	0.000779227
0.5548	-0.0599842	0.0630085	0.000525653	0.00144196	0.000131046
0.554802	-0.0599807	0.0630093	0.00127437	0.00216269	0.000476463
0.554803	-0.0599869	0.0630138	0.00104592	-0.0010418	0.0017959
0.554806	-0.0599801	0.0630134	0.00153895	0.00148221	0.00106141
0.554806	-0.059983	0.0630143	0.0014395	6.81984e-06	0.00118596
0.554807	-0.0599829	0.0630157	0.00125923	6.34836e-05	0.00131532
0.554804	-0.0599818	0.063011	0.000266276	0.000464041	-0.00028325
0.554806	-0.0599785	0.063013	0.000740554	0.00100117	0.000710242
0.554804	-0.0599833	0.0630117	-0.00164081	-0.00126176	-0.000791787
0.554807	-0.0599795	0.0630137	-0.000199533	0.00218686	-0.000301465
0.554805	-0.0599797	0.0630148	-0.000869148	0.00153132	9.50348e-05
0.554807	-0.0599795	0.063014	5.90045e-05	0.00118037	-0.000266821
0.554808	-0.0599775	0.0630164	0.000485411	0.00153823	0.000553531
0.554808	-0.0599807	0.0630178	0.000112761	1.82746e-05	0.000808458
0.554812	-0.0599757	0.0630216	0.00121867	0.00128986	0.00140589
0.55481	-0.059976	0.0630176	0.000213609	0.000264823	-8.48219e-05
0.554808	-0.0599733	0.0630169	4.84048e-06	0.00179347	-8.01903e-05
0.554811	-0.0599777	0.0630207	0.000658686	-0.00083148	0.00116403
0.55481	-0.0599737	0.0630216	0.000496456	0.000594923	0.00124708
0.554812	-0.0599714	0.0630204	0.000254107	0.00142489	-0.000141698
0.554811	-0.0599751	0.0630217	4.76804e-05	-0.000141296	0.000500874
0.554812	-0.0599706	0.0630219	2.64822e-05	0.000970028	9.11628e-05
0.554812	-0.0599707	0.0630211	-4.08629e-05	0.00180669	-0.000312494
0.554814	-0.0599709	0.063025	0.00113678	0.00157547	0.00150791
0.554814	-0.059973	0.0630235	0.000744473	0.000157592	0.000623843
0.554814	-0.0599724	0.0630237	0.000646827	0.000694543	0.000555006
0.554811	-0.0599746	0.063023	-0.000597724	-0.000106934	0.000124788
0.554814	-0.0599684	0.0630235	0.000638619	0.00167515	8.569e-05
0.554814	-0.05997	0.0630224	0.000242972	0.000532147	-0.000187924
0.554814	-0.0599731	0.0630239	0.00188311	-0.000746607	0.00374462
0.554811	-0.0599715	0.063023	0.000349657	-0.000108071	0.00220296
0.554812	-0.0599707	0.0630223	0.00156289	0.000780042	0.00218301
0.554812	-0.0599733	0.0630218	0.00141106	-0.000515491	0.00169639
0.554812	-0.0599727	0.0630233	0.000885156	-0.000291432	0.00151956
0.554812	-0.0599733	0.0630233	0.000772775	-0.000724207	0.00139792
0.554811	-0.0599695	0.0630209	0.00074703	0.00109659	0.000502125
0.554812	-0.0599713	0.0630238	0.000151502	-0.000253248	0.000911692
0.554812	-0.0599723	0.0630222	0.000424877	-0.000180427	0.00014507
0.554811	-0.0599729	0.0630204	0.00107678	-1.78306e-05	0.00040957
0.55481	-0.0599715	0.06302	0.000644984	0.000548008	0.000470158
0.554812	-0.0599718	0.0630223	0.0008179	-8.66812e-05	0.00102969
0.55481	-0.0599741	0.0630222	0.00016314	-0.000602945	0.000502067
0.554814	-0.0599741	0.0630248	0.000581624	-0.000830857	0.000846897
0.554811	-0.0599761	0.0630213	-0.000960641	-0.00137043	-0.000720809
0.554814	-0.0599724	0.0630246	0.000218481	0.000276844	0.000564337
0.554815	-0.0599718	0.0630228	0.000417435	-0.00288784	0.0004658
0.554809	-0.0599766	0.0630194	-0.00165976	-0.00412703	-0.000768377
0.554811	-0.0599727	0.063021	-0.000451959	-0.00176336	-4.82932e-05
0.554811	-0.0599743	0.0630209	-0.000499013	-0.00195915	-0.000247179
0.554811	-0.059976	0.0630206	0.000109964	-0.00191971	0.00025612
0.554811	-0.0599772	0.0630209	1.6264e-06	-0.00139825	0.000146598
0.554811	-0.0599778	0.0630216	-0.000170166	-0.00148019	0.000384113
0.554813	-0.0599788	0.0630229	0.000600653	-0.0014713	0.000731396
0.554811	-0.0599774	0.0630203	-0.000266428	-0.000590497	-0.000369119
0.554812	-0.0599787	0.0630226	0.000531543	-0.000457262	0.000646458
0.554812	-0.059979	0.06302	-0.000191915	-0.000444887	-0.000657094
0.554815	-0.0599783	0.0630251	0.00102083	-6.83061e-05	0.00127814
0.554815	-0.0599784	0.0630251	0.000679022	-3.26309e-05	0.000848368
0.554812	-0.0599807	0.0630186	-0.000643712	-0.000805408	-0.00159968
0.554812	-0.059982	0.0630205	-8.53942e-05	-0.000924714	-0.000231902
0.554813	-0.0599786	0.0630223	0.000262656	0.000475746	0.000307103
0.55481	-0.0599806	0.0630195	-0.000962815	-0.00037907	-0.000786627
0.554811	-0.0599836	0.0630215	-3.41803e-05	-0.00117996	0.000335163
0.554816	-0.0599844	0.0630267	0.00127295	-0.00109815	0.00180495
0.554813	-0.0599877	0.0630265	-0.000149058	-0.00183586	0.00109903
0.554813	-0.0599848	0.0630232	2.20093e-05	-0.000278527	-0.000373108
0.554816	-0.0599841	0.0630265	0.000870032	6.34372e-05	0.000857796
0.554813	-0.0599831	0.0630229	-0.000746599	0.000339949	-0.00102863
0.554813	-0.0599846	0.0630232	-7.78146e-05	-0.000244677	-0.000313731
0.554813	-0.0599847	0.0630239	-0.000161023	-0.000186619	7.87731e-05
0.554814	-0.0599848	0.0630247	-3.1086e-05	-0.000200943	0.000268632
0.554814	-0.0599878	0.063024	1.50271e-05	-0.00114629	-7.31859e-05
0.554811	-0.0599867	0.0630208	-0.000898299	-0.000372791	-0.0014052
0.554815	-0.0599847	0.0630248	0.000868094	0.000438752	0.000686949
0.554812	-0.0599862	0.0630242	-0.000567353	-0.000251448	-3.01706e-05
0.554813	-0.0599865	0.0630223	-1.36849e-06	-0.000197681	-0.000389828
0.554813	-0.0599863	0.0630237	-0.000211303	-0.000128584	-5.00849e-05
0.554814	-0.0599874	0.0630254	0.000522009	3.01334e-05	0.000707045
0.554813	-0.0599867	0.0630235	0.000104546	-4.71518e-05	-1.43741e-05
0.554816	-0.0599816	0.0630239	0.000349936	0.00148451	-0.000366554
0.554811	-0.0599853	0.0630202	-0.000868785	-0.000230497	-0.00109235
0.554815	-0.0599846	0.0630243	0.000746345	8.7097e-05	0.000750504
0.554813	-0.0599846	0.0630236	-0.000182894	6.93352e-05	0.000338046
0.554811	-0.0599865	0.0630229	-0.000748914	-0.000610467	-0.000367912
0.554815	-0.0599828	0.0630262	0.000875336	0.00083536	0.0011118
0.554813	-0.0599862	0.0630233	-1.86007e-05	-0.000564088	-0.000159138
0.554813	-0.059985	0.0630219	-0.000140069	2.31179e-05	-0.000545566
0.554814	-0.0599833	0.0630245	0.000205979	0.00058848	0.00012416
0.554818	-0.0599838	0.0630296	0.00118056	0.00019352	0.00167517
0.554816	-0.059981	0.0630277	0.000417167	0.00106388	0.000744683
0.55481	-0.0599837	0.0630209	-0.00170953	-0.000176478	-0.00160319
0.554815	-0.0599815	0.0630245	0.000416781	0.000646519	0.000172497
0.554816	-0.0599812	0.0630265	0.00332523	0.000865759	0.00229416
0.554816	-0.0599826	0.0630251	0.0025502	0.000165324	0.00133613
0.554812	-0.0599835	0.0630225	0.000835392	-0.000140342	0.000200377
0.554816	-0.0599828	0.0630272	0.00124094	6.20557e-05	0.0012305
0.554817	-0.0599765	0.0630272	0.00161109	0.0022226	0.00125086
0.554814	-0.0599815	0.0630246	0.000131011	-0.00019627	-0.000240384
0.554818	-0.0599853	0.0630303	0.00163613	-0.00502528	0.00288596
0.554815	-0.059983	0.0630238	0.000207259	-0.00288019	-5.52893e-05
0.554816	-0.0599795	0.0630263	0.000746476	-0.000968409	0.000911006
0.554819	-0.0599822	0.0630306	0.000201681	-0.00196537	0.000982242
0.554817	-0.059981	0.0630288	-0.000359274	-0.00098825	0.000338154
0.554822	-0.0599756	0.0630311	0.00198034	0.00115635	0.00130172
0.554819	-0.0599792	0.0630292	0.000499192	-0.000455133	0.000623696
0.55482	-0.0599807	0.0630301	0.000817629	-0.000808369	0.0008413
0.554818	-0.0599792	0.0630282	7.20006e-05	-9.53457e-05	4.90779e-06
0.554817	-0.0599842	0.0630277	-0.000207874	-0.00172511	-0.000133438
0.554821	-0.0599832	0.0630327	0.000807306	-0.000487205	0.00113328
0.554819	-0.0599794	0.0630301	0.000136484	0.000669319	0.000203108
0.554818	-0.0599809	0.0630286	-0.000331121	-0.000171168	-0.000605213
0.554822	-0.059974	0.0630312	0.00119507	0.00217223	0.000755847
0.554821	-0.0599774	0.0630308	0.000319295	0.000322186	0.000449409
0.554822	-0.05998	0.0630348	0.000239412	-0.00075663	0.00111609
0.554822	-0.0599785	0.063033	0.000195277	0.000453367	5.10571e-05
0.554823	-0.0599774	0.0630329	0.000472462	0.000365458	7.86371e-05
0.554821	-0.0599806	0.0630322	-7.85679e-05	-0.000877408	0.000132919
0.554819	-0.0599776	0.0630288	-0.000650983	0.000395236	-0.00085208
0.55482	-0.0599822	0.0630297	-0.000155334	-0.00124459	-0.000215891
0.554821	-0.0599819	0.0630323	0.000171778	-0.000775768	0.000367472
0.554822	-0.0599771	0.0630331	0.000322566	0.0010599	0.00040926
0.554821	-0.0599772	0.0630319	-3.6939e-06	0.000644686	-0.000163766
0.55482	-0.0599804	0.0630324	-0.000143929	-0.000603618	0.000426144
0.554818	-0.0599807	0.0630283	-0.000881397	-0.000509334	-0.00135265
0.554823	-0.0599783	0.0630342	0.000948282	0.000428959	0.000978534
0.554819	-0.0599804	0.0630321	-0.000650117	-0.000396348	-8.45034e-05
0.554818	-0.0599807	0.063027	-0.000915905	-0.000376	-0.00175269
0.554821	-0.0599755	0.0630317	0.000610259	0.00147341	0.000407072
0.55482	-0.0599818	0.0630344	3.52441e-05	-0.00111245	0.00116558
0.554819	-0.0599804	0.0630292	-0.000518463	0.00013002	-0.00103883
0.554819	-0.0599808	0.0630298	-6.72757e-05	0.000151239	-0.000181296
0.55482	-0.0599812	0.0630296	7.52385e-05	-0.000423674	-0.000354009
0.554822	-0.0599787	0.0630343	0.00105597	0.000468408	0.0016646
0.554823	-0.0599784	0.0630324	0.00105325	0.000355091	0.000584893
0.554818	-0.0599809	0.0630274	-0.00107255	-0.00059653	-0.00124264
0.554821	-0.0599786	0.0630327	0.00129684	0.000510831	0.00124389
0.55482	-0.0599774	0.0630303	0.000488312	0.000785434	0.00035217
0.55482	-0.0599758	0.0630308	0.000606339	0.00109792	0.000600779
0.554822	-0.0599786	0.0630335	0.00105985	-0.0001505	0.00128419
0.554821	-0.0599774	0.0630297	0.00013093	0.00023059	-0.00057728
0.554824	-0.0599752	0.063034	0.000986281	0.000829649	0.000768515
0.554822	-0.0599769	0.063032	0.000458846	2.91046e-05	0.000194058
0.554822	-0.0599783	0.0630315	4.63764e-05	-4.17138e-05	-0.000369182
0.554826	-0.0599784	0.0630359	0.00143991	-0.00393471	0.00236997
0.554827	-0.0599749	0.063036	0.00132122	-0.00188371	0.00146309
0.554825	-0.0599749	0.0630362	0.000215868	-0.00150259	0.00138387
0.554826	-0.059978	0.063036	0.000403642	-0.00224053	0.000592311
0.554825	-0.0599781	0.0630352	-0.000130253	-0.00164396	9.79863e-05
0.554829	-0.0599729	0.0630378	0.00115753	0.000536388	0.00107784
0.554831	-0.0599724	0.0630402	0.00128877	0.00038817	0.00122215
0.554832	-0.0599755	0.0630416	0.00127311	-0.000795272	0.00138927
0.554831	-0.0599724	0.0630419	0.000763964	0.000480474	0.00107523
0.55483	-0.0599726	0.0630395	0.000331755	0.000253066	0.000278355
0.55483	-0.0599713	0.0630386	0.000155471	0.000618316	3.75284e-05
0.554834	-0.0599735	0.0630437	0.001384	-0.000390787	0.00155429
0.554835	-0.0599733	0.0630459	0.000769693	-0.000257706	0.00136291
0.554835	-0.0599705	0.0630447	0.000712852	0.000811695	0.000545397
0.554837	-0.0599699	0.0630482	0.001028	0.000671493	0.00138314
0.554834	-0.0599735	0.0630438	-0.000332332	-0.000761548	-0.000304962
0.554835	-0.0599703	0.0630468	-7.66078e-05	0.00057036	0.000497514
0.554838	-0.059973	0.0630498	0.00091143	-0.000541225	0.00123456
0.554835	-0.0599718	0.0630462	-0.000265678	3.42418e-05	-0.000334599
0.55484	-0.0599662	0.0630522	0.00162448	0.00187559	0.00178853
0.554837	-0.0599683	0.0630485	0.000121072	0.000552407	-3.3892e-05
0.554838	-0.0599649	0.0630496	0.000379034	0.0014786	0.000343878
0.554839	-0.0599649	0.063052	0.000593071	0.000603374	0.00106021
0.554841	-0.0599629	0.0630522	0.00054193	0.000916559	0.000847984
0.554838	-0.0599628	0.0630497	-0.000336983	0.00101751	-0.00031795
0.55484	-0.0599633	0.06305	0.000380271	0.000215555	-0.0001465
0.55484	-0.0599675	0.0630507	0.000224531	-0.000929555	0.000122804
0.554843	-0.0599624	0.0630552	0.000963249	-0.00252992	0.00222479
0.554843	-0.0599614	0.0630542	0.000433743	-0.00204237	0.00108737
0.55484	-0.0599675	0.0630535	-0.000238945	-0.00369961	0.000755011
0.554842	-0.0599612	0.0630513	-8.71646e-05	-0.000630253	-0.000393425
0.554839	-0.0599629	0.063052	-0.000529775	-0.00108215	0.00019501
0.554841	-0.0599569	0.0630503	0.00014272	0.000763535	-0.00041898
0.554844	-0.059957	0.063056	0.000948016	0.000673061	0.00152464
0.554841	-0.0599563	0.063052	-0.00060731	0.000691255	-0.000433411
0.55484	-0.059958	0.0630518	-0.000460236	-0.00010241	-0.000277935
0.554842	-0.0599592	0.0630544	0.000356896	-0.000513279	0.000681909
0.55484	-0.0599596	0.0630529	-0.00056528	-0.000490774	-1.81011e-05
0.554842	-0.0599576	0.0630548	0.00028455	0.000326587	0.000606674
0.55484	-0.0599565	0.0630528	-0.000185526	0.00058918	-0.000448926
0.554842	-0.0599597	0.0630547	-0.000551496	-0.00126718	-9.22395e-05
0.554839	-0.0599583	0.0630514	-0.00154121	-0.000537855	-0.00115218
0.554838	-0.0599582	0.0630499	-0.00132385	-0.000390342	-0.00137548
0.55484	-0.0599567	0.0630528	-0.000449984	-0.000191816	0.000106256
0.554842	-0.0599569	0.0630528	0.00028998	0.000463752	-3.53118e-05
0.554839	-0.0599585	0.0630485	0.000360598	-0.000206198	-0.000843623
0.554842	-0.0599593	0.0630542	0.0013132	-0.00043448	0.00157838
0.554837	-0.0599566	0.0630498	-0.000637752	0.000586192	-0.000526631
0.554839	-0.0599627	0.0630506	6.06379e-05	-0.00165915	-9.00181e-05
0.554842	-0.0599576	0.0630543	0.00110979	0.000592967	0.00116977
0.554837	-0.0599601	0.0630462	-0.000934272	-0.000439211	-0.00190494
0.554838	-0.0599568	0.0630493	-0.000232047	0.000385777	-0.000128489
0.554838	-0.0599546	0.0630502	-0.00188896	0.000872716	-0.00315981
0.554837	-0.0599606	0.0630496	-0.00170566	-0.00213806	-0.00247707
0.554836	-0.05996	0.0630483	-0.00177534	-0.00148638	-0.00227375
0.554833	-0.0599599	0.063045	-0.00203425	-0.000656314	-0.00284956
0.554833	-0.0599614	0.0630447	-0.00146724	-0.00042751	-0.00213491
0.554837	-0.0599601	0.0630492	0.00029093	-0.000107072	5.03021e-05
0.55483	-0.0599646	0.0630398	-0.00201821	-0.00203181	-0.00294785
0.554831	-0.0599621	0.0630407	-0.00122652	-0.000316898	-0.00199421
0.55483	-0.0599614	0.063039	-0.00105293	-0.000293596	-0.00175452
0.55483	-0.059964	0.0630408	-0.000848875	-0.00116989	-0.000614488
0.554831	-0.0599639	0.0630407	-0.000278167	-0.000786242	-0.000501219
0.554827	-0.059964	0.0630392	-0.0012382	-0.000116014	-0.000759755
0.554827	-0.0599647	0.0630397	-0.000864067	-0.000641401	-0.000415296
0.554825	-0.0599604	0.0630345	-0.00116626	0.000971203	-0.00184733
0.554825	-0.0599678	0.0630356	-0.000946469	-0.00188555	-0.00101504
0.554824	-0.0599706	0.063038	-0.00056341	-0.00176297	0.000169463
0.554825	-0.0599697	0.0630367	-0.000349965	-0.00118081	-0.000382574
0.554824	-0.059968	0.0630358	0.000842017	2.61142e-06	0.00232869
0.55482	-0.0599715	0.0630323	-0.000473877	-0.0011358	0.000916508
0.554819	-0.0599716	0.0630315	-0.000213785	-0.000724998	0.000813991
0.554816	-0.0599722	0.0630277	-0.00094753	-0.000650061	-0.000479288
0.554818	-0.0599763	0.0630314	-0.000131343	-0.00134668	0.000865526
0.554816	-0.0599745	0.0630266	-0.000760644	-0.00056251	-0.00079339
0.554814	-0.059974	0.0630263	-0.00109644	9.80364e-05	-0.000693918
0.554811	-0.0599764	0.0630234	-0.00158622	-0.000625336	-0.00142977
0.55481	-0.0599795	0.0630216	-0.00142338	-0.00145539	-0.00142795
0.554808	-0.05998	0.0630225	-0.0013075	-0.00146534	-0.000432802
0.554809	-0.0599796	0.0630195	-0.000820365	-0.000516671	-0.00139015
0.554807	-0.0599785	0.0630175	-0.00113758	3.80101e-05	-0.00171719
0.554806	-0.0599848	0.0630183	-0.00110322	-0.00202809	-0.000713051
0.554803	-0.0599766	0.0630135	-0.001294	0.00107006	-0.00147813
0.554803	-0.0599821	0.0630138	-0.000829219	-0.000797831	-0.00113024
0.554801	-0.0599853	0.0630134	-0.00110918	-0.00112927	-0.000618713
0.554801	-0.0599756	0.0630116	-0.000695198	0.00184409	-0.000810038
0.5548	-0.0599854	0.0630134	-0.000717236	-0.00186777	-0.000327352
0.554798	-0.0599833	0.0630106	-0.00102792	-0.00086018	-0.000837063
0.554795	-0.0599863	0.0630064	-0.00192132	-0.00132605	-0.00229337
0.554797	-0.0599846	0.0630092	-0.000728439	-0.000217226	-0.000629599
0.554795	-0.059979	0.0630069	-0.000662951	0.00180754	-0.00108369
0.554796	-0.0599839	0.0630069	-1.25482e-05	-0.000784852	-0.000590796
0.554794	-0.0599845	0.0630076	-0.00114209	-0.000113495	-0.000429999
0.554793	-0.0599839	0.0630047	-0.000830778	0.000366853	-0.00112292
0.554794	-0.0599843	0.0630042	-7.99426e-05	-0.000233004	-0.000773388
0.554793	-0.0599857	0.0630044	-0.000192646	-0.000650866	-0.000142949
0.554788	-0.0599831	0.0629993	-0.0016323	0.000383401	-0.00157788
0.554794	-0.0599812	0.0630048	0.00106777	0.000550365	0.00101559
0.554791	-0.0599778	0.0630009	-1.94227e-05	0.00178971	-0.000632624
0.554792	-0.0599747	0.0630012	0.000137831	0.00232782	-0.000318193
0.554792	-0.0599732	0.0630011	0.000116525	0.00207011	-0.000234979
0.554792	-0.0599747	0.0630013	0.000463082	0.00090091	0.000192399
0.554792	-0.0599719	0.0630007	0.000342123	0.00115427	2.78533e-05
0.55479	-0.0599718	0.0629984	-0.00038407	0.00109113	-0.000715696
0.554789	-0.0599714	0.0629987	-9.93628e-05	0.00140128	-0.00025807
0.55479	-0.0599681	0.0629991	0.000372247	0.00144953	5.97471e-05
0.55479	-0.0599628	0.0629983	0.000332876	0.00250041	-0.000168402
0.55479	-0.0599621	0.062999	0.000490241	0.00224336	0.000352694
0.554789	-0.0599615	0.0629976	-0.000248475	0.00140682	-0.000372873
0.554791	-0.0599607	0.063	0.000885436	0.00111479	0.000721461
0.554792	-0.0599497	0.062998	0.0025934	0.00477464	0.00310544
0.55479	-0.0599484	0.0629956	0.000127781	0.00350094	0.00126259
0.554791	-0.0599471	0.0629962	7.47651e-05	0.00233526	0.000982743
0.55479	-0.0599419	0.062995	-0.000368073	0.00358449	0.000198381
0.554791	-0.0599438	0.062998	0.000439221	0.00147683	0.00145359
0.554788	-0.0599393	0.0629957	-0.000535683	0.002405	0.000340448
0.554791	-0.0599373	0.062998	0.000791858	0.00365075	0.000818208
0.554785	-0.0599411	0.0629932	-0.00158084	0.00115772	-0.0010807
0.55479	-0.0599307	0.0629969	0.000471909	0.00279129	0.000455213
0.554788	-0.0599297	0.0629943	-0.00166543	0.00112099	-0.00218326
0.55479	-0.0599256	0.062997	-0.000444601	0.00349502	-0.000747504
0.554785	-0.0599234	0.0629885	0.000226209	0.00588246	-0.000897882
0.554789	-0.0599188	0.0629913	0.00173298	0.00596807	0.00225085
0.554787	-0.0599153	0.0629867	0.00236767	0.00713435	0.00247204
0.554789	-0.0599087	0.0629834	0.00332061	0.00702323	0.00172731
0.554788	-0.0599018	0.0629802	0.00163628	0.00543063	-2.99346e-05
0.554789	-0.0598957	0.0629778	0.000724443	0.00529489	-0.00175139
0.554791	-0.0598884	0.0629738	0.00332802	0.00656202	-0.000886088
0.55479	-0.0598838	0.0629689	0.00209346	0.00758113	-0.00205701
0.554793	-0.0598761	0.0629682	0.00316819	0.00895941	-0.000662713
0.554797	-0.059872	0.062966	0.00244902	0.00776974	-0.00221005
0.554796	-0.0598723	0.0629641	0.00116668	0.00580465	-0.00219614
0.554797	-0.0598637	0.0629614	0.000123296	0.00698809	-0.00382395
0.554798	-0.0598584	0.0629601	0.000903782	0.00614794	-0.0023769
0.554802	-0.0598526	0.0629625	0.00256445	0.00697984	-0.000391013
0.554804	-0.0598455	0.0629612	0.00235046	0.00775723	-0.000820344
0.554806	-0.0598353	0.0629611	0.00270512	0.00883451	-0.00044739
0.554804	-0.0598306	0.0629565	0.00120461	0.00829926	-0.00199517
0.55481	-0.0598224	0.0629605	0.00295547	0.0111314	-0.000494584
0.554812	-0.0598169	0.062961	0.00285315	0.01016	-0.00021347
0.554818	-0.0598108	0.062966	0.00426504	0.00971491	0.00168514
0.554818	-0.0598077	0.0629638	0.00322005	0.0103767	0.000318075
0.554823	-0.0597944	0.0629653	0.00452705	0.0120319	0.000937471
0.554823	-0.0597884	0.0629625	0.00201656	0.0105898	-0.00123636
0.554827	-0.0597802	0.0629659	0.00284771	0.0104152	0.000250171
0.554833	-0.0597736	0.0629674	0.00296878	0.00966226	5.64572e-05
0.554837	-0.0597672	0.0629697	0.00353263	0.00926405	0.000899066
0.554841	-0.0597583	0.0629721	0.00393466	0.0108157	0.00106734
0.554845	-0.0597499	0.0629707	0.00422721	0.0105403	0.000220247
0.554849	-0.0597453	0.0629713	0.00442588	0.00683864	0.000946577
0.554857	-0.059733	0.0629764	0.00443173	0.00881611	0.00156345
0.554862	-0.0597254	0.0629765	0.00388856	0.00603143	-0.000122287
0.554866	-0.0597127	0.0629764	0.00431565	0.00621226	0.000511787
0.55487	-0.0597116	0.0629772	0.00439843	0.00278617	0.0010901
0.554876	-0.0597035	0.0629806	0.00527004	0.00613976	0.00180079
0.554884	-0.059697	0.0629837	0.0054518	0.00568437	0.00192813
0.554888	-0.0596841	0.0629798	0.00539029	0.00797456	0.000689158
0.554893	-0.0596804	0.0629813	0.00515654	0.00631755	0.000156165
0.554899	-0.0596718	0.0629833	0.00598683	0.00711665	0.00132066
0.554904	-0.059659	0.0629836	0.00354828	0.00863585	-0.00109258
0.554907	-0.0596544	0.0629823	0.00408102	0.00554427	-0.000239602
0.554912	-0.0596448	0.0629805	0.00393448	0.00851978	-0.00193032
0.554919	-0.0596333	0.062985	0.00431834	0.0108843	-0.000304593
0.554924	-0.0596275	0.0629839	0.00501285	0.0115749	-0.000595639
0.554929	-0.0596215	0.0629848	0.00524894	0.0077002	0.000885841
0.554938	-0.0596107	0.0629916	0.00683093	0.00880563	0.00339817
0.554942	-0.0596021	0.0629898	0.00665674	0.00927595	0.00252587
0.554946	-0.0595938	0.06299	0.00661144	0.00832307	0.00283851
0.554951	-0.0595837	0.062991	0.00626812	0.00833824	0.00293758
0.554955	-0.0595724	0.0629897	0.00511406	0.0087474	0.00176041
0.554959	-0.05956	0.0629857	0.00531374	0.00897616	0.00110272
0.554967	-0.0595507	0.0629923	0.00569386	0.0101134	0.00156297
0.55497	-0.0595444	0.0629907	0.00483037	0.00822719	0.000740697
0.554978	-0.059533	0.0629925	0.00642631	0.00854594	0.00197063
0.55498	-0.0595215	0.0629906	0.00580624	0.0107088	0.0013029
0.554985	-0.0595107	0.0629908	0.0060481	0.00937943	0.000691427
0.55499	-0.0594969	0.0629914	0.0060951	0.0100543	0.00104737
0.554993	-0.0594863	0.0629897	0.00610983	0.0108721	0.00114631
0.555001	-0.0594723	0.0629922	0.0060918	0.012476	0.00131327
0.555003	-0.0594613	0.0629914	0.0052535	0.0129115	0.000921103
0.555006	-0.0594502	0.0629895	0.00387309	0.0124367	-0.000181894
0.555009	-0.0594325	0.0629863	0.00265773	0.0125481	-0.00134029
0.555016	-0.0594289	0.0629916	0.00298076	0.00996261	0.000383529
0.555021	-0.0594159	0.0629918	0.00263541	0.0112287	-0.000386929
0.555025	-0.0594012	0.0629916	0.00293056	0.0125313	-0.000490178
0.55503	-0.059388	0.0629911	0.00393097	0.01299	-0.000291149
0.555033	-0.0593734	0.0629914	0.00273271	0.0133724	-0.000280426
0.555041	-0.0593574	0.062995	0.00396172	0.0145055	0.000741536
0.555041	-0.0593467	0.0629902	0.00330083	0.0132869	-0.000722756
0.555046	-0.059336	0.0629945	0.00288012	0.0103396	0.000748239
0.555056	-0.0593137	0.0629993	0.0035936	0.0139722	0.000894912
0.555059	-0.0593049	0.0629969	0.00250354	0.012341	-0.000801003
0.555065	-0.0592896	0.0630009	0.00359229	0.011516	0.00112808
0.555071	-0.0592711	0.0630017	0.00328824	0.0135571	0.000264203
0.555075	-0.0592623	0.0630006	0.00240907	0.0120231	-0.000874663
0.555083	-0.0592409	0.0630046	0.00458042	0.0129191	0.00151507
0.555087	-0.0592286	0.0630056	0.00507468	0.0124276	0.00184828
0.555093	-0.0592178	0.0630065	0.00376511	0.0117385	0.000269097
0.555098	-0.0591994	0.0630067	0.00371661	0.0137419	0.000121379
0.555107	-0.0591855	0.0630109	0.0051238	0.0133194	0.00108856
0.555118	-0.0591696	0.063018	0.00681951	0.0135773	0.00301635
0.555124	-0.0591535	0.0630193	0.00661124	0.0145197	0.0024065
0.555129	-0.0591369	0.0630192	0.00645073	0.0154099	0.00188485
0.55514	-0.0591192	0.0630253	0.00660934	0.0176407	0.00173482
0.555144	-0.0591057	0.0630251	0.00612751	0.0182774	0.00177962
0.555156	-0.0590893	0.0630323	0.00688295	0.0178123	0.00272612
0.555165	-0.0590717	0.0630364	0.00808464	0.0179165	0.00373329
0.555172	-0.0590519	0.0630371	0.00693155	0.0180538	0.00216821
0.555181	-0.0590418	0.0630426	0.00769613	0.0154787	0.00312371
0.555192	-0.0590166	0.0630469	0.00828786	0.0184903	0.00419627
0.555198	-0.0590024	0.0630485	0.00663407	0.0164395	0.00400875
0.555208	-0.0589861	0.0630549	0.00848767	0.0156722	0.00541341
0.555218	-0.0589666	0.0630581	0.00909884	0.0165481	0.00597629
0.555225	-0.058948	0.0630593	0.00759118	0.0178322	0.0034438
0.555238	-0.058926	0.0630679	0.009103	0.0185452	0.00519411
0.555247	-0.0589067	0.0630697	0.0100034	0.0197652	0.00521321
0.55526	-0.0588879	0.06308	0.0116855	0.018537	0.00838535
0.555267	-0.058867	0.0630789	0.0104183	0.0185946	0.00542617
0.555274	-0.0588499	0.0630815	0.00887368	0.016675	0.00430344
0.555285	-0.0588296	0.06309	0.00940645	0.0178736	0.0049545
0.555297	-0.0588063	0.0630926	0.00994073	0.0197465	0.00366103
0.555308	-0.0587831	0.0630994	0.00941589	0.0226221	0.00432548
0.555318	-0.0587598	0.0631024	0.00972766	0.022737	0.00354525
0.555327	-0.0587343	0.0631052	0.00923977	0.0238022	0.00251401
0.555339	-0.0587128	0.0631122	0.00959049	0.022401	0.00308222
0.555349	-0.0586932	0.0631162	0.0101707	0.0218772	0.00407674
0.55536	-0.0586653	0.063121	0.0112246	0.023741	0.00547106
0.555368	-0.0586402	0.0631247	0.010764	0.0236531	0.00564685
0.55538	-0.0586138	0.0631292	0.0107532	0.0246254	0.0055536
0.555391	-0.0585919	0.0631364	0.0102324	0.0229991	0.00499111
0.555405	-0.0585634	0.0631437	0.0101767	0.0255232	0.0053146
0.555411	-0.0585395	0.0631442	0.00909022	0.0242604	0.00433501
0.555425	-0.0585162	0.0631521	0.00877684	0.0248978	0.00326013
0.555435	-0.0584872	0.0631579	0.00777901	0.0274473	0.00301267
0.555445	-0.0584618	0.0631608	0.00784337	0.0275791	0.00262812
0.555458	-0.0584355	0.0631702	0.00946852	0.0263731	0.00429163
0.555469	-0.0584075	0.0631754	0.0099481	0.0280585	0.00444245
0.55548	-0.0583773	0.0631811	0.00873706	0.0291597	0.003467
0.555492	-0.0583508	0.063187	0.00954244	0.0271935	0.00419807
0.555503	-0.0583231	0.0631928	0.00781588	0.0257665	0.00414213
0.555513	-0.0582901	0.0631973	0.00974597	0.0294762	0.00499149
0.555526	-0.0582639	0.0632066	0.0116315	0.0291459	0.00662634
0.555535	-0.0582363	0.0632106	0.0107559	0.0289836	0.00472923
0.555547	-0.0582076	0.0632181	0.0104132	0.0296543	0.00483292
0.555559	-0.0581758	0.0632239	0.0111958	0.0300335	0.00502849
0.555571	-0.0581448	0.0632311	0.0110435	0.0286514	0.00468983
0.555581	-0.0581181	0.0632376	0.0120563	0.0283439	0.00603705
0.555589	-0.0580876	0.0632406	0.0102358	0.0271102	0.0050278
0.555601	-0.0580592	0.0632488	0.0112046	0.0289525	0.00585579
0.555612	-0.0580199	0.0632556	0.010399	0.0315299	0.00536497
0.555621	-0.0579889	0.0632566	0.0103973	0.031918	0.00363375
0.555634	-0.0579558	0.0632679	0.0125703	0.032291	0.00803581
0.555641	-0.0579262	0.0632711	0.011047	0.0326617	0.00606946
0.555651	-0.0578919	0.063274	0.0118366	0.0323037	0.00555772
0.555663	-0.0578618	0.0632866	0.0120454	0.0332102	0.00814553
0.555669	-0.0578247	0.063287	0.00905057	0.0335015	0.00476262
0.555681	-0.0577907	0.0632951	0.00951794	0.0330339	0.00541278
0.55569	-0.0577587	0.0633023	0.0110432	0.034217	0.00733113
0.555699	-0.0577241	0.0633064	0.0104298	0.0354024	0.0064928
0.555707	-0.057686	0.0633099	0.00929177	0.0370469	0.0049143
0.555718	-0.0576564	0.0633211	0.00940973	0.0353343	0.00574858
0.555726	-0.0576181	0.0633252	0.00898179	0.0358038	0.00585978
0.555736	-0.0575856	0.0633348	0.00891073	0.0359968	0.00682915
0.555743	-0.0575487	0.0633389	0.00790652	0.034967	0.00528121
0.555755	-0.0575114	0.0633474	0.0103991	0.0363197	0.00726368
0.555759	-0.0574722	0.0633494	0.00984623	0.0371734	0.00673987
0.55577	-0.0574354	0.0633568	0.0108056	0.0380599	0.00731177
0.555777	-0.0574054	0.0633638	0.00976759	0.0359646	0.00738978
0.555785	-0.0573667	0.0633723	0.010363	0.0380688	0.00939708
0.555793	-0.0573257	0.0633758	0.0107973	0.0396537	0.00817415
0.555802	-0.0572947	0.0633846	0.0114613	0.0378058	0.0101914
0.555808	-0.0572538	0.0633897	0.00920136	0.0375042	0.00973645
0.555817	-0.0572118	0.0633993	0.00906345	0.0392369	0.00945838
0.555824	-0.0571753	0.0634053	0.0069434	0.0383061	0.00741516
0.555831	-0.0571414	0.0634123	0.00654797	0.0375716	0.00655027
0.555837	-0.0571048	0.0634214	0.00791315	0.0362336	0.00929982
0.555847	-0.0570665	0.0634327	0.00898019	0.0387674	0.00961325
0.555852	-0.0570289	0.0634348	0.00626214	0.0400848	0.00557531
0.555859	-0.0569855	0.0634415	0.00558128	0.0409977	0.0063833
0.555867	-0.0569439	0.0634514	0.00662541	0.042537	0.00809105
0.555871	-0.0569042	0.0634563	0.00624332	0.0413397	0.00801619
0.555879	-0.0568662	0.0634679	0.00741987	0.0400167	0.00906476
0.555882	-0.0568245	0.0634691	0.0058929	0.0395568	0.0060558
0.555889	-0.0567866	0.0634786	0.00494542	0.0403025	0.0053915
0.555894	-0.0567485	0.0634861	0.00580416	0.0429901	0.00703001
0.555898	-0.0567045	0.0634901	0.0072125	0.0428835	0.00700829
0.555904	-0.0566632	0.0634973	0.00543074	0.0407253	0.00689569
0.555907	-0.0566201	0.0635049	0.00524479	0.0399826	0.00822553
0.555913	-0.0565766	0.0635108	0.0039529	0.0428351	0.00618149
0.555918	-0.0565318	0.0635164	0.00518204	0.0453114	0.00651626
0.555922	-0.0564915	0.0635225	0.00399025	0.0434692	0.00594773
0.555928	-0.0564471	0.0635313	0.00417538	0.0437399	0.00668152
0.55593	-0.0564011	0.063533	0.00352906	0.0444443	0.00526862
0.555936	-0.0563547	0.0635428	0.00591872	0.0448194	0.00769118
0.555941	-0.056312	0.0635508	0.00613981	0.0439541	0.00849252
0.555946	-0.056263	0.0635596	0.00657607	0.0440054	0.0102673
0.555952	-0.056221	0.0635682	0.00614468	0.0433022	0.0093895
0.555955	-0.0561773	0.0635758	0.00587188	0.0458413	0.00887594
0.555958	-0.0561331	0.0635823	0.00626127	0.0441218	0.00894668
0.555965	-0.0560881	0.0635919	0.00657433	0.0466368	0.00843115
0.55597	-0.0560425	0.0636034	0.00655637	0.0460001	0.0095916
0.55597	-0.055996	0.0636056	0.00353945	0.0478554	0.00607899
0.555973	-0.0559488	0.063613	0.0023323	0.0454486	0.0059025
0.555978	-0.0559029	0.0636244	0.0022262	0.04524	0.00727012
0.555983	-0.0558574	0.0636343	0.00101866	0.0434011	0.00651888
0.555987	-0.0558071	0.0636429	0.000802297	0.0466556	0.0052711
0.555992	-0.0557575	0.0636527	0.000116167	0.0481854	0.00456286
0.555997	-0.0557086	0.063663	0.000644835	0.049309	0.00564531
0.556002	-0.0556587	0.0636734	0.00331324	0.0487573	0.00916029
0.556005	-0.0556145	0.0636826	0.00302706	0.046494	0.00930464
0.556007	-0.0555668	0.0636915	0.00299398	0.0471453	0.00837953
0.556015	-0.0555147	0.0637051	0.00504891	0.048638	0.0105884
0.556019	-0.0554628	0.0637131	0.00535456	0.0489649	0.0100434
0.556023	-0.0554114	0.0637257	0.00405066	0.0492734	0.0102907
0.556026	-0.0553602	0.0637338	0.00434504	0.0518219	0.00931741
0.556032	-0.0553092	0.0637477	0.00406392	0.0548985	0.00943486
0.556036	-0.0552553	0.0637573	0.00318606	0.0527309	0.00899714
0.55604	-0.0552075	0.0637683	0.00309079	0.050906	0.00914404
0.556043	-0.0551607	0.0637786	0.00205809	0.0481431	0.00888636
0.55605	-0.0551011	0.0637908	0.0025667	0.0508092	0.00855329
0.556053	-0.0550511	0.0638034	0.00318168	0.0499738	0.00987383
0.556058	-0.0549952	0.0638156	0.0027652	0.0509236	0.00950785
0.556063	-0.0549448	0.0638291	0.0032361	0.0500242	0.0111574
0.556068	-0.0548946	0.0638444	0.00397543	0.0496873	0.012948
0.556074	-0.0548356	0.0638559	0.00414848	0.0523071	0.0125459
0.556076	-0.0547825	0.0638651	0.00355454	0.0506825	0.0112975
0.556086	-0.054727	0.0638858	0.00475513	0.0522635	0.0126607
0.556089	-0.0546756	0.0638996	0.00206682	0.0497777	0.0108919
0.556096	-0.0546252	0.063917	0.00180972	0.0516207	0.0114331
0.5561	-0.054572	0.0639325	0.00380645	0.0535517	0.0134082
0.556106	-0.0545131	0.0639454	0.00500445	0.0565336	0.0145007
0.556112	-0.0544593	0.0639608	0.00776055	0.0557786	0.0178442
0.556118	-0.0544046	0.0639792	0.00621458	0.0530241	0.0167437
0.556121	-0.0543469	0.0639922	0.00345205	0.053455	0.0144036
0.556131	-0.0542867	0.0640135	0.00525746	0.0541717	0.0163166
0.556137	-0.0542354	0.0640318	0.00579217	0.0526049	0.0181558
0.556145	-0.0541801	0.064051	0.00576179	0.0542329	0.0162223
0.556149	-0.0541225	0.0640648	0.0044053	0.0541741	0.0142739
0.556156	-0.0540698	0.0640847	0.00364952	0.0543841	0.0147661
0.556163	-0.0540173	0.0641041	0.00467298	0.0513728	0.0171225
0.556171	-0.0539566	0.0641237	0.00612467	0.0537443	0.0186081
0.556176	-0.0539015	0.0641398	0.0061313	0.0527317	0.0192755
0.556183	-0.0538441	0.0641602	0.00736703	0.0544255	0.0206989
0.556191	-0.0537797	0.0641807	0.00810153	0.0578133	0.0215752
0.556196	-0.0537273	0.0641956	0.0051544	0.0562559	0.017275
0.5562	-0.0536722	0.0642143	0.00506887	0.0538723	0.0185085
0.556212	-0.0536143	0.0642406	0.00752364	0.056881	0.0211234
0.556216	-0.0535573	0.0642578	0.00840902	0.0594156	0.0210424
0.556222	-0.0534985	0.0642763	0.00705548	0.0573214	0.020517
0.556228	-0.0534415	0.0642946	0.0068847	0.0577779	0.0199193
0.556234	-0.0533809	0.0643146	0.00813713	0.0593104	0.0224911
0.556242	-0.0533199	0.0643362	0.00886586	0.0567954	0.0235363
0.556246	-0.0532668	0.0643546	0.00608595	0.057683	0.0208412
0.556257	-0.0532051	0.0643818	0.00775558	0.0597051	0.0238424
0.556259	-0.0531467	0.0643975	0.0067181	0.0600227	0.0218475
0.556269	-0.0530882	0.0644238	0.00765383	0.0589752	0.0243485
0.556277	-0.0530278	0.0644446	0.00645651	0.0583082	0.02267
0.556285	-0.0529711	0.0644702	0.00830957	0.0607694	0.0248364
0.556292	-0.0529155	0.0644971	0.00851668	0.0610782	0.0254181
0.556301	-0.0528515	0.0645169	0.00902125	0.0640629	0.0237037
0.556307	-0.0527889	0.0645371	0.00679559	0.062004	0.0217645
0.556315	-0.0527325	0.0645637	0.00613602	0.0582398	0.0222281
0.556323	-0.0526724	0.0645893	0.00653655	0.0588985	0.0222711
0.556334	-0.0526113	0.0646151	0.00825043	0.0611604	0.0230631
0.556341	-0.0525509	0.0646395	0.008416	0.0631107	0.0238746
0.556348	-0.0524926	0.0646634	0.00819539	0.0619511	0.0229181
0.556356	-0.0524333	0.0646885	0.00753897	0.0609288	0.0233194
0.556366	-0.0523684	0.0647162	0.00630555	0.0614362	0.0224328
0.556372	-0.0523089	0.0647393	0.00760676	0.0618704	0.0241333
0.556385	-0.0522459	0.0647663	0.00931635	0.0633554	0.0265703
0.556392	-0.0521863	0.0647914	0.00745795	0.0639285	0.0250583
0.556399	-0.0521193	0.0648162	0.00722805	0.0660409	0.0258946
0.556409	-0.0520604	0.0648457	0.00833079	0.0641222	0.0280045
0.556416	-0.0520025	0.0648723	0.00852297	0.0618239	0.0275355
0.556427	-0.0519364	0.0649011	0.00863417	0.0668344	0.026781
0.556437	-0.0518787	0.0649329	0.00864097	0.0626967	0.0289224
0.556443	-0.0518133	0.0649572	0.00771783	0.0651902	0.0274074
0.556455	-0.0517507	0.0649881	0.0097859	0.0643923	0.0293263
0.556463	-0.0516915	0.0650163	0.0105169	0.0615087	0.0307054
0.556473	-0.0516279	0.0650465	0.00983639	0.0606359	0.0320991
0.556486	-0.0515638	0.0650808	0.0105444	0.0581775	0.0336051
0.556496	-0.0515052	0.0651118	0.0111567	0.0578244	0.0335991
0.556505	-0.0514444	0.0651427	0.00974906	0.0583083	0.0318471
0.556518	-0.0513831	0.0651767	0.0117165	0.0599945	0.0334349
0.556524	-0.051319	0.0652031	0.0100737	0.0616198	0.0318133
0.556536	-0.0512605	0.0652373	0.0106243	0.0604316	0.0329186
0.556545	-0.0511946	0.0652648	0.0109658	0.0615288	0.0325955
0.556559	-0.0511296	0.0652961	0.0115118	0.062116	0.0325018
0.556571	-0.0510675	0.0653277	0.0116858	0.0612616	0.0315432
0.556579	-0.0510052	0.0653601	0.0107411	0.0588249	0.0312624
0.556594	-0.0509402	0.0653941	0.01105	0.0616108	0.031252
0.556604	-0.0508799	0.0654245	0.0102282	0.0602872	0.0301223
0.556618	-0.0508232	0.0654597	0.0125542	0.0582242	0.0335233
0.556633	-0.0507523	0.0654961	0.0144546	0.0636669	0.036009
0.556648	-0.0506879	0.0655327	0.0153047	0.0640122	0.0367304
0.55666	-0.0506231	0.0655631	0.0150034	0.0631601	0.0353831
0.556673	-0.0505622	0.0655977	0.0136073	0.0597943	0.0338542
0.556685	-0.0504968	0.0656312	0.0137944	0.0566873	0.0350648
0.556698	-0.050436	0.0656648	0.0140721	0.0592346	0.0348887
0.556714	-0.050375	0.0657008	0.0143475	0.0573043	0.0356743
0.556727	-0.0503119	0.0657349	0.0146672	0.0587255	0.0366288
0.556741	-0.0502459	0.0657653	0.0129794	0.0608556	0.0338515
0.556753	-0.0501856	0.0658028	0.0124825	0.0598393	0.035026
0.556767	-0.050121	0.065833	0.0145161	0.0610333	0.0346177
0.556784	-0.0500557	0.0658704	0.0137925	0.060457	0.0352699
0.556799	-0.0499889	0.0659046	0.0157562	0.0640041	0.0364491
0.556814	-0.0499285	0.0659417	0.0154992	0.0625061	0.0364326
0.556833	-0.049864	0.0659832	0.0183934	0.0644819	0.0400754
0.556849	-0.0498026	0.0660189	0.0161183	0.0645148	0.0380778
0.556865	-0.0497364	0.0660581	0.015457	0.0628011	0.0374937
0.556882	-0.0496722	0.0660947	0.0155787	0.0620008	0.0369581
0.556899	-0.0496073	0.0661311	0.0156955	0.0615932	0.0375186
0.556917	-0.0495423	0.066173	0.0176643	0.0609932	0.0398735
0.556934	-0.0494781	0.0662105	0.0191087	0.0606716	0.0406275
0.55695	-0.0494067	0.0662484	0.0184482	0.0666158	0.0384908
0.556971	-0.0493484	0.0662954	0.0188971	0.0642384	0.0407026
0.556988	-0.0492826	0.0663332	0.0199025	0.064744	0.0407688
0.557004	-0.0492167	0.0663725	0.0171092	0.0658219	0.0387766
0.557024	-0.0491439	0.0664131	0.0176721	0.0683552	0.039207
0.55704	-0.0490847	0.0664526	0.0163387	0.0661228	0.0393218
0.557061	-0.0490156	0.0664968	0.0166039	0.0674392	0.0394868
0.557078	-0.0489495	0.066538	0.0168193	0.0668665	0.0398898
0.557097	-0.0488873	0.0665808	0.0185788	0.0653039	0.0417356
0.557117	-0.0488218	0.0666263	0.0214706	0.0657967	0.04602
0.557137	-0.0487621	0.0666717	0.0210624	0.0647236	0.0462652
0.557158	-0.0486947	0.066718	0.021013	0.0652229	0.0461354
0.557177	-0.0486281	0.0667612	0.020471	0.0671113	0.045529
0.557196	-0.0485652	0.0668073	0.020024	0.0633549	0.0463772
0.557216	-0.0484995	0.0668486	0.018617	0.0656765	0.0418468
0.55724	-0.0484323	0.0669037	0.0193974	0.0656792	0.0447464
0.557256	-0.0483635	0.0669386	0.0186136	0.065854	0.0410066
0.557275	-0.0483035	0.0669854	0.0189323	0.0629267	0.0437412
0.557297	-0.0482382	0.0670318	0.0199433	0.0634116	0.0453959
0.557312	-0.0481734	0.067071	0.0184412	0.0641689	0.0437498
0.557337	-0.0481065	0.0671225	0.0220806	0.0660697	0.0475845
0.557356	-0.0480357	0.0671639	0.0208079	0.0658035	0.0462127
0.557378	-0.0479706	0.0672107	0.0205171	0.065682	0.0455455
0.557398	-0.047903	0.0672561	0.0199989	0.0650797	0.0457465
0.557423	-0.0478396	0.0673071	0.021046	0.0631301	0.0478356
0.557442	-0.0477733	0.0673504	0.0203868	0.0598615	0.0465765
0.557466	-0.0477077	0.0673989	0.0214778	0.0603362	0.0463967
0.55749	-0.047639	0.0674441	0.02285	0.064913	0.0463655
0.557512	-0.0475709	0.0674917	0.0210327	0.0644866	0.0456506
0.557532	-0.0475097	0.0675328	0.0205078	0.062355	0.0435777
0.557556	-0.0474401	0.0675828	0.0214536	0.0639311	0.0451524
0.557577	-0.0473753	0.0676294	0.0214019	0.0658797	0.0444045
0.557601	-0.0473052	0.0676739	0.0222779	0.0667806	0.0445877
0.557625	-0.0472465	0.067725	0.0230596	0.0643786	0.0468832
0.557649	-0.0471808	0.0677732	0.0232245	0.0665633	0.046463
0.557676	-0.0471085	0.0678279	0.0247053	0.0675437	0.0495588
0.557702	-0.0470451	0.0678798	0.0252316	0.0652846	0.0500291
0.557727	-0.0469767	0.0679292	0.0271359	0.0659979	0.0517365
0.557751	-0.046909	0.0679795	0.0280196	0.0666241	0.0539708
0.557778	-0.0468399	0.0680335	0.0279459	0.06636	0.0534939
0.5578	-0.0467799	0.0680819	0.0250925	0.0651716	0.0507289
0.557829	-0.0467124	0.068137	0.0261502	0.0660068	0.0513418
0.557855	-0.0466451	0.0681927	0.0263561	0.0657583	0.0532288
0.557877	-0.0465824	0.0682414	0.0250862	0.0654255	0.0508486
0.557905	-0.0465173	0.068297	0.0259978	0.0644931	0.052006
0.557929	-0.0464475	0.0683462	0.0282103	0.0660507	0.0543512
0.557955	-0.0463869	0.0684036	0.0268051	0.0657597	0.0549515
0.557982	-0.0463186	0.0684603	0.0261886	0.0646025	0.0556288
0.55801	-0.0462517	0.0685163	0.0257459	0.0649382	0.0551963
0.558037	-0.0461874	0.0685716	0.0253948	0.0670666	0.053992
0.558063	-0.0461199	0.0686293	0.0243216	0.0670838	0.0541955
0.558094	-0.0460558	0.0686901	0.0269071	0.0681618	0.056787
0.558124	-0.0459913	0.0687521	0.0277567	0.0660706	0.0581645
0.558148	-0.0459285	0.0688054	0.0272013	0.065594	0.0569965
0.558174	-0.0458595	0.0688603	0.027098	0.0667999	0.0566435
0.558205	-0.0457999	0.0689227	0.0290714	0.0645595	0.059134
0.558226	-0.0457357	0.068972	0.0272026	0.0632846	0.0573422
0.558258	-0.0456707	0.0690344	0.02817	0.0634921	0.0573158
0.558287	-0.0456075	0.069091	0.0293024	0.0644899	0.0587856
0.558313	-0.0455426	0.0691468	0.028771	0.0641141	0.058439
0.558347	-0.0454749	0.0692106	0.0298306	0.0656437	0.0586496
0.558371	-0.0454125	0.0692656	0.0268275	0.0635789	0.0570117
0.558401	-0.0453471	0.0693234	0.0267837	0.062919	0.056999
0.558431	-0.0452806	0.0693808	0.0274357	0.0633593	0.0571099
0.558459	-0.045215	0.0694388	0.0284288	0.0632299	0.0573997
0.55849	-0.0451479	0.0694985	0.0290855	0.0650774	0.057948
0.558515	-0.0450847	0.0695474	0.0265032	0.067185	0.0530117
0.558548	-0.0450228	0.0696123	0.0297883	0.0663812	0.057478
0.558575	-0.0449547	0.0696641	0.029801	0.0659649	0.0569228
0.558603	-0.0448933	0.0697204	0.0298036	0.0663388	0.0581445
0.558633	-0.0448257	0.0697789	0.0288169	0.0664213	0.056477
0.558664	-0.0447612	0.0698415	0.0302705	0.0643939	0.059445
0.558693	-0.044696	0.0698955	0.029463	0.0655015	0.0572954
0.558724	-0.0446336	0.0699591	0.0304781	0.065147	0.057981
0.558754	-0.0445766	0.0700199	0.0313222	0.0654319	0.0593055
0.558785	-0.0445115	0.0700776	0.0287566	0.0653655	0.0569518
0.558816	-0.0444426	0.0701398	0.028396	0.0668168	0.0564417
0.558844	-0.0443811	0.0701969	0.0295608	0.0647608	0.0580044
0.558871	-0.0443208	0.0702562	0.0285735	0.0655356	0.0576608
0.558902	-0.0442517	0.0703164	0.0276686	0.0669085	0.0574297
0.558932	-0.0441949	0.0703759	0.0274006	0.0620787	0.0579454
0.558961	-0.0441267	0.0704361	0.0275232	0.0644396	0.0579629
0.558986	-0.0440703	0.0704897	0.0263987	0.061645	0.0566648
0.559019	-0.0440026	0.0705535	0.0279245	0.062497	0.0584309
0.559049	-0.0439352	0.0706156	0.0281216	0.0635742	0.0605828
0.559081	-0.0438681	0.0706776	0.0288369	0.064122	0.0607789
0.559111	-0.0438036	0.0707351	0.0286491	0.0633373	0.059514
0.559142	-0.0437397	0.0707959	0.0301804	0.0598523	0.0612526
0.559173	-0.0436746	0.0708569	0.0304141	0.06103	0.0612901
0.559202	-0.0436175	0.0709155	0.0318653	0.0579959	0.0633415
0.559235	-0.0435531	0.0709751	0.0316574	0.0595726	0.0621938
0.559265	-0.0434894	0.0710353	0.0298519	0.0605234	0.0598046
0.559293	-0.0434208	0.0710902	0.0286616	0.0624453	0.0583511
0.559327	-0.0433618	0.0711531	0.0297478	0.0592256	0.058565
0.559359	-0.043294	0.0712143	0.0295559	0.0614185	0.0588546
0.559391	-0.0432319	0.0712747	0.0304886	0.0620127	0.0593679
0.559424	-0.043169	0.0713351	0.0302085	0.0626338	0.0575317
0.559458	-0.0431057	0.0713967	0.0334285	0.0621694	0.0624699
0.559492	-0.0430413	0.0714609	0.032137	0.0633692	0.0619118
0.559522	-0.0429793	0.0715219	0.0322136	0.0633056	0.0630744
0.559555	-0.0429163	0.0715834	0.031824	0.0632371	0.0609938
0.559587	-0.0428508	0.0716436	0.031874	0.0639802	0.0608878
0.559618	-0.0427882	0.0717018	0.0299621	0.0629326	0.0585707
0.559652	-0.0427214	0.071765	0.0313505	0.0643247	0.0601211
0.559684	-0.0426574	0.0718284	0.031169	0.0650999	0.0592352
0.559718	-0.0425933	0.0718899	0.0322092	0.0668633	0.059701
0.55975	-0.0425312	0.0719505	0.0321085	0.066673	0.0591573
0.559781	-0.0424669	0.0720122	0.0327571	0.0673794	0.060756
0.559818	-0.0424003	0.0720756	0.0331871	0.0679957	0.061341
0.55985	-0.0423328	0.0721408	0.0315866	0.0673459	0.0613073
0.559883	-0.0422669	0.0722045	0.0325458	0.0679337	0.062056
0.559918	-0.0422015	0.072267	0.0332615	0.0663225	0.061822
0.55995	-0.0421336	0.0723309	0.0330765	0.0655548	0.0626096
0.559986	-0.0420708	0.0723969	0.0349504	0.0664056	0.0653637
0.560018	-0.0420109	0.0724564	0.0337602	0.064194	0.0643113
0.560052	-0.0419423	0.0725207	0.0331245	0.0662581	0.06416
0.560082	-0.0418786	0.0725798	0.0324686	0.0650455	0.0632989
0.560118	-0.04181	0.0726429	0.0318291	0.0639091	0.0613432
0.56015	-0.0417458	0.0727052	0.0327985	0.063973	0.0639891
0.560182	-0.041677	0.0727635	0.0311582	0.0645419	0.06078
0.560218	-0.0416163	0.0728307	0.0321811	0.0611251	0.0626079
0.560253	-0.04155	0.072895	0.0324525	0.0627187	0.0615788
0.560285	-0.0414913	0.0729589	0.0328756	0.0625143	0.0634128
0.560322	-0.0414245	0.0730254	0.0338533	0.0649573	0.0637816
0.560356	-0.0413603	0.0730858	0.0334175	0.0624566	0.0629743
0.560391	-0.0412934	0.0731503	0.0342248	0.0627571	0.0638574
0.560426	-0.0412276	0.0732157	0.0341586	0.0635194	0.0642826
0.560459	-0.0411627	0.0732785	0.0331917	0.0628476	0.0621417
0.560494	-0.0410902	0.0733428	0.0332442	0.0662436	0.0621812
0.560529	-0.041029	0.0734076	0.0334988	0.0643023	0.0621968
0.560565	-0.0409651	0.0734736	0.0337314	0.0629052	0.0623223
0.560601	-0.0409003	0.0735395	0.0345217	0.0642747	0.0640041
0.560637	-0.0408272	0.0736051	0.03419	0.0680468	0.0628224
0.560671	-0.0407667	0.0736689	0.0349193	0.0654398	0.0644194
0.560704	-0.0406953	0.073735	0.0339117	0.0674121	0.0640297
0.560741	-0.0406319	0.0738026	0.0341916	0.0649924	0.0640301
0.560773	-0.0405697	0.0738657	0.0335779	0.064543	0.0639451
0.560811	-0.0405021	0.0739332	0.0349583	0.0660344	0.0649697
0.560843	-0.0404388	0.0739973	0.0348979	0.0670588	0.0661014
0.56088	-0.0403731	0.0740658	0.0367933	0.0647131	0.0696336
0.560913	-0.0403088	0.0741307	0.0347452	0.0619452	0.0669204
0.560949	-0.0402451	0.0741986	0.035229	0.0627384	0.0674717
0.560983	-0.0401799	0.074269	0.0348513	0.0614344	0.0683386
0.56102	-0.040109	0.0743374	0.0353761	0.0658172	0.0675242
0.561056	-0.0400459	0.0744084	0.0358507	0.0663189	0.0687183
0.561092	-0.0399795	0.074478	0.0361534	0.0668073	0.0689662
0.561129	-0.0399174	0.0745469	0.0360948	0.0642966	0.0677841
0.561163	-0.0398451	0.0746148	0.0359161	0.0675135	0.0678479
0.5612	-0.0397764	0.0746844	0.036419	0.0687708	0.0680998
0.561235	-0.0397162	0.0747531	0.0368562	0.0672218	0.0694067
0.561269	-0.0396471	0.0748198	0.0363549	0.0669654	0.0691153
0.561305	-0.0395803	0.0748873	0.0367655	0.0644498	0.0696677
0.56134	-0.0395163	0.0749571	0.0354609	0.0642106	0.0696895
0.561377	-0.0394493	0.0750261	0.0357337	0.0639748	0.0690914
0.561408	-0.0393874	0.0750927	0.0346179	0.0646828	0.0674641
0.561449	-0.0393225	0.0751659	0.0377938	0.0645934	0.0720375
0.561483	-0.0392535	0.0752306	0.0369525	0.065282	0.0702819
0.56152	-0.0391881	0.0752998	0.0369614	0.0652594	0.0698828
0.561554	-0.0391246	0.0753673	0.034293	0.0638209	0.0674129
0.561591	-0.0390599	0.0754363	0.0354552	0.0634311	0.0688277
0.561625	-0.0389913	0.0755009	0.0348702	0.0660147	0.0669135
0.561661	-0.0389247	0.0755716	0.0348864	0.0656317	0.0675747
0.561693	-0.0388648	0.0756325	0.0345336	0.063228	0.0667612
0.561729	-0.038796	0.0757011	0.0352313	0.0638849	0.0680036
0.561767	-0.0387338	0.0757698	0.0361381	0.0646155	0.0684014
0.561804	-0.0386668	0.0758414	0.0359892	0.0642511	0.0684509
0.561836	-0.0385982	0.0759063	0.0348045	0.0661227	0.067674
0.561872	-0.0385328	0.0759733	0.0349485	0.0658147	0.0669815
0.56191	-0.0384689	0.0760441	0.0358844	0.0643962	0.0685012
0.561942	-0.0384069	0.0761063	0.0351649	0.0648035	0.0675384
0.561978	-0.0383406	0.0761763	0.0352102	0.0649654	0.0675818
0.562012	-0.0382733	0.076242	0.0343631	0.0655395	0.0661243
0.562044	-0.038208	0.0763036	0.0338259	0.0666505	0.0646663
0.562078	-0.0381473	0.076371	0.0334362	0.0645942	0.0645906
0.562115	-0.0380836	0.0764404	0.0334317	0.0633241	0.0637976
0.562148	-0.0380172	0.0765065	0.0334409	0.0654641	0.0646793
0.562181	-0.0379533	0.0765734	0.0329393	0.0650676	0.0639689
0.562221	-0.0378873	0.0766463	0.0339847	0.0658181	0.0652878
0.562256	-0.0378274	0.0767158	0.0331974	0.0623144	0.0639446
0.562291	-0.0377669	0.0767836	0.0333069	0.0601421	0.0643678
0.562325	-0.0377046	0.07685	0.0340836	0.0612169	0.0659637
0.56236	-0.0376399	0.0769188	0.033567	0.0627802	0.065198
0.562398	-0.0375751	0.0769893	0.0354215	0.06432	0.0676079
0.562432	-0.037519	0.0770556	0.0341054	0.0619948	0.0653386
0.562465	-0.0374575	0.0771219	0.0341642	0.062334	0.0662479
0.562498	-0.0373962	0.0771881	0.0336426	0.0616429	0.0656986
0.562531	-0.0373405	0.0772555	0.0330391	0.0597319	0.0650982
0.56264	-0.0371487	0.0774689	0.0341588	0.0641133	0.0663472
0.562675	-0.0370908	0.0775357	0.0347577	0.0618801	0.0672897
0.562706	-0.0370242	0.0776	0.03227	0.0626756	0.0658426
0.562744	-0.0369641	0.0776722	0.0334801	0.0626195	0.0662772
0.56278	-0.036901	0.0777408	0.0341616	0.0588564	0.0678721
0.562812	-0.0368375	0.0778065	0.033383	0.0611702	0.0669404
0.562849	-0.0367767	0.0778774	0.0346454	0.0593909	0.0687333
0.562886	-0.0367157	0.0779465	0.0346698	0.0628024	0.066939
0.562919	-0.0366464	0.078014	0.0345382	0.0649793	0.0683622
0.562956	-0.0365907	0.0780888	0.0357436	0.0603474	0.0705856
0.562993	-0.0365254	0.0781617	0.0347946	0.0610661	0.0690053
0.563029	-0.0364632	0.0782333	0.0359513	0.0621919	0.0711469
0.563063	-0.0364073	0.0783041	0.0344183	0.0591394	0.0703615
0.563101	-0.0363449	0.0783777	0.0358403	0.062924	0.0709733
0.563137	-0.0362867	0.078451	0.035599	0.061591	0.0712462
0.563173	-0.0362229	0.0785226	0.0366298	0.0625897	0.0724675
0.563207	-0.0361544	0.0785906	0.0358693	0.0645019	0.0716924
0.563242	-0.0361027	0.0786596	0.0355106	0.0608123	0.0697589
0.563277	-0.0360378	0.0787322	0.0344713	0.0620012	0.068667
0.563314	-0.0359746	0.0788038	0.0359194	0.0638803	0.070627
0.563353	-0.0359137	0.0788779	0.036579	0.065026	0.0708047
0.563391	-0.0358516	0.078953	0.0370879	0.06419	0.0719258
0.563428	-0.0357926	0.0790283	0.0366825	0.0623422	0.0729293
0.563463	-0.035731	0.0790995	0.0352781	0.062495	0.0703947
0.5635	-0.0356634	0.0791699	0.0365676	0.0637076	0.0723417
0.563534	-0.0356005	0.079239	0.0357612	0.0629232	0.0712616
0.563575	-0.0355435	0.0793171	0.0373531	0.0605902	0.0737565
0.563609	-0.0354772	0.079387	0.0364064	0.0639129	0.0726496
0.563643	-0.0354191	0.0794545	0.0365285	0.0622082	0.0724494
0.563678	-0.0353597	0.0795251	0.03602	0.0606003	0.0720869
0.563717	-0.0352999	0.0796033	0.0372175	0.0607066	0.0746821
0.563757	-0.0352372	0.0796807	0.0384227	0.0612366	0.0759642
0.563792	-0.035175	0.0797506	0.0376057	0.0634679	0.0748533
0.563829	-0.0351144	0.0798275	0.0377524	0.0624843	0.0760383
0.56387	-0.0350531	0.0799053	0.0390288	0.0601552	0.0777372
0.563902	-0.0349939	0.079975	0.0373255	0.0587002	0.0763191
0.563943	-0.0349307	0.0800548	0.0378051	0.060475	0.0755153
0.563978	-0.0348727	0.0801274	0.0371036	0.0600155	0.0754932
0.564015	-0.0348058	0.0802021	0.0380399	0.0628502	0.0768939
0.564052	-0.0347452	0.0802788	0.0386569	0.0620474	0.0787853
0.56409	-0.0346888	0.0803568	0.0389088	0.0605526	0.0800277
0.56413	-0.0346212	0.0804412	0.0390409	0.0620646	0.0803108
0.564168	-0.0345595	0.0805194	0.0394205	0.0641326	0.0809707
0.564205	-0.0345001	0.0805963	0.039437	0.0649975	0.0804287
0.564244	-0.0344406	0.0806784	0.0394638	0.0633314	0.0810151
0.56428	-0.0343766	0.0807542	0.0387656	0.0636079	0.0796296
0.564322	-0.0343193	0.0808376	0.0377488	0.060175	0.078186
0.56436	-0.0342596	0.0809161	0.0394986	0.0597143	0.0805687
0.564394	-0.0341936	0.080988	0.0382093	0.0599164	0.0783828
0.564435	-0.0341337	0.0810711	0.0394066	0.0592733	0.0803023
0.564474	-0.0340694	0.0811517	0.0390735	0.0628375	0.0785431
0.564511	-0.0340104	0.0812295	0.0382731	0.0595092	0.0780688
0.564554	-0.0339508	0.081314	0.0388633	0.0577579	0.079759
0.564588	-0.033892	0.0813884	0.0382993	0.0584836	0.0798017
0.564628	-0.0338284	0.0814707	0.0383972	0.0625772	0.0808013
0.564666	-0.0337708	0.0815482	0.0382046	0.0614046	0.0798226
0.564705	-0.0337079	0.0816274	0.0389371	0.060564	0.0810581
0.564741	-0.0336443	0.0817042	0.0383687	0.0607773	0.0808621
0.564781	-0.0335828	0.0817857	0.0398264	0.0620687	0.0831917
0.564816	-0.0335261	0.0818582	0.0380044	0.0607157	0.079643
0.564859	-0.0334628	0.0819435	0.0414983	0.0619243	0.0854157
0.564894	-0.0333968	0.0820203	0.0393322	0.0639966	0.0822727
0.564936	-0.0333382	0.0821063	0.0397584	0.0605198	0.08301
0.564971	-0.0332809	0.0821816	0.0385907	0.0612526	0.0806063
0.56501	-0.0332187	0.0822633	0.0376376	0.0604553	0.0802621
0.565051	-0.033151	0.0823461	0.0388894	0.0623697	0.0819006
0.565086	-0.0330882	0.082422	0.0381332	0.0622914	0.0802865
0.565122	-0.0330273	0.0824985	0.0371561	0.0627115	0.0774082
0.565161	-0.0329661	0.0825768	0.0372149	0.0592997	0.076926
0.565195	-0.0329009	0.0826553	0.037867	0.0593245	0.0795993
0.565233	-0.0328387	0.0827345	0.0380596	0.0593669	0.0793664
0.56527	-0.0327816	0.0828164	0.0382748	0.0564092	0.0806245
0.565309	-0.0327175	0.0828925	0.0385823	0.0593912	0.0791829
0.565347	-0.0326452	0.082974	0.0394627	0.0646304	0.0807667
0.565383	-0.0325829	0.083049	0.038792	0.0645018	0.0794891
0.565417	-0.0325252	0.0831265	0.037044	0.0624462	0.0786853
0.565455	-0.0324593	0.0832044	0.0380222	0.0623506	0.0795571
0.56549	-0.0324022	0.0832807	0.0368041	0.0590677	0.0789301
0.565528	-0.0323407	0.0833587	0.0385317	0.0607422	0.0808033
0.565566	-0.0322783	0.0834393	0.0383098	0.0617289	0.0806485
0.565601	-0.0322164	0.0835153	0.0366573	0.0617119	0.0779204
0.565637	-0.032155	0.0835948	0.0368037	0.0622797	0.078099
0.565675	-0.0320956	0.0836761	0.0373854	0.06027	0.0790304
0.565708	-0.0320313	0.0837494	0.0345332	0.0613858	0.075524
0.565749	-0.0319685	0.0838332	0.0376532	0.0658229	0.0793755
0.565782	-0.0319038	0.0839088	0.0363409	0.0642195	0.0788445
0.56582	-0.0318456	0.0839891	0.0357456	0.0610033	0.0783649
0.565857	-0.0317866	0.0840725	0.0358574	0.0600453	0.0803269
0.565892	-0.0317223	0.0841465	0.0359605	0.0637337	0.0783801
0.565925	-0.0316578	0.0842248	0.0349235	0.063828	0.0784773
0.565964	-0.0315941	0.084312	0.0352746	0.0634588	0.0798597
0.566	-0.0315335	0.0843906	0.0349072	0.061801	0.0793873
0.566037	-0.0314695	0.0844741	0.0346643	0.0630099	0.0797945
0.566069	-0.0314084	0.0845552	0.0351377	0.0619684	0.0807729
0.566109	-0.0313459	0.084642	0.0367007	0.060751	0.0832024
0.566145	-0.0312882	0.0847253	0.0356672	0.0596541	0.0815559
0.566175	-0.0312262	0.0847994	0.0334906	0.0596647	0.0781231
0.566214	-0.0311655	0.0848882	0.0354078	0.0600423	0.0815998
0.566245	-0.0311024	0.0849642	0.0345011	0.0610339	0.0802117
0.566281	-0.0310393	0.085047	0.0336562	0.0620852	0.0803568
0.566317	-0.0309786	0.0851305	0.0340532	0.060041	0.0810244
0.566351	-0.0309212	0.0852152	0.0335304	0.0572949	0.0831526
0.566391	-0.0308622	0.085301	0.036015	0.0588627	0.0855766
0.566426	-0.0307958	0.0853851	0.0357808	0.0614322	0.0851219
0.566462	-0.030736	0.0854657	0.0353591	0.0586033	0.0828985
0.566492	-0.0306776	0.0855431	0.0343286	0.0587655	0.0818015
0.566531	-0.0306124	0.0856297	0.0339429	0.0597764	0.0822156
0.566563	-0.0305529	0.0857053	0.0351566	0.0606706	0.0820459
0.566597	-0.030492	0.0857869	0.0349664	0.0607656	0.0825801
0.566635	-0.0304276	0.0858744	0.0356695	0.06215	0.084445
0.566672	-0.0303731	0.0859586	0.0367078	0.0603568	0.0845519
0.566707	-0.0303102	0.086042	0.0358709	0.0628114	0.0833796
0.566739	-0.0302549	0.0861202	0.033739	0.0620647	0.0806382
0.566775	-0.0301947	0.0862067	0.0348139	0.0609643	0.0833108
0.566808	-0.0301326	0.0862844	0.034391	0.0609009	0.0825212
0.566844	-0.0300711	0.0863704	0.0329866	0.0614755	0.0822791
0.566876	-0.0300128	0.0864523	0.0330063	0.0607999	0.0824146
0.566912	-0.0299521	0.0865379	0.0341956	0.0610178	0.0844267
0.566946	-0.0298959	0.0866248	0.0340867	0.0586114	0.0854176
0.566979	-0.0298351	0.0867111	0.0347785	0.0581222	0.0868634
0.567012	-0.0297784	0.086792	0.0334076	0.0567075	0.0848966
0.567047	-0.0297156	0.0868804	0.0333141	0.0571242	0.0851704
0.567078	-0.0296567	0.0869639	0.0327375	0.0579884	0.0850852
0.567111	-0.0296023	0.0870491	0.0320827	0.0602772	0.0841938
0.567144	-0.0295438	0.0871342	0.0324182	0.05889	0.0846036
0.567176	-0.0294846	0.0872221	0.0341396	0.0587927	0.0873702
0.567205	-0.0294312	0.087306	0.032147	0.055869	0.0849827
0.56724	-0.0293723	0.0873954	0.0318701	0.0561675	0.0846652
0.567271	-0.0293171	0.0874792	0.0319845	0.0575627	0.0843723
0.567301	-0.0292591	0.0875674	0.0309532	0.058712	0.0858485
0.567332	-0.0292051	0.087651	0.0321488	0.0596185	0.0858787
0.567363	-0.0291439	0.0877358	0.0303897	0.0578745	0.0849429
0.567397	-0.0290894	0.0878276	0.0306511	0.0555002	0.0865199
0.567425	-0.0290333	0.0879079	0.0289301	0.0542322	0.0840659
0.567455	-0.0289789	0.0879934	0.0300303	0.0564748	0.0858492
0.567486	-0.0289191	0.0880812	0.0289369	0.0574244	0.0849367
0.567515	-0.0288662	0.0881639	0.0287401	0.0548579	0.0838426
0.567549	-0.0288062	0.0882544	0.0290175	0.0567823	0.084433
0.567578	-0.0287461	0.0883396	0.0270057	0.0599725	0.0816132
0.567609	-0.0286922	0.0884257	0.0292995	0.0579426	0.0844381
0.567636	-0.0286321	0.0885078	0.0295566	0.0589435	0.0864236
0.567666	-0.0285762	0.088592	0.0290613	0.0609944	0.0855537
0.567696	-0.0285198	0.0886772	0.0300059	0.0584268	0.0861891
0.567726	-0.0284633	0.0887653	0.0296452	0.0570786	0.087232
0.567754	-0.0284061	0.0888502	0.0279426	0.0565353	0.0852833
0.567784	-0.0283546	0.0889374	0.0284615	0.0569507	0.0855831
0.567809	-0.0283028	0.0890192	0.0287673	0.0567293	0.0857779
0.567837	-0.028243	0.0891044	0.0265239	0.0582513	0.0829419
0.567866	-0.0281821	0.0891878	0.0272103	0.0579411	0.0836847
0.567891	-0.0281324	0.0892691	0.0254366	0.0563702	0.0810414
0.56792	-0.0280708	0.089354	0.0250422	0.0590664	0.0795096
0.56795	-0.0280137	0.0894394	0.0262515	0.0597562	0.0801815
0.567973	-0.0279531	0.0895178	0.0269515	0.0613419	0.0813039
0.568006	-0.0279016	0.0896094	0.0279436	0.0571412	0.0839452
0.568028	-0.027847	0.0896879	0.026053	0.0570758	0.0825981
0.568058	-0.0277867	0.0897768	0.0273131	0.0580806	0.0850069
0.568085	-0.0277255	0.0898599	0.0281046	0.0593058	0.085913
0.56811	-0.0276688	0.089942	0.0267309	0.0577528	0.0842186
0.568139	-0.0276083	0.0900286	0.0261359	0.0603008	0.0831516
0.568164	-0.0275502	0.0901137	0.0256695	0.0603095	0.0829871
0.568191	-0.0274949	0.0901976	0.0265208	0.0568437	0.0826018
0.56822	-0.0274403	0.0902865	0.0278044	0.0537123	0.0852375
0.568246	-0.0273821	0.0903745	0.0275081	0.053634	0.0864127
0.568272	-0.0273257	0.0904608	0.0268753	0.0553603	0.0857096
0.568301	-0.0272682	0.0905528	0.0282834	0.0565686	0.088293
0.568326	-0.0272088	0.0906373	0.0271492	0.0581753	0.0865746
0.568349	-0.0271517	0.0907192	0.0266878	0.0576184	0.0862295
0.568375	-0.0271011	0.0908071	0.0253834	0.0553797	0.0847466
0.5684	-0.0270411	0.0908954	0.0258269	0.0566362	0.0869023
0.568426	-0.0269896	0.0909849	0.025481	0.0533598	0.088949
0.568449	-0.0269315	0.0910717	0.0263271	0.0545055	0.0897881
0.568473	-0.026877	0.0911596	0.0248312	0.052654	0.0878615
0.568499	-0.0268199	0.0912522	0.0249834	0.0532303	0.0877002
0.568523	-0.0267628	0.0913392	0.0239962	0.0552271	0.0862066
0.568546	-0.026709	0.0914257	0.0217813	0.0537301	0.0852362
0.56857	-0.0266544	0.0915143	0.0225494	0.0534755	0.0856412
0.568596	-0.0265945	0.0916041	0.022534	0.0561833	0.0861459
0.56862	-0.0265403	0.0916952	0.0232549	0.0549654	0.0879557
0.568645	-0.0264811	0.0917851	0.0256115	0.0572827	0.0896282
0.568671	-0.0264248	0.0918797	0.0262073	0.0575356	0.09143
0.568695	-0.0263655	0.091969	0.0261533	0.056931	0.0922464
0.568719	-0.0263115	0.0920566	0.0254441	0.0561912	0.0907163
0.568744	-0.0262561	0.0921491	0.0269676	0.058415	0.0919332
0.56877	-0.0261924	0.0922384	0.0282346	0.0584274	0.0917752
0.56879	-0.0261379	0.0923248	0.0263277	0.0575244	0.0916919
0.568813	-0.0260849	0.0924178	0.0242044	0.0554895	0.0906403
0.568839	-0.0260207	0.0925144	0.0249277	0.0583134	0.0920389
0.568862	-0.0259657	0.0926055	0.0249107	0.0574698	0.0920694
0.568885	-0.0259137	0.0926989	0.0238387	0.0563967	0.0925149
0.568909	-0.0258527	0.0927901	0.0257589	0.0567569	0.0949247
0.568932	-0.0257966	0.0928799	0.0267953	0.057075	0.095865
0.568952	-0.0257357	0.0929707	0.0248568	0.057051	0.0946814
0.568974	-0.0256777	0.0930631	0.0254797	0.0586428	0.0962003
0.568997	-0.0256217	0.0931567	0.0232503	0.05849	0.0939035
0.569021	-0.0255635	0.0932515	0.0232955	0.059582	0.0939964
0.569039	-0.0255075	0.0933349	0.0229667	0.0597923	0.0904291
0.569058	-0.0254502	0.0934238	0.0214907	0.0585416	0.0895795
0.569076	-0.0253953	0.0935109	0.0209483	0.0583271	0.0894479
0.569094	-0.0253371	0.0935975	0.0201898	0.059134	0.0884594
0.569113	-0.0252759	0.0936854	0.0189468	0.0597243	0.0875454
0.569131	-0.0252227	0.0937736	0.0192927	0.0589362	0.089156
0.569149	-0.0251645	0.093862	0.0177222	0.0588815	0.0872815
0.569169	-0.0251071	0.0939544	0.0181827	0.0586458	0.0886565
0.569187	-0.0250485	0.0940402	0.0193708	0.057243	0.0896115
0.569204	-0.0249914	0.0941274	0.0191485	0.0555913	0.0893228
0.569218	-0.0249315	0.0942117	0.0176116	0.0574895	0.0866918
0.569234	-0.0248723	0.0942995	0.0166656	0.0575667	0.0866412
0.569255	-0.024817	0.0943915	0.0208847	0.057258	0.092666
0.569272	-0.0247581	0.0944788	0.0205656	0.0562267	0.0921719
0.569286	-0.0246975	0.0945643	0.0181015	0.0579726	0.0885391
0.569302	-0.0246417	0.0946524	0.0179706	0.0582167	0.089375
0.569317	-0.0245902	0.0947384	0.0167766	0.0568038	0.0879169
0.569335	-0.0245257	0.0948271	0.0170098	0.0557711	0.0889048
0.569344	-0.0244736	0.0949058	0.0144145	0.0543141	0.086183
0.569361	-0.0244201	0.0949971	0.0170501	0.0536153	0.0891579
0.569379	-0.0243587	0.0950867	0.0169596	0.0550508	0.0887833
0.56939	-0.0243051	0.0951699	0.0151292	0.0523616	0.0865685
0.569403	-0.0242487	0.0952568	0.0150413	0.0533666	0.0861996
0.569424	-0.0241917	0.0953519	0.0169223	0.0539187	0.0885777
0.569434	-0.0241327	0.095436	0.0153668	0.0548744	0.0873458
0.569446	-0.0240767	0.0955222	0.0142389	0.0543925	0.0869438
0.569462	-0.0240202	0.0956126	0.015517	0.0542274	0.088177
0.569469	-0.0239695	0.0956974	0.0127034	0.0521605	0.0868558
0.569482	-0.0239105	0.0957918	0.0135094	0.052745	0.0901081
0.569494	-0.0238513	0.0958781	0.0123046	0.0541957	0.0871949
0.569509	-0.0237909	0.0959727	0.0139262	0.0538454	0.0911795
0.569516	-0.0237323	0.0960585	0.0119176	0.0537073	0.0889787
0.569529	-0.0236731	0.0961515	0.0123866	0.0540338	0.089908
0.569539	-0.0236127	0.096236	0.0103427	0.057492	0.0874709
0.56955	-0.0235558	0.0963291	0.010172	0.0591046	0.088871
0.569563	-0.0234982	0.0964203	0.0107227	0.0598919	0.089998
0.56957	-0.0234489	0.0965119	0.00927308	0.0574412	0.0898977
0.569583	-0.0233848	0.0966027	0.0114862	0.0619847	0.0904217
0.569591	-0.0233276	0.0966909	0.00984347	0.06039	0.0893551
0.5696	-0.0232717	0.0967779	0.010083	0.0587391	0.0901719
0.569611	-0.0232174	0.0968707	0.00986464	0.0599429	0.0896516
0.569623	-0.0231595	0.0969651	0.0104722	0.0607189	0.0909738
0.56963	-0.0231056	0.0970543	0.00823737	0.0577438	0.0881814
0.56964	-0.0230486	0.0971463	0.010756	0.0588861	0.0912506
0.569649	-0.0229925	0.097239	0.00870186	0.0572924	0.0902779
0.569657	-0.0229325	0.0973325	0.00709859	0.0570952	0.0894336
0.569665	-0.0228822	0.0974202	0.00687596	0.0550274	0.08833
0.569668	-0.0228235	0.0975064	0.00576427	0.0555674	0.0868634
0.569681	-0.0227646	0.0976029	0.00729518	0.0564384	0.0901547
0.569688	-0.0227058	0.0976959	0.00731975	0.0569252	0.0914523
0.569696	-0.0226502	0.0977925	0.00741369	0.0563658	0.0917705
0.569701	-0.0225948	0.0978838	0.00594947	0.057728	0.0914438
0.569709	-0.0225394	0.0979815	0.0076518	0.0572484	0.0934091
0.569715	-0.0224819	0.0980705	0.00737182	0.0573733	0.0913168
0.569721	-0.022423	0.0981614	0.00679174	0.0582683	0.091844
0.569725	-0.022366	0.0982542	0.00527486	0.057515	0.0903252
0.56973	-0.0223084	0.0983449	0.00525651	0.057794	0.0915736
0.569735	-0.0222546	0.0984403	0.00490068	0.0592488	0.0920046
0.569738	-0.0222	0.0985313	0.00372006	0.0583256	0.0903623
0.569741	-0.0221501	0.0986218	0.00456491	0.05574	0.0913089
0.569743	-0.0220919	0.0987146	0.00428914	0.0579894	0.091309
0.569747	-0.0220355	0.0988071	0.0055736	0.0571745	0.0954582
0.569749	-0.0219808	0.0988977	0.00466312	0.0592422	0.0937191
0.56975	-0.021928	0.0989889	0.00406455	0.0593387	0.0926498
0.569757	-0.0218746	0.0990843	0.00600823	0.0573955	0.0960084
0.569756	-0.0218179	0.0991726	0.00375217	0.0576404	0.0938125
0.569758	-0.0217662	0.0992641	0.0012114	0.0553148	0.091109
0.569759	-0.0217096	0.0993562	0.000603924	0.0553923	0.0905321
0.569762	-0.021654	0.0994505	0.00172495	0.0553439	0.0930987
0.569762	-0.0216034	0.0995396	0.000908908	0.0547491	0.0912232
0.569762	-0.0215492	0.0996295	0.00111917	0.0566659	0.0904367
0.569763	-0.0214964	0.0997249	0.00117968	0.0585029	0.0909006
0.569761	-0.0214474	0.0998116	-0.000107653	0.0564853	0.0881203
0.569761	-0.0213897	0.0998993	-0.000509184	0.0591752	0.0868592
0.569758	-0.0213349	0.0999897	-0.00066938	0.0583519	0.0888212
0.569756	-0.0212846	0.100078	-0.00283185	0.0558256	0.0855215
0.56976	-0.0212276	0.100174	-0.000206977	0.0567914	0.0872963
0.56976	-0.0211738	0.100264	-0.000843264	0.0568272	0.0873631
0.569763	-0.021118	0.100358	0.000346441	0.0551454	0.0891084
0.569763	-0.0210669	0.10045	-0.000442809	0.0524483	0.0891465
0.56976	-0.0210159	0.100537	-0.000774287	0.0547539	0.0882751
0.569761	-0.0209599	0.100629	-0.00124686	0.0545387	0.088195
0.569762	-0.0209134	0.100724	-0.000893596	0.0518569	0.0902324
0.569764	-0.0208564	0.100819	-0.000216049	0.0524828	0.0914686
0.569765	-0.0207997	0.100918	-0.000182664	0.0529009	0.0922914
0.569763	-0.0207422	0.101007	-0.000164835	0.0524505	0.0930664
0.569762	-0.02069	0.101103	-0.000950122	0.0515556	0.0939085
0.569762	-0.0206355	0.101199	0.000300802	0.0523262	0.0955057
0.569758	-0.0205919	0.101295	-0.000960289	0.0504079	0.0965994
0.569759	-0.0205331	0.101392	-0.000418915	0.0515938	0.0949899
0.569757	-0.0204827	0.101489	-0.000347518	0.0498705	0.0967439
0.569757	-0.0204307	0.101585	-0.00142975	0.0483653	0.09458
0.569758	-0.0203806	0.101683	0.00138836	0.0494094	0.100343
0.569758	-0.020328	0.101782	0.00225188	0.0487018	0.102913
0.569759	-0.0202731	0.101883	0.00175906	0.0499411	0.100702
0.569762	-0.0202193	0.101981	0.00151555	0.0508523	0.0989987
0.569763	-0.0201738	0.102082	0.00166756	0.0493357	0.100513
0.569763	-0.0201141	0.102184	0.000216381	0.0541529	0.100042
0.569762	-0.0200656	0.102278	-0.000872385	0.0524776	0.0984554
0.569763	-0.0200135	0.102384	-0.000848668	0.054031	0.100405
0.56976	-0.0199649	0.102481	-0.0029683	0.0525736	0.0975653
0.569759	-0.0199112	0.102584	-0.00156038	0.0550078	0.0990422
0.569756	-0.0198532	0.102683	-0.000276905	0.0557604	0.10116
0.569758	-0.0198019	0.102781	0.00149743	0.0543551	0.102774
0.569753	-0.019756	0.102877	0.000960321	0.0518859	0.101824
0.569752	-0.0197021	0.10298	0.000451408	0.052435	0.102798
0.569751	-0.0196478	0.103082	-0.00129597	0.0533058	0.101665
0.569752	-0.0195994	0.103184	-0.000375251	0.0522156	0.101438
0.56975	-0.0195484	0.103287	-0.000508839	0.0513913	0.101321
0.569748	-0.0194996	0.103387	-0.000722676	0.0502184	0.102423
0.569741	-0.0194494	0.10348	-0.00287691	0.0488919	0.0994314
0.569734	-0.0193963	0.103573	-0.00350085	0.0494185	0.0980049
0.569731	-0.0193496	0.103677	-0.00254158	0.0486964	0.101237
0.569726	-0.0192973	0.103778	-0.00281898	0.0507266	0.101628
0.569723	-0.0192532	0.103879	-0.00346913	0.0477971	0.100621
0.569716	-0.0191984	0.10397	-0.00465729	0.0498672	0.0979968
0.569711	-0.0191519	0.104067	-0.00480682	0.0484335	0.0977437
0.569707	-0.0191011	0.104169	-0.00441607	0.0495363	0.0987569
0.569697	-0.0190548	0.104259	-0.00657656	0.0475992	0.0968662
0.569694	-0.01901	0.104359	-0.00558426	0.0467621	0.0962958
0.569687	-0.0189581	0.104454	-0.00768159	0.0488567	0.0923917
0.569679	-0.0189116	0.104547	-0.00768203	0.0493519	0.0922264
0.569665	-0.0188605	0.104633	-0.0103547	0.0485495	0.0889802
0.569661	-0.0188124	0.104735	-0.00833838	0.0490646	0.0947234
0.569653	-0.018765	0.104826	-0.00712788	0.0503203	0.0952468
0.569648	-0.0187151	0.104926	-0.00454484	0.0496753	0.0980926
0.569636	-0.0186656	0.105014	-0.00725398	0.0489924	0.0953875
0.569628	-0.0186206	0.105105	-0.00727398	0.0490096	0.094338
0.569622	-0.018572	0.105204	-0.00871395	0.0475769	0.0930959
0.569613	-0.018524	0.105299	-0.00844249	0.0480921	0.0943203
0.569604	-0.0184718	0.105396	-0.00964116	0.0503117	0.0927417
0.569597	-0.0184276	0.10549	-0.00931477	0.0490682	0.092134
0.569588	-0.0183808	0.105591	-0.010084	0.0503707	0.0916872
0.569578	-0.0183312	0.105689	-0.0100698	0.0493954	0.0929643
0.569565	-0.018284	0.105782	-0.0123974	0.0483085	0.0918333
0.569555	-0.0182334	0.105886	-0.0119125	0.0489368	0.0956533
0.569541	-0.0181934	0.105981	-0.0134593	0.045912	0.0948882
0.569531	-0.018143	0.106084	-0.0131012	0.0471669	0.0971439
0.56952	-0.0180988	0.106186	-0.0137952	0.0480975	0.0971806
0.569507	-0.0180536	0.106278	-0.0138547	0.0482299	0.0961146
0.569492	-0.0180072	0.106379	-0.0125073	0.0485849	0.0991559
0.569484	-0.0179629	0.106483	-0.0114151	0.0483084	0.102058
0.569472	-0.017918	0.106586	-0.0121447	0.0479417	0.100519
0.569459	-0.0178696	0.106688	-0.0119025	0.0486266	0.100981
0.569443	-0.0178261	0.106784	-0.0135929	0.0476142	0.0995097
0.569425	-0.0177803	0.106881	-0.0148736	0.0455953	0.0970224
0.569414	-0.0177345	0.106989	-0.0127407	0.0441293	0.101091
0.569397	-0.0176844	0.10709	-0.0139829	0.0448239	0.101293
0.569383	-0.0176438	0.107194	-0.0156201	0.0431905	0.0997223
0.569368	-0.017599	0.107296	-0.0159061	0.0428673	0.0995895
0.569349	-0.0175557	0.107394	-0.016293	0.0420915	0.0987043
0.569333	-0.0175092	0.1075	-0.015119	0.0415632	0.102226
0.569315	-0.0174651	0.107596	-0.0159646	0.0427161	0.100693
0.569304	-0.0174215	0.107706	-0.0137923	0.0421227	0.104531
0.569285	-0.0173785	0.107804	-0.0166275	0.0420491	0.102611
0.569265	-0.0173313	0.107902	-0.0189109	0.0436798	0.0992506
0.569238	-0.0172934	0.107994	-0.0228611	0.0414883	0.0952504
0.569218	-0.0172445	0.108093	-0.0210575	0.0424023	0.0960896
0.569196	-0.0172054	0.10819	-0.0227146	0.0416678	0.0943876
0.569177	-0.0171593	0.108289	-0.0209842	0.0406577	0.0963748
0.569155	-0.0171174	0.108386	-0.0208016	0.0435103	0.0971077
0.569129	-0.0170797	0.108475	-0.0226579	0.0400774	0.0931287
0.569111	-0.0170358	0.108577	-0.0209802	0.0407722	0.0961711
0.569086	-0.0169948	0.108671	-0.0225472	0.0396963	0.0935266
0.56906	-0.0169487	0.108765	-0.023116	0.0425416	0.0952537
0.569033	-0.0169057	0.108858	-0.0257547	0.0432153	0.0923139
0.569002	-0.0168644	0.108943	-0.0272542	0.043673	0.088364
0.568977	-0.0168256	0.109036	-0.0249007	0.0437225	0.0914641
0.568954	-0.0167815	0.109131	-0.0241458	0.0425283	0.0915274
0.568931	-0.0167395	0.109231	-0.0239901	0.0422198	0.0930941
0.568905	-0.0166967	0.109321	-0.0247437	0.0423673	0.0910575
0.568879	-0.0166537	0.109408	-0.0235825	0.0409533	0.0924579
0.568852	-0.0166167	0.109498	-0.0250602	0.0397923	0.0934602
0.568829	-0.016576	0.109596	-0.0233593	0.0425815	0.0970353
0.568806	-0.0165336	0.109698	-0.022167	0.0412378	0.0997208
0.568774	-0.0165004	0.109788	-0.0229909	0.0397741	0.0991111
0.568749	-0.0164606	0.10988	-0.0238949	0.0403676	0.0964716
0.568722	-0.0164194	0.109976	-0.0255761	0.0407493	0.0966832
0.568693	-0.0163843	0.110071	-0.0260748	0.0381576	0.0959921
0.568669	-0.0163432	0.110169	-0.0255146	0.0392433	0.0972246
0.568644	-0.0163	0.110268	-0.0256551	0.0412158	0.0982013
0.568616	-0.0162645	0.110364	-0.0255176	0.0403405	0.097915
0.568591	-0.0162228	0.110466	-0.0242151	0.0409678	0.0987366
0.568561	-0.0161822	0.110562	-0.0249087	0.0413461	0.0981599
0.568536	-0.0161471	0.110665	-0.0250269	0.0400595	0.100647
0.568507	-0.0161056	0.110762	-0.0257784	0.0388181	0.0992809
0.568478	-0.016066	0.110862	-0.0277331	0.0395748	0.0986007
0.568445	-0.0160341	0.110955	-0.0283724	0.0397033	0.0973663
0.568419	-0.0159949	0.111059	-0.0259449	0.0405297	0.102863
0.568386	-0.0159532	0.111158	-0.0279114	0.0414058	0.0999468
0.568359	-0.0159169	0.111262	-0.0264101	0.0386548	0.104649
0.568325	-0.0158766	0.111358	-0.0305741	0.0414119	0.0986693
0.568298	-0.0158349	0.111463	-0.0300283	0.0411591	0.0994725
0.568266	-0.0157997	0.111563	-0.028271	0.0400955	0.103386
0.568235	-0.0157559	0.111665	-0.0302384	0.0397562	0.10012
0.568202	-0.015722	0.111766	-0.0319115	0.0380023	0.0991429
0.568165	-0.0156896	0.111859	-0.032896	0.0373658	0.0968988
0.568133	-0.0156481	0.111957	-0.0318068	0.039347	0.0970344
0.5681	-0.0156127	0.112055	-0.0321363	0.0371423	0.0977911
0.568067	-0.0155713	0.112151	-0.0327451	0.0370746	0.097713
0.568032	-0.0155384	0.11225	-0.0320538	0.0367169	0.0971042
0.568002	-0.0155046	0.11235	-0.0322134	0.0364934	0.0959247
0.567965	-0.0154666	0.112441	-0.0327462	0.0366024	0.0951358
0.567934	-0.0154298	0.112537	-0.0332142	0.0374611	0.0954388
0.567898	-0.015398	0.112632	-0.0337983	0.036911	0.0943387
0.567859	-0.0153561	0.112725	-0.0355943	0.0390561	0.093127
0.567824	-0.0153254	0.112819	-0.0361963	0.0373497	0.0919967
0.567787	-0.0152883	0.112911	-0.0342048	0.0364718	0.0942728
0.567751	-0.0152507	0.113	-0.0350559	0.0372043	0.0932184
0.567716	-0.0152177	0.113094	-0.0340534	0.0374533	0.0941128
0.567683	-0.0151809	0.113192	-0.0354753	0.0365729	0.0920241
0.567645	-0.0151454	0.113279	-0.0371388	0.0385857	0.0880929
0.567609	-0.0151186	0.113371	-0.0370979	0.0342925	0.0887309
0.567572	-0.0150786	0.113465	-0.0360577	0.0381609	0.0919781
0.567536	-0.0150464	0.113558	-0.0362557	0.0354671	0.0913616
0.567499	-0.0150161	0.113651	-0.036027	0.0336498	0.091269
0.567457	-0.0149789	0.113741	-0.0385395	0.0366228	0.0907524
0.567419	-0.0149479	0.113835	-0.0374662	0.0351116	0.0928398
0.567382	-0.0149151	0.113931	-0.036695	0.0340416	0.0951598
0.567343	-0.0148777	0.114021	-0.0378071	0.0351226	0.0941582
0.567305	-0.0148404	0.11412	-0.0398304	0.0345696	0.0931272
0.567269	-0.0148126	0.114219	-0.0365508	0.0328514	0.0991968
0.567228	-0.0147774	0.114312	-0.0373939	0.0337849	0.0981921
0.567188	-0.014748	0.114406	-0.0369094	0.0305944	0.0982997
0.567148	-0.0147133	0.114504	-0.036995	0.0303527	0.0986976
0.567106	-0.0146795	0.114599	-0.0372766	0.0318774	0.098671
0.567064	-0.0146476	0.114695	-0.0404329	0.0296784	0.0964744
0.567024	-0.0146166	0.114789	-0.0404357	0.0302079	0.0960348
0.566981	-0.0145836	0.114887	-0.0407252	0.0298834	0.0973349
0.566941	-0.0145516	0.114985	-0.0394756	0.0290963	0.0982639
0.566901	-0.0145233	0.115088	-0.0395621	0.0293239	0.0997016
0.566856	-0.0144902	0.115185	-0.04136	0.0325757	0.0973776
0.566813	-0.0144568	0.11528	-0.0413783	0.0330038	0.098665
0.566769	-0.0144251	0.115382	-0.0418518	0.0332629	0.0989689
0.566725	-0.0143914	0.11548	-0.0434216	0.0324045	0.0978152
0.566676	-0.0143574	0.115575	-0.04519	0.0311017	0.0956702
0.566629	-0.0143306	0.11567	-0.0441623	0.0276929	0.0969442
0.566579	-0.0143006	0.115761	-0.0468763	0.0296617	0.0934998
0.566532	-0.0142671	0.11586	-0.0479542	0.0300028	0.0913767
0.566488	-0.0142363	0.115961	-0.0462892	0.0301919	0.0922429
0.566439	-0.0142045	0.116051	-0.0463124	0.0310227	0.0903817
0.566391	-0.0141757	0.116145	-0.0466329	0.0288652	0.0911121
0.56634	-0.0141444	0.116235	-0.0475622	0.0299975	0.0912248
0.566286	-0.0141169	0.116322	-0.0498068	0.029041	0.089198
0.566234	-0.0140906	0.116414	-0.0507932	0.0290247	0.0884217
0.56618	-0.0140601	0.116502	-0.0502557	0.0285686	0.090272
0.566132	-0.0140317	0.116594	-0.0499109	0.0286773	0.0881085
0.56608	-0.0140046	0.116684	-0.0507502	0.0270735	0.0907161
0.566025	-0.0139752	0.11677	-0.0503965	0.0269648	0.090493
0.565978	-0.0139466	0.116864	-0.0490976	0.0263736	0.0913879
0.565926	-0.0139137	0.11695	-0.0504908	0.030744	0.0867729
0.565873	-0.013889	0.117037	-0.0525555	0.0275995	0.0857623
0.565822	-0.0138653	0.117127	-0.0494446	0.0263095	0.0941064
0.565773	-0.0138312	0.117222	-0.0494295	0.0275622	0.0934522
0.565721	-0.0138052	0.117313	-0.0502499	0.0265281	0.0919648
0.56567	-0.0137778	0.117404	-0.0507241	0.0271341	0.0905137
0.565622	-0.0137475	0.117495	-0.0499495	0.0288873	0.089923
0.565575	-0.0137182	0.117595	-0.0508871	0.0277266	0.0913665
0.565524	-0.0136944	0.117687	-0.0500875	0.0277477	0.0925602
0.565476	-0.0136612	0.117783	-0.0491388	0.0305373	0.0939565
0.565426	-0.0136314	0.117874	-0.0496479	0.0293031	0.0935042
0.565377	-0.013606	0.117969	-0.0486521	0.0307802	0.0952403
0.565333	-0.0135787	0.118075	-0.0490751	0.0305757	0.0959283
0.565284	-0.0135457	0.118171	-0.0482489	0.0308728	0.0966647
0.565232	-0.0135191	0.118263	-0.0488544	0.0289187	0.0948677
0.565179	-0.0134956	0.118356	-0.049839	0.0279885	0.0948035
0.565131	-0.0134677	0.118457	-0.0489096	0.0274977	0.0968541
0.565083	-0.0134388	0.118559	-0.0481493	0.027081	0.0980806
0.565034	-0.0134069	0.118659	-0.0470196	0.0278423	0.100551
0.564985	-0.0133823	0.118758	-0.0480555	0.0258947	0.0974023
0.564937	-0.0133568	0.118859	-0.0486564	0.0243157	0.0999891
0.564888	-0.0133281	0.118962	-0.0477245	0.0253278	0.101982
0.564832	-0.0133003	0.119057	-0.051071	0.0253623	0.0976406
0.564779	-0.0132764	0.119155	-0.0509996	0.0229533	0.0993536
0.56473	-0.0132469	0.119258	-0.0498077	0.0223918	0.10186
0.564675	-0.0132233	0.119355	-0.051658	0.0212863	0.101284
0.56462	-0.0131947	0.11945	-0.0530318	0.0262241	0.0990744
0.564566	-0.0131688	0.119552	-0.0548354	0.025168	0.0972691
0.564513	-0.0131393	0.119645	-0.0552857	0.0254248	0.095692
0.564457	-0.0131139	0.119739	-0.0551098	0.0245635	0.095097
0.564408	-0.0130889	0.119848	-0.0520563	0.0258048	0.0985863
0.564351	-0.0130597	0.119942	-0.0557388	0.0256457	0.0951293
0.564291	-0.0130389	0.120031	-0.0560331	0.0242272	0.0932229
0.564232	-0.0130137	0.120121	-0.056667	0.021958	0.0927753
0.564173	-0.0129862	0.120216	-0.0554155	0.0240572	0.0960898
0.564117	-0.0129612	0.120311	-0.0543145	0.0229454	0.0961192
0.564059	-0.0129398	0.120404	-0.0581081	0.0222413	0.0919288
0.564001	-0.0129154	0.120495	-0.0587434	0.0231988	0.0909128
0.563944	-0.0128912	0.120587	-0.0609443	0.0213543	0.0889904
0.563891	-0.0128707	0.120685	-0.0587201	0.0189853	0.0930862
0.56383	-0.0128477	0.120774	-0.0597542	0.0220368	0.0921324
0.563775	-0.0128165	0.120869	-0.0581799	0.0255239	0.0935593
0.563717	-0.0127909	0.120966	-0.0589505	0.0249915	0.0937381
0.563655	-0.0127754	0.121056	-0.05897	0.0220898	0.094213
0.563599	-0.0127457	0.121153	-0.0573216	0.0265337	0.0958012
0.563541	-0.012725	0.121254	-0.0557484	0.0251847	0.0972539
0.563484	-0.0127019	0.121348	-0.0565276	0.02501	0.0955857
0.563423	-0.0126713	0.121441	-0.057222	0.0293164	0.0955798
0.563369	-0.0126446	0.121543	-0.0576235	0.0307474	0.0964868
0.563312	-0.0126293	0.121643	-0.0585198	0.0258418	0.0967889
0.563257	-0.012605	0.121747	-0.0575612	0.0258623	0.0980542
0.563195	-0.0125787	0.121834	-0.0589072	0.0242169	0.0982132
0.563138	-0.0125549	0.121939	-0.0575808	0.0236067	0.101107
0.563079	-0.0125351	0.122037	-0.0585305	0.0226439	0.0987193
0.563023	-0.0125069	0.122138	-0.0581125	0.0250103	0.09967
0.562964	-0.012484	0.122238	-0.0606698	0.0258617	0.095307
0.562906	-0.0124617	0.122339	-0.0622683	0.0248242	0.0951908
0.562847	-0.0124338	0.122439	-0.0621903	0.0243826	0.0943478
0.56279	-0.0124081	0.122543	-0.0618803	0.0249148	0.094592
0.562734	-0.0123863	0.122644	-0.0628306	0.0220312	0.0933044
0.562675	-0.012363	0.122746	-0.0625605	0.0221651	0.0946442
0.562614	-0.0123411	0.122848	-0.0620749	0.0222735	0.0959397
0.56255	-0.0123181	0.122944	-0.0623035	0.0247213	0.0962734
0.562488	-0.0122964	0.123043	-0.0609478	0.0243596	0.0977993
0.562299	-0.0122248	0.123331	-0.0631852	0.0261382	0.0954694
0.562236	-0.0122043	0.123429	-0.0629454	0.0251811	0.0947053
0.562174	-0.0121814	0.123526	-0.0635389	0.0249818	0.0933984
0.562111	-0.0121597	0.123623	-0.0631038	0.0231434	0.0938555
0.562043	-0.0121385	0.123717	-0.0636313	0.0240327	0.0953722
0.561978	-0.0121149	0.123813	-0.0642512	0.0232523	0.0958777
0.56191	-0.0121003	0.123903	-0.065279	0.0218175	0.0953419
0.561844	-0.0120771	0.123997	-0.0637925	0.0231885	0.0963362
0.561783	-0.0120545	0.124097	-0.0633824	0.0228579	0.0982847
0.561723	-0.0120316	0.124201	-0.0613947	0.0258961	0.102013
0.561662	-0.0120138	0.124298	-0.0629753	0.0218568	0.0974182
0.561605	-0.0119943	0.124399	-0.0614047	0.0203555	0.0984017
0.561542	-0.0119734	0.124494	-0.0612906	0.021532	0.0980959
0.561486	-0.0119479	0.124597	-0.0589821	0.023801	0.0991718
0.561428	-0.011935	0.124703	-0.0588984	0.0197439	0.101723
0.561365	-0.0119134	0.124803	-0.0586881	0.0200895	0.102139
0.561307	-0.0118875	0.124903	-0.056906	0.0215705	0.10674
0.56125	-0.0118665	0.12501	-0.056062	0.0208609	0.107068
0.561197	-0.0118468	0.125122	-0.0548845	0.0195916	0.110534
0.561136	-0.0118266	0.125221	-0.0565638	0.0192369	0.108246
0.561081	-0.0117984	0.125327	-0.0552367	0.024852	0.107392
0.561027	-0.0117792	0.125435	-0.0536371	0.0223392	0.109345
0.560972	-0.0117545	0.125546	-0.0525535	0.0245828	0.11199
0.560917	-0.0117385	0.125655	-0.0529949	0.0226662	0.109909
0.560858	-0.0117119	0.125755	-0.053768	0.0250415	0.107913
0.5608	-0.0116916	0.125861	-0.0540211	0.0206021	0.109224
0.560744	-0.0116713	0.125971	-0.0553129	0.0213392	0.107614
0.560683	-0.0116466	0.126076	-0.0572038	0.0212331	0.105581
0.560627	-0.0116249	0.126186	-0.0568818	0.0204938	0.105214
0.56057	-0.0116015	0.126288	-0.0574424	0.0238421	0.102473
0.560512	-0.0115815	0.126402	-0.0602355	0.0235417	0.103971
0.560453	-0.0115566	0.126505	-0.0608078	0.0232317	0.102772
0.560393	-0.0115365	0.126609	-0.0602783	0.0208796	0.103579
0.560334	-0.0115166	0.126715	-0.0598469	0.0193619	0.10522
0.560275	-0.011494	0.126817	-0.0593369	0.0200839	0.108609
0.560213	-0.0114737	0.126922	-0.0598674	0.0210757	0.108569
0.56015	-0.011455	0.127023	-0.0589102	0.0195948	0.109011
0.560091	-0.011428	0.127127	-0.0588877	0.0246213	0.107677
0.560028	-0.0114076	0.127229	-0.058871	0.0243866	0.106813
0.559971	-0.0113871	0.127336	-0.0586626	0.0229685	0.10536
0.559912	-0.0113651	0.127441	-0.0591327	0.0222537	0.10272
0.559853	-0.0113438	0.127545	-0.0593673	0.0205851	0.101197
0.559796	-0.0113208	0.127649	-0.059252	0.0222895	0.101215
0.559736	-0.0112988	0.127753	-0.059781	0.0225839	0.100172
0.559683	-0.011277	0.127865	-0.0577135	0.0212136	0.10233
0.559622	-0.0112578	0.127965	-0.0585265	0.0213005	0.100821
0.559566	-0.0112334	0.128073	-0.0575029	0.0232095	0.103082
0.559506	-0.0112125	0.128173	-0.0578781	0.0238345	0.103208
0.559448	-0.0111935	0.128284	-0.0601928	0.0243426	0.102255
0.559395	-0.0111665	0.128395	-0.0575207	0.0249224	0.104635
0.559341	-0.011143	0.128506	-0.056096	0.0241696	0.107545
0.559285	-0.0111206	0.128616	-0.0552876	0.0247156	0.108837
0.559232	-0.0110927	0.128729	-0.0530502	0.0251958	0.111872
0.559179	-0.0110726	0.128837	-0.053299	0.0229083	0.10939
0.559127	-0.0110496	0.128951	-0.0541561	0.020023	0.109103
0.559074	-0.0110281	0.12906	-0.0546994	0.0192034	0.108546
0.559014	-0.0110041	0.129167	-0.0562101	0.0231058	0.107042
0.55896	-0.0109822	0.129281	-0.0578819	0.0213423	0.106282
0.558901	-0.0109578	0.129387	-0.0589753	0.0232452	0.103688
0.558845	-0.0109367	0.129499	-0.0574576	0.0216452	0.106225
0.558791	-0.0109138	0.129615	-0.0575922	0.0221837	0.108068
0.558735	-0.0108885	0.129729	-0.0569694	0.023783	0.108265
0.558681	-0.0108661	0.129846	-0.0558443	0.0226462	0.109302
0.558621	-0.01084	0.129951	-0.0578575	0.0220242	0.107732
0.558568	-0.0108144	0.130069	-0.0567528	0.0214129	0.11109
0.558512	-0.0107907	0.130181	-0.0569223	0.0226464	0.112662
0.558455	-0.0107629	0.130294	-0.0564737	0.0246942	0.113298
0.558394	-0.0107393	0.130403	-0.0575455	0.0243114	0.112227
0.558332	-0.0107179	0.130508	-0.0578299	0.0238056	0.112451
0.558275	-0.0106945	0.130619	-0.0559941	0.0259117	0.111786
0.55822	-0.0106735	0.130735	-0.0583644	0.0266357	0.109847
0.55816	-0.0106494	0.13084	-0.0583118	0.027115	0.108678
0.558105	-0.0106228	0.130957	-0.0563444	0.0282721	0.111748
0.558051	-0.0105922	0.13107	-0.0559654	0.0293219	0.112551
0.557991	-0.0105735	0.131176	-0.0571743	0.0267402	0.110827
0.557938	-0.01055	0.131289	-0.0566587	0.0265197	0.109819
0.557884	-0.010524	0.1314	-0.0566976	0.0269428	0.109843
0.557827	-0.0104993	0.131512	-0.0558771	0.0249164	0.108668
0.557772	-0.0104747	0.131625	-0.0571888	0.0226448	0.107624
0.557719	-0.0104486	0.131738	-0.0576236	0.0239915	0.106608
0.557666	-0.0104252	0.131854	-0.0583439	0.0220126	0.105857
0.557617	-0.0103997	0.131974	-0.0556831	0.0211893	0.108288
0.557567	-0.0103753	0.132093	-0.0549259	0.0202389	0.10998
0.557515	-0.0103445	0.132211	-0.0531912	0.0243879	0.115082
0.557466	-0.0103228	0.132328	-0.049913	0.0200637	0.11821
0.557417	-0.0103024	0.13245	-0.0491101	0.018211	0.118802
0.557372	-0.01027	0.132575	-0.0469167	0.0229918	0.120856
0.557322	-0.0102455	0.132695	-0.0468419	0.0240568	0.121526
0.557275	-0.0102185	0.132816	-0.0480923	0.025193	0.12082
0.557224	-0.0101946	0.132936	-0.048	0.0252647	0.123327
0.557178	-0.0101669	0.133062	-0.0483469	0.0257685	0.122488
0.557131	-0.0101419	0.133185	-0.0487038	0.0272519	0.121517
0.557087	-0.0101167	0.133307	-0.0472553	0.0273611	0.121114
0.557041	-0.0100878	0.133438	-0.0450256	0.0265287	0.126934
0.557	-0.010063	0.133567	-0.0423052	0.0272898	0.129136
0.556954	-0.0100362	0.133694	-0.0437996	0.0272138	0.127353
0.556908	-0.0100081	0.133817	-0.0429513	0.0282645	0.130805
0.556863	-0.00998189	0.133947	-0.0420256	0.0277097	0.130859
0.556766	-0.00992477	0.134192	-0.0446156	0.0309894	0.127134
0.55667	-0.00987303	0.134438	-0.0450305	0.0234527	0.126305
0.556622	-0.00984166	0.134562	-0.0448216	0.0262839	0.126605
0.556575	-0.00982139	0.134685	-0.0467684	0.0243677	0.124183
0.556528	-0.00979263	0.134805	-0.0441823	0.026181	0.127208
0.556481	-0.00976302	0.134927	-0.0436364	0.0260152	0.126872
0.556439	-0.00973755	0.135056	-0.0445011	0.0240872	0.126376
0.556393	-0.00970911	0.135174	-0.0436077	0.0250044	0.125172
0.556344	-0.00968004	0.135294	-0.0432973	0.0256985	0.125137
0.556294	-0.00965512	0.135408	-0.0451365	0.0271331	0.122167
0.55625	-0.00962585	0.135532	-0.0441809	0.0293089	0.123234
0.556205	-0.00959894	0.135656	-0.0443342	0.028257	0.121103
0.556161	-0.00957406	0.135777	-0.0461958	0.0286009	0.118207
0.556119	-0.00954243	0.135907	-0.0453642	0.027304	0.11964
0.556077	-0.00951823	0.136035	-0.0424622	0.026377	0.125892
0.556035	-0.0094852	0.13616	-0.0416847	0.028024	0.124871
0.555995	-0.00946057	0.13629	-0.0424503	0.0280962	0.123263
0.555956	-0.00943009	0.136417	-0.0418821	0.0291109	0.122759
0.555919	-0.00940185	0.13655	-0.0427523	0.0299419	0.122773
0.555876	-0.00937308	0.136678	-0.0448462	0.0292475	0.122495
0.555834	-0.00934676	0.136803	-0.0451223	0.0298617	0.121526
0.555792	-0.00931835	0.136933	-0.0442814	0.0271807	0.123443
0.555751	-0.00928552	0.13706	-0.0434469	0.0300522	0.12315
0.555713	-0.00926069	0.137193	-0.0418347	0.0279717	0.123619
0.555675	-0.00922601	0.137325	-0.0425372	0.0329548	0.124218
0.555637	-0.00920001	0.137453	-0.0406224	0.0325099	0.12455
0.555601	-0.00917232	0.137587	-0.0398672	0.0313316	0.125793
0.555562	-0.00913855	0.137718	-0.0390898	0.0299707	0.127912
0.555528	-0.00911042	0.137852	-0.0391366	0.0287592	0.126888
0.555485	-0.00908393	0.137977	-0.0407715	0.0296094	0.126344
0.555446	-0.00904879	0.13811	-0.0402925	0.0318853	0.128785
0.555404	-0.00902491	0.138235	-0.0398981	0.0307625	0.126396
0.555363	-0.00898897	0.138365	-0.0392833	0.0325007	0.132974
0.555323	-0.00895772	0.138489	-0.0380475	0.0336506	0.131764
0.555283	-0.00893274	0.138618	-0.0383398	0.0316799	0.130085
0.555243	-0.00890119	0.138742	-0.039818	0.0328575	0.127505
0.555204	-0.00886824	0.13887	-0.0383382	0.0322599	0.12899
0.555167	-0.00883801	0.139	-0.0357463	0.0327354	0.13236
0.555127	-0.00880606	0.139126	-0.0372283	0.0319544	0.131194
0.555086	-0.00877521	0.139253	-0.0380917	0.0321711	0.129577
0.555047	-0.00874305	0.139381	-0.039254	0.0310062	0.129233
0.555	-0.00871372	0.139499	-0.0401557	0.0316502	0.125333
0.554965	-0.00867729	0.139635	-0.0362793	0.0322403	0.1304
0.554927	-0.00864526	0.139762	-0.0372393	0.0327955	0.129262
0.554887	-0.00861221	0.13989	-0.036724	0.0315842	0.129717
0.55485	-0.00858616	0.140016	-0.0351355	0.030671	0.132594
0.554813	-0.00855106	0.14015	-0.0346682	0.034495	0.13345
0.55478	-0.00851664	0.140285	-0.0329981	0.0350502	0.135088
0.55474	-0.00848125	0.140414	-0.0354262	0.0359871	0.1332
0.554706	-0.00844732	0.14055	-0.0348378	0.0358284	0.134086
0.554668	-0.00841838	0.140682	-0.035327	0.0342023	0.134285
0.554631	-0.00838321	0.140817	-0.0344335	0.0347586	0.135809
0.554593	-0.00835492	0.140949	-0.0354301	0.0332308	0.133579
0.554559	-0.0083142	0.141085	-0.0353578	0.034813	0.133564
0.554519	-0.00828567	0.141214	-0.035385	0.0337876	0.132943
0.554484	-0.00824893	0.141352	-0.0356065	0.0352301	0.133014
0.554447	-0.00821398	0.141485	-0.0350352	0.0334925	0.133126
0.554414	-0.00818211	0.141623	-0.0332391	0.0334986	0.134024
0.554373	-0.00815101	0.141753	-0.0366699	0.0307116	0.133147
0.554337	-0.0081135	0.14189	-0.0343616	0.0314422	0.135198
0.554297	-0.00808158	0.142021	-0.0360367	0.0298146	0.131988
0.554261	-0.00804829	0.142155	-0.0351213	0.0307785	0.134158
0.554223	-0.00801834	0.142287	-0.0353619	0.0295627	0.133678
0.55419	-0.00797588	0.142424	-0.0332378	0.0340769	0.139164
0.554153	-0.0079454	0.142557	-0.035399	0.0346114	0.136273
0.554118	-0.00790736	0.142689	-0.0355848	0.0355404	0.133375
0.554081	-0.0078749	0.14282	-0.0349398	0.0352518	0.132694
0.554047	-0.00783998	0.142956	-0.0347788	0.0332641	0.130908
0.554007	-0.0078088	0.143084	-0.0376364	0.0321464	0.126443
0.553972	-0.00777343	0.143215	-0.0365824	0.0316387	0.127427
0.553933	-0.00774397	0.143339	-0.0353765	0.0307895	0.126997
0.553905	-0.00770798	0.143474	-0.0325323	0.0326317	0.128704
0.553872	-0.00767324	0.143606	-0.0320397	0.0332347	0.130033
0.553839	-0.00763834	0.143739	-0.0336721	0.0312312	0.129413
0.553809	-0.00760653	0.143869	-0.032762	0.0281427	0.129748
0.553781	-0.00756708	0.144002	-0.0309325	0.0310727	0.130696
0.55375	-0.00753641	0.144133	-0.0313919	0.0320566	0.129711
0.553718	-0.00750054	0.144263	-0.0323999	0.0333002	0.1283
0.553685	-0.00746178	0.144392	-0.0317801	0.0347336	0.130545
0.553657	-0.0074323	0.144525	-0.0293703	0.0341786	0.131569
0.55363	-0.00739633	0.144659	-0.0266977	0.0343945	0.13422
0.553603	-0.00735858	0.144797	-0.0270664	0.0348366	0.135302
0.553579	-0.00732047	0.144931	-0.0245264	0.0376565	0.137218
0.553552	-0.00728616	0.145065	-0.0253442	0.0364833	0.135865
0.553527	-0.0072513	0.145199	-0.0258261	0.0348069	0.134398
0.553501	-0.00721759	0.145334	-0.025402	0.0327312	0.134649
0.553474	-0.00717877	0.14547	-0.0275095	0.0346884	0.133228
0.553447	-0.00714558	0.145598	-0.0261676	0.0342315	0.132951
0.553421	-0.00710818	0.145735	-0.0256942	0.0349831	0.134138
0.553397	-0.00707411	0.14587	-0.0249298	0.0344344	0.135728
0.553372	-0.00703436	0.146005	-0.0257303	0.0350569	0.134193
0.553347	-0.00699794	0.14614	-0.0241225	0.0333743	0.134855
0.553321	-0.00696383	0.146272	-0.0247788	0.0313002	0.132481
0.5533	-0.00692639	0.146411	-0.0242064	0.0304229	0.131737
0.553277	-0.00689142	0.146547	-0.0245895	0.0316467	0.133786
0.553252	-0.00685322	0.14668	-0.0251246	0.0312285	0.134126
0.553228	-0.0068164	0.146817	-0.0243036	0.0334203	0.133917
0.553207	-0.00677352	0.146953	-0.0234035	0.0378108	0.135243
0.553179	-0.00673312	0.147081	-0.0244687	0.0373312	0.132386
0.553159	-0.0066978	0.147216	-0.0245618	0.0359112	0.13023
0.553134	-0.00666251	0.147346	-0.0233041	0.0370802	0.132477
0.553115	-0.00662626	0.147484	-0.021179	0.0361674	0.133208
0.553091	-0.00658833	0.147612	-0.02223	0.0339883	0.131808
0.553067	-0.00654832	0.147739	-0.021892	0.0347793	0.13051
0.553044	-0.00651205	0.147875	-0.0240043	0.034147	0.131493
0.55302	-0.00647557	0.148004	-0.0238867	0.035414	0.13025
0.552999	-0.00643903	0.148136	-0.0233225	0.0370625	0.130264
0.552977	-0.00640195	0.148265	-0.0232834	0.0385658	0.129347
0.552957	-0.00636064	0.148396	-0.0236277	0.0389292	0.127726
0.552941	-0.0063259	0.148537	-0.0198698	0.0389446	0.132681
0.552922	-0.00628611	0.148669	-0.019936	0.0401586	0.131744
0.552903	-0.00624932	0.148806	-0.0180428	0.0408183	0.134312
0.55289	-0.00621373	0.148945	-0.0162597	0.0387781	0.140314
0.552867	-0.00617763	0.149078	-0.0173817	0.0398031	0.13995
0.552846	-0.00613798	0.149212	-0.0185245	0.0425296	0.137012
0.552829	-0.00609948	0.149353	-0.0186477	0.0412557	0.137992
0.55281	-0.00606245	0.149485	-0.0182157	0.0401495	0.136598
0.552797	-0.00602945	0.14963	-0.0167205	0.0358558	0.141845
0.552782	-0.00599171	0.14977	-0.015728	0.0395226	0.142194
0.552764	-0.00595398	0.14991	-0.016255	0.0408464	0.143424
0.552749	-0.00591085	0.150048	-0.0169831	0.0424669	0.140228
0.552731	-0.00587601	0.150186	-0.016285	0.0419533	0.142606
0.552711	-0.00583799	0.150326	-0.0164168	0.0419763	0.142236
0.552696	-0.00580484	0.150467	-0.0170147	0.0362683	0.139646
0.552676	-0.00576424	0.150604	-0.0198667	0.0367098	0.135433
0.552659	-0.00572989	0.150742	-0.0201766	0.0351686	0.135914
0.552645	-0.00568911	0.150887	-0.0185819	0.0359579	0.138039
0.552626	-0.00565469	0.151029	-0.0175772	0.0325279	0.139222
0.552613	-0.00561346	0.151173	-0.0154317	0.035861	0.142052
0.552594	-0.00557168	0.151308	-0.0175368	0.0364735	0.138764
0.552577	-0.00553855	0.151447	-0.018467	0.0360849	0.137604
0.552555	-0.00549898	0.151582	-0.0202826	0.0361439	0.135602
0.552537	-0.00546257	0.151722	-0.0167965	0.0360718	0.139103
0.55252	-0.00542415	0.151858	-0.0162903	0.0365096	0.140038
0.552501	-0.00538365	0.151992	-0.0175139	0.0380566	0.136998
0.552483	-0.00534105	0.15213	-0.019087	0.0385725	0.135947
0.552465	-0.00530449	0.152263	-0.0200762	0.0349414	0.133796
0.55245	-0.00527468	0.152399	-0.0178016	0.0318581	0.134827
0.552428	-0.0052304	0.152527	-0.0202549	0.0383326	0.132817
0.552409	-0.00519833	0.15266	-0.0183798	0.0358664	0.133788
0.552388	-0.00516182	0.152793	-0.0185868	0.0355849	0.134141
0.552373	-0.0051254	0.152928	-0.0171379	0.0378366	0.134785
0.552354	-0.00508983	0.153057	-0.0181465	0.0367154	0.131633
0.552339	-0.00504863	0.153194	-0.0152904	0.0377924	0.139047
0.552323	-0.0050142	0.153328	-0.0145391	0.0364861	0.138163
0.552308	-0.00497466	0.153464	-0.0137189	0.0367174	0.139493
0.552291	-0.00493775	0.153595	-0.014524	0.0343743	0.138318
0.552277	-0.00490204	0.153731	-0.014252	0.0339266	0.137499
0.552262	-0.00486145	0.15387	-0.0166192	0.033218	0.136164
0.552244	-0.00482963	0.154002	-0.0165514	0.0336479	0.135278
0.552232	-0.00479058	0.154143	-0.0159728	0.0345061	0.136074
0.552217	-0.00475539	0.154274	-0.0166661	0.0356321	0.133399
0.5522	-0.00471556	0.154407	-0.0176194	0.0381277	0.132303
0.552193	-0.00467332	0.154554	-0.0176267	0.0376342	0.13273
0.552177	-0.00463557	0.154686	-0.0170959	0.0391289	0.13297
0.552168	-0.00460351	0.154824	-0.0155775	0.0354015	0.13406
0.552154	-0.00456343	0.15496	-0.014781	0.0386613	0.135968
0.552137	-0.00452964	0.155092	-0.0151912	0.0377743	0.135004
0.552122	-0.00449048	0.155227	-0.0149481	0.0376451	0.135512
0.552105	-0.00445246	0.155357	-0.0149704	0.0373568	0.134186
0.552092	-0.00441649	0.155491	-0.0146108	0.0383622	0.132924
0.55208	-0.00437728	0.155629	-0.0146752	0.0391875	0.133675
0.552066	-0.00433519	0.155762	-0.0142677	0.039526	0.131808
0.552053	-0.00430249	0.155897	-0.0129314	0.0366483	0.13262
0.552036	-0.00426621	0.156027	-0.0157511	0.0358197	0.130055
0.552021	-0.00422787	0.156159	-0.0150149	0.0396153	0.130203
0.552007	-0.0041898	0.156296	-0.0166128	0.0398951	0.130757
0.551985	-0.00415251	0.15642	-0.0167451	0.0382915	0.130116
0.55197	-0.00411723	0.156549	-0.014574	0.0399084	0.130124
0.551953	-0.00408374	0.156676	-0.0152968	0.0375092	0.130532
0.55194	-0.00404112	0.156805	-0.0147903	0.0365885	0.129259
0.551924	-0.0040031	0.156936	-0.0158638	0.0340981	0.129122
0.551915	-0.00397397	0.157074	-0.0141172	0.0318343	0.132049
0.551897	-0.00393689	0.157196	-0.0163005	0.0327072	0.126979
0.551882	-0.003896	0.157327	-0.0132499	0.0399932	0.133161
0.551865	-0.00386404	0.157455	-0.0143921	0.0386801	0.132113
0.55185	-0.00383019	0.157586	-0.015057	0.0370477	0.130655
0.551836	-0.00378711	0.157709	-0.0152393	0.0366257	0.128674
0.551819	-0.00375157	0.157838	-0.0155543	0.0340932	0.127928
0.551812	-0.00371628	0.157976	-0.0140184	0.0349532	0.128765
0.551796	-0.00367626	0.158104	-0.0148456	0.0363102	0.128931
0.551785	-0.00364076	0.158239	-0.0142473	0.0339074	0.128974
0.551771	-0.00360116	0.158366	-0.0148644	0.0376643	0.128948
0.551756	-0.00357077	0.158497	-0.0131874	0.0348	0.132085
0.551737	-0.00353272	0.158625	-0.0168293	0.0353276	0.128441
0.551725	-0.00349425	0.158762	-0.014626	0.0363433	0.132223
0.55171	-0.00346268	0.15889	-0.0143169	0.036309	0.130531
0.551696	-0.00341996	0.159024	-0.0135187	0.0366596	0.132389
0.551681	-0.00338987	0.159157	-0.0142324	0.0341882	0.130459
0.551671	-0.00335006	0.159298	-0.0142551	0.0387359	0.131701
0.551659	-0.00331515	0.15943	-0.0136885	0.0370429	0.130831
0.551642	-0.0032773	0.159562	-0.0152153	0.038435	0.130445
0.551627	-0.00323973	0.159694	-0.0124235	0.0378681	0.137901
0.551609	-0.00319881	0.159825	-0.0145955	0.0395429	0.135222
0.551591	-0.00316456	0.159956	-0.0148079	0.0364414	0.133918
0.551577	-0.00312983	0.160086	-0.0139618	0.0355174	0.133773
0.55156	-0.00309246	0.160219	-0.0145704	0.0354063	0.135211
0.551545	-0.00305094	0.160353	-0.0146653	0.0366357	0.133759
0.551532	-0.00301519	0.16049	-0.0135342	0.0360816	0.134685
0.551517	-0.00298129	0.160619	-0.0135165	0.0361291	0.131967
0.551503	-0.00294044	0.16075	-0.0144962	0.0366213	0.132105
0.55148	-0.00290149	0.160875	-0.0168987	0.0367106	0.130375
0.551461	-0.00286731	0.161004	-0.0184962	0.0363423	0.127588
0.551442	-0.002833	0.161131	-0.019171	0.0345659	0.127301
0.551427	-0.00279057	0.161258	-0.0187291	0.0394602	0.126094
0.551407	-0.00275771	0.161378	-0.0184677	0.0384679	0.125234
0.55139	-0.00272153	0.161508	-0.017989	0.0373428	0.125805
0.551375	-0.00268564	0.161638	-0.0174437	0.0359514	0.126832
0.551356	-0.00265561	0.16176	-0.0178712	0.0353846	0.123665
0.551337	-0.0026202	0.161885	-0.019945	0.034793	0.121554
0.551314	-0.00258576	0.162001	-0.0202196	0.0374654	0.122047
0.551295	-0.00254654	0.162127	-0.0180341	0.0379564	0.125552
0.551276	-0.00250745	0.16225	-0.0180944	0.036693	0.124199
0.551256	-0.00247445	0.162368	-0.0198983	0.035918	0.121216
0.55124	-0.00243674	0.162491	-0.0171453	0.0374504	0.123099
0.551225	-0.00239706	0.162615	-0.0171155	0.0393207	0.122628
0.551208	-0.00236423	0.162738	-0.0170679	0.0367969	0.123447
0.551195	-0.00232969	0.162867	-0.0155201	0.0351358	0.124455
0.551177	-0.00229223	0.162987	-0.0180491	0.0366897	0.121738
0.55116	-0.00225684	0.163109	-0.0168357	0.037233	0.121154
0.551145	-0.0022229	0.163239	-0.0151986	0.0343872	0.124532
0.55113	-0.00218282	0.163366	-0.014748	0.0389231	0.124498
0.551116	-0.00214966	0.16349	-0.0141397	0.0383804	0.12503
0.551101	-0.00210932	0.163616	-0.0132824	0.0403776	0.128878
0.551091	-0.00207088	0.163744	-0.0116552	0.0411602	0.129594
0.551077	-0.00203755	0.163874	-0.012814	0.0380799	0.12732
0.551065	-0.00199851	0.163997	-0.0127671	0.0398339	0.126397
0.551054	-0.00196061	0.16413	-0.0124241	0.041869	0.127099
0.551042	-0.00192593	0.164256	-0.0137877	0.0404444	0.126447
0.551022	-0.00188748	0.164368	-0.0144779	0.0396875	0.123861
0.551008	-0.00184837	0.164499	-0.0152543	0.0403096	0.123816
0.550997	-0.00181067	0.164627	-0.0123207	0.0419663	0.126141
0.550983	-0.00176956	0.164753	-0.0130221	0.0427161	0.125114
0.550973	-0.00173691	0.164882	-0.0137722	0.03874	0.124579
0.550958	-0.00169848	0.165001	-0.0142744	0.0361457	0.122209
0.550947	-0.00165464	0.165131	-0.0132873	0.0388933	0.123761
0.550933	-0.00161808	0.165255	-0.0126816	0.0386493	0.12359
0.55092	-0.00158216	0.165378	-0.0129765	0.0380577	0.122825
0.550905	-0.00154204	0.165499	-0.0146345	0.0350202	0.121074
0.55089	-0.00150059	0.16562	-0.0148325	0.0392211	0.121298
0.550875	-0.00146587	0.165743	-0.0148035	0.0366889	0.12065
0.550865	-0.00142599	0.165872	-0.0127944	0.0386026	0.125878
0.550853	-0.00138733	0.165989	-0.0146354	0.0369968	0.121138
0.55084	-0.00134991	0.166108	-0.0149584	0.0354433	0.120006
0.550831	-0.00131588	0.166235	-0.0133685	0.0354432	0.12299
0.55082	-0.00127555	0.166357	-0.0135595	0.0332263	0.120497
0.550812	-0.00123472	0.166483	-0.0114599	0.0347207	0.124259
0.550801	-0.00119439	0.166602	-0.011203	0.0383755	0.122534
0.550789	-0.00115415	0.16672	-0.0112492	0.0352698	0.120602
0.550778	-0.00112147	0.166845	-0.0120435	0.0345396	0.121598
0.550769	-0.00108408	0.166968	-0.0110914	0.0352224	0.122039
0.550758	-0.00103955	0.167088	-0.0102292	0.0384252	0.121906
0.550747	-0.00100145	0.167203	-0.0103419	0.038877	0.119331
0.550738	-0.000965803	0.167322	-0.0100356	0.0376482	0.118158
0.550732	-0.000923399	0.167449	-0.00914334	0.0399002	0.122286
0.550722	-0.000884403	0.167573	-0.00992331	0.0395848	0.123102
0.550716	-0.00084309	0.167698	-0.00990318	0.0394191	0.121856
0.55071	-0.00080355	0.167821	-0.010085	0.0397979	0.120564
0.550702	-0.000761434	0.167944	-0.00955136	0.0382991	0.119519
0.550697	-0.000720276	0.168074	-0.0106377	0.0371435	0.11944
0.550685	-0.000678922	0.168199	-0.0105421	0.040471	0.122383
0.550676	-0.000639803	0.168322	-0.0106376	0.0411594	0.121644
0.550664	-0.00059873	0.168442	-0.0105889	0.0422924	0.122235
0.550655	-0.000551658	0.168567	-0.00860777	0.0443474	0.124198
0.550653	-0.000511506	0.168704	-0.00918825	0.0401454	0.125776
0.550638	-0.000470065	0.16882	-0.0114308	0.0418749	0.121715
0.550631	-0.000424871	0.168947	-0.00900045	0.0411272	0.124045
0.550623	-0.000389252	0.169074	-0.00851202	0.0388973	0.125769
0.550616	-0.000342847	0.1692	-0.00762129	0.0412457	0.125284
0.550607	-0.000300965	0.16933	-0.00872167	0.0428474	0.124479
0.550598	-0.000258757	0.169462	-0.00813351	0.0430639	0.128116
0.550589	-0.000216106	0.16959	-0.00879035	0.042442	0.127638
0.550577	-0.000171548	0.169712	-0.00860532	0.0432456	0.129217
0.550568	-0.000135481	0.169843	-0.00991165	0.0391998	0.128199
0.55056	-9.23832e-05	0.169975	-0.00922738	0.0384441	0.127425
0.550553	-5.19379e-05	0.170107	-0.010307	0.0419844	0.126995
0.550545	-5.398e-06	0.170239	-0.00977071	0.0433966	0.12764
0.550535	3.43193e-05	0.170363	-0.0112349	0.0436297	0.124075
0.550529	8.20021e-05	0.170496	-0.0088644	0.0443451	0.127154
0.55052	0.000122585	0.170626	-0.00974799	0.0404587	0.126588
0.550512	0.000161846	0.170752	-0.00991542	0.0413058	0.125846
0.550502	0.000206656	0.170878	-0.0104299	0.0422422	0.123428
0.550494	0.00025089	0.171007	-0.0106048	0.0436427	0.124432
0.550481	0.000291547	0.171129	-0.0113668	0.0428892	0.124349
0.55047	0.000332321	0.171257	-0.0101598	0.0397237	0.126311
0.550464	0.000376691	0.171381	-0.00843822	0.0411453	0.126596
0.550454	0.000412717	0.171502	-0.00907905	0.0423715	0.123755
0.550446	0.000454957	0.171628	-0.00910023	0.0421559	0.123328
0.550438	0.000497689	0.171751	-0.00844204	0.0437426	0.123509
0.550431	0.000536709	0.171878	-0.00866451	0.0437783	0.124172
0.550425	0.000581515	0.172001	-0.00728474	0.0442724	0.124313
0.550419	0.000625875	0.172123	-0.00782247	0.0437789	0.121285
0.55041	0.000668864	0.172248	-0.00787142	0.0443268	0.122787
0.550402	0.000711011	0.172369	-0.00764063	0.0470161	0.123171
0.550395	0.000751079	0.172498	-0.00787655	0.0422705	0.12369
0.550389	0.000794876	0.172622	-0.00720482	0.0403843	0.124134
0.550383	0.000840495	0.172744	-0.00694085	0.0421196	0.122439
0.550381	0.000883999	0.17288	-0.00371004	0.0417103	0.128347
0.550375	0.000925915	0.173001	-0.00502954	0.0408954	0.125138
0.550372	0.0010141	0.17327	-0.00309949	0.0438657	0.128654
0.550367	0.0010556	0.173394	-0.00531491	0.0430276	0.124023
0.550363	0.00109748	0.173522	-0.00437002	0.0426114	0.125557
0.550362	0.0011384	0.173654	-0.00288582	0.0436771	0.129135
0.550357	0.00118579	0.173779	-0.00277443	0.0442588	0.128941
0.550353	0.00122209	0.173909	-0.00306363	0.0422789	0.129728
0.550348	0.00126912	0.174033	-0.00304314	0.0450155	0.127935
0.550343	0.00131607	0.174162	-0.00338863	0.0433789	0.128888
0.550339	0.00135552	0.17429	-0.00368303	0.0414816	0.130348
0.550336	0.00140185	0.174423	-0.00291676	0.0433331	0.132658
0.550332	0.00144172	0.17455	-0.0029866	0.0416566	0.131527
0.55033	0.00148239	0.174677	-0.00300537	0.0406102	0.129161
0.550326	0.00152458	0.174802	-0.0029898	0.0409067	0.128339
0.550324	0.00157289	0.174935	-0.00327521	0.0427297	0.130236
0.550323	0.00161615	0.175067	-0.00144191	0.0431239	0.132064
0.550319	0.00166051	0.175192	-0.00310631	0.0446023	0.127956
0.550318	0.00170274	0.175319	-0.00310318	0.0449401	0.126209
0.550317	0.00174785	0.175449	-0.00220329	0.044166	0.128267
0.55031	0.00179476	0.175572	-0.00267559	0.0462631	0.127945
0.550307	0.00184129	0.175697	-0.00319637	0.0471873	0.126042
0.550303	0.00188626	0.175823	-0.00213572	0.0452185	0.12737
0.550299	0.001928	0.175944	-0.00200343	0.0438201	0.127253
0.550295	0.00197151	0.176067	-0.00271012	0.0449793	0.12585
0.550293	0.00201886	0.176193	-0.00180171	0.0459394	0.127434
0.55029	0.00206124	0.176317	-0.00148694	0.0444045	0.126469
0.550286	0.0021054	0.176441	-0.00342981	0.0441322	0.122241
0.550287	0.00214744	0.176563	-0.00310101	0.0424589	0.120008
0.550281	0.00219639	0.176682	-0.00474983	0.0449797	0.120772
0.55028	0.0022392	0.176809	-0.00394104	0.0442243	0.121523
0.550281	0.00228094	0.176932	-0.00215591	0.0458334	0.121556
0.550276	0.00232836	0.177052	-0.00187967	0.0462383	0.122309
0.550278	0.00237355	0.177176	-0.00295912	0.0457381	0.118808
0.550274	0.00241507	0.177297	-0.00369318	0.044961	0.118833
0.550271	0.00246628	0.177415	-0.00281149	0.0475252	0.119076
0.55027	0.00250776	0.177538	-0.00189486	0.0462076	0.122243
0.550268	0.00255391	0.177661	-0.00266386	0.0473395	0.12172
0.550268	0.00260056	0.177787	-0.00158781	0.0476921	0.121431
0.550267	0.00263887	0.177907	-0.000670843	0.0440955	0.121688
0.550268	0.00268939	0.178031	0.000165101	0.0458188	0.1231
0.55027	0.00273786	0.178161	0.00123842	0.0470933	0.124382
0.550266	0.00278484	0.178281	-0.00125354	0.0494042	0.121127
0.550267	0.00282597	0.178405	0.000206697	0.0475294	0.121966
0.550264	0.00287179	0.178526	-0.000264101	0.0501683	0.122001
0.550265	0.00291601	0.178653	7.92534e-05	0.0463012	0.122808
0.550267	0.00296785	0.178782	-0.0001836	0.0489693	0.123548
0.550265	0.0030076	0.178906	-0.000830709	0.0458122	0.123338
0.550264	0.00305265	0.179037	-0.00120653	0.0463991	0.124773
0.550261	0.00309813	0.179154	-0.00169962	0.0478063	0.122012
0.550261	0.00314367	0.179286	-0.00088232	0.0468793	0.126027
0.550259	0.003188	0.179412	-0.00190934	0.0481286	0.12475
0.550255	0.00322788	0.179535	-0.00310519	0.0456773	0.124171
0.550252	0.00327379	0.179664	-0.00250148	0.0449398	0.122953
0.550253	0.00331666	0.179795	-0.00205285	0.0435779	0.125675
0.550247	0.00336738	0.179917	-0.00323856	0.044939	0.124652
0.550245	0.00341136	0.180045	-0.00272576	0.0437827	0.125397
0.550241	0.00345974	0.180172	-0.00278553	0.046267	0.124542
0.550238	0.00350655	0.180299	-0.00255358	0.0457759	0.123668
0.550235	0.00354684	0.180424	-0.00379443	0.04281	0.123038
0.550229	0.00359291	0.180543	-0.00343537	0.0463584	0.122874
0.550223	0.00363495	0.180665	-0.00438394	0.0456301	0.122474
0.550216	0.00367967	0.180787	-0.00448495	0.0440696	0.122581
0.550211	0.00372255	0.180911	-0.00597272	0.0426264	0.119867
0.550203	0.00376819	0.181029	-0.00770824	0.04385	0.118506
0.550194	0.00381118	0.181147	-0.00892924	0.0436352	0.115783
0.550187	0.00385772	0.181266	-0.00703922	0.0448803	0.11836
0.550179	0.00390263	0.181381	-0.00904886	0.0449329	0.115276
0.550175	0.00395285	0.181506	-0.0081621	0.0468957	0.116821
0.550168	0.00399349	0.181624	-0.00845964	0.0454194	0.116514
0.550159	0.00403865	0.181738	-0.00867751	0.0465336	0.11513
0.550155	0.0040845	0.181858	-0.00783206	0.0450081	0.114886
0.550148	0.00412786	0.181974	-0.00661819	0.045315	0.116777
0.550141	0.00417461	0.182092	-0.00830139	0.0449973	0.114676
0.550136	0.00421339	0.18221	-0.00668964	0.0423174	0.115523
0.550127	0.00425748	0.182321	-0.00869978	0.0422616	0.113293
0.550122	0.00430135	0.182439	-0.00787232	0.0413849	0.114847
0.550115	0.00434512	0.182558	-0.00874214	0.0429105	0.114588
0.550106	0.00438176	0.182672	-0.0100344	0.040038	0.112435
0.550096	0.00443074	0.182787	-0.00964656	0.0423607	0.113773
0.550088	0.0044719	0.182902	-0.00972717	0.0413192	0.114899
0.550082	0.00451267	0.183021	-0.00776654	0.0413373	0.116751
0.550072	0.00455738	0.183135	-0.00922372	0.040304	0.116399
0.550065	0.00459827	0.183256	-0.00815748	0.0394128	0.11899
0.550055	0.0046429	0.18337	-0.00992663	0.0403885	0.115206
0.55005	0.00467834	0.18349	-0.00974279	0.038271	0.115174
0.55004	0.00472553	0.183607	-0.0109445	0.0408545	0.114439
0.550031	0.00476481	0.183723	-0.0116144	0.0399378	0.113479
0.550023	0.00480482	0.183844	-0.0114227	0.0401201	0.115828
0.550014	0.00485116	0.183962	-0.0100165	0.0435536	0.117062
0.550005	0.00488916	0.184078	-0.00949165	0.0415572	0.116133
0.549993	0.00493287	0.184192	-0.00881823	0.0424414	0.118807
0.549984	0.00497481	0.184309	-0.00769377	0.0418029	0.118697
0.549967	0.00501443	0.184416	-0.00930494	0.0418077	0.116751
0.549958	0.00505156	0.184535	-0.00864268	0.0404242	0.118694
0.549948	0.00509075	0.184655	-0.00965408	0.0397677	0.116923
0.549939	0.00513074	0.184773	-0.0082163	0.0406874	0.118579
0.549928	0.00516932	0.184887	-0.00840173	0.042217	0.116863
0.549916	0.00520938	0.184997	-0.00991626	0.0420705	0.114207
0.549903	0.0052502	0.185112	-0.00916712	0.0416483	0.115955
0.549891	0.00529171	0.185228	-0.0109142	0.0421147	0.113822
0.549878	0.00532716	0.185342	-0.0127704	0.040372	0.11387
0.549867	0.00536576	0.185459	-0.0139141	0.0377886	0.111157
0.54985	0.00540443	0.185563	-0.0133344	0.0389872	0.113748
0.549833	0.00544361	0.185669	-0.0139563	0.0396051	0.112925
0.549817	0.00548171	0.18578	-0.0140908	0.0377592	0.112275
0.549805	0.00551946	0.185891	-0.0136634	0.0370347	0.112805
0.549788	0.00555088	0.185996	-0.0143963	0.0342138	0.111091
0.549774	0.00558861	0.186103	-0.0140558	0.0342955	0.109384
0.549758	0.00562544	0.186209	-0.0143727	0.0343609	0.107413
0.549746	0.00566323	0.18632	-0.0146668	0.0342277	0.107817
0.549732	0.00569533	0.186426	-0.015316	0.0326018	0.105881
0.549721	0.00573148	0.186536	-0.0127748	0.0340461	0.106846
0.549709	0.00576603	0.186645	-0.0122848	0.0337982	0.107913
0.549691	0.00580404	0.186743	-0.013982	0.0342397	0.105131
0.549679	0.00583961	0.186853	-0.0134728	0.0356116	0.106098
0.549665	0.0058727	0.186956	-0.0136032	0.0359434	0.107517
0.549653	0.00590768	0.187064	-0.0132158	0.035183	0.10805
0.549636	0.00594473	0.187166	-0.0141288	0.0349485	0.107007
0.549621	0.0059823	0.187269	-0.0158109	0.0346138	0.104483
0.549606	0.00601546	0.187369	-0.013709	0.0352901	0.105371
0.54959	0.00604434	0.18747	-0.0143804	0.0349138	0.106228
0.549575	0.00607864	0.187576	-0.0150593	0.0343639	0.105415
0.549558	0.00611655	0.187683	-0.0162221	0.0371262	0.104704
0.549549	0.0061489	0.187792	-0.0144553	0.0378741	0.10706
0.549532	0.00618238	0.187896	-0.0161612	0.0380024	0.104114
0.549518	0.00621699	0.188003	-0.0162316	0.0369984	0.104406
0.549503	0.00624499	0.188108	-0.0155286	0.0338588	0.106147
0.549489	0.00628037	0.18822	-0.0134851	0.0330894	0.109733
0.549475	0.00631514	0.188328	-0.0139733	0.0321602	0.108272
0.54946	0.00634285	0.188434	-0.0137838	0.0305999	0.107749
0.549442	0.00637566	0.18854	-0.0149875	0.0316075	0.107774
0.549426	0.00640309	0.188644	-0.0158484	0.0301462	0.106693
0.549409	0.00643454	0.188753	-0.0174294	0.0302347	0.105166
0.549391	0.00647324	0.188861	-0.0175338	0.0329011	0.108649
0.549374	0.00650419	0.188969	-0.0174316	0.0298853	0.10851
0.549355	0.00653597	0.189073	-0.0164453	0.0306041	0.108671
0.549336	0.00656524	0.189176	-0.0169946	0.029997	0.106243
0.54932	0.00660146	0.189286	-0.016341	0.0323191	0.108565
0.549308	0.00662854	0.189401	-0.0158429	0.0321665	0.109246
0.549288	0.00665869	0.189509	-0.0167191	0.034064	0.108479
0.549269	0.00669078	0.189614	-0.0171541	0.0341112	0.107234
0.54925	0.00672257	0.18972	-0.0174682	0.033618	0.10696
0.549233	0.00675546	0.189826	-0.0161095	0.0340238	0.109866
0.549213	0.00678484	0.189935	-0.0180835	0.032446	0.10811
0.549195	0.00681469	0.190043	-0.0177649	0.0320722	0.109542
0.549178	0.00684657	0.190154	-0.0176457	0.0326766	0.110057
0.549153	0.00687608	0.190248	-0.0216566	0.0320674	0.103209
0.549134	0.00690658	0.190354	-0.0212705	0.0315652	0.103322
0.54911	0.00693241	0.190455	-0.0223681	0.0278298	0.10294
0.549089	0.00696499	0.190557	-0.0220426	0.0295724	0.102633
0.549069	0.00700168	0.190659	-0.0216842	0.0299329	0.100736
0.549047	0.00702684	0.19076	-0.0220532	0.0288304	0.100201
0.549029	0.00705874	0.190863	-0.0203106	0.0281387	0.1026
0.549006	0.00708821	0.19096	-0.0208359	0.0289701	0.100175
0.548985	0.00711452	0.191062	-0.0205309	0.0288753	0.101704
0.548963	0.00714281	0.191158	-0.0212774	0.0290212	0.0980315
0.548941	0.00717491	0.191259	-0.0226346	0.0306898	0.0979087
0.54892	0.00720234	0.191355	-0.0222888	0.0288056	0.0978561
0.548895	0.00723076	0.191446	-0.0226688	0.0281287	0.0961142
0.548875	0.00726039	0.191544	-0.022736	0.0290113	0.0955786
0.54885	0.00728471	0.191638	-0.0236177	0.0267825	0.0946862
0.548827	0.00731007	0.191735	-0.0240385	0.0257601	0.094788
0.548804	0.00733974	0.191827	-0.0242676	0.026546	0.0944135
0.548783	0.00736701	0.191925	-0.0234153	0.0282272	0.0942547
0.548758	0.00739545	0.192013	-0.0243748	0.0292021	0.0929174
0.548737	0.00742114	0.192107	-0.0231526	0.0279177	0.0926479
0.548718	0.00745003	0.192206	-0.0222583	0.028366	0.0928998
0.548699	0.0074732	0.192309	-0.0215818	0.027022	0.0953569
0.548678	0.00750052	0.192408	-0.0220157	0.0264391	0.0949213
0.548656	0.00753185	0.192505	-0.0220016	0.0275863	0.0959899
0.548637	0.00755904	0.192605	-0.0203278	0.0270719	0.0994524
0.548614	0.00758571	0.192701	-0.0217361	0.0280228	0.0980139
0.548595	0.00761297	0.192807	-0.0195927	0.0274629	0.102073
0.548571	0.00764277	0.192907	-0.0196107	0.0278742	0.103073
0.548549	0.00766968	0.193007	-0.0213721	0.0269628	0.101836
0.548525	0.00769346	0.193102	-0.0229602	0.0255873	0.0985951
0.548501	0.00772228	0.193198	-0.0231968	0.0257943	0.0990369
0.548476	0.00774028	0.193292	-0.0234561	0.0233512	0.0978952
0.54845	0.00776778	0.193392	-0.024323	0.0247284	0.0986159
0.548424	0.00779217	0.193488	-0.0236716	0.0259934	0.0975042
0.5484	0.00781838	0.193584	-0.0235586	0.0256635	0.0969128
0.548379	0.00784111	0.193684	-0.0226729	0.0249328	0.0973318
0.548356	0.00786568	0.193781	-0.0220979	0.0248214	0.0990399
0.548332	0.00788905	0.193878	-0.0235142	0.0247055	0.0989083
0.548307	0.00791488	0.193978	-0.0230684	0.0252715	0.100657
0.548284	0.00794513	0.194077	-0.0231857	0.0264754	0.100229
0.54826	0.00796731	0.194176	-0.0234776	0.0247837	0.0987992
0.548238	0.0079904	0.194275	-0.0232684	0.0254065	0.0977417
0.54821	0.00801185	0.194365	-0.0250896	0.0240022	0.0948804
0.548188	0.00804004	0.194466	-0.0245245	0.0253056	0.096659
0.548161	0.00806459	0.194558	-0.0263035	0.0253246	0.0946038
0.548133	0.00808664	0.194653	-0.0277335	0.0237798	0.0924891
0.548105	0.00811103	0.194747	-0.0284549	0.0237594	0.0922867
0.54808	0.00813727	0.194836	-0.0263503	0.0250775	0.0933467
0.548052	0.00815408	0.194928	-0.0269104	0.023115	0.0928706
0.548027	0.00817673	0.19502	-0.0241898	0.0261545	0.0978027
0.548001	0.0082	0.195112	-0.0231252	0.0258186	0.0970085
0.547974	0.00821806	0.195206	-0.0254924	0.0236922	0.0941242
0.54795	0.00823623	0.195293	-0.025222	0.0193983	0.092063
0.547923	0.00826072	0.195386	-0.0239973	0.0206893	0.0935763
0.547897	0.00827894	0.195473	-0.0253254	0.018489	0.0895914
0.547873	0.0082976	0.195564	-0.0252996	0.018177	0.0894268
0.547848	0.00832197	0.195655	-0.0252737	0.0189221	0.089472
0.547823	0.00833758	0.19575	-0.0242138	0.0192411	0.0922834
0.547793	0.00836002	0.195833	-0.0254746	0.0194604	0.0890726
0.547766	0.00837773	0.195923	-0.0260501	0.0182293	0.0898996
0.547741	0.00839814	0.196008	-0.0256337	0.0184488	0.0892982
0.547712	0.00842124	0.196094	-0.0267267	0.0194154	0.0882395
0.547685	0.00843097	0.196181	-0.0260879	0.0160219	0.0877711
0.547659	0.00845823	0.196266	-0.0250575	0.0190216	0.0878346
0.547636	0.00847176	0.196355	-0.0233654	0.0169628	0.0889657
0.547614	0.00848944	0.196446	-0.0240609	0.0187508	0.0885829
0.547586	0.00850478	0.196531	-0.0248378	0.0177398	0.0877143
0.547562	0.0085233	0.196622	-0.0222739	0.0179316	0.0936203
0.547537	0.008544	0.196713	-0.0213801	0.0188396	0.0925453
0.547513	0.00856007	0.196808	-0.0221107	0.0195414	0.0920957
0.547487	0.00857279	0.196894	-0.0235448	0.016008	0.090166
0.54746	0.00859678	0.196984	-0.0242424	0.0182743	0.0885295
0.547435	0.00861167	0.197078	-0.024598	0.0173398	0.0894768
0.547406	0.00863272	0.197164	-0.0261698	0.0186638	0.0889343
0.54738	0.00864568	0.197257	-0.0266882	0.0152596	0.0890904
0.54735	0.00866803	0.197345	-0.0281063	0.0210337	0.0888168
0.547324	0.00868244	0.197438	-0.0266424	0.0193904	0.0899892
0.547299	0.00870099	0.197532	-0.0281358	0.0190074	0.0871882
0.547271	0.00871834	0.197625	-0.0266698	0.0191567	0.0920422
0.547246	0.00872983	0.197718	-0.0262615	0.0157616	0.0930015
0.547223	0.00874965	0.197814	-0.0260619	0.0171431	0.092511
0.547198	0.00876405	0.19791	-0.026493	0.0147679	0.0926017
0.547172	0.00877577	0.198005	-0.0255613	0.0127228	0.0934533
0.547143	0.00879342	0.198093	-0.0265836	0.0146932	0.0903916
0.547117	0.00880929	0.198188	-0.0268732	0.0140408	0.091904
0.547093	0.00882588	0.198283	-0.026089	0.0149872	0.0958333
0.547067	0.00884465	0.198379	-0.0262248	0.0177224	0.0936381
0.54704	0.0088623	0.198476	-0.0265387	0.0180006	0.0947395
0.547013	0.00887351	0.198566	-0.0280574	0.0143335	0.0925855
0.546983	0.00889011	0.198656	-0.0303886	0.0152082	0.089325
0.546954	0.00890101	0.198746	-0.031643	0.0140124	0.0882814
0.546927	0.00891537	0.198842	-0.0289275	0.0133464	0.0923356
0.546897	0.00892906	0.198932	-0.0298434	0.0141394	0.0902464
0.546874	0.00894052	0.199025	-0.0263272	0.012514	0.0922147
0.546848	0.00895622	0.199119	-0.0250557	0.01318	0.0941255
0.54682	0.00897089	0.199204	-0.0260581	0.0145007	0.0895218
0.546794	0.00898462	0.199293	-0.0259912	0.0151535	0.0898913
0.546769	0.00899712	0.199385	-0.0259659	0.0134168	0.0908154
0.546747	0.00900868	0.19948	-0.0241057	0.0159755	0.0956351
0.54672	0.00902165	0.199568	-0.0248386	0.0139485	0.0917339
0.546696	0.00903682	0.199661	-0.0243262	0.0142621	0.0926972
0.546672	0.00904399	0.19975	-0.023943	0.0129832	0.0912759
0.546647	0.00905682	0.199838	-0.0249309	0.0128226	0.0890467
0.546624	0.00907038	0.199926	-0.0245373	0.0128053	0.0883121
0.546599	0.00907949	0.200017	-0.0234603	0.0113316	0.0908234
0.546576	0.00908991	0.200107	-0.0234533	0.010133	0.0899156
0.546551	0.00910427	0.200191	-0.023626	0.0112962	0.087665
0.546525	0.00911173	0.200276	-0.0236187	0.00998464	0.0863568
0.546503	0.00912365	0.200365	-0.0223281	0.0103593	0.0887118
0.546477	0.00913724	0.200448	-0.0229713	0.0113402	0.0869756
0.546455	0.00914159	0.200536	-0.0220562	0.0103457	0.0874848
0.546433	0.00915274	0.200625	-0.0227088	0.0104931	0.0875084
0.546411	0.00916351	0.200712	-0.0213525	0.0125458	0.0886419
0.546385	0.00917465	0.200799	-0.0223284	0.0130992	0.0885682
0.546364	0.00918469	0.200888	-0.0235539	0.0123478	0.0877962
0.546342	0.00919258	0.200977	-0.023067	0.0114101	0.0887305
0.546318	0.00920143	0.201063	-0.0213416	0.0114487	0.092499
0.546297	0.00921071	0.20116	-0.0206142	0.00959095	0.0939647
0.546277	0.00922463	0.201252	-0.0210566	0.0130989	0.0915502
0.546256	0.00923345	0.201343	-0.0205267	0.011897	0.0911685
0.546231	0.00924	0.201435	-0.0226203	0.00916969	0.0908258
0.54621	0.00924864	0.201528	-0.0236495	0.00902122	0.0907976
0.546189	0.00925248	0.20162	-0.0221091	0.00810722	0.0909734
0.546168	0.00926509	0.201718	-0.0228273	0.0104254	0.0913649
0.546145	0.00927097	0.201808	-0.0228653	0.0100365	0.0915488
0.546127	0.00927818	0.201906	-0.0217602	0.00764541	0.0935409
0.546102	0.0092846	0.201998	-0.0231858	0.00793651	0.0929317
0.546081	0.00929427	0.202091	-0.0228596	0.00986688	0.0936396
0.546058	0.00930435	0.202184	-0.0229151	0.00931886	0.0929228
0.546037	0.00930914	0.20228	-0.0197439	0.0078498	0.100451
0.546015	0.00931578	0.202373	-0.0195834	0.008099	0.0978537
0.545992	0.00932537	0.202465	-0.0196984	0.0103368	0.0970005
0.545973	0.00933247	0.202556	-0.0182659	0.0093498	0.0983915
0.545954	0.00933707	0.202654	-0.0181975	0.00747368	0.0977291
0.545933	0.00934715	0.202744	-0.0201585	0.00794221	0.0946689
0.545911	0.00935101	0.202833	-0.0198396	0.00809127	0.0955799
0.545895	0.00935847	0.202932	-0.018375	0.00712383	0.0957585
0.545875	0.00936186	0.203026	-0.0194685	0.00567163	0.0937502
0.545857	0.00936612	0.203123	-0.0182414	0.00490342	0.0959968
0.545839	0.00937677	0.203221	-0.0198389	0.00616055	0.0941759
0.545821	0.00938397	0.203314	-0.0200547	0.00593651	0.0932527
0.5458	0.00938949	0.203404	-0.0202259	0.00526738	0.091556
0.545782	0.00938768	0.2035	-0.0194286	0.00236264	0.0929493
0.545762	0.00940216	0.20359	-0.0201902	0.00707317	0.0900055
0.545745	0.00940706	0.203686	-0.0204796	0.0073283	0.0894417
0.54573	0.00941337	0.203783	-0.0187738	0.00842627	0.0927617
0.545708	0.00942159	0.203872	-0.0186423	0.00768027	0.0896876
0.545693	0.00942625	0.203968	-0.0174524	0.00755637	0.0930819
0.545675	0.00943105	0.20406	-0.0172206	0.00632109	0.0948857
0.545655	0.00943787	0.204148	-0.017767	0.00740333	0.0912872
0.545641	0.00944041	0.204246	-0.01701	0.00573152	0.0936035
0.545622	0.00944547	0.204335	-0.0180691	0.00479661	0.0915609
0.545604	0.00944986	0.204425	-0.0187115	0.00409011	0.0899759
0.545588	0.00945449	0.204513	-0.0183349	0.00420154	0.0904132
0.545566	0.00946369	0.204596	-0.0188303	0.00555343	0.0881655
0.545553	0.00946873	0.204695	-0.0174279	0.00520352	0.0910306
0.545536	0.00946973	0.204788	-0.0160255	0.00345043	0.0918813
0.54552	0.00947429	0.20488	-0.0179052	0.00353851	0.0909302
0.545504	0.00947833	0.204969	-0.0166548	0.00376889	0.0914676
0.54549	0.00947945	0.205062	-0.016274	0.00279932	0.0899914
0.545474	0.00948493	0.205152	-0.0150688	0.00380876	0.0910841
0.54546	0.00949214	0.205244	-0.0155748	0.0066425	0.0915091
0.545446	0.00949477	0.205338	-0.0152535	0.00549845	0.0926244
0.545435	0.00949984	0.205438	-0.0141325	0.00578184	0.0932318
0.545421	0.00950033	0.205526	-0.0142783	0.00417934	0.0909729
0.545409	0.00950885	0.205624	-0.0141599	0.00528086	0.0919483
0.545394	0.00951206	0.205715	-0.0143073	0.00482336	0.0897322
0.54538	0.00951588	0.205811	-0.0142752	0.00417459	0.0904333
0.545366	0.00951771	0.205905	-0.0143562	0.00372051	0.0917841
0.545352	0.00952172	0.206002	-0.0136393	0.003932	0.092997
0.545339	0.00952646	0.206099	-0.0136239	0.00464265	0.0945657
0.545327	0.00953057	0.206198	-0.0140094	0.00458995	0.0966283
0.545316	0.00953373	0.206301	-0.0130752	0.00408989	0.0972288
0.545304	0.00953653	0.206397	-0.0137615	0.00355323	0.0947739
0.545291	0.00954007	0.206501	-0.0123523	0.00399892	0.0974716
0.545278	0.00954733	0.206602	-0.0128778	0.00520381	0.0977822
0.545266	0.00955191	0.206702	-0.0123656	0.00335398	0.0991225
0.545254	0.00955828	0.206806	-0.0130305	0.00411917	0.0998719
0.545241	0.00955867	0.206907	-0.0129953	0.00321463	0.101215
0.545228	0.0095583	0.207007	-0.0148482	0.00181414	0.0973458
0.545216	0.00956348	0.207112	-0.0139282	0.00322031	0.0983868
0.545206	0.00956749	0.207214	-0.0132807	0.00317489	0.0995366
0.545194	0.00957606	0.207317	-0.0135006	0.00508324	0.0983158
0.545182	0.00958215	0.207421	-0.0131467	0.00189618	0.0985954
0.545169	0.00958508	0.20752	-0.0118766	0.00209465	0.100097
0.545157	0.00958672	0.207623	-0.0129533	0.00147689	0.0970129
0.545148	0.00959324	0.207726	-0.01071	0.00312212	0.101253
0.545133	0.00959926	0.207825	-0.0103557	0.00418799	0.1032
0.545125	0.00960037	0.207934	-0.010058	0.00334417	0.104231
0.545115	0.00960796	0.208037	-0.0103689	0.00472075	0.101978
0.545101	0.00960986	0.20814	-0.0131759	0.00393534	0.099404
0.545092	0.00961501	0.208246	-0.011148	-0.000439761	0.101451
0.545081	0.00961725	0.208345	-0.011692	-0.000330625	0.0998187
0.54507	0.00962319	0.208451	-0.0122097	0.00202045	0.101298
0.545059	0.0096259	0.208557	-0.0116645	0.00228135	0.103753
0.54505	0.00962776	0.20866	-0.0104203	0.000229109	0.103025
0.545039	0.00962986	0.208765	-0.00993475	0.00110742	0.105648
0.545031	0.00963516	0.208866	-0.00927982	0.00322171	0.104136
0.545017	0.00964335	0.208962	-0.0109195	0.00503184	0.101931
0.545006	0.0096436	0.209063	-0.0104252	0.00383947	0.101347
0.544999	0.00965021	0.209169	-0.0090897	0.00350049	0.103109
0.544987	0.0096501	0.209272	-0.0105792	0.00219212	0.101939
0.544979	0.00965425	0.209375	-0.00786076	0.0020542	0.105296
0.54497	0.00966	0.209481	-0.008481	0.00332627	0.106101
0.54496	0.00966211	0.209578	-0.00861509	0.0019394	0.103329
0.544949	0.00966031	0.209677	-0.00766031	0.0012176	0.103819
0.544941	0.00966675	0.209785	-0.0083099	0.00333014	0.104771
0.544933	0.00967272	0.209887	-0.00867077	0.00421308	0.103461
0.544922	0.00967317	0.20999	-0.00857948	0.00336358	0.103915
0.544915	0.00968245	0.210093	-0.00874747	0.00531812	0.102372
0.544904	0.00968123	0.210192	-0.00856283	0.00361513	0.102479
0.544894	0.00969049	0.210291	-0.00958439	0.00588353	0.100448
0.544889	0.00969102	0.210397	-0.00767874	0.00465054	0.102508
0.54488	0.00969114	0.210496	-0.00662127	0.00376984	0.102054
0.544873	0.00969718	0.2106	-0.00798541	0.00283629	0.100401
0.544869	0.00970029	0.210706	-0.00620343	0.00411227	0.103722
0.544863	0.00969985	0.210808	-0.00588135	0.00329349	0.103094
0.544855	0.00970528	0.210907	-0.00596397	0.00426195	0.102633
0.544849	0.00971129	0.211011	-0.0052031	0.00454459	0.10387
0.544845	0.00971427	0.21112	-0.00436307	0.00259622	0.105426
0.54484	0.00972151	0.211229	-0.00426993	0.00488016	0.107002
0.544836	0.00972447	0.211338	-0.00456549	0.00266942	0.108037
0.54483	0.00972914	0.211442	-0.0062498	0.00298502	0.103592
0.544827	0.00973319	0.211558	-0.00590731	0.00309099	0.106252
0.544819	0.00973539	0.211665	-0.00789234	0.00295785	0.105065
0.544816	0.00974077	0.211776	-0.00568333	0.00429386	0.107921
0.544812	0.00974511	0.211887	-0.00478948	0.00398405	0.10828
0.544807	0.00975369	0.212001	-0.00465517	0.00549356	0.111474
0.544805	0.00976081	0.212115	-0.00455401	0.00584129	0.110747
0.544799	0.00976742	0.212225	-0.00482391	0.0060354	0.109521
0.544794	0.00976922	0.21233	-0.00387529	0.0047642	0.110206
0.544788	0.00977541	0.21244	-0.00533279	0.00479397	0.109907
0.544783	0.00978135	0.212552	-0.00471417	0.00553808	0.111964
0.544779	0.0097893	0.212662	-0.00391093	0.00649304	0.112272
0.544773	0.00979262	0.212771	-0.00488239	0.00539988	0.110524
0.54477	0.00979754	0.212884	-0.00505175	0.00478156	0.11071
0.544767	0.00980452	0.212992	-0.00461636	0.00534064	0.109732
0.544763	0.0098083	0.213104	-0.00538442	0.0047261	0.110383
0.544758	0.00981449	0.213214	-0.00629981	0.00467745	0.108457
0.544754	0.00982347	0.213328	-0.00546008	0.00632624	0.109305
0.544749	0.00982623	0.213438	-0.00638508	0.00472181	0.108327
0.544744	0.00983599	0.213547	-0.00503422	0.00799432	0.107509
0.544743	0.00984268	0.213664	-0.00347088	0.00729535	0.110439
0.544737	0.00984641	0.21377	-0.00365331	0.00616245	0.110265
0.544734	0.00985095	0.213883	-0.00384153	0.0047465	0.109205
0.54473	0.00985796	0.21399	-0.00366716	0.00528159	0.107381
0.544727	0.00986622	0.214105	-0.00353984	0.00585068	0.110946
0.54472	0.00987112	0.214208	-0.00501207	0.00536726	0.107405
0.544716	0.00987563	0.214314	-0.00532851	0.00460244	0.105935
0.544712	0.00989085	0.21442	-0.00443455	0.00764745	0.10683
0.544709	0.00988887	0.214529	-0.00330579	0.00607954	0.107678
0.544702	0.0098934	0.214634	-0.00370397	0.00559756	0.106857
0.5447	0.00989802	0.214741	-0.00365912	0.00662792	0.105604
0.544701	0.0099063	0.214854	-0.00273494	0.00680629	0.107338
0.544697	0.00991556	0.21496	-0.00408128	0.00713154	0.105855
0.544695	0.00992462	0.215068	-0.00336664	0.00689615	0.105157
0.54469	0.00992978	0.21517	-0.00401526	0.00567969	0.103979
0.544689	0.00993512	0.21528	-0.00474725	0.00484125	0.104305
0.544686	0.00994151	0.215388	-0.00440771	0.00481107	0.106327
0.544685	0.00994898	0.215496	-0.00411017	0.00605868	0.106576
0.544684	0.00996249	0.215609	-0.00345787	0.00956031	0.108269
0.544681	0.00996755	0.215713	-0.0042876	0.00755866	0.105779
0.544679	0.00997329	0.215812	-0.00285346	0.00622272	0.104144
0.544678	0.00998429	0.215925	-0.00176774	0.00819011	0.10666
0.544674	0.00998981	0.216028	-0.001455	0.0085099	0.107061
0.544674	0.00999785	0.216137	-0.000133157	0.00762849	0.106795
0.544669	0.0100026	0.216241	-0.000750686	0.00580061	0.105764
0.544668	0.0100079	0.216345	-0.000609291	0.00507552	0.10526
0.544664	0.0100168	0.216451	-0.00190507	0.00672599	0.104176
0.544663	0.01003	0.216557	-0.00142333	0.00834505	0.106706
0.544659	0.0100357	0.21666	-0.00105778	0.00628674	0.107288
0.544659	0.0100461	0.216775	-0.00103336	0.00818327	0.108624
0.544657	0.0100568	0.216879	-0.000225087	0.0113076	0.109038
0.544655	0.0100609	0.216992	-0.00127239	0.00801726	0.109076
0.544651	0.0100747	0.217094	-0.00199244	0.0121566	0.10648
0.544649	0.0100865	0.217206	-0.00190795	0.0112828	0.108793
0.544648	0.01009	0.217318	-0.00126982	0.00938813	0.112996
0.544648	0.010103	0.217429	-0.00121585	0.0110573	0.112181
0.544646	0.0101156	0.217539	-0.0013136	0.00994067	0.112062
0.544644	0.0101233	0.217653	-0.00206763	0.00796047	0.110305
0.544642	0.0101342	0.217764	-0.00169956	0.00886355	0.110247
0.544641	0.0101428	0.217878	-0.00128961	0.00687492	0.110741
0.544637	0.0101576	0.217985	-0.00204559	0.00783462	0.109303
0.544635	0.0101628	0.218099	-0.00163688	0.00672638	0.110583
0.544635	0.0101749	0.21821	-0.0012777	0.0103589	0.110738
0.544632	0.0101848	0.218319	-0.00151657	0.0106131	0.108741
0.544629	0.010199	0.218431	-0.00230302	0.0101184	0.108971
0.544627	0.0102052	0.218544	-0.0022229	0.011122	0.109047
0.544623	0.0102148	0.218654	-0.00269579	0.0111898	0.108429
0.544623	0.0102264	0.218768	-0.00124245	0.0120855	0.113688
0.544618	0.0102374	0.218879	-0.00183168	0.0119107	0.113258
0.544615	0.0102504	0.218993	-0.00267803	0.0105056	0.112205
0.544612	0.0102625	0.219103	-0.00266813	0.0112301	0.111293
0.544607	0.010271	0.219214	-0.00338284	0.0123678	0.109991
0.544602	0.0102804	0.219324	-0.0047065	0.0131609	0.108426
0.544599	0.0102911	0.219434	-0.00404066	0.0150835	0.109497
0.544594	0.010303	0.219543	-0.00420555	0.0141025	0.108247
0.544588	0.0103132	0.219648	-0.00432544	0.0133963	0.107575
0.544581	0.0103244	0.219755	-0.00614097	0.014863	0.105004
0.544577	0.0103352	0.219862	-0.00654876	0.0116683	0.104485
0.544569	0.0103463	0.21996	-0.00694033	0.011284	0.100696
0.544563	0.0103535	0.220066	-0.00658831	0.0101858	0.101049
0.544556	0.0103644	0.220169	-0.00822768	0.0103656	0.100075
0.544553	0.0103788	0.220273	-0.00670615	0.0116495	0.100117
0.544547	0.010386	0.220381	-0.00708365	0.0122117	0.101955
0.544542	0.0103941	0.220481	-0.00698818	0.0113917	0.100508
0.544536	0.010402	0.220587	-0.00685258	0.00873013	0.100743
0.544528	0.010419	0.220682	-0.00764663	0.0118824	0.100548
0.544525	0.0104233	0.220789	-0.00603436	0.0101702	0.101781
0.544523	0.0104398	0.220898	-0.00466362	0.0121673	0.104018
0.544518	0.0104497	0.220999	-0.00428406	0.0130426	0.103435
0.544512	0.0104599	0.221103	-0.00434182	0.0125817	0.103392
0.544509	0.0104638	0.221208	-0.00529372	0.0101352	0.102251
0.544501	0.0104802	0.221303	-0.00683743	0.010614	0.0982846
0.544496	0.0104885	0.221408	-0.00511007	0.00986271	0.102719
0.544492	0.0105	0.221505	-0.00459171	0.010751	0.101545
0.544487	0.0105085	0.221614	-0.00491043	0.0103535	0.101656
0.54448	0.0105233	0.221712	-0.00551351	0.00979216	0.0998775
0.544475	0.0105275	0.221812	-0.00628695	0.00968469	0.0990599
0.544471	0.0105374	0.221915	-0.00582368	0.0102093	0.0993239
0.544463	0.0105498	0.222013	-0.00643664	0.0114523	0.0988302
0.544462	0.0105595	0.222121	-0.00449227	0.0110104	0.1011
0.544457	0.0105708	0.222226	-0.00485301	0.011101	0.101586
0.544453	0.0105811	0.222329	-0.00619492	0.00930068	0.100313
0.54445	0.0105929	0.222441	-0.0048631	0.0104329	0.102959
0.544446	0.0106041	0.222552	-0.00476138	0.0106382	0.104726
0.544439	0.0106137	0.222654	-0.00709373	0.0100855	0.102062
0.544433	0.0106269	0.222758	-0.00750368	0.0114115	0.103001
0.544427	0.0106342	0.222864	-0.00742202	0.0107534	0.103364
0.54442	0.0106458	0.22297	-0.00664756	0.0108729	0.103698
0.544416	0.0106568	0.22308	-0.00683194	0.0114575	0.103827
0.544411	0.0106673	0.223185	-0.00677552	0.0108496	0.102703
0.544407	0.0106795	0.223295	-0.00563073	0.0132964	0.104492
0.544399	0.0106904	0.2234	-0.00736701	0.0125966	0.102999
0.544393	0.0107004	0.2235	-0.00648703	0.0105375	0.102825
0.544385	0.0107156	0.223605	-0.0079769	0.0116338	0.10209
0.544379	0.0107244	0.223707	-0.00576801	0.00932466	0.102954
0.544372	0.0107338	0.223808	-0.00578275	0.00919542	0.101264
0.544365	0.010745	0.223911	-0.00606637	0.0115175	0.102433
0.544356	0.0107577	0.224014	-0.00686805	0.0118634	0.100961
0.54435	0.0107686	0.224112	-0.00685662	0.00936427	0.0989651
0.544342	0.0107833	0.224213	-0.00720627	0.00906314	0.0992563
0.544336	0.0107918	0.224316	-0.00613713	0.0103139	0.100216
0.544329	0.0108032	0.224422	-0.0069467	0.0105262	0.101107
0.544322	0.010816	0.224524	-0.00801298	0.01115	0.0997602
0.544316	0.0108271	0.224626	-0.00798649	0.0106058	0.0999738
0.544307	0.0108389	0.224725	-0.00828392	0.0111936	0.0993833
0.544301	0.010848	0.224824	-0.00738443	0.011857	0.0990659
0.544291	0.0108619	0.224921	-0.00875593	0.0121167	0.0975082
0.544284	0.0108753	0.225023	-0.00881091	0.0123767	0.0984356
0.544278	0.0108832	0.225121	-0.00770944	0.0104904	0.099047
0.54427	0.0108962	0.225216	-0.00848938	0.00940612	0.0973649
0.544262	0.0109128	0.225315	-0.00666335	0.00922806	0.098693
0.544256	0.0109171	0.225413	-0.00679323	0.00706282	0.0986147
0.54425	0.0109352	0.225506	-0.00669077	0.0113792	0.0958955
0.544242	0.0109425	0.225602	-0.0055628	0.00980769	0.0969968
0.544239	0.0109556	0.225699	-0.00450399	0.0108378	0.0970324
0.544229	0.0109636	0.225794	-0.00685455	0.00979918	0.0961104
0.544222	0.0109783	0.225887	-0.00646464	0.010605	0.0949223
0.544216	0.010989	0.225983	-0.00524415	0.0108972	0.0980739
0.544213	0.0110028	0.226078	-0.0047852	0.0131635	0.0972243
0.544203	0.0110169	0.22617	-0.00658042	0.0134299	0.0943702
0.544196	0.0110218	0.226261	-0.00796349	0.0105552	0.0931352
0.544191	0.0110344	0.226358	-0.00520803	0.0114949	0.0969516
0.544185	0.0110501	0.226454	-0.00569471	0.0111165	0.0963259
0.54418	0.0110612	0.226547	-0.00460492	0.0126935	0.095011
0.544173	0.0110732	0.226641	-0.00607974	0.0120246	0.0933605
0.544166	0.011086	0.226734	-0.00509442	0.0122943	0.0952901
0.544159	0.0110965	0.226823	-0.00598342	0.00944069	0.0924737
0.544158	0.0111125	0.22692	-0.00329748	0.0111443	0.0982707
0.54415	0.0111173	0.227011	-0.00499304	0.0117729	0.096264
0.544144	0.0111287	0.227104	-0.00548105	0.0133037	0.0924854
0.544139	0.0111469	0.227198	-0.00607281	0.0142881	0.0930608
0.544134	0.0111575	0.227292	-0.00678168	0.0114671	0.0899549
0.544126	0.0111724	0.227384	-0.00675287	0.0122381	0.0907941
0.544118	0.0111813	0.227475	-0.00593949	0.0102582	0.0913937
0.544112	0.0111928	0.227569	-0.00676673	0.00993541	0.0922925
0.544105	0.0112069	0.22766	-0.00749842	0.012303	0.0900162
0.544099	0.011223	0.227761	-0.00676389	0.0130506	0.0939326
0.544091	0.0112341	0.227852	-0.00668116	0.011924	0.0939552
0.544086	0.0112394	0.227949	-0.00674688	0.0108314	0.0931658
0.544074	0.0112563	0.228044	-0.00808391	0.0124223	0.0937735
0.544068	0.0112674	0.228137	-0.00790809	0.0114981	0.0931952
0.544062	0.0112818	0.228235	-0.00803196	0.01009	0.0923099
0.544054	0.0112926	0.228331	-0.00777192	0.00749769	0.0931694
0.544045	0.0113089	0.228426	-0.00798618	0.00816328	0.0940479
0.544037	0.0113215	0.22852	-0.00856437	0.0125816	0.091922
0.544029	0.011335	0.228619	-0.0094154	0.0119657	0.0928261
0.54402	0.0113461	0.228711	-0.00896052	0.00933842	0.0929987
0.544014	0.0113556	0.228806	-0.00774089	0.00819318	0.0925581
0.544002	0.0113697	0.228895	-0.00900573	0.00932648	0.0920054
0.543996	0.011387	0.228987	-0.00836837	0.0112133	0.0918309
0.543988	0.0113993	0.229084	-0.00862801	0.0104123	0.0923882
0.543981	0.0114078	0.229179	-0.00775119	0.0106985	0.0934456
0.543974	0.0114247	0.229272	-0.00759396	0.013514	0.0934932
0.543968	0.0114377	0.229364	-0.00732625	0.0144975	0.0928624
0.543961	0.0114505	0.229458	-0.00645685	0.0135471	0.092328
0.543952	0.0114588	0.229553	-0.00779793	0.0117557	0.0913789
0.543946	0.0114724	0.229641	-0.00647267	0.0121392	0.0916162
0.543939	0.0114891	0.229737	-0.00738591	0.0109953	0.0914578
0.543931	0.0115006	0.229826	-0.00876022	0.0106413	0.0891442
0.543925	0.0115109	0.229924	-0.00838755	0.00908961	0.0909248
0.543918	0.0115272	0.230018	-0.00898956	0.0104619	0.0899939
0.543911	0.0115385	0.230111	-0.00831787	0.0116899	0.0899796
0.543903	0.0115528	0.230199	-0.00790019	0.012486	0.0903426
0.543897	0.0115621	0.230295	-0.00711391	0.0110007	0.0923739
0.543888	0.0115741	0.230379	-0.00631388	0.0110009	0.0924192
0.54388	0.0115853	0.230473	-0.0057167	0.0105454	0.0930568
0.543873	0.0115979	0.230567	-0.00680018	0.0106075	0.0933713
0.543861	0.0116111	0.230646	-0.00871318	0.0125552	0.0885424
0.543854	0.0116265	0.230736	-0.00818687	0.0148411	0.0893546
0.543847	0.011636	0.230825	-0.00856207	0.0125618	0.0882339
0.543836	0.0116468	0.230907	-0.0102327	0.0117696	0.0836039
0.543827	0.01166	0.230989	-0.00993068	0.0136396	0.0827742
0.543818	0.0116666	0.231077	-0.0101145	0.011277	0.0827543
0.543813	0.0116833	0.231171	-0.0105487	0.0125798	0.0831198
0.543803	0.0116923	0.231252	-0.00931093	0.0110121	0.0824216
0.543794	0.0117045	0.231338	-0.00826445	0.01095	0.0831143
0.543787	0.0117144	0.231428	-0.008553	0.0103484	0.0834124
0.543778	0.0117217	0.231512	-0.00862986	0.00717244	0.0836552
0.543768	0.0117372	0.231594	-0.00976811	0.00778244	0.0809659
0.543759	0.0117463	0.231678	-0.0094929	0.00795736	0.0819748
0.543749	0.0117624	0.231761	-0.0101357	0.0100118	0.08146
0.543741	0.0117706	0.231847	-0.00961269	0.0107879	0.082566
0.543733	0.0117814	0.231933	-0.00982388	0.0107075	0.0830603
0.543722	0.0117932	0.232013	-0.0109031	0.0109028	0.0796358
0.543714	0.0118041	0.232101	-0.0088204	0.0109859	0.083573
0.543704	0.0118126	0.232181	-0.0088357	0.00975055	0.0815252
0.543696	0.0118266	0.232262	-0.00883109	0.0127629	0.0809493
0.543687	0.0118371	0.232343	-0.00977258	0.0102639	0.0794746
0.543674	0.0118461	0.232419	-0.00998837	0.00850238	0.079384
0.543667	0.0118565	0.232505	-0.00993564	0.00897599	0.0809137
0.543659	0.0118671	0.232589	-0.00848872	0.00771314	0.0826012
0.543648	0.0118762	0.232668	-0.00936827	0.00658129	0.0815643
0.543639	0.0118834	0.232751	-0.00933636	0.00657846	0.0837615
0.543631	0.0118939	0.232833	-0.0100028	0.00922921	0.0819215
0.543621	0.0119045	0.232913	-0.0110068	0.00829771	0.0809188
0.543611	0.0119146	0.232994	-0.00984512	0.00719009	0.0831617
0.543601	0.0119268	0.233074	-0.0103634	0.0088612	0.0811932
0.543591	0.0119336	0.233159	-0.00947532	0.00773673	0.0825368
0.543581	0.0119448	0.233244	-0.00922553	0.0072911	0.0828699
0.543571	0.0119565	0.233326	-0.00954494	0.00850076	0.0812577
0.543563	0.0119623	0.23341	-0.00877805	0.0071173	0.084026
0.543553	0.0119723	0.233497	-0.00910801	0.00807488	0.0831618
0.543542	0.0119844	0.233577	-0.0086472	0.0102994	0.0847216
0.543531	0.011988	0.23366	-0.00864412	0.0082934	0.0845492
0.543519	0.0120016	0.233743	-0.0103664	0.00864803	0.0828952
0.543507	0.012013	0.233822	-0.0102895	0.00955755	0.0820879
0.543496	0.0120179	0.233904	-0.0101288	0.00702511	0.0827909
0.543487	0.0120281	0.233988	-0.00948647	0.01024	0.0843752
0.543475	0.012035	0.234066	-0.00994698	0.00797542	0.0826898
0.543463	0.0120424	0.234145	-0.00982978	0.0068866	0.0819135
0.543452	0.0120566	0.234225	-0.00896826	0.0081182	0.0831369
0.543441	0.0120593	0.234297	-0.00897926	0.00533133	0.0818418
0.543426	0.0120707	0.234374	-0.010319	0.00634628	0.0810696
0.543417	0.0120787	0.234451	-0.00791747	0.00734447	0.0832221
0.543405	0.0120814	0.234526	-0.00813951	0.00653834	0.0810763
0.543395	0.0120952	0.234601	-0.00890679	0.00900884	0.0795896
0.543384	0.0121016	0.23468	-0.00947918	0.00920018	0.079598
0.543373	0.0121069	0.234757	-0.0100578	0.00718721	0.0786589
0.543364	0.0121134	0.234833	-0.00996136	0.00570276	0.0779472
0.543354	0.0121204	0.234906	-0.00866087	0.00524713	0.0785715
0.543343	0.0121283	0.234979	-0.00860373	0.00475937	0.0769465
0.543335	0.0121356	0.235058	-0.00882238	0.00439156	0.0775048
0.543324	0.0121409	0.235133	-0.0101548	0.00519644	0.0751593
0.543313	0.0121471	0.235203	-0.0103809	0.00413298	0.0724201
0.543302	0.0121573	0.235283	-0.0090945	0.00513289	0.0754876
0.543295	0.0121628	0.23536	-0.00852988	0.00759111	0.0757382
0.543283	0.0121665	0.235431	-0.00971158	0.00761227	0.0739149
0.54327	0.0121751	0.235501	-0.0105654	0.00868266	0.0723903
0.543262	0.0121821	0.235573	-0.00892814	0.00738922	0.0736451
0.543249	0.0121857	0.23564	-0.0102293	0.0056882	0.0717743
0.543242	0.0121907	0.235719	-0.00851158	0.00647342	0.0741763
0.543229	0.0121943	0.235785	-0.00930132	0.00726956	0.0720163
0.543222	0.0122032	0.235859	-0.0077447	0.00731998	0.0720116
0.543211	0.0122077	0.235928	-0.00872199	0.00558631	0.0713445
0.543203	0.0122131	0.236004	-0.00750292	0.0051093	0.0740987
0.543192	0.0122191	0.236076	-0.00898738	0.006179	0.0705546
0.543183	0.012223	0.236146	-0.0100145	0.00524918	0.0685454
0.543172	0.0122314	0.236213	-0.0096554	0.00736221	0.0679888
0.543163	0.0122364	0.236283	-0.00883432	0.00789403	0.0682202
0.543152	0.0122378	0.236351	-0.00942773	0.00553888	0.0686375
0.543142	0.0122456	0.236421	-0.0101135	0.00585707	0.0682926
0.543135	0.0122528	0.236494	-0.00975477	0.00507864	0.0694282
0.543126	0.012257	0.236563	-0.00890861	0.00630102	0.071694
0.543114	0.0122598	0.236633	-0.00990621	0.00484892	0.0710726
0.543107	0.0122661	0.236707	-0.00907529	0.00488244	0.0700281
0.543098	0.012269	0.236775	-0.00978538	0.00551991	0.0702183
0.543088	0.012275	0.236844	-0.0105116	0.00531756	0.0690307
0.54308	0.012278	0.236909	-0.0107237	0.00404527	0.0669913
0.543072	0.0122827	0.236982	-0.0118377	0.00367605	0.0664562
0.54306	0.0122841	0.237045	-0.013068	0.00441938	0.0627484
0.543052	0.0122896	0.237117	-0.0107361	0.00588251	0.0656521
0.543046	0.0122905	0.237191	-0.00977231	0.00421608	0.0685914
0.543037	0.0122921	0.237256	-0.00941131	0.00349779	0.0677575
0.543027	0.0122977	0.237323	-0.0108244	0.00418644	0.065041
0.543019	0.0122975	0.237392	-0.0107337	0.00444283	0.064856
0.543008	0.0123014	0.237454	-0.0115726	0.004418	0.063285
0.543005	0.0123057	0.237527	-0.00915629	0.00415485	0.0658521
0.542995	0.0123073	0.237593	-0.00842257	0.00336976	0.0676432
0.542987	0.0123101	0.237658	-0.00845745	0.00320509	0.0656116
0.542979	0.0123096	0.23772	-0.00758059	0.00207974	0.065149
0.542972	0.0123152	0.237789	-0.00699465	0.00335666	0.0667541
0.542965	0.0123167	0.237858	-0.00681138	0.00271702	0.0660101
0.542957	0.0123164	0.237925	-0.00750258	0.00170931	0.0660837
0.54295	0.012319	0.237988	-0.00751815	0.00200662	0.0647079
0.542943	0.0123218	0.238058	-0.00731425	-0.00112408	0.0665468
0.542936	0.0123189	0.238126	-0.00549322	-0.00146562	0.068782
0.542928	0.0123272	0.238189	-0.00639166	0.00176371	0.0684394
0.542918	0.0123264	0.238251	-0.0081756	0.000720011	0.065203
0.542912	0.0123295	0.238318	-0.00893433	0.00162446	0.0632387
0.542904	0.012335	0.238388	-0.00821999	0.00129238	0.0669849
0.542896	0.0123315	0.238455	-0.00828669	-0.000500878	0.0661189
0.542887	0.0123327	0.238515	-0.00776628	0.000410559	0.0662671
0.542879	0.0123318	0.238582	-0.0075984	6.86453e-05	0.0673851
0.54287	0.0123362	0.238646	-0.00716471	0.00190468	0.0678536
0.542863	0.0123385	0.238714	-0.00700387	0.00215624	0.0682883
0.542856	0.01234	0.238782	-0.00772671	0.0022135	0.0670696
0.542846	0.0123404	0.238842	-0.00814613	0.00170919	0.0645157
0.542838	0.0123391	0.238908	-0.00888369	0.0013579	0.0629744
0.542827	0.0123406	0.238969	-0.00925709	0.00164609	0.0620076
0.54282	0.0123423	0.239035	-0.00892312	0.000751069	0.0617953
0.542811	0.0123459	0.239096	-0.010703	0.00205485	0.0596879
0.542803	0.0123407	0.239163	-0.010096	4.31366e-05	0.059678
0.542793	0.0123383	0.239221	-0.0112863	-0.000421675	0.0574
0.542783	0.0123422	0.239287	-0.0109427	0.00148924	0.0594664
0.542774	0.0123462	0.239351	-0.0105572	0.00281191	0.0603232
0.542764	0.0123393	0.239411	-0.0104576	9.48597e-05	0.0598992
0.542757	0.0123421	0.239474	-0.008363	0.000313427	0.0618536
0.542746	0.0123394	0.239535	-0.00833398	-3.15126e-05	0.0634459
0.542737	0.0123374	0.239596	-0.00892529	-0.00159233	0.0630197
0.542731	0.0123444	0.239659	-0.00751033	0.00044539	0.0625331
0.54272	0.0123418	0.239716	-0.00840417	0.000289717	0.0623212
0.542712	0.0123379	0.239778	-0.00787223	-0.000133702	0.0628583
0.542703	0.0123379	0.239843	-0.00805856	-0.00160897	0.0631893
0.542696	0.0123399	0.239907	-0.00691552	-0.00103128	0.064086
0.542688	0.0123374	0.23997	-0.00695756	-0.00234124	0.0635231
0.542681	0.0123327	0.240031	-0.00633732	-0.00317233	0.0648888
0.542671	0.0123338	0.240095	-0.00747533	-0.00294051	0.0640557
0.542664	0.012335	0.240157	-0.0072468	-0.000523176	0.0634528
0.542654	0.0123348	0.240217	-0.00877982	-0.00155795	0.062983
0.542645	0.0123314	0.240278	-0.00940044	-0.00116316	0.0620906
0.542637	0.0123261	0.240339	-0.00872424	-0.00287884	0.0622907
0.542627	0.0123323	0.2404	-0.00834329	0.00117055	0.0633074
0.54262	0.0123227	0.240466	-0.0076868	-0.00271841	0.0647636
0.54261	0.0123217	0.240528	-0.00819971	-0.000773953	0.0652424
0.542602	0.0123204	0.240591	-0.00671018	-0.00151723	0.065102
0.542593	0.0123213	0.240656	-0.00847361	-0.0012077	0.0640289
0.542582	0.0123183	0.240715	-0.00948528	-0.00262236	0.062615
0.542575	0.0123173	0.240775	-0.0079395	-0.00131828	0.0605619
0.542567	0.012315	0.240838	-0.00680996	-0.000762628	0.0613007
0.542555	0.0123111	0.240894	-0.00739077	-0.000464905	0.0599213
0.542543	0.0123126	0.24095	-0.00792141	0.00138934	0.0607791
0.542536	0.0123042	0.24101	-0.00767214	-0.00081612	0.0616297
0.542528	0.0123097	0.241072	-0.00767259	0.000956819	0.0612194
0.542517	0.0123066	0.241126	-0.0085742	-0.0010272	0.0589451
0.542511	0.0123049	0.241188	-0.00766147	-0.00123078	0.0610524
0.542502	0.0123017	0.241249	-0.0076411	-0.00250986	0.0625371
0.542493	0.0123032	0.241307	-0.00759302	-0.00243593	0.0620287
0.542488	0.0123004	0.241366	-0.00669964	-0.00289743	0.0611882
0.542478	0.0122959	0.241421	-0.00799619	-0.00379896	0.0604386
0.542472	0.0122942	0.24148	-0.00698251	-0.00433306	0.0609419
0.542465	0.0122878	0.241539	-0.00690034	-0.0040412	0.0604503
0.542457	0.012293	0.241597	-0.00768886	-0.00143605	0.0597454
0.542446	0.0122854	0.241647	-0.00911232	-0.00396907	0.0554401
0.542441	0.0122834	0.241707	-0.00768734	-0.00337355	0.0572315
0.542433	0.012283	0.241765	-0.00736729	-0.00309266	0.0580713
0.542423	0.0122773	0.241818	-0.00839363	-0.0045583	0.0561352
0.542418	0.0122753	0.241882	-0.00702615	-0.00383613	0.0588653
0.542412	0.0122706	0.241941	-0.0070845	-0.00498982	0.0567905
0.542406	0.0122716	0.242002	-0.00696984	-0.00323786	0.057295
0.542399	0.0122683	0.24206	-0.00747829	-0.00414037	0.0557042
0.542392	0.0122676	0.242117	-0.00696544	-0.00318742	0.0564833
0.542385	0.0122602	0.242172	-0.00828581	-0.00303399	0.0544623
0.542377	0.0122608	0.24223	-0.00781027	-0.00283565	0.0559203
0.542372	0.0122545	0.242288	-0.00718439	-0.00427069	0.0551134
0.542365	0.0122546	0.242346	-0.0064548	-0.00322814	0.0558966
0.542359	0.0122489	0.242402	-0.00681662	-0.0045875	0.0552302
0.542355	0.0122502	0.24246	-0.0058723	-0.00169932	0.058382
0.542347	0.0122438	0.242516	-0.00607306	-0.00464419	0.0588133
0.542343	0.0122443	0.242573	-0.00500192	-0.00397504	0.0593859
0.542338	0.0122392	0.242635	-0.0049222	-0.00504402	0.0607841
0.542334	0.0122398	0.242694	-0.0041894	-0.00376263	0.0601291
0.542328	0.0122355	0.242749	-0.00392665	-0.00273533	0.0599529
0.542324	0.0122328	0.242809	-0.00403431	-0.00315118	0.0594043
0.542323	0.0122302	0.242868	-0.00315845	-0.0034325	0.0589169
0.54232	0.0122287	0.242927	-0.00264948	-0.00357188	0.060445
0.542317	0.0122278	0.242983	-0.00294936	-0.00163915	0.0572492
0.542314	0.0122252	0.243037	-0.00304437	-0.00238474	0.0560653
0.54231	0.0122239	0.243095	-0.0033516	-0.00242353	0.0569021
0.542306	0.0122191	0.243149	-0.00354902	-0.00402544	0.0557859
0.542302	0.0122153	0.243207	-0.00365749	-0.00455173	0.0560122
0.542301	0.0122157	0.243266	-0.00356004	-0.00348503	0.0562776
0.542297	0.0122097	0.243321	-0.00402112	-0.00486922	0.0546736
0.542296	0.0122087	0.243383	-0.00380695	-0.00422331	0.05408
0.542297	0.0122044	0.243442	-0.00249088	-0.00344625	0.0560705
0.542293	0.012204	0.243501	-0.00362867	-0.000463142	0.0568843
0.542293	0.0121989	0.243561	-0.00222364	-0.00251665	0.0587705
0.542289	0.0122018	0.243616	-0.00222065	-0.00145985	0.0589185
0.54229	0.0121938	0.243681	-0.000973811	-0.00417667	0.0618486
0.542287	0.0121929	0.243737	-0.00193212	-0.00148585	0.0599737
0.542287	0.0121899	0.243797	-0.00159712	-0.00222959	0.05868
0.542287	0.0121839	0.243862	-0.00137625	-0.00598566	0.0594099
0.542282	0.0121813	0.243917	-0.00258674	-0.00383198	0.0581814
0.542281	0.0121795	0.243978	-0.00172858	-0.00282646	0.0595185
0.54228	0.0121756	0.24404	-0.000785113	-0.00367968	0.0621326
0.542279	0.0121732	0.244103	-0.00228318	-0.00214142	0.060808
0.542279	0.0121664	0.244164	-0.0027069	-0.00374689	0.0606619
0.542278	0.0121633	0.244225	-0.003344	-0.00394997	0.0583168
0.542278	0.0121621	0.244288	-0.00216701	-0.00172092	0.0601357
0.542277	0.012158	0.244346	-0.00142026	-0.00413312	0.0596882
0.542279	0.0121569	0.244413	-0.000251827	-0.00311822	0.0614141
0.542277	0.0121456	0.24447	-0.000180594	-0.00654172	0.0600022
0.542277	0.0121452	0.244527	0.000139458	-0.0060325	0.0593137
0.542277	0.0121402	0.244586	-0.000737419	-0.00615297	0.0597244
0.542277	0.0121326	0.244643	-0.000615575	-0.00718652	0.0592495
0.542281	0.0121349	0.244706	0.00111219	-0.00421857	0.0612329
0.54228	0.0121281	0.244764	0.000410321	-0.00440383	0.059891
0.542283	0.0121254	0.244826	0.00126978	-0.0043199	0.0616988
0.542283	0.0121217	0.244886	0.000786363	-0.00397022	0.0595422
0.542286	0.0121157	0.244949	0.00114581	-0.00454123	0.0609818
0.542287	0.0121096	0.24501	0.00123507	-0.00504898	0.0607591
0.54229	0.0121089	0.245069	0.0011234	-0.00437899	0.0591148
0.542294	0.0121055	0.245131	0.00143492	-0.00398838	0.0582807
0.542293	0.0121023	0.245187	0.000402563	-0.00374555	0.0556055
0.542295	0.0120931	0.245247	0.000513661	-0.00380339	0.0567702
0.542301	0.0120931	0.24531	0.0014807	-0.00280972	0.0579815
0.542304	0.0120894	0.245373	0.00173014	-0.00265817	0.0599752
0.542308	0.0120873	0.245434	0.00238868	-0.00264739	0.0600229
0.542309	0.0120816	0.245495	0.00194662	-0.00371891	0.0598998
0.542315	0.0120814	0.245558	0.00303788	-0.00121077	0.0603629
0.542315	0.0120757	0.245619	0.002771	-0.00259021	0.061469
0.542321	0.0120701	0.245684	0.00379712	-0.00350818	0.0621246
0.542322	0.0120697	0.245745	0.00340973	-0.0027031	0.061478
0.542324	0.0120616	0.245804	0.00257499	-0.00378506	0.059568
0.542329	0.0120639	0.24587	0.00379421	-0.00183558	0.0612992
0.542333	0.0120538	0.245935	0.0045102	-0.00453145	0.0633825
0.542336	0.0120509	0.245999	0.00380925	-0.00398249	0.0619296
0.542342	0.0120466	0.246063	0.00404881	-0.00584435	0.062912
0.542341	0.0120436	0.246118	0.0021161	-0.00447092	0.0594012
0.542345	0.0120392	0.246181	0.00383926	-0.00426148	0.0632624
0.542346	0.012037	0.246241	0.00368535	-0.00381159	0.0636695
0.542349	0.0120345	0.246305	0.00371147	-0.00522998	0.0632128
0.542353	0.0120359	0.246371	0.00389668	-0.00356811	0.064701
0.542356	0.0120256	0.246437	0.00319619	-0.00649576	0.0634663
0.542359	0.0120244	0.246502	0.00210935	-0.00544298	0.0620766
0.542361	0.0120215	0.246564	0.00332667	-0.00337166	0.0636079
0.542363	0.0120218	0.246623	0.00353312	-0.00219823	0.0620902
0.542365	0.012021	0.246688	0.00401914	-0.0027914	0.0648903
0.542366	0.012013	0.246748	0.00354048	-0.00481319	0.0634952
0.542371	0.0120133	0.246813	0.00398512	-0.00354657	0.0630299
0.542372	0.0120144	0.246871	0.00276565	-0.0012136	0.0613587
0.542373	0.0120073	0.246933	0.00288712	-0.00361841	0.0615208
0.542375	0.0120072	0.246991	0.0030667	-0.00152235	0.0621109
0.54238	0.0120092	0.247058	0.00400033	-0.00114113	0.0640289
0.542381	0.0120035	0.247115	0.00356187	-0.0035659	0.0617006
0.542382	0.0120037	0.247175	0.00296195	-0.0016054	0.0606718
0.542384	0.0120034	0.247241	0.00302045	0.000472087	0.0628076
0.542386	0.012003	0.247301	0.00327433	0.00132189	0.0610055
0.542389	0.0119971	0.247362	0.0036501	2.87699e-05	0.0617467
0.542388	0.0119959	0.24742	0.00291187	-0.00106236	0.0598265
0.542389	0.0119953	0.24748	0.00166143	-0.000809995	0.0594717
0.542391	0.0119934	0.247539	0.00128395	-0.000514066	0.0589024
0.542391	0.0119914	0.247596	0.000659836	0.000226702	0.0565452
0.542392	0.0119908	0.247652	0.000863787	-0.000942307	0.0572848
0.542394	0.0119942	0.24771	0.000981469	0.000897774	0.0564042
0.542394	0.0119893	0.247767	0.000466768	0.000150944	0.0552426
0.542396	0.0119877	0.247828	0.00128523	-0.00146951	0.0558421
0.542395	0.0119848	0.247885	0.000447339	-0.0032541	0.0549999
0.542398	0.0119888	0.247947	0.00152145	-0.0018808	0.0569909
0.542399	0.0119878	0.24801	0.00108991	-0.000884554	0.058131
0.542397	0.0119882	0.248067	0.000127566	-0.00128054	0.0581673
0.542398	0.0119877	0.248127	-0.000172345	-0.000990038	0.0596998
0.542398	0.0119902	0.248187	-0.00119265	0.000247925	0.0572269
0.5424	0.0119911	0.248246	0.000262297	0.00129516	0.0596712
0.542398	0.0119882	0.248304	-8.83523e-05	0.000426983	0.0576014
0.542397	0.0119888	0.248361	-0.000914699	0.00129799	0.0568686
0.542394	0.0119872	0.248415	-0.00191535	0.00095066	0.0559643
0.542393	0.0119876	0.248474	-0.00244965	0.0012572	0.0563655
0.542393	0.011988	0.248531	-0.0011561	0.00153106	0.057439
0.542392	0.0119898	0.24859	-0.000572944	7.41378e-05	0.0579622
0.542393	0.011994	0.248655	0.000229813	0.00174179	0.0596772
0.54239	0.0119915	0.24871	-0.000530476	0.000717371	0.0578023
0.542388	0.0119962	0.248771	-0.000571173	0.00213043	0.0586121
0.542385	0.0119956	0.248828	-0.000931759	0.00164291	0.0585933
0.542383	0.0119944	0.248885	-0.0022978	0.000675895	0.0562545
0.542382	0.0119971	0.248945	-0.00263164	0.00164134	0.0551757
0.542379	0.0120017	0.249002	-0.0025242	0.00282294	0.0570513
0.542376	0.0119984	0.249064	-0.00271487	0.00114867	0.0574922
0.542371	0.012003	0.249118	-0.00346253	0.00250931	0.0581702
0.542371	0.0120023	0.249177	-0.00240552	0.00153685	0.0597965
0.542368	0.0120103	0.249236	-0.00216126	0.00338423	0.0615957
0.542363	0.0120086	0.249292	-0.00263709	0.00202307	0.061803
0.542361	0.0120097	0.249352	-0.00231708	0.00220225	0.0618493
0.542355	0.0120168	0.249412	-0.00312591	0.00326739	0.0622073
0.542352	0.0120196	0.249468	-0.00328289	0.0028844	0.0592269
0.542349	0.0120194	0.249527	-0.00289066	0.00213631	0.0583663
0.542345	0.0120231	0.249588	-0.00246645	0.00282858	0.0607291
0.542341	0.0120281	0.249644	-0.0030343	0.00356259	0.058431
0.542334	0.0120299	0.249701	-0.00487646	0.00253601	0.0580231
0.542331	0.0120313	0.249762	-0.00414941	0.00206767	0.0594246
0.542328	0.0120367	0.249823	-0.00433107	0.00311691	0.0587252
0.542321	0.0120364	0.249877	-0.00452961	0.00240437	0.0593494
0.542314	0.0120391	0.249931	-0.00470573	0.00229805	0.0587451
0.542307	0.0120445	0.249986	-0.00522984	0.0032779	0.0581078
0.542303	0.0120456	0.250045	-0.00586386	0.00592006	0.0583459
0.542296	0.0120492	0.250103	-0.00563885	0.00550241	0.0607282
0.542289	0.0120541	0.25016	-0.0063392	0.00508787	0.0577383
0.542284	0.012057	0.250222	-0.00612392	0.00439093	0.0590504
0.542278	0.0120594	0.250283	-0.00550415	0.00343707	0.0602468
0.542268	0.0120643	0.250336	-0.00608185	0.00358621	0.0593096
0.54226	0.0120656	0.250391	-0.00661301	0.00271568	0.0571865
0.542254	0.0120739	0.250451	-0.00680942	0.00460322	0.0582221
0.542246	0.012073	0.250508	-0.00679991	0.00240289	0.0571644
0.542238	0.0120811	0.250561	-0.0074644	0.00377277	0.0547134
0.542228	0.0120864	0.250615	-0.00877855	0.00535468	0.053412
0.542221	0.0120845	0.250672	-0.00802017	0.00427747	0.0556805
0.542211	0.0120928	0.250727	-0.00831479	0.00534305	0.0561441
0.542201	0.0120955	0.250781	-0.00850916	0.00450351	0.0564464
0.542194	0.0121005	0.250842	-0.00830932	0.00396169	0.0574034
0.542184	0.0121003	0.250898	-0.00801133	0.00211974	0.0596991
0.542174	0.0121044	0.250956	-0.00921039	0.00389098	0.0588721
0.542163	0.0121096	0.251004	-0.00928233	0.00567839	0.0555866
0.542154	0.0121137	0.251061	-0.0103986	0.00479797	0.055557
0.542143	0.0121192	0.251118	-0.0099503	0.00473409	0.0573754
0.542135	0.0121233	0.251175	-0.00870935	0.00415608	0.0583899
0.542121	0.0121306	0.251226	-0.0100552	0.00400159	0.0562644
0.54211	0.0121352	0.251275	-0.0106181	0.00341932	0.0534784
0.542101	0.0121377	0.25133	-0.0105194	0.00379338	0.0541532
0.542088	0.0121482	0.251384	-0.0110481	0.0058637	0.053564
0.542078	0.0121458	0.251439	-0.0108126	0.00235367	0.0536796
0.542064	0.0121553	0.251495	-0.0112426	0.00344772	0.0561583
0.542055	0.012159	0.251552	-0.00990635	0.00314997	0.0564087
0.542041	0.0121636	0.251605	-0.0112151	0.00417196	0.0565699
0.542031	0.0121669	0.251666	-0.0108892	0.00495151	0.058029
0.542019	0.0121739	0.251719	-0.0115812	0.00660338	0.0557542
0.542008	0.0121783	0.251775	-0.0109998	0.00548608	0.0545129
0.541994	0.0121804	0.25183	-0.0116583	0.00529871	0.0541593
0.541984	0.0121837	0.251884	-0.0110277	0.0046291	0.0536477
0.541971	0.0121915	0.251939	-0.0121408	0.00499658	0.053547
0.541958	0.0121938	0.251994	-0.0111798	0.00500094	0.0557374
0.541946	0.0122009	0.25205	-0.0103908	0.00493674	0.0576659
0.541935	0.0122081	0.252112	-0.0101137	0.00655399	0.0599894
0.541924	0.0122124	0.25217	-0.00962068	0.00500756	0.0600359
0.541911	0.0122213	0.252227	-0.0111657	0.00567017	0.0578467
0.541898	0.0122209	0.252284	-0.0122572	0.00311533	0.0561732
0.541886	0.0122287	0.25234	-0.012243	0.00510057	0.0554926
0.541875	0.0122333	0.252403	-0.0108538	0.00569045	0.0584078
0.541863	0.0122392	0.252459	-0.0117075	0.00527033	0.0575601
0.541851	0.0122405	0.252514	-0.0112719	0.0035163	0.0561714
0.541837	0.0122479	0.252567	-0.0110826	0.0054206	0.0557459
0.541826	0.0122557	0.252625	-0.0118577	0.00558228	0.0551839
0.541813	0.0122551	0.252677	-0.0114996	0.0027311	0.0554746
0.541767	0.0122771	0.252905	-0.0126123	0.00396552	0.0532462
0.541755	0.0122842	0.252957	-0.012641	0.0044169	0.0529389
0.541744	0.0122854	0.253016	-0.0117513	0.00280664	0.0553788
0.541734	0.0122921	0.253068	-0.0109702	0.00488601	0.0534937
0.541722	0.0122963	0.253125	-0.0108242	0.00413426	0.0547034
0.541711	0.0122974	0.25318	-0.011336	0.00260919	0.0536798
0.5417	0.0123057	0.253232	-0.0106162	0.00406678	0.0544963
0.541687	0.0123107	0.253283	-0.0111957	0.00346015	0.0521054
0.541677	0.0123162	0.25334	-0.0109741	0.00304816	0.052492
0.541663	0.0123186	0.253391	-0.0121425	0.00175022	0.0518665
0.541653	0.0123204	0.253448	-0.0116168	0.00319612	0.0548333
0.541641	0.0123286	0.253506	-0.0113487	0.00624567	0.0561741
0.541632	0.0123327	0.253566	-0.010093	0.00527608	0.0581208
0.541619	0.0123359	0.253621	-0.011472	0.00516511	0.0570846
0.541606	0.0123391	0.253671	-0.0117203	0.00608555	0.0552125
0.541595	0.0123431	0.253729	-0.0114433	0.00524813	0.0565072
0.541582	0.0123468	0.253786	-0.0106896	0.00453655	0.0577415
0.54157	0.0123518	0.253838	-0.0114134	0.00558458	0.0557338
0.54156	0.0123589	0.253893	-0.0112459	0.00569172	0.0546703
0.541547	0.0123613	0.253946	-0.0110028	0.00419961	0.0538537
0.541534	0.0123638	0.254001	-0.0106928	0.00322421	0.0545533
0.541524	0.0123703	0.254059	-0.0110478	0.00344172	0.0555441
0.541514	0.0123734	0.254116	-0.0103423	0.0032151	0.0578884
0.541502	0.0123768	0.254172	-0.0116195	0.00234756	0.0548767
0.541491	0.0123752	0.254224	-0.0122965	0.000745632	0.0544187
0.541481	0.0123878	0.254283	-0.0117465	0.00429143	0.0559034
0.541469	0.01239	0.254338	-0.0123119	0.00310589	0.0558203
0.541457	0.0123932	0.254392	-0.0127802	0.00169147	0.0521376
0.541445	0.0123969	0.254442	-0.0130462	0.00396715	0.0502247
0.541434	0.0123999	0.254497	-0.0125877	0.00472414	0.0513303
0.541424	0.0124084	0.254551	-0.0120144	0.0055852	0.0513007
0.541411	0.0124063	0.254604	-0.0130794	0.00260717	0.0513956
0.5414	0.0124148	0.254661	-0.0122664	0.00413345	0.0538852
0.541389	0.0124169	0.254715	-0.0121807	0.00261683	0.0537663
0.541379	0.0124227	0.254772	-0.011099	0.00310639	0.0566603
0.541365	0.0124308	0.254824	-0.0112238	0.00387053	0.0573518
0.541355	0.0124306	0.254884	-0.011056	0.00145614	0.0579685
0.541343	0.0124338	0.254939	-0.0113102	0.00174895	0.057453
0.54133	0.0124389	0.254991	-0.0117388	0.00240825	0.0567929
0.541317	0.0124444	0.255048	-0.0126718	0.00287941	0.0565125
0.541305	0.0124473	0.255109	-0.0119666	0.00277009	0.0591673
0.541291	0.0124464	0.255161	-0.0129456	0.00106944	0.0558294
0.541277	0.0124532	0.255216	-0.0135721	0.00451184	0.05526
0.541263	0.0124538	0.255274	-0.013378	0.00254236	0.0563978
0.541248	0.0124593	0.25533	-0.0143444	0.00301894	0.0570056
0.541231	0.0124624	0.255387	-0.0145063	0.00334298	0.0576179
0.541218	0.0124659	0.255446	-0.0150292	0.00297315	0.0564223
0.541206	0.0124672	0.255508	-0.0138432	0.00237914	0.0585517
0.541187	0.0124691	0.255567	-0.0154963	0.00174798	0.0564134
0.541171	0.0124747	0.255625	-0.0155104	0.00293334	0.0572435
0.541155	0.0124741	0.255681	-0.0154711	0.00176227	0.0573316
0.541139	0.0124792	0.255739	-0.0161078	0.00410348	0.0571041
0.541123	0.0124829	0.255793	-0.0156737	0.00361206	0.0557283
0.541106	0.0124842	0.255848	-0.0154363	0.0027939	0.0555691
0.541088	0.0124838	0.255905	-0.0162491	0.00176492	0.0567436
0.541072	0.0124928	0.25596	-0.0157566	0.00345362	0.0562008
0.541052	0.0124941	0.256012	-0.0166354	0.00252917	0.0545977
0.541036	0.0124941	0.25607	-0.0164106	0.0020479	0.0567388
0.541019	0.0124987	0.256123	-0.0164775	0.00262334	0.05524
0.541002	0.0125002	0.25618	-0.0166067	0.00254096	0.0554518
0.540982	0.0125046	0.256229	-0.0172755	0.00288157	0.0535893
0.540964	0.0125027	0.256286	-0.0170771	0.00115664	0.0540272
0.540944	0.0125094	0.256336	-0.0180638	0.00293827	0.0508556
0.540929	0.0125061	0.256392	-0.0175052	0.000822245	0.052184
0.540908	0.0125115	0.256443	-0.0184464	0.00271047	0.0512238
0.540889	0.0125145	0.25649	-0.0189311	0.00294333	0.0498421
0.540872	0.0125154	0.256547	-0.0180327	0.00225753	0.0512603
0.540852	0.0125147	0.256595	-0.0193402	0.00162773	0.0492863
0.540835	0.012519	0.256649	-0.0183401	0.00184379	0.0505619
0.540812	0.012519	0.256702	-0.0193611	0.00137403	0.0501078
0.540792	0.012521	0.256754	-0.0191445	0.00165479	0.0514264
0.540772	0.0125189	0.256807	-0.0197934	0.00081891	0.0522245
0.540755	0.0125167	0.25687	-0.0193448	-0.000104001	0.0551583
0.540732	0.0125198	0.256917	-0.0213212	-0.000670061	0.0521601
0.540713	0.0125195	0.256976	-0.0196316	-0.000266043	0.0550814
0.540693	0.0125284	0.257029	-0.0198478	0.00246138	0.0556125
0.540673	0.012525	0.25708	-0.0196561	0.000695736	0.0530146
0.540653	0.0125283	0.257135	-0.0193985	-7.70347e-05	0.0536342
0.540633	0.0125321	0.257186	-0.019319	0.00145086	0.0535015
0.540612	0.0125304	0.257242	-0.0185355	9.38892e-05	0.0562471
0.540593	0.0125333	0.257301	-0.0200999	0.00112721	0.055153
0.540573	0.012535	0.257352	-0.0200776	0.00137083	0.0545537
0.540555	0.0125358	0.257411	-0.0185218	-0.00225998	0.0570544
0.540537	0.0125397	0.257465	-0.0195023	-0.000170059	0.0556798
0.540518	0.01254	0.25752	-0.0193279	-0.000174623	0.0561366
0.5405	0.0125405	0.257575	-0.0203152	-0.000200648	0.053702
0.540481	0.0125424	0.257626	-0.0201737	0.000364804	0.0535941
0.540462	0.0125459	0.257674	-0.0198485	0.00129278	0.0519776
0.540446	0.0125441	0.257732	-0.0190454	0.000590899	0.054275
0.540427	0.0125488	0.257784	-0.0185566	0.000244026	0.0537047
0.540408	0.0125496	0.257836	-0.0194072	0.000594475	0.0521592
0.540389	0.0125512	0.25789	-0.0199009	0.000863714	0.0522454
0.540372	0.0125476	0.257942	-0.018902	-0.00202138	0.0520374
0.540353	0.0125524	0.257995	-0.0186965	0.000199984	0.053541
0.540337	0.012553	0.258052	-0.0172207	-0.00141164	0.0568945
0.540317	0.0125582	0.258098	-0.0181768	0.000906987	0.0537202
0.540299	0.0125569	0.258153	-0.0171495	0.000156231	0.0552771
0.540281	0.0125577	0.258205	-0.0170219	0.000627905	0.0533806
0.540265	0.0125596	0.258258	-0.0174085	0.000980417	0.0511237
0.540245	0.0125614	0.258308	-0.0175418	0.00123405	0.0511751
0.540229	0.0125608	0.258358	-0.0168636	0.000932286	0.0506288
0.540209	0.0125623	0.25841	-0.0179056	0.00120364	0.050597
0.540194	0.0125648	0.258467	-0.0167698	0.00201762	0.052387
0.540174	0.0125634	0.258521	-0.0173492	0.00100771	0.0533229
0.540158	0.0125658	0.258574	-0.0164231	0.00187244	0.0529707
0.540144	0.0125677	0.258634	-0.0170566	0.0018791	0.0526728
0.540125	0.0125702	0.258685	-0.0178623	0.0028702	0.051487
0.540107	0.0125715	0.258738	-0.0177909	0.00259926	0.0517384
0.540088	0.0125706	0.25879	-0.0185195	0.00186645	0.0507787
0.540072	0.0125724	0.258849	-0.0186541	0.0018998	0.0515467
0.540053	0.012573	0.258897	-0.0181718	0.00191505	0.0509482
0.540034	0.0125731	0.258946	-0.0184112	0.00144158	0.0505799
0.540015	0.0125753	0.259001	-0.0175297	0.00051478	0.0542729
0.539998	0.0125755	0.259051	-0.016238	0.000448953	0.0540372
0.539982	0.0125733	0.259105	-0.0163216	-0.000132582	0.0531746
0.539962	0.0125763	0.259157	-0.0184878	0.000886233	0.0513282
0.539944	0.0125784	0.259211	-0.0178903	-0.000387337	0.0528629
0.539927	0.0125793	0.25926	-0.0174357	0.000229411	0.0512146
0.539906	0.0125837	0.259305	-0.0182015	0.00163207	0.0497772
0.539888	0.0125816	0.259359	-0.018523	0.000693967	0.0503957
0.53987	0.0125849	0.259411	-0.0190244	0.00164184	0.0525742
0.539849	0.0125869	0.259456	-0.0199079	0.00212933	0.0490736
0.539831	0.0125841	0.259505	-0.0198938	0.000577896	0.0486459
0.539813	0.0125846	0.259557	-0.0190508	0.000604116	0.050976
0.539793	0.0125897	0.259603	-0.020332	0.0025487	0.0505192
0.539775	0.0125885	0.259653	-0.0196346	0.00133959	0.0495219
0.539736	0.0125884	0.259758	-0.0185089	0.0011773	0.0534733
0.539716	0.0125917	0.259805	-0.0183838	0.00247366	0.053157
0.539696	0.0125875	0.259858	-0.0192604	0.00082991	0.0529256
0.539674	0.0125948	0.259904	-0.0192665	0.00324023	0.0529612
0.539654	0.0125955	0.259955	-0.019822	0.0027861	0.0505739
0.539634	0.0125987	0.260007	-0.019746	0.00135173	0.0511372
0.539615	0.0125949	0.260058	-0.0197116	-7.84558e-05	0.0506096
0.539592	0.0125978	0.260105	-0.0215956	0.00091786	0.0485501
0.539573	0.0125956	0.260156	-0.020548	0.000235682	0.0490211
0.53955	0.0125989	0.260205	-0.0213172	0.00172489	0.0494716
0.539532	0.0125994	0.260256	-0.0204861	0.0018714	0.0511461
0.53951	0.0126035	0.260309	-0.020849	0.00236221	0.0510706
0.53949	0.012596	0.260362	-0.0209697	-0.000279573	0.051326
0.539468	0.012599	0.260413	-0.0217305	-0.000273054	0.0507297
0.539449	0.0125996	0.260469	-0.0204117	-0.00123862	0.0530846
0.539428	0.0126025	0.260522	-0.020918	0.000102485	0.0528049
0.539408	0.0125986	0.260569	-0.0209431	-0.00100602	0.0503552
0.539389	0.0126063	0.260622	-0.0206917	0.00188575	0.0509604
0.539367	0.0126069	0.260672	-0.0206199	0.0018376	0.0516196
0.539345	0.0126056	0.260715	-0.0205774	0.00123665	0.0494089
0.539327	0.0126088	0.260768	-0.0199927	0.00198692	0.0494214
0.539305	0.0126052	0.260816	-0.0203285	-0.000840803	0.0482615
0.539286	0.012608	0.260868	-0.0201495	-0.00124552	0.0493139
0.539268	0.0126101	0.260917	-0.019217	-0.00156898	0.049666
0.539248	0.0126101	0.260969	-0.0194628	-0.0012343	0.0506228
0.53923	0.0126108	0.261019	-0.0189202	-0.000320183	0.0527373
0.539213	0.0126103	0.261076	-0.0184286	0.00035363	0.0550039
0.539196	0.0126129	0.261126	-0.0182519	0.0012862	0.05372
0.539177	0.0126119	0.261177	-0.0189422	0.000917228	0.0530825
0.539162	0.0126109	0.261229	-0.0174331	0.000748948	0.0525214
0.539141	0.0126139	0.261273	-0.0188652	0.00196721	0.0491273
0.539124	0.0126138	0.261322	-0.0179561	-0.000292236	0.0493397
0.539106	0.0126173	0.261371	-0.017807	0.00122557	0.0484839
0.539093	0.0126135	0.261426	-0.0165625	-0.000107921	0.0492879
0.539076	0.0126129	0.261475	-0.016459	-0.000594304	0.0486138
0.539063	0.0126164	0.261529	-0.0153575	0.00173264	0.0498287
0.539048	0.0126204	0.261585	-0.0156711	0.00276087	0.0514196
0.539032	0.0126148	0.261638	-0.0149447	0.000466001	0.052231
0.539014	0.0126184	0.26169	-0.0160509	0.00239412	0.0514063
0.539	0.0126192	0.261746	-0.0152315	0.00177815	0.0531752
0.538986	0.0126217	0.261801	-0.0139642	0.000701535	0.055283
0.538971	0.0126237	0.261854	-0.0138178	0.00153659	0.0561063
0.538954	0.0126277	0.261905	-0.0144283	0.000334219	0.0546462
0.538937	0.0126286	0.261958	-0.0159009	0.000599069	0.0547069
0.538924	0.0126273	0.262012	-0.0151929	-8.83241e-05	0.0544268
0.538908	0.0126283	0.262064	-0.0151786	0.000946049	0.0534362
0.538894	0.0126292	0.262121	-0.0151623	0.000697064	0.0547487
0.53888	0.0126302	0.262178	-0.0145105	0.00108796	0.0552568
0.538865	0.0126292	0.262236	-0.0145468	0.000806977	0.0544688
0.53885	0.0126348	0.262288	-0.0149478	0.00207086	0.0530658
0.538834	0.0126342	0.262341	-0.014874	0.001523	0.0535226
0.538821	0.0126318	0.262398	-0.0143592	0.000662614	0.0533544
0.538806	0.0126403	0.26245	-0.0134886	0.00143779	0.0548137
0.53879	0.0126438	0.262502	-0.0140703	0.00189051	0.0541552
0.538778	0.0126429	0.262556	-0.0128462	0.000906227	0.0556747
0.538764	0.0126402	0.262607	-0.0137838	-0.000425076	0.053639
0.538753	0.0126424	0.262665	-0.0132818	0.000367864	0.0544864
0.538739	0.0126501	0.262713	-0.0141523	0.00275443	0.0528242
0.538726	0.0126479	0.262769	-0.0128009	0.00151537	0.0555865
0.538715	0.0126525	0.262821	-0.0122455	0.00268871	0.0567096
0.538703	0.0126551	0.262877	-0.0115142	0.00193836	0.0566442
0.53869	0.0126562	0.262926	-0.0120812	0.0013979	0.0543319
0.538679	0.0126557	0.262979	-0.0118436	0.00111871	0.0555889
0.538666	0.0126619	0.263034	-0.0120634	0.00288774	0.0553407
0.538656	0.0126634	0.263087	-0.0118027	0.00204144	0.0533684
0.538645	0.0126671	0.263137	-0.0116307	0.0024775	0.0520086
0.538631	0.0126663	0.263188	-0.012459	0.00168395	0.0496753
0.53862	0.012669	0.263236	-0.0114742	0.00175949	0.0495688
0.538609	0.0126686	0.263289	-0.0110252	0.00130974	0.0508733
0.538597	0.0126686	0.263339	-0.0114303	0.000956838	0.05026
0.538585	0.0126719	0.263393	-0.0110656	0.00182368	0.0531441
0.538575	0.0126713	0.263448	-0.0104455	0.00138626	0.0536765
0.538561	0.0126711	0.263498	-0.0116638	0.000966793	0.051272
0.538553	0.0126762	0.263557	-0.0103916	0.00240645	0.0541004
0.538539	0.0126795	0.26361	-0.0121778	0.002665	0.0524262
0.538528	0.0126814	0.263664	-0.0115708	0.00239798	0.0521217
0.538513	0.0126832	0.263715	-0.0124571	0.00216261	0.0509508
0.538503	0.0126824	0.263775	-0.0111788	0.00126353	0.0557802
0.538489	0.0126872	0.263826	-0.0120338	0.00245542	0.0548135
0.538477	0.0126872	0.263878	-0.0133651	0.00113439	0.0506586
0.538464	0.0126883	0.263929	-0.0135064	0.00137039	0.0505032
0.538451	0.0126896	0.263981	-0.0130678	0.00103126	0.0506638
0.538438	0.0126911	0.264037	-0.0127606	0.00183559	0.0516967
0.538424	0.0126962	0.264083	-0.0132985	0.00276915	0.0494933
0.538414	0.0126945	0.264143	-0.0121326	0.00156164	0.0520282
0.538402	0.0126972	0.264194	-0.0121373	0.00164646	0.0512806
0.53839	0.0126953	0.264249	-0.0119886	0.000731611	0.0517373
0.538379	0.0126984	0.264301	-0.0117053	0.00160764	0.0509831
0.538366	0.0127002	0.264354	-0.0116404	0.00169697	0.0519129
0.538354	0.0127048	0.264407	-0.0116408	0.00222471	0.0503235
0.538343	0.0127046	0.264461	-0.0110842	0.0016932	0.0530991
0.538331	0.0127035	0.26451	-0.0107342	0.00127242	0.0535527
0.538322	0.0127079	0.26457	-0.0102546	0.00211026	0.0557166
0.538307	0.012707	0.264611	-0.0117437	0.00142649	0.0521255
0.538293	0.0127111	0.264659	-0.0120863	0.00209611	0.0529191
0.538284	0.0127109	0.264717	-0.0108088	0.00164581	0.0551353
0.538272	0.0127143	0.264766	-0.0114103	0.00272653	0.054653
0.538262	0.0127175	0.264824	-0.010595	0.00307826	0.0570582
0.53825	0.0127172	0.264873	-0.0110194	-8.09298e-05	0.0544176
0.538237	0.0127164	0.264924	-0.010942	-0.000585875	0.0533464
0.538226	0.0127185	0.264979	-0.0110936	0.000138034	0.0534148
0.538214	0.0127162	0.265031	-0.011268	-0.000406122	0.0523776
0.538203	0.0127226	0.265085	-0.0109951	0.000575487	0.0508973
0.538191	0.0127198	0.265135	-0.0117921	-0.000222188	0.0497883
0.538179	0.0127269	0.265189	-0.0115328	0.00183183	0.0504286
0.538166	0.0127218	0.265244	-0.0123726	-0.00199546	0.0504763
0.538155	0.0127207	0.265296	-0.0118373	-0.0014455	0.0506215
0.538143	0.012724	0.26535	-0.0121266	0.00046203	0.0501014
0.538131	0.0127264	0.265402	-0.012422	0.000764496	0.0498744
0.538121	0.0127302	0.265459	-0.0111134	0.00166078	0.0543482
0.538109	0.0127328	0.265512	-0.0115191	0.00264325	0.0536285
0.538095	0.012735	0.265566	-0.0120319	0.0023068	0.0541418
0.538087	0.0127301	0.265625	-0.0128493	5.09237e-05	0.0538484
0.538075	0.0127365	0.265681	-0.0127249	0.00265353	0.0550565
0.538064	0.0127349	0.265735	-0.0121229	0.00136592	0.0544078
0.538052	0.012738	0.265787	-0.0129091	0.00025824	0.0527033
0.53804	0.0127337	0.265839	-0.012789	-0.00311557	0.0521684
0.53803	0.0127372	0.265893	-0.0114198	-0.00115344	0.0534487
0.538018	0.0127408	0.265942	-0.0113227	0.000626503	0.0521654
0.538009	0.0127385	0.265996	-0.010265	-0.0012675	0.0538836
0.537997	0.012745	0.266044	-0.0108443	0.000933725	0.0506107
0.537986	0.0127408	0.266094	-0.0115852	-0.00099594	0.0507197
0.537977	0.012743	0.266147	-0.0105703	0.00031064	0.0511628
0.537968	0.012743	0.2662	-0.00989355	-0.00145852	0.0515234
0.537959	0.0127433	0.266254	-0.0100742	-0.00104329	0.0530713
0.537951	0.0127443	0.266306	-0.00954004	0.000288309	0.0536947
0.537942	0.0127482	0.266354	-0.00914557	0.00170562	0.0544407
0.537933	0.0127486	0.266409	-0.00883131	0.00166176	0.0549505
0.537926	0.0127484	0.266458	-0.00821421	0.00111673	0.053046
0.537918	0.0127484	0.266508	-0.00813728	0.000769759	0.0521517
0.537909	0.0127504	0.266558	-0.00797873	0.00151912	0.0514493
0.537901	0.0127535	0.266606	-0.00785725	0.000821432	0.0498721
0.537894	0.0127518	0.266659	-0.00715869	-2.53518e-05	0.0508992
0.537887	0.0127593	0.266709	-0.00737924	0.00239857	0.0495964
0.53788	0.0127534	0.266757	-0.007212	-0.00215502	0.0485793
0.537873	0.0127559	0.266811	-0.00716388	-0.000105041	0.0490936
0.537866	0.0127557	0.266863	-0.00679069	0.000309408	0.0491904
0.537862	0.01276	0.266922	-0.00590835	0.00170701	0.0505387
0.537855	0.0127604	0.266973	-0.00681321	-0.000128696	0.0489582
0.53785	0.0127614	0.267028	-0.00613213	-0.000153453	0.0522356
0.537844	0.0127621	0.267079	-0.00633544	0.000299299	0.0519177
0.537837	0.012762	0.267132	-0.00601158	0.000154133	0.0525747
0.53783	0.0127609	0.267185	-0.00654429	4.48578e-05	0.0518535
0.537824	0.0127678	0.267239	-0.00609273	0.00202877	0.0524242
0.53782	0.0127656	0.267294	-0.00542678	0.000857106	0.0519189
0.537814	0.0127668	0.267343	-0.00551928	0.0010433	0.0504662
0.537809	0.0127714	0.267395	-0.00476303	0.00221253	0.0505416
0.537803	0.0127714	0.267446	-0.00436289	0.00151516	0.0515162
0.537799	0.0127716	0.2675	-0.00376755	0.00115348	0.0549665
0.537795	0.0127793	0.267555	-0.00359528	0.00335813	0.0553568
0.537789	0.0127783	0.267608	-0.00475637	0.00217025	0.0527103
0.537789	0.0127752	0.267673	-0.00225672	0.000208394	0.0577944
0.537782	0.0127802	0.267722	-0.00425848	0.00204364	0.0538824
0.537779	0.0127828	0.267779	-0.00388584	0.00188359	0.0540455
0.537773	0.0127845	0.26783	-0.00468085	0.00169797	0.0531693
0.537771	0.0127859	0.267883	-0.00361988	0.0011777	0.0533573
0.537769	0.012794	0.267937	-0.00386115	0.00328607	0.0523808
0.537767	0.0127929	0.267994	-0.00361077	0.00180063	0.0556698
0.537761	0.0127943	0.268042	-0.00500299	0.00159468	0.0520572
0.537759	0.0127975	0.268095	-0.00356708	0.00213882	0.0533036
0.537755	0.0127975	0.268144	-0.00456705	0.0013226	0.0497988
0.537752	0.0127987	0.268198	-0.00500979	0.00082958	0.0500297
0.537751	0.0128041	0.268251	-0.00485098	0.00251598	0.0499438
0.537748	0.0128024	0.268307	-0.0037451	0.00124234	0.0525665
0.537745	0.0128053	0.268355	-0.00378541	0.00178335	0.0508255
0.537747	0.0128099	0.268416	-0.00136785	0.00235465	0.0544296
0.537743	0.0128116	0.268465	-0.00190575	0.00204544	0.0529376
0.53774	0.0128147	0.268513	-0.00189882	0.00231791	0.0511616
0.537738	0.0128162	0.268563	-0.0027267	0.00199736	0.0505343
0.537737	0.0128174	0.268617	-0.00339089	0.00129142	0.0507666
0.537739	0.0128196	0.26867	-0.00152969	0.00151044	0.053857
0.537739	0.0128183	0.268723	-0.00118603	0.000567751	0.0543382
0.537739	0.0128202	0.268774	-0.00121796	0.00474367	0.0539496
0.537736	0.0128237	0.268816	-0.00181321	0.00435771	0.0511763
0.53774	0.0128214	0.268876	0.000393531	0.00226497	0.053582
0.537742	0.0128245	0.268926	0.000542283	0.00272246	0.0542176
0.53774	0.0128289	0.268976	1.7447e-05	2.23833e-05	0.0527266
0.537741	0.012829	0.269029	0.000313774	0.00151744	0.0522096
0.537742	0.0128286	0.269079	0.00148829	0.000551624	0.0532096
0.537745	0.0128329	0.269136	0.00206624	0.00239117	0.0527696
0.537747	0.0128306	0.269192	0.0023988	0.000661043	0.0542188
0.537747	0.0128347	0.269241	0.00191709	0.00142174	0.053664
0.537749	0.0128428	0.269296	0.00234123	0.00348921	0.0535051
0.53775	0.0128369	0.26935	0.000828687	0.000275752	0.0529681
0.537751	0.0128428	0.269398	0.00119764	0.00211624	0.0507709
0.537753	0.0128413	0.269453	0.00255838	0.00103321	0.055388
0.537758	0.0128456	0.269507	0.00331648	0.00177724	0.0559406
0.537758	0.0128501	0.269556	0.0027729	0.00256875	0.053472
0.537761	0.0128474	0.269609	0.00257293	0.000739924	0.053504
0.537765	0.0128489	0.269663	0.00199991	0.000925155	0.0527715
0.537768	0.0128534	0.269715	0.00255086	0.00211108	0.0523637
0.537771	0.0128518	0.269767	0.0019465	0.000827497	0.0514491
0.537775	0.0128563	0.26982	0.00271349	0.00204051	0.0511302
0.537778	0.0128573	0.269873	0.00229411	0.00132382	0.0522326
0.537782	0.012862	0.269926	0.00177735	0.00221659	0.0511347
0.537787	0.012865	0.269983	0.00268875	0.00203296	0.0530756
0.53779	0.0128638	0.270035	0.00271462	0.000808168	0.052173
0.537795	0.0128639	0.270086	0.00334293	0.000536476	0.0517638
0.537803	0.0128702	0.270145	0.00473989	0.00242369	0.0536687
0.537804	0.0128668	0.270192	0.00400019	0.00052511	0.0522368
0.53781	0.0128695	0.270246	0.00496284	0.000874697	0.0531134
0.537814	0.0128772	0.270296	0.00532071	0.00310815	0.0541112
0.537821	0.0128772	0.270349	0.00586155	0.00204324	0.0541804
0.537825	0.0128784	0.2704	0.0055374	0.00138084	0.0533905
0.537829	0.0128803	0.27045	0.00571045	0.00186432	0.053288
0.537835	0.0128815	0.270502	0.00587967	0.00174447	0.0535432
0.537842	0.0128831	0.270555	0.00651539	0.00175169	0.0537181
0.537845	0.0128838	0.2706	0.0041422	0.000973281	0.0501929
0.537852	0.0128816	0.270655	0.00542317	0.000198368	0.0522089
0.537857	0.0128884	0.270707	0.00550089	0.00215209	0.0540944
0.537861	0.0128844	0.270758	0.00532039	0.000399565	0.0533555
0.537867	0.0128886	0.27081	0.00588797	0.00180204	0.0542612
0.537871	0.0128925	0.270862	0.00562423	0.00216626	0.0536042
0.537879	0.012893	0.270917	0.00649481	0.00146614	0.0527772
0.537883	0.0128928	0.270966	0.00571657	0.000917212	0.052095
0.537888	0.0128886	0.271017	0.00428248	-0.000529948	0.0501945
0.537893	0.0128926	0.271068	0.00474888	-0.00223793	0.0508671
0.537897	0.0128998	0.271119	0.00511641	0.000707419	0.0514503
0.5379	0.0128964	0.271165	0.0044922	0.00254097	0.0496047
0.537909	0.0128996	0.271222	0.00613312	0.00293182	0.0535414
0.537912	0.0128975	0.271274	0.0055658	0.00101199	0.053651
0.537919	0.0128994	0.271326	0.00530715	0.001162	0.051174
0.53792	0.0129024	0.27137	0.0038693	0.00213776	0.0479464
0.537925	0.0129004	0.271421	0.00473105	0.000949514	0.0490744
0.537931	0.0129033	0.271474	0.00550341	0.00170124	0.0517646
0.537935	0.0129045	0.271523	0.0054614	0.00159347	0.0504124
0.537939	0.0129073	0.271574	0.00520862	0.00202958	0.0506256
0.537946	0.0129054	0.271627	0.00486892	0.00032783	0.0520981
0.537949	0.0129075	0.27168	0.00389267	0.00115	0.0527762
0.537956	0.0129133	0.271736	0.00397152	0.00271989	0.0526976
0.537959	0.012914	0.271783	0.00277199	0.00165177	0.0503563
0.537964	0.0129117	0.271836	0.0027536	0.000499771	0.0500429
0.537969	0.0129157	0.271884	0.00438788	0.00177982	0.0504178
0.537973	0.0129158	0.271936	0.0045655	0.00165446	0.0517346
0.537978	0.0129194	0.271987	0.00395149	0.0019714	0.049518
0.537983	0.012918	0.272038	0.00452358	0.00079109	0.0508682
0.537988	0.0129137	0.272089	0.0049471	-0.000493093	0.0517333
0.537992	0.0129176	0.272136	0.00503348	0.00111746	0.0511211
0.537996	0.0129187	0.272183	0.00477284	0.00114822	0.0495547
0.538003	0.0129186	0.272235	0.00574683	0.000787561	0.0511078
0.538008	0.0129229	0.272283	0.00535931	0.00190461	0.0482354
0.538011	0.0129223	0.272333	0.00506372	0.000695619	0.0482934
0.538018	0.0129244	0.272383	0.00562458	0.00145451	0.0497756
0.538022	0.0129269	0.27243	0.00553366	0.00191995	0.0499087
0.538026	0.0129269	0.27248	0.00491272	0.00168307	0.0491767
0.538034	0.012928	0.272531	0.00595402	0.00159667	0.0486521
0.538039	0.0129316	0.272584	0.00558674	0.0015091	0.0495686
0.538043	0.0129294	0.272631	0.00506514	0.000389877	0.0477586
0.538049	0.0129305	0.272679	0.00609023	0.000688289	0.0481084
0.538054	0.0129321	0.272727	0.00577215	0.00136878	0.0474742
0.538059	0.0129301	0.272776	0.00570833	0.000347952	0.0477018
0.538067	0.0129343	0.272824	0.00598203	0.00163791	0.0458678
0.538073	0.0129354	0.27288	0.00642776	0.00112669	0.0498683
0.538077	0.0129399	0.272922	0.00535994	0.00205928	0.0452958
0.538083	0.0129384	0.272971	0.00530727	0.000785196	0.045488
0.538088	0.0129369	0.273015	0.0050723	0.000402922	0.044498
0.538092	0.0129397	0.273067	0.00500568	0.00170527	0.0465439
0.538097	0.012942	0.273116	0.0051233	0.00207818	0.0474932
0.538103	0.0129387	0.273164	0.0053888	0.00034755	0.0489132
0.53811	0.0129446	0.273215	0.00593726	0.0022201	0.0495065
0.538113	0.0129398	0.273264	0.00512415	-0.000105435	0.0503787
0.53812	0.0129435	0.273315	0.0054969	0.000395076	0.0504022
0.538126	0.0129494	0.273367	0.00595223	0.00275498	0.0514057
0.538129	0.0129455	0.273416	0.0049886	0.000694459	0.0489599
0.538138	0.0129469	0.273469	0.00562042	0.0009243	0.0486059
0.538141	0.0129526	0.273518	0.00502882	0.00252577	0.0490896
0.538147	0.0129525	0.27357	0.00547688	0.00170404	0.0522418
0.538153	0.0129523	0.273621	0.00549548	0.00109058	0.0518401
0.538155	0.0129534	0.273667	0.00470748	0.00114165	0.0519359
0.538161	0.0129533	0.27372	0.00521185	0.000698498	0.0505814
0.538168	0.0129562	0.273773	0.00573587	0.00145807	0.0516608
0.538174	0.0129577	0.273825	0.00592404	0.00145326	0.0518544
0.538178	0.0129589	0.273873	0.00541455	0.00136121	0.0500926
0.538184	0.0129573	0.273925	0.00556549	0.000386097	0.0514101
0.538187	0.0129599	0.273968	0.00511585	0.00115552	0.0499203
0.538194	0.0129599	0.27402	0.00550712	0.000762219	0.0495427
0.538199	0.0129656	0.274073	0.00517543	0.00238989	0.0498233
0.538206	0.0129671	0.274127	0.00603497	0.00210703	0.0517533
0.538211	0.0129669	0.274174	0.0057975	0.00132783	0.0504922
0.538218	0.0129671	0.274225	0.0060196	0.00136988	0.0514436
0.538224	0.0129666	0.274277	0.00578187	0.00423295	0.0504486
0.538228	0.0129662	0.274326	0.00545845	0.00306017	0.0515922
0.538233	0.0129675	0.27437	0.00528249	-0.000682841	0.0489056
0.53824	0.0129702	0.274421	0.00588485	0.000335972	0.0490049
0.538246	0.0129702	0.274473	0.00603045	9.43476e-05	0.0496698
0.538251	0.0129755	0.274519	0.00534216	0.00137635	0.0482325
0.538258	0.0129702	0.27457	0.00577807	-0.000606009	0.0499138
0.538265	0.0129703	0.274622	0.00603096	2.12271e-05	0.0503086
0.538268	0.0129724	0.274664	0.00518883	0.000838345	0.0477102
0.538275	0.0129803	0.274715	0.00588142	0.00247071	0.0490536
0.53829	0.0129821	0.274854	0.00632658	0.00224743	0.0489725
0.538296	0.0129785	0.274901	0.00627495	0.000406451	0.0477502
0.538301	0.0129797	0.274951	0.00618777	0.000745936	0.0500261
0.538309	0.0129798	0.275005	0.00693632	0.000586215	0.0530223
0.538313	0.0129844	0.275054	0.0058209	0.00229133	0.0520378
0.538319	0.0129819	0.275101	0.00586563	0.000442937	0.0499249
0.538326	0.0129864	0.275151	0.00602373	0.00169807	0.050371
0.538329	0.0129836	0.2752	0.00528406	0.000583002	0.0501789
0.538335	0.0129859	0.275248	0.00552667	0.00128437	0.0500939
0.538338	0.0129859	0.275295	0.00470236	0.0012618	0.0485015
0.538346	0.012988	0.275346	0.00570122	0.00134195	0.0504613
0.538349	0.0129883	0.275392	0.00509429	0.00126271	0.0484525
0.538355	0.0129878	0.275442	0.00527347	0.000790076	0.0498319
0.538359	0.0129917	0.275491	0.00504305	0.00190238	0.0502448
0.538362	0.0129898	0.275535	0.00402151	0.000623598	0.0472856
0.538368	0.0129942	0.275586	0.00505032	0.00191143	0.0495592
0.538374	0.012994	0.275635	0.0050926	0.00119037	0.0492309
0.53838	0.012997	0.275684	0.0054809	0.00219949	0.0500603
0.538383	0.0129961	0.275733	0.00597779	0.00100863	0.051717
0.538389	0.0129964	0.275782	0.00575107	0.00107115	0.049922
0.538392	0.0130016	0.275828	0.00531761	0.00257544	0.0498425
0.538397	0.0129999	0.275877	0.00537915	0.00120522	0.0502705
0.538403	0.0130009	0.275929	0.00574891	0.000764179	0.0509257
0.538409	0.0130028	0.275981	0.00580706	0.00142175	0.052045
0.538412	0.013004	0.276029	0.00481502	0.00181585	0.0501855
0.538416	0.0130046	0.276075	0.00452197	0.00156311	0.0479942
0.538423	0.0130086	0.276127	0.00535717	0.00200644	0.0489031
0.538428	0.0130113	0.276177	0.00521424	0.00173364	0.0482142
0.538434	0.0130102	0.276227	0.00546635	0.000582202	0.0481428
0.538438	0.0130101	0.276277	0.0047788	0.000315077	0.0482701
0.538442	0.0130149	0.276322	0.00458091	0.00251548	0.0462524
0.538448	0.0130151	0.276373	0.0048204	0.00159855	0.0473215
0.538454	0.0130137	0.276423	0.00503068	0.000485967	0.0457321
0.53846	0.0130151	0.276469	0.00506045	0.00114623	0.0444812
0.538466	0.0130157	0.27652	0.00444119	0.000691432	0.0454257
0.53847	0.0130213	0.276566	0.00414014	0.0018355	0.0455921
0.538476	0.013023	0.276613	0.00460227	0.00162323	0.0455902
0.538482	0.0130245	0.276663	0.00477431	0.00149364	0.0466493
0.538489	0.0130289	0.276712	0.00559515	0.00245684	0.0474765
0.538494	0.0130241	0.276759	0.00538323	2.7906e-05	0.0470531
0.5385	0.0130258	0.276812	0.00530419	0.000936562	0.0482164
0.538505	0.0130266	0.276857	0.00521973	0.00103313	0.0482709
0.538513	0.0130279	0.276908	0.00605522	0.00116109	0.0491592
0.538516	0.0130274	0.276952	0.00478039	0.000624515	0.0485261
0.538523	0.0130299	0.277004	0.00574032	0.00092262	0.0513028
0.53853	0.0130302	0.277052	0.00575663	0.000572482	0.0498149
0.538536	0.0130304	0.2771	0.00644515	0.000852661	0.0500193
0.538539	0.0130312	0.277143	0.0052658	0.000892566	0.047277
0.538545	0.0130322	0.277194	0.00529398	0.000972134	0.0485976
0.53855	0.0130352	0.27724	0.00513268	0.00203039	0.0475208
0.538556	0.0130346	0.277289	0.00542923	0.00127861	0.048021
0.53856	0.013034	0.277333	0.00487514	0.000703813	0.0466888
0.538567	0.0130354	0.277382	0.00524973	0.000952138	0.0479861
0.538572	0.0130351	0.277428	0.00509514	0.000510687	0.0470172
0.538579	0.0130364	0.277475	0.00547781	0.000753243	0.0465717
0.538584	0.0130402	0.277525	0.0061719	0.00146834	0.0483938
0.538586	0.0130404	0.277567	0.00457297	0.00124555	0.0445388
0.538593	0.0130441	0.277615	0.00529854	0.00175055	0.0453246
0.538596	0.0130387	0.277663	0.00462764	1.42071e-05	0.0454076
0.538601	0.0130362	0.277711	0.00598488	0.00292176	0.0490058
0.538605	0.0130375	0.277757	0.00525834	0.00308347	0.0473265
0.538611	0.0130398	0.277807	0.00570127	0.00322743	0.0493634
0.538618	0.0130382	0.277852	0.0060506	0.00224333	0.0490239
0.538621	0.0130404	0.277898	0.00517983	0.00249703	0.0492797
0.538626	0.0130354	0.277949	0.00508882	0.000185313	0.0509875
0.538631	0.0130388	0.277999	0.0052306	0.00213322	0.0519338
0.538635	0.0130346	0.278044	0.004794	-0.00137309	0.0497101
0.538641	0.0130401	0.278093	0.00529077	-0.000774008	0.050494
0.538646	0.0130416	0.278141	0.00554108	-0.00154387	0.0500304
0.538651	0.0130382	0.27819	0.00476243	-0.00197092	0.0494719
0.538655	0.0130372	0.278236	0.00465413	-0.00168305	0.0477127
0.538658	0.0130404	0.278283	0.00430523	0.000564275	0.0471173
0.538664	0.0130336	0.27833	0.00483575	-0.00302385	0.0465635
0.538668	0.0130359	0.278376	0.00436177	-0.000905867	0.0456557
0.538674	0.0130354	0.278426	0.00498205	-0.00203159	0.0477541
0.538679	0.0130363	0.278473	0.00499226	-0.00243365	0.0480986
0.538683	0.0130343	0.278522	0.00479026	-0.00205295	0.0495389
0.538687	0.0130311	0.278573	0.00460659	-0.00174524	0.0495042
0.538693	0.0130302	0.278619	0.00493094	-0.00267701	0.04767
0.538698	0.0130299	0.278671	0.0052019	-0.00114581	0.0486879
0.538701	0.0130318	0.278715	0.00452732	0.000388198	0.0489506
0.538707	0.0130282	0.278764	0.00491947	-0.000510176	0.0482101
0.538712	0.0130264	0.278813	0.0048577	-6.87384e-05	0.0482291
0.538717	0.0130269	0.278859	0.00472077	-0.00101201	0.0461126
0.538721	0.013025	0.278904	0.00463806	-0.00052465	0.0456499
0.538728	0.0130215	0.278956	0.0051104	-0.000579544	0.047675
0.538733	0.0130204	0.279001	0.00503584	-0.000131483	0.0464365
0.538737	0.0130158	0.279047	0.00474074	-0.00204669	0.0465975
0.538742	0.0130177	0.279093	0.00451593	-0.00142816	0.0452079
0.538748	0.0130124	0.27914	0.00486037	-0.00357372	0.0442749
0.538751	0.0130143	0.279183	0.00456022	-0.00267105	0.0429948
0.538758	0.0130125	0.279232	0.00489932	-0.00129946	0.0445691
0.538762	0.0130081	0.279276	0.00465705	-0.00301681	0.0454465
0.538765	0.0130058	0.279321	0.0041739	-0.00371344	0.0441015
0.538771	0.0130004	0.279366	0.00440652	-0.00355559	0.042879
0.538777	0.0130009	0.279418	0.00492625	-0.00176787	0.0456024
0.538781	0.0129974	0.279465	0.00448559	-0.00328701	0.0445758
0.538786	0.0129937	0.279507	0.00468696	-0.0026557	0.0438343
0.538789	0.0129913	0.279554	0.00445557	-0.00333149	0.0454825
0.538796	0.0129906	0.279599	0.00485703	-0.00336724	0.0464961
0.538801	0.0129901	0.279647	0.00486919	-0.00123917	0.047465
0.538804	0.012987	0.279692	0.00527218	-0.00120188	0.0480837
0.538811	0.012982	0.279741	0.00582515	-0.00157145	0.0492885
0.538815	0.0129827	0.279782	0.00522973	0.000109082	0.0462077
0.538819	0.0129826	0.279828	0.00469915	-0.00145089	0.0446086
0.538823	0.0129737	0.279868	0.00442822	-0.00290104	0.0424095
0.538829	0.0129743	0.279914	0.00477356	-0.000712248	0.0442098
0.538834	0.0129696	0.27996	0.00465221	-0.00192682	0.0436095
0.538837	0.0129644	0.280001	0.00416091	-0.00223387	0.0418056
0.538841	0.0129667	0.280044	0.00409956	0.000178198	0.0422798
0.538844	0.0129627	0.280088	0.00404597	-0.000149166	0.0443495
0.538848	0.0129592	0.280131	0.00399403	0.000113513	0.0427995
0.538853	0.0129591	0.280178	0.00390627	0.000854253	0.0443109
0.538858	0.0129587	0.280221	0.00477425	0.000182561	0.0457502
0.53886	0.0129585	0.280265	0.00377187	-0.000972105	0.0453009
0.538866	0.0129511	0.280313	0.00469685	-0.00366054	0.0459385
0.53887	0.012951	0.280358	0.00336761	-0.00195148	0.0449961
0.538874	0.012946	0.280405	0.00374855	-0.00391221	0.0458342
0.538877	0.012945	0.280447	0.00334478	-0.00383698	0.044764
0.538881	0.0129412	0.280494	0.00372835	-0.00479072	0.045712
0.538886	0.0129387	0.280535	0.00397608	-0.00332254	0.0431487
0.538888	0.0129347	0.280576	0.00331386	-0.0027819	0.0412582
0.538894	0.0129354	0.280624	0.0039139	-0.000740406	0.0422931
0.538897	0.012934	0.280665	0.00373983	-0.00206292	0.0422282
0.538903	0.0129336	0.280712	0.00430172	-0.00247494	0.0436949
0.538906	0.0129298	0.280755	0.00404887	-0.00384681	0.0444221
0.53891	0.0129285	0.280797	0.00407414	-0.00435455	0.0428389
0.538914	0.0129279	0.280839	0.00418925	-0.00419737	0.0432382
0.538917	0.012921	0.28088	0.00381133	-0.00445648	0.0431705
0.538922	0.0129187	0.280926	0.00401069	-0.00298521	0.0434305
0.538927	0.0129148	0.280972	0.00449977	-0.00408144	0.0444304
0.538931	0.0129184	0.281015	0.0043814	-0.00241738	0.0443409
0.538936	0.0129127	0.281059	0.00342074	-0.00326231	0.041843
0.538937	0.0129163	0.281101	0.00267862	-0.000239345	0.0423225
0.538942	0.0129112	0.281146	0.00355845	-0.000961548	0.0438649
0.538946	0.0129083	0.281186	0.00354419	-0.00101984	0.0418556
0.538952	0.0129068	0.281232	0.00400876	-0.00166334	0.0422147
0.538956	0.0129053	0.281276	0.00386979	-0.00103206	0.0415501
0.53896	0.0129058	0.28132	0.00393266	-4.65719e-05	0.0415897
0.538963	0.012898	0.281358	0.00354741	-0.00310943	0.039782
0.538968	0.0128995	0.281403	0.00380574	-0.00267307	0.0418496
0.538972	0.0128962	0.281446	0.0039218	-0.00346609	0.0420678
0.538977	0.0128891	0.28149	0.00475444	-0.00379636	0.0438802
0.538979	0.0128936	0.281524	0.00357591	-0.000142853	0.0404533
0.538983	0.0128879	0.281568	0.00381015	-0.00143181	0.0413516
0.538989	0.0128905	0.281614	0.00453558	0.000760789	0.042657
0.538992	0.0128851	0.281655	0.00403083	-0.00201623	0.0414224
0.538997	0.0128793	0.281695	0.00396182	-0.00448163	0.0408721
0.539001	0.0128817	0.281735	0.00413279	-0.00149006	0.040334
0.539005	0.0128823	0.281776	0.00383545	-0.0016331	0.0408439
0.539009	0.0128794	0.281815	0.0041785	-0.00332913	0.0404309
0.539011	0.0128803	0.281855	0.00374369	0.00212363	0.0418017
0.539014	0.0128733	0.281895	0.00358422	0.000207516	0.0414655
0.539018	0.0128731	0.281934	0.003558	0.000422034	0.0404026
0.539024	0.0128745	0.281978	0.00430609	-4.30778e-05	0.0412682
0.539027	0.0128703	0.282017	0.00371544	-0.000917675	0.0392644
0.53903	0.0128663	0.282055	0.00325589	-0.00149255	0.036914
0.539035	0.0128659	0.282097	0.0039246	-0.000248729	0.0376662
0.539038	0.0128628	0.282133	0.00355658	-0.00266326	0.0371623
0.539044	0.0128642	0.282176	0.00422308	-0.00060725	0.0389983
0.539048	0.0128631	0.282216	0.00408548	-0.000237756	0.0395437
0.539049	0.0128612	0.282251	0.00324368	0.000470601	0.0381394
0.539056	0.0128583	0.282293	0.00433239	-0.00159717	0.0392034
0.539058	0.012851	0.282331	0.00314767	-0.00305634	0.0375378
0.539063	0.0128536	0.282371	0.00378268	-0.000395866	0.0366822
0.539065	0.0128537	0.282408	0.00344497	0.000405187	0.0375256
0.539069	0.0128515	0.282446	0.00346116	0.000465539	0.0375038
0.539072	0.0128501	0.282482	0.00346604	0.000520192	0.037143
0.539077	0.0128497	0.282522	0.00375136	-0.000585129	0.0381288
0.53908	0.0128513	0.28256	0.00344407	0.000706621	0.0382273
0.539083	0.0128444	0.282602	0.00360447	-0.00134298	0.0396663
0.539086	0.0128423	0.282642	0.0034089	-0.000713347	0.0397136
0.539088	0.012845	0.282673	0.00297994	0.000674056	0.0370927
0.539093	0.0128437	0.282717	0.00357615	0.00123183	0.0392602
0.539097	0.0128392	0.282755	0.00340179	2.80937e-05	0.0372048
0.539099	0.0128395	0.28279	0.00308914	0.000733939	0.036596
0.539099	0.0128426	0.282825	0.00194772	0.00211032	0.035918
0.539106	0.0128362	0.282873	0.00366015	-0.0001585	0.0397406
0.53911	0.0128327	0.282911	0.00348204	-0.00208522	0.0375179
0.539112	0.0128329	0.282946	0.00349058	-0.00246701	0.03705
0.539114	0.0128287	0.282983	0.0027509	-0.00268467	0.0358156
0.539115	0.0128279	0.283016	0.00222027	-0.00297449	0.0335882
0.539123	0.0128269	0.283058	0.00391356	-0.00189403	0.0363566
0.539125	0.0128228	0.283094	0.00356642	-0.00386565	0.0373527
0.539128	0.0128261	0.283134	0.00320659	-0.00162447	0.0368852
0.539132	0.0128274	0.28317	0.00362377	-1.2849e-05	0.0372353
0.539136	0.0128274	0.283209	0.00368799	0.000123499	0.038353
0.53914	0.0128253	0.283243	0.00377441	-0.000250291	0.0379288
0.53914	0.0128228	0.283277	0.0028622	-0.00222906	0.037823
0.539147	0.0128225	0.283318	0.00415193	-0.000837439	0.0394731
0.539148	0.0128181	0.283351	0.00359797	-0.00145491	0.038856
0.53915	0.0128184	0.283384	0.00330643	-0.000320199	0.0387609
0.539154	0.0128224	0.283422	0.00353767	0.00198702	0.0381197
0.539159	0.0128181	0.28346	0.00375443	0.000541138	0.0376494
0.539162	0.0128141	0.283498	0.00375365	-0.00211759	0.037462
0.539165	0.0128146	0.283532	0.0034877	-0.00252996	0.0357406
0.53917	0.0128099	0.283566	0.00363928	-0.00219936	0.0349254
0.539171	0.0128136	0.283597	0.0027311	-0.00342989	0.0320575
0.539174	0.0128087	0.283634	0.00313857	-0.00341372	0.0354885
0.539178	0.0128063	0.283669	0.0033604	-0.0023447	0.0346928
0.539182	0.0128052	0.283704	0.0033269	-0.00274182	0.0347245
0.539183	0.0128035	0.283737	0.00285427	-0.00191113	0.0357258
0.53919	0.0128081	0.283774	0.00405082	0.000259498	0.0358778
0.53919	0.0128	0.283806	0.00176845	-0.00234706	0.0335531
0.539195	0.012801	0.28384	0.00270728	-0.000424182	0.0341005
0.539199	0.0127971	0.283873	0.00284609	-0.000671204	0.0319731
0.5392	0.0127925	0.283905	0.00248165	-0.00128864	0.0336839
0.539203	0.0127973	0.283938	0.00256211	0.00132138	0.0334064
0.539206	0.0127925	0.283973	0.00273825	0.000590222	0.0338338
0.53921	0.0127905	0.284008	0.00310696	0.000125327	0.0339832
0.539212	0.0127909	0.284037	0.0026306	0.000754456	0.0323168
0.539215	0.01279	0.28407	0.00269967	-0.00100656	0.0314107
0.539218	0.0127866	0.284102	0.00273272	-0.000598113	0.0313536
0.539219	0.0127817	0.284132	0.00216169	-0.00132233	0.0311058
0.539223	0.0127821	0.28417	0.00258534	-0.00018836	0.0336228
0.539227	0.0127826	0.284201	0.00323017	0.000560581	0.0326755
0.539231	0.0127801	0.284235	0.00348646	9.75542e-05	0.03364
0.53923	0.0127787	0.28426	0.00206466	0.000172988	0.0319612
0.539231	0.012776	0.284289	0.0019886	-0.000203979	0.0314983
0.539236	0.0127751	0.284323	0.00295074	0.000123258	0.0327645
0.539239	0.0127741	0.284356	0.00197555	0.000241792	0.0320997
0.53924	0.012776	0.284386	0.00197254	0.00139018	0.033358
0.539244	0.0127709	0.284421	0.00267251	0.000195723	0.0346149
0.539244	0.0127693	0.284449	0.00186512	0.000271756	0.0312389
0.53925	0.0127711	0.284481	0.00317416	-0.000275437	0.0323669
0.539252	0.0127671	0.284512	0.00260201	-0.00110319	0.0305169
0.539255	0.0127619	0.284544	0.00270818	-0.00161254	0.0311692
0.539259	0.0127651	0.284577	0.00296981	0.000578068	0.0308619
0.539261	0.0127612	0.284608	0.0029111	5.19229e-05	0.0313028
0.539263	0.0127597	0.284638	0.00286377	-0.0015179	0.0311967
0.539267	0.0127544	0.284671	0.00261749	-0.00198209	0.0313699
0.539268	0.0127562	0.2847	0.00258975	0.000258335	0.030824
0.539271	0.0127531	0.28473	0.00228789	-0.00190955	0.0295141
0.539275	0.0127478	0.284763	0.00283247	-0.00393734	0.030779
0.539278	0.0127493	0.284794	0.00274975	-0.00173286	0.0297724
0.539281	0.0127455	0.284826	0.00281848	-0.00163699	0.0310871
0.539283	0.0127439	0.284857	0.00280955	-0.0027476	0.0304275
0.539285	0.012743	0.284883	0.00250264	-0.00480908	0.0297761
0.539288	0.0127403	0.284914	0.00250038	-0.00348511	0.0294363
0.539291	0.0127361	0.284943	0.00312688	-0.00292209	0.0304566
0.539294	0.0127333	0.284974	0.00300416	-0.00201706	0.0299724
0.539296	0.0127316	0.284999	0.00285302	-0.00135102	0.0291967
0.539299	0.0127295	0.28503	0.00261384	-0.00032397	0.0308479
0.539301	0.0127264	0.28506	0.00268588	-8.93445e-05	0.0318845
0.539304	0.0127235	0.285088	0.00298102	-0.00162849	0.0303776
0.539308	0.0127219	0.285117	0.00310848	-0.00107931	0.0293636
0.539311	0.0127168	0.285148	0.00262786	-0.00291343	0.0291488
0.539312	0.0127162	0.285173	0.00213187	-0.00155133	0.027053
0.539314	0.0127137	0.285202	0.00232195	-0.00103083	0.0275514
0.539317	0.0127109	0.285229	0.00246872	-0.00230529	0.0279918
0.53932	0.0127097	0.285259	0.00277815	-0.00104857	0.0290283
0.53932	0.0127067	0.285285	0.00211327	-0.00242505	0.0286669
0.539324	0.0127039	0.285313	0.00255565	-0.00337231	0.0283938
0.539326	0.012698	0.285339	0.00248382	-0.00512519	0.027001
0.539328	0.0126996	0.285368	0.00220001	-0.00213916	0.0270841
0.539332	0.0126938	0.285395	0.00256983	-0.00423538	0.0268915
0.539334	0.0126937	0.285426	0.00250978	-0.00248476	0.0277243
0.539337	0.0126882	0.285455	0.00258241	-0.00274174	0.027541
0.53934	0.0126825	0.285482	0.00284083	-0.004542	0.0271067
0.539342	0.01268	0.285509	0.00224009	-0.00268743	0.0253502
0.539344	0.0126767	0.285532	0.00207202	-0.0018572	0.0241294
0.539347	0.0126753	0.285563	0.00265528	-0.00236563	0.026679
0.539349	0.0126727	0.285589	0.00209864	-0.00121637	0.0245663
0.539351	0.0126663	0.285614	0.00186884	-0.00352733	0.0242607
0.539355	0.0126634	0.285644	0.0025489	-0.00413168	0.0243527
0.539356	0.0126604	0.285667	0.00201798	-0.00297408	0.0234251
0.539356	0.0126607	0.285692	0.00154947	-0.00229731	0.0240312
0.53936	0.0126542	0.285723	0.00228103	-0.00314187	0.0265801
0.539363	0.0126501	0.285748	0.00238952	-0.00269958	0.024223
0.539364	0.012652	0.28577	0.00190426	-0.0015341	0.0256388
0.539366	0.0126401	0.285797	0.00206855	-0.00532067	0.0257519
0.539369	0.0126442	0.285824	0.00244521	-0.00289166	0.0262756
0.539371	0.0126373	0.28585	0.00244547	-0.00264989	0.0263445
0.539373	0.0126306	0.285876	0.00240702	-0.00458931	0.0263784
0.539377	0.0126203	0.285901	0.00273079	-0.00694687	0.0258222
0.539378	0.0126218	0.285929	0.00207643	-0.00456555	0.0267234
0.53938	0.0126183	0.285951	0.00247552	-0.00500336	0.0265328
0.539381	0.0126097	0.285972	0.00198342	-0.00640123	0.0239726
0.539384	0.0126109	0.286	0.00220256	-0.00425682	0.0260962
0.539388	0.0126048	0.286028	0.00296218	-0.00523964	0.0273534
0.53939	0.0126001	0.286051	0.00259091	-0.00559154	0.0244453
0.539391	0.0125953	0.286074	0.00193379	-0.0057747	0.0246982
0.539394	0.0125858	0.286098	0.0025861	-0.00618611	0.024864
0.539396	0.0125834	0.286122	0.00206659	-0.00339448	0.0236527
0.539397	0.0125784	0.286147	0.00171372	-0.0041675	0.0227807
0.539401	0.0125753	0.286174	0.00261046	-0.00412399	0.0244867
0.539403	0.0125702	0.286194	0.00240346	-0.00350111	0.0244477
0.539404	0.0125643	0.286216	0.00184987	-0.0046927	0.0247586
0.539407	0.0125586	0.286238	0.00256868	-0.00501595	0.0248201
0.539409	0.012551	0.286265	0.00237793	-0.00745582	0.0264309
0.539412	0.0125459	0.28629	0.00266494	-0.00707683	0.026232
0.539413	0.0125454	0.286311	0.00215443	-0.00536647	0.0253468
0.539417	0.0125397	0.28634	0.00256543	-0.00567677	0.0254181
0.539419	0.0125334	0.286361	0.00227952	-0.00592166	0.022963
0.539421	0.0125234	0.286387	0.00219734	-0.00806327	0.0227315
0.539422	0.0125238	0.286412	0.00185214	-0.00722557	0.022099
0.539425	0.0125161	0.286432	0.00221988	-0.00756272	0.0221033
0.539425	0.0125093	0.286455	0.00140186	-0.00783861	0.0197097
0.539429	0.0125019	0.286479	0.0020377	-0.00955028	0.0214629
0.539431	0.0124968	0.286502	0.00223082	-0.0103841	0.0233575
0.539432	0.0124926	0.286528	0.00201616	-0.0083132	0.0246642
0.539436	0.0124875	0.286549	0.00251705	-0.00566299	0.0230835
0.539438	0.0124822	0.286571	0.00229184	-0.007615	0.0218161
0.539438	0.012473	0.286596	0.00182329	-0.0083453	0.0237514
0.539442	0.0124713	0.286617	0.00251602	-0.00624459	0.0241366
0.539444	0.0124631	0.28664	0.00237885	-0.00566964	0.0235379
0.539445	0.012454	0.286661	0.0018714	-0.00683439	0.022211
0.539448	0.0124492	0.286683	0.00213698	-0.00441235	0.0215231
0.539448	0.0124442	0.286703	0.00147129	-0.00441106	0.0208399
0.539452	0.0124337	0.286726	0.00220123	-0.00590058	0.0213549
0.539455	0.0124295	0.286747	0.00227952	-0.0054207	0.0226308
0.539456	0.0124251	0.286768	0.00209961	-0.00466348	0.0219013
0.539458	0.0124192	0.286788	0.00199696	-0.00564675	0.0208966
0.539461	0.0124108	0.286811	0.0022594	-0.0063083	0.0214413
0.539462	0.0124067	0.28683	0.00167435	-0.00579903	0.0218293
0.539464	0.0124009	0.286846	0.00181855	-0.00558975	0.0186413
0.539467	0.0123955	0.286873	0.00220516	-0.00578633	0.0208378
0.539467	0.0123895	0.286891	0.00156924	-0.00384127	0.0180417
0.539468	0.0123793	0.286909	0.00132808	-0.00606348	0.018097
0.539471	0.0123721	0.286932	0.00189947	-0.00602338	0.0193844
0.539473	0.0123638	0.286951	0.00163844	-0.00662406	0.0172747
0.539475	0.012362	0.286971	0.00146642	-0.00451599	0.0162018
0.539476	0.0123547	0.286988	0.00132204	-0.00563264	0.0168028
0.539478	0.0123455	0.287008	0.00139664	-0.0085878	0.0159546
0.539479	0.0123432	0.287027	0.00146437	-0.00699422	0.0169234
0.539479	0.0123339	0.287043	0.000984858	-0.0079342	0.0165173
0.539484	0.0123266	0.287064	0.00204382	-0.00916492	0.0169044
0.539483	0.0123211	0.287083	0.000961415	-0.0063179	0.0158769
0.539485	0.0123172	0.287101	0.00145833	-0.00583156	0.0167381
0.539488	0.0123053	0.287118	0.00184512	-0.00920735	0.0170072
0.539488	0.0123	0.287138	0.00137675	-0.00962683	0.0185194
0.53949	0.0122949	0.287157	0.00164848	-0.00832537	0.0170466
0.539493	0.012287	0.287176	0.00201768	-0.00833224	0.0184416
0.539492	0.0122817	0.287186	0.00102544	-0.0074511	0.0144184
0.539495	0.0122768	0.287208	0.00156035	-0.00666549	0.0160961
0.539496	0.0122682	0.287222	0.00117837	-0.00948953	0.0140409
0.539497	0.0122621	0.287241	0.00116071	-0.00867019	0.0162038
0.539498	0.0122602	0.287258	0.00133828	-0.00488486	0.0157169
0.539498	0.012249	0.287268	0.00106093	-0.00521961	0.0149502
0.5395	0.0122451	0.287286	0.00123207	-0.00327696	0.0152019
0.539502	0.0122348	0.287305	0.0012623	-0.0033725	0.0157175
0.539504	0.0122326	0.287321	0.00147736	-0.00260561	0.0148493
0.539504	0.0122243	0.287335	0.000820774	-0.00418483	0.0137332
0.539507	0.0122174	0.287351	0.00143653	-0.0052638	0.0118874
0.539507	0.0122084	0.287366	0.00120179	-0.00602857	0.0135188
0.539508	0.0122073	0.287382	0.00137319	-0.00453127	0.0156429
0.53951	0.0121995	0.287396	0.00177925	-0.0072593	0.0161383
0.53951	0.0121933	0.287413	0.00122155	-0.00833061	0.0173768
0.539511	0.012184	0.287424	0.000939688	-0.00946847	0.0150407
0.539513	0.0121767	0.287442	0.00186234	-0.00904451	0.0175386
0.539512	0.0121732	0.287456	0.00120895	-0.00731492	0.0177361
0.539514	0.0121708	0.28747	0.00144499	-0.00441867	0.0164635
0.539516	0.0121628	0.287488	0.0018523	-0.0042973	0.0170762
0.539517	0.0121567	0.287497	0.00147302	-0.00491568	0.0140307
0.539517	0.0121471	0.28751	0.000908025	-0.00634235	0.013743
0.539517	0.0121405	0.287524	0.00101074	-0.00626458	0.014125
0.53952	0.0121367	0.287539	0.00182259	-0.00576184	0.0158498
0.539519	0.0121318	0.287551	0.00128167	-0.00377836	0.0147679
0.539522	0.0121255	0.287569	0.00168376	-0.00451392	0.0157731
0.539523	0.0121158	0.287579	0.00137441	-0.00611618	0.0119863
0.539523	0.0121121	0.287592	0.0014217	-0.00512052	0.0140485
0.539523	0.0121051	0.287605	0.000999996	-0.0043338	0.0135071
0.539525	0.0121	0.287617	0.000902641	-0.00321308	0.0113588
0.539527	0.0120939	0.287632	0.00129888	-0.00569089	0.0122182
0.539527	0.0120901	0.287645	0.00130033	-0.00368472	0.0130172
0.539527	0.0120838	0.287657	0.000834704	-0.00447059	0.0114875
0.53953	0.0120744	0.28767	0.00128445	-0.00429995	0.0118779
0.539528	0.0120665	0.287682	0.000504922	-0.00484851	0.0107095
0.53953	0.0120636	0.28769	0.00102911	-0.00420192	0.0107022
0.539531	0.0120576	0.287703	0.000981713	-0.0043558	0.0102448
0.539533	0.0120488	0.287715	0.00146318	-0.00598389	0.00953694
0.539531	0.0120479	0.287722	0.000351323	-0.00466346	0.00928342
0.539533	0.0120385	0.287739	0.00134639	-0.00669062	0.0109875
0.539535	0.01203	0.287748	0.00176714	-0.006581	0.0106614
0.539536	0.0120228	0.287759	0.00129827	-0.00654135	0.0114053
0.539535	0.0120184	0.287766	0.000800387	-0.00609113	0.00977768
0.539535	0.0120063	0.287778	0.00059085	-0.00775252	0.00963187
0.539536	0.0120065	0.287783	0.000824897	-0.00539594	0.00772574
0.539536	0.011997	0.287795	0.000700271	-0.00675547	0.0102172
0.539538	0.0119931	0.287806	0.00119599	-0.00615464	0.0113399
0.53954	0.0119881	0.287816	0.00165433	-0.00627075	0.0103689
0.539538	0.0119802	0.287824	0.000503983	-0.00862523	0.00917745
0.53954	0.0119691	0.287829	0.00115542	-0.00960466	0.00736298
0.539542	0.0119611	0.287843	0.00157368	-0.00913246	0.0107149
0.539541	0.0119576	0.287847	0.000557831	-0.00696108	0.00790105
0.539543	0.0119533	0.287861	0.000868494	-0.00634537	0.0107525
0.539543	0.0119479	0.287867	0.00115189	-0.00985385	0.00911533
0.539544	0.0119404	0.287875	0.000947739	-0.00740825	0.00800623
0.539543	0.0119391	0.287884	0.000570611	-0.00405393	0.0082573
0.539543	0.0119307	0.287887	0.000487731	-0.00417974	0.00639867
0.539544	0.0119222	0.287897	0.00064377	-0.0065093	0.00709532
0.539543	0.0119158	0.287901	-0.00077493	-0.00665578	0.00485924
0.539543	0.0119077	0.287909	-0.000640425	-0.0054721	0.00558334
0.539544	0.011901	0.287917	6.61242e-05	-0.00740843	0.00629973
0.539543	0.0118927	0.287921	-0.000175906	-0.00944136	0.00506677
0.539543	0.0118874	0.287929	0.000203806	-0.00987558	0.0056726
0.539542	0.0118847	0.287933	-0.00113517	-0.00819451	0.00383415
0.539545	0.0118729	0.287946	-0.000565953	-0.00937756	0.00558251
0.539543	0.0118657	0.28795	-0.00213017	-0.0087837	0.00317541
0.539543	0.0118597	0.287961	-0.00139438	-0.0103933	0.00393292
0.539544	0.0118524	0.287965	-0.000588084	-0.0110824	0.00397837
0.539543	0.011847	0.287972	-0.000264963	-0.00772338	0.00509239
0.539544	0.0118401	0.287977	0.000355566	-0.00914465	0.00592914
0.539543	0.0118321	0.287983	-0.000940555	-0.00861159	0.00496667
0.539544	0.0118276	0.287991	-0.00131102	-0.0059781	0.00487329
0.539543	0.0118179	0.28799	-0.00139267	-0.00728278	0.00172531
0.539541	0.0118142	0.287997	-0.0011871	-0.00437972	0.00357396
0.539542	0.0118056	0.288006	-0.000367465	-0.00598912	0.00406522
0.539542	0.0118006	0.288007	-0.00106181	-0.00570659	0.00113343
0.539544	0.0117922	0.288012	-7.08112e-05	-0.00692283	0.00267674
0.539544	0.0117888	0.288019	-0.000308477	-0.00577896	0.00263675
0.539542	0.0117781	0.288018	-0.000820418	-0.00663181	0.00178686
0.539544	0.0117677	0.288027	0.000370992	-0.00754085	0.00484203
0.539543	0.0117665	0.288027	-0.00079161	-0.00534768	0.00285934
0.539542	0.0117581	0.288032	-0.000792912	-0.00800572	0.00237403
0.539543	0.0117524	0.288036	-0.000198434	-0.00598387	0.00331553
0.539541	0.0117461	0.288035	-0.00174846	-0.00581052	0.00122173
0.539541	0.0117375	0.28804	-0.00117308	-0.00658103	0.0015397
0.539539	0.0117275	0.288043	-0.00109649	-0.00763826	0.00134655
0.539539	0.0117251	0.288045	-0.000710842	-0.00580528	0.00213979
0.539538	0.0117151	0.288046	-0.00147951	-0.00548933	0.000490679
0.53954	0.011711	0.28805	-1.69387e-05	-0.00520868	0.00269022
0.539539	0.0117003	0.28805	-5.0165e-05	-0.00493029	0.00201346
0.539538	0.0116931	0.288052	-0.000107268	-0.00695926	0.00335711
0.539536	0.0116891	0.288054	-0.000350885	-0.00587192	0.00259136
0.539534	0.0116832	0.288054	-0.00151101	-0.00452892	0.000896596
0.539536	0.0116727	0.288057	-9.33852e-05	-0.00607326	0.00132304
0.539537	0.0116716	0.288059	0.000211022	-0.00416166	0.00124671
0.539531	0.0116597	0.288054	-0.00228168	-0.00660689	-0.00195595
0.539532	0.0116556	0.288057	-0.00122682	-0.00608507	-0.000485156
0.539531	0.0116475	0.288056	-0.000648744	-0.00674774	-0.00057547
0.539531	0.0116437	0.288055	-0.000441568	-0.00739874	-0.000388541
0.539531	0.0116353	0.288055	0.000256422	-0.00775542	0.00179999
0.539529	0.0116271	0.288053	-0.000265381	-0.00585428	0.000400957
0.539528	0.0116224	0.288053	-0.00015815	-0.00387978	0.000860715
0.539526	0.0116142	0.288052	-0.000451448	-0.00347309	0.000221592
0.539527	0.0116074	0.288052	-0.000576271	-0.00600334	-0.000607937
0.539524	0.0116045	0.288049	-0.00212894	-0.0052863	-0.00159301
0.539525	0.011598	0.288049	-0.00104233	-0.00400723	-0.000990685
0.539522	0.0115907	0.288045	-0.00246673	-0.00368089	-0.00272589
0.53952	0.0115852	0.28804	-0.0021439	-0.00616796	-0.00337764
0.539519	0.0115773	0.288041	-0.00114977	-0.00673856	-0.00153124
0.539517	0.0115788	0.288041	-0.000822978	-0.00473783	-0.0006572
0.539515	0.0115722	0.288037	-0.000568972	-0.00418756	-0.000491778
0.539512	0.0115612	0.288034	-0.00212952	-0.0065095	-0.00244559
0.53951	0.0115556	0.288034	-0.00142638	-0.00817328	-0.00122931
0.53951	0.0115517	0.288031	-0.000497702	-0.00554144	-0.00116187
0.539508	0.0115468	0.288032	-0.00128955	-0.00543058	-0.000633135
0.539504	0.0115394	0.288023	-0.00167028	-0.00469034	-0.00271196
0.539503	0.0115382	0.288023	-0.00166719	-0.004348	-0.00206926
0.539501	0.0115313	0.288021	-0.00125263	-0.00434136	-0.00156162
0.539496	0.0115263	0.288014	-0.00278064	-0.00335186	-0.00375267
0.539496	0.0115209	0.288012	-0.00208221	-0.00469992	-0.00324369
0.539492	0.0115155	0.288006	-0.00300961	-0.00578007	-0.00458484
0.539491	0.0115123	0.288003	-0.0027758	-0.0037911	-0.0043384
0.539489	0.0115071	0.288001	-0.00205568	-0.00451633	-0.00277407
0.539484	0.0115043	0.287991	-0.00330444	-0.00471444	-0.00504929
0.53948	0.0114992	0.287986	-0.00379577	-0.00536598	-0.00524904
0.539479	0.0114896	0.287985	-0.0032201	-0.00557239	-0.00433171
0.539474	0.0114856	0.28798	-0.00394205	-0.00537744	-0.00500268
0.539473	0.0114846	0.287979	-0.00338481	-0.0030355	-0.00426796
0.539469	0.011481	0.287974	-0.00396292	-0.00362361	-0.00492068
0.539465	0.0114749	0.287967	-0.00439775	-0.00390483	-0.00572069
0.539462	0.0114703	0.287962	-0.00403654	-0.00635867	-0.00560609
0.539459	0.0114679	0.287959	-0.00408402	-0.00431636	-0.00492741
0.539457	0.0114625	0.287951	-0.00280747	-0.00548069	-0.00523424
0.539452	0.0114591	0.287948	-0.00351803	-0.0036579	-0.0040939
0.539448	0.011458	0.287943	-0.00368347	-0.00354644	-0.0043341
0.539445	0.0114511	0.287935	-0.00278494	-0.00550205	-0.00468976
0.539441	0.0114489	0.28793	-0.00321312	-0.00539844	-0.00573982
0.539437	0.0114451	0.287925	-0.00345736	-0.00416564	-0.00596768
0.539433	0.0114387	0.287919	-0.0036375	-0.00371255	-0.00562151
0.539428	0.0114327	0.287914	-0.00402231	-0.00550298	-0.00532397
0.539424	0.0114315	0.287904	-0.00384059	-0.00752369	-0.00632331
0.539421	0.011429	0.2879	-0.0049249	-0.00520694	-0.00659447
0.539416	0.0114251	0.287894	-0.00575108	-0.00572927	-0.00650344
0.539412	0.0114213	0.287888	-0.00640147	-0.00444502	-0.00782766
0.539407	0.011422	0.28788	-0.00601626	-0.00361716	-0.00768108
0.5394	0.0114143	0.287873	-0.00612769	-0.00665259	-0.00876726
0.539397	0.0114189	0.287865	-0.00509564	-0.00416202	-0.00849502
0.539393	0.011408	0.287864	-0.00573995	-0.00587718	-0.00678701
0.539388	0.0114071	0.287852	-0.00545502	-0.00511582	-0.00784724
0.539384	0.0114034	0.287847	-0.00588917	-0.00565705	-0.00745609
0.539378	0.0114011	0.287841	-0.00605735	-0.00559721	-0.00670363
0.539372	0.0113949	0.287826	-0.00626589	-0.00592685	-0.0108425
0.539367	0.0113949	0.287822	-0.00651384	-0.0052522	-0.0107683
0.539364	0.0113927	0.287819	-0.00387926	-0.00557688	-0.00641644
0.539359	0.0113916	0.287812	-0.00405804	-0.00419996	-0.00619758
0.539352	0.0113871	0.287802	-0.00439224	-0.00377998	-0.00776711
0.539345	0.0113861	0.287791	-0.0061456	-0.00419898	-0.00961168
0.539341	0.011384	0.287785	-0.00500618	-0.00320125	-0.00808759
0.539336	0.0113819	0.287781	-0.00549477	-0.00422292	-0.00723042
0.53933	0.0113812	0.28777	-0.00642248	-0.00284989	-0.0090381
0.539323	0.0113832	0.287766	-0.00611899	-0.00297056	-0.00804725
0.539317	0.0113769	0.287758	-0.00576632	-0.00391738	-0.00750166
0.539312	0.0113767	0.287748	-0.00516051	-0.00197194	-0.00804641
0.539304	0.011375	0.28774	-0.00495097	-0.00210143	-0.00680024
0.539298	0.0113719	0.287733	-0.00503406	-0.00215191	-0.00617573
0.539292	0.0113712	0.287726	-0.00465118	-0.00164542	-0.00675915
0.539285	0.0113723	0.287714	-0.00590417	-0.000386675	-0.00887824
0.539279	0.0113719	0.287709	-0.00620851	4.35042e-05	-0.0078259
0.539271	0.0113634	0.287702	-0.00678425	-0.00268422	-0.00751808
0.539266	0.011362	0.287693	-0.00666043	-0.00149149	-0.00851086
0.539256	0.011362	0.28768	-0.00789392	-0.00076314	-0.0102216
0.539251	0.0113659	0.287675	-0.00638459	0.000907087	-0.00773175
0.539244	0.0113608	0.287666	-0.00563246	-0.00101201	-0.0067935
0.539234	0.0113586	0.287657	-0.00712669	-0.00311672	-0.00768929
0.539226	0.0113584	0.287646	-0.00744486	-0.00192481	-0.00878076
0.539219	0.0113589	0.287636	-0.00738428	-0.00106532	-0.00871789
0.539212	0.0113587	0.28763	-0.0075058	-0.000466133	-0.00840338
0.539202	0.0113565	0.287618	-0.00854708	-0.000625769	-0.010235
0.539195	0.0113569	0.287607	-0.00929709	-0.000229578	-0.0119463
0.539189	0.0113548	0.287602	-0.00827404	-0.000821092	-0.00952547
0.53918	0.0113514	0.28759	-0.00907865	-0.00302595	-0.010971
0.539171	0.0113546	0.287581	-0.00898325	-0.00137475	-0.010345
0.539164	0.0113517	0.287572	-0.00860256	-0.00172353	-0.0103915
0.539154	0.0113507	0.287559	-0.00892355	-0.00146394	-0.0111093
0.539147	0.0113486	0.287551	-0.00842055	-0.00171444	-0.00987324
0.539137	0.0113536	0.287539	-0.00882081	-0.00161538	-0.0108145
0.53913	0.0113478	0.287532	-0.0083856	-0.00292385	-0.00970427
0.539122	0.0113516	0.287523	-0.00821379	-0.000757231	-0.00952374
0.539115	0.0113468	0.287514	-0.00801584	-0.00178489	-0.00934374
0.539104	0.0113441	0.287503	-0.00916339	-0.00201846	-0.00983515
0.539097	0.0113465	0.287492	-0.00811547	-0.00056004	-0.0102485
0.539085	0.0113438	0.28748	-0.0093277	-0.00167496	-0.0105771
0.539078	0.0113455	0.287471	-0.00853937	-0.000303618	-0.00974908
0.53907	0.0113417	0.287461	-0.009354	-0.00147945	-0.0108123
0.539061	0.0113409	0.287447	-0.00946204	-0.00124834	-0.0119071
0.539052	0.0113392	0.287441	-0.00954882	-0.0010536	-0.0108434
0.539046	0.011344	0.287432	-0.00725896	0.000718301	-0.00871259
0.539036	0.0113451	0.287424	-0.00821338	0.000754041	-0.00888684
0.539028	0.0113431	0.28741	-0.00927532	-0.000282144	-0.0113099
0.539021	0.0113426	0.287403	-0.00872815	-0.000360941	-0.0100667
0.539013	0.0113394	0.287395	-0.00755309	-0.000853397	-0.00830448
0.539004	0.0113396	0.287383	-0.00922802	-0.000873461	-0.010923
0.538994	0.011341	0.287369	-0.0101752	0.000125034	-0.012863
0.538986	0.0113383	0.287363	-0.00927253	-0.00107754	-0.0106275
0.538978	0.0113354	0.287355	-0.0101422	-0.00148066	-0.0108719
0.53897	0.011336	0.287342	-0.00932544	-0.000636304	-0.00859013
0.538962	0.011338	0.287333	-0.00911999	-0.00012374	-0.00889536
0.538952	0.011335	0.28732	-0.00932075	-0.00080727	-0.00956487
0.538944	0.0113327	0.287313	-0.00867453	-0.00120588	-0.00870159
0.538933	0.0113349	0.287298	-0.0105416	-0.000128648	-0.0117074
0.538925	0.0113373	0.287291	-0.00957772	0.000742048	-0.0102993
0.538916	0.0113337	0.287279	-0.00946902	-0.000723304	-0.0108494
0.538909	0.0113332	0.287271	-0.00969663	-0.000715533	-0.0111518
0.538897	0.0113334	0.287255	-0.0117954	-0.000852789	-0.0141001
0.53889	0.0113334	0.28725	-0.00917093	-0.000649171	-0.0100477
0.538882	0.0113359	0.287238	-0.00874746	0.000382666	-0.0102064
0.538872	0.0113326	0.287226	-0.00890946	-0.000465191	-0.0104423
0.538863	0.0113347	0.287218	-0.0088659	0.000511142	-0.00946334
0.538854	0.0113335	0.287206	-0.00876403	-0.000372716	-0.0105232
0.538846	0.0113333	0.287196	-0.00725863	-0.000347444	-0.00870127
0.538838	0.0113268	0.287185	-0.00735865	-0.00240846	-0.00878737
0.538827	0.0113288	0.287174	-0.00828715	-0.00133834	-0.00979608
0.53882	0.0113352	0.287165	-0.00788271	0.00189455	-0.00928064
0.538809	0.0113318	0.287154	-0.00893356	-0.000425906	-0.0096097
0.538802	0.0113289	0.287146	-0.00908959	-0.00150648	-0.010121
0.538791	0.0113298	0.28713	-0.0097311	-0.000784894	-0.0128221
0.538782	0.011327	0.28712	-0.0101585	-0.00076516	-0.0123755
0.538773	0.0113283	0.287111	-0.00961742	-0.000202479	-0.0111676
0.538763	0.0113262	0.287099	-0.010656	-0.000922119	-0.0119935
0.538757	0.011327	0.287091	-0.00922553	-0.000770631	-0.0109256
0.538746	0.0113255	0.287079	-0.00944656	-0.000732776	-0.010701
0.538738	0.0113261	0.287068	-0.0086707	-0.000173447	-0.0108282
0.538726	0.0113267	0.287057	-0.00955067	0.000140521	-0.0107384
0.538716	0.0113246	0.287047	-0.00920831	-0.00059904	-0.0100784
0.538707	0.011325	0.287032	-0.00919905	-0.000616378	-0.011148
0.538696	0.0113235	0.28702	-0.0103522	-0.000701884	-0.0120025
0.53869	0.011321	0.287015	-0.00822664	-0.00154916	-0.00906467
0.538679	0.011325	0.287001	-0.00884098	0.000230179	-0.0104191
0.538668	0.011324	0.286987	-0.00942307	-0.000591098	-0.0110928
0.538659	0.0113227	0.286978	-0.00850372	-0.000548304	-0.00960928
0.538648	0.0113233	0.286962	-0.00916283	0.00033596	-0.0113391
0.538637	0.0113205	0.286955	-0.0102414	-0.000988152	-0.0110611
0.538629	0.0113171	0.286944	-0.0105051	-0.00192355	-0.012159
0.538621	0.0113167	0.286936	-0.0103694	-0.00151052	-0.0116202
0.538609	0.0113188	0.286918	-0.0115461	-0.000346116	-0.0144796
0.538601	0.0113183	0.286912	-0.0105097	-0.000400383	-0.0112607
0.538589	0.0113175	0.286897	-0.0107717	-0.00053579	-0.0123182
0.53858	0.0113195	0.286888	-0.0109673	-0.000114678	-0.0126282
0.53857	0.0113151	0.286876	-0.0104223	-0.00129614	-0.0124828
0.538561	0.0113171	0.286864	-0.0103251	-0.000108209	-0.0127612
0.538553	0.0113158	0.286856	-0.00908635	-0.00121597	-0.0106579
0.538542	0.0113161	0.28684	-0.0104787	-0.000625988	-0.0127446
0.538532	0.011318	0.286831	-0.00994607	-0.000108752	-0.0110577
0.538523	0.0113136	0.286821	-0.00965302	-0.00127355	-0.0108976
0.538515	0.0113139	0.286811	-0.00876588	-0.00101346	-0.0099793
0.538505	0.0113165	0.286799	-0.00898938	0.000103692	-0.0103742
0.538496	0.0113115	0.286788	-0.00888043	-0.00163452	-0.0103024
0.538487	0.0113123	0.286775	-0.0100532	-0.000893732	-0.0130416
0.538477	0.011315	0.286765	-0.00991633	0.000695171	-0.0115566
0.53847	0.0113123	0.286755	-0.00895502	-0.000705176	-0.0109213
0.538458	0.0113099	0.286741	-0.00982118	-0.00174782	-0.0122471
0.538452	0.0113158	0.286734	-0.00882755	0.000687215	-0.0103581
0.538443	0.0113113	0.286726	-0.00878553	-0.000735193	-0.00986579
0.538432	0.0113121	0.286713	-0.0102117	0.000208186	-0.0116894
0.538422	0.0113105	0.286702	-0.0103849	-0.000599396	-0.0115391
0.538417	0.0113063	0.286698	-0.009716	-0.00158491	-0.0105823
0.538407	0.0113064	0.286685	-0.00979446	-0.0012964	-0.011343
0.538399	0.0113065	0.286674	-0.00950807	-0.000576344	-0.0115126
0.538389	0.0113055	0.286659	-0.00971863	-0.000628454	-0.0124578
0.538382	0.0113031	0.286654	-0.0089399	-0.00157951	-0.0103403
0.538374	0.0113044	0.286645	-0.00890193	-0.000754232	-0.010327
0.538364	0.0113038	0.286633	-0.0091513	-0.000729649	-0.0106691
0.538357	0.0113048	0.286623	-0.00891595	-0.000188118	-0.0108434
0.538346	0.0113026	0.286611	-0.0085171	-0.000797523	-0.0102358
0.538343	0.0112982	0.286608	-0.00607648	-0.00155742	-0.00685223
0.538333	0.0112986	0.286593	-0.00648221	-0.000722848	-0.00829834
0.538324	0.0112918	0.286582	-0.00760362	-0.00271084	-0.00939642
0.538318	0.0112944	0.286577	-0.00722264	-0.000945514	-0.00834537
0.538311	0.0112984	0.286568	-0.00624129	0.000771041	-0.00722526
0.538306	0.011295	0.286562	-0.0054572	-0.000570295	-0.00590244
0.538294	0.0112961	0.286549	-0.00750539	-0.00301031	-0.00897666
0.538289	0.011289	0.286542	-0.00554706	-0.00483525	-0.00709293
0.538281	0.0112905	0.286528	-0.00701753	-0.00267466	-0.00947312
0.538275	0.0112841	0.286524	-0.00583395	-0.00350082	-0.00636938
0.538268	0.0112862	0.286514	-0.00635696	-0.00331105	-0.00755668
0.538261	0.0112842	0.286501	-0.00621535	-0.00598179	-0.00865954
0.538255	0.0112805	0.286497	-0.00497726	-0.0054837	-0.00584642
0.538249	0.011284	0.286489	-0.0049026	-0.0031064	-0.00577189
0.538242	0.0112816	0.286482	-0.00503176	-0.0024407	-0.00547116
0.538234	0.0112819	0.28647	-0.00515263	-0.00145486	-0.00622351
0.538228	0.0112782	0.286462	-0.00496521	-0.00221244	-0.0059171
0.538223	0.0112766	0.286454	-0.00590663	-0.00177293	-0.00742135
0.538217	0.0112743	0.286449	-0.00537314	-0.0018532	-0.00621142
0.53821	0.011274	0.286438	-0.00572443	-0.000960988	-0.00708661
0.538205	0.0112718	0.286432	-0.00601477	-0.00133001	-0.00729593
0.5382	0.0112687	0.286429	-0.00647322	-0.00157275	-0.00642384
0.538195	0.0112651	0.286419	-0.007206	-0.00181237	-0.0100314
0.53819	0.0112631	0.286411	-0.00728258	-0.00140833	-0.0101669
0.538183	0.011265	0.286399	-0.00728281	-0.000141079	-0.0105879
0.538179	0.0112619	0.286396	-0.00612332	-0.00234895	-0.00771578
0.538177	0.0112601	0.28639	-0.00399124	-0.00340553	-0.00549788
0.53817	0.0112606	0.286381	-0.0055124	-0.00222593	-0.00705385
0.538167	0.0112605	0.286375	-0.00519531	-0.00296169	-0.00649163
0.538161	0.011254	0.286366	-0.00538882	-0.00390019	-0.00704379
0.538158	0.0112535	0.28636	-0.00475139	-0.00238808	-0.00605337
0.538154	0.0112542	0.286357	-0.00584944	-0.00145293	-0.00820407
0.538149	0.0112499	0.28635	-0.00537716	-0.00174276	-0.00854642
0.538148	0.0112523	0.286347	-0.00395836	0.000208925	-0.00640487
0.538141	0.0112484	0.286335	-0.0051614	-0.00231692	-0.0082556
0.538139	0.0112447	0.286333	-0.00407748	-0.00276975	-0.00546202
0.538134	0.0112445	0.286325	-0.00452223	-0.00162786	-0.00631723
0.538132	0.0112427	0.28632	-0.00425785	-0.00130385	-0.00723603
0.538127	0.011244	0.286314	-0.00471016	0.00039724	-0.0082396
0.538124	0.0112398	0.286306	-0.00468047	-0.000934832	-0.0094355
0.538121	0.011235	0.2863	-0.00471068	-0.00180866	-0.00997706
0.538118	0.0112362	0.286296	-0.00322625	-0.000240841	-0.00665412
0.538114	0.0112357	0.286288	-0.00328476	-0.00150817	-0.00664708
0.538113	0.011232	0.286285	-0.00297026	-0.00223901	-0.00662509
0.53811	0.0112304	0.28628	-0.00460701	-0.00183392	-0.00929497
0.538108	0.0112317	0.286276	-0.0031961	-0.00032625	-0.00665638
0.538104	0.0112282	0.286269	-0.0027234	-0.000831033	-0.00539037
0.538101	0.0112307	0.286264	-0.00243504	0.00084992	-0.00449478
0.538098	0.0112242	0.286256	-0.0021395	-0.00102569	-0.00463319
0.538096	0.0112265	0.286253	-0.00269437	0.000208823	-0.00422117
0.538096	0.0112191	0.28625	-0.00155158	-0.00355245	-0.00224186
0.538094	0.0112147	0.286244	-0.00235762	-0.00483755	-0.00545252
0.538094	0.0112171	0.286242	-0.00274934	-0.00207957	-0.00617082
0.538091	0.0112191	0.286237	-0.00236511	-0.000625514	-0.00500319
0.53809	0.0112143	0.286235	-0.00175549	-0.00206343	-0.003288
0.538088	0.0112148	0.286231	-0.00127286	-0.00219552	-0.00287336
0.538088	0.0112113	0.286231	-0.000882946	-0.00387961	-0.00221962
0.538087	0.011209	0.286223	-0.00164386	-0.00349714	-0.00469781
0.538085	0.011206	0.28622	-0.00182913	-0.00309991	-0.00326107
0.538084	0.0112073	0.286214	-0.00113474	-0.00125926	-0.00349224
0.538082	0.0112081	0.286211	-0.00240307	-0.000603686	-0.00539259
0.538084	0.0112084	0.286214	-0.00102234	-0.00163135	-0.00218045
0.538083	0.0112078	0.28621	-0.00112904	-0.00133343	-0.0021506
0.538082	0.011208	0.286207	-0.00110391	-0.000603834	-0.00381581
0.538082	0.0112033	0.286205	-0.000794372	-0.00152523	-0.00280064
0.538081	0.0112056	0.2862	-0.00091138	-0.000151672	-0.00291842
0.538081	0.0111983	0.286197	-0.000303838	-0.00216	-0.00216627
0.53808	0.0111996	0.286196	-0.000645269	-0.000542614	-0.00309745
0.53808	0.0111976	0.286197	-0.000404943	-0.00087997	-0.0013268
0.53808	0.0111976	0.286191	-0.000396704	-0.00013973	-0.0020726
0.53808	0.0111961	0.286192	-3.07265e-05	-0.000120351	-0.00222425
0.53808	0.0111985	0.286191	-0.00024924	0.000861625	-0.00343906
0.538081	0.0111968	0.286187	-6.30816e-05	2.23124e-05	-0.00481571
0.538079	0.0111996	0.286185	-0.000696458	0.00096344	-0.0038772
0.53808	0.0111951	0.286184	-0.000190259	-0.000881873	-0.00403913
0.538081	0.011197	0.286184	-3.67097e-05	0.000383281	-0.00436641
0.538082	0.0111951	0.286182	0.000523772	-0.000274376	-0.00466856
0.538082	0.011195	0.286181	0.00038101	-0.000195744	-0.00350825
0.538081	0.0111964	0.286181	7.15156e-05	0.000359142	-0.00200654
0.538082	0.0111948	0.286177	0.000282315	-0.000275859	-0.00259466
0.53808	0.0111932	0.286177	-0.000340135	-0.000701726	-0.00120204
0.538081	0.0111966	0.286176	1.62075e-05	0.00103758	-0.00106445
0.538082	0.0111932	0.286175	6.29143e-05	-0.000307408	-0.000762671
0.538082	0.0111934	0.286174	-0.000111606	0.000257688	-0.00223386
0.538082	0.0111926	0.286173	0.000233263	-0.000318413	-0.0017695
0.538083	0.0111929	0.286175	0.000231183	-0.000197236	-0.000346076
0.538085	0.0111917	0.286178	0.000593306	-0.000591843	0.00107201
0.538086	0.0111935	0.286173	0.000485873	0.000586295	-0.00100777
0.538084	0.0111914	0.286173	-0.000465413	-0.000148578	-0.000340307
0.538086	0.0111929	0.286174	0.000270301	0.000434898	-1.66711e-05
0.538085	0.0111898	0.286171	0.000156637	-0.000717803	-0.000532952
0.538086	0.0111943	0.286171	0.000103252	0.00101248	-0.000373897
0.538084	0.01119	0.286167	-0.000383344	-0.000384259	-0.00273468
0.538085	0.0111927	0.28617	0.000233985	0.000759235	-0.000673551
0.538085	0.0111922	0.286172	0.00047166	8.44767e-06	0.000907751
0.538085	0.0111939	0.286165	0.000471991	0.000477743	-0.00149507
0.538084	0.0111924	0.286164	-0.000263432	-0.000231044	-0.00174444
0.538088	0.0111941	0.286167	0.000729851	0.000390555	-0.00122332
0.538088	0.0111897	0.286166	0.00033056	-0.00127897	-0.00261052
0.538088	0.0111926	0.286166	0.000445721	0.000127919	-0.00148325
0.538089	0.0111945	0.286166	0.0010318	0.00110067	-0.000498162
0.538089	0.0111955	0.286164	0.000518794	0.00120488	-0.000737508
0.538088	0.0111918	0.286159	0.000437158	-0.000737268	-0.00152839
0.53809	0.0111911	0.286162	0.00108382	-0.000500265	-0.00146136
0.538092	0.0111954	0.286166	0.00132818	0.00117979	0.000228224
0.538093	0.0111922	0.286165	0.000580186	-0.000271261	-0.00187943
0.538095	0.0111877	0.286162	0.00106094	-0.00173149	-0.00372244
0.538097	0.0111923	0.286166	0.00162951	-0.00130412	-0.00100807
0.538099	0.0111907	0.286167	0.00145079	-0.00153151	-0.000268697
0.538099	0.0111895	0.286166	0.0016985	-0.00115516	8.45551e-05
0.538104	0.0111934	0.286169	0.00296439	0.000208233	0.000961888
0.538103	0.0111907	0.286166	0.00138494	-0.00050077	2.17386e-05
0.538105	0.0111916	0.286166	0.00153945	-0.000390901	-2.89122e-05
0.538108	0.0111889	0.286167	0.0023309	-0.00126141	0.000759333
0.538109	0.0111906	0.286172	0.00192809	-0.000349662	0.00244654
0.538112	0.0111905	0.286171	0.00202302	-0.000301475	-0.000609194
0.53811	0.0111903	0.28617	0.00149456	-0.00026619	9.88576e-05
0.538115	0.0111919	0.286172	0.002757	0.000334073	0.00111184
0.538116	0.0111862	0.286172	0.00273813	-0.0013103	0.00125028
0.538119	0.0111934	0.286176	0.00271986	0.00161204	0.000527585
0.538121	0.0111914	0.286178	0.00231347	6.4527e-05	0.0013758
0.538123	0.0111872	0.286178	0.00219003	-0.00147402	0.000814073
0.538126	0.0111907	0.286182	0.00225987	0.000504542	0.00013845
0.538129	0.0111874	0.286182	0.00289124	-0.000671348	0.000171797
0.538132	0.0111873	0.286184	0.00263425	-0.000454998	0.000517025
0.538133	0.0111887	0.286187	0.00266041	0.000178125	0.00128025
0.538135	0.01119	0.286184	0.0023624	0.000593615	0.000309917
0.538139	0.0111902	0.28619	0.00308769	0.000428347	0.00236072
0.538141	0.0111889	0.28619	0.00243176	0.000249262	0.00124103
0.538142	0.0111854	0.28619	0.00215653	-0.000881925	0.000949727
0.538148	0.0111869	0.286195	0.00152478	-0.000169912	0.000262499
0.53815	0.0111886	0.286196	0.000974493	0.000835039	0.000244953
0.538153	0.0111878	0.286199	0.0011693	4.48863e-05	0.000533145
0.538157	0.0111911	0.286201	0.00217039	0.0010276	0.00104423
0.53816	0.0111866	0.2862	0.00239637	0.000852191	0.000532945
0.538163	0.0111893	0.286203	0.00269274	0.00120323	0.00117859
0.538167	0.0111885	0.286205	0.00301773	0.00089876	0.0017253
0.538171	0.0111883	0.28621	0.00119283	0.000546214	0.000600646
0.538176	0.0111867	0.286213	0.00179003	-0.00350848	-0.000482168
0.53818	0.0111881	0.286214	0.00220789	-0.00210504	-0.000181843
0.538185	0.0111867	0.286221	0.0035575	-0.00205605	0.00241345
0.538189	0.0111895	0.286218	0.00317903	-0.000572356	0.00064569
0.538193	0.0111865	0.286224	0.0034881	-0.00148664	0.0021948
0.538199	0.011188	0.286229	0.0044222	-0.000560231	0.00319635
0.538204	0.0111835	0.286231	0.00502728	-0.00192424	0.00335969
0.538208	0.0111849	0.286232	0.00439945	-0.000858678	0.00291404
0.538214	0.0111864	0.28624	0.00484749	-7.90024e-05	0.0047928
0.538219	0.0111894	0.286243	0.00484566	0.000925534	0.00410838
0.538223	0.0111923	0.286245	0.00512212	0.00156757	0.00406725
0.538227	0.0111892	0.286246	0.00463559	-1.48104e-05	0.00345252
0.538234	0.0111862	0.286251	0.00554821	-0.000995443	0.00401438
0.53824	0.0111937	0.286256	0.00563909	0.00182625	0.00461727
0.538246	0.0111877	0.286261	0.00565136	-0.000793073	0.00458097
0.538253	0.0111848	0.28627	0.00627997	-0.00150621	0.00639061
0.538259	0.0111892	0.286272	0.00585178	0.000486785	0.00478427
0.538264	0.0111906	0.286274	0.00578241	0.000770343	0.00362324
0.53827	0.0111962	0.286279	0.00547799	0.00199073	0.0040287
0.538277	0.0111905	0.286282	0.0062516	-0.00067778	0.00394267
0.538284	0.0111949	0.286291	0.00662945	0.00056473	0.00590766
0.538291	0.0111948	0.286292	0.00619144	-0.00018216	0.00291396
0.538297	0.0111945	0.286299	0.00625397	0.000349669	0.00380904
0.538303	0.0111979	0.2863	0.00636915	0.0011791	0.00313857
0.53831	0.0111962	0.286306	0.00687072	-0.000212712	0.00375243
0.538316	0.0112004	0.28631	0.00650932	0.000329125	0.00383235
0.538323	0.0111997	0.286316	0.00685892	0.000982659	0.00489079
0.538326	0.0112018	0.286318	0.00542268	0.00127679	0.00345413
0.53833	0.0112045	0.286322	0.00511017	0.000996607	0.00371933
0.53833	0.0112034	0.286324	0.00369025	-0.000230179	0.00456734
0.538331	0.0112068	0.286325	0.00216132	0.00212935	0.00306668
0.538336	0.0112077	0.286332	0.00329604	0.0017196	0.00418488
0.538336	0.0112104	0.286338	0.00254618	0.0013273	0.00495231
0.538335	0.0112093	0.286337	0.00139173	-3.7684e-05	0.00255443
0.538337	0.0112105	0.286341	0.0015815	0.000605255	0.00298029
0.538337	0.0112127	0.286343	0.00110808	0.000485354	0.0029317
0.538336	0.0112149	0.286343	0.00063113	0.000868863	0.00191747
0.538336	0.0112159	0.286344	0.000362164	0.000111403	0.00127626
0.538336	0.0112127	0.286347	0.000322385	-0.000879403	0.00175681
0.538337	0.0112209	0.286348	0.000418641	0.00312904	0.000997936
0.538338	0.0112225	0.286346	0.000432703	0.00347494	5.7973e-05
0.538341	0.0112222	0.286351	0.000977428	0.00213301	0.00127659
0.538341	0.0112237	0.286353	0.000694312	0.001629	0.00134376
0.538341	0.0112277	0.286354	0.000536104	0.00124379	0.0013841
0.53834	0.011232	0.286353	0.000272441	0.00193764	0.000856517
0.53834	0.0112335	0.286352	0.000143925	0.00135951	0.000133523
0.538339	0.0112351	0.286352	-0.000154245	0.000956889	0.00018119
0.538339	0.0112379	0.28635	-0.000182702	0.000663216	-0.000805796
0.538339	0.0112386	0.286351	-9.7028e-05	-1.0018e-05	-5.20365e-05
0.538338	0.011243	0.286351	-0.000393364	0.00218062	-5.26454e-06
0.538338	0.0112492	0.286348	-0.000338736	0.00429805	-0.000881395
0.538337	0.0112499	0.286348	-0.000494561	0.00261587	-0.000451521
0.538336	0.0112514	0.286346	-0.000427983	0.00143043	-0.00083837
0.538335	0.0112539	0.286347	-0.00057439	0.00158647	-0.000442337
0.538336	0.0112619	0.286348	-0.000139157	0.0038577	-0.00042664
0.538334	0.0112631	0.286348	-0.000699989	0.0022672	-0.000127465
0.538332	0.0112646	0.286342	-0.000935043	0.00282618	-0.00187268
0.53833	0.0112637	0.28634	-0.00121077	0.00110881	-0.00193016
0.538332	0.0112713	0.28634	-0.000539106	0.00244899	-0.00139924
0.538332	0.0112747	0.286344	7.1072e-05	0.0018222	0.000422343
0.538329	0.0112796	0.286339	-0.00106109	0.00220317	-0.00137549
0.53833	0.0112813	0.286338	-0.000442534	0.0027969	-0.00147512
0.538331	0.0112817	0.286342	-0.00011715	0.00109915	0.000526836
0.538328	0.0112879	0.286336	-0.000857046	0.00182043	-0.00141447
0.538329	0.0112906	0.286338	-0.000268063	0.00185106	-0.000590489
0.538329	0.0112947	0.286337	-0.00015945	0.00181749	-0.000386871
0.538327	0.0112993	0.286336	-0.000506347	0.00344293	-0.000675271
0.538327	0.0112985	0.286333	-0.000401459	0.00146659	-0.00138792
0.538328	0.0113001	0.286334	9.25648e-05	0.000639075	-0.000507885
0.538328	0.0113047	0.286333	-2.53364e-05	0.000970345	-0.000852945
0.53833	0.0113116	0.286339	0.000416375	0.00395956	0.00125926
0.538328	0.0113118	0.286333	-0.000476468	0.00226698	-0.00134958
0.538329	0.0113151	0.286335	6.18472e-05	0.00219149	-1.34647e-05
0.538329	0.0113154	0.286336	0.000159234	0.0011053	0.00162456
0.538329	0.0113224	0.286335	0.000219149	0.00182056	0.00130072
0.538328	0.0113263	0.286332	6.53356e-05	0.00346514	0.000482648
0.538329	0.0113264	0.286333	0.000144301	0.0015105	0.000933318
0.538329	0.0113328	0.286331	0.000261178	0.00382428	-0.000408456
0.538332	0.0113353	0.286339	0.000967867	0.00286765	0.00200609
0.538332	0.0113394	0.286336	0.00052672	0.00207727	0.000367589
0.538332	0.0113419	0.286333	0.000257204	0.00148998	-0.0011689
0.538332	0.0113455	0.286336	0.000560779	0.00164434	0.000568139
0.538333	0.0113469	0.286336	0.000351653	0.00236279	0.000431354
0.538333	0.0113476	0.286337	0.000582627	0.00301265	0.000680486
0.538333	0.0113495	0.286338	0.00045624	0.00231391	0.000992273
0.538335	0.0113529	0.28634	0.000544519	0.00228236	0.000989878
0.538335	0.0113553	0.286337	0.000249333	0.00291866	-0.000312213
0.538335	0.0113582	0.286339	0.000286703	0.00272209	0.000339542
0.538334	0.0113582	0.286337	0.000127259	0.00150747	-0.00022744
0.538335	0.0113638	0.28634	0.000504834	0.00169605	0.00120537
0.538335	0.0113666	0.286339	0.000269068	0.00172521	-0.000148315
0.538336	0.0113709	0.28634	0.000239117	0.00174361	0.000377815
0.538336	0.0113714	0.28634	9.66694e-05	0.000718136	-0.000222996
0.538336	0.0113775	0.286342	0.00040523	0.00326232	0.00116156
0.538338	0.011377	0.286342	0.000612762	0.00356118	0.000733964
0.538335	0.0113776	0.286337	-0.000638821	0.00325445	-0.00112099
0.538335	0.0113843	0.286337	-0.000529797	0.00396152	-0.000833221
0.538338	0.0113821	0.28634	0.000937567	0.00153108	0.000506857
0.538336	0.0113841	0.286336	2.65721e-05	0.00165926	-0.000801964
0.538336	0.011384	0.286335	0.000259804	0.00244193	-0.000716038
0.538334	0.0113869	0.286333	-0.000509996	0.00233026	-0.00126902
0.538335	0.0113872	0.286336	5.57125e-05	0.00126931	3.33549e-05
0.538334	0.0113934	0.286334	-0.000317309	0.00246242	-0.000372003
0.538334	0.0113949	0.286337	-0.000555632	0.00338083	-0.000174518
0.538336	0.0113939	0.286338	0.000332186	0.00155605	0.000227502
0.538335	0.0113959	0.286336	-0.000173314	0.0016822	-0.00027085
0.538336	0.0113998	0.286337	0.00018855	0.00171652	0.00017292
0.538334	0.0113973	0.286335	-0.000160337	-0.000234062	-0.000220489
0.538333	0.0113953	0.286335	-0.000373524	-0.000594473	-3.1176e-05
0.538335	0.011399	0.286337	1.66337e-05	0.000166658	-0.000118188
0.538335	0.0113985	0.286335	-0.000276045	0.000125645	-0.000444175
0.538335	0.0114037	0.286336	4.75314e-05	0.00113213	6.80878e-06
0.538334	0.0114028	0.286336	-0.000171212	0.000259603	0.000170167
0.538334	0.0114027	0.286335	0.000173131	-0.000329827	1.65895e-05
0.538332	0.0113999	0.286329	-0.000867738	-0.00129882	-0.002009
0.538334	0.0114029	0.286333	0.000180283	-0.000306307	-8.07406e-05
0.538333	0.0114078	0.286333	-0.000231196	0.00128071	-0.000445129
0.538333	0.0114045	0.28633	-0.000509844	-0.000675005	-0.0011148
0.538334	0.0114032	0.286333	7.34683e-05	-0.00141376	0.000132931
0.538335	0.0114038	0.286337	0.000541582	-0.000900779	0.00149022
0.538335	0.0114008	0.286334	0.000216851	-0.00206324	-3.62958e-05
0.538334	0.0114067	0.286335	-0.000246626	0.00344575	-5.85436e-05
0.538335	0.0114045	0.286337	0.000557642	0.00167872	0.00122466
0.538337	0.0114092	0.286336	0.000659432	0.00283299	0.000220964
0.538337	0.0114058	0.286338	0.000544268	0.00219889	0.000756248
0.538338	0.0114079	0.286339	0.000659809	0.00229994	0.000832651
0.538338	0.0114092	0.28634	0.00051846	-0.0016578	0.000682971
0.53834	0.0114082	0.286344	0.000791379	-0.00169816	0.00183527
0.538342	0.0114084	0.286343	0.00113195	-0.00121843	0.000581335
0.538342	0.0114082	0.286346	0.000837712	-0.00136326	0.00184935
0.538341	0.0114111	0.286341	0.000449372	-0.000493036	-0.000243897
0.538341	0.0114074	0.28634	0.00031681	-0.00138379	-0.000537374
0.538341	0.0114069	0.286342	-1.51434e-05	-0.00145352	0.000199509
0.538344	0.0114071	0.286347	0.00146549	-0.00141789	0.00210707
0.538344	0.0114136	0.286348	0.00100237	0.00102728	0.00140464
0.538346	0.0114097	0.286348	0.00130343	-0.000299146	0.000789478
0.538345	0.011409	0.286349	0.000447996	-0.000734658	0.000871879
0.538347	0.0114082	0.286351	0.000991365	-0.00044752	0.00180737
0.538348	0.0114104	0.286354	0.00128615	-0.000248308	0.00238366
0.538348	0.0114069	0.286354	0.000880777	-0.00118041	0.00115392
0.538349	0.0114124	0.286357	0.000632438	0.000719762	0.00126706
0.538349	0.0114127	0.286355	0.000460138	0.000477303	0.000875094
0.53835	0.0114098	0.286356	0.00060756	-0.000676305	0.000470253
0.538349	0.011411	0.286355	0.000133992	-0.000459884	0.000451606
0.53835	0.0114114	0.286357	0.000409326	-0.000289173	0.00067478
0.53835	0.0114089	0.286356	-3.26679e-05	-0.000715231	7.93149e-05
0.53835	0.0114139	0.286358	0.000346066	0.000553207	0.000917899
0.53835	0.01141	0.286354	0.000173707	-0.00115948	-0.000787231
0.538349	0.0114131	0.286356	-0.000457611	0.000199057	-0.000280396
0.538351	0.0114118	0.286358	0.000308218	-0.000325872	0.000500707
0.538349	0.0114147	0.286357	-7.20288e-05	0.00075698	-7.73939e-06
0.538348	0.0114188	0.286356	-0.000386151	0.00148324	-0.000382212
0.538346	0.011413	0.286349	-0.000929669	-0.00107198	-0.0019168
0.538348	0.0114133	0.286354	5.81145e-05	-0.000660459	-4.57182e-05
0.538347	0.0114189	0.286351	-0.000356099	0.00103005	-0.000929297
0.538348	0.0114194	0.286353	1.93651e-05	0.000706255	-0.000277549
0.538347	0.0114179	0.28635	-0.000295919	-5.33847e-05	-0.000576204
0.538347	0.0114222	0.286353	-0.000146792	0.000973593	0.000127399
0.538347	0.0114218	0.28635	-0.000115389	-0.000358883	-0.000364562
0.538345	0.0114229	0.286347	-0.000309511	0.000308627	-0.0010509
0.538345	0.0114255	0.286349	-0.000452194	0.000704598	-0.000115326
0.538344	0.0114258	0.286348	-0.000606985	-0.00287578	-0.000829515
0.538346	0.011423	0.286349	0.000183841	-0.00315817	-0.000312751
0.538343	0.0114298	0.286346	-0.000762108	-0.000420368	-0.000778325
0.538341	0.0114239	0.286341	-0.000912019	-0.00292534	-0.00185237
0.538342	0.011429	0.286342	0.000141629	-0.000544988	-0.000532339
0.53834	0.0114317	0.286341	-0.000501715	1.34734e-05	-0.000638491
0.538339	0.0114344	0.286336	-0.000763779	0.00370178	-0.00214625
0.538339	0.0114337	0.286338	-0.000542097	0.00225195	-0.00106257
0.538342	0.0114295	0.286339	0.000653049	0.000223468	-0.000425497
0.538338	0.0114318	0.286335	-0.00175391	0.000655695	-0.00201203
0.538339	0.0114335	0.286336	3.75417e-07	0.000599588	-0.000316496
0.538338	0.0114413	0.286332	-0.00018794	0.00288907	-0.00171941
0.538339	0.011437	0.286335	7.69828e-05	0.000507046	-6.57747e-05
0.538339	0.0114379	0.286333	-0.00031242	-0.00020058	-0.00386816
0.538337	0.0114445	0.286333	-0.000591632	0.00522923	-0.00287113
0.538336	0.0114403	0.286332	-0.000693247	0.00226504	-0.00245752
0.538338	0.0114405	0.286333	0.000117584	0.00176904	-0.00155998
0.538338	0.0114465	0.286331	-8.80661e-05	0.00502941	-0.00171138
0.538336	0.011449	0.286329	-0.000756959	0.00406746	-0.00246163
0.538336	0.0114487	0.286331	-0.0004408	0.00362295	-0.000711758
0.538339	0.0114497	0.286335	0.000438132	0.00276063	0.000756943
0.538336	0.0114486	0.286326	-0.000582901	0.00197026	-0.00229824
0.538335	0.0114539	0.286325	-0.000780935	0.00465146	-0.00195146
0.538336	0.0114525	0.286327	-0.000149875	0.00239361	-0.000865958
0.538337	0.0114526	0.286328	0.000251442	0.00131394	-0.000217356
0.538338	0.0114536	0.286329	0.000439902	0.00154577	0.000172518
0.538337	0.0114545	0.286327	-6.77854e-05	0.00111232	-0.000734634
0.538336	0.0114528	0.286325	-0.000377124	-0.000199367	-0.000894384
0.538337	0.011458	0.286329	0.00014708	0.00146945	0.000734516
0.538337	0.0114608	0.286329	0.000115791	0.00152774	0.000509148
0.538337	0.0114596	0.286326	-0.000130066	0.000523255	-0.00118135
0.538338	0.011461	0.286329	0.000335329	0.000405523	0.000119822
0.538336	0.0114629	0.286329	-0.000340643	0.000768483	0.000291681
0.538338	0.0114639	0.286329	0.000439434	5.63449e-05	0.000498157
0.538337	0.0114661	0.286324	-0.000153245	0.000507887	-0.00104331
0.538335	0.0114647	0.286322	-0.000725704	-0.000192791	-0.00142058
0.538338	0.0114692	0.286326	0.00044489	0.000938532	0.000129319
0.538337	0.0114677	0.286328	8.75427e-05	-0.000364094	0.000729172
0.538336	0.0114708	0.286326	-6.78409e-05	0.000236183	-0.000533242
0.538338	0.0114714	0.286326	0.000335326	0.000183592	6.55081e-05
0.538338	0.0114702	0.286327	0.000520372	-0.000355679	0.000408641
0.538336	0.0114744	0.286325	-0.000518425	-0.00215379	-0.000282643
0.538336	0.0114727	0.286322	-0.000429226	-0.00267881	-0.00114073
0.538337	0.011474	0.286322	0.000308909	-0.00246659	-0.000981464
0.538336	0.0114734	0.286324	1.03111e-06	-0.00229141	0.000440722
0.538336	0.0114736	0.286322	-0.000262403	-0.00167359	-0.000469865
0.538336	0.0114737	0.286322	-0.000263439	-0.00120174	-0.000363107
0.538335	0.0114732	0.286318	-0.00035738	0.000291942	-0.00171103
0.538337	0.011478	0.286323	0.000453562	0.00134822	0.000523315
0.538338	0.011477	0.286325	0.000418235	0.000478823	0.000907285
0.538335	0.0114796	0.28632	-0.000475052	0.000817238	-0.0006948
0.538335	0.0114756	0.286319	-0.000282158	-0.000911938	-0.000423679
0.538336	0.0114747	0.286321	8.86865e-05	-0.000567987	-0.000378862
0.538336	0.0114743	0.28632	8.86195e-05	-0.000356482	-0.000264747
0.538337	0.0114727	0.286325	0.00255127	-0.00098564	0.00360044
0.538335	0.0114741	0.286318	0.00111316	-0.000248875	0.00087526
0.538337	0.0114744	0.28632	0.00147182	-0.000101673	0.00145037
0.538337	0.0114727	0.286321	-0.000489224	-0.0011508	-0.000986457
0.538336	0.0114722	0.286321	-0.000708931	-0.000277922	-0.00065611
0.538337	0.0114727	0.286323	0.000118341	-0.000193668	0.000259174
0.538337	0.0114756	0.286322	-1.10836e-05	0.000360341	-0.000384751
0.538337	0.0114735	0.286323	-0.000239099	-0.000224962	-0.000147514
0.538339	0.0114715	0.286324	0.000374323	-0.0011148	9.90637e-05
0.538337	0.0114717	0.286322	-0.00044965	-0.00077684	-0.0002637
0.538338	0.0114704	0.286324	-3.18122e-06	-0.000983598	0.000619146
0.538339	0.0114659	0.286323	1.37555e-05	-0.00216474	-5.97084e-06
0.538339	0.0114674	0.286325	6.42423e-05	-0.000933314	0.000462771
0.538341	0.0114675	0.286326	0.00046078	-0.00059214	0.00121136
0.538341	0.0114705	0.286327	-7.61498e-06	0.000581413	0.000434575
0.538339	0.0114658	0.286325	-0.000608135	-0.00115229	-0.000419033
0.538341	0.0114671	0.286327	0.000502266	-0.000714532	0.000325817
0.538341	0.0114644	0.286326	3.84352e-05	-0.00149883	-0.000137374
0.538342	0.0114662	0.286327	0.00033006	-0.000474602	0.000259299
0.538342	0.0114678	0.28633	6.53811e-06	0.00018231	0.000783081
0.538344	0.0114633	0.28633	0.000599258	-0.00134349	0.000789262
0.538342	0.0114666	0.286328	1.64175e-05	0.000579707	9.16687e-05
0.538344	0.0114584	0.286328	0.000416211	-0.00259793	3.23278e-05
0.538345	0.0114632	0.286329	0.00150079	-0.0002103	0.00113042
0.538343	0.0114605	0.286328	0.000177731	-0.000696269	0.000187437
0.538343	0.0114586	0.286325	0.000483903	-0.000965906	-0.000384416
0.538344	0.0114571	0.286326	0.000316001	-0.00113916	-0.000251899
0.538344	0.011457	0.286326	0.000243528	-0.000761362	-0.000142111
0.538346	0.0114613	0.286332	0.000924376	0.000562926	0.00209441
0.538347	0.0114632	0.286333	0.0011837	0.000873106	0.00185091
0.538345	0.011459	0.286328	5.26992e-05	-0.000480776	-0.00049804
0.538346	0.0114602	0.286328	0.000400944	0.000191892	-0.000387304
0.538343	0.011457	0.286328	-0.000645326	-0.000916476	-0.000430067
0.538345	0.0114599	0.286327	0.000184956	0.0004083	-0.000452582
0.538344	0.0114584	0.286327	-0.000187799	-0.000235616	-0.000221594
0.538345	0.0114555	0.286329	-1.60603e-05	-0.00114629	0.000376517
0.538345	0.0114555	0.28633	0.000318165	-0.000743243	0.000649654
0.538346	0.0114555	0.286328	0.000164471	-0.000515842	-0.000514642
0.538346	0.0114574	0.286328	-2.66567e-05	0.000766524	-0.000448198
0.538345	0.0114552	0.286325	-0.000517671	-0.000536969	-0.00124519
0.538345	0.011461	0.286324	-0.000102945	0.00115324	-0.000983967
0.538344	0.0114646	0.286325	-0.000652443	0.00223747	-0.000441525
0.538347	0.0114616	0.286327	0.000500332	0.000553008	0.000353067
0.538347	0.011463	0.286327	0.000353161	0.000868177	0.000259165
0.538347	0.0114599	0.286325	0.00015402	-0.00042965	-0.000345066
0.538347	0.0114633	0.286327	0.000144829	0.00121987	0.000265311
0.538346	0.011464	0.286324	-0.000264744	0.00078214	-0.000702407
0.538347	0.0114601	0.286325	0.000450722	-0.000435694	0.000288276
0.538344	0.0114637	0.286316	-0.00115958	0.000579418	-0.00323808
0.538346	0.0114656	0.286319	-8.34373e-05	0.000932423	-0.00134618
0.538344	0.0114671	0.286317	-0.00069091	0.00108831	-0.00119546
0.538345	0.0114731	0.286317	-0.000201232	0.00273264	-0.000928817
0.538343	0.0114704	0.286315	-0.000788645	0.00127982	-0.00138613
0.538343	0.0114727	0.286319	-0.000408353	0.00138204	0.000560103
0.538344	0.0114743	0.286314	-0.00013244	0.00135445	-0.00120776
0.538342	0.0114731	0.286312	-0.00072395	0.000858714	-0.00154887
0.538343	0.011477	0.286316	-0.00013841	0.00161094	0.000250941
0.538345	0.0114743	0.286316	0.000482588	0.00370492	0.00048763
0.538342	0.0114786	0.286309	-0.000726549	0.0041789	-0.00176312
0.538344	0.0114788	0.286311	0.000116994	0.00305485	-0.000454928
0.538342	0.0114813	0.286308	-0.000331146	0.00266992	-0.00120889
0.538342	0.0114829	0.286308	-0.000251333	0.00190703	-0.00080978
0.538341	0.0114866	0.286306	-0.000503748	0.00283218	-0.00140873
0.538341	0.0114861	0.286306	-0.000321686	0.00146163	-0.000881031
0.538342	0.0114864	0.286304	5.6799e-05	0.00104017	-0.000742523
0.53834	0.0114893	0.286301	-0.000314816	0.00169479	-0.00133184
0.538343	0.0114836	0.286303	0.000441663	-0.000787357	-0.000128722
0.538342	0.0114895	0.2863	-5.08924e-05	0.00146145	-0.000954683
0.538342	0.0114891	0.2863	-0.000118001	0.000488906	-0.000692549
0.538341	0.011491	0.286298	-0.000133375	0.000830998	-0.000969365
0.538339	0.011491	0.286295	-0.000727832	0.000512493	-0.00178387
0.538341	0.011492	0.2863	0.000241004	-9.27515e-05	0.000482185
0.538339	0.011494	0.286294	-0.000572562	0.00208381	-0.00132674
0.538341	0.0114959	0.286298	0.000276492	0.00208891	0.00027924
0.538337	0.0114965	0.286291	-0.000868884	0.000913664	-0.00186088
0.538339	0.0114963	0.286295	-0.000153549	0.000730474	8.21857e-05
0.538339	0.0114928	0.286291	-0.000212827	-0.000965107	-0.000902916
0.53834	0.0114943	0.286291	0.000193891	-0.000591653	-0.000688319
0.538339	0.0114963	0.286291	0.000130499	0.000153549	6.11439e-06
0.53834	0.0114969	0.286293	0.000116237	0.000635492	0.000472974
0.53834	0.0114946	0.286289	-2.63471e-05	-0.000583969	-0.00113009
0.538337	0.0114918	0.286289	-0.000657758	-0.00143275	-0.00211109
0.538338	0.0114987	0.286287	-0.000254082	0.000551503	-0.00220791
0.538338	0.0114934	0.286286	-0.000193552	-0.00161876	-0.00156648
0.538338	0.0114956	0.286286	-0.000160536	-7.86379e-05	-0.00116052
0.538338	0.011495	0.286286	-9.81548e-05	-0.000549059	-0.000793008
0.538338	0.0114963	0.286285	-7.98221e-05	-0.000370763	-0.00105378
0.53834	0.0114969	0.286289	0.000347714	-0.000203995	0.000632552
0.538338	0.011497	0.286287	-0.000407742	-0.000181342	-0.000365855
0.538339	0.0114986	0.286288	0.000818622	0.000425608	0.000830538
0.538337	0.011494	0.286284	-9.21722e-05	-0.00126728	-0.000648702
0.53834	0.0114961	0.286287	0.000897481	0.000218766	0.000676391
0.538338	0.0114951	0.286284	-0.000216681	-0.000407341	-9.80967e-05
0.538341	0.0114957	0.286284	0.000949283	-0.000166124	-0.00012377
0.538337	0.0114954	0.286281	-0.00026384	-0.000214287	-0.000685057
0.538339	0.0114961	0.286284	0.000211247	0.000435844	0.000394802
0.538338	0.0114937	0.28628	-0.000221015	-0.000739297	-0.000581259
0.538339	0.0114926	0.286284	0.000272225	-0.000947466	0.000982465
0.538339	0.0114942	0.286281	0.000404804	-0.000133283	1.32581e-05
0.538336	0.0114936	0.286277	-0.000984756	-0.000677407	-0.00143846
0.538338	0.011493	0.286283	0.000104502	-0.000376447	0.00121164
0.538339	0.0114884	0.286285	0.000183651	-0.00173581	0.00138098
0.538338	0.0114915	0.286281	2.33904e-06	0.000319278	-0.000113453
0.538338	0.0114896	0.286279	0.00029214	-0.000275162	-0.000152877
0.538336	0.0114905	0.286277	-0.00044029	-0.000227708	-0.000845288
0.538337	0.0114909	0.28628	-0.00018246	-0.000129357	0.000397648
0.538338	0.0114877	0.286281	0.000551422	-0.00154049	0.0010671
0.538337	0.0114896	0.286278	-0.000344589	-0.000572851	-0.000120272
0.538338	0.0114882	0.286278	1.63401e-05	-0.00088074	-0.000665362
0.538339	0.0114872	0.286279	0.000433829	-0.000556896	0.00046597
0.538338	0.0114841	0.286277	-8.62147e-05	-0.000899848	-0.000533877
0.538338	0.0114881	0.286277	0.00022518	0.000921459	-2.28182e-05
0.53834	0.0114806	0.286282	0.000577424	-0.00183729	0.00136516
0.538339	0.0114835	0.286283	0.00015414	-0.000232533	0.00143399
0.538339	0.011485	0.286281	-0.000257283	0.000323216	0.000577412
0.538338	0.0114819	0.286281	-0.00018814	-0.000794631	-5.44586e-05
0.538339	0.0114831	0.286282	0.000225689	-0.00050772	0.000361677
0.538338	0.0114834	0.286278	-0.000209544	-0.000370743	-0.000618967
0.538338	0.011482	0.28628	-2.41129e-05	-0.000738627	0.000124995
0.53834	0.0114825	0.28628	0.000533625	4.32295e-05	0.000312606
0.538337	0.0114835	0.286278	-0.000279672	0.000493672	-8.96237e-05
0.538338	0.0114789	0.286281	-7.10501e-05	-0.00114904	0.000906691
0.538337	0.0114788	0.28628	-0.000376154	-0.000795877	-0.000213035
0.538338	0.011483	0.286277	-4.43635e-06	0.000468198	-0.000710475
0.538338	0.0114793	0.286279	2.89647e-05	-0.000674317	7.83429e-06
0.538336	0.0114789	0.286276	-0.000677525	-0.000492939	-0.000768431
0.53834	0.0114821	0.286286	0.000704421	0.000774897	0.00251803
0.538339	0.0114779	0.286284	0.000132603	-0.000512343	0.000837951
0.538336	0.0114769	0.286277	-0.000720076	-0.000917547	-0.00163092
0.538339	0.0114774	0.286284	0.000309513	-0.00053703	0.00107907
0.53834	0.0114776	0.286288	0.000576909	-0.000316669	0.00206099
0.538338	0.0114834	0.28628	-0.000149472	0.00172437	-0.00100902
0.538338	0.0114789	0.286281	-6.0843e-05	-0.000229219	0.000114331
0.538339	0.011482	0.286282	0.00025432	0.000867817	0.000428681
0.538338	0.0114786	0.286282	-4.297e-05	-0.000929817	0.000444794
0.538338	0.0114808	0.286282	-0.000123317	0.000368577	-0.000234333
0.53834	0.0114807	0.286285	0.000382746	0.000289734	0.00124148
0.53834	0.0114764	0.286284	0.000204396	-0.000816503	0.000352036
0.53834	0.0114832	0.286282	0.000377331	-0.00190858	-0.000301386
0.53834	0.0114804	0.286286	0.000116285	-0.00254057	0.000906698
0.53834	0.0114805	0.286282	2.23407e-05	-0.00193483	-0.000763997
0.538339	0.0114805	0.286285	-0.000235386	-0.00143901	0.000540344
0.538339	0.0114805	0.286285	-0.000120772	-0.00107761	0.000390953
0.53834	0.0114805	0.286283	7.22569e-05	0.00255178	-0.000471037
0.538339	0.011485	0.286286	-0.000215372	0.00342286	0.000725084
0.53834	0.0114835	0.286285	0.0004145	0.00196277	0.000244376
0.538339	0.011482	0.286284	-3.21623e-05	0.000907522	-0.000194209
0.53834	0.0114821	0.286284	0.000252075	0.000710694	-0.000249417
0.538342	0.0114807	0.286288	0.000580877	8.66209e-05	0.00119882
0.538341	0.0114836	0.286285	-4.08234e-05	0.00106201	-0.000589853
0.53834	0.0114866	0.286289	-0.000200381	0.00176467	0.00116708
0.538339	0.0114835	0.286285	-0.000162369	0.000186087	-0.000154054
0.538341	0.0114806	0.286286	0.000125447	-0.000843378	-0.000269295
0.538339	0.0114865	0.286286	-0.000512473	0.00142743	3.32966e-05
0.53834	0.0114866	0.286284	0.000230101	0.00097916	-0.000650006
0.53834	0.0114884	0.286285	-0.000143887	0.00164532	-0.000317239
0.53834	0.0114877	0.286285	0.000232446	0.000628008	0.00016007
0.538337	0.0114848	0.286282	-0.000809005	-0.000642878	-0.00101574
0.538341	0.0114836	0.286286	0.000775888	-0.000835934	0.000836189
0.53834	0.0114865	0.286283	0.000123267	0.000404081	-0.000767792
0.538339	0.0114861	0.286282	-0.000532004	-0.000264618	-0.000809961
0.538338	0.0114823	0.286284	-0.000626389	-0.00117431	5.40223e-05
0.538339	0.0114851	0.286283	0.000109175	0.00024379	-0.000235649
0.538338	0.0114865	0.286282	-0.000226272	0.000635343	-0.000505694
0.538339	0.011485	0.286282	-0.0001036	-7.04518e-05	-0.000272297
0.538338	0.011485	0.286282	-0.000103962	-4.52264e-05	-0.00022708
0.53834	0.0114836	0.286287	0.000696237	-0.000466068	0.00161432
0.538338	0.0114864	0.286283	-0.000554557	0.000611533	-0.000546953
0.538336	0.0114833	0.286279	-0.000398813	-0.000554241	0.00204187
0.53834	0.0114925	0.286286	0.000696607	0.00271485	0.00364063
0.53834	0.0114836	0.286283	0.000708946	-0.00118944	0.00156765
0.538341	0.0114896	0.286286	0.000555602	0.00123037	0.00214071
0.538338	0.0114865	0.286282	-0.000306271	-0.000231269	0.000321179
0.538339	0.0114879	0.286281	9.97673e-05	0.00035845	0.000189466
0.538338	0.0114906	0.286285	-0.0001633	0.000746445	0.00125687
0.538338	0.0114864	0.286279	-0.00026504	-0.00103884	-0.00102231
0.538337	0.0114854	0.28628	-0.00010441	-0.000678455	-0.000163673
0.538341	0.0114837	0.286282	0.000892222	-0.000895946	0.000620022
0.538339	0.0114835	0.286279	-7.24145e-05	-0.000642854	-0.000336277
0.538338	0.011488	0.286282	-0.000320028	0.00106808	0.000308015
0.538341	0.0114882	0.286287	0.000505951	0.000774327	0.00191753
0.53834	0.011488	0.286282	0.000210209	0.000478166	-0.000552449
0.538339	0.0114895	0.286285	-0.000376189	0.000813143	0.000753084
0.538339	0.0114868	0.286279	-8.45808e-05	2.7743e-05	-0.00100615
0.538339	0.0114902	0.286281	-6.00062e-05	0.000526684	-0.000270354
0.538338	0.0114867	0.286282	-0.000264612	-0.000660095	-3.78978e-05
0.538338	0.0114879	0.286278	-0.000274236	3.25907e-05	-0.00139368
0.53834	0.0114892	0.286283	0.000498206	8.28841e-05	0.000698258
0.538339	0.0114869	0.286285	0.00012362	-0.000435293	0.00155571
0.538338	0.0114907	0.286282	-0.000342668	0.000665923	-0.000329733
0.53834	0.0114885	0.286284	0.000564412	-0.00340174	0.000705436
0.538339	0.0114881	0.286282	3.22162e-05	-0.00257025	8.37397e-05
0.538338	0.0114849	0.286279	-0.000277073	-0.00295601	-0.000750169
0.53834	0.011485	0.28628	0.000319351	-0.00209284	-0.000284325
0.538339	0.0114845	0.286279	-2.52347e-05	-0.00203483	-0.000468437
0.538339	0.0114853	0.286282	-0.000263005	-0.000947328	0.000247155
0.538339	0.0114836	0.286282	0.000123615	-0.00117838	0.000496732
0.538338	0.0114834	0.28628	-0.00027634	-0.000866262	-0.000526918
0.538338	0.0114864	0.28628	0.000113254	0.000406136	2.20867e-05
0.538337	0.0114875	0.286278	-0.000241694	0.000216734	-0.000355935
0.538338	0.0114868	0.28628	-0.000162251	0.000124435	-0.000255827
0.538338	0.0114819	0.286277	-8.08734e-05	-0.00143954	-0.000547345
0.538341	0.0114851	0.286283	0.00101985	0.000112348	0.00170878
0.538338	0.0114789	0.28628	-0.000319806	-0.00199534	-9.82595e-06
0.53834	0.011482	0.28628	0.000102452	-0.000328439	-9.26935e-05
0.538338	0.0114864	0.286279	-0.000284746	0.00125128	-0.000472188
0.538339	0.011482	0.286283	0.000212839	-0.000625178	0.00102695
0.538339	0.011482	0.286281	0.00041373	-0.000417604	0.000164371
0.53834	0.0114865	0.286281	0.000139864	0.00120977	-0.000417904
0.538339	0.0114834	0.286282	-0.000411499	-0.000221189	-7.12868e-05
0.538338	0.0114849	0.28628	-0.000255061	0.000349471	-6.00984e-05
0.53834	0.0114835	0.286284	0.000520156	-0.000214239	0.0012113
0.538338	0.0114834	0.286281	-0.000364299	-0.000195979	-0.000450524
0.538337	0.0114833	0.286278	-0.000314501	-0.000135747	-0.000811859
0.53834	0.0114821	0.286284	0.000524323	-0.000528207	0.00121776
0.538338	0.0114819	0.286279	-0.000405376	-0.00041753	-0.000953852
0.538337	0.0114833	0.286278	-0.000565531	0.000198786	-0.000981594
0.538341	0.0114836	0.286283	0.000648278	0.00021063	0.000972596
0.538338	0.0114849	0.28628	-0.000276963	0.000595804	-0.000144642
0.538339	0.0114835	0.286285	1.35687e-05	-7.47782e-05	0.00139834
0.538339	0.0114865	0.286281	0.000209024	0.000939547	-0.000173318
0.538339	0.011488	0.286285	-6.10421e-05	0.00113483	0.00099676
0.538339	0.0114846	0.28628	0.000108973	-0.000758029	-0.000923444
0.538338	0.0114834	0.286282	-0.000496011	-0.00103184	-0.000386616
0.538339	0.0114809	0.286281	0.000231403	-0.00116168	-0.000490589
0.538338	0.0114895	0.286278	-0.000240943	0.00219149	-0.00117325
0.538338	0.011485	0.286281	0.000241429	2.55394e-06	0.000513521
0.538337	0.0114849	0.286279	-0.000125699	-1.98493e-05	1.31183e-05
0.538339	0.0114808	0.286283	0.000332424	-0.000979573	0.000914353
0.538339	0.0114846	0.286283	0.000135863	0.000345633	0.000540826
0.538339	0.0114848	0.286281	-0.000239899	0.000198064	-0.000476313
0.538337	0.0114862	0.286277	-0.000499032	0.000600393	-0.00117089
0.538339	0.0114879	0.28628	0.000259104	0.000940595	-6.30225e-05
0.53834	0.0114835	0.286285	0.000621191	-0.000814786	0.00179071
0.538339	0.0114789	0.286278	3.15725e-05	-0.00210355	-0.000974704
0.538338	0.0114849	0.28628	-0.000299231	0.000590466	-0.000197612
0.53834	0.0114851	0.286285	0.000450524	0.000450632	0.00109633
0.538339	0.0114846	0.286279	-0.000162374	-0.000254211	-0.001083
0.53834	0.0114824	0.286282	1.74245e-05	-0.000647421	0.000251183
0.53834	0.0114836	0.286282	-1.33398e-05	5.52596e-05	-0.000316932
0.53834	0.0114821	0.286282	0.000354541	-0.000438217	0.000206049
0.538338	0.0114849	0.28628	-0.000455575	0.000662179	-0.000651825
0.538339	0.0114834	0.286279	1.67577e-05	-4.65804e-05	-0.000514766
0.538339	0.0114849	0.286283	-0.00022666	0.000476554	0.000694168
0.53834	0.0114809	0.286285	0.000202339	-0.000648443	0.00131902
0.538339	0.0114845	0.286279	-0.000267952	0.00051599	-0.000907906
0.53834	0.0114834	0.286283	0.00019204	-0.000123331	0.000254823
0.53834	0.0114819	0.286281	0.000351592	-0.000571432	4.11715e-06
0.538338	0.011483	0.286278	-0.000409749	-0.000436246	-0.00115711
0.538341	0.0114836	0.286286	0.000563538	-0.000203979	0.00194134
0.538338	0.0114864	0.28628	-0.000507587	0.00116536	-0.000582352
0.538338	0.0114819	0.28628	4.79923e-05	-0.000700275	4.85111e-05
0.53834	0.0114835	0.286283	0.000339234	5.85069e-05	0.000404149
0.53834	0.011485	0.286282	0.000217128	0.000535646	0.000288844
0.53834	0.0114865	0.286281	8.86192e-05	0.00084701	-0.000334468
0.53834	0.0114836	0.286283	0.000379284	-0.000403188	0.000607149
0.538342	0.0114791	0.286284	0.000637211	-0.00174348	0.000857979
0.53834	0.0114865	0.286281	-0.000313015	0.00127851	-0.000737469
0.53834	0.0114835	0.286281	-0.000150772	-0.00014376	-0.00042677
0.538341	0.011485	0.28628	0.00023712	-0.00294851	-0.000390848
0.538338	0.0114818	0.286278	-0.000789766	-0.00330438	-0.000947219
0.53834	0.0114849	0.286279	8.07108e-05	-0.00137473	-0.000342813
0.538339	0.0114804	0.286278	0.000127322	-0.00257454	-0.000144235
0.53834	0.0114835	0.286282	0.000397981	-0.000791541	0.00111521
0.538337	0.0114848	0.286275	-0.000438639	-0.000188774	-0.00136679
0.538341	0.0114835	0.286279	0.000639967	-0.000629049	0.000178215
0.53834	0.0114819	0.28628	-0.000145096	-0.000989443	0.000298935
0.538338	0.0114833	0.286276	-0.000650903	-0.000278168	-0.00279472
0.538339	0.0114833	0.286277	-0.000125719	-0.000193539	-0.00160991
0.538337	0.0114848	0.286275	-0.000420825	0.00032524	-0.00154859
0.538339	0.0114864	0.286277	4.98505e-05	0.000722895	-0.000714963
0.538339	0.0114864	0.286279	6.89341e-05	0.00047652	-6.5961e-05
0.538341	0.011482	0.286282	0.000468361	-0.00115949	0.000807928
0.538339	0.0114879	0.28628	-9.08042e-05	0.0011969	3.03518e-05
0.538337	0.0114877	0.286276	-0.000734573	0.000737899	-0.00116803
0.538337	0.0114874	0.286278	-0.000505394	-2.4745e-06	-0.00040704
0.538339	0.0114822	0.286277	0.00034887	-0.00147741	-0.000354926
0.538338	0.0114849	0.286274	-0.000187827	-2.04782e-05	-0.00119136
0.538339	0.0114865	0.286279	0.000267318	0.00052546	0.000565734
0.538339	0.0114804	0.28628	0.000232126	-0.00163516	0.000826253
0.538339	0.0114863	0.286277	0.000122277	0.000883436	-0.000327972
0.53834	0.011485	0.286281	0.000427074	0.000128389	0.00102825
0.53834	0.0114865	0.286279	0.000164251	0.000569109	-0.000267908
0.538338	0.0114881	0.286275	-0.000276302	0.0013862	0.00190056
0.538341	0.0114876	0.28628	0.000603466	0.000499835	0.00328769
0.538339	0.0114803	0.28628	0.000133998	-0.00217214	0.00245455
0.53834	0.0114849	0.28628	0.000131787	5.10344e-05	0.0018207
0.538339	0.0114879	0.286279	-2.4145e-05	0.00103019	0.000840726
0.538338	0.0114879	0.28628	-0.000248048	0.000683113	0.00118378
0.53834	0.0114849	0.286279	0.000165431	-0.000540234	0.000386589
0.538339	0.0114893	0.286276	-6.79279e-05	0.00111632	-0.00075806
0.538337	0.0114877	0.286274	-0.000382505	0.000228757	-0.000866765
0.538338	0.0114878	0.286276	-0.000112791	0.000163571	3.27551e-05
0.538339	0.011489	0.286278	0.000323873	-0.00324578	0.000857049
0.538339	0.0114913	0.286279	0.000172407	-0.00144622	0.000563587
0.538338	0.0114865	0.286278	-0.000134213	-0.00269387	5.80683e-05
0.53834	0.0114865	0.286279	0.000583614	-0.00191016	0.000817214
0.538339	0.0114864	0.286277	3.04895e-05	-0.00142521	-0.000328146
0.538339	0.0114894	0.286277	-6.31279e-05	-4.23796e-05	-0.000282602
0.538339	0.0114834	0.286278	7.73029e-05	-0.00208386	0.000365526
0.538338	0.0114878	0.286275	-0.000339134	2.89532e-05	-0.000613672
0.53834	0.011488	0.286281	0.000215008	3.3222e-05	0.00138072
0.538339	0.0114864	0.286279	-0.000166439	-0.000527322	0.000511417
0.538339	0.0114879	0.28628	9.35272e-05	0.000139774	0.000195702
0.538339	0.0114891	0.286283	0.000209849	9.73914e-05	0.00115721
0.538339	0.0114853	0.286279	-0.000238977	-0.000987858	-0.000556841
0.538339	0.0114881	0.28628	0.000137438	0.000352007	1.11646e-06
0.538339	0.0114835	0.286281	-0.000179786	-0.00128021	0.00011366
0.538339	0.0114879	0.286281	0.000194013	0.000659828	0.000451755
0.538338	0.0114848	0.28628	-0.000133885	-0.000587109	-4.43121e-05
0.538339	0.0114891	0.28628	0.000165199	0.000616958	-0.000145803
0.53834	0.0114898	0.286281	0.000414068	0.000931369	0.000235979
0.538341	0.0114867	0.286283	0.000344583	-0.000365864	0.000703785
0.538341	0.0114881	0.286283	0.00018084	0.000250726	0.000385001
0.53834	0.0114906	0.286281	-0.00020794	0.000643708	-0.000115124
0.538339	0.0114853	0.286279	-0.000145453	-0.00107906	-0.000526208
0.538339	0.0114846	0.286278	-5.14159e-05	-0.0012207	-0.000305248
0.53834	0.0114895	0.28628	0.000279487	0.00070596	0.000172211
0.53834	0.0114885	0.286281	0.000164083	0.000483624	0.000534303
0.53834	0.0114822	0.286281	0.000155319	-0.00167843	0.000395005
0.53834	0.0114836	0.286283	-0.000184439	-0.000628576	0.000360349
0.538339	0.0114851	0.286283	-0.000120982	9.24535e-05	0.000705247
0.538338	0.0114865	0.28628	-0.000208876	0.000539161	-0.000532457
0.53834	0.011485	0.286283	0.000294181	-0.000109955	0.000554508
0.53834	0.011485	0.286282	0.000152319	-8.23487e-05	-0.000137977
0.538342	0.0114866	0.286285	0.000452526	0.000473971	0.000787529
0.538339	0.0114879	0.286282	-0.000630964	0.000750161	-0.000583762
0.538338	0.0114863	0.28628	-0.000803254	-3.34848e-05	-0.00127538
0.53834	0.0114865	0.286282	0.000100256	2.55679e-05	-0.00010661
0.538339	0.0114819	0.28628	9.31965e-05	-0.00149242	-0.000494418
0.538339	0.0114863	0.286278	-6.40888e-06	0.00050255	-0.000394505
0.538339	0.0114804	0.28628	0.000117092	-0.00165012	0.000290128
0.538339	0.011483	0.286279	0.000180256	-0.000427563	-0.000168491
0.538339	0.0114838	0.28628	0.000139055	0.000214457	-8.90969e-05
0.538341	0.0114852	0.286284	0.000769209	0.000707629	0.00159879
0.53834	0.011485	0.286282	0.000215553	0.000437483	0.000255144
0.538339	0.0114834	0.286281	-0.000182487	-0.000222704	0.000256559
0.538341	0.0114836	0.286284	0.000543633	-0.000100656	0.00093792
0.538339	0.0114804	0.286279	-0.000334636	-0.00113013	-0.00107553
0.538338	0.0114834	0.286281	-0.000446378	0.000243098	-0.000105596
0.53834	0.0114805	0.286282	4.32505e-05	-0.000814297	0.000320821
0.53834	0.0114834	0.286279	0.000206149	0.000455795	-0.000436289
0.538339	0.011485	0.286283	-3.1367e-05	0.000813418	0.000828185
0.538338	0.0114833	0.286278	-0.00052408	-1.63527e-05	-0.00173067
0.53834	0.0114835	0.286281	4.68923e-05	2.79821e-05	0.000126373
0.53834	0.0114846	0.286281	2.36116e-05	0.00339845	0.000152993
0.538339	0.0114793	0.286282	-0.00032632	0.00103492	0.000145831
0.538339	0.0114806	0.28628	3.03984e-05	0.00140435	-0.000484235
0.538341	0.0114806	0.286282	0.000376903	0.0011269	0.000537272
0.53834	0.0114835	0.286281	0.000154034	0.00185672	-0.000172669
0.538339	0.0114835	0.286282	-0.000104866	0.00132608	0.000493395
0.538339	0.0114759	0.286279	-0.00013368	-0.00157553	-0.00100947
0.53834	0.0114805	0.286282	-0.000109783	0.000519555	0.000147165
0.53834	0.0114816	0.28628	-5.17238e-05	0.000372509	-0.000321385
0.538339	0.0114808	0.286278	-7.30279e-05	0.000267415	-0.000653685
0.538339	0.0114847	0.28628	4.12133e-05	0.00121706	0.000498648
0.538338	0.0114838	0.286277	-5.29638e-05	0.000807987	-0.000595252
0.538339	0.0114847	0.286278	-6.87969e-05	0.000550652	-0.000422969
0.53834	0.0114839	0.286282	3.40439e-05	0.000395267	0.000645706
0.538338	0.0114835	0.28628	-0.000358081	0.000248254	9.26698e-06
0.538339	0.0114834	0.286278	-0.00019338	0.000150897	-0.000822776
0.538338	0.0114845	0.286277	-0.000191777	0.00010455	-0.000597881
0.538339	0.0114838	0.286279	0.000223149	9.09269e-05	-5.83935e-07
0.53834	0.0114821	0.286279	0.000401863	-0.000422933	-0.000142958
0.53834	0.011482	0.286281	6.33656e-05	-0.000281542	0.00048666
0.53834	0.0114835	0.286279	2.48291e-05	0.000304563	-7.23793e-05
0.53834	0.0114876	0.286279	-7.0899e-05	0.00120194	-0.000136376
0.53834	0.0114853	0.286279	3.62067e-05	0.000310255	0.000394042
0.53834	0.0114866	0.28628	-2.14163e-05	0.000708162	0.000217165
0.538338	0.0114848	0.286277	-0.000357819	-6.31244e-05	-0.000647061
0.538339	0.0114834	0.286279	-0.000154995	-0.000526241	5.35188e-05
0.538339	0.0114849	0.286279	0.000131044	0.000163228	-7.7442e-05
0.538339	0.0114875	0.286278	4.94216e-06	0.000593078	-0.000563065
0.538339	0.0114852	0.286278	-0.000232172	-0.000112549	-0.000235761
0.538338	0.0114879	0.286277	-0.000177791	0.000921734	-0.000176537
0.53834	0.0114849	0.286278	0.000602957	-0.000339853	0.000694728
0.538339	0.0114833	0.286276	1.04426e-05	-0.000768505	-0.000885196
0.53834	0.0114819	0.286279	8.04554e-05	-0.000979143	0.000815188
0.538339	0.0114849	0.286278	-5.51391e-07	0.00034517	0.000481468
0.538338	0.0114848	0.286275	-0.000367147	0.000187526	-0.000935912
0.53834	0.0114819	0.286279	0.00045445	-0.000817928	0.00060797
0.538337	0.0114862	0.286277	-0.000675859	0.000895605	-0.000313379
0.538338	0.0114833	0.286278	-0.000118128	-0.000388482	-0.000233902
0.538339	0.0114879	0.286278	0.00017592	0.00126133	0.000173293
0.538338	0.0114878	0.286276	-0.000172727	0.000816165	-0.000252441
0.538338	0.0114893	0.286275	-0.000136393	0.00103461	-0.000649811
0.53834	0.0114876	0.28628	0.000616319	-0.00024445	0.00125078
0.538337	0.0114866	0.286277	-0.000500562	-0.000221064	0.000206608
0.538339	0.0114865	0.286277	0.00025348	-0.000123127	-3.95152e-05
0.53834	0.0114876	0.286277	0.000448023	-6.87094e-05	-0.000104002
0.538339	0.0114867	0.286277	2.13309e-05	-5.66808e-05	2.76871e-05
0.538339	0.0114835	0.286277	5.63516e-06	-0.0010355	3.10851e-05
0.538338	0.0114905	0.286278	-0.000281632	0.0013049	0.000518414
0.538339	0.0114837	0.286276	2.42579e-05	-0.00113602	-0.000682946
0.538341	0.0114866	0.286281	0.000494395	0.000289973	0.00134311
0.538339	0.0114879	0.286276	9.17588e-05	0.000655405	-0.00105818
0.53834	0.0114891	0.28628	0.000150218	0.00046823	0.000684341
0.538341	0.0114884	0.286281	0.000238272	0.000318362	0.00102002
0.538339	0.011491	0.286278	-0.000224164	0.00117847	-0.000199464
0.538339	0.0114921	0.28628	-0.000168376	0.000798462	0.000325278
0.538339	0.0114868	0.286277	-0.000129177	-0.000986929	-0.000668206
0.538339	0.0114835	0.286278	-2.35298e-05	-0.00164665	3.27193e-05
0.538337	0.0114863	0.286278	-0.000665109	-0.000134691	-0.000314976
0.538338	0.0114893	0.286277	-0.000189027	0.00092139	-0.000326402
0.53834	0.0114879	0.286279	0.000263614	0.00013594	0.000184221
0.53834	0.0114861	0.28628	0.000210986	-0.000896277	0.000643074
0.53834	0.0114854	0.28628	0.000416359	-0.000585511	0.0003123
0.538339	0.0114835	0.28628	1.42118e-05	-0.000899438	0.000343979
0.53834	0.011485	0.286281	3.76204e-05	-9.3089e-05	0.000678832
0.538339	0.0114894	0.286278	-9.45379e-05	0.0014169	-0.00056273
0.538339	0.0114849	0.286278	-2.60591e-05	-0.000553936	-0.000316998
0.538341	0.011485	0.286279	0.000578739	-0.000334816	7.35334e-05
0.53834	0.0114849	0.28628	-0.000169777	-0.000246423	0.000233015
0.53834	0.011485	0.286282	-7.2678e-05	-0.00015302	0.000624204
0.53834	0.011482	0.286285	0.000336164	-0.0010712	0.00131502
0.538339	0.0114819	0.28628	-0.00020595	-0.000757568	-0.000475502
0.53834	0.011485	0.286282	-5.69985e-05	0.000504525	0.000181842
0.538337	0.0114863	0.286277	-0.000767	0.000775715	-0.0015796
0.53834	0.011488	0.286281	0.000330525	0.00107594	-7.11463e-05
0.53834	0.011485	0.28628	0.000309466	-0.00027821	6.00556e-05
0.53834	0.011485	0.286283	-2.72203e-05	-0.000185537	0.000644691
0.538342	0.0114836	0.286284	0.000626573	-0.000577879	0.00115408
0.538338	0.0114878	0.286276	-0.000693495	0.00101092	-0.00180078
0.538339	0.0114849	0.286279	-6.9231e-05	-0.000280579	0.000114515
0.53834	0.0114849	0.286281	5.54424e-05	-0.000178478	0.000575206
0.53834	0.0114819	0.28628	0.000263605	-0.00111232	-0.000189214
0.53834	0.0114805	0.286282	0.000305619	-0.00121848	0.000895866
0.538341	0.0114805	0.286281	0.000404023	-0.000813979	-3.35289e-05
0.53834	0.0114861	0.286281	-4.16425e-05	0.000944565	5.52883e-05
0.538339	0.0114808	0.286276	-0.000432586	-0.000919207	-0.00171215
0.538339	0.011482	0.286281	-0.000454133	-9.4712e-05	0.000371518
0.53834	0.0114821	0.286283	0.000373428	-1.12436e-05	0.00146025
0.538339	0.0114834	0.286279	-0.000174563	0.000625365	-0.000605088
0.538339	0.0114834	0.28628	-0.000392059	0.000406719	-0.000286991
0.538339	0.0114804	0.28628	-0.000114495	-0.000726594	-9.2615e-05
0.538338	0.0114844	0.286276	-0.000303355	0.000490463	-0.0010881
0.538339	0.0114853	0.286279	0.00017249	0.000861364	0.00010906
0.538339	0.011482	0.286277	0.00013158	-0.00043597	-0.000340573
0.53834	0.0114805	0.286281	0.000145257	-0.000769076	0.000674487
0.53834	0.0114804	0.286279	5.80498e-05	-0.000518108	1.32501e-07
0.538339	0.0114818	0.286276	-0.000338409	0.00010683	-0.00129263
0.538339	0.0114807	0.286278	6.99755e-05	0.000102992	-7.04074e-05
0.53834	0.01148	0.286277	0.000364233	-0.000416514	-0.000120762
0.538339	0.0114832	0.286276	-0.000375408	0.000684181	-0.00037467
0.538339	0.0114788	0.286276	-0.000247046	-0.00108642	-0.00321438
0.53834	0.0114805	0.286281	0.0011514	-0.000200776	-0.000788834
0.538339	0.011486	0.28628	0.000549358	0.00134693	-0.000567899
0.53834	0.0114824	0.28628	0.000645173	-8.90492e-05	-0.000653763
0.53834	0.0114809	0.286278	0.000490071	-7.39057e-05	-0.000888509
0.538337	0.0114813	0.286273	-0.000562023	-0.00351228	-0.00214553
0.538338	0.0114802	0.286279	7.19905e-05	-0.00307338	0.000334873
0.538339	0.0114818	0.286276	6.49188e-06	-0.00178261	-0.000743443
0.538339	0.0114818	0.286278	2.52212e-05	-0.00133793	-8.27416e-05
0.538339	0.0114819	0.286278	0.000307637	-0.000996688	-0.00013761
0.538337	0.0114817	0.286276	-0.000384545	-0.000791103	-0.000407098
0.538338	0.0114803	0.286275	0.00097532	-0.00108223	0.000387863
0.538337	0.0114832	0.286275	0.000711411	0.000227016	0.000313582
0.538339	0.0114833	0.286276	0.000854016	0.000135473	0.000622148
0.538338	0.0114834	0.286277	0.000334168	4.81054e-05	0.00049392
0.538339	0.0114819	0.286278	2.0089e-05	-0.000556324	-0.00288007
0.538341	0.0114835	0.28628	0.000606082	0.000150698	-0.00147766
0.538339	0.0114848	0.286275	-1.00995e-06	0.000544889	-0.00245709
0.53834	0.0114822	0.286274	0.000905179	-0.000165115	-0.00153414
0.53834	0.011486	0.286277	0.00105114	0.000912339	-0.000221877
0.53834	0.0114833	0.286279	0.00144392	-0.000401537	0.00113518
0.53834	0.0114834	0.286277	0.00128982	-0.000267534	0.000191982
0.538338	0.0114833	0.286275	0.000380091	-0.000233962	-0.000538817
0.538339	0.0114894	0.286277	0.000635712	0.00187132	0.000463306
0.538338	0.0114863	0.286275	0.000109716	0.000218169	-0.000539669
0.53834	0.0114849	0.286276	0.00172911	-0.000312294	0.00117648
0.538337	0.0114862	0.286273	0.00054237	0.000232162	-0.000400593
0.538338	0.0114817	0.286274	0.000547716	-0.00133624	0.000316481
0.538339	0.0114819	0.286279	0.000825383	-0.000849637	0.00156939
0.538338	0.0114878	0.286276	0.000510153	0.00142194	0.000578293
0.53834	0.0114834	0.28628	0.000805778	-0.000511055	0.00172667
0.538339	0.0114924	0.286277	0.000133771	0.00262397	0.000249527
0.538339	0.0114879	0.28628	0.000185881	0.000265138	0.000705833
0.53834	0.0114894	0.286278	0.000300925	0.00067517	-0.000144634
0.538339	0.0114818	0.286274	-2.58763e-05	-0.0020759	-0.000822612
0.53834	0.0114864	0.28628	0.000364452	0.000164273	0.00116327
0.53834	0.011485	0.286279	0.000281961	-0.000401614	0.000359972
0.53834	0.011488	0.286281	0.00107988	0.00074003	0.00139451
0.538338	0.0114863	0.286277	0.000164901	-6.03319e-05	-0.000196424
0.53834	0.0114865	0.286279	0.000741939	1.53142e-06	0.000591422
0.538338	0.0114863	0.286276	-9.38715e-05	-4.27305e-05	-0.000294448
0.538339	0.0114834	0.28628	0.000457851	-0.000985579	0.00122809
0.538339	0.0114864	0.28628	0.000298954	0.000331127	0.000357232
0.53834	0.0114909	0.286278	0.000328298	0.00172446	-0.000378205
0.53834	0.0114864	0.286279	0.000367636	-0.000341392	0.000267308
0.538339	0.0114864	0.286279	-1.98009e-05	-0.00023964	0.000303062
0.53834	0.011491	0.286281	0.000310657	0.00135784	0.000567604
0.53834	0.0114879	0.28628	-5.04523e-05	-0.000113021	7.32832e-05
0.538339	0.0114878	0.286277	-0.000173621	-9.5104e-05	-0.000944011
0.538339	0.0114879	0.28628	-6.17467e-05	-4.22634e-05	0.000277767
0.538339	0.0114864	0.286278	-2.62715e-05	-0.000527091	0.00020656
0.538339	0.0114849	0.28628	3.88727e-05	-0.000841994	0.000646859
0.538338	0.0114833	0.286278	-0.000292465	-0.00109328	-0.000404495
0.538341	0.0114881	0.286283	0.000737001	0.000846996	0.00127295
0.538339	0.0114894	0.286278	-0.000198043	0.00101072	-0.00040206
0.538338	0.0114803	0.286276	-0.000458801	-0.00236393	-0.00148955
0.538341	0.0114865	0.286281	0.000702952	0.000497934	0.000572857
0.538339	0.0114879	0.286281	-0.00041265	0.000781331	0.000223816
0.53834	0.0114835	0.286281	4.67933e-05	-0.000950224	0.000553224
0.53834	0.0114846	0.28628	-1.41359e-05	-0.00064835	-0.000158018
0.538341	0.0114885	0.286284	0.000360938	0.00111231	0.00124309
0.538341	0.0114882	0.286283	0.000169006	0.000728124	0.000317355
0.538339	0.0114879	0.286279	-0.000504	0.000431954	-0.00099033
0.53834	0.0114846	0.286279	1.71959e-05	-0.00119093	-0.000249543
0.538341	0.0114865	0.286281	0.00122016	-0.000271989	0.000896256
0.538339	0.0114839	0.286281	0.000383965	-0.000707084	0.00091787
0.53834	0.0114881	0.28628	0.000481206	0.00103032	7.74927e-06
0.53834	0.0114832	0.286282	0.000452836	-0.00130012	0.00056671
0.538339	0.0114868	0.286282	2.54772e-05	0.000619233	0.000500739
0.538339	0.011485	0.286278	-7.41323e-05	-0.00011723	-0.00111152
0.538341	0.0114821	0.286281	0.000668274	-0.00102481	0.000505506
0.538339	0.0114849	0.286277	3.84666e-05	0.000273872	-0.000970977
0.53834	0.0114849	0.286278	0.000393555	0.000216302	0.000191507
0.538341	0.0114851	0.286282	0.00059899	0.00017585	0.000951306
0.538338	0.0114833	0.286279	-0.000811771	-0.000460106	-0.00034091
0.538339	0.0114846	0.286281	-0.000154481	-0.000284122	0.000216765
0.538341	0.0114824	0.286283	0.000548364	-0.000642505	0.000910149
0.53834	0.0114824	0.28628	2.19176e-05	3.68454e-05	-0.000286293
0.53834	0.0114816	0.286282	4.30372e-05	-0.000466822	0.00031441
0.538339	0.0114818	0.286281	-0.000321029	-0.000335069	-0.000187257
0.53834	0.0114819	0.28628	9.59971e-05	-0.000207845	-0.000214332
0.53834	0.0114789	0.286278	4.72601e-05	-0.00114651	-0.000591765
0.538338	0.0114818	0.286275	-0.000393859	0.000190726	-0.00177109
0.538338	0.011483	0.286278	-0.000517166	0.000135942	-0.000146885
0.538338	0.0114837	0.286278	2.55325e-05	0.000612163	0.000323537
0.538339	0.0114821	0.28628	0.000312552	-6.92457e-05	0.000561591
0.538341	0.0114806	0.286281	0.000537066	-0.000523622	0.000746381
0.538341	0.0114832	0.286283	0.00138911	0.000159186	0.00177187
0.538338	0.0114822	0.286278	0.000295142	4.93385e-05	-3.18325e-05
0.538338	0.011485	0.286277	0.000221445	0.00102168	-0.00044015
0.538339	0.0114849	0.286279	0.000213136	0.000701433	0.000668284
0.53834	0.0114834	0.28628	0.000524181	-2.20645e-05	0.000404417
0.538338	0.0114818	0.286277	-0.000291378	-0.000568092	-0.00092349
0.538339	0.0114834	0.286279	0.000322893	0.000239005	2.38257e-05
0.53834	0.0114834	0.28628	0.000335814	0.000174135	0.000583785
0.538339	0.0114834	0.286281	-4.13307e-05	0.000110393	0.000513752
0.538339	0.0114793	0.28628	0.000312198	-0.000911442	0.000277739
0.538338	0.0114844	0.286278	-0.00017402	0.000871401	-0.000266375
0.538338	0.0114849	0.28628	-0.000907674	0.000414013	-0.000573433
0.538338	0.0114833	0.286276	-0.000729195	-0.000253669	-0.00180801
0.538338	0.0114833	0.286278	-0.000402617	-0.000148585	-0.000256924
0.53834	0.0114849	0.28628	5.56758e-05	0.000434197	0.000650834
0.538338	0.0114818	0.286276	-0.000668737	-0.000762937	-0.000818728
0.53834	0.0114834	0.286277	0.000435284	3.76379e-05	-0.000361693
0.538339	0.011486	0.286278	-8.29211e-05	0.00383424	-0.000200755
0.538339	0.0114837	0.286278	-0.000332045	0.00232077	-3.90523e-06
0.53834	0.0114836	0.286282	0.000474331	0.00180681	0.00122879
0.538338	0.0114818	0.286276	-0.000499721	0.000789851	-0.00137373
0.53834	0.0114865	0.286279	0.000271666	0.00219322	0.000222208
0.538338	0.0114818	0.286279	-0.000679418	0.00338396	-5.5218e-05
0.538342	0.0114866	0.286283	0.000804248	0.00419165	0.00144205
0.538339	0.011486	0.286277	-0.000207066	0.00248678	-0.000752497
0.538339	0.0114852	0.286276	-0.000183299	0.00184886	-0.000967458
0.538339	0.0114846	0.286276	-0.000189543	0.000870155	-0.00114518
0.538338	0.0114897	0.286275	-0.000177265	0.00268267	-0.000825464
0.538337	0.0114833	0.286272	-0.000677061	-0.000166871	-0.00123204
0.53834	0.011485	0.286278	0.000283223	0.000515825	0.000890394
0.538338	0.0114878	0.286275	-0.000222558	0.00135533	-0.000281292
0.53834	0.0114865	0.28628	0.000578779	0.000504497	0.00150197
0.538339	0.0114848	0.286278	2.46667e-06	-0.000172721	0.000114186
0.538339	0.0114864	0.28628	7.47462e-05	0.000426073	0.00105192
0.538338	0.0114878	0.286276	-0.000114728	0.000768337	-0.000757787
0.538339	0.0114849	0.286277	7.80908e-05	-0.000467564	4.52174e-05
0.538339	0.0114837	0.286277	5.18375e-05	-0.000301643	2.98359e-05
0.538339	0.0114875	0.286278	-8.25778e-05	0.000804741	-9.1697e-05
0.538338	0.0114846	0.286275	-0.000321264	-0.000553328	-0.000389862
0.538338	0.0114833	0.286276	0.000765856	-0.000870994	0.000538537
0.538338	0.0114893	0.286278	0.000518232	0.00141978	0.000781513
0.53834	0.0114849	0.28628	0.000786456	-0.000527067	0.00100062
0.53834	0.0114819	0.286276	0.000819763	-0.00135997	-0.000297137
0.538341	0.0114865	0.28628	0.000694114	0.000621836	0.00120869
0.538338	0.0114848	0.286276	-0.000306877	-0.000150961	-0.000880048
0.538339	0.0114848	0.286278	-0.000146551	-9.13479e-05	-0.000113395
0.538338	0.0114863	0.286278	-8.72871e-05	0.000447857	0.000378015
0.538339	0.0114849	0.286278	0.000589628	-0.000167257	0.000541718
0.538338	0.0114833	0.286276	-0.000193022	-0.000656803	-0.000333786
0.538341	0.0114835	0.286283	0.00065997	-0.000371874	0.0015516
0.538338	0.0114848	0.286276	-0.0013237	0.000180222	-0.00192574
0.538339	0.0114879	0.286278	-0.000592699	0.00115082	-0.000543891
0.538341	0.0114835	0.286281	-4.52242e-05	-0.000690281	0.000973773
0.538338	0.0114863	0.286275	-0.000884316	0.000464144	-0.00160543
0.538339	0.0114849	0.286277	-0.000190099	-0.000156533	-0.000215055
0.53834	0.0114835	0.286278	0.000179853	-0.000579524	0.000229265
0.538338	0.0114878	0.286278	-0.000525036	0.00107607	-0.000135871
0.538341	0.0114846	0.286282	0.000314995	-0.000724623	0.00112414
0.53834	0.0114868	0.28628	-0.000183	0.000479796	-0.000137852
0.53834	0.0114866	0.286277	0.000141554	0.000326044	-0.000627522
0.538341	0.011482	0.286278	0.000160329	-0.00127316	3.60703e-05
0.538341	0.0114895	0.286281	8.65372e-05	0.00165727	0.000450861
0.538339	0.0114849	0.286279	-0.000536939	-0.000426596	5.52965e-05
0.538339	0.0114864	0.286279	-9.69311e-05	0.000228078	-0.000100805
0.538339	0.0114834	0.286278	-0.000424065	-0.000869944	-0.000470405
0.53834	0.0114831	0.286279	6.84296e-05	-0.00106637	-0.000342942
0.53834	0.0114856	0.286278	4.08802e-05	0.000785712	-0.000261419
0.53834	0.0114843	0.286279	0.0003358	-0.000450212	0.000209583
0.53834	0.0114823	0.28628	0.00027445	-0.000790285	0.000608157
0.53834	0.0114832	0.286278	0.000112499	-0.00053777	-8.69854e-05
0.538338	0.0114868	0.286277	-0.000491402	0.00110611	-0.000303066
0.538338	0.0114849	0.286276	-0.000393983	0.000216565	-0.00109112
0.538339	0.0114834	0.286276	-1.1341e-05	-0.000340414	-0.000889519
0.53834	0.0114864	0.286279	9.32348e-05	0.000800056	0.000822837
0.53834	0.0114818	0.286275	0.000324509	-0.000973873	-0.000450094
0.53834	0.011482	0.286281	0.000277433	-0.000617186	0.00108582
0.538341	0.011485	0.286283	0.000233611	0.000597081	0.00121594
0.53834	0.0114864	0.286279	-0.000197678	0.000855252	-0.000527163
0.538339	0.0114861	0.286281	-0.000127492	9.17958e-05	0.000571828
0.538341	0.0114824	0.286283	0.000317835	-0.000990829	0.00082246
0.538339	0.011485	0.286277	-0.000213346	0.000289543	-0.000819382
0.538339	0.011483	0.286277	-0.00108884	-0.00080524	-0.00128928
0.53834	0.0114853	0.286279	-0.00050908	0.000480662	-0.0005684
0.538342	0.0114792	0.286281	8.02762e-06	-0.00164665	0.000473921
0.53834	0.0114834	0.286277	-0.000781282	0.000343559	-0.00101247
0.53834	0.011482	0.286281	-0.000427593	-0.000249468	0.000318245
0.538339	0.0114834	0.286278	-0.000609897	-0.00308818	-0.000686699
0.538337	0.0114859	0.286275	-0.000826045	-0.00188125	-0.0017525
0.53834	0.0114854	0.28628	0.00043144	-0.00139238	0.0003757
0.538338	0.011485	0.286278	-3.72698e-05	-0.00110953	-0.000129558
0.538338	0.0114818	0.286275	-0.000362944	-0.00188723	-0.000884409
0.538337	0.0114844	0.286275	-0.000538174	-0.000863335	-0.000545985
0.538338	0.0114792	0.286275	0.000227472	-0.00211757	-0.000532058
0.538339	0.0114805	0.286278	0.000217242	-0.00094054	0.000550977
0.538339	0.0114819	0.286278	0.000132489	-0.000166757	0.000365389
0.538338	0.0114848	0.286276	-0.00025379	0.000835048	-0.000149065
0.538339	0.0114844	0.286275	9.09207e-05	5.07931e-05	-0.000191309
0.538338	0.0114822	0.286274	-0.000218464	-0.000574172	-0.000476335
0.538339	0.011482	0.286278	0.000323766	-0.00373886	0.000981417
0.538339	0.0114849	0.286278	0.000262881	-0.00178853	0.000703221
0.538339	0.0114845	0.286275	4.72194e-05	-0.00193066	-0.000508564
0.53834	0.0114823	0.286276	0.000293072	-0.00194138	-0.000459534
0.538338	0.0114834	0.286275	-0.000368583	-0.000947753	-0.00012249
0.53834	0.0114819	0.286277	0.000465228	-0.00117704	0.000711212
0.53834	0.0114819	0.286277	0.00030307	-0.000863889	5.78421e-05
0.538338	0.0114774	0.28628	-0.000264196	-0.00213118	0.00119515
0.538338	0.0114848	0.286277	-0.000393372	0.00100545	-0.000752322
0.53834	0.011485	0.286279	0.000438491	0.000687099	0.000310814
0.538341	0.0114835	0.28628	0.000598944	-3.52741e-05	0.00099856
0.538337	0.0114847	0.286275	-0.000606778	0.00038474	-0.000938098
0.53834	0.0114864	0.286275	0.000140658	0.000766839	-0.000809417
0.538338	0.0114833	0.286277	-0.000481915	0.00288175	9.09559e-07
0.53834	0.0114819	0.286277	2.26821e-05	0.00170962	-5.80555e-05
0.53834	0.0114834	0.286277	-3.02311e-05	0.00184453	-7.01591e-05
0.53834	0.0114819	0.286279	0.000283914	0.000919096	0.000757764
0.538339	0.0114833	0.286276	-0.000159478	0.00118544	-0.000749604
0.538339	0.0114834	0.286277	-7.05584e-05	0.000884773	-6.37655e-05
0.538337	0.0114818	0.286276	-0.000664807	0.000121606	-0.00032667
0.538338	0.0114833	0.286278	-0.000135516	0.000655889	0.00017145
0.538339	0.0114819	0.28628	0.000237259	-3.41358e-06	0.000484672
0.538337	0.0114832	0.286274	-0.000537438	0.000460596	-0.00134258
0.538339	0.0114819	0.286277	0.000292274	-0.000119903	0.000261099
0.538338	0.0114833	0.286274	-0.000179262	0.000394369	-0.00108056
0.538339	0.0114834	0.286277	0.000213004	0.000243282	0.000510585
0.53834	0.0114876	0.286278	0.000436596	0.00118554	0.000692555
0.538339	0.0114853	0.286279	0.000100848	0.000292203	0.00112814
0.53834	0.0114836	0.28628	0.000393926	-0.000281808	0.00110439
0.538337	0.0114833	0.286275	-0.000742176	-0.000273493	-0.00132975
0.53834	0.0114877	0.286281	0.000486809	0.000903798	0.00115992
0.538338	0.0114821	0.286275	-0.000360279	-0.000960576	-0.000908199
0.53834	0.0114847	0.28628	0.000491454	-8.35988e-05	0.000695139
0.538341	0.011484	0.286283	0.000347446	-3.74243e-05	0.00137117
0.538339	0.011485	0.28628	-0.000458578	0.000421644	-0.000337245
0.538338	0.0114818	0.286278	-0.000611216	-0.00075024	-0.00105881
0.538339	0.0114879	0.286279	-0.000167154	0.00152146	-0.000379579
0.538339	0.0114834	0.286278	-4.29161e-05	-0.00048464	-0.000188158
0.53834	0.0114849	0.28628	0.000319073	0.000208166	0.000715266
0.538341	0.011488	0.28628	0.000463736	0.00114685	0.000321677
0.538341	0.0114876	0.286281	0.000239433	0.0036543	0.000121607
0.538339	0.0114882	0.286277	-0.00025126	0.00318779	-0.000816144
0.53834	0.0114851	0.286281	0.000221205	0.00137846	0.000772813
0.538339	0.011488	0.28628	-0.000195608	0.00205821	0.000137168
0.538338	0.0114849	0.286277	-0.000472062	0.000458261	-0.00077326
0.53834	0.0114864	0.28628	1.98268e-05	0.000916487	-0.000123911
0.53834	0.0114891	0.286281	0.00039411	0.00120612	0.000801051
0.53834	0.0114898	0.286279	0.00108586	0.00133386	0.00026038
0.538341	0.0114897	0.286283	0.000920016	0.000945033	0.00123732
0.538337	0.0114893	0.286277	-4.04921e-05	0.000603118	-0.000406771
0.538339	0.0114876	0.28628	0.000374064	-0.00053644	0.000658124
0.538339	0.0114898	0.286279	0.000287379	0.000652527	0.000449012
0.538339	0.011485	0.286279	0.000209606	-0.00106067	-0.000130832
0.53834	0.011485	0.286279	0.000434088	-0.000686217	-0.000189148
0.538339	0.0114894	0.286278	-4.98006e-05	0.00102446	-0.000525828
0.53834	0.011491	0.28628	0.000316033	0.0012071	3.62087e-05
0.53834	0.0114912	0.286278	-8.04105e-05	0.00128766	-0.000318372
0.53834	0.0114876	0.286282	8.45433e-05	-0.000605676	0.00127263
0.538341	0.0114833	0.286279	0.000316985	-0.00191105	-0.000179043
0.538338	0.0114889	0.286278	-0.00044542	0.000192027	-0.000453589
0.538339	0.0114913	0.28628	7.66437e-06	0.00115939	0.000494744
0.538339	0.0114903	0.286279	-0.000286188	-0.000242766	-1.83128e-06
0.538339	0.0114857	0.286277	3.75778e-05	-0.00115926	-0.000608642
0.538339	0.0114893	0.286277	3.43058e-05	0.000224934	-0.000381699
0.538342	0.0114855	0.286282	0.000722885	-0.000791075	0.000978053
0.53834	0.0114878	0.286281	0.000196155	-3.95174e-05	0.000768909
0.538339	0.0114861	0.286278	-0.000172601	-0.00105855	-0.000301615
0.538338	0.0114888	0.286279	-0.000457305	0.000782187	-0.00012993
0.538339	0.0114867	0.286279	1.4962e-05	3.23411e-05	-0.000176695
0.53834	0.0114881	0.286281	8.42341e-06	0.000531469	0.00034447
0.538339	0.0114834	0.286276	-0.000329569	-0.00118802	-0.00107306
0.538341	0.0114851	0.286281	0.000701068	-0.000212954	0.000819705
0.53834	0.011485	0.28628	0.000221297	-0.000154028	0.000686177
0.53834	0.0114864	0.286279	0.000126341	0.000386021	-2.40041e-05
0.538341	0.011488	0.286282	-0.000545512	0.000779668	-0.000398989
0.538339	0.011486	0.286278	-0.00136883	-0.00054196	-0.00138464
0.53834	0.0114853	0.286277	-0.00041234	-0.000329113	-0.000759123
0.538341	0.0114836	0.286279	4.47192e-05	-0.000694582	-0.000123207
0.538338	0.0114804	0.286277	-0.000966939	-0.00153112	-0.00123022
0.53834	0.0114849	0.286279	-0.000311321	0.000508897	7.9351e-06
0.538339	0.0114834	0.286277	-0.00122103	-0.000165679	-0.00125519
0.53834	0.0114864	0.28628	-0.000844076	0.000908577	4.84712e-05
0.53834	0.0114819	0.286279	-0.000320235	-0.000877911	-9.9256e-05
0.538338	0.0114818	0.286277	-0.000867387	-0.000629487	-0.000824134
0.538339	0.0114863	0.286276	-0.000414402	0.00107738	-0.00117432
0.538339	0.0114864	0.286278	-0.000363229	0.00072956	-0.000441702
0.538339	0.0114845	0.286278	-0.000137535	-0.000497609	0.000226051
0.538339	0.0114864	0.286277	-0.000165536	0.000143364	-0.000763595
0.538339	0.0114839	0.286279	-0.000133395	-0.000393306	-8.98304e-05
0.538339	0.0114806	0.286278	-7.67723e-05	-0.00126136	-6.70811e-05
0.538339	0.0114805	0.286277	-5.8028e-05	-0.000839326	-5.01305e-05
0.538339	0.0114819	0.286279	-0.000258489	-6.19112e-05	0.000590433
0.53834	0.0114834	0.286279	8.71774e-05	0.000468095	0.000254805
0.538339	0.0114818	0.286275	-5.80756e-05	-0.000219392	-0.00126771
0.538339	0.0114803	0.286276	-0.000295845	-0.000646145	-0.000294866
0.53834	0.0114804	0.286276	0.000143851	-0.000416373	-0.000216101
0.53834	0.0114834	0.286279	0.000153469	0.000740848	0.000782658
0.538338	0.0114818	0.286276	-0.000317461	-4.44724e-05	-0.000785238
0.538338	0.0114818	0.286274	-0.000256231	-4.7464e-05	-0.0010316
0.538339	0.0114788	0.286276	0.000249627	-0.00098694	0.000630742
0.538338	0.0114833	0.286276	-0.000187131	0.000817309	9.59489e-06
0.538341	0.0114775	0.28628	0.000919993	-0.00137241	0.00168745
0.538339	0.0114834	0.286277	-0.000150315	0.00101942	-0.000604724
0.538338	0.0114833	0.286275	-0.000418254	0.000655917	-0.000775099
0.53834	0.0114804	0.286277	0.000381377	-0.000519897	0.000265638
0.53834	0.0114834	0.286276	0.000231218	0.000655534	0.000157606
0.538338	0.0114817	0.286272	-0.000799447	-0.000138331	-0.001492
0.53834	0.0114804	0.286278	0.000190038	-0.00017949	0.000548577
0.53834	0.0114819	0.286277	0.000143897	0.000380716	0.000369531
0.538339	0.0114818	0.286278	-0.000146611	0.000236515	0.000388935
0.538339	0.0114849	0.286278	0.000198824	0.00118262	0.000631082
0.53834	0.0114849	0.286279	9.93025e-05	0.000788517	0.000394578
0.538339	0.0114819	0.286278	-0.000259896	-0.000495548	-0.000132023
0.538339	0.0114845	0.286277	-0.000194878	0.000159687	-0.000533665
0.53834	0.0114838	0.286279	0.00047794	0.000153061	0.000384031
0.538339	0.0114865	0.286276	5.64846e-06	0.00107763	-0.00013135
0.538339	0.0114819	0.286276	7.06209e-05	-0.000781323	-4.20413e-05
0.53834	0.0114849	0.286279	0.000384117	0.000509881	0.000812684
0.538338	0.0114862	0.286272	-0.000271788	0.000777279	-0.00177975
0.538337	0.0114877	0.286275	-0.000389147	0.0010207	-0.000161749
0.538339	0.0114848	0.286278	0.000189724	-0.000280952	0.000859727
0.538338	0.0114833	0.286276	-0.000287327	-0.00071965	-0.000355683
0.538338	0.0114878	0.286275	-0.000229947	0.00100547	-0.000669765
0.538338	0.0114863	0.286276	-0.000455788	0.000157802	-0.000405051
0.53834	0.0114834	0.286279	0.000751469	-0.000811859	0.00141798
0.538338	0.0114879	0.286279	-0.000161115	0.000923676	0.000624986
0.53834	0.0114864	0.28628	0.000254329	0.000136676	0.000814645
0.538341	0.011485	0.286279	0.000731615	-0.000384457	0.000310261
0.538339	0.0114909	0.286279	-0.000427508	0.00169453	2.90797e-05
0.538339	0.0114863	0.286276	-1.78264e-05	-0.000368333	-0.000565891
0.538339	0.0114849	0.286278	4.26008e-05	-0.000734333	0.000130374
0.538339	0.0114878	0.286275	-4.50997e-05	0.000494794	-0.000836964
0.538341	0.011485	0.286279	0.000637012	-0.000618528	0.000621309
0.538338	0.0114875	0.286276	-0.000537903	2.15059e-05	-0.000681924
0.538339	0.0114882	0.286276	-0.00037093	0.000513244	-0.000473997
0.53834	0.0114922	0.286279	8.80669e-05	0.00137225	0.000505337
0.538337	0.0114837	0.286275	-0.000661596	-0.0016444	-0.00132569
0.538339	0.0114881	0.286279	0.000241124	0.00046534	0.000768184
0.53834	0.0114835	0.286278	0.000532867	-0.00117604	0.00046445
0.53834	0.011488	0.286278	0.000321583	0.000712246	0.000290269
0.53834	0.0114864	0.286276	-0.000162305	-5.34179e-05	-0.000624524
0.53834	0.0114879	0.28628	-6.2733e-05	0.000490361	0.000911484
0.538341	0.0114865	0.28628	0.000342235	-0.000158464	0.000586101
0.538339	0.0114875	0.286277	-0.000194622	-0.000136165	-0.000518738
0.53834	0.0114895	0.28628	0.000260065	0.000447156	0.000983175
0.538338	0.0114897	0.286278	-0.000163344	0.000718556	-0.00014267
0.538339	0.0114865	0.286277	-9.75657e-05	-0.000480411	-0.000557234
0.538338	0.0114848	0.286275	-0.000407172	-0.000844397	-0.000788821
0.538339	0.0114887	0.286278	4.50421e-05	-3.2352e-05	0.000272222
0.538339	0.0114868	0.286278	7.35976e-05	-0.000516509	0.000243439
0.538339	0.0114915	0.286278	3.62946e-05	0.001651	0.000149682
0.53834	0.0114908	0.286276	0.000239385	0.00060407	-0.000482197
0.53834	0.0114854	0.28628	-6.81241e-07	-0.0010859	0.000761385
0.538339	0.0114817	0.286278	-5.66416e-06	-0.00223234	7.74904e-05
0.538338	0.0114882	0.286277	-0.000381615	0.000983035	-0.00039768
0.538338	0.0114864	0.286276	-0.000497169	0.000134124	-0.000568212
0.538338	0.0114867	0.286277	-2.59101e-05	0.000610461	-2.63518e-05
0.538339	0.011483	0.286277	0.000264213	-0.00107652	-0.000118472
0.538339	0.0114874	0.286277	-0.00012421	0.000268128	-1.32323e-06
0.538339	0.0114822	0.286278	0.00023714	-0.00129486	0.000383567
0.538338	0.0114879	0.286276	-0.000170837	0.0011122	-0.000109372
0.538337	0.0114848	0.286275	-0.000454299	-0.000294033	-0.000952352
0.53834	0.0114835	0.286278	0.000630754	-0.000699952	0.00049388
0.538338	0.0114833	0.286275	-0.000215264	-0.000515109	-0.000414382
0.538339	0.0114863	0.286274	0.000134006	0.000654836	-0.000802094
0.538339	0.0114833	0.286277	-0.00102266	-0.000557501	-0.00022793
0.538339	0.0114848	0.286276	-0.000452256	-0.00324558	-0.000353022
0.53834	0.0114834	0.286278	-0.000364095	-0.00293848	0.00015749
0.53834	0.0114819	0.286279	-0.000207061	-0.00266746	0.000139157
0.538339	0.0114875	0.286279	-0.000511867	-0.000452375	0.000118383
0.53834	0.0114823	0.286277	0.000216835	-0.00190974	-0.000567219
0.538336	0.0114818	0.286276	-0.00137067	-0.00143979	-0.000842752
0.538339	0.0114849	0.286276	0.000198256	2.79854e-05	-0.000540104
0.538339	0.0114819	0.286278	0.000259142	-0.00100937	0.000604915
0.538339	0.0114819	0.28628	0.000176328	-0.000699865	0.000878628
0.538339	0.0114819	0.286278	3.89194e-05	-0.000505698	5.02755e-05
0.53834	0.0114845	0.286279	7.40968e-05	0.000139154	7.94385e-05
0.538341	0.0114854	0.28628	0.000318735	0.00059794	0.00037669
0.53834	0.0114813	0.286277	-0.000102109	-0.00164012	-0.000552788
0.53834	0.0114838	0.286277	-5.95003e-05	-0.000105816	-0.000363215
0.538338	0.0114869	0.286275	-0.000430357	0.00139136	-0.0010739
0.538342	0.0114822	0.286278	0.000664503	-0.000508183	0.000372609
0.538341	0.0114865	0.28628	0.000205779	0.00115165	0.000829788
0.538341	0.0114805	0.286281	0.000223088	-0.00122445	0.00106038
0.538341	0.0114835	0.28628	8.32159e-05	0.000171756	0.000198923
0.53834	0.0114793	0.28628	-0.000195899	-0.000898732	0.000287548
0.538338	0.0114814	0.286275	-0.000545294	-0.000140469	-0.00117625
0.538338	0.0114801	0.286275	-0.000351375	-0.000593451	-0.00076493
0.538339	0.0114817	0.286275	1.63934e-06	0.000114841	-0.000603776
0.538339	0.0114863	0.286277	3.64583e-06	0.00158413	-1.94562e-06
0.53834	0.0114804	0.28628	0.000122013	-0.000935312	0.000532441
0.538339	0.0114833	0.286277	-1.70625e-05	0.000366458	-0.000178871
0.538339	0.011486	0.286278	8.28598e-05	0.000753622	0.000418337
0.538339	0.0114837	0.286277	-3.90501e-05	-5.71858e-06	-0.000258768
0.538339	0.0114835	0.286277	-8.71971e-05	-6.43427e-06	-0.000202485
0.538338	0.0114833	0.286277	-0.000272761	-1.90732e-05	1.14134e-05
0.538337	0.0114863	0.286276	-0.000489451	0.000965288	-0.0003575
0.538339	0.0114849	0.286277	0.000279601	0.000180531	3.64403e-05
0.538339	0.0114833	0.286276	0.000226608	-0.000377806	4.75034e-05
0.538339	0.0114864	0.286277	9.854e-05	0.000746687	-1.09457e-05
0.53834	0.0114864	0.286278	0.000385202	0.000519035	0.000383931
0.538339	0.0114864	0.286278	-2.0589e-05	0.000331499	0.000353005
0.538337	0.0114833	0.286276	-0.000659673	-0.000818306	-0.000515122
0.538339	0.0114849	0.286277	0.000144759	-1.45057e-05	-6.85873e-05
0.538338	0.0114863	0.286276	-0.000296442	0.000469096	-0.000486322
0.538339	0.0114834	0.286276	0.000201297	-0.000671482	-0.000296945
0.538338	0.0114863	0.286275	-0.000168721	0.00053626	-0.000149737
0.538339	0.0114833	0.286276	0.000219962	-0.000628061	-0.000124808
0.538339	0.011486	0.286276	0.000141773	0.000160539	0.000293591
0.53834	0.0114838	0.28628	0.000220736	-0.00036755	0.00121481
0.538339	0.011485	0.286279	-0.000245723	0.000239789	0.000369222
0.538339	0.0114864	0.286276	5.74175e-05	0.000662454	-0.000377921
0.538338	0.0114849	0.286279	-0.000212454	-5.65357e-05	0.000348852
0.538339	0.0114864	0.286277	0.000201922	0.000664645	8.35812e-05
0.53834	0.0114849	0.286277	0.000209724	-5.52008e-05	0.000124458
0.538341	0.011488	0.286281	0.000487829	0.00100747	0.0013693
0.538339	0.0114834	0.286277	-7.49078e-05	-0.000870977	-0.000422832
0.538339	0.0114834	0.286278	5.50178e-05	-0.000568557	0.000255711
0.538339	0.0114849	0.286279	3.52878e-05	0.000127841	0.000596754
0.538339	0.0114845	0.286277	0.000237829	-0.00041083	-0.000194213
0.53834	0.0114868	0.286279	0.000177745	0.0007367	0.000339383
0.538341	0.0114851	0.286279	0.000403192	2.97453e-06	9.04563e-05
0.538341	0.0114835	0.286278	-6.79494e-05	-0.000519576	-0.000334765
0.538339	0.0114878	0.286276	-0.00065023	0.00110798	-0.000917485
0.53834	0.0114894	0.286279	-0.000148589	0.00126825	0.000179707
0.538341	0.011488	0.286281	0.000337746	0.000381202	0.00106801
0.53834	0.0114864	0.286279	-0.000157425	-0.000277598	-0.000174225
0.538339	0.0114864	0.286277	-0.000148796	-0.000197674	-0.000623769
0.538339	0.0114834	0.286278	-3.23713e-05	-0.00111764	0.000111153
0.53834	0.0114834	0.286277	0.000249411	-0.000742292	-0.000455612
0.538339	0.0114849	0.286277	-0.000159202	-8.86532e-06	-0.000281663
0.53834	0.0114864	0.28628	-3.2463e-05	0.000515501	0.000788721
0.538341	0.0114835	0.286281	0.00035075	-0.000635031	0.000923803
0.538339	0.0114845	0.286279	-0.000400236	-0.000468755	-0.000108414
0.538342	0.0114839	0.286281	0.000672489	-0.000255177	0.00055882
0.53834	0.0114862	0.28628	5.70336e-05	0.000307528	-4.86574e-05
0.538338	0.0114852	0.286277	-0.000596054	0.00015961	-0.000756715
0.538338	0.0114846	0.286277	-0.000353458	-0.000391464	-0.000478359
0.538338	0.0114864	0.286278	-0.000268565	0.000249805	0.00010059
0.53834	0.0114821	0.286277	0.00043719	-0.0013085	-0.000103771
0.53834	0.011487	0.28628	0.00028765	0.0011348	0.000380316
0.538338	0.011488	0.286276	-0.000500134	0.00119853	-0.00101713
0.538339	0.011485	0.286281	-0.000182292	-0.000168404	0.000825435
0.538339	0.0114833	0.286276	-0.000202428	-0.000639848	-0.000868973
0.538338	0.0114833	0.286276	-0.000199396	-0.000427058	-0.000648059
0.538339	0.0114834	0.286278	-5.95609e-05	-0.000273982	9.88242e-05
0.53834	0.0114834	0.286277	0.00029877	-0.000170837	-1.17048e-06
0.538339	0.0114863	0.286277	-0.000130735	0.000870188	5.36642e-05
0.538339	0.011489	0.286278	0.000186825	0.00110377	0.000381463
0.538338	0.0114851	0.286275	-0.000212485	-0.000294918	-0.000586402
0.53834	0.0114866	0.286281	0.000525528	0.000353751	0.00084103
0.538338	0.0114849	0.286276	-0.000316819	-0.000312971	-0.00067129
0.53834	0.0114819	0.286279	0.000204986	-0.00117835	0.000458109
0.53834	0.011485	0.286282	0.000164755	0.000233287	0.0012364
0.538337	0.0114832	0.286274	-0.000671221	-0.000415263	-0.00140742
0.538338	0.0114863	0.286274	-0.00016102	0.000733026	-0.00100201
0.538339	0.0114864	0.28628	0.000270017	0.000541944	0.00107039
0.538339	0.0114833	0.286278	-5.93631e-05	-0.00067063	-3.22282e-05
0.538339	0.0114864	0.286278	0.00025365	0.000574422	0.000311578
0.53834	0.0114864	0.286277	0.000126925	0.000371262	-0.000280523
0.538339	0.0114849	0.286278	7.80103e-05	-0.000238842	0.000290622
0.53834	0.0114864	0.28628	0.000109677	0.000345664	0.000666505
0.538339	0.0114818	0.286277	-0.000253232	-0.00129653	-0.000396407
0.53834	0.0114864	0.28628	0.000192444	0.000665021	0.00062197
0.538339	0.0114849	0.286278	9.67795e-05	-6.8188e-05	-7.35927e-05
0.53834	0.011485	0.28628	0.000380746	-2.06316e-05	0.000303367
0.538339	0.0114834	0.286278	-4.28326e-05	-0.000529758	0.000311953
0.53834	0.0114831	0.28628	0.000355464	-0.00419794	0.000706943
0.538339	0.0114837	0.286277	-0.000107839	-0.00262678	-0.000836117
0.53834	0.0114866	0.28628	0.000238811	-0.000928654	0.00028472
0.538339	0.0114819	0.286276	-0.000163265	-0.00230602	-0.000644768
0.538338	0.0114878	0.286276	-0.000457119	0.000329133	-0.000370811
0.538338	0.0114878	0.286274	-3.35654e-05	0.000135779	-0.000757005
0.538341	0.011485	0.28628	0.00071471	-0.000915905	0.00114993
0.538339	0.0114863	0.286276	-0.000247106	-0.000223882	-0.000883415
0.538338	0.0114833	0.286278	-0.000336429	-0.00117803	0.000475992
0.538338	0.011483	0.286277	-0.000221878	-0.00132513	-0.000143681
0.53834	0.0114853	0.286279	0.000147502	0.000117921	0.000257474
0.538339	0.0114835	0.286279	-0.000227428	-0.000447941	0.000258696
0.538339	0.0114864	0.286277	-0.000155362	0.000676995	-0.000304724
0.53834	0.0114804	0.286279	0.000262131	-0.00153175	0.000227175
0.538338	0.0114878	0.286275	-0.000316231	0.00142764	-0.00125148
0.538338	0.0114826	0.286277	-7.06636e-05	-0.00153258	0.000171108
0.538339	0.0114871	0.286276	0.000245512	0.000985147	8.38772e-06
0.538341	0.0114807	0.286279	0.000817514	-0.00130164	0.000784324
0.538337	0.0114818	0.286275	-0.000733047	-0.000443634	-0.000560466
0.538338	0.0114893	0.286275	-0.000299211	0.00220432	-0.000551928
0.538338	0.0114848	0.286276	-0.000132877	-2.48144e-05	-0.000286568
0.53834	0.0114849	0.286279	0.000269806	1.57069e-05	0.000649687
0.538338	0.0114863	0.286277	-0.000149591	0.000557258	4.13014e-05
0.538338	0.0114833	0.286276	-8.55985e-05	-0.000631701	-0.000415241
0.53834	0.0114849	0.286278	0.00057533	0.00013797	0.000909549
0.538341	0.011485	0.286277	0.000939088	0.000166516	0.00337157
0.53834	0.0114845	0.286277	0.00125325	-0.000397792	0.00327465
0.538339	0.0114852	0.286276	0.000912115	0.000230952	0.00203292
0.538338	0.0114834	0.286278	-0.000107573	-0.000375066	0.00188132
0.538337	0.0114799	0.286276	-2.31153e-05	-0.00175547	0.000973756
0.538338	0.0114822	0.286273	0.000238053	-0.000168738	0.000166807
0.53834	0.0114862	0.286276	0.000766844	0.000934896	0.000874127
0.538339	0.0114823	0.286277	0.000381915	-0.000378766	0.00127049
0.538338	0.0114865	0.286277	0.000175639	0.00129149	0.00378123
0.53834	0.0114861	0.286277	0.000658792	0.000393781	0.00261745
0.538338	0.0114882	0.286275	-9.3054e-05	0.0012314	0.00168428
0.538341	0.0114836	0.28628	0.000702897	-0.000617835	0.00261088
0.538339	0.011482	0.286281	0.000196655	-0.000912676	0.00240757
0.538339	0.0114864	0.286277	-4.69915e-05	0.000861388	0.000195953
0.538339	0.0114803	0.286276	-9.49872e-05	-0.00483884	-1.06043e-05
0.538339	0.0114848	0.286276	-0.00014883	-0.00200816	-3.99268e-05
0.53834	0.0114834	0.286278	0.000554889	-0.00200604	0.000739141
0.53834	0.0114864	0.286277	2.88528e-06	-0.000521159	0.000106523
0.53834	0.0114834	0.28628	4.38646e-05	0.00195086	0.00110958
0.53834	0.0114819	0.286277	-4.48237e-05	0.000973333	-0.000199905
0.538339	0.0114834	0.286279	-0.000308492	0.00129199	0.000422517
0.538338	0.0114803	0.286276	-0.00026479	-4.35942e-05	-0.000626882
0.538341	0.0114834	0.286276	0.00042524	0.00108182	-0.000121799
0.538338	0.0114833	0.286276	-0.000239561	0.000755743	0.000134495
0.538339	0.0114818	0.286275	5.66501e-05	5.38265e-05	-0.000468786
0.53834	0.0114849	0.286277	5.23608e-05	0.00107794	0.000110638
0.53834	0.0114876	0.286277	0.000302233	0.00125794	-1.0894e-05
0.538339	0.0114879	0.286278	-3.64776e-05	0.000855102	0.000550338
0.538339	0.0114839	0.286279	-0.000306747	-0.000427376	0.000480784
0.53834	0.0114851	0.286279	0.000126541	0.000238752	0.000293216
0.538341	0.0114851	0.286281	0.000448189	0.00020597	0.00146031
0.53834	0.0114849	0.286277	0.000173941	0.000115554	-0.000471311
0.53834	0.0114846	0.286278	0.000418225	-0.000394367	7.35768e-05
0.53834	0.0114854	0.286281	5.91149e-05	0.000236111	0.000619128
0.53834	0.0114821	0.286278	1.12795e-05	-0.000858864	-0.000518013
0.538339	0.0114864	0.286277	-0.000619707	0.000893304	-0.000619965
0.538339	0.0114849	0.28628	-0.00034971	0.000121816	0.000556544
0.53834	0.0114831	0.286278	0.000299058	-0.000904128	-0.000330565
0.538339	0.0114867	0.286278	-0.0003857	0.00087058	-6.83327e-06
0.538338	0.0114849	0.286274	-0.000335519	5.1934e-05	-0.0013943
0.538339	0.0114819	0.286276	0.000117195	-0.000937904	-0.000538308
0.53834	0.0114865	0.286278	0.00033583	0.00090211	0.000364319
0.538339	0.0114834	0.286277	-0.000102575	-0.000419745	-0.000116295
0.53834	0.0114864	0.286278	0.00028758	0.000738313	0.000304946
0.538338	0.0114878	0.286277	-0.000412508	0.000957794	-5.21088e-05
0.538341	0.0114835	0.286281	0.000471465	-0.000799275	0.00126205
0.538338	0.011489	0.286276	-0.00047263	0.000899067	-0.000924308
0.538339	0.0114868	0.28628	-0.000209191	0.000126274	0.000805983
0.538338	0.0114894	0.286274	-0.000224459	0.0010562	-0.000878102
0.538337	0.0114863	0.286274	-0.000189424	-0.000294138	-0.000615381
0.538339	0.0114879	0.286276	0.000179238	0.000323423	-5.77828e-05
0.538339	0.0114863	0.286276	-0.000186028	-0.000303854	-0.00039099
0.53834	0.0114849	0.286279	0.000248327	-0.000669195	0.000618813
0.538338	0.0114833	0.286277	-0.000139987	-0.000967161	6.00857e-05
0.538337	0.0114877	0.286275	-0.000142925	0.000841733	-0.000483105
0.538337	0.0114847	0.286273	-0.000139786	-0.000446361	-0.000765347
0.538338	0.0114863	0.286275	0.000243557	0.000224068	-0.000115167
0.53834	0.0114834	0.286278	0.000511602	-0.00081933	0.000730654
0.538338	0.0114848	0.286276	-0.000263137	-7.92146e-05	0.000231668
0.538339	0.0114834	0.286278	0.0001826	-0.000533722	0.000549544
0.538338	0.0114833	0.286276	-0.000112668	-0.00375182	0.000125686
0.538341	0.011485	0.286279	0.000590144	-0.00223889	0.000864533
0.538338	0.0114863	0.286276	-0.000291577	-0.00126072	-0.000666741
0.538341	0.011485	0.286278	0.000704258	-0.0014403	0.000230984
0.53834	0.0114849	0.286277	0.000192521	-0.00109195	0.000226194
0.53834	0.0114871	0.286277	-0.000154077	-0.000839255	-0.000191449
0.538339	0.0114871	0.286279	-2.74301e-05	-0.000108257	0.000851486
0.538338	0.011485	0.286276	-0.000413576	-0.000666291	-0.00083688
0.538339	0.0114891	0.286277	-3.93016e-05	0.000545614	-0.000214656
0.53834	0.0114853	0.286279	0.000104754	-0.000585487	0.000433772
0.53834	0.0114895	0.286279	3.34322e-05	0.00109127	0.00023181
0.53834	0.0114805	0.286282	0.000144408	-0.00225829	0.00118301
0.53834	0.0114834	0.286277	-1.95786e-05	-0.000542652	-0.000668936
0.53834	0.011485	0.286278	0.000261148	0.00015212	-9.99164e-05
0.538338	0.0114862	0.286274	-0.000429565	-0.00285361	-0.0011564
0.538338	0.0114848	0.286276	-0.000155257	-0.0026692	0.000194046
0.538338	0.0114875	0.286279	-6.66543e-05	-0.00148452	0.000625991
0.538339	0.0114864	0.286277	0.000107781	-0.00164637	-0.000256578
0.53834	0.0114855	0.28628	0.000260199	-0.00119482	0.000943795
0.538339	0.0114836	0.286277	3.59481e-05	-0.00140817	-0.000431905
0.538338	0.0114818	0.286275	-0.000319519	-0.00153913	-0.00109654
0.538338	0.0114847	0.286274	-0.000512959	-8.93438e-05	-0.000661456
0.538341	0.0114805	0.286279	0.000790067	-0.00490877	0.00120693
0.53834	0.0114819	0.286277	0.000196029	-0.0031143	-2.82405e-05
0.538338	0.0114833	0.286275	-0.000510629	-0.00185244	-0.000761673
0.538339	0.0114864	0.286278	0.000283358	-0.000359047	0.000659894
0.538338	0.0114815	0.286276	-8.0164e-05	-0.00238962	0.000107323
0.53834	0.0114853	0.286281	0.000317209	-0.00015277	0.00140089
0.538341	0.0114806	0.28628	0.000513498	-0.00167011	0.000375016
0.538337	0.0114803	0.286277	-0.000599448	-0.00122265	-0.000383816
0.538338	0.0114803	0.286276	-0.000124714	-0.000846828	-0.000391511
0.538337	0.0114847	0.286273	-0.000578512	0.000862088	-0.00164855
0.53834	0.011482	0.286279	0.000704725	-0.000363111	0.000989774
0.538337	0.0114803	0.286277	-0.000366117	-0.000813389	0.000101382
0.538339	0.0114818	0.286276	0.000255677	-4.22699e-05	-0.00064339
0.538339	0.0114834	0.286281	0.000324423	0.000501066	0.00147531
0.538339	0.0114804	0.286277	5.18376e-05	-0.000701353	-0.000491806
0.538342	0.011482	0.286281	0.000762993	7.84548e-05	0.000934082
0.538338	0.0114847	0.286274	-0.000579493	0.000961768	-0.00144659
0.538338	0.0114818	0.286275	-0.00033001	-0.000357156	-0.000918899
0.53834	0.0114846	0.286278	0.000406455	0.000307902	0.000505648
0.538339	0.0114838	0.286277	-1.19519e-05	0.000181961	1.07806e-05
0.538339	0.0114805	0.286276	-0.000302792	-0.000897265	-0.000345294
0.53834	0.0114835	0.286279	0.000163059	0.000429011	0.000614387
0.538339	0.0114849	0.286276	2.63624e-05	0.000774818	-0.000101893
0.538339	0.0114804	0.286279	0.000103937	-0.000964428	0.000921239
0.53834	0.0114804	0.286279	6.20775e-05	-0.000649543	0.000171391
0.538338	0.0114802	0.286274	-0.000358249	-0.000475404	-0.00120464
0.53834	0.0114804	0.28628	0.000169732	-0.000264877	0.00097793
0.538339	0.0114804	0.286279	-0.000206351	-0.000197761	0.000260719
0.538337	0.0114832	0.286274	-0.000561048	0.000826622	-0.00117454
0.538339	0.0114879	0.286277	0.000584694	0.00212062	0.000762628
0.538339	0.0114834	0.286278	0.000106532	-0.00017769	0.000175983
0.538339	0.0114819	0.286278	5.37432e-05	-0.00062332	0.000113526
0.53834	0.0114846	0.286278	8.45874e-05	7.97767e-05	8.63127e-05
0.538337	0.0114821	0.286274	-0.000678758	-0.000515231	-0.00160112
0.538339	0.0114835	0.286279	0.000296488	0.000229441	0.00111158
0.538339	0.0114875	0.286279	-0.00014656	0.00112449	0.000311109
0.538339	0.0114837	0.286276	0.000120863	-0.00025751	-0.000817305
0.53834	0.0114836	0.28628	0.000202841	-0.000141817	0.000871067
0.538339	0.0114865	0.286279	7.1728e-05	0.000892143	9.24768e-05
0.538339	0.0114879	0.286281	0.000151344	0.00111072	0.00102556
0.538338	0.0114848	0.286276	-0.000337721	-0.000297494	-0.000655877
0.538339	0.0114908	0.286277	3.07522e-05	0.00180706	-0.00060794
0.538341	0.011485	0.286281	0.000470341	-0.000747648	0.00100118
0.538339	0.0114834	0.286279	7.07978e-05	-0.00101985	0.000364361
0.538339	0.0114848	0.286278	-3.68109e-05	-0.000189623	-0.00028797
0.538339	0.0114905	0.286276	0.000116782	0.00137464	-0.000816572
0.538338	0.0114852	0.286276	-0.000486275	-0.000616896	-0.000829242
0.53834	0.0114881	0.286278	0.000318079	0.000629804	0.00019471
0.538337	0.0114878	0.286274	-0.000492816	0.00036739	-0.00109592
0.538341	0.0114895	0.28628	0.00043938	0.000806264	0.000990128
0.538338	0.0114863	0.286275	-0.000423082	-0.000514549	-0.000582448
0.538338	0.0114863	0.286278	-0.000168211	-0.000324697	0.000611453
0.53834	0.0114849	0.286278	0.000451623	-0.000687999	0.000194152
0.538338	0.011489	0.286279	-0.000274994	0.000513563	0.000323524
0.538338	0.0114867	0.286278	-0.000137751	-0.000155081	0.000261181
0.538339	0.011488	0.286277	0.000138306	0.000407622	1.21901e-05
0.538338	0.0114848	0.286275	4.34703e-05	-0.000738351	-0.000483964
0.538339	0.0114864	0.286278	9.00401e-05	1.89497e-05	0.000188828
0.538338	0.0114878	0.286275	-0.000279092	0.000479168	-0.000727451
0.538339	0.0114875	0.286275	7.29172e-05	-0.000169714	-0.000559285
0.53834	0.0114883	0.286279	0.000469148	0.000427732	0.000952801
0.538337	0.0114864	0.286276	-0.000650757	-0.000268716	-4.14374e-05
0.538338	0.0114848	0.286276	-0.000126863	-0.000677044	-0.000582932
0.538339	0.0114849	0.286277	-7.39812e-05	-0.000440451	9.28784e-05
0.538339	0.0114893	0.286275	0.00018635	0.00120656	-0.000506555
0.53834	0.0114879	0.286278	0.000459152	0.00033838	0.000466796
0.53834	0.0114879	0.286279	0.000346576	0.000233476	0.000780088
0.538338	0.0114878	0.286276	-0.000402989	0.000113612	-0.00020425
0.538339	0.0114818	0.286277	9.34591e-05	-0.00190317	0.00025508
0.538338	0.0114863	0.286275	-0.000298087	0.000200311	-0.000683313
0.538339	0.0114878	0.286277	0.000150622	0.000663842	0.000404563
0.538339	0.0114848	0.286275	-2.11327e-05	-0.000574119	-0.000707353
0.538338	0.0114874	0.286276	-0.000232962	0.000113863	0.000107508
0.53834	0.0114868	0.28628	0.000522569	0.000130314	0.0013036
0.538339	0.0114835	0.286277	-3.24841e-05	-0.0009547	-0.000479279
0.538341	0.0114862	0.286281	0.000658164	-7.38125e-05	0.00137745
0.538338	0.0114837	0.286277	-0.000579559	-0.000627052	-0.000711584
0.538339	0.011485	0.286277	-5.68665e-05	9.58702e-05	-0.00052208
0.538338	0.0114845	0.286276	-0.000428997	0.00293968	-0.000851818
0.538341	0.0114876	0.286277	0.000325685	0.00277675	-0.000267876
0.538339	0.0114843	0.286278	-0.000111219	0.00156122	0.000293524
0.538339	0.0114878	0.286276	-0.000116738	0.00217974	-0.000688823
0.538339	0.0114839	0.286279	9.60457e-05	0.000602644	0.000978222
0.538339	0.0114821	0.286279	4.25771e-05	-6.82043e-06	0.000661294
0.538338	0.0114864	0.286277	-0.00037196	0.00152482	-0.00049934
0.538339	0.0114849	0.286278	8.26563e-05	0.000592386	7.57314e-05
0.53834	0.0114834	0.286279	0.000125937	-6.7762e-05	7.90051e-05
0.538338	0.0114833	0.286275	-0.000367417	-4.81493e-05	-0.000861734
0.538337	0.0114829	0.286274	-0.000241552	-0.000518964	-0.000972132
0.538339	0.0114838	0.286279	0.000268026	0.000219505	0.00113908
0.538338	0.0114816	0.286277	-0.000232696	0.00251768	-0.000101153
0.538339	0.0114838	0.286278	0.000133508	0.00299259	0.000284658
0.538339	0.0114839	0.286277	1.09353e-05	0.00271879	0.0001401
0.538338	0.0114826	0.286278	-0.000186222	0.000960717	0.000278411
0.538339	0.0114866	0.286276	-0.000246411	0.00224223	-0.000829821
0.538341	0.0114835	0.286277	0.000454519	0.000623776	-0.000229702
0.538339	0.0114848	0.286276	-0.000308561	0.000950634	-0.000476856
0.538341	0.0114805	0.28628	0.000506344	-0.000759152	0.000952742
0.538339	0.0114819	0.286279	-5.45758e-05	8.92231e-06	0.000213925
0.53834	0.0114864	0.286279	0.00036942	0.00155363	0.000555011
0.538338	0.0114845	0.286277	-0.000394784	1.72121e-05	-0.000358179
0.53834	0.011485	0.28628	0.000443878	8.22141e-05	0.00101636
0.53834	0.0114839	0.28628	-5.17462e-05	4.50811e-05	0.000282487
0.53834	0.0114835	0.286277	-0.000180138	1.83491e-05	-0.000818166
0.53834	0.0114849	0.286276	-7.9829e-05	0.000511366	-0.00095108
0.53834	0.0114834	0.286279	9.53924e-06	-0.000135281	0.000289793
0.538338	0.0114818	0.286275	-0.000341441	-0.000619018	-0.000647505
0.538338	0.0114878	0.286276	-0.000273648	0.00158879	-0.000470448
0.538339	0.0114864	0.286278	0.000189857	0.000593192	0.000565851
0.538339	0.0114845	0.286277	0.000114635	-0.000600417	0.000351084
0.53834	0.0114853	0.286279	0.000383583	0.000121125	0.000605907
0.538339	0.0114865	0.286276	0.000112994	0.00394114	-0.000648289
0.538339	0.011489	0.286279	-0.000426258	0.00339256	0.000252382
0.538338	0.0114852	0.286276	-0.000371319	0.00146685	-0.000358208
0.53834	0.0114877	0.286279	0.00037527	0.00168283	0.000518081
0.538341	0.0114839	0.28628	0.000628561	0.000272532	0.00120088
0.538339	0.0114849	0.286276	-0.000315533	0.0007054	-0.000942441
0.538339	0.0114834	0.286274	-0.000239266	3.1937e-05	-0.00107035
0.538339	0.0114834	0.286279	-3.68368e-05	9.97861e-05	0.00071982
0.538339	0.0114849	0.286278	-4.6739e-05	0.000592891	-3.08077e-06
0.538339	0.0114848	0.286275	-0.000105586	0.000414179	-0.000498157
0.538337	0.0114847	0.286274	-0.000390462	0.000272943	-0.000724127
0.538339	0.0114845	0.286276	0.000492467	-0.003624	0.000305803
0.538338	0.0114852	0.286275	-0.000284503	-0.00223025	-0.000536415
0.538339	0.011485	0.286278	8.22924e-05	-0.00165745	0.000429554
0.538339	0.011482	0.286278	8.10358e-05	-0.00225466	0.000305489
0.53834	0.0114864	0.286279	0.000370176	-9.81874e-05	0.00057917
0.538338	0.0114877	0.286274	-0.000444657	0.000287272	-0.00125927
0.538339	0.0114878	0.286279	-0.00020772	0.000156523	0.000530799
0.53834	0.0114834	0.286278	0.000142333	-0.00142948	0.000233516
0.538339	0.011489	0.286277	-2.23367e-05	0.00385977	-0.00032879
0.538339	0.0114852	0.286276	1.03858e-06	0.00182716	-0.00021924
0.538339	0.0114849	0.286275	-6.40509e-06	0.00139943	-0.000540109
0.538338	0.0114818	0.286276	-0.000297462	6.54964e-05	-0.000299273
0.53834	0.0114849	0.286279	0.000489176	0.00120057	0.00105856
0.538338	0.0114863	0.286274	-0.000183547	0.00133942	-0.000708104
0.538339	0.0114863	0.286278	2.09008e-05	0.000972766	0.000524347
0.538338	0.0114878	0.286278	0.000695093	0.00110608	0.00122877
0.538339	0.0114878	0.286276	0.00105241	0.000779156	0.000188915
0.538342	0.0114866	0.286284	0.00122088	0.000104482	0.00244127
0.53834	0.0114836	0.28628	0.000247833	-0.000628432	0.000460834
0.53834	0.0114865	0.286277	0.000394138	0.000591333	-0.000302296
0.538338	0.0114863	0.286276	-0.000317081	0.00036316	-0.000446007
0.53834	0.0114864	0.286278	5.23058e-05	0.000264056	1.39786e-05
0.538339	0.0114818	0.286275	-2.20409e-06	-0.00133786	-0.000873458
0.538338	0.0114833	0.286277	-0.000245731	-0.000392001	-4.1247e-05
0.53834	0.0114831	0.286279	0.000490222	-0.000715553	0.000758412
0.538339	0.0114852	0.286278	-0.000300721	0.000480953	-0.000251036
0.53834	0.0114835	0.286279	0.000102611	-0.000155173	0.000202574
0.538338	0.0114848	0.286276	-0.000549951	0.00034951	-0.00062268
0.538341	0.0114835	0.28628	0.000602333	-0.000196761	0.000740233
0.538338	0.0114848	0.286278	-0.000170082	0.000332301	0.000245654
0.538338	0.0114818	0.286276	-0.000165047	-0.000788529	-0.000330606
0.538339	0.0114834	0.286276	0.000468766	8.51478e-07	-0.000377837
0.538339	0.0114887	0.286277	-2.48301e-05	0.00098899	-0.000248876
0.53834	0.0114857	0.286279	0.000398247	0.00019956	0.0012021
0.538338	0.0114821	0.286275	-0.000429639	-0.000927662	-0.000879839
0.538339	0.0114864	0.286276	-3.49122e-05	0.000899014	-0.000295936
0.53834	0.0114864	0.286277	0.000326659	0.000694338	0.00021662
0.538338	0.0114844	0.286275	-0.000394806	-0.000573825	-0.000579849
0.538337	0.0114836	0.286273	-0.000302697	-0.000387807	-0.000845353
0.538339	0.0114865	0.286277	0.000131119	0.000774618	0.000228332
0.538339	0.011483	0.286276	-9.01376e-05	-0.000990633	0.000356775
0.538339	0.0114822	0.286277	-8.96009e-05	-0.000660235	0.000214645
0.538339	0.0114835	0.286279	-2.67552e-07	7.54151e-05	0.000635162
0.53834	0.0114865	0.286279	0.00050932	0.00108487	0.000629503
0.53834	0.0114789	0.286277	0.000387218	-0.00178614	-3.65803e-06
0.538338	0.0114875	0.286276	-0.000393674	0.00127316	-0.000316008
0.538338	0.0114837	0.286277	-0.000188675	-0.00354731	-8.53709e-05
0.538339	0.0114835	0.286278	0.000199034	-0.00263092	0.000325977
0.53834	0.0114861	0.286277	0.000437917	-0.00145219	0.000154655
0.53834	0.0114838	0.286277	0.000303205	-0.00162827	7.05336e-05
0.538339	0.011485	0.286277	-0.000112831	-0.000716532	0.000161331
0.538339	0.0114864	0.286276	-9.25878e-05	-7.78682e-05	-0.000351084
0.538339	0.0114818	0.286276	-8.92227e-05	-0.00161878	-0.00026141
0.538339	0.0114833	0.286274	-4.56938e-05	-0.000636579	-0.00058179
0.538338	0.0114833	0.286277	-4.54298e-05	-0.000442624	0.000465794
0.538339	0.0114864	0.286277	-6.14958e-05	0.000664853	-0.000169869
0.538339	0.0114833	0.286278	-0.000186622	-0.000581266	0.000580406
0.538339	0.0114834	0.286278	0.0001168	-0.000390206	0.00022561
0.538337	0.0114832	0.286275	-0.000555916	-0.000317496	-0.000573403
0.538338	0.0114829	0.286274	-0.000368644	-0.000728631	-0.000844055
0.538339	0.0114807	0.286277	9.34976e-05	-0.000960835	0.00029091
0.53834	0.0114835	0.286277	0.000376322	0.000367407	8.82917e-05
0.538339	0.0114875	0.286278	0.000209003	0.00124728	0.000497929
0.53834	0.0114853	0.286278	0.000396262	0.000344565	0.000192385
0.53834	0.0114821	0.28628	5.36457e-05	-0.00077435	0.000752406
0.538339	0.0114834	0.286279	-0.000294364	-3.95008e-05	0.000110434
0.53834	0.0114861	0.286278	0.000131624	0.000485694	6.60001e-06
0.538339	0.0114882	0.286275	-0.000331576	0.0012755	-0.00129504
0.538339	0.0114865	0.286279	-0.000122973	0.000382239	0.000507062
0.53834	0.0114849	0.286277	0.000483396	-0.00022326	0.000144015
0.538339	0.0114875	0.286275	-7.53855e-05	0.000320338	-0.000757868
0.538339	0.0114853	0.28628	-0.000100702	-0.000267668	0.0010997
0.538339	0.0114849	0.286275	2.18327e-05	-0.000199893	-0.000867929
0.53834	0.0114846	0.28628	0.000467041	-0.000577445	0.00122852
0.538338	0.0114867	0.286279	-0.000336427	0.000575302	0.000501636
0.53834	0.0114877	0.286278	0.000288368	0.000405704	-0.000347968
0.53834	0.0114853	0.286277	0.000164926	-0.000241938	-0.000671374
0.538338	0.0114864	0.286273	-0.000487936	0.000284695	-0.00162631
0.538337	0.0114847	0.286274	-0.000613527	-0.00031522	-0.000558308
0.538341	0.0114835	0.286278	0.000590143	-0.000641217	0.000788807
0.538338	0.0114863	0.286277	-0.000256367	0.000535396	0.00022495
0.538338	0.0114848	0.286275	-0.000170831	-0.000152029	-0.000331546
0.538342	0.0114836	0.286281	0.00115091	-0.000502285	0.001744
0.53834	0.0114834	0.286278	0.000117272	-0.000390038	-6.54239e-05
0.538339	0.0114834	0.286278	-0.000227062	-0.00027195	4.95718e-05
0.538339	0.0114804	0.286277	-0.000141037	-0.00119184	-0.00041258
0.538339	0.0114864	0.286278	-9.78296e-05	0.00121256	0.000174442
0.538338	0.0114863	0.286277	-0.000410922	0.000790376	-0.000259423
0.53834	0.0114834	0.286279	0.000129673	-0.000449632	0.000267633
0.53834	0.0114849	0.286278	0.000268612	0.00356667	-6.83159e-05
0.538338	0.0114848	0.286276	-0.000742595	0.0025997	-0.000722414
0.53834	0.0114834	0.286277	0.000423498	0.00149863	0.000156893
0.538339	0.0114864	0.286278	-1.20258e-05	0.00208297	0.000658274
0.538339	0.0114879	0.286279	-2.33249e-05	0.00199952	0.000414944
0.538339	0.0114834	0.286277	-2.46043e-05	-8.87222e-05	-0.00017628
0.538339	0.0114833	0.286276	-6.02707e-05	-9.66493e-06	-0.000608292
0.53834	0.0114865	0.286279	0.000295599	0.00107156	0.000433276
0.538338	0.0114863	0.286275	-0.000439547	0.000710712	-0.000456302
0.538338	0.0114833	0.286277	-0.000270805	-0.000503303	-0.00028585
0.538339	0.0114819	0.286278	0.000119593	-0.000790733	0.0001766
0.538338	0.0114848	0.286277	-0.000507707	0.000448681	-0.00013441
0.53834	0.0114819	0.286278	0.000553512	-0.000638644	6.82915e-05
0.538339	0.0114845	0.286277	4.02513e-05	5.85426e-05	-0.000326635
0.538338	0.0114866	0.286275	-0.000314185	0.00102169	-0.000609227
0.538339	0.0114816	0.286279	-8.09862e-05	-0.00129337	0.00058956
0.538339	0.0114808	0.286277	-9.62452e-05	-0.000868831	-9.5357e-05
0.538338	0.0114879	0.286276	-0.000150408	0.0019201	-0.000125668
0.538339	0.0114834	0.286278	0.000313979	-0.000192254	0.000356705
0.538339	0.011482	0.286281	0.000272733	-0.000600034	0.00120745
0.538339	0.0114864	0.286279	0.000139175	0.00108377	0.000323469
0.538339	0.0114803	0.286276	1.48199e-05	-0.00130033	-0.00118098
0.538339	0.0114834	0.286278	3.53925e-05	0.000148901	0.000114236
0.538339	0.0114894	0.286278	-2.40546e-05	0.00209761	1.79866e-05
0.538339	0.0114834	0.286278	-3.28592e-05	-0.000599601	1.38515e-06
0.538339	0.0114818	0.286276	-0.000275274	-0.00093161	-0.00078368
0.538341	0.0114849	0.286279	0.000460447	0.000424048	0.000244429
0.538341	0.0114834	0.286279	0.000298653	-0.000207299	0.000621233
0.538339	0.0114819	0.286279	-0.000413351	-0.000671729	0.000135498
0.538339	0.0114833	0.286276	-0.000330052	4.10413e-05	-0.000417304
0.538339	0.011486	0.286277	-0.000166253	0.000527506	-0.000209462
0.538337	0.0114836	0.286274	-0.000778091	-0.000204091	-0.00137155
0.538339	0.0114865	0.286277	0.000378679	0.000932358	0.000155595
0.538341	0.0114847	0.28628	0.000710844	-0.000334605	0.0014976
0.538339	0.0114867	0.286277	-0.000230304	0.000719679	-0.000291675
0.538339	0.0114819	0.286275	0.000124184	-0.00101068	-0.000298197
0.538338	0.0114874	0.286273	-0.000306615	0.000798239	-0.00102949
0.538339	0.0114864	0.286277	0.00020589	7.46474e-05	0.000632574
0.53834	0.0114851	0.28628	0.000541167	-0.000417654	0.00130795
0.538339	0.0114869	0.286276	-9.59694e-05	0.000676895	-0.000502506
0.538339	0.0114865	0.286277	9.74797e-06	0.000460615	0.000160005
0.538338	0.0114834	0.286279	-0.000235631	-0.000692511	0.000723963
0.538339	0.0114846	0.286278	7.4825e-05	-0.000457105	-0.000141437
0.53834	0.011485	0.286281	0.000411549	-0.000273603	0.0007852
0.53834	0.0114854	0.286276	-0.000113642	0.000265487	-0.00121495
0.538338	0.0114849	0.286274	-0.000458072	0.00015436	-0.00125054
0.53834	0.011485	0.286279	0.000443668	0.000164772	0.00086381
0.538339	0.0114879	0.286279	-1.24657e-06	0.00109702	0.00069229
0.53834	0.0114834	0.286276	-8.47251e-05	-0.000785343	-0.00052175
0.53834	0.0114875	0.286278	-4.10779e-06	0.000481594	0.000147205
0.538339	0.0114909	0.286277	-6.06027e-05	0.00132235	3.32144e-05
0.538337	0.0114852	0.286272	-0.000474748	-0.000665448	-0.00175011
0.538339	0.0114851	0.28628	0.000165775	-0.000383805	0.0011093
0.538339	0.0114861	0.286277	2.58418e-05	0.00310899	0.000274523
0.538339	0.0114879	0.286278	4.27141e-05	0.00286377	0.00067127
0.53834	0.0114885	0.286281	5.3796e-05	0.00262926	0.000916391
0.538338	0.011485	0.286277	-0.000374536	0.000874365	-0.000721921
0.538339	0.011488	0.286278	4.09604e-05	0.00171976	-0.000148187
0.538339	0.0114845	0.286277	7.9671e-05	-0.000272868	-0.000518303
0.538339	0.0114897	0.286273	-0.000105974	0.00186339	-0.00131874
0.538337	0.0114849	0.286278	-0.00046555	-0.000201257	0.000808386
0.538338	0.0114848	0.286275	-0.000439336	-0.000129499	-0.000945196
0.538339	0.0114894	0.286277	0.000308581	0.0014842	9.41607e-05
0.538341	0.011482	0.286279	0.00052035	-0.00145893	0.000462741
0.538338	0.0114848	0.286276	-0.000178989	3.68891e-06	5.10649e-05
0.538339	0.0114894	0.286278	0.000168714	0.00161087	0.00042459
0.53834	0.0114879	0.286275	0.000283685	0.000579566	-0.000806598
0.538339	0.0114849	0.286277	-5.36518e-05	-0.000606455	3.36386e-05
0.538341	0.0114865	0.286281	0.000354022	0.000147182	0.00135135
0.538339	0.0114863	0.286278	-0.00041236	5.14602e-05	-0.000307838
0.53834	0.011485	0.286282	0.000202342	-0.000415873	0.00121184
0.538342	0.0114821	0.286283	0.000727427	-0.00123094	0.00148283
0.538339	0.0114848	0.286276	-0.000328136	0.000105075	-0.00124312
0.538341	0.0114879	0.286278	0.000138875	0.00109249	-0.000426932
0.538339	0.0114879	0.286277	-0.000214698	0.000718584	-0.000174962
0.53834	0.0114857	0.286275	0.000119366	-0.00102188	-0.00111527
0.538339	0.0114826	0.286276	-0.00021201	-0.00118676	-0.000256378
0.538341	0.0114853	0.28628	0.000578009	0.000264406	0.00111036
0.53834	0.011485	0.286279	-0.000313193	0.000129283	-5.27718e-05
0.53834	0.0114865	0.286279	0.00012631	0.000610871	0.000340477
0.538339	0.0114834	0.286277	-0.000216298	-0.00062536	-0.000548804
0.538338	0.0114848	0.286276	-0.000432177	7.53803e-05	-0.000268878
0.538338	0.0114863	0.286276	-0.000332046	0.000546717	-0.000205356
0.538339	0.0114845	0.286279	0.000130431	-0.000602232	0.000699956
0.538338	0.0114837	0.286278	-0.000230893	-0.000421983	9.47852e-05
0.538339	0.0114864	0.286276	-0.00019846	0.000696787	-0.000883334
0.53834	0.0114849	0.286277	0.00041169	-3.52268e-07	-0.000353392
0.538337	0.0114847	0.286274	-0.000613315	-5.82646e-05	-0.000907819
0.538339	0.0114864	0.286277	0.000260004	0.000514302	0.000646106
0.53834	0.0114864	0.28628	0.000217158	0.0003537	0.000938374
0.53834	0.0114815	0.286277	0.000167554	-0.00177894	-0.000282214
0.538341	0.0114824	0.286281	0.000410872	-0.00064706	0.00108764
0.538337	0.0114815	0.286277	-0.000641124	-0.000996569	-0.000386582
0.538338	0.0114834	0.286279	-0.000118556	-0.000143526	0.000133509
0.53834	0.0114851	0.286279	0.000472674	0.000439019	0.000301803
0.538338	0.0114779	0.286278	-0.000548713	-0.00176146	-0.000367902
0.538339	0.0114775	0.286275	-7.11621e-05	-0.0011733	-0.000819953
0.53834	0.011485	0.286279	0.000233683	0.00175629	0.000694208
0.538339	0.0114818	0.286276	-0.000151725	0.000138191	-0.000354662
0.538339	0.0114849	0.286278	-8.19408e-05	0.00110413	0.000232404
0.538339	0.0114863	0.286276	0.000292373	-0.00213979	0.000150648
0.53834	0.0114834	0.286276	0.000469384	-0.00269234	-2.82889e-05
0.538339	0.0114818	0.286276	-0.00020966	-0.00255375	-0.000623528
0.53834	0.0114864	0.286277	0.000117204	-0.00033818	-9.97081e-05
0.538339	0.0114849	0.286278	-0.000175044	-0.000845833	0.000516689
0.538341	0.0114865	0.286279	0.000470065	-0.000120286	0.000622743
0.538339	0.0114849	0.286279	-0.00023464	-0.000680969	0.000188474
0.538339	0.0114818	0.286276	-0.000218184	-0.00152207	-0.000848922
0.53834	0.0114805	0.286281	0.000269971	-0.00150889	0.000803242
0.53834	0.0114805	0.28628	0.000180678	-0.00103416	0.000536592
0.538338	0.0114848	0.286276	-0.000333771	0.000757882	-0.000550921
0.53834	0.0114805	0.286281	0.000212002	-0.000968822	0.0009817
0.538339	0.0114833	0.286278	-0.000283541	0.000296751	-0.000712784
0.538339	0.0114864	0.286278	0.000135609	0.00120944	-9.91545e-05
0.538338	0.0114818	0.286275	-0.000234147	-0.000730077	-0.000887172
0.53834	0.0114819	0.286276	0.000441843	-0.000453217	-0.000287041
0.538339	0.0114834	0.286278	4.62068e-05	0.000187413	0.000364663
0.538339	0.011489	0.286277	-4.66077e-05	0.00160939	-0.000283796
0.53834	0.0114853	0.286277	2.35549e-05	7.30832e-05	-0.000162995
0.53834	0.0114866	0.286277	0.000255101	0.000561209	-0.000163568
0.538339	0.0114849	0.286279	-0.000334373	-0.000142226	0.000543884
0.538337	0.0114862	0.286276	-0.000562009	0.000370827	-0.00049071
0.538339	0.0114864	0.286277	0.000156134	0.000280882	-0.000121061
0.538339	0.0114849	0.286279	0.000199096	-0.000290764	0.000895807
0.538339	0.0114864	0.286277	7.99047e-05	0.000293425	0.00010898
0.538338	0.0114863	0.286275	-0.00027554	0.000163657	-0.000744815
0.538338	0.0114848	0.286276	8.37267e-05	-0.000367687	-0.000154683
0.538337	0.0114863	0.286278	-0.000434199	0.000237398	0.00060536
0.538339	0.0114834	0.286278	0.000314499	-0.000813052	0.000213324
0.538339	0.0114867	0.286275	0.000133845	0.000944016	-0.0003654
0.538338	0.0114829	0.286276	-0.000152863	-0.000884186	-0.000107769
0.538338	0.0114877	0.286277	-0.000135518	0.000911947	-9.12538e-05
0.538337	0.0114832	0.286275	-0.00040244	-0.000911521	-0.000417139
0.538339	0.0114833	0.286276	0.000325273	-0.000573567	-2.26745e-05
0.538339	0.0114878	0.286276	0.000211076	0.00111492	-3.06459e-05
0.538339	0.011486	0.286277	0.000239085	-0.000246761	0.000513353
0.53834	0.0114853	0.28628	0.000201546	-0.000154391	0.000830492
0.53834	0.0114892	0.28628	7.9822e-05	0.0008979	0.000527514
0.538339	0.0114882	0.286275	-3.27873e-05	0.000576094	-0.000644201
0.538339	0.011485	0.286278	4.49388e-05	-0.000605443	9.75647e-05
0.538338	0.0114844	0.286274	-0.000668451	-0.000954845	-0.00120952
0.53834	0.0114853	0.286278	0.000569	-6.05248e-05	0.000820647
0.538338	0.0114879	0.286275	-0.000286656	0.000902761	-0.000658682
0.538339	0.0114852	0.286276	0.000503849	-0.00316425	0.00040703
0.538337	0.0114873	0.286275	-0.000547783	-0.00194132	-0.000338446
0.53834	0.0114863	0.286279	0.0005726	-0.00193354	0.000891166
0.538339	0.0114878	0.286275	-2.47563e-05	-0.000990075	-0.000718733
0.538338	0.0114848	0.286277	-0.000184596	-0.00176884	0.000608242
0.538338	0.0114886	0.286276	-0.000112576	-0.000774304	-4.94156e-05
0.538341	0.0114843	0.286281	0.000636735	-0.00151355	0.00164715
0.538338	0.011485	0.286275	-0.000343853	-0.000635217	-0.00106964
0.538339	0.011485	0.286279	0.000107747	-0.000419087	0.000548557
0.538339	0.0114834	0.286274	-1.51342e-05	-0.000843378	-0.0014493
0.538341	0.0114835	0.286278	0.000671352	-0.000520031	0.000660446
0.538339	0.0114863	0.286276	-0.00016526	0.000603493	0.000204861
0.538337	0.0114862	0.286272	-0.000509547	0.000347049	-0.00118185
0.538339	0.0114864	0.286278	0.000409602	0.000287608	0.000909911
0.538339	0.0114834	0.286277	-0.0001266	-0.000846948	-0.0002832
0.538339	0.011483	0.286276	-9.16428e-06	-0.00106709	-0.000119878
0.538336	0.0114866	0.286276	-0.000943832	0.000736267	-0.000283671
0.538338	0.0114834	0.286274	-9.43935e-05	-0.000497754	-0.000861257
0.53834	0.0114861	0.28628	0.000398153	0.000216409	0.00122044
0.538341	0.0114824	0.28628	0.000493875	0.00253245	0.000736018
0.53834	0.0114832	0.286278	-2.78145e-05	0.00194626	9.27507e-05
0.53834	0.0114838	0.286277	-7.91735e-05	0.0019956	-0.000465147
0.538341	0.0114852	0.286281	0.000379179	0.00203914	0.00154593
0.538339	0.0114818	0.286274	-0.000525212	0.000397512	-0.00157848
0.538341	0.011482	0.286281	0.000479679	0.000436597	0.00160232
0.538339	0.0114819	0.286277	-0.000359522	0.000301553	-0.000163697
0.53834	0.0114819	0.286277	-4.04535e-05	0.00025103	-0.000739914
0.53834	0.0114849	0.286278	0.000268797	0.00122786	-0.000121449
0.53834	0.0114819	0.286277	-0.000117227	-0.000103177	-0.000453439
0.538339	0.0114848	0.286276	-0.000421054	0.000933876	-0.000712938
0.53834	0.0114803	0.286275	6.7475e-05	-0.000840104	-0.000478042
0.538339	0.0114834	0.286278	0.000110835	0.0004849	0.00105169
0.538339	0.0114833	0.286276	-0.000284662	0.000299693	-0.000139578
0.538339	0.0114848	0.286274	3.55317e-05	0.000710131	-0.000668296
0.538339	0.0114774	0.286278	0.000158631	-0.0019982	0.000501522
0.538339	0.0114863	0.286276	3.83979e-05	0.00166703	0.000295596
0.538341	0.0114835	0.286281	0.000441816	0.000151996	0.00110264
0.538338	0.0114818	0.286276	-0.000476005	-0.000460773	-0.00101507
0.538338	0.0114806	0.286274	-0.000325759	-0.000312805	-0.00109293
0.53834	0.0114831	0.286278	0.000477373	0.000343623	0.000461249
0.538341	0.011486	0.286278	0.000625432	0.000751954	0.000679335
0.53834	0.0114852	0.286277	-0.000281555	0.000458068	-0.000340151
0.53834	0.0114866	0.28628	-8.61677e-05	0.000826654	0.00075358
0.538339	0.0114849	0.286277	-8.72975e-05	4.09902e-05	3.35234e-05
0.538341	0.0114804	0.286278	0.000252812	-0.00145616	-5.5322e-05
0.538338	0.0114863	0.286275	-0.000481586	0.000981436	-0.00081256
0.538339	0.0114833	0.286276	-1.17938e-05	-0.000322639	-0.000157231
0.538338	0.0114803	0.286275	-0.000291802	-0.00122603	-1.16331e-05
0.53834	0.0114849	0.286278	0.000222498	0.000712149	0.000886173
0.538339	0.0114834	0.28628	-0.000144556	-3.26022e-05	0.000703316
0.53834	0.0114864	0.28628	0.000474171	0.0010076	0.000704951
0.53834	0.0114834	0.286279	-1.92372e-05	-0.000356744	-0.000351381
0.53834	0.0114849	0.286279	-1.62414e-05	0.000269787	0.000208501
0.538339	0.0114848	0.286276	-9.51673e-05	0.000157809	-0.000837492
0.538339	0.0114804	0.286279	-0.000217845	-0.00138142	0.00059272
0.538342	0.011485	0.286279	0.000657539	0.000623586	0.000452768
0.53834	0.0114834	0.286278	-0.000155495	-0.000127537	-0.00039922
0.538339	0.0114833	0.286276	-0.000400913	-0.000117471	-0.00107687
0.538339	0.0114878	0.286275	-0.000332151	0.00141763	-0.000779892
0.538339	0.0114848	0.286276	-0.000191169	-4.23021e-05	-5.78207e-05
0.53834	0.0114865	0.286281	0.000326842	0.000513598	0.00135917
0.53834	0.0114849	0.286278	0.000114699	-0.000177358	-9.36309e-05
0.538338	0.0114848	0.286275	-0.000344668	-0.000149633	-0.000952494
0.538338	0.0114863	0.286273	-0.000217279	0.000389846	-0.00104444
0.538339	0.011486	0.286277	-5.24169e-05	-0.000219761	0.000250768
0.538339	0.0114867	0.286276	0.000196848	0.000363635	2.46411e-05
0.538339	0.011485	0.286279	-9.16191e-05	-0.000255671	0.000621069
0.53834	0.0114835	0.286278	0.000471389	-0.000651124	0.000158028
0.538337	0.0114829	0.286276	-0.000511458	-0.000976726	2.83232e-05
0.538339	0.0114852	0.286275	0.000185799	0.000372233	-0.000252728
0.53834	0.011485	0.286277	0.000219823	0.000242679	-9.29403e-05
0.538338	0.0114833	0.286275	-0.000286157	-0.000354373	-0.00053257
0.53834	0.0114864	0.286278	0.000451528	0.000808251	0.000392461
0.538338	0.0114863	0.286275	-0.000290912	0.000501995	2.56315e-05
0.538339	0.0114849	0.286278	0.000167814	-0.000142887	0.000415059
0.538341	0.0114865	0.28628	0.000459565	0.000435917	0.00111742
0.53834	0.0114864	0.286278	0.000230986	0.000280582	0.000230557
0.538338	0.0114874	0.286273	-0.000560165	0.000125766	-0.00149828
0.538342	0.0114869	0.286279	0.000658581	0.000168826	0.00102496
0.53834	0.011482	0.286276	-0.000291166	0.00190898	-0.00105358
0.538339	0.0114879	0.286278	-0.000477515	0.00355608	0.000246579
0.538339	0.0114834	0.286277	-0.000328676	0.00107553	-0.0002739
0.53834	0.0114879	0.286278	9.27133e-05	0.00238866	0.000170546
0.538339	0.0114856	0.286278	-0.000120384	0.000200188	0.000294274
0.538338	0.0114825	0.286275	-0.000492918	-0.000308998	-0.000697331
0.538341	0.0114837	0.28628	0.00064225	0.00042968	0.000671247
0.53834	0.0114834	0.286276	6.69014e-05	0.000302426	-0.000414517
0.538342	0.0114877	0.286282	0.000645067	0.00130091	0.00131167
0.538338	0.0114833	0.286277	-0.00049985	-0.00067651	-0.00064906
0.538338	0.0114838	0.28628	-0.000219653	9.41058e-05	0.0010119
0.538338	0.0114819	0.286276	-0.000292152	-0.000447761	-0.000814032
0.538338	0.0114833	0.286276	-0.000176193	0.000210992	-0.000519901
0.53834	0.0114804	0.286278	0.000256411	-0.000825122	7.03895e-05
0.538339	0.0114848	0.286277	0.000103905	0.000954753	1.1537e-06
0.538339	0.0114804	0.286279	0.000146623	-0.000844231	0.000527576
0.538338	0.0114862	0.286273	-0.000356895	0.00138406	-0.00146819
0.53834	0.0114864	0.286279	0.00038012	0.000985008	0.00059761
0.53834	0.0114819	0.286278	3.6988e-05	-0.000852588	0.000153308
0.53834	0.0114818	0.286276	-8.67472e-05	-0.000591843	-0.000868104
0.53834	0.0114849	0.286278	0.000273297	0.000635691	0.000193725
0.53834	0.0114848	0.286275	-0.000109155	0.000397292	-0.000613438
0.538339	0.0114845	0.286278	-1.52733e-05	-0.000216273	0.00049258
0.538338	0.0114822	0.286278	-0.000303101	-0.000652949	0.000440918
0.53834	0.0114866	0.286278	0.000385718	0.00109654	0.000533824
0.538339	0.0114819	0.286277	-5.49906e-05	-0.000791522	-4.06073e-07
0.538339	0.0114834	0.286278	-0.00032634	-3.94364e-05	7.73627e-05
0.538339	0.0114818	0.286277	-0.00021786	-0.000535258	-0.000394076
0.538339	0.0114819	0.286278	0.000174269	-0.000335719	0.000128512
0.538338	0.0114833	0.286275	-0.000256154	0.000244733	-0.000793815
0.538338	0.0114848	0.286274	-0.000210972	0.000662899	-0.000552443
0.53834	0.0114864	0.286277	0.000589366	0.000997348	0.000912981
0.538339	0.0114864	0.286277	4.01472e-05	0.000642215	0.000191302
0.538339	0.0114818	0.286277	-0.000211966	-0.00108056	0.000302091
0.538338	0.0114833	0.286276	-0.000184876	-0.000225409	0.000139433
0.538338	0.0114848	0.286277	-0.000104334	0.000352616	0.000116155
0.538339	0.0114833	0.286276	0.000146734	-0.000265225	-0.000531057
0.538339	0.0114833	0.286275	0.000160632	-0.000173624	-0.000304704
0.538338	0.0114833	0.286276	-8.49914e-05	-0.00351768	4.48652e-05
0.538338	0.0114875	0.286276	-4.3083e-05	-0.00162555	4.46913e-05
0.53834	0.0114868	0.286279	0.000591611	-0.00124077	0.00122058
0.538339	0.0114846	0.286276	0.000124065	-0.00201687	2.85393e-05
0.538339	0.0114867	0.286274	0.000235966	-0.000464301	-0.00062031
0.538339	0.0114849	0.286276	-9.54554e-05	-0.000900535	0.000141928
0.538338	0.0114848	0.286274	-7.6271e-05	-0.000678227	-0.000387184
0.538339	0.0114879	0.286279	4.8294e-05	0.000517642	0.000765851
0.538338	0.0114875	0.286278	-0.000231898	-0.000202617	0.000628432
0.53834	0.0114853	0.286279	0.000418737	-0.00062955	0.000668735
0.53834	0.0114895	0.28628	-3.30253e-05	0.00104201	0.000504942
0.538338	0.0114863	0.286275	-0.000441295	-0.000369746	-0.00146061
0.538339	0.0114864	0.28628	0.000139831	-0.000218617	0.000381838
0.538339	0.0114864	0.286278	-9.77245e-06	-0.000158753	-0.00026338
0.538339	0.0114834	0.286278	1.49297e-05	-0.00111509	-0.000175296
0.538339	0.0114863	0.286278	-0.000286925	0.000240304	-2.65462e-07
0.538339	0.0114863	0.286276	-0.00014105	0.000144468	-0.000415676
0.538337	0.0114828	0.286275	-0.000725597	-0.00144878	-0.00102453
0.53834	0.0114883	0.286281	0.000475031	0.00111734	0.00134418
0.538339	0.0114835	0.286278	0.000269378	-0.000775235	-2.21766e-05
0.538339	0.0114848	0.286276	-0.000194401	-5.20588e-05	-0.00091359
0.538339	0.011483	0.286276	-2.9554e-05	-0.0010252	-5.58598e-05
0.53834	0.0114865	0.28628	0.000317367	0.000348442	0.000803484
0.538341	0.0114866	0.286278	0.000443484	0.000234545	-8.83936e-05
0.538341	0.0114867	0.28628	0.000655667	0.000186697	0.000801196
0.538339	0.0114885	0.286278	-0.000275443	0.00108882	0.000183843
0.538338	0.011482	0.286278	-0.000635214	-0.00130575	-1.85944e-05
0.538339	0.0114834	0.286279	-8.67426e-05	-0.000350843	0.000382693
0.538338	0.0114878	0.286278	-0.000163155	0.00125584	-0.000275746
0.538339	0.0114864	0.286278	0.000156981	0.000359878	0.000138646
0.538338	0.0114833	0.286276	-0.000232405	-0.000792727	-0.000748261
0.538339	0.0114864	0.286277	0.00016952	0.000495383	-0.000123183
0.538339	0.0114834	0.286275	9.21677e-05	-0.000679092	-0.000570376
0.538341	0.011482	0.286279	0.000433736	-0.00092459	0.000499272
0.538341	0.0114835	0.286279	0.000311755	-0.000115107	0.000358966
0.538336	0.0114846	0.286273	-0.00107595	0.000333603	-0.00126741
0.538339	0.0114864	0.286278	9.08888e-05	0.00416438	0.000221186
0.53834	0.0114834	0.286276	0.000127748	0.00204851	-0.000248823
0.538339	0.0114863	0.286276	-0.000284124	0.00256341	-0.00015698
0.538341	0.0114891	0.286278	0.000411327	0.00579579	0.000556854
0.53834	0.0114807	0.286278	1.78092e-05	0.00175686	0.000511597
0.538339	0.011488	0.286278	-5.35633e-05	0.00396932	0.000274693
0.538338	0.0114859	0.286274	-0.000453464	0.00183269	-0.00117815
0.53834	0.011485	0.286277	0.000374939	0.000932793	-8.45668e-07
0.538339	0.0114853	0.286275	-8.15544e-05	0.00122769	-0.000375883
0.538338	0.0114862	0.286278	-0.000325085	0.000909562	0.000305984
0.538339	0.0114853	0.286276	7.79193e-05	0.00068096	-0.000353285
0.538339	0.0114861	0.286277	-0.000223373	0.000494594	-0.000101175
0.538339	0.0114838	0.286278	-0.000137541	-0.000129049	-4.91677e-05
0.538341	0.0114836	0.28628	0.000541646	-1.23465e-05	0.000690696
0.538339	0.0114846	0.286279	2.37525e-05	3.20521e-06	0.000546278
0.538338	0.0114841	0.286276	-0.000358565	0.000486581	-0.000535142
0.53834	0.0114832	0.286279	0.000450863	-0.000107421	0.000894201
0.53834	0.0114818	0.286278	-4.90309e-05	-0.000595503	-0.000264206
0.538339	0.0114833	0.286279	-0.00025644	9.75336e-05	-1.05512e-05
0.538339	0.0114818	0.286277	4.36032e-05	-0.000423872	-0.000635113
0.53834	0.0114849	0.286278	0.000365979	0.000748828	0.000417225
0.538339	0.0114819	0.286279	-0.000325001	-0.000529726	6.14056e-05
0.53834	0.0114848	0.286275	-4.41084e-05	0.000640365	-0.00102261
0.53834	0.0114863	0.286276	0.000279149	0.000959743	6.4574e-05
0.538338	0.0114844	0.286273	-0.000400195	-0.000411854	-0.00105195
0.53834	0.0114838	0.286278	7.93257e-05	-0.000222508	0.000994478
0.538339	0.0114834	0.286276	-0.00021317	-0.000179484	-0.000105153
0.538341	0.0114865	0.28628	0.000387216	0.00093416	0.00104371
0.53834	0.0114823	0.286281	6.98374e-05	-0.000388654	0.000900349
0.538341	0.0114857	0.286279	0.000299373	0.000244577	-1.71039e-05
0.538341	0.0114822	0.286278	0.00019099	-0.00083444	1.21766e-06
0.538339	0.0114849	0.286276	-0.000222464	0.00040845	-0.000852516
0.538339	0.0114835	0.286279	-0.000150068	-0.00027866	0.000333307
0.538338	0.0114849	0.286278	-0.000395377	0.000287228	-0.000123461
0.53834	0.011483	0.286277	6.45592e-05	-0.000802894	-0.000156046
0.538339	0.0114837	0.286276	-1.14631e-05	-4.79934e-05	-0.000611654
0.538339	0.0114881	0.286283	-0.000150083	0.00148961	0.00162295
0.538341	0.0114836	0.28628	0.000720212	-0.000478493	0.000283218
0.538338	0.0114863	0.286276	-0.000803322	0.00060246	-0.000872288
0.53834	0.0114861	0.286278	0.000143683	-5.52658e-05	0.000224162
0.538338	0.0114866	0.286274	-0.000317103	0.000416183	-0.00119886
0.53834	0.011485	0.286277	0.000447618	-0.000166413	0.000409442
0.538339	0.0114849	0.286278	8.54793e-05	-0.000123582	0.000438747
0.538339	0.0114875	0.286274	-0.000140375	0.000388554	-0.0011922
0.538339	0.0114808	0.286279	-0.000178798	-0.00173203	0.000356823
0.538339	0.0114835	0.286277	6.90843e-05	-0.000144863	3.33429e-05
0.538339	0.0114849	0.286278	-0.000210749	0.000392334	0.000161863
0.538339	0.0114864	0.286278	-0.000194987	0.000750228	-0.000399724
0.53834	0.0114876	0.28628	0.000200468	0.000530873	0.000570396
0.53834	0.0114864	0.286279	0.00017553	-0.000143584	0.00042286
0.53834	0.0114885	0.286278	0.000340175	0.000913274	0.000122892
0.538339	0.0114849	0.286273	-0.000403276	-0.000451839	-0.0015207
0.538341	0.011485	0.286278	0.0004154	-0.000238503	0.000650821
0.538338	0.0114893	0.286276	-0.000362529	0.00129488	-0.000341812
0.538339	0.0114861	0.28628	-0.000151933	-0.000610623	0.000799999
0.53834	0.0114838	0.286279	0.000492306	-0.000886824	0.000307285
0.538339	0.011485	0.286278	-2.25824e-05	-0.000102577	0.000252516
0.538338	0.0114889	0.286273	-0.000490822	0.00086681	-0.00210382
0.53834	0.0114853	0.286279	0.000150176	-0.000360025	0.000889029
0.538341	0.0114836	0.286281	0.000746489	-0.00069534	0.00133637
0.53834	0.011485	0.286278	0.000154879	4.8085e-06	3.46489e-05
0.53834	0.0114864	0.286278	0.00020975	-0.00289169	0.000181134
0.538339	0.0114833	0.286278	-0.000423805	-0.0032468	-0.000104261
0.53834	0.0114835	0.286282	0.000154438	-0.00233266	0.0013103
0.538339	0.0114891	0.286278	-0.000104989	-0.000231679	-0.000208196
0.538339	0.0114897	0.286277	-4.81999e-05	0.000222026	-0.000110897
0.538337	0.0114878	0.286273	-0.000770527	-0.000506245	-0.00183324
0.538339	0.0114875	0.286277	-3.30628e-05	-0.000860667	0.000216914
0.538339	0.0114883	0.286279	0.000251486	-0.000104556	0.000472904
0.538338	0.0114864	0.286274	-0.000221268	-0.000648785	-0.00101223
0.538339	0.0114878	0.286274	-0.000197086	2.8934e-05	-0.00113253
0.538339	0.0114848	0.286275	-6.99195e-05	-0.000989781	-0.000295398
0.538341	0.0114864	0.286277	0.000610398	-0.000134264	0.000554129
0.538339	0.011486	0.286276	0.000145521	-0.000611695	0.000525061
0.538339	0.0114882	0.286276	7.25797e-05	0.000581053	0.000311629
0.538339	0.011485	0.286279	0.000120969	-0.000596618	0.00115838
0.538338	0.0114818	0.286274	1.21671e-05	-0.00143109	-0.000627422
0.538339	0.011486	0.286275	1.47525e-05	3.90087e-05	-0.000414272
0.538338	0.0114821	0.286275	-0.000307245	-0.000986268	-0.00020903
0.538339	0.0114834	0.286276	0.000102431	-0.000137915	0.000232565
0.53834	0.011486	0.286277	0.000375514	0.000426633	0.000526957
0.538341	0.0114838	0.286279	0.000303186	-0.000206237	0.000839608
0.53834	0.0114835	0.286279	-0.000114031	-0.000158286	0.000207301
0.538339	0.0114834	0.28628	-0.000351707	-0.000118204	0.000254642
0.538339	0.0114849	0.286278	-0.000288958	0.000407913	-0.000337838
0.53834	0.0114864	0.28628	0.000112937	0.000795982	0.000127218
0.538339	0.0114803	0.286277	1.06953e-05	-0.0014888	-0.000837364
0.538338	0.0114817	0.286275	-0.000572565	-0.00053125	-0.000848547
0.538342	0.0114835	0.28628	0.000880785	0.000237863	0.00094101
0.538338	0.0114818	0.286277	-0.00028034	-0.000397513	2.62181e-05
0.53834	0.011485	0.286281	0.000466318	0.00078556	0.00121067
0.538337	0.0114818	0.286276	-0.000735594	-0.000559183	-0.00127229
0.538338	0.0114844	0.286276	-0.000193797	0.000136415	-0.000957844
0.538338	0.0114837	0.286276	-0.000118602	0.000101817	-0.000157061
0.538338	0.0114833	0.286273	-0.000127613	4.78199e-05	-0.00102563
0.53834	0.0114801	0.286277	0.000349861	-0.00142348	0.000673906
0.53834	0.0114808	0.28628	0.00058095	-0.000416277	0.00128997
0.53834	0.011482	0.286278	-1.99555e-05	0.000186976	-6.49925e-05
0.538339	0.0114834	0.286278	-0.000371364	0.000602183	-0.000438395
0.538339	0.0114849	0.286278	-0.000188186	0.000911953	0.000199829
0.538339	0.0114848	0.286276	-0.000134384	0.000597734	-0.000328902
0.53834	0.0114834	0.286278	0.00052686	-5.87386e-05	0.000537063
0.53834	0.011485	0.286279	0.000381105	0.000473249	0.000826889
0.538339	0.0114834	0.286279	-0.000337776	-0.000230023	-0.000166269
0.538338	0.0114832	0.286275	-0.000644668	-0.00018588	-0.000981521
0.538339	0.0114834	0.286279	-1.02963e-05	-9.13919e-05	0.00021633
0.53834	0.0114834	0.286279	0.000277779	-3.71361e-05	0.00048991
0.53834	0.0114834	0.286276	7.13421e-05	-4.31123e-05	-0.000673151
0.538339	0.0114833	0.286276	0.00011923	-2.20738e-05	6.27482e-05
0.538342	0.011482	0.28628	0.000725876	-0.000468481	0.000785498
0.538341	0.0114805	0.286279	0.000148822	-0.000834832	0.000147989
0.538338	0.0114818	0.286275	-0.000597717	-0.000119015	-0.00154948
0.538338	0.0114859	0.286277	-0.000328752	0.000947058	0.000340354
0.53834	0.011485	0.286278	0.000414596	0.00016584	0.000505553
0.53834	0.0114825	0.286279	0.000287087	-0.000385659	0.000337006
0.538341	0.0114852	0.286281	0.000521134	0.000760742	0.000622675
0.538338	0.0114833	0.286272	-0.000749336	-8.58827e-05	-0.00212309
0.53834	0.0114834	0.286275	0.00011388	-4.89927e-06	-0.000252205
0.53834	0.0114849	0.286275	0.000100179	0.000498463	-0.000122636
0.538342	0.0114862	0.286282	0.000505195	0.000379766	0.00168668
0.538339	0.0114883	0.286277	-0.00037832	0.00118974	-0.000611297
0.538339	0.011485	0.286279	-0.000461842	-0.000280387	0.000236559
0.538338	0.0114848	0.286275	-0.000430209	-0.00022077	-0.00125819
0.538339	0.0114879	0.286278	0.000130272	0.000896758	0.000929657
0.538339	0.0114849	0.286277	-1.42901e-05	0.0029704	3.88574e-05
0.538339	0.0114863	0.286275	-0.00013214	0.00274755	-0.00052263
0.538337	0.0114877	0.286272	-0.000367127	0.00250978	-0.00113116
0.538339	0.011489	0.286276	8.65095e-05	0.00187195	0.000489902
0.538338	0.0114866	0.286274	-0.000231862	0.000833816	-0.000488738
0.53834	0.011482	0.286278	0.000556438	-0.000795333	0.000941375
0.538339	0.0114878	0.286277	-0.000284557	0.00148467	-0.000153563
0.538339	0.0114879	0.286277	6.58048e-05	0.00106253	0.000237531
0.538339	0.0114848	0.286277	-0.000250255	-0.000272743	-0.000176196
0.538339	0.0114831	0.28628	0.000173867	0.00228062	0.00111746
0.538341	0.0114823	0.286278	0.000340253	0.00182177	0.000109155
0.53834	0.011485	0.286277	-0.00016012	0.00241089	-0.000796187
0.538339	0.0114834	0.286277	-0.000376027	0.00126458	-0.000420992
0.538341	0.0114895	0.286281	0.000348508	0.00302442	0.000884292
0.53834	0.0114875	0.286278	-7.7501e-05	0.00108302	-0.000231705
0.53834	0.0114853	0.286278	-7.88563e-06	0.000295033	-0.000111755
0.53834	0.0114876	0.286276	-6.11173e-05	0.000736116	-0.000584209
0.538339	0.0114883	0.286278	3.02773e-05	0.0010538	0.000566055
0.538339	0.011488	0.286276	-8.55011e-05	0.000722978	-0.000161431
0.538339	0.0114834	0.286278	4.04686e-05	-0.000998005	-2.03358e-05
0.538339	0.0114864	0.28628	-0.000189483	0.00035782	0.00103995
0.538339	0.0114875	0.286276	-0.00025308	0.00022461	-0.000771997
0.538339	0.0114852	0.286276	6.689e-05	-0.000316444	-0.000179939
0.538341	0.0114877	0.286279	0.00041109	0.000319797	0.000262172
0.538341	0.0114854	0.286279	0.000604044	-0.00026517	0.000565852
0.538338	0.0114833	0.286273	-0.00083754	-0.00076599	-0.0015492
0.538339	0.0114864	0.286279	-0.000168244	0.000546441	0.000741657
0.538341	0.0114895	0.286281	0.000744587	0.00141696	0.00109552
0.538341	0.011485	0.28628	0.000563234	-0.000551845	0.000775796
0.53834	0.0114815	0.286277	-0.000298676	-0.00191608	-0.00068279
0.538338	0.0114851	0.286272	-0.000323507	0.000189942	-0.00188378
0.53834	0.011482	0.286277	-0.00014416	-0.000851115	-0.000315572
0.538341	0.0114835	0.286277	0.000207751	-4.6507e-05	0.000122673
0.538339	0.0114879	0.286276	-0.000179772	0.00144681	-0.00028333
0.538342	0.0114861	0.286279	0.000538821	7.24932e-06	0.000574188
0.53834	0.0114823	0.286277	3.11275e-05	-0.0010121	4.16082e-06
0.538339	0.011485	0.286279	-0.000172985	0.000323683	0.000637407
0.53834	0.011485	0.286279	6.63589e-05	0.000224147	0.000216573
0.538339	0.0114803	0.286275	-0.000535578	-0.00140246	-0.000999424
0.538341	0.0114849	0.286278	0.000183947	0.000609884	2.80084e-05
0.538341	0.011482	0.28628	0.000248859	-0.000584156	0.000556305
0.538339	0.0114818	0.286277	-0.000185173	-0.000409874	-2.71179e-05
0.538341	0.0114861	0.286279	0.00045973	0.000768087	0.000683001
0.538338	0.0114837	0.286274	-0.000678589	-6.24952e-05	-0.00114844
0.538339	0.0114865	0.286277	-0.00040369	0.000965333	-0.000273513
0.538338	0.0114863	0.286277	-0.000235859	0.00064684	-0.000156239
0.538338	0.0114848	0.286275	-0.000146599	-7.01676e-05	-0.000104143
0.53834	0.0114864	0.286279	0.000464538	0.000495727	0.000624897
0.538341	0.011482	0.28628	0.00041671	-0.00115532	0.00096683
0.538341	0.011482	0.286278	0.000206108	-0.000780251	0.000133067
0.538341	0.0114879	0.286278	0.000152524	0.00147441	7.99499e-05
0.538339	0.0114833	0.286275	-0.000572477	-0.000569904	-0.0011466
0.53834	0.0114848	0.286276	-4.12103e-05	0.000141692	-0.000366433
0.538342	0.0114836	0.286282	0.000710501	-0.00032768	0.00191862
0.538339	0.0114878	0.286276	-0.00028168	0.00121442	-0.000479872
0.538339	0.0114833	0.286276	-0.000152491	-0.000689344	-0.000281141
0.538339	0.0114849	0.286277	-0.000112317	4.00267e-05	-0.000187428
0.538339	0.0114849	0.286276	-8.54564e-05	1.73298e-05	-0.000606467
0.538337	0.0114874	0.286274	-0.000701712	0.000465988	-0.00112858
0.538339	0.0114852	0.286276	0.000115806	-0.000144463	-5.80848e-05
0.538337	0.0114848	0.286275	-0.000486805	-0.000128985	-0.000270924
